Time (ms)	Sweep 1	Sweep 2	Sweep 3	Sweep 4	Sweep 5	Sweep 6	Sweep 7	Sweep 8	Sweep 9	Sweep 10	Sweep 11	Sweep 12	Sweep 13	Sweep 14	Sweep 15	Sweep 16	Sweep 17	Sweep 18	Sweep 19	Sweep 20
0	-1.777399E-12	-1.777399E-12	-1.777399E-12	-1.777399E-12	-1.777399E-12	-1.777399E-12	-1.777399E-12	-1.777399E-12	-1.777399E-12	-1.777399E-12	-1.777399E-12	-1.777399E-12	-1.777399E-12	-1.777399E-12	-1.777399E-12	-1.777399E-12	-1.777399E-12	-1.777399E-12	-1.777399E-12	-1.777399E-12
0.65	-1.772616E-12	-1.772616E-12	-1.772616E-12	-1.772616E-12	-1.772616E-12	-1.772616E-12	-1.772616E-12	-1.772616E-12	-1.772616E-12	-1.772616E-12	-1.772616E-12	-1.772616E-12	-1.772616E-12	-1.772616E-12	-1.772616E-12	-1.772616E-12	-1.772616E-12	-1.772616E-12	-1.772616E-12	-1.772616E-12
1.3	-1.767781E-12	-1.767781E-12	-1.767781E-12	-1.767781E-12	-1.767781E-12	-1.767781E-12	-1.767781E-12	-1.767781E-12	-1.767781E-12	-1.767781E-12	-1.767781E-12	-1.767781E-12	-1.767781E-12	-1.767781E-12	-1.767781E-12	-1.767781E-12	-1.767781E-12	-1.767781E-12	-1.767781E-12	-1.767781E-12
1.95	-1.762951E-12	-1.762951E-12	-1.762951E-12	-1.762951E-12	-1.762951E-12	-1.762951E-12	-1.762951E-12	-1.762951E-12	-1.762951E-12	-1.762951E-12	-1.762951E-12	-1.762951E-12	-1.762951E-12	-1.762951E-12	-1.762951E-12	-1.762951E-12	-1.762951E-12	-1.762951E-12	-1.762951E-12	-1.762951E-12
2.6	-1.75816E-12	-1.75816E-12	-1.75816E-12	-1.75816E-12	-1.75816E-12	-1.75816E-12	-1.75816E-12	-1.75816E-12	-1.75816E-12	-1.75816E-12	-1.75816E-12	-1.75816E-12	-1.75816E-12	-1.75816E-12	-1.75816E-12	-1.75816E-12	-1.75816E-12	-1.75816E-12	-1.75816E-12	-1.75816E-12
3.25	-1.753427E-12	-1.753427E-12	-1.753427E-12	-1.753427E-12	-1.753427E-12	-1.753427E-12	-1.753427E-12	-1.753427E-12	-1.753427E-12	-1.753427E-12	-1.753427E-12	-1.753427E-12	-1.753427E-12	-1.753427E-12	-1.753427E-12	-1.753427E-12	-1.753427E-12	-1.753427E-12	-1.753427E-12	-1.753427E-12
3.9	-1.748762E-12	-1.748762E-12	-1.748762E-12	-1.748762E-12	-1.748762E-12	-1.748762E-12	-1.748762E-12	-1.748762E-12	-1.748762E-12	-1.748762E-12	-1.748762E-12	-1.748762E-12	-1.748762E-12	-1.748762E-12	-1.748762E-12	-1.748762E-12	-1.748762E-12	-1.748762E-12	-1.748762E-12	-1.748762E-12
4.55	-1.744172E-12	-1.744172E-12	-1.744172E-12	-1.744172E-12	-1.744172E-12	-1.744172E-12	-1.744172E-12	-1.744172E-12	-1.744172E-12	-1.744172E-12	-1.744172E-12	-1.744172E-12	-1.744172E-12	-1.744172E-12	-1.744172E-12	-1.744172E-12	-1.744172E-12	-1.744172E-12	-1.744172E-12	-1.744172E-12
5.2	-1.739659E-12	-1.739659E-12	-1.739659E-12	-1.739659E-12	-1.739659E-12	-1.739659E-12	-1.739659E-12	-1.739659E-12	-1.739659E-12	-1.739659E-12	-1.739659E-12	-1.739659E-12	-1.739659E-12	-1.739659E-12	-1.739659E-12	-1.739659E-12	-1.739659E-12	-1.739659E-12	-1.739659E-12	-1.739659E-12
5.85	-1.735225E-12	-1.735225E-12	-1.735225E-12	-1.735225E-12	-1.735225E-12	-1.735225E-12	-1.735225E-12	-1.735225E-12	-1.735225E-12	-1.735225E-12	-1.735225E-12	-1.735225E-12	-1.735225E-12	-1.735225E-12	-1.735225E-12	-1.735225E-12	-1.735225E-12	-1.735225E-12	-1.735225E-12	-1.735225E-12
6.5	-1.730868E-12	-1.730868E-12	-1.730868E-12	-1.730868E-12	-1.730868E-12	-1.730868E-12	-1.730868E-12	-1.730868E-12	-1.730868E-12	-1.730868E-12	-1.730868E-12	-1.730868E-12	-1.730868E-12	-1.730868E-12	-1.730868E-12	-1.730868E-12	-1.730868E-12	-1.730868E-12	-1.730868E-12	-1.730868E-12
7.15	-1.72659E-12	-1.72659E-12	-1.72659E-12	-1.72659E-12	-1.72659E-12	-1.72659E-12	-1.72659E-12	-1.72659E-12	-1.72659E-12	-1.72659E-12	-1.72659E-12	-1.72659E-12	-1.72659E-12	-1.72659E-12	-1.72659E-12	-1.72659E-12	-1.72659E-12	-1.72659E-12	-1.72659E-12	-1.72659E-12
7.8	-1.722388E-12	-1.722388E-12	-1.722388E-12	-1.722388E-12	-1.722388E-12	-1.722388E-12	-1.722388E-12	-1.722388E-12	-1.722388E-12	-1.722388E-12	-1.722388E-12	-1.722388E-12	-1.722388E-12	-1.722388E-12	-1.722388E-12	-1.722388E-12	-1.722388E-12	-1.722388E-12	-1.722388E-12	-1.722388E-12
8.45	-1.718262E-12	-1.718262E-12	-1.718262E-12	-1.718262E-12	-1.718262E-12	-1.718262E-12	-1.718262E-12	-1.718262E-12	-1.718262E-12	-1.718262E-12	-1.718262E-12	-1.718262E-12	-1.718262E-12	-1.718262E-12	-1.718262E-12	-1.718262E-12	-1.718262E-12	-1.718262E-12	-1.718262E-12	-1.718262E-12
9.1	-1.714211E-12	-1.714211E-12	-1.714211E-12	-1.714211E-12	-1.714211E-12	-1.714211E-12	-1.714211E-12	-1.714211E-12	-1.714211E-12	-1.714211E-12	-1.714211E-12	-1.714211E-12	-1.714211E-12	-1.714211E-12	-1.714211E-12	-1.714211E-12	-1.714211E-12	-1.714211E-12	-1.714211E-12	-1.714211E-12
9.75	-1.710233E-12	-1.710233E-12	-1.710233E-12	-1.710233E-12	-1.710233E-12	-1.710233E-12	-1.710233E-12	-1.710233E-12	-1.710233E-12	-1.710233E-12	-1.710233E-12	-1.710233E-12	-1.710233E-12	-1.710233E-12	-1.710233E-12	-1.710233E-12	-1.710233E-12	-1.710233E-12	-1.710233E-12	-1.710233E-12
10.4	-1.706327E-12	-1.706327E-12	-1.706327E-12	-1.706327E-12	-1.706327E-12	-1.706327E-12	-1.706327E-12	-1.706327E-12	-1.706327E-12	-1.706327E-12	-1.706327E-12	-1.706327E-12	-1.706327E-12	-1.706327E-12	-1.706327E-12	-1.706327E-12	-1.706327E-12	-1.706327E-12	-1.706327E-12	-1.706327E-12
11.05	-1.702492E-12	-1.702492E-12	-1.702492E-12	-1.702492E-12	-1.702492E-12	-1.702492E-12	-1.702492E-12	-1.702492E-12	-1.702492E-12	-1.702492E-12	-1.702492E-12	-1.702492E-12	-1.702492E-12	-1.702492E-12	-1.702492E-12	-1.702492E-12	-1.702492E-12	-1.702492E-12	-1.702492E-12	-1.702492E-12
11.7	-1.698726E-12	-1.698726E-12	-1.698726E-12	-1.698726E-12	-1.698726E-12	-1.698726E-12	-1.698726E-12	-1.698726E-12	-1.698726E-12	-1.698726E-12	-1.698726E-12	-1.698726E-12	-1.698726E-12	-1.698726E-12	-1.698726E-12	-1.698726E-12	-1.698726E-12	-1.698726E-12	-1.698726E-12	-1.698726E-12
12.35	-1.695029E-12	-1.695029E-12	-1.695029E-12	-1.695029E-12	-1.695029E-12	-1.695029E-12	-1.695029E-12	-1.695029E-12	-1.695029E-12	-1.695029E-12	-1.695029E-12	-1.695029E-12	-1.695029E-12	-1.695029E-12	-1.695029E-12	-1.695029E-12	-1.695029E-12	-1.695029E-12	-1.695029E-12	-1.695029E-12
13	-1.691399E-12	-1.691399E-12	-1.691399E-12	-1.691399E-12	-1.691399E-12	-1.691399E-12	-1.691399E-12	-1.691399E-12	-1.691399E-12	-1.691399E-12	-1.691399E-12	-1.691399E-12	-1.691399E-12	-1.691399E-12	-1.691399E-12	-1.691399E-12	-1.691399E-12	-1.691399E-12	-1.691399E-12	-1.691399E-12
13.65	-1.687834E-12	-1.687834E-12	-1.687834E-12	-1.687834E-12	-1.687834E-12	-1.687834E-12	-1.687834E-12	-1.687834E-12	-1.687834E-12	-1.687834E-12	-1.687834E-12	-1.687834E-12	-1.687834E-12	-1.687834E-12	-1.687834E-12	-1.687834E-12	-1.687834E-12	-1.687834E-12	-1.687834E-12	-1.687834E-12
14.3	-1.684335E-12	-1.684335E-12	-1.684335E-12	-1.684335E-12	-1.684335E-12	-1.684335E-12	-1.684335E-12	-1.684335E-12	-1.684335E-12	-1.684335E-12	-1.684335E-12	-1.684335E-12	-1.684335E-12	-1.684335E-12	-1.684335E-12	-1.684335E-12	-1.684335E-12	-1.684335E-12	-1.684335E-12	-1.684335E-12
14.95	-1.680898E-12	-1.680898E-12	-1.680898E-12	-1.680898E-12	-1.680898E-12	-1.680898E-12	-1.680898E-12	-1.680898E-12	-1.680898E-12	-1.680898E-12	-1.680898E-12	-1.680898E-12	-1.680898E-12	-1.680898E-12	-1.680898E-12	-1.680898E-12	-1.680898E-12	-1.680898E-12	-1.680898E-12	-1.680898E-12
15.6	-1.677524E-12	-1.677524E-12	-1.677524E-12	-1.677524E-12	-1.677524E-12	-1.677524E-12	-1.677524E-12	-1.677524E-12	-1.677524E-12	-1.677524E-12	-1.677524E-12	-1.677524E-12	-1.677524E-12	-1.677524E-12	-1.677524E-12	-1.677524E-12	-1.677524E-12	-1.677524E-12	-1.677524E-12	-1.677524E-12
16.25	-1.674212E-12	-1.674212E-12	-1.674212E-12	-1.674212E-12	-1.674212E-12	-1.674212E-12	-1.674212E-12	-1.674212E-12	-1.674212E-12	-1.674212E-12	-1.674212E-12	-1.674212E-12	-1.674212E-12	-1.674212E-12	-1.674212E-12	-1.674212E-12	-1.674212E-12	-1.674212E-12	-1.674212E-12	-1.674212E-12
16.9	-1.670959E-12	-1.670959E-12	-1.670959E-12	-1.670959E-12	-1.670959E-12	-1.670959E-12	-1.670959E-12	-1.670959E-12	-1.670959E-12	-1.670959E-12	-1.670959E-12	-1.670959E-12	-1.670959E-12	-1.670959E-12	-1.670959E-12	-1.670959E-12	-1.670959E-12	-1.670959E-12	-1.670959E-12	-1.670959E-12
17.55	-1.667765E-12	-1.667765E-12	-1.667765E-12	-1.667765E-12	-1.667765E-12	-1.667765E-12	-1.667765E-12	-1.667765E-12	-1.667765E-12	-1.667765E-12	-1.667765E-12	-1.667765E-12	-1.667765E-12	-1.667765E-12	-1.667765E-12	-1.667765E-12	-1.667765E-12	-1.667765E-12	-1.667765E-12	-1.667765E-12
18.2	-1.664629E-12	-1.664629E-12	-1.664629E-12	-1.664629E-12	-1.664629E-12	-1.664629E-12	-1.664629E-12	-1.664629E-12	-1.664629E-12	-1.664629E-12	-1.664629E-12	-1.664629E-12	-1.664629E-12	-1.664629E-12	-1.664629E-12	-1.664629E-12	-1.664629E-12	-1.664629E-12	-1.664629E-12	-1.664629E-12
18.85	-1.661551E-12	-1.661551E-12	-1.661551E-12	-1.661551E-12	-1.661551E-12	-1.661551E-12	-1.661551E-12	-1.661551E-12	-1.661551E-12	-1.661551E-12	-1.661551E-12	-1.661551E-12	-1.661551E-12	-1.661551E-12	-1.661551E-12	-1.661551E-12	-1.661551E-12	-1.661551E-12	-1.661551E-12	-1.661551E-12
19.5	-1.658528E-12	-1.658528E-12	-1.658528E-12	-1.658528E-12	-1.658528E-12	-1.658528E-12	-1.658528E-12	-1.658528E-12	-1.658528E-12	-1.658528E-12	-1.658528E-12	-1.658528E-12	-1.658528E-12	-1.658528E-12	-1.658528E-12	-1.658528E-12	-1.658528E-12	-1.658528E-12	-1.658528E-12	-1.658528E-12
20.15	-1.655559E-12	-1.655559E-12	-1.655559E-12	-1.655559E-12	-1.655559E-12	-1.655559E-12	-1.655559E-12	-1.655559E-12	-1.655559E-12	-1.655559E-12	-1.655559E-12	-1.655559E-12	-1.655559E-12	-1.655559E-12	-1.655559E-12	-1.655559E-12	-1.655559E-12	-1.655559E-12	-1.655559E-12	-1.655559E-12
20.8	-1.652645E-12	-1.652645E-12	-1.652645E-12	-1.652645E-12	-1.652645E-12	-1.652645E-12	-1.652645E-12	-1.652645E-12	-1.652645E-12	-1.652645E-12	-1.652645E-12	-1.652645E-12	-1.652645E-12	-1.652645E-12	-1.652645E-12	-1.652645E-12	-1.652645E-12	-1.652645E-12	-1.652645E-12	-1.652645E-12
21.45	-1.649783E-12	-1.649783E-12	-1.649783E-12	-1.649783E-12	-1.649783E-12	-1.649783E-12	-1.649783E-12	-1.649783E-12	-1.649783E-12	-1.649783E-12	-1.649783E-12	-1.649783E-12	-1.649783E-12	-1.649783E-12	-1.649783E-12	-1.649783E-12	-1.649783E-12	-1.649783E-12	-1.649783E-12	-1.649783E-12
22.1	-1.646974E-12	-1.646974E-12	-1.646974E-12	-1.646974E-12	-1.646974E-12	-1.646974E-12	-1.646974E-12	-1.646974E-12	-1.646974E-12	-1.646974E-12	-1.646974E-12	-1.646974E-12	-1.646974E-12	-1.646974E-12	-1.646974E-12	-1.646974E-12	-1.646974E-12	-1.646974E-12	-1.646974E-12	-1.646974E-12
22.75	-1.644215E-12	-1.644215E-12	-1.644215E-12	-1.644215E-12	-1.644215E-12	-1.644215E-12	-1.644215E-12	-1.644215E-12	-1.644215E-12	-1.644215E-12	-1.644215E-12	-1.644215E-12	-1.644215E-12	-1.644215E-12	-1.644215E-12	-1.644215E-12	-1.644215E-12	-1.644215E-12	-1.644215E-12	-1.644215E-12
23.4	-1.641507E-12	-1.641507E-12	-1.641507E-12	-1.641507E-12	-1.641507E-12	-1.641507E-12	-1.641507E-12	-1.641507E-12	-1.641507E-12	-1.641507E-12	-1.641507E-12	-1.641507E-12	-1.641507E-12	-1.641507E-12	-1.641507E-12	-1.641507E-12	-1.641507E-12	-1.641507E-12	-1.641507E-12	-1.641507E-12
24.05	-1.638847E-12	-1.638847E-12	-1.638847E-12	-1.638847E-12	-1.638847E-12	-1.638847E-12	-1.638847E-12	-1.638847E-12	-1.638847E-12	-1.638847E-12	-1.638847E-12	-1.638847E-12	-1.638847E-12	-1.638847E-12	-1.638847E-12	-1.638847E-12	-1.638847E-12	-1.638847E-12	-1.638847E-12	-1.638847E-12
24.7	-1.636236E-12	-1.636236E-12	-1.636236E-12	-1.636236E-12	-1.636236E-12	-1.636236E-12	-1.636236E-12	-1.636236E-12	-1.636236E-12	-1.636236E-12	-1.636236E-12	-1.636236E-12	-1.636236E-12	-1.636236E-12	-1.636236E-12	-1.636236E-12	-1.636236E-12	-1.636236E-12	-1.636236E-12	-1.636236E-12
25.35	-1.633672E-12	-1.633672E-12	-1.633672E-12	-1.633672E-12	-1.633672E-12	-1.633672E-12	-1.633672E-12	-1.633672E-12	-1.633672E-12	-1.633672E-12	-1.633672E-12	-1.633672E-12	-1.633672E-12	-1.633672E-12	-1.633672E-12	-1.633672E-12	-1.633672E-12	-1.633672E-12	-1.633672E-12	-1.633672E-12
26	-1.631155E-12	-1.631155E-12	-1.631155E-12	-1.631155E-12	-1.631155E-12	-1.631155E-12	-1.631155E-12	-1.631155E-12	-1.631155E-12	-1.631155E-12	-1.631155E-12	-1.631155E-12	-1.631155E-12	-1.631155E-12	-1.631155E-12	-1.631155E-12	-1.631155E-12	-1.631155E-12	-1.631155E-12	-1.631155E-12
26.65	-1.628683E-12	-1.628683E-12	-1.628683E-12	-1.628683E-12	-1.628683E-12	-1.628683E-12	-1.628683E-12	-1.628683E-12	-1.628683E-12	-1.628683E-12	-1.628683E-12	-1.628683E-12	-1.628683E-12	-1.628683E-12	-1.628683E-12	-1.628683E-12	-1.628683E-12	-1.628683E-12	-1.628683E-12	-1.628683E-12
27.3	-1.626256E-12	-1.626256E-12	-1.626256E-12	-1.626256E-12	-1.626256E-12	-1.626256E-12	-1.626256E-12	-1.626256E-12	-1.626256E-12	-1.626256E-12	-1.626256E-12	-1.626256E-12	-1.626256E-12	-1.626256E-12	-1.626256E-12	-1.626256E-12	-1.626256E-12	-1.626256E-12	-1.626256E-12	-1.626256E-12
27.95	-1.623873E-12	-1.623873E-12	-1.623873E-12	-1.623873E-12	-1.623873E-12	-1.623873E-12	-1.623873E-12	-1.623873E-12	-1.623873E-12	-1.623873E-12	-1.623873E-12	-1.623873E-12	-1.623873E-12	-1.623873E-12	-1.623873E-12	-1.623873E-12	-1.623873E-12	-1.623873E-12	-1.623873E-12	-1.623873E-12
28.6	-1.621534E-12	-1.621534E-12	-1.621534E-12	-1.621534E-12	-1.621534E-12	-1.621534E-12	-1.621534E-12	-1.621534E-12	-1.621534E-12	-1.621534E-12	-1.621534E-12	-1.621534E-12	-1.621534E-12	-1.621534E-12	-1.621534E-12	-1.621534E-12	-1.621534E-12	-1.621534E-12	-1.621534E-12	-1.621534E-12
29.25	-1.619237E-12	-1.619237E-12	-1.619237E-12	-1.619237E-12	-1.619237E-12	-1.619237E-12	-1.619237E-12	-1.619237E-12	-1.619237E-12	-1.619237E-12	-1.619237E-12	-1.619237E-12	-1.619237E-12	-1.619237E-12	-1.619237E-12	-1.619237E-12	-1.619237E-12	-1.619237E-12	-1.619237E-12	-1.619237E-12
29.9	-1.616981E-12	-1.616981E-12	-1.616981E-12	-1.616981E-12	-1.616981E-12	-1.616981E-12	-1.616981E-12	-1.616981E-12	-1.616981E-12	-1.616981E-12	-1.616981E-12	-1.616981E-12	-1.616981E-12	-1.616981E-12	-1.616981E-12	-1.616981E-12	-1.616981E-12	-1.616981E-12	-1.616981E-12	-1.616981E-12
30.55	-1.614766E-12	-1.614766E-12	-1.614766E-12	-1.614766E-12	-1.614766E-12	-1.614766E-12	-1.614766E-12	-1.614766E-12	-1.614766E-12	-1.614766E-12	-1.614766E-12	-1.614766E-12	-1.614766E-12	-1.614766E-12	-1.614766E-12	-1.614766E-12	-1.614766E-12	-1.614766E-12	-1.614766E-12	-1.614766E-12
31.2	-1.612592E-12	-1.612592E-12	-1.612592E-12	-1.612592E-12	-1.612592E-12	-1.612592E-12	-1.612592E-12	-1.612592E-12	-1.612592E-12	-1.612592E-12	-1.612592E-12	-1.612592E-12	-1.612592E-12	-1.612592E-12	-1.612592E-12	-1.612592E-12	-1.612592E-12	-1.612592E-12	-1.612592E-12	-1.612592E-12
31.85	-1.610457E-12	-1.610457E-12	-1.610457E-12	-1.610457E-12	-1.610457E-12	-1.610457E-12	-1.610457E-12	-1.610457E-12	-1.610457E-12	-1.610457E-12	-1.610457E-12	-1.610457E-12	-1.610457E-12	-1.610457E-12	-1.610457E-12	-1.610457E-12	-1.610457E-12	-1.610457E-12	-1.610457E-12	-1.610457E-12
32.5	-1.608361E-12	-1.608361E-12	-1.608361E-12	-1.608361E-12	-1.608361E-12	-1.608361E-12	-1.608361E-12	-1.608361E-12	-1.608361E-12	-1.608361E-12	-1.608361E-12	-1.608361E-12	-1.608361E-12	-1.608361E-12	-1.608361E-12	-1.608361E-12	-1.608361E-12	-1.608361E-12	-1.608361E-12	-1.608361E-12
33.15	-1.606302E-12	-1.606302E-12	-1.606302E-12	-1.606302E-12	-1.606302E-12	-1.606302E-12	-1.606302E-12	-1.606302E-12	-1.606302E-12	-1.606302E-12	-1.606302E-12	-1.606302E-12	-1.606302E-12	-1.606302E-12	-1.606302E-12	-1.606302E-12	-1.606302E-12	-1.606302E-12	-1.606302E-12	-1.606302E-12
33.8	-1.604282E-12	-1.604282E-12	-1.604282E-12	-1.604282E-12	-1.604282E-12	-1.604282E-12	-1.604282E-12	-1.604282E-12	-1.604282E-12	-1.604282E-12	-1.604282E-12	-1.604282E-12	-1.604282E-12	-1.604282E-12	-1.604282E-12	-1.604282E-12	-1.604282E-12	-1.604282E-12	-1.604282E-12	-1.604282E-12
34.45	-1.602297E-12	-1.602297E-12	-1.602297E-12	-1.602297E-12	-1.602297E-12	-1.602297E-12	-1.602297E-12	-1.602297E-12	-1.602297E-12	-1.602297E-12	-1.602297E-12	-1.602297E-12	-1.602297E-12	-1.602297E-12	-1.602297E-12	-1.602297E-12	-1.602297E-12	-1.602297E-12	-1.602297E-12	-1.602297E-12
35.1	-1.600349E-12	-1.600349E-12	-1.600349E-12	-1.600349E-12	-1.600349E-12	-1.600349E-12	-1.600349E-12	-1.600349E-12	-1.600349E-12	-1.600349E-12	-1.600349E-12	-1.600349E-12	-1.600349E-12	-1.600349E-12	-1.600349E-12	-1.600349E-12	-1.600349E-12	-1.600349E-12	-1.600349E-12	-1.600349E-12
35.75	-1.598436E-12	-1.598436E-12	-1.598436E-12	-1.598436E-12	-1.598436E-12	-1.598436E-12	-1.598436E-12	-1.598436E-12	-1.598436E-12	-1.598436E-12	-1.598436E-12	-1.598436E-12	-1.598436E-12	-1.598436E-12	-1.598436E-12	-1.598436E-12	-1.598436E-12	-1.598436E-12	-1.598436E-12	-1.598436E-12
36.4	-1.596558E-12	-1.596558E-12	-1.596558E-12	-1.596558E-12	-1.596558E-12	-1.596558E-12	-1.596558E-12	-1.596558E-12	-1.596558E-12	-1.596558E-12	-1.596558E-12	-1.596558E-12	-1.596558E-12	-1.596558E-12	-1.596558E-12	-1.596558E-12	-1.596558E-12	-1.596558E-12	-1.596558E-12	-1.596558E-12
37.05	-1.594714E-12	-1.594714E-12	-1.594714E-12	-1.594714E-12	-1.594714E-12	-1.594714E-12	-1.594714E-12	-1.594714E-12	-1.594714E-12	-1.594714E-12	-1.594714E-12	-1.594714E-12	-1.594714E-12	-1.594714E-12	-1.594714E-12	-1.594714E-12	-1.594714E-12	-1.594714E-12	-1.594714E-12	-1.594714E-12
37.7	-1.592903E-12	-1.592903E-12	-1.592903E-12	-1.592903E-12	-1.592903E-12	-1.592903E-12	-1.592903E-12	-1.592903E-12	-1.592903E-12	-1.592903E-12	-1.592903E-12	-1.592903E-12	-1.592903E-12	-1.592903E-12	-1.592903E-12	-1.592903E-12	-1.592903E-12	-1.592903E-12	-1.592903E-12	-1.592903E-12
38.35	-1.591125E-12	-1.591125E-12	-1.591125E-12	-1.591125E-12	-1.591125E-12	-1.591125E-12	-1.591125E-12	-1.591125E-12	-1.591125E-12	-1.591125E-12	-1.591125E-12	-1.591125E-12	-1.591125E-12	-1.591125E-12	-1.591125E-12	-1.591125E-12	-1.591125E-12	-1.591125E-12	-1.591125E-12	-1.591125E-12
39	-1.58938E-12	-1.58938E-12	-1.58938E-12	-1.58938E-12	-1.58938E-12	-1.58938E-12	-1.58938E-12	-1.58938E-12	-1.58938E-12	-1.58938E-12	-1.58938E-12	-1.58938E-12	-1.58938E-12	-1.58938E-12	-1.58938E-12	-1.58938E-12	-1.58938E-12	-1.58938E-12	-1.58938E-12	-1.58938E-12
39.65	-1.587666E-12	-1.587666E-12	-1.587666E-12	-1.587666E-12	-1.587666E-12	-1.587666E-12	-1.587666E-12	-1.587666E-12	-1.587666E-12	-1.587666E-12	-1.587666E-12	-1.587666E-12	-1.587666E-12	-1.587666E-12	-1.587666E-12	-1.587666E-12	-1.587666E-12	-1.587666E-12	-1.587666E-12	-1.587666E-12
40.3	-1.585983E-12	-1.585983E-12	-1.585983E-12	-1.585983E-12	-1.585983E-12	-1.585983E-12	-1.585983E-12	-1.585983E-12	-1.585983E-12	-1.585983E-12	-1.585983E-12	-1.585983E-12	-1.585983E-12	-1.585983E-12	-1.585983E-12	-1.585983E-12	-1.585983E-12	-1.585983E-12	-1.585983E-12	-1.585983E-12
40.95	-1.58433E-12	-1.58433E-12	-1.58433E-12	-1.58433E-12	-1.58433E-12	-1.58433E-12	-1.58433E-12	-1.58433E-12	-1.58433E-12	-1.58433E-12	-1.58433E-12	-1.58433E-12	-1.58433E-12	-1.58433E-12	-1.58433E-12	-1.58433E-12	-1.58433E-12	-1.58433E-12	-1.58433E-12	-1.58433E-12
41.6	-1.582708E-12	-1.582708E-12	-1.582708E-12	-1.582708E-12	-1.582708E-12	-1.582708E-12	-1.582708E-12	-1.582708E-12	-1.582708E-12	-1.582708E-12	-1.582708E-12	-1.582708E-12	-1.582708E-12	-1.582708E-12	-1.582708E-12	-1.582708E-12	-1.582708E-12	-1.582708E-12	-1.582708E-12	-1.582708E-12
42.25	-1.581115E-12	-1.581115E-12	-1.581115E-12	-1.581115E-12	-1.581115E-12	-1.581115E-12	-1.581115E-12	-1.581115E-12	-1.581115E-12	-1.581115E-12	-1.581115E-12	-1.581115E-12	-1.581115E-12	-1.581115E-12	-1.581115E-12	-1.581115E-12	-1.581115E-12	-1.581115E-12	-1.581115E-12	-1.581115E-12
42.9	-1.579551E-12	-1.579551E-12	-1.579551E-12	-1.579551E-12	-1.579551E-12	-1.579551E-12	-1.579551E-12	-1.579551E-12	-1.579551E-12	-1.579551E-12	-1.579551E-12	-1.579551E-12	-1.579551E-12	-1.579551E-12	-1.579551E-12	-1.579551E-12	-1.579551E-12	-1.579551E-12	-1.579551E-12	-1.579551E-12
43.55	-1.578015E-12	-1.578015E-12	-1.578015E-12	-1.578015E-12	-1.578015E-12	-1.578015E-12	-1.578015E-12	-1.578015E-12	-1.578015E-12	-1.578015E-12	-1.578015E-12	-1.578015E-12	-1.578015E-12	-1.578015E-12	-1.578015E-12	-1.578015E-12	-1.578015E-12	-1.578015E-12	-1.578015E-12	-1.578015E-12
44.2	-1.576508E-12	-1.576508E-12	-1.576508E-12	-1.576508E-12	-1.576508E-12	-1.576508E-12	-1.576508E-12	-1.576508E-12	-1.576508E-12	-1.576508E-12	-1.576508E-12	-1.576508E-12	-1.576508E-12	-1.576508E-12	-1.576508E-12	-1.576508E-12	-1.576508E-12	-1.576508E-12	-1.576508E-12	-1.576508E-12
44.85	-1.575027E-12	-1.575027E-12	-1.575027E-12	-1.575027E-12	-1.575027E-12	-1.575027E-12	-1.575027E-12	-1.575027E-12	-1.575027E-12	-1.575027E-12	-1.575027E-12	-1.575027E-12	-1.575027E-12	-1.575027E-12	-1.575027E-12	-1.575027E-12	-1.575027E-12	-1.575027E-12	-1.575027E-12	-1.575027E-12
45.5	-1.573574E-12	-1.573574E-12	-1.573574E-12	-1.573574E-12	-1.573574E-12	-1.573574E-12	-1.573574E-12	-1.573574E-12	-1.573574E-12	-1.573574E-12	-1.573574E-12	-1.573574E-12	-1.573574E-12	-1.573574E-12	-1.573574E-12	-1.573574E-12	-1.573574E-12	-1.573574E-12	-1.573574E-12	-1.573574E-12
46.15	-1.572146E-12	-1.572146E-12	-1.572146E-12	-1.572146E-12	-1.572146E-12	-1.572146E-12	-1.572146E-12	-1.572146E-12	-1.572146E-12	-1.572146E-12	-1.572146E-12	-1.572146E-12	-1.572146E-12	-1.572146E-12	-1.572146E-12	-1.572146E-12	-1.572146E-12	-1.572146E-12	-1.572146E-12	-1.572146E-12
46.8	-1.570745E-12	-1.570745E-12	-1.570745E-12	-1.570745E-12	-1.570745E-12	-1.570745E-12	-1.570745E-12	-1.570745E-12	-1.570745E-12	-1.570745E-12	-1.570745E-12	-1.570745E-12	-1.570745E-12	-1.570745E-12	-1.570745E-12	-1.570745E-12	-1.570745E-12	-1.570745E-12	-1.570745E-12	-1.570745E-12
47.45	-1.569369E-12	-1.569369E-12	-1.569369E-12	-1.569369E-12	-1.569369E-12	-1.569369E-12	-1.569369E-12	-1.569369E-12	-1.569369E-12	-1.569369E-12	-1.569369E-12	-1.569369E-12	-1.569369E-12	-1.569369E-12	-1.569369E-12	-1.569369E-12	-1.569369E-12	-1.569369E-12	-1.569369E-12	-1.569369E-12
48.1	-1.568018E-12	-1.568018E-12	-1.568018E-12	-1.568018E-12	-1.568018E-12	-1.568018E-12	-1.568018E-12	-1.568018E-12	-1.568018E-12	-1.568018E-12	-1.568018E-12	-1.568018E-12	-1.568018E-12	-1.568018E-12	-1.568018E-12	-1.568018E-12	-1.568018E-12	-1.568018E-12	-1.568018E-12	-1.568018E-12
48.75	-1.566692E-12	-1.566692E-12	-1.566692E-12	-1.566692E-12	-1.566692E-12	-1.566692E-12	-1.566692E-12	-1.566692E-12	-1.566692E-12	-1.566692E-12	-1.566692E-12	-1.566692E-12	-1.566692E-12	-1.566692E-12	-1.566692E-12	-1.566692E-12	-1.566692E-12	-1.566692E-12	-1.566692E-12	-1.566692E-12
49.4	-1.565389E-12	-1.565389E-12	-1.565389E-12	-1.565389E-12	-1.565389E-12	-1.565389E-12	-1.565389E-12	-1.565389E-12	-1.565389E-12	-1.565389E-12	-1.565389E-12	-1.565389E-12	-1.565389E-12	-1.565389E-12	-1.565389E-12	-1.565389E-12	-1.565389E-12	-1.565389E-12	-1.565389E-12	-1.565389E-12
50.05	-1.56411E-12	-1.56411E-12	-1.56411E-12	-1.56411E-12	-1.56411E-12	-1.56411E-12	-1.56411E-12	-1.56411E-12	-1.56411E-12	-1.56411E-12	-1.56411E-12	-1.56411E-12	-1.56411E-12	-1.56411E-12	-1.56411E-12	-1.56411E-12	-1.56411E-12	-1.56411E-12	-1.56411E-12	-1.56411E-12
50.7	-1.562855E-12	-1.562855E-12	-1.562855E-12	-1.562855E-12	-1.562855E-12	-1.562855E-12	-1.562855E-12	-1.562855E-12	-1.562855E-12	-1.562855E-12	-1.562855E-12	-1.562855E-12	-1.562855E-12	-1.562855E-12	-1.562855E-12	-1.562855E-12	-1.562855E-12	-1.562855E-12	-1.562855E-12	-1.562855E-12
51.35	-1.561622E-12	-1.561622E-12	-1.561622E-12	-1.561622E-12	-1.561622E-12	-1.561622E-12	-1.561622E-12	-1.561622E-12	-1.561622E-12	-1.561622E-12	-1.561622E-12	-1.561622E-12	-1.561622E-12	-1.561622E-12	-1.561622E-12	-1.561622E-12	-1.561622E-12	-1.561622E-12	-1.561622E-12	-1.561622E-12
52	-1.560412E-12	-1.560412E-12	-1.560412E-12	-1.560412E-12	-1.560412E-12	-1.560412E-12	-1.560412E-12	-1.560412E-12	-1.560412E-12	-1.560412E-12	-1.560412E-12	-1.560412E-12	-1.560412E-12	-1.560412E-12	-1.560412E-12	-1.560412E-12	-1.560412E-12	-1.560412E-12	-1.560412E-12	-1.560412E-12
52.65	-1.559223E-12	-1.559223E-12	-1.559223E-12	-1.559223E-12	-1.559223E-12	-1.559223E-12	-1.559223E-12	-1.559223E-12	-1.559223E-12	-1.559223E-12	-1.559223E-12	-1.559223E-12	-1.559223E-12	-1.559223E-12	-1.559223E-12	-1.559223E-12	-1.559223E-12	-1.559223E-12	-1.559223E-12	-1.559223E-12
53.3	-1.558056E-12	-1.558056E-12	-1.558056E-12	-1.558056E-12	-1.558056E-12	-1.558056E-12	-1.558056E-12	-1.558056E-12	-1.558056E-12	-1.558056E-12	-1.558056E-12	-1.558056E-12	-1.558056E-12	-1.558056E-12	-1.558056E-12	-1.558056E-12	-1.558056E-12	-1.558056E-12	-1.558056E-12	-1.558056E-12
53.95	-1.55691E-12	-1.55691E-12	-1.55691E-12	-1.55691E-12	-1.55691E-12	-1.55691E-12	-1.55691E-12	-1.55691E-12	-1.55691E-12	-1.55691E-12	-1.55691E-12	-1.55691E-12	-1.55691E-12	-1.55691E-12	-1.55691E-12	-1.55691E-12	-1.55691E-12	-1.55691E-12	-1.55691E-12	-1.55691E-12
54.6	-1.555785E-12	-1.555785E-12	-1.555785E-12	-1.555785E-12	-1.555785E-12	-1.555785E-12	-1.555785E-12	-1.555785E-12	-1.555785E-12	-1.555785E-12	-1.555785E-12	-1.555785E-12	-1.555785E-12	-1.555785E-12	-1.555785E-12	-1.555785E-12	-1.555785E-12	-1.555785E-12	-1.555785E-12	-1.555785E-12
55.25	-1.554681E-12	-1.554681E-12	-1.554681E-12	-1.554681E-12	-1.554681E-12	-1.554681E-12	-1.554681E-12	-1.554681E-12	-1.554681E-12	-1.554681E-12	-1.554681E-12	-1.554681E-12	-1.554681E-12	-1.554681E-12	-1.554681E-12	-1.554681E-12	-1.554681E-12	-1.554681E-12	-1.554681E-12	-1.554681E-12
55.9	-1.553596E-12	-1.553596E-12	-1.553596E-12	-1.553596E-12	-1.553596E-12	-1.553596E-12	-1.553596E-12	-1.553596E-12	-1.553596E-12	-1.553596E-12	-1.553596E-12	-1.553596E-12	-1.553596E-12	-1.553596E-12	-1.553596E-12	-1.553596E-12	-1.553596E-12	-1.553596E-12	-1.553596E-12	-1.553596E-12
56.55	-1.552531E-12	-1.552531E-12	-1.552531E-12	-1.552531E-12	-1.552531E-12	-1.552531E-12	-1.552531E-12	-1.552531E-12	-1.552531E-12	-1.552531E-12	-1.552531E-12	-1.552531E-12	-1.552531E-12	-1.552531E-12	-1.552531E-12	-1.552531E-12	-1.552531E-12	-1.552531E-12	-1.552531E-12	-1.552531E-12
57.2	-1.551486E-12	-1.551486E-12	-1.551486E-12	-1.551486E-12	-1.551486E-12	-1.551486E-12	-1.551486E-12	-1.551486E-12	-1.551486E-12	-1.551486E-12	-1.551486E-12	-1.551486E-12	-1.551486E-12	-1.551486E-12	-1.551486E-12	-1.551486E-12	-1.551486E-12	-1.551486E-12	-1.551486E-12	-1.551486E-12
57.85	-1.550459E-12	-1.550459E-12	-1.550459E-12	-1.550459E-12	-1.550459E-12	-1.550459E-12	-1.550459E-12	-1.550459E-12	-1.550459E-12	-1.550459E-12	-1.550459E-12	-1.550459E-12	-1.550459E-12	-1.550459E-12	-1.550459E-12	-1.550459E-12	-1.550459E-12	-1.550459E-12	-1.550459E-12	-1.550459E-12
58.5	-1.549451E-12	-1.549451E-12	-1.549451E-12	-1.549451E-12	-1.549451E-12	-1.549451E-12	-1.549451E-12	-1.549451E-12	-1.549451E-12	-1.549451E-12	-1.549451E-12	-1.549451E-12	-1.549451E-12	-1.549451E-12	-1.549451E-12	-1.549451E-12	-1.549451E-12	-1.549451E-12	-1.549451E-12	-1.549451E-12
59.15	-1.548462E-12	-1.548462E-12	-1.548462E-12	-1.548462E-12	-1.548462E-12	-1.548462E-12	-1.548462E-12	-1.548462E-12	-1.548462E-12	-1.548462E-12	-1.548462E-12	-1.548462E-12	-1.548462E-12	-1.548462E-12	-1.548462E-12	-1.548462E-12	-1.548462E-12	-1.548462E-12	-1.548462E-12	-1.548462E-12
59.8	-1.54749E-12	-1.54749E-12	-1.54749E-12	-1.54749E-12	-1.54749E-12	-1.54749E-12	-1.54749E-12	-1.54749E-12	-1.54749E-12	-1.54749E-12	-1.54749E-12	-1.54749E-12	-1.54749E-12	-1.54749E-12	-1.54749E-12	-1.54749E-12	-1.54749E-12	-1.54749E-12	-1.54749E-12	-1.54749E-12
60.45	-1.546536E-12	-1.546536E-12	-1.546536E-12	-1.546536E-12	-1.546536E-12	-1.546536E-12	-1.546536E-12	-1.546536E-12	-1.546536E-12	-1.546536E-12	-1.546536E-12	-1.546536E-12	-1.546536E-12	-1.546536E-12	-1.546536E-12	-1.546536E-12	-1.546536E-12	-1.546536E-12	-1.546536E-12	-1.546536E-12
61.1	-1.545599E-12	-1.545599E-12	-1.545599E-12	-1.545599E-12	-1.545599E-12	-1.545599E-12	-1.545599E-12	-1.545599E-12	-1.545599E-12	-1.545599E-12	-1.545599E-12	-1.545599E-12	-1.545599E-12	-1.545599E-12	-1.545599E-12	-1.545599E-12	-1.545599E-12	-1.545599E-12	-1.545599E-12	-1.545599E-12
61.75	-1.544679E-12	-1.544679E-12	-1.544679E-12	-1.544679E-12	-1.544679E-12	-1.544679E-12	-1.544679E-12	-1.544679E-12	-1.544679E-12	-1.544679E-12	-1.544679E-12	-1.544679E-12	-1.544679E-12	-1.544679E-12	-1.544679E-12	-1.544679E-12	-1.544679E-12	-1.544679E-12	-1.544679E-12	-1.544679E-12
62.4	-1.543776E-12	-1.543776E-12	-1.543776E-12	-1.543776E-12	-1.543776E-12	-1.543776E-12	-1.543776E-12	-1.543776E-12	-1.543776E-12	-1.543776E-12	-1.543776E-12	-1.543776E-12	-1.543776E-12	-1.543776E-12	-1.543776E-12	-1.543776E-12	-1.543776E-12	-1.543776E-12	-1.543776E-12	-1.543776E-12
63.05	-1.542889E-12	-1.542889E-12	-1.542889E-12	-1.542889E-12	-1.542889E-12	-1.542889E-12	-1.542889E-12	-1.542889E-12	-1.542889E-12	-1.542889E-12	-1.542889E-12	-1.542889E-12	-1.542889E-12	-1.542889E-12	-1.542889E-12	-1.542889E-12	-1.542889E-12	-1.542889E-12	-1.542889E-12	-1.542889E-12
63.7	-1.542019E-12	-1.542019E-12	-1.542019E-12	-1.542019E-12	-1.542019E-12	-1.542019E-12	-1.542019E-12	-1.542019E-12	-1.542019E-12	-1.542019E-12	-1.542019E-12	-1.542019E-12	-1.542019E-12	-1.542019E-12	-1.542019E-12	-1.542019E-12	-1.542019E-12	-1.542019E-12	-1.542019E-12	-1.542019E-12
64.35	-1.541164E-12	-1.541164E-12	-1.541164E-12	-1.541164E-12	-1.541164E-12	-1.541164E-12	-1.541164E-12	-1.541164E-12	-1.541164E-12	-1.541164E-12	-1.541164E-12	-1.541164E-12	-1.541164E-12	-1.541164E-12	-1.541164E-12	-1.541164E-12	-1.541164E-12	-1.541164E-12	-1.541164E-12	-1.541164E-12
65	-1.540325E-12	-1.540325E-12	-1.540325E-12	-1.540325E-12	-1.540325E-12	-1.540325E-12	-1.540325E-12	-1.540325E-12	-1.540325E-12	-1.540325E-12	-1.540325E-12	-1.540325E-12	-1.540325E-12	-1.540325E-12	-1.540325E-12	-1.540325E-12	-1.540325E-12	-1.540325E-12	-1.540325E-12	-1.540325E-12
65.65	-1.5395E-12	-1.5395E-12	-1.5395E-12	-1.5395E-12	-1.5395E-12	-1.5395E-12	-1.5395E-12	-1.5395E-12	-1.5395E-12	-1.5395E-12	-1.5395E-12	-1.5395E-12	-1.5395E-12	-1.5395E-12	-1.5395E-12	-1.5395E-12	-1.5395E-12	-1.5395E-12	-1.5395E-12	-1.5395E-12
66.3	-1.538691E-12	-1.538691E-12	-1.538691E-12	-1.538691E-12	-1.538691E-12	-1.538691E-12	-1.538691E-12	-1.538691E-12	-1.538691E-12	-1.538691E-12	-1.538691E-12	-1.538691E-12	-1.538691E-12	-1.538691E-12	-1.538691E-12	-1.538691E-12	-1.538691E-12	-1.538691E-12	-1.538691E-12	-1.538691E-12
66.95	-1.537897E-12	-1.537897E-12	-1.537897E-12	-1.537897E-12	-1.537897E-12	-1.537897E-12	-1.537897E-12	-1.537897E-12	-1.537897E-12	-1.537897E-12	-1.537897E-12	-1.537897E-12	-1.537897E-12	-1.537897E-12	-1.537897E-12	-1.537897E-12	-1.537897E-12	-1.537897E-12	-1.537897E-12	-1.537897E-12
67.6	-1.537117E-12	-1.537117E-12	-1.537117E-12	-1.537117E-12	-1.537117E-12	-1.537117E-12	-1.537117E-12	-1.537117E-12	-1.537117E-12	-1.537117E-12	-1.537117E-12	-1.537117E-12	-1.537117E-12	-1.537117E-12	-1.537117E-12	-1.537117E-12	-1.537117E-12	-1.537117E-12	-1.537117E-12	-1.537117E-12
68.25	-1.536351E-12	-1.536351E-12	-1.536351E-12	-1.536351E-12	-1.536351E-12	-1.536351E-12	-1.536351E-12	-1.536351E-12	-1.536351E-12	-1.536351E-12	-1.536351E-12	-1.536351E-12	-1.536351E-12	-1.536351E-12	-1.536351E-12	-1.536351E-12	-1.536351E-12	-1.536351E-12	-1.536351E-12	-1.536351E-12
68.9	-1.535599E-12	-1.535599E-12	-1.535599E-12	-1.535599E-12	-1.535599E-12	-1.535599E-12	-1.535599E-12	-1.535599E-12	-1.535599E-12	-1.535599E-12	-1.535599E-12	-1.535599E-12	-1.535599E-12	-1.535599E-12	-1.535599E-12	-1.535599E-12	-1.535599E-12	-1.535599E-12	-1.535599E-12	-1.535599E-12
69.55	-1.53486E-12	-1.53486E-12	-1.53486E-12	-1.53486E-12	-1.53486E-12	-1.53486E-12	-1.53486E-12	-1.53486E-12	-1.53486E-12	-1.53486E-12	-1.53486E-12	-1.53486E-12	-1.53486E-12	-1.53486E-12	-1.53486E-12	-1.53486E-12	-1.53486E-12	-1.53486E-12	-1.53486E-12	-1.53486E-12
70.2	-1.534135E-12	-1.534135E-12	-1.534135E-12	-1.534135E-12	-1.534135E-12	-1.534135E-12	-1.534135E-12	-1.534135E-12	-1.534135E-12	-1.534135E-12	-1.534135E-12	-1.534135E-12	-1.534135E-12	-1.534135E-12	-1.534135E-12	-1.534135E-12	-1.534135E-12	-1.534135E-12	-1.534135E-12	-1.534135E-12
70.85	-1.533423E-12	-1.533423E-12	-1.533423E-12	-1.533423E-12	-1.533423E-12	-1.533423E-12	-1.533423E-12	-1.533423E-12	-1.533423E-12	-1.533423E-12	-1.533423E-12	-1.533423E-12	-1.533423E-12	-1.533423E-12	-1.533423E-12	-1.533423E-12	-1.533423E-12	-1.533423E-12	-1.533423E-12	-1.533423E-12
71.5	-1.532724E-12	-1.532724E-12	-1.532724E-12	-1.532724E-12	-1.532724E-12	-1.532724E-12	-1.532724E-12	-1.532724E-12	-1.532724E-12	-1.532724E-12	-1.532724E-12	-1.532724E-12	-1.532724E-12	-1.532724E-12	-1.532724E-12	-1.532724E-12	-1.532724E-12	-1.532724E-12	-1.532724E-12	-1.532724E-12
72.15	-1.532038E-12	-1.532038E-12	-1.532038E-12	-1.532038E-12	-1.532038E-12	-1.532038E-12	-1.532038E-12	-1.532038E-12	-1.532038E-12	-1.532038E-12	-1.532038E-12	-1.532038E-12	-1.532038E-12	-1.532038E-12	-1.532038E-12	-1.532038E-12	-1.532038E-12	-1.532038E-12	-1.532038E-12	-1.532038E-12
72.8	-1.531364E-12	-1.531364E-12	-1.531364E-12	-1.531364E-12	-1.531364E-12	-1.531364E-12	-1.531364E-12	-1.531364E-12	-1.531364E-12	-1.531364E-12	-1.531364E-12	-1.531364E-12	-1.531364E-12	-1.531364E-12	-1.531364E-12	-1.531364E-12	-1.531364E-12	-1.531364E-12	-1.531364E-12	-1.531364E-12
73.45	-1.530703E-12	-1.530703E-12	-1.530703E-12	-1.530703E-12	-1.530703E-12	-1.530703E-12	-1.530703E-12	-1.530703E-12	-1.530703E-12	-1.530703E-12	-1.530703E-12	-1.530703E-12	-1.530703E-12	-1.530703E-12	-1.530703E-12	-1.530703E-12	-1.530703E-12	-1.530703E-12	-1.530703E-12	-1.530703E-12
74.1	-1.530053E-12	-1.530053E-12	-1.530053E-12	-1.530053E-12	-1.530053E-12	-1.530053E-12	-1.530053E-12	-1.530053E-12	-1.530053E-12	-1.530053E-12	-1.530053E-12	-1.530053E-12	-1.530053E-12	-1.530053E-12	-1.530053E-12	-1.530053E-12	-1.530053E-12	-1.530053E-12	-1.530053E-12	-1.530053E-12
74.75	-1.529415E-12	-1.529415E-12	-1.529415E-12	-1.529415E-12	-1.529415E-12	-1.529415E-12	-1.529415E-12	-1.529415E-12	-1.529415E-12	-1.529415E-12	-1.529415E-12	-1.529415E-12	-1.529415E-12	-1.529415E-12	-1.529415E-12	-1.529415E-12	-1.529415E-12	-1.529415E-12	-1.529415E-12	-1.529415E-12
75.4	-1.528789E-12	-1.528789E-12	-1.528789E-12	-1.528789E-12	-1.528789E-12	-1.528789E-12	-1.528789E-12	-1.528789E-12	-1.528789E-12	-1.528789E-12	-1.528789E-12	-1.528789E-12	-1.528789E-12	-1.528789E-12	-1.528789E-12	-1.528789E-12	-1.528789E-12	-1.528789E-12	-1.528789E-12	-1.528789E-12
76.05	-1.528174E-12	-1.528174E-12	-1.528174E-12	-1.528174E-12	-1.528174E-12	-1.528174E-12	-1.528174E-12	-1.528174E-12	-1.528174E-12	-1.528174E-12	-1.528174E-12	-1.528174E-12	-1.528174E-12	-1.528174E-12	-1.528174E-12	-1.528174E-12	-1.528174E-12	-1.528174E-12	-1.528174E-12	-1.528174E-12
76.7	-1.527571E-12	-1.527571E-12	-1.527571E-12	-1.527571E-12	-1.527571E-12	-1.527571E-12	-1.527571E-12	-1.527571E-12	-1.527571E-12	-1.527571E-12	-1.527571E-12	-1.527571E-12	-1.527571E-12	-1.527571E-12	-1.527571E-12	-1.527571E-12	-1.527571E-12	-1.527571E-12	-1.527571E-12	-1.527571E-12
77.35	-1.526978E-12	-1.526978E-12	-1.526978E-12	-1.526978E-12	-1.526978E-12	-1.526978E-12	-1.526978E-12	-1.526978E-12	-1.526978E-12	-1.526978E-12	-1.526978E-12	-1.526978E-12	-1.526978E-12	-1.526978E-12	-1.526978E-12	-1.526978E-12	-1.526978E-12	-1.526978E-12	-1.526978E-12	-1.526978E-12
78	-1.526396E-12	-1.526396E-12	-1.526396E-12	-1.526396E-12	-1.526396E-12	-1.526396E-12	-1.526396E-12	-1.526396E-12	-1.526396E-12	-1.526396E-12	-1.526396E-12	-1.526396E-12	-1.526396E-12	-1.526396E-12	-1.526396E-12	-1.526396E-12	-1.526396E-12	-1.526396E-12	-1.526396E-12	-1.526396E-12
78.65	-1.525824E-12	-1.525824E-12	-1.525824E-12	-1.525824E-12	-1.525824E-12	-1.525824E-12	-1.525824E-12	-1.525824E-12	-1.525824E-12	-1.525824E-12	-1.525824E-12	-1.525824E-12	-1.525824E-12	-1.525824E-12	-1.525824E-12	-1.525824E-12	-1.525824E-12	-1.525824E-12	-1.525824E-12	-1.525824E-12
79.3	-1.525263E-12	-1.525263E-12	-1.525263E-12	-1.525263E-12	-1.525263E-12	-1.525263E-12	-1.525263E-12	-1.525263E-12	-1.525263E-12	-1.525263E-12	-1.525263E-12	-1.525263E-12	-1.525263E-12	-1.525263E-12	-1.525263E-12	-1.525263E-12	-1.525263E-12	-1.525263E-12	-1.525263E-12	-1.525263E-12
79.95	-1.524712E-12	-1.524712E-12	-1.524712E-12	-1.524712E-12	-1.524712E-12	-1.524712E-12	-1.524712E-12	-1.524712E-12	-1.524712E-12	-1.524712E-12	-1.524712E-12	-1.524712E-12	-1.524712E-12	-1.524712E-12	-1.524712E-12	-1.524712E-12	-1.524712E-12	-1.524712E-12	-1.524712E-12	-1.524712E-12
80.6	-1.524172E-12	-1.524172E-12	-1.524172E-12	-1.524172E-12	-1.524172E-12	-1.524172E-12	-1.524172E-12	-1.524172E-12	-1.524172E-12	-1.524172E-12	-1.524172E-12	-1.524172E-12	-1.524172E-12	-1.524172E-12	-1.524172E-12	-1.524172E-12	-1.524172E-12	-1.524172E-12	-1.524172E-12	-1.524172E-12
81.25	-1.52364E-12	-1.52364E-12	-1.52364E-12	-1.52364E-12	-1.52364E-12	-1.52364E-12	-1.52364E-12	-1.52364E-12	-1.52364E-12	-1.52364E-12	-1.52364E-12	-1.52364E-12	-1.52364E-12	-1.52364E-12	-1.52364E-12	-1.52364E-12	-1.52364E-12	-1.52364E-12	-1.52364E-12	-1.52364E-12
81.9	-1.523119E-12	-1.523119E-12	-1.523119E-12	-1.523119E-12	-1.523119E-12	-1.523119E-12	-1.523119E-12	-1.523119E-12	-1.523119E-12	-1.523119E-12	-1.523119E-12	-1.523119E-12	-1.523119E-12	-1.523119E-12	-1.523119E-12	-1.523119E-12	-1.523119E-12	-1.523119E-12	-1.523119E-12	-1.523119E-12
82.55	-1.522607E-12	-1.522607E-12	-1.522607E-12	-1.522607E-12	-1.522607E-12	-1.522607E-12	-1.522607E-12	-1.522607E-12	-1.522607E-12	-1.522607E-12	-1.522607E-12	-1.522607E-12	-1.522607E-12	-1.522607E-12	-1.522607E-12	-1.522607E-12	-1.522607E-12	-1.522607E-12	-1.522607E-12	-1.522607E-12
83.2	-1.522104E-12	-1.522104E-12	-1.522104E-12	-1.522104E-12	-1.522104E-12	-1.522104E-12	-1.522104E-12	-1.522104E-12	-1.522104E-12	-1.522104E-12	-1.522104E-12	-1.522104E-12	-1.522104E-12	-1.522104E-12	-1.522104E-12	-1.522104E-12	-1.522104E-12	-1.522104E-12	-1.522104E-12	-1.522104E-12
83.85	-1.521611E-12	-1.521611E-12	-1.521611E-12	-1.521611E-12	-1.521611E-12	-1.521611E-12	-1.521611E-12	-1.521611E-12	-1.521611E-12	-1.521611E-12	-1.521611E-12	-1.521611E-12	-1.521611E-12	-1.521611E-12	-1.521611E-12	-1.521611E-12	-1.521611E-12	-1.521611E-12	-1.521611E-12	-1.521611E-12
84.5	-1.521126E-12	-1.521126E-12	-1.521126E-12	-1.521126E-12	-1.521126E-12	-1.521126E-12	-1.521126E-12	-1.521126E-12	-1.521126E-12	-1.521126E-12	-1.521126E-12	-1.521126E-12	-1.521126E-12	-1.521126E-12	-1.521126E-12	-1.521126E-12	-1.521126E-12	-1.521126E-12	-1.521126E-12	-1.521126E-12
85.15	-1.52065E-12	-1.52065E-12	-1.52065E-12	-1.52065E-12	-1.52065E-12	-1.52065E-12	-1.52065E-12	-1.52065E-12	-1.52065E-12	-1.52065E-12	-1.52065E-12	-1.52065E-12	-1.52065E-12	-1.52065E-12	-1.52065E-12	-1.52065E-12	-1.52065E-12	-1.52065E-12	-1.52065E-12	-1.52065E-12
85.8	-1.520183E-12	-1.520183E-12	-1.520183E-12	-1.520183E-12	-1.520183E-12	-1.520183E-12	-1.520183E-12	-1.520183E-12	-1.520183E-12	-1.520183E-12	-1.520183E-12	-1.520183E-12	-1.520183E-12	-1.520183E-12	-1.520183E-12	-1.520183E-12	-1.520183E-12	-1.520183E-12	-1.520183E-12	-1.520183E-12
86.45	-1.519724E-12	-1.519724E-12	-1.519724E-12	-1.519724E-12	-1.519724E-12	-1.519724E-12	-1.519724E-12	-1.519724E-12	-1.519724E-12	-1.519724E-12	-1.519724E-12	-1.519724E-12	-1.519724E-12	-1.519724E-12	-1.519724E-12	-1.519724E-12	-1.519724E-12	-1.519724E-12	-1.519724E-12	-1.519724E-12
87.1	-1.519274E-12	-1.519274E-12	-1.519274E-12	-1.519274E-12	-1.519274E-12	-1.519274E-12	-1.519274E-12	-1.519274E-12	-1.519274E-12	-1.519274E-12	-1.519274E-12	-1.519274E-12	-1.519274E-12	-1.519274E-12	-1.519274E-12	-1.519274E-12	-1.519274E-12	-1.519274E-12	-1.519274E-12	-1.519274E-12
87.75	-1.518831E-12	-1.518831E-12	-1.518831E-12	-1.518831E-12	-1.518831E-12	-1.518831E-12	-1.518831E-12	-1.518831E-12	-1.518831E-12	-1.518831E-12	-1.518831E-12	-1.518831E-12	-1.518831E-12	-1.518831E-12	-1.518831E-12	-1.518831E-12	-1.518831E-12	-1.518831E-12	-1.518831E-12	-1.518831E-12
88.4	-1.518397E-12	-1.518397E-12	-1.518397E-12	-1.518397E-12	-1.518397E-12	-1.518397E-12	-1.518397E-12	-1.518397E-12	-1.518397E-12	-1.518397E-12	-1.518397E-12	-1.518397E-12	-1.518397E-12	-1.518397E-12	-1.518397E-12	-1.518397E-12	-1.518397E-12	-1.518397E-12	-1.518397E-12	-1.518397E-12
89.05	-1.517971E-12	-1.517971E-12	-1.517971E-12	-1.517971E-12	-1.517971E-12	-1.517971E-12	-1.517971E-12	-1.517971E-12	-1.517971E-12	-1.517971E-12	-1.517971E-12	-1.517971E-12	-1.517971E-12	-1.517971E-12	-1.517971E-12	-1.517971E-12	-1.517971E-12	-1.517971E-12	-1.517971E-12	-1.517971E-12
89.7	-1.517552E-12	-1.517552E-12	-1.517552E-12	-1.517552E-12	-1.517552E-12	-1.517552E-12	-1.517552E-12	-1.517552E-12	-1.517552E-12	-1.517552E-12	-1.517552E-12	-1.517552E-12	-1.517552E-12	-1.517552E-12	-1.517552E-12	-1.517552E-12	-1.517552E-12	-1.517552E-12	-1.517552E-12	-1.517552E-12
90.35	-1.517141E-12	-1.517141E-12	-1.517141E-12	-1.517141E-12	-1.517141E-12	-1.517141E-12	-1.517141E-12	-1.517141E-12	-1.517141E-12	-1.517141E-12	-1.517141E-12	-1.517141E-12	-1.517141E-12	-1.517141E-12	-1.517141E-12	-1.517141E-12	-1.517141E-12	-1.517141E-12	-1.517141E-12	-1.517141E-12
91	-1.516738E-12	-1.516738E-12	-1.516738E-12	-1.516738E-12	-1.516738E-12	-1.516738E-12	-1.516738E-12	-1.516738E-12	-1.516738E-12	-1.516738E-12	-1.516738E-12	-1.516738E-12	-1.516738E-12	-1.516738E-12	-1.516738E-12	-1.516738E-12	-1.516738E-12	-1.516738E-12	-1.516738E-12	-1.516738E-12
91.65	-1.516341E-12	-1.516341E-12	-1.516341E-12	-1.516341E-12	-1.516341E-12	-1.516341E-12	-1.516341E-12	-1.516341E-12	-1.516341E-12	-1.516341E-12	-1.516341E-12	-1.516341E-12	-1.516341E-12	-1.516341E-12	-1.516341E-12	-1.516341E-12	-1.516341E-12	-1.516341E-12	-1.516341E-12	-1.516341E-12
92.3	-1.515952E-12	-1.515952E-12	-1.515952E-12	-1.515952E-12	-1.515952E-12	-1.515952E-12	-1.515952E-12	-1.515952E-12	-1.515952E-12	-1.515952E-12	-1.515952E-12	-1.515952E-12	-1.515952E-12	-1.515952E-12	-1.515952E-12	-1.515952E-12	-1.515952E-12	-1.515952E-12	-1.515952E-12	-1.515952E-12
92.95	-1.51557E-12	-1.51557E-12	-1.51557E-12	-1.51557E-12	-1.51557E-12	-1.51557E-12	-1.51557E-12	-1.51557E-12	-1.51557E-12	-1.51557E-12	-1.51557E-12	-1.51557E-12	-1.51557E-12	-1.51557E-12	-1.51557E-12	-1.51557E-12	-1.51557E-12	-1.51557E-12	-1.51557E-12	-1.51557E-12
93.6	-1.515195E-12	-1.515195E-12	-1.515195E-12	-1.515195E-12	-1.515195E-12	-1.515195E-12	-1.515195E-12	-1.515195E-12	-1.515195E-12	-1.515195E-12	-1.515195E-12	-1.515195E-12	-1.515195E-12	-1.515195E-12	-1.515195E-12	-1.515195E-12	-1.515195E-12	-1.515195E-12	-1.515195E-12	-1.515195E-12
94.25	-1.514827E-12	-1.514827E-12	-1.514827E-12	-1.514827E-12	-1.514827E-12	-1.514827E-12	-1.514827E-12	-1.514827E-12	-1.514827E-12	-1.514827E-12	-1.514827E-12	-1.514827E-12	-1.514827E-12	-1.514827E-12	-1.514827E-12	-1.514827E-12	-1.514827E-12	-1.514827E-12	-1.514827E-12	-1.514827E-12
94.9	-1.514465E-12	-1.514465E-12	-1.514465E-12	-1.514465E-12	-1.514465E-12	-1.514465E-12	-1.514465E-12	-1.514465E-12	-1.514465E-12	-1.514465E-12	-1.514465E-12	-1.514465E-12	-1.514465E-12	-1.514465E-12	-1.514465E-12	-1.514465E-12	-1.514465E-12	-1.514465E-12	-1.514465E-12	-1.514465E-12
95.55	-1.51411E-12	-1.51411E-12	-1.51411E-12	-1.51411E-12	-1.51411E-12	-1.51411E-12	-1.51411E-12	-1.51411E-12	-1.51411E-12	-1.51411E-12	-1.51411E-12	-1.51411E-12	-1.51411E-12	-1.51411E-12	-1.51411E-12	-1.51411E-12	-1.51411E-12	-1.51411E-12	-1.51411E-12	-1.51411E-12
96.2	-1.513762E-12	-1.513762E-12	-1.513762E-12	-1.513762E-12	-1.513762E-12	-1.513762E-12	-1.513762E-12	-1.513762E-12	-1.513762E-12	-1.513762E-12	-1.513762E-12	-1.513762E-12	-1.513762E-12	-1.513762E-12	-1.513762E-12	-1.513762E-12	-1.513762E-12	-1.513762E-12	-1.513762E-12	-1.513762E-12
96.85	-1.513419E-12	-1.513419E-12	-1.513419E-12	-1.513419E-12	-1.513419E-12	-1.513419E-12	-1.513419E-12	-1.513419E-12	-1.513419E-12	-1.513419E-12	-1.513419E-12	-1.513419E-12	-1.513419E-12	-1.513419E-12	-1.513419E-12	-1.513419E-12	-1.513419E-12	-1.513419E-12	-1.513419E-12	-1.513419E-12
97.5	-1.513083E-12	-1.513083E-12	-1.513083E-12	-1.513083E-12	-1.513083E-12	-1.513083E-12	-1.513083E-12	-1.513083E-12	-1.513083E-12	-1.513083E-12	-1.513083E-12	-1.513083E-12	-1.513083E-12	-1.513083E-12	-1.513083E-12	-1.513083E-12	-1.513083E-12	-1.513083E-12	-1.513083E-12	-1.513083E-12
98.15	-1.512753E-12	-1.512753E-12	-1.512753E-12	-1.512753E-12	-1.512753E-12	-1.512753E-12	-1.512753E-12	-1.512753E-12	-1.512753E-12	-1.512753E-12	-1.512753E-12	-1.512753E-12	-1.512753E-12	-1.512753E-12	-1.512753E-12	-1.512753E-12	-1.512753E-12	-1.512753E-12	-1.512753E-12	-1.512753E-12
98.8	-1.51243E-12	-1.51243E-12	-1.51243E-12	-1.51243E-12	-1.51243E-12	-1.51243E-12	-1.51243E-12	-1.51243E-12	-1.51243E-12	-1.51243E-12	-1.51243E-12	-1.51243E-12	-1.51243E-12	-1.51243E-12	-1.51243E-12	-1.51243E-12	-1.51243E-12	-1.51243E-12	-1.51243E-12	-1.51243E-12
99.45	-1.512111E-12	-1.512111E-12	-1.512111E-12	-1.512111E-12	-1.512111E-12	-1.512111E-12	-1.512111E-12	-1.512111E-12	-1.512111E-12	-1.512111E-12	-1.512111E-12	-1.512111E-12	-1.512111E-12	-1.512111E-12	-1.512111E-12	-1.512111E-12	-1.512111E-12	-1.512111E-12	-1.512111E-12	-1.512111E-12
100.1	2.62436E-11	5.084099E-11	1.281612E-10	4.807149E-10	2.271345E-09	1.162231E-08	6.095127E-08	3.222406E-07	1.706115E-06	9.004093E-06	4.715188E-05	0.0002437569	0.001236243	0.00610196	0.02900598	0.1309558	0.5514796	2.117645	7.220057	21.2604
100.75	6.524566E-10	1.767169E-08	2.752223E-07	2.837747E-06	2.238383E-05	0.0001491624	0.0008907087	0.004915636	0.02538754	0.1227033	0.5498223	2.24556	8.167156	25.75208	68.65112	152.463	283.4633	453.4923	650.0325	866.3326
101.4	2.025641E-09	9.096313E-08	2.281891E-06	3.354346E-05	0.0003296983	0.00246394	0.01530805	0.08316301	0.4036896	1.753496	6.73137	22.36035	62.78034	146.4682	283.8835	467.461	679.9965	909.3096	1149.821	1396.881
102.05	3.506338E-09	1.967497E-07	6.619758E-06	0.0001271259	0.001501266	0.01238924	0.07954307	0.4245032	1.94114	7.641847	25.61136	71.79105	166.1016	318.0808	516.7764	741.6271	978.4907	1220.476	1461.808	1695.542
102.7	4.981377E-09	3.129087E-07	1.268386E-05	0.0002987726	0.004124845	0.03719469	0.2458844	1.289114	5.572676	20.05876	59.72719	145.7432	291.856	490.0716	717.5824	955.9485	1196.059	1431.767	1656.471	1863.636
103.35	6.439296E-09	4.313056E-07	1.974656E-05	0.0005440434	0.008581893	0.083801	0.5688102	2.930996	12.02175	39.89392	107.1891	233.569	419.5926	643.8099	882.1829	1121.343	1354.394	1575.213	1777.899	1958.196
104	7.879541E-09	5.495046E-07	2.731572E-05	0.0008492743	0.01501019	0.1574622	1.094714	5.547509	21.66514	66.79067	164.1413	326.0254	539.1625	775.8181	1015.53	1248.771	1469.598	1672.57	1853.604	2011.337
104.65	9.302502E-09	6.668291E-07	3.511383E-05	0.001199247	0.02335579	0.2613253	1.856757	9.259323	34.54634	99.6303	226.5842	417.0224	646.8136	887.5209	1123.253	1346.916	1553.398	1738.617	1900.761	2041.147
105.3	1.070855E-08	7.831053E-07	4.299601E-05	0.001580724	0.03344564	0.39655	2.873734	14.11154	50.45599	136.9826	291.2014	503.1445	741.8973	981.5283	1210.21	1422.489	1614.332	1783.391	1930.094	2057.814
105.95	1.209801E-08	8.982984E-07	5.088942E-05	0.001983428	0.04504947	0.5626926	4.151385	20.08603	69.02525	177.4088	355.5573	582.7674	825.0794	1060.478	1280.382	1480.665	1658.615	1813.712	1948.296	2067.078
106.6	1.347112E-08	1.01241E-06	5.875819E-05	0.002399856	0.0579229	0.7581601	5.684859	27.11766	89.8064	219.6251	418.011	655.3397	897.4955	1126.725	1336.994	1525.432	1690.773	1834.214	1959.55	2072.17
107.25	1.482811E-08	1.125449E-06	6.658494E-05	0.002824728	0.0718331	0.9806291	7.461483	35.11034	112.3324	262.5692	477.5443	720.9058	960.3798	1182.288	1382.654	1559.862	1714.103	1848.043	1966.463	2074.914
107.9	1.61692E-08	1.237428E-06	7.436138E-05	0.003254414	0.08657196	1.227387	9.463355	43.9506	136.1558	305.4076	533.5887	779.8176	1014.914	1228.878	1419.468	1586.325	1731.004	1857.339	1970.668	2076.333
108.55	1.749459E-08	1.348357E-06	8.208374E-05	0.003686454	0.1019609	1.495587	11.66952	53.51822	160.871	347.5155	585.8853	832.5674	1062.17	1267.933	1449.138	1606.647	1743.224	1863.555	1973.18	2077.007
109.2	1.880447E-08	1.458247E-06	8.975039E-05	0.004119199	0.1178508	1.782422	14.05767	63.6938	186.1248	388.4439	634.3795	879.6954	1103.1	1300.663	1473.037	1622.235	1752.035	1867.679	1974.636	2077.261
109.85	2.009902E-08	1.567109E-06	9.736076E-05	0.004551551	0.1341197	2.085239	16.60543	74.36388	211.6189	427.8854	679.1458	921.7404	1138.54	1328.083	1492.275	1634.176	1758.363	1870.38	1975.432	2077.279
110.5	2.137843E-08	1.674952E-06	0.0001049148	0.004982783	0.1506693	2.401603	19.2912	85.42398	237.1076	465.6429	720.337	959.2152	1169.217	1351.045	1507.749	1643.303	1762.883	1872.116	1975.817	2077.163
111.15	2.264287E-08	1.781785E-06	0.0001124127	0.005412419	0.1674212	2.729326	22.09472	96.78018	262.3931	501.6033	758.1496	992.5946	1195.764	1370.266	1520.182	1650.263	1766.088	1873.195	1975.944	2076.972
111.8	2.389252E-08	1.887619E-06	0.0001198548	0.005840145	0.1843132	3.066474	24.99737	108.3496	287.3194	535.7152	792.8008	1022.312	1218.73	1386.345	1530.159	1655.552	1768.333	1873.829	1975.911	2076.739
112.45	2.512755E-08	1.992463E-06	0.0001272415	0.006265759	0.2012965	3.41136	27.98237	120.0603	311.7664	567.9727	824.5147	1048.76	1238.593	1399.789	1538.153	1659.553	1769.881	1874.159	1975.777	2076.482
113.1	2.634814E-08	2.096326E-06	0.0001345731	0.006689133	0.2183329	3.762525	31.03474	131.8506	335.6437	598.4019	853.5126	1072.291	1255.764	1411.018	1544.545	1662.562	1770.921	1874.284	1975.581	2076.212
113.75	2.755445E-08	2.199218E-06	0.00014185	0.007110188	0.2353926	4.118721	34.14128	143.6681	358.8857	627.051	880.0082	1093.22	1270.603	1420.39	1549.642	1664.805	1771.591	1874.269	1975.346	2075.934
114.4	2.874666E-08	2.301147E-06	0.0001490727	0.007528874	0.2524525	4.478881	37.29044	155.4689	381.4464	653.9828	904.2038	1111.83	1283.42	1428.203	1553.695	1666.458	1771.991	1874.159	1975.087	2075.652
115.05	2.992492E-08	2.402122E-06	0.0001562415	0.007945164	0.2694945	4.842104	40.4722	167.2164	403.2961	679.2697	926.2893	1128.374	1294.485	1434.706	1556.904	1667.657	1772.195	1873.984	1974.812	2075.368
115.7	3.10894E-08	2.502153E-06	0.0001633569	0.008359047	0.286505	5.20763	43.67792	178.8805	424.4179	702.9891	946.4413	1143.076	1304.03	1440.11	1559.43	1668.505	1772.256	1873.766	1974.528	2075.083
116.35	3.224025E-08	2.601248E-06	0.0001704192	0.008770517	0.303473	5.574818	46.90017	190.4368	444.8045	725.2209	964.8235	1156.138	1312.259	1444.592	1561.407	1669.083	1772.213	1873.517	1974.238	2074.796
117	3.337766E-08	2.699416E-06	0.0001774289	0.009179578	0.3203906	5.943132	50.13261	201.8652	464.4568	746.0452	981.5865	1167.737	1319.346	1448.3	1562.938	1669.453	1772.095	1873.249	1973.944	2074.509
117.65	3.450175E-08	2.796665E-06	0.0001843862	0.009586236	0.3372514	6.312123	53.36986	213.1501	483.3815	765.5411	996.8691	1178.034	1325.443	1451.358	1564.11	1669.663	1771.921	1872.967	1973.648	2074.222
118.3	3.56127E-08	2.893005E-06	0.0001912917	0.009990498	0.3540507	6.681417	56.60732	224.2788	501.5897	783.7857	1010.799	1187.17	1330.683	1453.87	1564.992	1669.749	1771.707	1872.675	1973.351	2073.935
118.95	3.671066E-08	2.988443E-06	0.0001981457	0.01039238	0.3707848	7.050704	59.84114	235.2418	519.096	800.8531	1023.491	1195.273	1335.18	1455.924	1565.64	1669.74	1771.464	1872.377	1973.053	2073.648
119.6	3.779577E-08	3.082989E-06	0.0002049486	0.01079189	0.387451	7.419724	63.06806	246.0317	535.9176	816.8144	1035.054	1202.454	1339.032	1457.593	1566.099	1669.657	1771.2	1872.075	1972.754	2073.361
120.25	3.88682E-08	3.17665E-06	0.0002117008	0.01118904	0.4040474	7.788263	66.28534	256.6432	552.0731	831.7374	1045.585	1208.815	1342.326	1458.94	1566.405	1669.518	1770.92	1871.77	1972.455	2073.074
120.9	3.992808E-08	3.269435E-06	0.0002184026	0.01158384	0.4205723	8.156143	69.49068	267.0727	567.5826	845.6865	1055.173	1214.444	1345.135	1460.016	1566.587	1669.335	1770.629	1871.464	1972.156	2072.787
121.55	4.097556E-08	3.361352E-06	0.0002250544	0.01197631	0.4370249	8.523217	72.6822	277.3175	582.4667	858.7222	1063.901	1219.423	1347.525	1460.865	1566.67	1669.119	1770.33	1871.155	1971.856	2072.5
122.2	4.201079E-08	3.452409E-06	0.0002316567	0.01236646	0.4534042	8.889365	75.85829	287.3765	596.7463	870.9022	1071.841	1223.821	1349.551	1461.522	1566.672	1668.876	1770.025	1870.846	1971.557	2072.213
122.85	4.303392E-08	3.542615E-06	0.0002382097	0.0127543	0.4697099	9.254487	79.01765	297.2492	610.4427	882.2803	1079.064	1227.702	1351.262	1462.02	1566.609	1668.614	1769.716	1870.537	1971.258	2071.926
123.5	4.404508E-08	3.631976E-06	0.0002447138	0.01313985	0.4859416	9.618501	82.15919	306.936	623.5768	892.9075	1085.631	1231.123	1352.7	1462.383	1566.494	1668.336	1769.403	1870.227	1970.958	2071.639
124.15	4.504441E-08	3.720502E-06	0.0002511695	0.01352312	0.5020992	9.98134	85.28203	316.4377	636.1693	902.8316	1091.598	1234.134	1353.9	1462.633	1566.336	1668.047	1769.089	1869.917	1970.659	2071.352
124.8	4.603206E-08	3.808199E-06	0.0002575769	0.01390413	0.5181826	10.34295	88.38546	325.7557	648.2407	912.0974	1097.019	1236.779	1354.896	1462.789	1566.144	1667.748	1768.772	1869.606	1970.36	2071.065
125.45	4.700815E-08	3.895076E-06	0.0002639367	0.01428288	0.5341918	10.70329	91.46889	334.8918	659.8109	920.7468	1101.94	1239.098	1355.713	1462.865	1565.925	1667.443	1768.455	1869.296	1970.061	2070.779
126.1	4.797283E-08	3.98114E-06	0.0002702489	0.01465939	0.5501271	11.06232	94.53187	343.848	670.8991	928.8195	1106.405	1241.127	1356.376	1462.874	1565.683	1667.132	1768.136	1868.985	1969.761	2070.492
126.75	4.892622E-08	4.066399E-06	0.0002765142	0.01503368	0.5659885	11.42001	97.57403	352.6265	681.5244	936.3522	1110.453	1242.898	1356.905	1462.827	1565.423	1666.817	1767.817	1868.675	1969.462	2070.205
127.4	4.986847E-08	4.150861E-06	0.0002827327	0.01540575	0.5817763	11.77634	100.5951	361.23	691.705	943.3798	1114.122	1244.439	1357.319	1462.734	1565.149	1666.499	1767.498	1868.365	1969.163	2069.919
128.05	5.079969E-08	4.234532E-06	0.0002889048	0.01577563	0.5974906	12.13129	103.5949	369.6609	701.4584	949.9344	1117.442	1245.775	1357.632	1462.601	1564.863	1666.178	1767.178	1868.054	1968.864	2069.632
128.7	5.172003E-08	4.31742E-06	0.0002950309	0.01614332	0.6131318	12.48485	106.5732	377.922	710.8018	956.0467	1120.446	1246.927	1357.858	1462.434	1564.567	1665.856	1766.858	1867.744	1968.565	2069.345
129.35	5.262959E-08	4.399534E-06	0.0003011113	0.01650883	0.6287001	12.83701	109.5299	386.016	719.7515	961.7449	1123.159	1247.918	1358.008	1462.24	1564.264	1665.532	1766.538	1867.433	1968.266	2069.059
130	5.352852E-08	4.480878E-06	0.0003071464	0.01687218	0.6441959	13.18776	112.4651	393.9459	728.3235	967.0557	1125.609	1248.763	1358.093	1462.023	1563.955	1665.207	1766.219	1867.123	1967.967	2068.772
130.65	5.441694E-08	4.561462E-06	0.0003131365	0.01723338	0.6596193	13.5371	115.3786	401.7144	736.533	972.004	1127.816	1249.479	1358.122	1461.786	1563.641	1664.881	1765.898	1866.813	1967.668	2068.486
131.3	5.529497E-08	4.641292E-06	0.0003190819	0.01759245	0.6749709	13.88502	118.2706	409.3245	744.3947	976.6132	1129.803	1250.08	1358.101	1461.533	1563.323	1664.554	1765.578	1866.503	1967.369	2068.2
131.95	5.616272E-08	4.720376E-06	0.000324983	0.01794939	0.6902507	14.23151	121.1409	416.7791	751.9225	980.9048	1131.589	1250.578	1358.038	1461.266	1563.002	1664.228	1765.258	1866.193	1967.071	2067.913
132.6	5.702033E-08	4.79872E-06	0.00033084	0.01830423	0.7054592	14.57659	123.9897	424.0809	759.1302	984.8996	1133.191	1250.985	1357.938	1460.988	1562.678	1663.901	1764.938	1865.882	1966.772	2067.627
133.25	5.786791E-08	4.87633E-06	0.0003366534	0.01865696	0.7205966	14.92025	126.817	431.2329	766.0308	988.6165	1134.624	1251.311	1357.806	1460.7	1562.352	1663.573	1764.618	1865.572	1966.473	2067.341
133.9	5.870557E-08	4.953215E-06	0.0003424235	0.01900761	0.7356634	15.26248	129.6229	438.2379	772.6366	992.0735	1135.905	1251.564	1357.646	1460.403	1562.024	1663.245	1764.298	1865.262	1966.175	2067.054
134.55	5.953344E-08	5.02938E-06	0.0003481505	0.01935619	0.7506597	15.60331	132.4075	445.0988	778.9598	995.2872	1137.045	1251.753	1357.462	1460.1	1561.695	1662.918	1763.978	1864.952	1965.876	2066.768
135.2	6.035162E-08	5.104833E-06	0.0003538348	0.0197027	0.765586	15.94271	135.1709	451.8182	785.0119	998.2733	1138.057	1251.885	1357.258	1459.792	1561.365	1662.59	1763.658	1864.642	1965.578	2066.482
135.85	6.116024E-08	5.17958E-06	0.0003594767	0.02004717	0.7804426	16.28071	137.9132	458.3989	790.804	1001.046	1138.953	1251.965	1357.035	1459.478	1561.034	1662.262	1763.339	1864.333	1965.279	2066.196
136.5	6.19594E-08	5.253627E-06	0.0003650766	0.0203896	0.7952297	16.6173	140.6346	464.8435	796.3466	1003.62	1139.742	1251.999	1356.797	1459.161	1560.703	1661.934	1763.019	1864.023	1964.981	2065.91
137.15	6.274921E-08	5.326982E-06	0.0003706347	0.02073	0.8099477	16.95249	143.3351	471.1549	801.6499	1006.008	1140.434	1251.993	1356.546	1458.84	1560.371	1661.606	1762.699	1863.713	1964.682	2065.624
137.8	6.352978E-08	5.399651E-06	0.0003761513	0.02106839	0.824597	17.28628	146.0149	477.3355	806.7238	1008.221	1141.037	1251.951	1356.282	1458.517	1560.039	1661.278	1762.379	1863.403	1964.384	2065.338
138.45	6.430123E-08	5.47164E-06	0.0003816268	0.02140478	0.8391778	17.61868	148.6741	483.3879	811.5776	1010.271	1141.558	1251.876	1356.009	1458.191	1559.706	1660.951	1762.06	1863.094	1964.085	2065.052
139.1	6.506365E-08	5.542955E-06	0.0003870615	0.02173918	0.8536904	17.94969	151.3128	489.3147	816.2203	1012.168	1142.006	1251.773	1355.727	1457.863	1559.373	1660.623	1761.74	1862.784	1963.787	2064.766
139.75	6.581715E-08	5.613604E-06	0.0003924556	0.02207161	0.8681352	18.27931	153.9312	495.1183	820.6606	1013.923	1142.386	1251.644	1355.437	1457.534	1559.04	1660.295	1761.421	1862.475	1963.489	2064.48
140.4	6.656185E-08	5.683591E-06	0.0003978095	0.02240207	0.8825126	18.60755	156.5294	500.8011	824.9067	1015.544	1142.704	1251.493	1355.141	1457.203	1558.707	1659.968	1761.101	1862.165	1963.191	2064.194
141.05	6.729783E-08	5.752923E-06	0.0004031235	0.02273057	0.8968226	18.93442	159.1076	506.3656	828.9666	1017.039	1142.965	1251.321	1354.839	1456.871	1558.373	1659.64	1760.782	1861.856	1962.893	2063.909
141.7	6.80252E-08	5.821607E-06	0.0004083979	0.02305713	0.9110659	19.25992	161.6659	511.814	832.8478	1018.418	1143.175	1251.131	1354.532	1456.538	1558.04	1659.312	1760.463	1861.547	1962.595	2063.623
142.35	6.874406E-08	5.889649E-06	0.0004136329	0.02338176	0.9252425	19.58406	164.2043	517.1488	836.5577	1019.687	1143.338	1250.925	1354.221	1456.205	1557.706	1658.985	1760.143	1861.237	1962.297	2063.337
143	6.945452E-08	5.957054E-06	0.0004188289	0.02370447	0.9393529	19.90684	166.7231	522.3721	840.1035	1020.854	1143.458	1250.705	1353.906	1455.87	1557.373	1658.657	1759.824	1860.928	1961.999	2063.052
143.65	7.015667E-08	6.023828E-06	0.0004239862	0.02402527	0.9533973	20.22827	169.2225	527.4861	843.4916	1021.925	1143.539	1250.472	1353.588	1455.536	1557.04	1658.33	1759.505	1860.619	1961.701	2062.766
144.3	7.085061E-08	6.089978E-06	0.000429105	0.02434418	0.9673761	20.54835	171.7024	532.493	846.7286	1022.907	1143.584	1250.228	1353.267	1455.201	1556.706	1658.003	1759.186	1860.31	1961.403	2062.48
144.95	7.153643E-08	6.155509E-06	0.0004341856	0.0246612	0.9812894	20.86708	174.1632	537.3951	849.8207	1023.804	1143.597	1249.974	1352.944	1454.865	1556.373	1657.675	1758.867	1860.001	1961.105	2062.195
145.6	7.221423E-08	6.220427E-06	0.0004392283	0.02497634	0.9951379	21.18448	176.6048	542.1942	852.7738	1024.624	1143.579	1249.71	1352.619	1454.53	1556.039	1657.348	1758.548	1859.692	1960.807	2061.909
146.25	7.288411E-08	6.284737E-06	0.0004442334	0.02528962	1.008922	21.50055	179.0275	546.8926	855.5936	1025.369	1143.535	1249.439	1352.292	1454.194	1555.706	1657.021	1758.229	1859.383	1960.51	2061.624
146.9	7.354615E-08	6.348446E-06	0.0004492012	0.02560105	1.022641	21.81528	181.4314	551.4921	858.2856	1026.046	1143.465	1249.161	1351.964	1453.858	1555.373	1656.694	1757.91	1859.074	1960.212	2061.339
147.55	7.420044E-08	6.411559E-06	0.000454132	0.02591064	1.036296	22.1287	183.8166	555.9948	860.8549	1026.659	1143.373	1248.876	1351.634	1453.521	1555.04	1656.367	1757.592	1858.765	1959.914	2061.053
148.2	7.484708E-08	6.474081E-06	0.000459026	0.0262184	1.049887	22.44081	186.1833	560.4025	863.3067	1027.212	1143.26	1248.586	1351.303	1453.185	1554.707	1656.04	1757.273	1858.456	1959.617	2060.768
148.85	7.548616E-08	6.536019E-06	0.0004638835	0.02652433	1.063415	22.7516	188.5316	564.7172	865.6457	1027.708	1143.128	1248.29	1350.971	1452.849	1554.373	1655.713	1756.954	1858.147	1959.319	2060.483
149.5	7.611776E-08	6.597377E-06	0.0004687047	0.02682846	1.076879	23.06109	190.8616	568.9407	867.8766	1028.152	1142.979	1247.99	1350.639	1452.512	1554.04	1655.386	1756.636	1857.838	1959.021	2060.197
150.15	7.674198E-08	6.658161E-06	0.00047349	0.02713079	1.090281	23.36927	193.1734	573.075	870.0037	1028.547	1142.814	1247.687	1350.306	1452.176	1553.707	1655.06	1756.317	1857.53	1958.724	2059.912
150.8	7.735891E-08	6.718376E-06	0.0004782397	0.02743133	1.103619	23.67616	195.4672	577.1215	872.0314	1028.896	1142.635	1247.38	1349.972	1451.84	1553.375	1654.733	1755.999	1857.221	1958.427	2059.627
151.45	7.796861E-08	6.778028E-06	0.0004829539	0.02773009	1.116896	23.98177	197.7432	581.0823	873.9636	1029.201	1142.442	1247.069	1349.637	1451.503	1553.042	1654.406	1755.68	1856.913	1958.129	2059.342
152.1	7.857118E-08	6.837122E-06	0.0004876329	0.02802709	1.13011	24.28609	200.0014	584.9589	875.8044	1029.466	1142.238	1246.756	1349.303	1451.167	1552.709	1654.08	1755.362	1856.604	1957.832	2059.057
152.75	7.91667E-08	6.895664E-06	0.0004922771	0.02832233	1.143263	24.58913	202.242	588.7531	877.5574	1029.694	1142.022	1246.441	1348.968	1450.83	1552.376	1653.753	1755.044	1856.296	1957.535	2058.772
153.4	7.975525E-08	6.953657E-06	0.0004968866	0.02861582	1.156354	24.89089	204.4652	592.4665	879.2263	1029.886	1141.797	1246.123	1348.632	1450.494	1552.044	1653.427	1754.725	1855.987	1957.238	2058.487
154.05	8.033693E-08	7.011108E-06	0.0005014617	0.02890758	1.169384	25.19139	206.6709	596.1006	880.8145	1030.046	1141.563	1245.803	1348.297	1450.158	1551.711	1653.1	1754.407	1855.679	1956.94	2058.202
154.7	8.09118E-08	7.068022E-06	0.0005060028	0.02919761	1.182353	25.49063	208.8595	599.6572	882.3253	1030.174	1141.32	1245.482	1347.961	1449.822	1551.379	1652.774	1754.089	1855.371	1956.643	2057.917
155.35	8.147995E-08	7.124403E-06	0.0005105099	0.02948593	1.195261	25.7886	211.0309	603.1377	883.7618	1030.274	1141.07	1245.159	1347.625	1449.485	1551.046	1652.448	1753.771	1855.062	1956.346	2057.632
156	8.204145E-08	7.180256E-06	0.0005149835	0.02977255	1.208109	26.08533	213.1853	606.5436	885.1272	1030.346	1140.813	1244.835	1347.289	1449.149	1550.714	1652.122	1753.453	1854.754	1956.049	2057.347
156.65	8.259639E-08	7.235588E-06	0.0005194237	0.03005746	1.220897	26.3808	215.3229	609.8765	886.4243	1030.393	1140.549	1244.509	1346.952	1448.813	1550.382	1651.796	1753.135	1854.446	1955.752	2057.063
157.3	8.314483E-08	7.290401E-06	0.0005238308	0.0303407	1.233625	26.67503	217.4438	613.1377	887.656	1030.417	1140.28	1244.183	1346.616	1448.477	1550.049	1651.47	1752.817	1854.138	1955.455	2056.778
157.95	8.368686E-08	7.344702E-06	0.000528205	0.03062225	1.246294	26.96803	219.548	616.3287	888.8248	1030.419	1140.006	1243.856	1346.28	1448.141	1549.717	1651.144	1752.5	1853.83	1955.158	2056.493
158.6	8.422256E-08	7.398495E-06	0.0005325466	0.03090215	1.258903	27.25979	221.6358	619.451	889.9335	1030.4	1139.726	1243.527	1345.943	1447.805	1549.385	1650.818	1752.182	1853.522	1954.861	2056.208
159.25	8.475198E-08	7.451784E-06	0.0005368558	0.03118038	1.271454	27.55032	223.7072	622.5058	890.9844	1030.361	1139.443	1243.199	1345.607	1447.47	1549.053	1650.492	1751.864	1853.214	1954.565	2055.924
159.9	8.527522E-08	7.504575E-06	0.0005411329	0.03145698	1.283945	27.83963	225.7623	625.4946	891.9799	1030.305	1139.155	1242.869	1345.271	1447.134	1548.721	1650.166	1751.547	1852.906	1954.268	2055.639
160.55	8.579233E-08	7.556872E-06	0.0005453781	0.03173193	1.296379	28.12773	227.8014	628.4186	892.9224	1030.231	1138.864	1242.539	1344.934	1446.798	1548.39	1649.841	1751.229	1852.598	1953.971	2055.355
161.2	8.630339E-08	7.60868E-06	0.0005495916	0.03200526	1.308754	28.41461	229.8244	631.2791	893.8138	1030.142	1138.57	1242.209	1344.598	1446.463	1548.058	1649.515	1750.911	1852.291	1953.675	2055.07
161.85	8.680848E-08	7.660004E-06	0.0005537737	0.03227698	1.321071	28.70028	231.8315	634.0775	894.6565	1030.038	1138.272	1241.878	1344.261	1446.127	1547.726	1649.19	1750.594	1851.983	1953.378	2054.786
162.5	8.730767E-08	7.710847E-06	0.0005579246	0.03254708	1.333331	28.98475	233.8229	636.8148	895.4523	1029.92	1137.972	1241.547	1343.925	1445.792	1547.395	1648.864	1750.277	1851.675	1953.081	2054.501
163.15	8.780101E-08	7.761214E-06	0.0005620446	0.03281559	1.345533	29.26802	235.7986	639.4924	896.2032	1029.789	1137.67	1241.215	1343.589	1445.456	1547.063	1648.539	1749.959	1851.368	1952.785	2054.217
163.8	8.828858E-08	7.811111E-06	0.0005661338	0.03308251	1.357678	29.5501	237.7587	642.1115	896.911	1029.646	1137.365	1240.883	1343.253	1445.121	1546.732	1648.213	1749.642	1851.06	1952.488	2053.933
164.45	8.877045E-08	7.86054E-06	0.0005701926	0.03334786	1.369767	29.831	239.7034	644.6732	897.5775	1029.492	1137.058	1240.551	1342.916	1444.786	1546.4	1647.888	1749.325	1850.753	1952.192	2053.648
165.1	8.924668E-08	7.909507E-06	0.0005742211	0.03361163	1.381799	30.1107	241.6328	647.1786	898.2044	1029.327	1136.749	1240.219	1342.58	1444.451	1546.069	1647.563	1749.008	1850.445	1951.896	2053.364
165.75	8.971735E-08	7.958016E-06	0.0005782195	0.03387384	1.393774	30.38923	243.5471	649.6289	898.7933	1029.153	1136.439	1239.886	1342.244	1444.116	1545.738	1647.238	1748.691	1850.138	1951.599	2053.08
166.4	9.018251E-08	8.006071E-06	0.0005821881	0.0341345	1.405694	30.66659	245.4462	652.0252	899.3458	1028.969	1136.127	1239.554	1341.908	1443.781	1545.407	1646.913	1748.374	1849.831	1951.303	2052.796
167.05	9.064223E-08	8.053677E-06	0.0005861271	0.03439362	1.417558	30.94278	247.3303	654.3685	899.8633	1028.776	1135.813	1239.221	1341.572	1443.446	1545.076	1646.588	1748.057	1849.523	1951.007	2052.511
167.7	9.109657E-08	8.100837E-06	0.0005900367	0.03465121	1.429366	31.2178	249.1996	656.66	900.3474	1028.576	1135.499	1238.888	1341.236	1443.111	1544.745	1646.263	1747.74	1849.216	1950.711	2052.228
168.35	9.15456E-08	8.147555E-06	0.0005939173	0.03490728	1.441119	31.49166	251.0541	658.9006	900.7993	1028.367	1135.183	1238.556	1340.901	1442.776	1544.414	1645.938	1747.423	1848.909	1950.414	2051.943
169	9.198938E-08	8.193837E-06	0.0005977688	0.03516183	1.452817	31.76437	252.8939	661.0913	901.2204	1028.152	1134.866	1238.223	1340.565	1442.442	1544.083	1645.613	1747.106	1848.602	1950.118	2051.659
169.65	9.242796E-08	8.239686E-06	0.0006015916	0.03541487	1.464461	32.03593	254.7192	663.2332	901.6119	1027.93	1134.548	1237.89	1340.229	1442.107	1543.752	1645.288	1746.789	1848.295	1949.822	2051.375
170.3	9.286142E-08	8.285106E-06	0.0006053859	0.03566642	1.47605	32.30635	256.5301	665.3273	901.9752	1027.702	1134.229	1237.557	1339.894	1441.773	1543.421	1644.964	1746.473	1847.988	1949.526	2051.092
170.95	9.328981E-08	8.330101E-06	0.000609152	0.03591648	1.487585	32.57562	258.3266	667.3744	902.3112	1027.468	1133.91	1237.224	1339.558	1441.438	1543.091	1644.639	1746.156	1847.681	1949.23	2050.808
171.6	9.371318E-08	8.374675E-06	0.0006128899	0.03616506	1.499065	32.84376	260.1089	669.3755	902.6212	1027.229	1133.59	1236.891	1339.223	1441.104	1542.76	1644.314	1745.839	1847.374	1948.934	2050.524
172.25	9.413161E-08	8.418832E-06	0.0006165999	0.03641217	1.510492	33.11076	261.8771	671.3315	902.9063	1026.985	1133.269	1236.558	1338.887	1440.77	1542.429	1643.99	1745.523	1847.067	1948.639	2050.24
172.9	9.454514E-08	8.462576E-06	0.0006202823	0.03665783	1.521866	33.37664	263.6312	673.2435	903.1674	1026.736	1132.948	1236.225	1338.552	1440.436	1542.099	1643.666	1745.206	1846.76	1948.343	2049.956
173.55	9.495383E-08	8.505911E-06	0.0006239372	0.03690202	1.533187	33.6414	265.3715	675.1121	903.4055	1026.482	1132.626	1235.892	1338.217	1440.102	1541.769	1643.341	1744.89	1846.453	1948.047	2049.673
174.2	9.535775E-08	8.548841E-06	0.0006275649	0.03714477	1.544454	33.90504	267.0979	676.9382	903.6215	1026.225	1132.304	1235.56	1337.882	1439.768	1541.438	1643.017	1744.574	1846.147	1947.751	2049.389
174.85	9.575694E-08	8.591368E-06	0.0006311655	0.03738609	1.555669	34.16757	268.8106	678.7228	903.8165	1025.963	1131.981	1235.227	1337.547	1439.434	1541.108	1642.693	1744.257	1845.84	1947.456	2049.105
175.5	9.615146E-08	8.633499E-06	0.0006347393	0.03762598	1.566831	34.42899	270.5097	680.4667	903.9912	1025.698	1131.658	1234.894	1337.212	1439.1	1540.778	1642.368	1743.941	1845.533	1947.16	2048.822
176.15	9.654137E-08	8.675234E-06	0.0006382864	0.03786445	1.577941	34.68931	272.1953	682.1707	904.1465	1025.43	1131.334	1234.561	1336.877	1438.766	1540.448	1642.044	1743.625	1845.227	1946.865	2048.538
176.8	9.692671E-08	8.716579E-06	0.000641807	0.03810151	1.588999	34.94852	273.8675	683.8354	904.2831	1025.159	1131.011	1234.229	1336.542	1438.432	1540.118	1641.72	1743.309	1844.92	1946.569	2048.255
177.45	9.730756E-08	8.757538E-06	0.0006453014	0.03833717	1.600006	35.20665	275.5264	685.4619	904.402	1024.885	1130.687	1233.896	1336.208	1438.099	1539.788	1641.396	1742.993	1844.614	1946.273	2047.971
178.1	9.768394E-08	8.798113E-06	0.0006487698	0.03857143	1.61096	35.46368	277.172	687.0507	904.5037	1024.607	1130.363	1233.564	1335.873	1437.765	1539.458	1641.073	1742.677	1844.308	1945.978	2047.688
178.75	9.805592E-08	8.838309E-06	0.0006522122	0.03880431	1.621864	35.71962	278.8046	688.6027	904.5889	1024.328	1130.038	1233.231	1335.539	1437.432	1539.128	1640.749	1742.361	1844.001	1945.683	2047.404
179.4	9.842356E-08	8.878129E-06	0.000655629	0.03903581	1.632716	35.97449	280.4241	690.1186	904.6584	1024.046	1129.714	1232.899	1335.204	1437.099	1538.799	1640.425	1742.045	1843.695	1945.387	2047.121
180.05	9.878689E-08	8.917576E-06	0.0006590203	0.03926594	1.643518	36.22828	282.0307	691.5991	904.7129	1023.762	1129.389	1232.567	1334.87	1436.765	1538.469	1640.101	1741.729	1843.389	1945.092	2046.838
180.7	9.914597E-08	8.956654E-06	0.0006623864	0.03949471	1.654269	36.481	283.6244	693.0449	904.7529	1023.476	1129.064	1232.234	1334.536	1436.432	1538.14	1639.778	1741.414	1843.083	1944.797	2046.554
181.35	9.950085E-08	8.995366E-06	0.0006657272	0.03972213	1.66497	36.73264	285.2054	694.4568	904.779	1023.187	1128.74	1231.902	1334.202	1436.099	1537.81	1639.454	1741.098	1842.776	1944.502	2046.271
182	9.985159E-08	9.033717E-06	0.0006690433	0.0399482	1.675621	36.98322	286.7738	695.8353	904.7918	1022.897	1128.415	1231.57	1333.867	1435.766	1537.481	1639.131	1740.783	1842.47	1944.206	2045.988
182.65	1.001982E-07	9.071709E-06	0.0006723346	0.04017293	1.686222	37.23275	288.3297	697.1812	904.7918	1022.606	1128.09	1231.238	1333.533	1435.433	1537.151	1638.807	1740.467	1842.164	1943.911	2045.705
183.3	1.005408E-07	9.109344E-06	0.0006756012	0.04039634	1.696774	37.48122	289.873	698.4951	904.7797	1022.313	1127.765	1230.906	1333.2	1435.1	1536.822	1638.484	1740.151	1841.859	1943.616	2045.422
183.95	1.008794E-07	9.146628E-06	0.0006788436	0.04061842	1.707276	37.72864	291.404	699.7776	904.7557	1022.018	1127.439	1230.575	1332.866	1434.767	1536.493	1638.161	1739.836	1841.553	1943.321	2045.139
184.6	1.01214E-07	9.183564E-06	0.0006820618	0.0408392	1.717729	37.97501	292.9227	701.0295	904.7206	1021.722	1127.114	1230.243	1332.532	1434.435	1536.164	1637.837	1739.521	1841.247	1943.026	2044.856
185.25	1.015447E-07	9.220154E-06	0.000685256	0.04105866	1.728132	38.22034	294.4293	702.2512	904.6747	1021.425	1126.789	1229.911	1332.198	1434.102	1535.835	1637.514	1739.205	1840.941	1942.731	2044.573
185.9	1.018715E-07	9.256401E-06	0.0006884264	0.04127682	1.738488	38.46463	295.9237	703.4434	904.6185	1021.126	1126.464	1229.58	1331.865	1433.769	1535.506	1637.191	1738.89	1840.635	1942.436	2044.29
186.55	1.021945E-07	9.292309E-06	0.0006915731	0.0414937	1.748795	38.70789	297.4061	704.6066	904.5523	1020.827	1126.139	1229.248	1331.531	1433.437	1535.177	1636.868	1738.575	1840.33	1942.142	2044.007
187.2	1.025137E-07	9.327881E-06	0.0006946963	0.04170929	1.759053	38.95012	298.8766	705.7415	904.4766	1020.526	1125.813	1228.917	1331.198	1433.104	1534.848	1636.545	1738.26	1840.024	1941.847	2043.724
187.85	1.028292E-07	9.363121E-06	0.0006977963	0.04192361	1.769264	39.19132	300.3353	706.8487	904.3919	1020.225	1125.488	1228.585	1330.865	1432.772	1534.519	1636.222	1737.945	1839.718	1941.552	2043.441
188.5	1.03141E-07	9.398031E-06	0.0007008731	0.04213666	1.779426	39.4315	301.7823	707.9286	904.2985	1019.923	1125.163	1228.254	1330.531	1432.44	1534.191	1635.899	1737.63	1839.413	1941.257	2043.159
189.15	1.034492E-07	9.432614E-06	0.000703927	0.04234845	1.789542	39.67067	303.2175	708.9818	904.1966	1019.62	1124.838	1227.923	1330.198	1432.108	1533.862	1635.577	1737.315	1839.107	1940.963	2042.876
189.8	1.037537E-07	9.466874E-06	0.0007069581	0.04255899	1.79961	39.90882	304.6412	710.0089	904.0867	1019.316	1124.513	1227.592	1329.865	1431.776	1533.533	1635.254	1737	1838.802	1940.668	2042.593
190.45	1.040547E-07	9.500813E-06	0.0007099666	0.04276828	1.80963	40.14596	306.0534	711.0104	903.9692	1019.011	1124.188	1227.261	1329.532	1431.444	1533.205	1634.931	1736.685	1838.496	1940.374	2042.311
191.1	1.043522E-07	9.534435E-06	0.0007129526	0.04297633	1.819604	40.3821	307.4543	711.9867	903.8443	1018.706	1123.863	1226.93	1329.199	1431.112	1532.877	1634.609	1736.37	1838.191	1940.079	2042.028
191.75	1.046462E-07	9.567741E-06	0.0007159165	0.04318316	1.829531	40.61724	308.8438	712.9384	903.7123	1018.4	1123.538	1226.599	1328.867	1430.78	1532.548	1634.286	1736.056	1837.886	1939.785	2041.745
192.4	1.049368E-07	9.600737E-06	0.0007188582	0.04338875	1.839412	40.85138	310.222	713.866	903.5736	1018.094	1123.213	1226.269	1328.534	1430.448	1532.22	1633.964	1735.741	1837.581	1939.49	2041.463
193.05	1.052239E-07	9.633424E-06	0.0007217779	0.04359314	1.849246	41.08453	311.5891	714.77	903.4284	1017.787	1122.888	1225.938	1328.201	1430.116	1531.892	1633.641	1735.426	1837.276	1939.196	2041.18
193.7	1.055077E-07	9.665805E-06	0.0007246758	0.04379631	1.859035	41.3167	312.9452	715.6508	903.277	1017.479	1122.563	1225.608	1327.869	1429.785	1531.564	1633.319	1735.112	1836.97	1938.902	2040.898
194.35	1.057882E-07	9.697883E-06	0.0007275522	0.04399828	1.868777	41.54787	314.2902	716.5089	903.1196	1017.171	1122.238	1225.277	1327.536	1429.453	1531.236	1632.997	1734.797	1836.665	1938.607	2040.615
195	1.060654E-07	9.729661E-06	0.0007304071	0.04419906	1.878474	41.77807	315.6243	717.3447	902.9565	1016.863	1121.914	1224.947	1327.204	1429.122	1530.908	1632.675	1734.483	1836.36	1938.313	2040.333
195.65	1.063393E-07	9.761142E-06	0.0007332407	0.04439865	1.888126	42.0073	316.9477	718.1588	902.7879	1016.555	1121.589	1224.617	1326.872	1428.79	1530.58	1632.352	1734.168	1836.055	1938.019	2040.051
196.3	1.066101E-07	9.792328E-06	0.0007360532	0.04459706	1.897732	42.23555	318.2602	718.9515	902.6141	1016.246	1121.265	1224.286	1326.54	1428.459	1530.252	1632.03	1733.854	1835.75	1937.725	2039.769
196.95	1.068777E-07	9.823222E-06	0.0007388447	0.04479429	1.907293	42.46283	319.5621	719.7232	902.4352	1015.937	1120.94	1223.956	1326.207	1428.128	1529.924	1631.708	1733.54	1835.446	1937.431	2039.486
197.6	1.071421E-07	9.853828E-06	0.0007416154	0.04499036	1.91681	42.68914	320.8534	720.4744	902.2515	1015.627	1120.616	1223.626	1325.875	1427.797	1529.597	1631.386	1733.226	1835.141	1937.137	2039.204
198.25	1.074035E-07	9.884146E-06	0.0007443654	0.04518527	1.926282	42.91451	322.1342	721.2055	902.0633	1015.317	1120.292	1223.297	1325.543	1427.466	1529.269	1631.065	1732.912	1834.836	1936.843	2038.922
198.9	1.076618E-07	9.914182E-06	0.0007470949	0.04537903	1.93571	43.1389	323.4045	721.9169	901.8705	1015.007	1119.967	1222.967	1325.212	1427.135	1528.942	1630.743	1732.598	1834.531	1936.549	2038.64
199.55	1.079171E-07	9.943937E-06	0.0007498041	0.04557164	1.945093	43.36235	324.6645	722.6089	901.6736	1014.697	1119.643	1222.637	1324.88	1426.804	1528.614	1630.421	1732.284	1834.227	1936.255	2038.358
200.2	1.081694E-07	9.973412E-06	0.000752493	0.04576311	1.954433	43.58485	325.9142	723.2821	901.4727	1014.387	1119.319	1222.307	1324.548	1426.473	1528.287	1630.099	1731.97	1833.922	1935.961	2038.076
200.85	1.084187E-07	1.000261E-05	0.0007551619	0.04595344	1.963729	43.80641	327.1537	723.9367	901.2678	1014.076	1118.995	1221.978	1324.217	1426.142	1527.959	1629.778	1731.656	1833.618	1935.667	2037.794
201.5	1.086651E-07	1.003154E-05	0.0007578109	0.04614265	1.972981	44.02703	328.3831	724.5731	901.0591	1013.765	1118.671	1221.649	1323.885	1425.812	1527.632	1629.456	1731.342	1833.313	1935.373	2037.512
202.15	1.089087E-07	1.00602E-05	0.0007604401	0.04633074	1.98219	44.2467	329.6024	725.1917	900.8469	1013.454	1118.347	1221.319	1323.554	1425.481	1527.305	1629.135	1731.028	1833.009	1935.08	2037.23
202.8	1.091494E-07	1.008858E-05	0.0007630498	0.04651772	1.991356	44.46545	330.8117	725.7928	900.6313	1013.143	1118.024	1220.99	1323.222	1425.15	1526.978	1628.814	1730.714	1832.704	1934.786	2036.948
203.45	1.093873E-07	1.011671E-05	0.0007656399	0.0467036	2.000479	44.68327	332.0111	726.3768	900.4125	1012.832	1117.7	1220.661	1322.891	1424.82	1526.651	1628.492	1730.401	1832.4	1934.492	2036.666
204.1	1.096224E-07	1.014457E-05	0.0007682107	0.04688837	2.00956	44.90015	333.2007	726.944	900.1904	1012.521	1117.376	1220.332	1322.56	1424.49	1526.324	1628.171	1730.087	1832.096	1934.199	2036.385
204.75	1.098547E-07	1.017217E-05	0.0007707624	0.04707205	2.018597	45.11612	334.3805	727.4949	899.9654	1012.21	1117.053	1220.003	1322.229	1424.159	1525.997	1627.85	1729.774	1831.792	1933.905	2036.103
205.4	1.100844E-07	1.019951E-05	0.0007732951	0.04725464	2.027593	45.33118	335.5506	728.0296	899.7375	1011.898	1116.73	1219.674	1321.898	1423.829	1525.67	1627.529	1729.46	1831.487	1933.612	2035.821
206.05	1.103113E-07	1.022659E-05	0.0007758088	0.04743616	2.036546	45.54531	336.7111	728.5485	899.5068	1011.587	1116.406	1219.345	1321.567	1423.499	1525.344	1627.208	1729.147	1831.183	1933.318	2035.539
206.7	1.105356E-07	1.025342E-05	0.0007783038	0.04761659	2.045457	45.75854	337.862	729.0519	899.2736	1011.275	1116.083	1219.016	1321.236	1423.169	1525.017	1626.887	1728.833	1830.879	1933.025	2035.258
207.35	1.107573E-07	1.028E-05	0.0007807802	0.04779596	2.054327	45.97086	339.0035	729.5403	899.0377	1010.964	1115.76	1218.688	1320.905	1422.839	1524.69	1626.566	1728.52	1830.575	1932.732	2034.976
208	1.109763E-07	1.030633E-05	0.0007832381	0.04797427	2.063155	46.18228	340.1355	730.0137	898.7995	1010.652	1115.437	1218.359	1320.575	1422.509	1524.364	1626.245	1728.207	1830.271	1932.438	2034.695
208.65	1.111929E-07	1.033242E-05	0.0007856776	0.04815153	2.071942	46.39279	341.2582	730.4726	898.5589	1010.341	1115.114	1218.031	1320.244	1422.179	1524.037	1625.924	1727.894	1829.967	1932.145	2034.413
209.3	1.114068E-07	1.035826E-05	0.000788099	0.04832774	2.080688	46.60242	342.3717	730.9172	898.3162	1010.029	1114.791	1217.703	1319.914	1421.85	1523.711	1625.603	1727.581	1829.664	1931.852	2034.132
209.95	1.116183E-07	1.038386E-05	0.0007905024	0.0485029	2.089392	46.81115	343.4759	731.3479	898.0712	1009.717	1114.469	1217.374	1319.583	1421.52	1523.385	1625.283	1727.267	1829.36	1931.559	2033.85
210.6	1.118273E-07	1.040922E-05	0.0007928878	0.04867703	2.098056	47.01899	344.571	731.7648	897.8243	1009.406	1114.146	1217.046	1319.253	1421.19	1523.058	1624.962	1726.954	1829.056	1931.266	2033.569
211.25	1.120339E-07	1.043434E-05	0.0007952554	0.04885013	2.106679	47.22594	345.657	732.1684	897.5754	1009.094	1113.823	1216.718	1318.923	1420.861	1522.732	1624.641	1726.641	1828.752	1930.973	2033.288
211.9	1.12238E-07	1.045923E-05	0.0007976053	0.0490222	2.115262	47.43202	346.734	732.5588	897.3247	1008.783	1113.501	1216.39	1318.593	1420.532	1522.406	1624.321	1726.329	1828.449	1930.68	2033.006
212.55	1.124398E-07	1.048389E-05	0.0007999377	0.04919325	2.123805	47.63722	347.8021	732.9363	897.0721	1008.471	1113.179	1216.062	1318.262	1420.202	1522.08	1624.001	1726.016	1828.145	1930.387	2032.725
213.2	1.126392E-07	1.050831E-05	0.0008022527	0.0493633	2.132307	47.84155	348.8613	733.3011	896.8179	1008.159	1112.856	1215.734	1317.932	1419.873	1521.754	1623.68	1725.703	1827.842	1930.094	2032.444
213.85	1.128363E-07	1.053251E-05	0.0008045505	0.04953234	2.14077	48.045	349.9117	733.6536	896.5621	1007.848	1112.534	1215.407	1317.603	1419.544	1521.428	1623.36	1725.39	1827.538	1929.801	2032.163
214.5	1.13031E-07	1.055648E-05	0.0008068311	0.04970037	2.149193	48.24759	350.9533	733.994	896.3047	1007.536	1112.212	1215.079	1317.273	1419.215	1521.103	1623.04	1725.078	1827.235	1929.508	2031.881
215.15	1.132235E-07	1.058022E-05	0.0008090947	0.04986741	2.157577	48.44931	351.9863	734.3224	896.0458	1007.225	1111.89	1214.751	1316.943	1418.886	1520.777	1622.72	1724.765	1826.931	1929.215	2031.6
215.8	1.134137E-07	1.060375E-05	0.0008113415	0.05003347	2.165921	48.65018	353.0107	734.6392	895.7854	1006.913	1111.568	1214.424	1316.613	1418.557	1520.451	1622.4	1724.453	1826.628	1928.923	2031.319
216.45	1.136017E-07	1.062705E-05	0.0008135714	0.05019854	2.174227	48.85019	354.0265	734.9446	895.5237	1006.602	1111.246	1214.097	1316.284	1418.228	1520.126	1622.08	1724.14	1826.325	1928.63	2031.038
217.1	1.137876E-07	1.065013E-05	0.0008157847	0.05036264	2.182493	49.04934	355.0338	735.2388	895.2607	1006.291	1110.925	1213.769	1315.954	1417.899	1519.8	1621.76	1723.828	1826.021	1928.337	2030.757
217.75	1.139712E-07	1.0673E-05	0.0008179815	0.05052576	2.190721	49.24765	356.0327	735.522	894.9965	1005.979	1110.603	1213.442	1315.625	1417.57	1519.475	1621.44	1723.515	1825.718	1928.045	2030.476
218.4	1.141527E-07	1.069566E-05	0.000820162	0.05068792	2.19891	49.44511	357.0233	735.7946	894.731	1005.668	1110.281	1213.115	1315.296	1417.242	1519.149	1621.12	1723.203	1825.415	1927.752	2030.196
219.05	1.14332E-07	1.07181E-05	0.0008223262	0.05084912	2.207061	49.64173	358.0055	736.0565	894.4645	1005.357	1109.96	1212.788	1314.966	1416.913	1518.824	1620.8	1722.891	1825.112	1927.46	2029.915
219.7	1.145093E-07	1.074033E-05	0.0008244742	0.05100936	2.215173	49.83751	358.9796	736.3082	894.1968	1005.046	1109.639	1212.461	1314.637	1416.585	1518.499	1620.48	1722.578	1824.809	1927.167	2029.634
220.35	1.146845E-07	1.076236E-05	0.0008266062	0.05116866	2.223248	50.03246	359.9454	736.5497	893.9281	1004.735	1109.318	1212.135	1314.308	1416.256	1518.174	1620.161	1722.266	1824.506	1926.875	2029.353
221	1.148576E-07	1.078418E-05	0.0008287223	0.05132702	2.231285	50.22657	360.9031	736.7814	893.6584	1004.424	1108.996	1211.808	1313.979	1415.928	1517.849	1619.841	1721.954	1824.203	1926.582	2029.072
221.65	1.150288E-07	1.080579E-05	0.0008308226	0.05148443	2.239284	50.41985	361.8527	737.0033	893.3878	1004.113	1108.675	1211.481	1313.651	1415.6	1517.524	1619.522	1721.642	1823.9	1926.29	2028.792
222.3	1.151979E-07	1.08272E-05	0.0008329073	0.05164092	2.247246	50.61232	362.7944	737.2157	893.1162	1003.802	1108.354	1211.155	1313.322	1415.272	1517.199	1619.202	1721.33	1823.598	1925.998	2028.511
222.95	1.15365E-07	1.084842E-05	0.0008349764	0.05179648	2.25517	50.80395	363.7281	737.4188	892.8438	1003.491	1108.034	1210.828	1312.993	1414.944	1516.874	1618.883	1721.018	1823.295	1925.706	2028.23
223.6	1.155302E-07	1.086943E-05	0.0008370301	0.05195112	2.263057	50.99477	364.6539	737.6128	892.5706	1003.18	1107.713	1210.502	1312.664	1414.616	1516.549	1618.564	1720.707	1822.992	1925.413	2027.95
224.25	1.156935E-07	1.089025E-05	0.0008390684	0.05210484	2.270907	51.18478	365.5719	737.7979	892.2965	1002.87	1107.392	1210.176	1312.336	1414.288	1516.224	1618.245	1720.395	1822.69	1925.121	2027.669
224.9	1.158548E-07	1.091087E-05	0.0008410916	0.05225766	2.27872	51.37397	366.4821	737.9741	892.0217	1002.559	1107.072	1209.849	1312.007	1413.96	1515.9	1617.925	1720.083	1822.387	1924.829	2027.389
225.55	1.160143E-07	1.09313E-05	0.0008430996	0.05240957	2.286497	51.56236	367.3847	738.1417	891.7462	1002.249	1106.751	1209.523	1311.679	1413.632	1515.575	1617.606	1719.771	1822.084	1924.537	2027.109
226.2	1.161718E-07	1.095154E-05	0.0008450927	0.05256058	2.294238	51.74994	368.2795	738.301	891.47	1001.938	1106.431	1209.197	1311.351	1413.305	1515.251	1617.287	1719.46	1821.782	1924.245	2026.828
226.85	1.163276E-07	1.097159E-05	0.0008470709	0.0527107	2.301942	51.93671	369.1668	738.452	891.1932	1001.628	1106.11	1208.871	1311.022	1412.977	1514.926	1616.968	1719.148	1821.479	1923.953	2026.548
227.5	1.164815E-07	1.099145E-05	0.0008490343	0.05285993	2.309609	52.12269	370.0466	738.5949	890.9158	1001.318	1105.79	1208.546	1310.694	1412.649	1514.602	1616.649	1718.837	1821.177	1923.661	2026.267
228.15	1.166336E-07	1.101112E-05	0.0008509831	0.05300828	2.317241	52.30788	370.9188	738.7299	890.6378	1001.007	1105.47	1208.22	1310.366	1412.322	1514.278	1616.331	1718.526	1820.875	1923.37	2025.987
228.8	1.16784E-07	1.103062E-05	0.0008529174	0.05315575	2.324838	52.49227	371.7836	738.8571	890.3591	1000.697	1105.15	1207.894	1310.038	1411.995	1513.953	1616.012	1718.214	1820.573	1923.078	2025.707
229.45	1.169326E-07	1.104992E-05	0.0008548373	0.05330234	2.332398	52.67587	372.6411	738.9767	890.08	1000.387	1104.83	1207.569	1309.711	1411.667	1513.629	1615.693	1717.903	1820.27	1922.786	2025.427
230.1	1.170794E-07	1.106905E-05	0.0008567428	0.05344807	2.339923	52.85869	373.4912	739.0889	889.8004	1000.077	1104.51	1207.243	1309.383	1411.34	1513.305	1615.374	1717.592	1819.968	1922.494	2025.147
230.75	1.172246E-07	1.1088E-05	0.0008586341	0.05359294	2.347413	53.04073	374.3341	739.1937	889.5202	999.7675	1104.191	1206.918	1309.055	1411.013	1512.981	1615.056	1717.28	1819.666	1922.203	2024.866
231.4	1.17368E-07	1.110677E-05	0.0008605113	0.05373695	2.354868	53.22198	375.1697	739.2914	889.2396	999.4577	1103.871	1206.593	1308.727	1410.686	1512.657	1614.737	1716.969	1819.364	1921.911	2024.586
232.05	1.175097E-07	1.112537E-05	0.0008623745	0.0538801	2.362288	53.40247	375.9982	739.3821	888.9586	999.148	1103.551	1206.268	1308.4	1410.359	1512.333	1614.419	1716.658	1819.062	1921.619	2024.306
232.7	1.176498E-07	1.114379E-05	0.0008642238	0.05402241	2.369673	53.58217	376.8196	739.466	888.6771	998.8384	1103.232	1205.943	1308.073	1410.032	1512.01	1614.1	1716.347	1818.76	1921.328	2024.026
233.35	1.177883E-07	1.116204E-05	0.0008660593	0.05416388	2.377023	53.76111	377.6339	739.5431	888.3953	998.5289	1102.913	1205.617	1307.745	1409.705	1511.686	1613.782	1716.036	1818.458	1921.036	2023.746
234	1.179251E-07	1.118012E-05	0.0008678811	0.05430451	2.384339	53.93929	378.4413	739.6136	888.1131	998.2195	1102.593	1205.293	1307.418	1409.378	1511.362	1613.464	1715.725	1818.156	1920.745	2023.467
234.65	1.180604E-07	1.119803E-05	0.0008696893	0.05444431	2.391621	54.11669	379.2416	739.6776	887.8305	997.9102	1102.274	1204.968	1307.091	1409.052	1511.039	1613.146	1715.414	1817.854	1920.453	2023.187
235.3	1.18194E-07	1.121578E-05	0.0008714841	0.05458328	2.398869	54.29334	380.0351	739.7353	887.5476	997.601	1101.955	1204.643	1306.764	1408.725	1510.715	1612.828	1715.104	1817.553	1920.162	2022.907
235.95	1.183261E-07	1.123335E-05	0.0008732654	0.05472143	2.406082	54.46923	380.8217	739.7868	887.2643	997.2918	1101.636	1204.318	1306.437	1408.399	1510.392	1612.51	1714.793	1817.251	1919.871	2022.627
236.6	1.184567E-07	1.125077E-05	0.0008750335	0.05485876	2.413262	54.64437	381.6016	739.8322	886.9808	996.9827	1101.317	1203.994	1306.11	1408.072	1510.069	1612.192	1714.482	1816.949	1919.58	2022.347
237.25	1.185857E-07	1.126801E-05	0.0008767883	0.05499528	2.420408	54.81876	382.3747	739.8717	886.697	996.6738	1100.999	1203.669	1305.783	1407.746	1509.745	1611.874	1714.172	1816.648	1919.288	2022.068
237.9	1.187132E-07	1.12851E-05	0.0008785301	0.05513099	2.42752	54.9924	383.1411	739.9053	886.4129	996.3649	1100.68	1203.345	1305.456	1407.42	1509.422	1611.556	1713.861	1816.346	1918.997	2021.788
238.55	1.188392E-07	1.130203E-05	0.0008802589	0.05526589	2.434599	55.16529	383.9008	739.9332	886.1286	996.0562	1100.361	1203.021	1305.129	1407.093	1509.099	1611.238	1713.551	1816.045	1918.706	2021.508
239.2	1.189638E-07	1.13188E-05	0.0008819748	0.0554	2.441645	55.33744	384.6539	739.9555	885.844	995.7474	1100.043	1202.697	1304.803	1406.767	1508.776	1610.92	1713.24	1815.743	1918.415	2021.229
239.85	1.190869E-07	1.133541E-05	0.0008836779	0.05553332	2.448658	55.50886	385.4005	739.9724	885.5592	995.4388	1099.724	1202.372	1304.476	1406.441	1508.453	1610.603	1712.93	1815.442	1918.124	2020.949
240.5	1.192085E-07	1.135187E-05	0.0008853683	0.05566584	2.455638	55.67954	386.1406	739.9838	885.2742	995.1304	1099.406	1202.048	1304.15	1406.115	1508.13	1610.285	1712.62	1815.141	1917.833	2020.67
241.15	1.193288E-07	1.136817E-05	0.0008870461	0.05579758	2.462586	55.84948	386.8742	739.99	884.989	994.822	1099.088	1201.724	1303.823	1405.789	1507.807	1609.967	1712.309	1814.839	1917.542	2020.39
241.8	1.194476E-07	1.138432E-05	0.0008887113	0.05592855	2.469501	56.0187	387.6014	739.991	884.7036	994.5137	1098.77	1201.401	1303.497	1405.464	1507.484	1609.65	1711.999	1814.538	1917.251	2020.111
242.45	1.19565E-07	1.140032E-05	0.0008903642	0.05605873	2.476383	56.18719	388.3223	739.9869	884.418	994.2054	1098.452	1201.077	1303.171	1405.138	1507.162	1609.333	1711.689	1814.237	1916.96	2019.831
243.1	1.196811E-07	1.141617E-05	0.0008920047	0.05618815	2.483233	56.35496	389.0368	739.9779	884.1322	993.8973	1098.134	1200.753	1302.845	1404.812	1506.839	1609.015	1711.379	1813.936	1916.67	2019.552
243.75	1.197958E-07	1.143188E-05	0.0008936329	0.0563168	2.490051	56.522	389.7451	739.9641	883.8463	993.5893	1097.816	1200.43	1302.519	1404.487	1506.516	1608.698	1711.069	1813.635	1916.379	2019.273
244.4	1.199091E-07	1.144743E-05	0.0008952491	0.05644469	2.496836	56.68833	390.4472	739.9454	883.5602	993.2814	1097.498	1200.106	1302.193	1404.161	1506.194	1608.381	1710.759	1813.333	1916.088	2018.994
245.05	1.200212E-07	1.146284E-05	0.0008968532	0.05657182	2.503591	56.85394	391.1431	739.9222	883.274	992.9735	1097.181	1199.783	1301.867	1403.836	1505.871	1608.063	1710.449	1813.033	1915.797	2018.714
245.7	1.201319E-07	1.147811E-05	0.0008984453	0.0566982	2.510313	57.01884	391.8328	739.8943	882.9877	992.6658	1096.863	1199.46	1301.541	1403.51	1505.549	1607.746	1710.139	1812.732	1915.507	2018.435
246.35	1.202413E-07	1.149323E-05	0.0009000255	0.05682383	2.517004	57.18304	392.5165	739.862	882.7014	992.3581	1096.546	1199.136	1301.216	1403.185	1505.227	1607.429	1709.829	1812.431	1915.216	2018.156
247	1.203495E-07	1.150821E-05	0.0009015939	0.05694872	2.523663	57.34652	393.1941	739.8253	882.4148	992.0505	1096.228	1198.813	1300.89	1402.86	1504.905	1607.112	1709.52	1812.13	1914.926	2017.877
247.65	1.204564E-07	1.152305E-05	0.0009031506	0.05707286	2.530292	57.50931	393.8658	739.7843	882.1282	991.7431	1095.911	1198.49	1300.565	1402.535	1504.583	1606.796	1709.21	1811.829	1914.635	2017.598
248.3	1.20562E-07	1.153775E-05	0.0009046958	0.05719628	2.536889	57.67139	394.5314	739.7391	881.8414	991.4357	1095.594	1198.167	1300.239	1402.21	1504.26	1606.479	1708.9	1811.528	1914.345	2017.319
248.95	1.206664E-07	1.155231E-05	0.0009062294	0.05731896	2.543455	57.83278	395.1912	739.6898	881.5546	991.1285	1095.277	1197.844	1299.914	1401.885	1503.938	1606.162	1708.591	1811.228	1914.055	2017.04
249.6	1.207696E-07	1.156674E-05	0.0009077515	0.05744092	2.54999	57.99347	395.8452	739.6364	881.2678	990.8213	1094.96	1197.522	1299.589	1401.56	1503.617	1605.845	1708.281	1810.927	1913.764	2016.761
250.25	1.208715E-07	1.158103E-05	0.0009092623	0.05756215	2.556495	58.15347	396.4933	739.5791	880.9808	990.5142	1094.643	1197.199	1299.263	1401.235	1503.295	1605.529	1707.972	1810.627	1913.474	2016.482
250.9	1.209723E-07	1.159519E-05	0.0009107618	0.05768267	2.562969	58.31278	397.1356	739.5179	880.6938	990.2072	1094.326	1196.876	1298.938	1400.91	1502.973	1605.212	1707.662	1810.326	1913.184	2016.203
251.55	1.210719E-07	1.160922E-05	0.0009122501	0.05780247	2.569413	58.4714	397.7722	739.4529	880.4067	989.9003	1094.009	1196.554	1298.613	1400.586	1502.651	1604.896	1707.353	1810.026	1912.894	2015.924
252.2	1.211703E-07	1.162312E-05	0.0009137274	0.05792157	2.575826	58.62934	398.403	739.3843	880.1196	989.5936	1093.693	1196.232	1298.288	1400.261	1502.329	1604.579	1707.044	1809.725	1912.603	2015.646
252.85	1.212676E-07	1.163688E-05	0.0009151936	0.05803996	2.58221	58.7866	399.0283	739.312	879.8325	989.2869	1093.376	1195.909	1297.964	1399.937	1502.008	1604.263	1706.735	1809.425	1912.313	2015.367
253.5	1.213638E-07	1.165052E-05	0.0009166489	0.05815765	2.588563	58.94319	399.6479	739.236	879.5453	988.9803	1093.06	1195.587	1297.639	1399.612	1501.686	1603.946	1706.426	1809.125	1912.023	2015.088
254.15	1.214588E-07	1.166403E-05	0.0009180933	0.05827464	2.594887	59.09909	400.262	739.1566	879.2581	988.6738	1092.743	1195.265	1297.314	1399.288	1501.365	1603.63	1706.116	1808.824	1911.733	2014.809
254.8	1.215527E-07	1.167741E-05	0.000919527	0.05839094	2.601181	59.25433	400.8706	739.0738	878.9708	988.3674	1092.427	1194.943	1296.989	1398.964	1501.044	1603.314	1705.807	1808.524	1911.443	2014.531
255.45	1.216455E-07	1.169067E-05	0.0009209499	0.05850655	2.607446	59.4089	401.4736	738.9876	878.6835	988.061	1092.111	1194.621	1296.665	1398.64	1500.722	1602.998	1705.498	1808.224	1911.153	2014.252
256.1	1.217372E-07	1.17038E-05	0.0009223622	0.05862148	2.613681	59.5628	402.0713	738.8981	878.3962	987.7548	1091.795	1194.299	1296.34	1398.315	1500.401	1602.682	1705.19	1807.924	1910.864	2013.974
256.75	1.218279E-07	1.171681E-05	0.000923764	0.05873572	2.619887	59.71603	402.6635	738.8055	878.1089	987.4487	1091.479	1193.977	1296.016	1397.991	1500.08	1602.366	1704.881	1807.624	1910.574	2013.695
257.4	1.219175E-07	1.17297E-05	0.0009251554	0.05884929	2.626063	59.86861	403.2503	738.7097	877.8216	987.1427	1091.163	1193.656	1295.692	1397.667	1499.759	1602.05	1704.572	1807.324	1910.284	2013.417
258.05	1.22006E-07	1.174247E-05	0.0009265363	0.05896219	2.632211	60.02053	403.8318	738.6107	877.5343	986.8367	1090.847	1193.334	1295.368	1397.344	1499.438	1601.734	1704.263	1807.024	1909.994	2013.138
258.7	1.220935E-07	1.175512E-05	0.000927907	0.05907442	2.63833	60.17179	404.4081	738.5088	877.247	986.5309	1090.532	1193.012	1295.044	1397.02	1499.117	1601.418	1703.954	1806.724	1909.704	2012.86
259.35	1.2218E-07	1.176765E-05	0.0009292674	0.05918599	2.64442	60.3224	404.9791	738.4039	876.9597	986.2252	1090.216	1192.691	1294.72	1396.696	1498.796	1601.102	1703.646	1806.424	1909.415	2012.582
260	1.222655E-07	1.178006E-05	0.0009306177	0.05929689	2.650481	60.47235	405.5449	738.2961	876.6724	985.9196	1089.901	1192.37	1294.396	1396.372	1498.475	1600.787	1703.337	1806.125	1909.125	2012.303
260.65	1.223499E-07	1.179236E-05	0.0009319579	0.05940714	2.656515	60.62166	406.1055	738.1854	876.3851	985.614	1089.585	1192.048	1294.072	1396.049	1498.155	1600.471	1703.029	1805.825	1908.836	2012.025
261.3	1.224334E-07	1.180454E-05	0.0009332881	0.05951674	2.662519	60.77032	406.661	738.072	876.0978	985.3086	1089.27	1191.727	1293.748	1395.725	1497.834	1600.156	1702.72	1805.525	1908.546	2011.747
261.95	1.225159E-07	1.181661E-05	0.0009346084	0.05962568	2.668496	60.91835	407.2114	737.9558	875.8105	985.0032	1088.955	1191.406	1293.424	1395.402	1497.513	1599.84	1702.412	1805.225	1908.257	2011.469
262.6	1.225975E-07	1.182856E-05	0.0009359188	0.05973398	2.674444	61.06573	407.7568	737.837	875.5233	984.698	1088.64	1191.085	1293.101	1395.079	1497.193	1599.525	1702.104	1804.926	1907.967	2011.191
263.25	1.226781E-07	1.18404E-05	0.0009372195	0.05984164	2.680365	61.21247	408.2971	737.7155	875.2361	984.3928	1088.324	1190.764	1292.777	1394.755	1496.872	1599.209	1701.795	1804.626	1907.678	2010.912
263.9	1.227577E-07	1.185213E-05	0.0009385104	0.05994866	2.686258	61.35859	408.8325	737.5915	874.949	984.0878	1088.01	1190.443	1292.454	1394.432	1496.552	1598.894	1701.487	1804.327	1907.389	2010.634
264.55	1.228364E-07	1.186376E-05	0.0009397917	0.06005505	2.692123	61.50406	409.3629	737.465	874.6618	983.7828	1087.695	1190.123	1292.131	1394.109	1496.232	1598.579	1701.179	1804.027	1907.099	2010.356
265.2	1.229142E-07	1.187527E-05	0.0009410635	0.06016082	2.697961	61.64891	409.8884	737.336	874.3747	983.4779	1087.38	1189.802	1291.807	1393.786	1495.912	1598.264	1700.871	1803.728	1906.81	2010.078
265.85	1.229911E-07	1.188668E-05	0.0009423257	0.06026595	2.703771	61.79314	410.409	737.2047	874.0876	983.1732	1087.065	1189.482	1291.484	1393.463	1495.591	1597.949	1700.563	1803.429	1906.521	2009.801
266.5	1.230671E-07	1.189798E-05	0.0009435786	0.06037046	2.709554	61.93673	410.9248	737.0709	873.8006	982.8685	1086.751	1189.161	1291.161	1393.14	1495.271	1597.634	1700.255	1803.13	1906.232	2009.523
267.15	1.231422E-07	1.190917E-05	0.0009448222	0.06047435	2.715309	62.07971	411.4358	736.9348	873.5136	982.5639	1086.436	1188.841	1290.838	1392.818	1494.951	1597.319	1699.947	1802.83	1905.943	2009.245
267.8	1.232164E-07	1.192026E-05	0.0009460563	0.06057763	2.721038	62.22206	411.942	736.7965	873.2266	982.2594	1086.122	1188.521	1290.515	1392.495	1494.631	1597.004	1699.639	1802.531	1905.654	2008.967
268.45	1.232898E-07	1.193124E-05	0.0009472814	0.06068029	2.72674	62.36381	412.4435	736.656	872.9398	981.955	1085.808	1188.2	1290.192	1392.172	1494.312	1596.689	1699.331	1802.232	1905.365	2008.689
269.1	1.233622E-07	1.194213E-05	0.0009484973	0.06078235	2.732415	62.50493	412.9403	736.5133	872.6529	981.6508	1085.494	1187.88	1289.87	1391.85	1493.992	1596.374	1699.023	1801.933	1905.076	2008.411
269.75	1.234339E-07	1.195291E-05	0.0009497041	0.06088381	2.738063	62.64545	413.4325	736.3685	872.3661	981.3466	1085.179	1187.56	1289.547	1391.527	1493.672	1596.06	1698.716	1801.634	1904.787	2008.134
270.4	1.235047E-07	1.196359E-05	0.0009509019	0.06098466	2.743685	62.78535	413.92	736.2216	872.0793	981.0425	1084.865	1187.24	1289.224	1391.205	1493.352	1595.745	1698.408	1801.335	1904.498	2007.856
271.05	1.235747E-07	1.197416E-05	0.0009520907	0.06108491	2.749281	62.92466	414.403	736.0726	871.7926	980.7385	1084.552	1186.921	1288.902	1390.882	1493.033	1595.43	1698.1	1801.036	1904.209	2007.579
271.7	1.236438E-07	1.198465E-05	0.0009532707	0.06118457	2.75485	63.06335	414.8813	735.9218	871.506	980.4346	1084.238	1186.601	1288.579	1390.56	1492.713	1595.116	1697.793	1800.737	1903.92	2007.301
272.35	1.237122E-07	1.199503E-05	0.0009544419	0.06128364	2.760393	63.20144	415.3552	735.7689	871.2194	980.1307	1083.924	1186.281	1288.257	1390.238	1492.394	1594.801	1697.485	1800.438	1903.632	2007.023
273	1.237797E-07	1.200531E-05	0.0009556044	0.06138213	2.76591	63.33894	415.8246	735.6141	870.9329	979.827	1083.61	1185.962	1287.935	1389.916	1492.074	1594.487	1697.178	1800.14	1903.343	2006.746
273.65	1.238465E-07	1.20155E-05	0.0009567582	0.06148003	2.771401	63.47583	416.2895	735.4574	870.6464	979.5234	1083.297	1185.642	1287.613	1389.594	1491.755	1594.173	1696.871	1799.841	1903.054	2006.469
274.3	1.239125E-07	1.20256E-05	0.0009579033	0.06157735	2.776866	63.61214	416.75	735.2989	870.36	979.2199	1082.983	1185.323	1287.29	1389.272	1491.436	1593.858	1696.563	1799.542	1902.766	2006.191
274.95	1.239777E-07	1.20356E-05	0.00095904	0.0616741	2.782306	63.74785	417.2061	735.1386	870.0736	978.9165	1082.67	1185.003	1286.968	1388.95	1491.117	1593.544	1696.256	1799.244	1902.477	2005.914
275.6	1.240421E-07	1.20455E-05	0.0009601681	0.06177028	2.78772	63.88297	417.6578	734.9766	869.7874	978.6132	1082.357	1184.684	1286.646	1388.628	1490.798	1593.23	1695.949	1798.945	1902.189	2005.636
276.25	1.241058E-07	1.205531E-05	0.0009612878	0.06186588	2.793108	64.01751	418.1052	734.8128	869.5011	978.3099	1082.044	1184.365	1286.325	1388.307	1490.479	1592.916	1695.642	1798.647	1901.9	2005.359
276.9	1.241687E-07	1.206503E-05	0.0009623992	0.06196092	2.798471	64.15146	418.5484	734.6473	869.215	978.0068	1081.731	1184.046	1286.003	1387.985	1490.16	1592.602	1695.335	1798.348	1901.612	2005.082
277.55	1.24231E-07	1.207466E-05	0.0009635023	0.06205539	2.80381	64.28483	418.9872	734.4802	868.9289	977.7037	1081.418	1183.727	1285.681	1387.663	1489.841	1592.288	1695.028	1798.05	1901.323	2004.805
278.2	1.242924E-07	1.208421E-05	0.0009645971	0.0621493	2.809123	64.41762	419.4218	734.3115	868.6429	977.4008	1081.105	1183.408	1285.36	1387.342	1489.522	1591.974	1694.721	1797.752	1901.035	2004.528
278.85	1.243532E-07	1.209366E-05	0.0009656838	0.06224266	2.81441	64.54983	419.8523	734.1412	868.3569	977.098	1080.792	1183.089	1285.038	1387.02	1489.203	1591.66	1694.414	1797.453	1900.747	2004.25
279.5	1.244132E-07	1.210302E-05	0.0009667624	0.06233547	2.819674	64.68147	420.2786	733.9694	868.071	976.7952	1080.479	1182.771	1284.717	1386.699	1488.885	1591.347	1694.107	1797.155	1900.459	2003.973
280.15	1.244726E-07	1.211229E-05	0.0009678329	0.06242773	2.824912	64.81253	420.7007	733.796	867.7852	976.4926	1080.167	1182.452	1284.395	1386.378	1488.566	1591.033	1693.8	1796.857	1900.17	2003.696
280.8	1.245313E-07	1.212148E-05	0.0009688954	0.06251944	2.830126	64.94302	421.1187	733.6212	867.4995	976.19	1079.854	1182.134	1284.074	1386.057	1488.247	1590.719	1693.494	1796.559	1899.882	2003.419
281.45	1.245892E-07	1.213058E-05	0.0009699501	0.0626106	2.835315	65.07295	421.5327	733.4449	867.2139	975.8875	1079.542	1181.815	1283.753	1385.735	1487.929	1590.406	1693.187	1796.261	1899.594	2003.142
282.1	1.246465E-07	1.21396E-05	0.0009709967	0.06270123	2.84048	65.20231	421.9426	733.2672	866.9283	975.5851	1079.229	1181.497	1283.432	1385.414	1487.611	1590.092	1692.88	1795.963	1899.306	2002.865
282.75	1.247031E-07	1.214853E-05	0.0009720357	0.06279133	2.845621	65.33111	422.3485	733.0881	866.6428	975.2829	1078.917	1181.179	1283.111	1385.094	1487.292	1589.779	1692.574	1795.665	1899.018	2002.589
283.4	1.247591E-07	1.215738E-05	0.0009730668	0.06288088	2.850737	65.45934	422.7504	732.9076	866.3574	974.9807	1078.605	1180.86	1282.79	1384.773	1486.974	1589.466	1692.267	1795.367	1898.73	2002.312
284.05	1.248144E-07	1.216615E-05	0.0009740904	0.06296991	2.85583	65.58702	423.1483	732.7258	866.072	974.6786	1078.293	1180.542	1282.469	1384.452	1486.656	1589.152	1691.961	1795.069	1898.442	2002.035
284.7	1.24869E-07	1.217483E-05	0.0009751062	0.06305841	2.860898	65.71413	423.5424	732.5427	865.7867	974.3766	1077.981	1180.224	1282.148	1384.131	1486.338	1588.839	1691.655	1794.771	1898.155	2001.758
285.35	1.249231E-07	1.218343E-05	0.0009761144	0.06314638	2.865943	65.84071	423.9325	732.3583	865.5015	974.0748	1077.669	1179.906	1281.827	1383.811	1486.02	1588.526	1691.348	1794.473	1897.867	2001.481
286	1.249765E-07	1.219196E-05	0.0009771151	0.06323384	2.870964	65.96672	424.3188	732.1727	865.2164	973.7729	1077.357	1179.589	1281.507	1383.49	1485.702	1588.213	1691.042	1794.176	1897.579	2001.205
286.65	1.250292E-07	1.22004E-05	0.0009781085	0.06332077	2.875961	66.09219	424.7012	731.9858	864.9314	973.4713	1077.046	1179.271	1281.186	1383.169	1485.384	1587.9	1690.736	1793.878	1897.291	2000.928
287.3	1.250814E-07	1.220876E-05	0.0009790943	0.0634072	2.880935	66.2171	425.0798	731.7978	864.6465	973.1697	1076.734	1178.953	1280.866	1382.849	1485.066	1587.587	1690.43	1793.58	1897.004	2000.651
287.95	1.251329E-07	1.221705E-05	0.0009800728	0.0634931	2.885886	66.34148	425.4546	731.6086	864.3616	972.8682	1076.423	1178.636	1280.546	1382.529	1484.748	1587.274	1690.124	1793.283	1896.716	2000.375
288.6	1.251838E-07	1.222525E-05	0.000981044	0.0635785	2.890813	66.4653	425.8257	731.4182	864.0768	972.5668	1076.111	1178.318	1280.225	1382.208	1484.431	1586.961	1689.818	1792.985	1896.428	2000.098
289.25	1.252342E-07	1.223338E-05	0.0009820079	0.0636634	2.895717	66.58859	426.193	731.2267	863.7921	972.2654	1075.8	1178.001	1279.905	1381.888	1484.113	1586.648	1689.512	1792.688	1896.141	1999.822
289.9	1.252839E-07	1.224144E-05	0.0009829648	0.06374779	2.900598	66.71134	426.5566	731.0341	863.5075	971.9642	1075.489	1177.684	1279.585	1381.568	1483.795	1586.335	1689.206	1792.39	1895.853	1999.546
290.55	1.253331E-07	1.224942E-05	0.0009839144	0.06383169	2.905456	66.83356	426.9166	730.8405	863.223	971.6631	1075.177	1177.367	1279.265	1381.248	1483.478	1586.023	1688.9	1792.093	1895.566	1999.269
291.2	1.253816E-07	1.225732E-05	0.0009848569	0.06391508	2.910291	66.95524	427.2729	730.6458	862.9385	971.3621	1074.866	1177.049	1278.945	1380.928	1483.161	1585.71	1688.594	1791.796	1895.278	1998.993
291.85	1.254297E-07	1.226515E-05	0.0009857924	0.06399798	2.915104	67.07639	427.6256	730.45	862.6541	971.0612	1074.556	1176.732	1278.625	1380.608	1482.843	1585.398	1688.288	1791.499	1894.991	1998.716
292.5	1.254771E-07	1.227291E-05	0.0009867209	0.06408039	2.919894	67.197	427.9748	730.2533	862.3699	970.7603	1074.245	1176.416	1278.305	1380.288	1482.526	1585.085	1687.983	1791.201	1894.704	1998.44
293.15	1.25524E-07	1.22806E-05	0.0009876424	0.06416231	2.924661	67.31709	428.3203	730.0555	862.0857	970.4595	1073.934	1176.099	1277.986	1379.969	1482.209	1584.773	1687.677	1790.904	1894.417	1998.164
293.8	1.255704E-07	1.228821E-05	0.0009885571	0.06424375	2.929406	67.43666	428.6623	729.8569	861.8016	970.1589	1073.623	1175.782	1277.666	1379.649	1481.892	1584.46	1687.371	1790.607	1894.129	1997.888
294.45	1.256162E-07	1.229575E-05	0.000989465	0.06432471	2.934128	67.5557	429.0008	729.6572	861.5175	969.8583	1073.313	1175.465	1277.346	1379.33	1481.574	1584.148	1687.066	1790.31	1893.842	1997.612
295.1	1.256615E-07	1.230322E-05	0.0009903662	0.06440518	2.938829	67.67422	429.3358	729.4567	861.2336	969.5579	1073.002	1175.149	1277.027	1379.01	1481.258	1583.836	1686.76	1790.013	1893.555	1997.335
295.75	1.257062E-07	1.231062E-05	0.0009912605	0.06448518	2.943507	67.79222	429.6674	729.2552	860.9498	969.2576	1072.692	1174.832	1276.708	1378.691	1480.941	1583.524	1686.455	1789.716	1893.268	1997.059
296.4	1.257504E-07	1.231796E-05	0.0009921483	0.0645647	2.948163	67.90971	429.9955	729.0529	860.666	968.9573	1072.382	1174.516	1276.388	1378.371	1480.624	1583.212	1686.15	1789.419	1892.981	1996.783
297.05	1.257941E-07	1.232522E-05	0.0009930293	0.06464376	2.952798	68.02668	430.3202	728.8497	860.3823	968.6571	1072.071	1174.2	1276.069	1378.052	1480.307	1582.9	1685.844	1789.122	1892.694	1996.507
297.7	1.258373E-07	1.233241E-05	0.0009939038	0.06472234	2.95741	68.14314	430.6415	728.6456	860.0987	968.3571	1071.761	1173.883	1275.75	1377.733	1479.99	1582.588	1685.539	1788.826	1892.407	1996.231
298.35	1.2588E-07	1.233954E-05	0.0009947718	0.06480046	2.962001	68.25909	430.9595	728.4407	859.8152	968.0571	1071.451	1173.567	1275.431	1377.414	1479.674	1582.276	1685.234	1788.529	1892.12	1995.955
299	1.259222E-07	1.23466E-05	0.0009956333	0.06487812	2.96657	68.37453	431.2741	728.235	859.5318	967.7571	1071.141	1173.251	1275.112	1377.095	1479.357	1581.964	1684.929	1788.232	1891.833	1995.68
299.65	1.259639E-07	1.23536E-05	0.0009964884	0.06495532	2.971118	68.48946	431.5854	728.0286	859.2485	967.4574	1070.831	1172.935	1274.793	1376.776	1479.041	1581.652	1684.624	1787.935	1891.546	1995.404
300.3	1.260051E-07	1.236053E-05	0.0009973372	0.06503206	2.975644	68.60389	431.8935	727.8214	858.9653	967.1577	1070.522	1172.619	1274.474	1376.457	1478.724	1581.341	1684.319	1787.639	1891.26	1995.128
300.95	1.260458E-07	1.236739E-05	0.0009981794	0.06510834	2.980149	68.71782	432.1983	727.6133	858.6821	966.8581	1070.212	1172.303	1274.156	1376.138	1478.408	1581.029	1684.014	1787.342	1890.973	1994.852
301.6	1.260861E-07	1.237419E-05	0.0009990155	0.06518417	2.984633	68.83125	432.4998	727.4047	858.399	966.5586	1069.902	1171.988	1273.837	1375.819	1478.092	1580.717	1683.709	1787.046	1890.686	1994.576
302.25	1.261259E-07	1.238093E-05	0.0009998453	0.06525955	2.989096	68.94418	432.7982	727.1952	858.1161	966.2592	1069.593	1171.672	1273.518	1375.501	1477.775	1580.406	1683.404	1786.749	1890.4	1994.301
302.9	1.261652E-07	1.23876E-05	0.001000669	0.06533449	2.993538	69.0566	433.0933	726.985	857.8333	965.9598	1069.284	1171.357	1273.2	1375.182	1477.459	1580.094	1683.099	1786.453	1890.113	1994.025
303.55	1.26204E-07	1.239422E-05	0.001001487	0.06540898	2.997959	69.16855	433.3853	726.7742	857.5505	965.6606	1068.974	1171.041	1272.881	1374.864	1477.143	1579.783	1682.795	1786.157	1889.826	1993.75
304.2	1.262425E-07	1.240076E-05	0.001002298	0.06548303	3.002359	69.27999	433.6741	726.5627	857.2678	965.3615	1068.665	1170.726	1272.563	1374.545	1476.827	1579.472	1682.49	1785.86	1889.54	1993.474
304.85	1.262804E-07	1.240725E-05	0.001003103	0.06555665	3.006738	69.39095	433.9599	726.3505	856.9852	965.0625	1068.356	1170.411	1272.245	1374.227	1476.511	1579.161	1682.186	1785.564	1889.254	1993.198
305.5	1.263179E-07	1.241368E-05	0.001003903	0.06562982	3.011097	69.50142	434.2425	726.1376	856.7026	964.7635	1068.047	1170.095	1271.927	1373.908	1476.195	1578.849	1681.881	1785.268	1888.967	1992.923
306.15	1.26355E-07	1.242005E-05	0.001004696	0.06570257	3.015435	69.6114	434.5221	725.9242	856.4202	964.4647	1067.738	1169.78	1271.609	1373.59	1475.88	1578.538	1681.577	1784.972	1888.681	1992.647
306.8	1.263916E-07	1.242636E-05	0.001005483	0.06577488	3.019753	69.7209	434.7986	725.7101	856.1379	964.166	1067.429	1169.465	1271.291	1373.272	1475.564	1578.227	1681.272	1784.676	1888.394	1992.372
307.45	1.264278E-07	1.24326E-05	0.001006265	0.06584676	3.02405	69.82992	435.0721	725.4955	855.8557	963.8673	1067.121	1169.15	1270.973	1372.954	1475.248	1577.916	1680.968	1784.38	1888.108	1992.097
308.1	1.264636E-07	1.243879E-05	0.001007041	0.06591822	3.028327	69.93846	435.3425	725.2802	855.5735	963.5687	1066.812	1168.836	1270.655	1372.636	1474.932	1577.605	1680.663	1784.084	1887.822	1991.821
308.75	1.26499E-07	1.244493E-05	0.001007811	0.06598926	3.032585	70.04652	435.61	725.0644	855.2914	963.2703	1066.503	1168.521	1270.337	1372.318	1474.617	1577.294	1680.359	1783.788	1887.536	1991.546
309.4	1.265339E-07	1.2451E-05	0.001008575	0.06605987	3.036822	70.15411	435.8746	724.848	855.0095	962.9719	1066.195	1168.206	1270.02	1372	1474.302	1576.984	1680.055	1783.492	1887.25	1991.271
310.05	1.265684E-07	1.245702E-05	0.001009333	0.06613007	3.041039	70.26122	436.1362	724.631	854.7276	962.6736	1065.887	1167.892	1269.702	1371.683	1473.986	1576.673	1679.751	1783.196	1886.964	1990.996
310.7	1.266026E-07	1.246298E-05	0.001010086	0.06619985	3.045236	70.36785	436.3949	724.4136	854.4459	962.3755	1065.578	1167.577	1269.385	1371.365	1473.671	1576.362	1679.447	1782.901	1886.677	1990.721
311.35	1.266363E-07	1.246889E-05	0.001010833	0.06626921	3.049413	70.47402	436.6507	724.1956	854.1641	962.0774	1065.27	1167.263	1269.067	1371.047	1473.356	1576.051	1679.143	1782.605	1886.391	1990.445
312	1.266697E-07	1.247474E-05	0.001011575	0.06633817	3.053571	70.57972	436.9036	723.9771	853.8826	961.7794	1064.962	1166.948	1268.75	1370.73	1473.04	1575.741	1678.839	1782.309	1886.106	1990.17
312.65	1.267026E-07	1.248053E-05	0.001012311	0.06640671	3.05771	70.68495	437.1537	723.7581	853.6011	961.4815	1064.654	1166.634	1268.433	1370.412	1472.725	1575.43	1678.535	1782.013	1885.82	1989.895
313.3	1.267352E-07	1.248628E-05	0.001013042	0.06647485	3.061828	70.78972	437.4009	723.5385	853.3196	961.1837	1064.346	1166.32	1268.115	1370.095	1472.41	1575.12	1678.231	1781.718	1885.534	1989.62
313.95	1.267674E-07	1.249196E-05	0.001013767	0.06654259	3.065928	70.89403	437.6454	723.3185	853.0383	960.886	1064.038	1166.006	1267.798	1369.778	1472.095	1574.81	1677.927	1781.422	1885.248	1989.345
314.6	1.267992E-07	1.24976E-05	0.001014487	0.06660993	3.070008	70.99787	437.8871	723.0981	852.7571	960.5884	1063.731	1165.692	1267.481	1369.461	1471.78	1574.499	1677.624	1781.127	1884.962	1989.07
315.25	1.268306E-07	1.250318E-05	0.001015201	0.06667686	3.074069	71.10126	438.1259	722.8772	852.476	960.2909	1063.423	1165.378	1267.164	1369.143	1471.466	1574.189	1677.32	1780.832	1884.677	1988.796
315.9	1.268617E-07	1.250871E-05	0.00101591	0.0667434	3.07811	71.20419	438.3621	722.6559	852.1949	959.9935	1063.115	1165.064	1266.848	1368.826	1471.151	1573.879	1677.016	1780.536	1884.391	1988.521
316.55	1.268924E-07	1.251419E-05	0.001016614	0.06680955	3.082133	71.30667	438.5955	722.4341	851.9139	959.6961	1062.808	1164.751	1266.531	1368.509	1470.836	1573.569	1676.713	1780.241	1884.105	1988.246
317.2	1.269227E-07	1.251961E-05	0.001017312	0.0668753	3.086137	71.40869	438.8262	722.2119	851.6331	959.3989	1062.5	1164.437	1266.214	1368.193	1470.522	1573.259	1676.409	1779.946	1883.82	1987.971
317.85	1.269527E-07	1.252499E-05	0.001018005	0.06694067	3.090122	71.51026	439.0543	721.9893	851.3524	959.1017	1062.193	1164.124	1265.898	1367.876	1470.207	1572.949	1676.106	1779.65	1883.534	1987.696
318.5	1.269824E-07	1.253031E-05	0.001018693	0.06700564	3.094088	71.61138	439.2796	721.7663	851.0717	958.8047	1061.886	1163.81	1265.581	1367.559	1469.893	1572.639	1675.802	1779.355	1883.249	1987.422
319.15	1.270116E-07	1.253559E-05	0.001019376	0.06707023	3.098035	71.71206	439.5023	721.5429	850.7911	958.5078	1061.579	1163.497	1265.265	1367.242	1469.578	1572.329	1675.499	1779.06	1882.963	1987.147
319.8	1.270406E-07	1.254082E-05	0.001020054	0.06713444	3.101964	71.81229	439.7224	721.3192	850.5106	958.2109	1061.272	1163.183	1264.948	1366.926	1469.264	1572.019	1675.196	1778.765	1882.678	1986.872
320.45	1.270692E-07	1.254599E-05	0.001020727	0.06719826	3.105874	71.91207	439.9399	721.095	850.2302	957.9141	1060.965	1162.87	1264.632	1366.609	1468.95	1571.709	1674.893	1778.47	1882.392	1986.598
321.1	1.270975E-07	1.255112E-05	0.001021395	0.06726171	3.109766	72.01141	440.1548	720.8705	849.9499	957.6174	1060.658	1162.557	1264.316	1366.293	1468.635	1571.4	1674.589	1778.175	1882.107	1986.323
321.75	1.271254E-07	1.25562E-05	0.001022058	0.06732479	3.11364	72.11032	440.3672	720.6456	849.6697	957.3209	1060.352	1162.244	1264	1365.976	1468.321	1571.09	1674.286	1777.88	1881.822	1986.049
322.4	1.271531E-07	1.256124E-05	0.001022715	0.06738748	3.117495	72.20879	440.577	720.4203	849.3896	957.0244	1060.045	1161.931	1263.684	1365.66	1468.007	1570.781	1673.983	1777.585	1881.537	1985.774
323.05	1.271804E-07	1.256622E-05	0.001023368	0.06744982	3.121332	72.30681	440.7842	720.1948	849.1096	956.728	1059.738	1161.619	1263.368	1365.344	1467.693	1570.471	1673.68	1777.291	1881.251	1985.5
323.7	1.272073E-07	1.257116E-05	0.001024017	0.06751177	3.125151	72.4044	440.989	719.9689	848.8297	956.4317	1059.432	1161.306	1263.052	1365.027	1467.379	1570.162	1673.377	1776.996	1880.966	1985.226
324.35	1.27234E-07	1.257606E-05	0.00102466	0.06757336	3.128953	72.50156	441.1913	719.7427	848.5498	956.1355	1059.125	1160.993	1262.736	1364.711	1467.065	1569.852	1673.074	1776.701	1880.681	1984.951
325	1.272603E-07	1.25809E-05	0.001025298	0.06763459	3.132735	72.59829	441.3911	719.5162	848.2701	955.8394	1058.819	1160.681	1262.42	1364.395	1466.752	1569.543	1672.772	1776.406	1880.396	1984.677
325.65	1.272864E-07	1.258571E-05	0.001025932	0.06769545	3.136501	72.69459	441.5884	719.2894	847.9904	955.5434	1058.513	1160.368	1262.105	1364.079	1466.438	1569.234	1672.469	1776.112	1880.111	1984.403
326.3	1.273121E-07	1.259046E-05	0.001026561	0.06775595	3.140249	72.79047	441.7833	719.0623	847.7109	955.2475	1058.207	1160.056	1261.789	1363.764	1466.124	1568.925	1672.166	1775.817	1879.826	1984.129
326.95	1.273376E-07	1.259518E-05	0.001027185	0.0678161	3.143978	72.88591	441.9758	718.8348	847.4314	954.9517	1057.901	1159.743	1261.474	1363.448	1465.811	1568.615	1671.863	1775.523	1879.541	1983.854
327.6	1.273627E-07	1.259984E-05	0.001027804	0.06787588	3.147691	72.98093	442.1659	718.6071	847.152	954.6559	1057.595	1159.431	1261.158	1363.132	1465.497	1568.307	1671.561	1775.228	1879.256	1983.58
328.25	1.273875E-07	1.260447E-05	0.001028419	0.06793532	3.151386	73.07553	442.3535	718.3792	846.8727	954.3603	1057.289	1159.119	1260.843	1362.817	1465.184	1567.998	1671.258	1774.934	1878.972	1983.306
328.9	1.274121E-07	1.260905E-05	0.00102903	0.0679944	3.155063	73.16971	442.5389	718.1509	846.5936	954.0648	1056.984	1158.807	1260.528	1362.501	1464.87	1567.689	1670.956	1774.64	1878.687	1983.032
329.55	1.274364E-07	1.261359E-05	0.001029636	0.06805313	3.158723	73.26347	442.7219	717.9224	846.3145	953.7693	1056.678	1158.495	1260.213	1362.185	1464.557	1567.38	1670.653	1774.345	1878.402	1982.758
330.2	1.274603E-07	1.261809E-05	0.001030237	0.06811151	3.162366	73.35681	442.9026	717.6937	846.0355	953.4739	1056.372	1158.183	1259.898	1361.87	1464.244	1567.071	1670.351	1774.051	1878.117	1982.484
330.85	1.27484E-07	1.262254E-05	0.001030834	0.06816955	3.165992	73.44974	443.0809	717.4647	845.7566	953.1787	1056.067	1157.871	1259.583	1361.555	1463.931	1566.762	1670.049	1773.757	1877.833	1982.21
331.5	1.275075E-07	1.262695E-05	0.001031426	0.06822724	3.1696	73.54225	443.257	717.2354	845.4778	952.8835	1055.761	1157.559	1259.268	1361.24	1463.618	1566.454	1669.746	1773.463	1877.548	1981.936
332.15	1.275306E-07	1.263132E-05	0.001032014	0.06828459	3.173192	73.63435	443.4308	717.0059	845.199	952.5884	1055.456	1157.248	1258.953	1360.924	1463.305	1566.145	1669.444	1773.169	1877.264	1981.663
332.8	1.275535E-07	1.263565E-05	0.001032597	0.0683416	3.176766	73.72604	443.6023	716.7762	844.9205	952.2935	1055.151	1156.936	1258.638	1360.609	1462.992	1565.836	1669.142	1772.875	1876.979	1981.389
333.45	1.275761E-07	1.263994E-05	0.001033177	0.06839827	3.180324	73.81732	443.7715	716.5463	844.6419	951.9986	1054.846	1156.625	1258.324	1360.294	1462.679	1565.528	1668.84	1772.581	1876.695	1981.115
334.1	1.275984E-07	1.264419E-05	0.001033751	0.06845461	3.183865	73.9082	443.9386	716.3162	844.3635	951.7038	1054.541	1156.313	1258.009	1359.979	1462.366	1565.22	1668.538	1772.287	1876.41	1980.841
334.75	1.276205E-07	1.26484E-05	0.001034322	0.06851061	3.187389	73.99866	444.1035	716.0858	844.0851	951.4091	1054.236	1156.002	1257.695	1359.664	1462.053	1564.911	1668.236	1771.993	1876.126	1980.568
335.4	1.276424E-07	1.265257E-05	0.001034888	0.06856628	3.190897	74.08873	444.2661	715.8552	843.8069	951.1145	1053.931	1155.691	1257.38	1359.349	1461.741	1564.603	1667.934	1771.699	1875.842	1980.294
336.05	1.276639E-07	1.26567E-05	0.00103545	0.06862162	3.194388	74.17839	444.4266	715.6245	843.5287	950.8199	1053.626	1155.38	1257.066	1359.035	1461.428	1564.295	1667.632	1771.405	1875.557	1980.02
336.7	1.276852E-07	1.26608E-05	0.001036008	0.06867664	3.197862	74.26765	444.5849	715.3936	843.2507	950.5256	1053.322	1155.069	1256.752	1358.72	1461.115	1563.987	1667.33	1771.112	1875.273	1979.747
337.35	1.277063E-07	1.266485E-05	0.001036562	0.06873132	3.201321	74.35652	444.7411	715.1624	842.9727	950.2312	1053.017	1154.758	1256.438	1358.406	1460.803	1563.678	1667.029	1770.818	1874.989	1979.473
338	1.277271E-07	1.266887E-05	0.001037111	0.06878568	3.204762	74.44498	444.8951	714.9311	842.6948	949.937	1052.713	1154.447	1256.123	1358.091	1460.491	1563.37	1666.727	1770.524	1874.705	1979.2
338.65	1.277477E-07	1.267285E-05	0.001037657	0.06883972	3.208188	74.53306	445.047	714.6996	842.4171	949.6428	1052.408	1154.136	1255.809	1357.777	1460.178	1563.062	1666.425	1770.231	1874.421	1978.926
339.3	1.27768E-07	1.267679E-05	0.001038198	0.06889344	3.211598	74.62074	445.1969	714.468	842.1393	949.3488	1052.104	1153.826	1255.495	1357.462	1459.866	1562.755	1666.124	1769.937	1874.137	1978.653
339.95	1.277882E-07	1.268069E-05	0.001038736	0.06894684	3.214991	74.70802	445.3446	714.2361	841.8618	949.0549	1051.8	1153.515	1255.182	1357.148	1459.554	1562.447	1665.822	1769.644	1873.853	1978.38
340.6	1.27808E-07	1.268456E-05	0.001039269	0.06899992	3.218369	74.79491	445.4903	714.0042	841.5843	948.761	1051.496	1153.205	1254.868	1356.834	1459.242	1562.139	1665.521	1769.35	1873.569	1978.106
341.25	1.278276E-07	1.268839E-05	0.001039798	0.06905269	3.22173	74.88142	445.6339	713.772	841.3068	948.4672	1051.192	1152.894	1254.554	1356.52	1458.93	1561.831	1665.219	1769.057	1873.285	1977.833
341.9	1.278471E-07	1.269219E-05	0.001040324	0.06910515	3.225075	74.96754	445.7756	713.5397	841.0295	948.1735	1050.888	1152.584	1254.241	1356.206	1458.618	1561.524	1664.918	1768.764	1873.001	1977.56
342.55	1.278662E-07	1.269595E-05	0.001040845	0.06915729	3.228405	75.05327	445.9152	713.3073	840.7523	947.8799	1050.584	1152.274	1253.927	1355.892	1458.306	1561.216	1664.617	1768.47	1872.717	1977.286
343.2	1.278852E-07	1.269967E-05	0.001041363	0.06920913	3.231719	75.13862	446.0527	713.0747	840.4752	947.5865	1050.28	1151.963	1253.614	1355.578	1457.994	1560.908	1664.316	1768.177	1872.433	1977.013
343.85	1.279039E-07	1.270336E-05	0.001041876	0.06926066	3.235018	75.22359	446.1883	712.842	840.1981	947.2931	1049.977	1151.653	1253.3	1355.264	1457.682	1560.601	1664.014	1767.884	1872.15	1976.74
344.5	1.279224E-07	1.270702E-05	0.001042386	0.06931188	3.238301	75.30817	446.322	712.6091	839.9212	946.9998	1049.673	1151.343	1252.987	1354.95	1457.37	1560.294	1663.713	1767.591	1871.866	1976.467
345.15	1.279407E-07	1.271064E-05	0.001042892	0.0693628	3.241568	75.39237	446.4536	712.3762	839.6443	946.7066	1049.37	1151.033	1252.674	1354.636	1457.059	1559.986	1663.412	1767.298	1871.582	1976.194
345.8	1.279588E-07	1.271423E-05	0.001043395	0.06941342	3.24482	75.4762	446.5833	712.1431	839.3676	946.4135	1049.066	1150.724	1252.361	1354.323	1456.747	1559.679	1663.111	1767.005	1871.299	1975.921
346.45	1.279767E-07	1.271778E-05	0.001043893	0.06946373	3.248057	75.55965	446.7111	711.9098	839.0909	946.1204	1048.763	1150.414	1252.048	1354.009	1456.436	1559.372	1662.81	1766.712	1871.015	1975.648
347.1	1.279943E-07	1.27213E-05	0.001044388	0.06951375	3.251278	75.64272	446.837	711.6765	838.8144	945.8275	1048.46	1150.104	1251.735	1353.696	1456.124	1559.065	1662.509	1766.419	1870.731	1975.375
347.75	1.280118E-07	1.272479E-05	0.001044879	0.06956347	3.254484	75.72543	446.961	711.4431	838.5379	945.5347	1048.157	1149.795	1251.422	1353.382	1455.813	1558.757	1662.209	1766.126	1870.448	1975.102
348.4	1.28029E-07	1.272824E-05	0.001045367	0.0696129	3.257675	75.80776	447.083	711.2095	838.2615	945.2419	1047.854	1149.485	1251.109	1353.069	1455.502	1558.45	1661.908	1765.833	1870.165	1974.829
349.05	1.280461E-07	1.273167E-05	0.00104585	0.06966203	3.260851	75.88972	447.2032	710.9758	837.9852	944.9493	1047.551	1149.176	1250.796	1352.756	1455.19	1558.143	1661.607	1765.54	1869.881	1974.557
349.7	1.280629E-07	1.273506E-05	0.001046331	0.06971087	3.264012	75.97131	447.3216	710.7421	837.709	944.6567	1047.248	1148.866	1250.484	1352.443	1454.879	1557.837	1661.306	1765.248	1869.598	1974.284
350.35	1.280796E-07	1.273842E-05	0.001046807	0.06975943	3.267158	76.05254	447.4381	710.5082	837.4329	944.3643	1046.945	1148.557	1250.171	1352.13	1454.568	1557.53	1661.006	1764.955	1869.315	1974.011
351	1.28096E-07	1.274174E-05	0.00104728	0.06980769	3.270289	76.13339	447.5528	710.2742	837.1569	944.0719	1046.642	1148.248	1249.859	1351.817	1454.257	1557.223	1660.705	1764.662	1869.031	1973.738
351.65	1.281123E-07	1.274504E-05	0.00104775	0.06985567	3.273406	76.21389	447.6656	710.0402	836.881	943.7796	1046.34	1147.939	1249.546	1351.504	1453.946	1556.916	1660.405	1764.37	1868.748	1973.466
352.3	1.281283E-07	1.274831E-05	0.001048216	0.06990337	3.276507	76.29401	447.7767	709.8061	836.6052	943.4874	1046.037	1147.63	1249.234	1351.191	1453.635	1556.609	1660.104	1764.077	1868.465	1973.193
352.95	1.281442E-07	1.275154E-05	0.001048678	0.06995077	3.279594	76.37379	447.886	709.5718	836.3294	943.1953	1045.735	1147.321	1248.922	1350.878	1453.324	1556.303	1659.804	1763.785	1868.182	1972.92
353.6	1.281599E-07	1.275475E-05	0.001049137	0.06999791	3.282667	76.4532	447.9935	709.3376	836.0538	942.9033	1045.433	1147.012	1248.61	1350.565	1453.014	1555.996	1659.504	1763.492	1867.899	1972.648
354.25	1.281754E-07	1.275792E-05	0.001049593	0.07004476	3.285725	76.53225	448.0992	709.1032	835.7783	942.6114	1045.13	1146.704	1248.298	1350.253	1452.703	1555.69	1659.203	1763.2	1867.616	1972.375
354.9	1.281908E-07	1.276106E-05	0.001050045	0.07009133	3.288768	76.61095	448.2032	708.8688	835.5028	942.3196	1044.828	1146.395	1247.986	1349.94	1452.392	1555.384	1658.903	1762.908	1867.333	1972.103
355.55	1.282059E-07	1.276418E-05	0.001050494	0.07013762	3.291797	76.68929	448.3054	708.6343	835.2274	942.0279	1044.526	1146.087	1247.674	1349.628	1452.082	1555.077	1658.603	1762.615	1867.05	1971.831
356.2	1.282209E-07	1.276727E-05	0.00105094	0.07018364	3.294812	76.76727	448.4059	708.3997	834.9521	941.7363	1044.224	1145.778	1247.362	1349.315	1451.771	1554.771	1658.303	1762.323	1866.767	1971.558
356.85	1.282357E-07	1.277032E-05	0.001051382	0.07022939	3.297812	76.8449	448.5048	708.165	834.677	941.4447	1043.922	1145.47	1247.05	1349.003	1451.461	1554.465	1658.003	1762.031	1866.484	1971.286
357.5	1.282503E-07	1.277335E-05	0.001051821	0.07027487	3.300799	76.92219	448.6019	707.9304	834.4019	941.1533	1043.621	1145.161	1246.738	1348.691	1451.151	1554.159	1657.703	1761.739	1866.201	1971.013
358.15	1.282648E-07	1.277635E-05	0.001052256	0.07032008	3.303771	76.99912	448.6973	707.6956	834.1269	940.8619	1043.319	1144.853	1246.427	1348.379	1450.84	1553.852	1657.403	1761.447	1865.919	1970.741
358.8	1.282791E-07	1.277933E-05	0.001052689	0.07036501	3.306729	77.07571	448.791	707.4608	833.852	940.5706	1043.017	1144.545	1246.115	1348.067	1450.53	1553.546	1657.103	1761.155	1865.636	1970.469
359.45	1.282932E-07	1.278227E-05	0.001053118	0.07040969	3.309673	77.15195	448.8831	707.2259	833.5772	940.2795	1042.716	1144.237	1245.804	1347.754	1450.22	1553.24	1656.803	1760.863	1865.353	1970.197
360.1	1.283071E-07	1.278519E-05	0.001053544	0.0704541	3.312603	77.22784	448.9736	706.991	833.3025	939.9884	1042.415	1143.929	1245.493	1347.443	1449.91	1552.935	1656.503	1760.571	1865.071	1969.925
360.75	1.283209E-07	1.278808E-05	0.001053967	0.07049824	3.31552	77.30339	449.0624	706.756	833.0279	939.6974	1042.113	1143.621	1245.181	1347.131	1449.6	1552.629	1656.204	1760.279	1864.788	1969.653
361.4	1.283346E-07	1.279094E-05	0.001054386	0.07054212	3.318423	77.37859	449.1496	706.5211	832.7534	939.4065	1041.812	1143.313	1244.87	1346.819	1449.29	1552.323	1655.904	1759.987	1864.506	1969.38
362.05	1.28348E-07	1.279377E-05	0.001054803	0.07058574	3.321311	77.45346	449.2352	706.286	832.4789	939.1157	1041.511	1143.006	1244.559	1346.507	1448.98	1552.017	1655.604	1759.696	1864.223	1969.109
362.7	1.283614E-07	1.279658E-05	0.001055216	0.0706291	3.324187	77.52798	449.3192	706.0509	832.2046	938.825	1041.21	1142.698	1244.248	1346.195	1448.671	1551.712	1655.305	1759.404	1863.941	1968.836
363.35	1.283745E-07	1.279937E-05	0.001055626	0.07067221	3.327049	77.60218	449.4016	705.8158	831.9303	938.5344	1040.909	1142.391	1243.937	1345.884	1448.361	1551.406	1655.005	1759.112	1863.658	1968.565
364	1.283875E-07	1.280212E-05	0.001056033	0.07071506	3.329897	77.67603	449.4824	705.5806	831.6562	938.2438	1040.608	1142.083	1243.626	1345.572	1448.051	1551.1	1654.706	1758.821	1863.376	1968.293
364.65	1.284004E-07	1.280485E-05	0.001056437	0.07075766	3.332731	77.74954	449.5616	705.3455	831.3821	937.9534	1040.307	1141.776	1243.315	1345.261	1447.742	1550.795	1654.407	1758.529	1863.094	1968.021
365.3	1.284131E-07	1.280756E-05	0.001056839	0.0708	3.335552	77.82273	449.6393	705.1102	831.1082	937.6631	1040.006	1141.469	1243.005	1344.949	1447.432	1550.49	1654.107	1758.237	1862.811	1967.749
365.95	1.284256E-07	1.281024E-05	0.001057237	0.07084209	3.338361	77.89558	449.7155	704.875	830.8342	937.3729	1039.706	1141.161	1242.694	1344.638	1447.123	1550.184	1653.808	1757.946	1862.529	1967.477
366.6	1.28438E-07	1.281289E-05	0.001057632	0.07088393	3.341155	77.96809	449.7902	704.6397	830.5605	937.0827	1039.405	1140.854	1242.384	1344.327	1446.813	1549.879	1653.509	1757.655	1862.247	1967.205
367.25	1.284503E-07	1.281552E-05	0.001058024	0.07092553	3.343936	78.04028	449.8633	704.4044	830.2867	936.7926	1039.105	1140.547	1242.073	1344.016	1446.504	1549.574	1653.21	1757.363	1861.965	1966.934
367.9	1.284624E-07	1.281813E-05	0.001058413	0.07096687	3.346705	78.11214	449.9349	704.1691	830.0132	936.5026	1038.805	1140.24	1241.763	1343.705	1446.195	1549.269	1652.911	1757.072	1861.683	1966.662
368.55	1.284744E-07	1.282071E-05	0.0010588	0.07100797	3.34946	78.18368	450.0051	703.9338	829.7397	936.2128	1038.504	1139.934	1241.452	1343.394	1445.885	1548.964	1652.612	1756.781	1861.401	1966.39
369.2	1.284862E-07	1.282327E-05	0.001059183	0.07104883	3.352202	78.25488	450.0737	703.6984	829.4662	935.923	1038.204	1139.627	1241.142	1343.083	1445.576	1548.658	1652.313	1756.49	1861.119	1966.119
369.85	1.284979E-07	1.28258E-05	0.001059564	0.07108945	3.354931	78.32577	450.1409	703.4631	829.1929	935.6333	1037.904	1139.32	1240.832	1342.772	1445.267	1548.354	1652.014	1756.198	1860.837	1965.847
370.5	1.285095E-07	1.282831E-05	0.001059942	0.07112982	3.357647	78.39632	450.2066	703.2277	828.9197	935.3437	1037.604	1139.014	1240.522	1342.461	1444.958	1548.049	1651.715	1755.907	1860.555	1965.576
371.15	1.285209E-07	1.28308E-05	0.001060317	0.07116995	3.360351	78.46656	450.2709	702.9923	828.6465	935.0542	1037.304	1138.707	1240.212	1342.151	1444.65	1547.744	1651.416	1755.616	1860.273	1965.304
371.8	1.285322E-07	1.283326E-05	0.001060689	0.07120985	3.363041	78.53648	450.3337	702.7569	828.3735	934.7648	1037.004	1138.401	1239.902	1341.84	1444.341	1547.439	1651.117	1755.325	1859.991	1965.033
372.45	1.285433E-07	1.28357E-05	0.001061058	0.07124951	3.365719	78.60608	450.3951	702.5215	828.1005	934.4754	1036.705	1138.094	1239.592	1341.529	1444.032	1547.134	1650.819	1755.034	1859.709	1964.761
373.1	1.285544E-07	1.283811E-05	0.001061425	0.07128894	3.368385	78.67536	450.4551	702.2861	827.8277	934.1862	1036.405	1137.788	1239.282	1341.219	1443.723	1546.83	1650.52	1754.743	1859.428	1964.49
373.75	1.285652E-07	1.284051E-05	0.001061789	0.07132813	3.371037	78.74432	450.5137	702.0507	827.5549	933.897	1036.106	1137.482	1238.973	1340.908	1443.415	1546.525	1650.221	1754.452	1859.146	1964.219
374.4	1.28576E-07	1.284288E-05	0.00106215	0.07136708	3.373677	78.81297	450.5709	701.8152	827.2822	933.608	1035.806	1137.176	1238.663	1340.598	1443.106	1546.22	1649.923	1754.162	1858.865	1963.948
375.05	1.285867E-07	1.284523E-05	0.001062508	0.07140581	3.376305	78.8813	450.6267	701.5798	827.0096	933.319	1035.507	1136.87	1238.354	1340.288	1442.797	1545.916	1649.624	1753.871	1858.583	1963.676
375.7	1.285972E-07	1.284755E-05	0.001062864	0.0714443	3.37892	78.94933	450.6812	701.3444	826.7371	933.0302	1035.207	1136.564	1238.044	1339.978	1442.489	1545.612	1649.326	1753.58	1858.301	1963.405
376.35	1.286076E-07	1.284986E-05	0.001063217	0.07148257	3.381523	79.01704	450.7343	701.109	826.4647	932.7414	1034.908	1136.258	1237.735	1339.668	1442.181	1545.307	1649.028	1753.29	1858.02	1963.134
377	1.286179E-07	1.285214E-05	0.001063568	0.07152061	3.384113	79.08443	450.786	700.8737	826.1924	932.4527	1034.609	1135.952	1237.426	1339.358	1441.872	1545.003	1648.729	1752.999	1857.738	1962.863
377.65	1.28628E-07	1.285441E-05	0.001063915	0.07155842	3.386691	79.15153	450.8364	700.6382	825.9202	932.1641	1034.31	1135.647	1237.116	1339.048	1441.564	1544.699	1648.431	1752.708	1857.457	1962.592
378.3	1.28638E-07	1.285665E-05	0.001064261	0.07159601	3.389257	79.21832	450.8854	700.4028	825.6481	931.8756	1034.011	1135.341	1236.807	1338.738	1441.256	1544.395	1648.133	1752.418	1857.176	1962.321
378.95	1.28648E-07	1.285887E-05	0.001064603	0.07163338	3.391811	79.28479	450.9331	700.1675	825.376	931.5872	1033.712	1135.036	1236.498	1338.428	1440.948	1544.09	1647.835	1752.127	1856.894	1962.05
379.6	1.286578E-07	1.286107E-05	0.001064943	0.07167052	3.394352	79.35096	450.9796	699.9321	825.1041	931.2989	1033.414	1134.73	1236.189	1338.118	1440.64	1543.786	1647.537	1751.837	1856.613	1961.779
380.25	1.286675E-07	1.286325E-05	0.001065281	0.07170745	3.396882	79.41683	451.0247	699.6967	824.8322	931.0106	1033.115	1134.425	1235.88	1337.808	1440.332	1543.482	1647.239	1751.547	1856.332	1961.508
380.9	1.28677E-07	1.28654E-05	0.001065616	0.07174416	3.3994	79.4824	451.0685	699.4614	824.5605	930.7225	1032.816	1134.12	1235.572	1337.499	1440.024	1543.178	1646.941	1751.256	1856.051	1961.237
381.55	1.286865E-07	1.286754E-05	0.001065949	0.07178064	3.401906	79.54766	451.111	699.2261	824.2888	930.4344	1032.518	1133.815	1235.263	1337.189	1439.716	1542.875	1646.643	1750.966	1855.769	1960.966
382.2	1.286958E-07	1.286966E-05	0.001066279	0.07181691	3.404399	79.61263	451.1523	698.9908	824.0172	930.1465	1032.22	1133.51	1234.954	1336.88	1439.409	1542.571	1646.345	1750.676	1855.488	1960.695
382.85	1.287051E-07	1.287176E-05	0.001066606	0.07185297	3.406882	79.67729	451.1923	698.7555	823.7457	929.8586	1031.921	1133.205	1234.646	1336.571	1439.101	1542.267	1646.047	1750.386	1855.207	1960.424
383.5	1.287142E-07	1.287384E-05	0.001066932	0.07188881	3.409352	79.74166	451.231	698.5202	823.4744	929.5709	1031.623	1132.9	1234.337	1336.261	1438.793	1541.964	1645.749	1750.096	1854.926	1960.154
384.15	1.287232E-07	1.28759E-05	0.001067254	0.07192444	3.41181	79.80573	451.2686	698.2849	823.2031	929.2831	1031.325	1132.595	1234.029	1335.952	1438.486	1541.66	1645.452	1749.806	1854.645	1959.883
384.8	1.287322E-07	1.287794E-05	0.001067574	0.07195986	3.414258	79.86951	451.3048	698.0497	822.9318	928.9956	1031.027	1132.29	1233.72	1335.643	1438.178	1541.356	1645.154	1749.516	1854.364	1959.612
385.45	1.28741E-07	1.287996E-05	0.001067892	0.07199506	3.416693	79.933	451.3399	697.8145	822.6607	928.7081	1030.729	1131.986	1233.412	1335.334	1437.871	1541.053	1644.856	1749.226	1854.083	1959.342
386.1	1.287497E-07	1.288196E-05	0.001068208	0.07203007	3.419116	79.99619	451.3737	697.5793	822.3897	928.4207	1030.431	1131.681	1233.104	1335.025	1437.564	1540.749	1644.559	1748.936	1853.803	1959.071
386.75	1.287583E-07	1.288394E-05	0.001068521	0.07206485	3.421529	80.05908	451.4063	697.3442	822.1188	928.1334	1030.133	1131.376	1232.796	1334.716	1437.256	1540.446	1644.261	1748.646	1853.522	1958.801
387.4	1.287668E-07	1.288591E-05	0.001068832	0.07209944	3.42393	80.1217	451.4378	697.109	821.8479	927.8461	1029.836	1131.072	1232.488	1334.407	1436.949	1540.143	1643.964	1748.356	1853.241	1958.53
388.05	1.287752E-07	1.288785E-05	0.001069141	0.07213382	3.426319	80.18401	451.468	696.8739	821.5771	927.559	1029.538	1130.768	1232.18	1334.098	1436.642	1539.84	1643.667	1748.066	1852.96	1958.26
388.7	1.287835E-07	1.288978E-05	0.001069447	0.07216799	3.428698	80.24605	451.4971	696.6389	821.3065	927.272	1029.241	1130.464	1231.872	1333.79	1436.335	1539.536	1643.369	1747.777	1852.68	1957.989
389.35	1.287917E-07	1.289169E-05	0.001069751	0.07220196	3.431064	80.30779	451.525	696.4038	821.0359	926.985	1028.943	1130.159	1231.564	1333.481	1436.028	1539.233	1643.072	1747.487	1852.399	1957.719
390	1.287999E-07	1.289358E-05	0.001070052	0.07223573	3.43342	80.36926	451.5517	696.1688	820.7654	926.6981	1028.646	1129.855	1231.257	1333.172	1435.721	1538.93	1642.775	1747.197	1852.119	1957.449
390.65	1.288079E-07	1.289546E-05	0.001070352	0.0722693	3.435765	80.43043	451.5773	695.9338	820.4951	926.4114	1028.349	1129.551	1230.949	1332.864	1435.414	1538.627	1642.478	1746.908	1851.838	1957.178
391.3	1.288158E-07	1.289731E-05	0.001070649	0.07230267	3.438098	80.49132	451.6017	695.6989	820.2248	926.1247	1028.051	1129.248	1230.642	1332.556	1435.107	1538.324	1642.181	1746.618	1851.558	1956.908
391.95	1.288237E-07	1.289915E-05	0.001070944	0.07233584	3.44042	80.55193	451.625	695.4639	819.9546	925.8381	1027.754	1128.944	1230.334	1332.247	1434.801	1538.021	1641.884	1746.329	1851.277	1956.638
392.6	1.288314E-07	1.290098E-05	0.001071237	0.07236882	3.442732	80.61226	451.6472	695.2291	819.6844	925.5516	1027.457	1128.64	1230.027	1331.939	1434.494	1537.719	1641.587	1746.04	1850.997	1956.368
393.25	1.28839E-07	1.290278E-05	0.001071527	0.07240159	3.445032	80.67231	451.6682	694.9942	819.4144	925.2652	1027.161	1128.336	1229.72	1331.631	1434.188	1537.416	1641.29	1745.75	1850.717	1956.098
393.9	1.288466E-07	1.290457E-05	0.001071815	0.07243417	3.447322	80.73209	451.6882	694.7594	819.1445	924.9789	1026.864	1128.033	1229.412	1331.323	1433.881	1537.113	1640.993	1745.461	1850.436	1955.827
394.55	1.288541E-07	1.290634E-05	0.001072102	0.07246657	3.4496	80.79158	451.7071	694.5246	818.8747	924.6926	1026.567	1127.729	1229.105	1331.015	1433.575	1536.811	1640.696	1745.172	1850.156	1955.557
395.2	1.288615E-07	1.29081E-05	0.001072386	0.07249876	3.451868	80.85079	451.7248	694.2899	818.6049	924.4065	1026.27	1127.426	1228.798	1330.707	1433.268	1536.508	1640.4	1744.882	1849.876	1955.287
395.85	1.288688E-07	1.290983E-05	0.001072668	0.07253077	3.454125	80.90974	451.7415	694.0552	818.3353	924.1205	1025.974	1127.123	1228.491	1330.399	1432.962	1536.206	1640.103	1744.593	1849.596	1955.017
396.5	1.28876E-07	1.291156E-05	0.001072948	0.07256258	3.456372	80.96841	451.7571	693.8205	818.0657	923.8345	1025.677	1126.819	1228.184	1330.091	1432.656	1535.903	1639.806	1744.304	1849.315	1954.747
397.15	1.288831E-07	1.291326E-05	0.001073225	0.07259421	3.458607	81.0268	451.7716	693.5859	817.7962	923.5486	1025.381	1126.516	1227.877	1329.783	1432.349	1535.601	1639.51	1744.015	1849.035	1954.478
397.8	1.288902E-07	1.291495E-05	0.001073501	0.07262565	3.460832	81.08493	451.7851	693.3513	817.5269	923.2629	1025.085	1126.213	1227.571	1329.476	1432.043	1535.298	1639.213	1743.726	1848.755	1954.208
398.45	1.288971E-07	1.291662E-05	0.001073775	0.07265691	3.463047	81.14278	451.7975	693.1168	817.2576	922.9772	1024.789	1125.91	1227.264	1329.168	1431.737	1534.996	1638.917	1743.437	1848.475	1953.938
399.1	1.28904E-07	1.291828E-05	0.001074046	0.07268797	3.465251	81.20036	451.8089	692.8823	816.9883	922.6916	1024.492	1125.608	1226.958	1328.86	1431.431	1534.694	1638.62	1743.148	1848.195	1953.668
399.75	1.289108E-07	1.291993E-05	0.001074316	0.07271885	3.467444	81.25768	451.8192	692.6479	816.7192	922.4061	1024.197	1125.305	1226.651	1328.553	1431.125	1534.392	1638.324	1742.859	1847.916	1953.398
400.4	1.289175E-07	1.292155E-05	0.001074583	0.07274956	3.469627	81.31474	451.8285	692.4135	816.4502	922.1207	1023.901	1125.002	1226.345	1328.246	1430.82	1534.09	1638.028	1742.571	1847.636	1953.129
401.05	1.289242E-07	1.292317E-05	0.001074849	0.07278007	3.4718	81.37151	451.8368	692.1791	816.1813	921.8354	1023.605	1124.699	1226.038	1327.938	1430.514	1533.788	1637.731	1742.282	1847.356	1952.859
401.7	1.289308E-07	1.292476E-05	0.001075112	0.0728104	3.473963	81.42803	451.8441	691.9448	815.9124	921.5502	1023.309	1124.397	1225.732	1327.631	1430.208	1533.486	1637.435	1741.993	1847.076	1952.589
402.35	1.289373E-07	1.292634E-05	0.001075374	0.07284056	3.476115	81.48428	451.8504	691.7106	815.6437	921.265	1023.013	1124.094	1225.426	1327.324	1429.902	1533.184	1637.139	1741.705	1846.796	1952.32
403	1.289437E-07	1.292791E-05	0.001075634	0.07287054	3.478257	81.54028	451.8557	691.4764	815.3751	920.98	1022.718	1123.792	1225.12	1327.017	1429.597	1532.882	1636.843	1741.416	1846.517	1952.05
403.65	1.2895E-07	1.292946E-05	0.001075891	0.07290033	3.480389	81.59601	451.86	691.2422	815.1064	920.695	1022.422	1123.49	1224.814	1326.71	1429.291	1532.581	1636.547	1741.127	1846.237	1951.781
404.3	1.289563E-07	1.2931E-05	0.001076147	0.07292996	3.48251	81.65147	451.8633	691.0081	814.838	920.4102	1022.127	1123.188	1224.508	1326.403	1428.986	1532.279	1636.251	1740.839	1845.958	1951.511
404.95	1.289625E-07	1.293253E-05	0.001076401	0.0729594	3.484622	81.70669	451.8656	690.774	814.5696	920.1254	1021.832	1122.885	1224.202	1326.096	1428.681	1531.977	1635.955	1740.55	1845.678	1951.242
405.6	1.289686E-07	1.293404E-05	0.001076653	0.07298867	3.486723	81.76163	451.867	690.54	814.3013	919.8407	1021.536	1122.583	1223.896	1325.789	1428.375	1531.676	1635.659	1740.262	1845.398	1950.972
406.25	1.289746E-07	1.293553E-05	0.001076903	0.07301776	3.488815	81.81633	451.8674	690.3061	814.0331	919.5561	1021.241	1122.281	1223.59	1325.482	1428.07	1531.374	1635.364	1739.974	1845.119	1950.703
406.9	1.289806E-07	1.293701E-05	0.001077151	0.07304668	3.490897	81.87077	451.8669	690.0722	813.765	919.2715	1020.946	1121.979	1223.285	1325.176	1427.765	1531.073	1635.068	1739.685	1844.84	1950.434
407.55	1.289865E-07	1.293848E-05	0.001077397	0.07307544	3.492969	81.92495	451.8654	689.8383	813.4969	918.9872	1020.651	1121.678	1222.979	1324.869	1427.46	1530.771	1634.772	1739.397	1844.56	1950.164
408.2	1.289923E-07	1.293993E-05	0.001077642	0.07310402	3.49503	81.97887	451.863	689.6045	813.2291	918.7028	1020.356	1121.376	1222.674	1324.563	1427.155	1530.47	1634.477	1739.109	1844.281	1949.895
408.85	1.289981E-07	1.294137E-05	0.001077885	0.07313243	3.497082	82.03255	451.8596	689.3708	812.9612	918.4186	1020.062	1121.074	1222.368	1324.256	1426.85	1530.169	1634.181	1738.821	1844.002	1949.626
409.5	1.290038E-07	1.29428E-05	0.001078125	0.07316067	3.499125	82.08597	451.8553	689.1371	812.6935	918.1345	1019.767	1120.773	1222.063	1323.95	1426.545	1529.868	1633.885	1738.533	1843.722	1949.357
410.15	1.290095E-07	1.294421E-05	0.001078364	0.07318874	3.501158	82.13914	451.8502	688.9034	812.4258	917.8504	1019.472	1120.471	1221.758	1323.644	1426.24	1529.566	1633.59	1738.245	1843.443	1949.088
410.8	1.29015E-07	1.294561E-05	0.001078602	0.07321665	3.503181	82.19206	451.8441	688.6699	812.1582	917.5664	1019.178	1120.17	1221.453	1323.338	1425.935	1529.265	1633.295	1737.957	1843.164	1948.819
411.45	1.290205E-07	1.2947E-05	0.001078837	0.07324439	3.505194	82.24474	451.8371	688.4363	811.8907	917.2825	1018.883	1119.869	1221.147	1323.031	1425.63	1528.964	1632.999	1737.669	1842.885	1948.55
412.1	1.29026E-07	1.294837E-05	0.001079071	0.07327197	3.507198	82.29716	451.8292	688.2029	811.6234	916.9988	1018.589	1119.568	1220.842	1322.725	1425.326	1528.663	1632.704	1737.381	1842.606	1948.281
412.75	1.290313E-07	1.294973E-05	0.001079303	0.07329938	3.509192	82.34933	451.8204	687.9695	811.3561	916.7151	1018.295	1119.266	1220.538	1322.419	1425.021	1528.362	1632.409	1737.093	1842.327	1948.011
413.4	1.290366E-07	1.295108E-05	0.001079533	0.07332662	3.511177	82.40127	451.8108	687.7361	811.0889	916.4315	1018.001	1118.965	1220.233	1322.113	1424.717	1528.062	1632.114	1736.805	1842.048	1947.743
414.05	1.290419E-07	1.295242E-05	0.001079762	0.07335372	3.513152	82.45295	451.8003	687.5028	810.8217	916.1479	1017.706	1118.664	1219.928	1321.807	1424.412	1527.761	1631.818	1736.517	1841.769	1947.474
414.7	1.290471E-07	1.295374E-05	0.001079989	0.07338064	3.515118	82.50439	451.7889	687.2696	810.5547	915.8645	1017.412	1118.364	1219.623	1321.502	1424.108	1527.46	1631.523	1736.23	1841.49	1947.205
415.35	1.290522E-07	1.295505E-05	0.001080214	0.0734074	3.517075	82.55559	451.7766	687.0364	810.2878	915.5812	1017.119	1118.063	1219.319	1321.196	1423.804	1527.16	1631.228	1735.942	1841.211	1946.936
416	1.290573E-07	1.295635E-05	0.001080437	0.07343401	3.519022	82.60654	451.7635	686.8033	810.0209	915.298	1016.825	1117.762	1219.014	1320.89	1423.5	1526.859	1630.933	1735.654	1840.932	1946.667
416.65	1.290623E-07	1.295763E-05	0.001080659	0.07346046	3.520961	82.65726	451.7495	686.5702	809.7542	915.0148	1016.531	1117.461	1218.71	1320.585	1423.195	1526.558	1630.638	1735.367	1840.654	1946.399
417.3	1.290672E-07	1.295891E-05	0.001080879	0.07348675	3.522889	82.70774	451.7348	686.3372	809.4875	914.7318	1016.237	1117.161	1218.405	1320.279	1422.891	1526.258	1630.344	1735.079	1840.375	1946.13
417.95	1.290721E-07	1.296017E-05	0.001081097	0.07351289	3.524809	82.75798	451.7191	686.1042	809.2209	914.4487	1015.944	1116.86	1218.101	1319.974	1422.587	1525.958	1630.049	1734.792	1840.096	1945.861
418.6	1.29077E-07	1.296142E-05	0.001081314	0.07353887	3.52672	82.80798	451.7027	685.8714	808.9544	914.1659	1015.65	1116.56	1217.797	1319.669	1422.283	1525.657	1629.754	1734.504	1839.818	1945.593
419.25	1.290817E-07	1.296266E-05	0.001081529	0.07356469	3.528621	82.85773	451.6854	685.6385	808.688	913.8831	1015.357	1116.26	1217.493	1319.363	1421.979	1525.357	1629.459	1734.217	1839.539	1945.324
419.9	1.290865E-07	1.296389E-05	0.001081743	0.07359036	3.530514	82.90726	451.6673	685.4058	808.4217	913.6003	1015.064	1115.959	1217.188	1319.058	1421.676	1525.057	1629.165	1733.93	1839.261	1945.055
420.55	1.290911E-07	1.29651E-05	0.001081955	0.07361588	3.532397	82.95656	451.6484	685.1731	808.1555	913.3177	1014.77	1115.659	1216.885	1318.753	1421.372	1524.757	1628.87	1733.643	1838.982	1944.787
421.2	1.290957E-07	1.29663E-05	0.001082165	0.07364125	3.534271	83.00562	451.6287	684.9405	807.8893	913.0352	1014.477	1115.359	1216.581	1318.448	1421.068	1524.456	1628.576	1733.355	1838.704	1944.519
421.85	1.291003E-07	1.29675E-05	0.001082374	0.07366647	3.536137	83.05444	451.6082	684.7079	807.6234	912.7528	1014.184	1115.059	1216.277	1318.143	1420.765	1524.156	1628.281	1733.068	1838.425	1944.25
422.5	1.291048E-07	1.296868E-05	0.001082582	0.07369153	3.537994	83.10303	451.5869	684.4754	807.3574	912.4705	1013.891	1114.76	1215.973	1317.838	1420.461	1523.856	1627.987	1732.781	1838.147	1943.982
423.15	1.291093E-07	1.296985E-05	0.001082787	0.07371645	3.539842	83.15139	451.5648	684.243	807.0916	912.1882	1013.598	1114.46	1215.669	1317.533	1420.158	1523.557	1627.693	1732.494	1837.869	1943.713
423.8	1.291136E-07	1.297101E-05	0.001082991	0.07374122	3.541681	83.19952	451.542	684.0106	806.8257	911.906	1013.306	1114.16	1215.366	1317.229	1419.854	1523.257	1627.398	1732.207	1837.59	1943.445
424.45	1.29118E-07	1.297216E-05	0.001083194	0.07376584	3.543511	83.24742	451.5184	683.7783	806.5601	911.6239	1013.013	1113.86	1215.062	1316.924	1419.551	1522.957	1627.104	1731.92	1837.312	1943.177
425.1	1.291223E-07	1.29733E-05	0.001083395	0.07379031	3.545332	83.29509	451.494	683.546	806.2945	911.3419	1012.72	1113.561	1214.759	1316.619	1419.247	1522.657	1626.81	1731.633	1837.034	1942.909
425.75	1.291265E-07	1.297442E-05	0.001083595	0.07381465	3.547145	83.34254	451.4688	683.3138	806.029	911.06	1012.428	1113.261	1214.455	1316.315	1418.944	1522.358	1626.516	1731.346	1836.756	1942.64
426.4	1.291307E-07	1.297554E-05	0.001083793	0.07383883	3.54895	83.38976	451.443	683.0817	805.7636	910.7782	1012.135	1112.962	1214.152	1316.01	1418.641	1522.058	1626.222	1731.059	1836.478	1942.372
427.05	1.291349E-07	1.297664E-05	0.00108399	0.07386287	3.550745	83.43675	451.4163	682.8497	805.4983	910.4965	1011.843	1112.663	1213.849	1315.706	1418.338	1521.758	1625.928	1730.773	1836.2	1942.104
427.7	1.29139E-07	1.297774E-05	0.001084185	0.07388677	3.552532	83.48352	451.3889	682.6177	805.233	910.2148	1011.551	1112.363	1213.546	1315.402	1418.035	1521.459	1625.634	1730.486	1835.922	1941.836
428.35	1.29143E-07	1.297883E-05	0.001084379	0.07391053	3.554311	83.53007	451.3608	682.3858	804.9679	909.9333	1011.259	1112.064	1213.243	1315.097	1417.732	1521.159	1625.34	1730.199	1835.644	1941.568
429	1.29147E-07	1.29799E-05	0.001084571	0.07393414	3.556081	83.57639	451.3319	682.1539	804.7028	909.6519	1010.967	1111.765	1212.94	1314.793	1417.429	1520.86	1625.046	1729.913	1835.366	1941.3
429.65	1.29151E-07	1.298097E-05	0.001084762	0.07395761	3.557843	83.62249	451.3024	681.9221	804.4379	909.3705	1010.675	1111.466	1212.637	1314.489	1417.126	1520.561	1624.752	1729.626	1835.088	1941.032
430.3	1.291549E-07	1.298202E-05	0.001084951	0.07398095	3.559596	83.66837	451.2721	681.6904	804.173	909.0892	1010.383	1111.167	1212.334	1314.185	1416.824	1520.262	1624.458	1729.34	1834.81	1940.764
430.95	1.291588E-07	1.298307E-05	0.001085139	0.07400414	3.561341	83.71403	451.2411	681.4587	803.9082	908.808	1010.091	1110.869	1212.031	1313.881	1416.521	1519.962	1624.165	1729.053	1834.533	1940.496
431.6	1.291626E-07	1.29841E-05	0.001085326	0.0740272	3.563078	83.75947	451.2093	681.2272	803.6436	908.5269	1009.799	1110.57	1211.729	1313.577	1416.218	1519.663	1623.871	1728.767	1834.255	1940.228
432.25	1.291664E-07	1.298513E-05	0.001085511	0.07405012	3.564806	83.8047	451.1769	680.9957	803.3789	908.2459	1009.507	1110.271	1211.426	1313.273	1415.916	1519.364	1623.577	1728.48	1833.977	1939.961
432.9	1.291701E-07	1.298614E-05	0.001085695	0.0740729	3.566526	83.8497	451.1438	680.7642	803.1144	907.965	1009.216	1109.973	1211.124	1312.97	1415.613	1519.065	1623.284	1728.194	1833.699	1939.693
433.55	1.291738E-07	1.298715E-05	0.001085877	0.07409555	3.568238	83.89449	451.11	680.5328	802.85	907.6842	1008.924	1109.674	1210.821	1312.666	1415.311	1518.766	1622.99	1727.908	1833.422	1939.425
434.2	1.291774E-07	1.298815E-05	0.001086058	0.07411807	3.569942	83.93906	451.0755	680.3015	802.5856	907.4034	1008.633	1109.376	1210.519	1312.363	1415.009	1518.467	1622.697	1727.622	1833.144	1939.157
434.85	1.29181E-07	1.298914E-05	0.001086238	0.07414045	3.571638	83.98342	451.0403	680.0703	802.3214	907.1228	1008.342	1109.078	1210.217	1312.059	1414.706	1518.169	1622.404	1727.335	1832.867	1938.89
435.5	1.291846E-07	1.299011E-05	0.001086416	0.0741627	3.573325	84.02757	451.0045	679.8391	802.0573	906.8422	1008.05	1108.779	1209.914	1311.755	1414.404	1517.87	1622.11	1727.049	1832.589	1938.622
436.15	1.291881E-07	1.299108E-05	0.001086593	0.07418481	3.575005	84.0715	450.9679	679.608	801.7932	906.5618	1007.759	1108.481	1209.612	1311.452	1414.102	1517.571	1621.817	1726.763	1832.312	1938.355
436.8	1.291916E-07	1.299204E-05	0.001086769	0.07420679	3.576676	84.11522	450.9307	679.377	801.5292	906.2814	1007.468	1108.183	1209.31	1311.149	1413.8	1517.273	1621.524	1726.477	1832.035	1938.087
437.45	1.29195E-07	1.2993E-05	0.001086943	0.07422864	3.57834	84.15873	450.8929	679.1461	801.2653	906.001	1007.177	1107.885	1209.008	1310.846	1413.498	1516.974	1621.231	1726.191	1831.757	1937.82
438.1	1.291984E-07	1.299394E-05	0.001087117	0.07425037	3.579995	84.20203	450.8544	678.9152	801.0015	905.7208	1006.886	1107.587	1208.706	1310.542	1413.196	1516.675	1620.938	1725.905	1831.48	1937.552
438.75	1.292018E-07	1.299487E-05	0.001087288	0.07427196	3.581643	84.24512	450.8152	678.6843	800.7378	905.4407	1006.596	1107.289	1208.405	1310.239	1412.894	1516.377	1620.645	1725.619	1831.203	1937.285
439.4	1.292051E-07	1.29958E-05	0.001087459	0.07429343	3.583283	84.28801	450.7754	678.4536	800.4742	905.1607	1006.305	1106.992	1208.103	1309.936	1412.592	1516.079	1620.352	1725.334	1830.925	1937.017
440.05	1.292083E-07	1.299671E-05	0.001087628	0.07431476	3.584915	84.33068	450.735	678.2229	800.2106	904.8807	1006.014	1106.694	1207.801	1309.633	1412.29	1515.78	1620.059	1725.048	1830.648	1936.75
440.7	1.292116E-07	1.299762E-05	0.001087796	0.07433597	3.586539	84.37315	450.6939	677.9922	799.9472	904.6009	1005.724	1106.396	1207.5	1309.331	1411.989	1515.482	1619.766	1724.762	1830.371	1936.483
441.35	1.292148E-07	1.299852E-05	0.001087963	0.07435706	3.588156	84.41541	450.6522	677.7617	799.6838	904.3212	1005.433	1106.099	1207.198	1309.028	1411.687	1515.184	1619.473	1724.476	1830.094	1936.216
442	1.292179E-07	1.299941E-05	0.001088128	0.07437801	3.589764	84.45747	450.6099	677.5313	799.4206	904.0414	1005.143	1105.802	1206.897	1308.725	1411.386	1514.886	1619.18	1724.191	1829.817	1935.948
442.65	1.292211E-07	1.300029E-05	0.001088292	0.07439885	3.591366	84.49932	450.567	677.3009	799.1574	903.7619	1004.853	1105.504	1206.595	1308.422	1411.084	1514.588	1618.888	1723.905	1829.54	1935.681
443.3	1.292241E-07	1.300117E-05	0.001088455	0.07441955	3.592959	84.54097	450.5234	677.0706	798.8943	903.4824	1004.563	1105.207	1206.294	1308.12	1410.783	1514.29	1618.595	1723.62	1829.263	1935.414
443.95	1.292272E-07	1.300203E-05	0.001088617	0.07444014	3.594545	84.58242	450.4792	676.8403	798.6313	903.203	1004.272	1104.91	1205.993	1307.817	1410.481	1513.992	1618.302	1723.334	1828.986	1935.147
444.6	1.292302E-07	1.300289E-05	0.001088778	0.0744606	3.596123	84.62366	450.4344	676.6101	798.3684	902.9236	1003.982	1104.613	1205.692	1307.515	1410.18	1513.694	1618.01	1723.049	1828.709	1934.88
445.25	1.292332E-07	1.300374E-05	0.001088937	0.07448094	3.597694	84.66471	450.3891	676.38	798.1056	902.6444	1003.692	1104.316	1205.391	1307.213	1409.879	1513.396	1617.718	1722.763	1828.433	1934.613
445.9	1.292361E-07	1.300458E-05	0.001089095	0.07450116	3.599257	84.70556	450.3431	676.15	797.8428	902.3653	1003.403	1104.019	1205.09	1306.91	1409.578	1513.098	1617.425	1722.478	1828.156	1934.346
446.55	1.292391E-07	1.300541E-05	0.001089252	0.07452126	3.600813	84.74621	450.2965	675.92	797.5802	902.0862	1003.113	1103.722	1204.789	1306.608	1409.277	1512.8	1617.133	1722.193	1827.879	1934.079
447.2	1.292419E-07	1.300624E-05	0.001089408	0.07454124	3.602361	84.78665	450.2494	675.6901	797.3176	901.8073	1002.823	1103.425	1204.488	1306.306	1408.976	1512.503	1616.84	1721.908	1827.602	1933.812
447.85	1.292448E-07	1.300706E-05	0.001089563	0.0745611	3.603902	84.8269	450.2017	675.4603	797.0552	901.5284	1002.534	1103.129	1204.187	1306.004	1408.675	1512.205	1616.548	1721.622	1827.326	1933.545
448.5	1.292476E-07	1.300787E-05	0.001089716	0.07458085	3.605436	84.86696	450.1534	675.2306	796.7928	901.2496	1002.244	1102.832	1203.887	1305.702	1408.374	1511.908	1616.256	1721.337	1827.049	1933.278
449.15	1.292504E-07	1.300867E-05	0.001089868	0.07460047	3.606962	84.90681	450.1045	675.0009	796.5305	900.9709	1001.955	1102.536	1203.586	1305.4	1408.073	1511.61	1615.964	1721.052	1826.773	1933.011
449.8	1.292531E-07	1.300947E-05	0.00109002	0.07461998	3.608481	84.94648	450.0551	674.7713	796.2683	900.6923	1001.665	1102.239	1203.286	1305.098	1407.772	1511.313	1615.672	1720.767	1826.496	1932.745
450.45	1.292558E-07	1.301025E-05	0.00109017	0.07463937	3.609993	84.98595	450.005	674.5418	796.0062	900.4138	1001.376	1101.943	1202.985	1304.796	1407.472	1511.015	1615.38	1720.482	1826.22	1932.478
451.1	1.292585E-07	1.301103E-05	0.001090319	0.07465865	3.611497	85.02522	449.9545	674.3123	795.7442	900.1353	1001.087	1101.647	1202.685	1304.495	1407.171	1510.718	1615.088	1720.197	1825.943	1932.211
451.75	1.292611E-07	1.301181E-05	0.001090466	0.07467781	3.612994	85.06431	449.9034	674.0829	795.4822	899.857	1000.798	1101.35	1202.385	1304.193	1406.87	1510.421	1614.796	1719.912	1825.667	1931.945
452.4	1.292638E-07	1.301257E-05	0.001090613	0.07469685	3.614485	85.1032	449.8517	673.8537	795.2204	899.5787	1000.509	1101.054	1202.084	1303.891	1406.57	1510.124	1614.504	1719.628	1825.391	1931.678
453.05	1.292664E-07	1.301333E-05	0.001090759	0.07471579	3.615968	85.1419	449.7995	673.6245	794.9586	899.3005	1000.22	1100.758	1201.784	1303.59	1406.269	1509.827	1614.212	1719.343	1825.114	1931.412
453.7	1.292689E-07	1.301408E-05	0.001090903	0.07473461	3.617444	85.18041	449.7467	673.3953	794.697	899.0225	999.9312	1100.462	1201.484	1303.288	1405.969	1509.53	1613.92	1719.058	1824.838	1931.145
454.35	1.292714E-07	1.301483E-05	0.001091047	0.07475332	3.618912	85.21873	449.6934	673.1662	794.4354	898.7444	999.6425	1100.167	1201.184	1302.987	1405.669	1509.233	1613.629	1718.773	1824.562	1930.879
455	1.292739E-07	1.301557E-05	0.001091189	0.07477192	3.620374	85.25687	449.6396	672.9372	794.1739	898.4666	999.3538	1099.871	1200.885	1302.686	1405.369	1508.936	1613.337	1718.489	1824.286	1930.612
455.65	1.292764E-07	1.30163E-05	0.00109133	0.0747904	3.621829	85.29481	449.5852	672.7083	793.9125	898.1887	999.0653	1099.575	1200.585	1302.385	1405.068	1508.639	1613.045	1718.204	1824.01	1930.346
456.3	1.292788E-07	1.301702E-05	0.001091471	0.07480878	3.623277	85.33257	449.5304	672.4794	793.6512	897.911	998.7768	1099.28	1200.285	1302.083	1404.768	1508.342	1612.754	1717.92	1823.734	1930.079
456.95	1.292812E-07	1.301774E-05	0.00109161	0.07482705	3.624718	85.37014	449.4749	672.2506	793.39	897.6334	998.4884	1098.984	1199.985	1301.782	1404.468	1508.045	1612.462	1717.635	1823.458	1929.813
457.6	1.292836E-07	1.301845E-05	0.001091748	0.07484521	3.626152	85.40752	449.419	672.0219	793.1288	897.3558	998.2001	1098.688	1199.686	1301.481	1404.168	1507.749	1612.171	1717.351	1823.182	1929.547
458.25	1.29286E-07	1.301915E-05	0.001091885	0.07486326	3.627579	85.44473	449.3626	671.7933	792.8677	897.0783	997.9119	1098.393	1199.386	1301.181	1403.869	1507.452	1611.88	1717.066	1822.906	1929.281
458.9	1.292883E-07	1.301985E-05	0.001092021	0.0748812	3.629	85.48174	449.3057	671.5648	792.6068	896.801	997.6238	1098.098	1199.087	1300.88	1403.569	1507.155	1611.588	1716.782	1822.63	1929.014
459.55	1.292906E-07	1.302054E-05	0.001092156	0.07489904	3.630413	85.51858	449.2482	671.3362	792.3459	896.5237	997.3358	1097.803	1198.787	1300.579	1403.269	1506.859	1611.297	1716.498	1822.354	1928.748
460.2	1.292929E-07	1.302122E-05	0.00109229	0.07491677	3.63182	85.55523	449.1903	671.1078	792.0851	896.2465	997.0478	1097.508	1198.488	1300.278	1402.969	1506.562	1611.006	1716.213	1822.078	1928.482
460.85	1.292951E-07	1.30219E-05	0.001092423	0.07493439	3.63322	85.5917	449.1319	670.8795	791.8244	895.9694	996.7599	1097.213	1198.189	1299.978	1402.67	1506.266	1610.715	1715.929	1821.802	1928.216
461.5	1.292973E-07	1.302257E-05	0.001092555	0.07495191	3.634614	85.62799	449.0729	670.6513	791.5638	895.6923	996.4721	1096.918	1197.89	1299.677	1402.37	1505.97	1610.423	1715.645	1821.527	1927.95
462.15	1.292995E-07	1.302323E-05	0.001092686	0.07496932	3.636	85.6641	449.0135	670.4231	791.3033	895.4154	996.1844	1096.623	1197.591	1299.376	1402.071	1505.673	1610.132	1715.361	1821.251	1927.684
462.8	1.293017E-07	1.302389E-05	0.001092817	0.07498664	3.63738	85.70003	448.9536	670.195	791.0428	895.1385	995.8968	1096.328	1197.292	1299.076	1401.771	1505.377	1609.841	1715.077	1820.975	1927.418
463.45	1.293038E-07	1.302455E-05	0.001092946	0.07500384	3.638754	85.73578	448.8932	669.967	790.7825	894.8618	995.6093	1096.033	1196.993	1298.776	1401.472	1505.081	1609.551	1714.793	1820.7	1927.152
464.1	1.29306E-07	1.302519E-05	0.001093074	0.07502095	3.640121	85.77135	448.8324	669.739	790.5223	894.5851	995.3218	1095.739	1196.694	1298.475	1401.172	1504.785	1609.26	1714.509	1820.424	1926.886
464.75	1.29308E-07	1.302583E-05	0.001093201	0.07503795	3.641481	85.80675	448.7711	669.5111	790.2621	894.3085	995.0344	1095.444	1196.396	1298.175	1400.873	1504.489	1608.969	1714.225	1820.149	1926.62
465.4	1.293101E-07	1.302647E-05	0.001093327	0.07505485	3.642835	85.84196	448.7093	669.2833	790.002	894.032	994.7472	1095.15	1196.097	1297.875	1400.574	1504.193	1608.678	1713.941	1819.873	1926.354
466.05	1.293122E-07	1.302709E-05	0.001093452	0.07507166	3.644182	85.87701	448.647	669.0556	789.742	893.7556	994.46	1094.855	1195.798	1297.575	1400.275	1503.897	1608.387	1713.657	1819.598	1926.089
466.7	1.293142E-07	1.302772E-05	0.001093577	0.07508835	3.645523	85.91188	448.5843	668.8279	789.4821	893.4792	994.1729	1094.561	1195.5	1297.275	1399.976	1503.601	1608.097	1713.374	1819.322	1925.823
467.35	1.293162E-07	1.302833E-05	0.0010937	0.07510495	3.646858	85.94657	448.5211	668.6004	789.2223	893.203	993.8859	1094.267	1195.202	1296.975	1399.677	1503.306	1607.806	1713.09	1819.047	1925.557
468	1.293182E-07	1.302894E-05	0.001093823	0.07512145	3.648186	85.98109	448.4575	668.3729	788.9625	892.9269	993.5989	1093.973	1194.903	1296.675	1399.378	1503.01	1607.516	1712.806	1818.772	1925.291
468.65	1.293201E-07	1.302955E-05	0.001093944	0.07513786	3.649508	86.01544	448.3934	668.1454	788.7029	892.6508	993.3121	1093.679	1194.605	1296.376	1399.079	1502.714	1607.225	1712.523	1818.497	1925.026
469.3	1.29322E-07	1.303015E-05	0.001094065	0.07515417	3.650823	86.04961	448.3289	667.9182	788.4434	892.3748	993.0253	1093.385	1194.307	1296.076	1398.781	1502.419	1606.935	1712.239	1818.221	1924.76
469.95	1.293239E-07	1.303074E-05	0.001094185	0.07517038	3.652132	86.08363	448.2639	667.6909	788.1839	892.0989	992.7386	1093.091	1194.009	1295.776	1398.482	1502.123	1606.644	1711.955	1817.946	1924.495
470.6	1.293258E-07	1.303133E-05	0.001094304	0.07518649	3.653435	86.11745	448.1985	667.4637	787.9245	891.8232	992.452	1092.797	1193.711	1295.477	1398.183	1501.828	1606.354	1711.672	1817.671	1924.229
471.25	1.293277E-07	1.303191E-05	0.001094421	0.0752025	3.654731	86.15112	448.1327	667.2366	787.6652	891.5474	992.1655	1092.503	1193.413	1295.177	1397.885	1501.532	1606.064	1711.389	1817.396	1923.964
471.9	1.293295E-07	1.303249E-05	0.001094539	0.07521842	3.656022	86.18462	448.0664	667.0095	787.406	891.2718	991.8791	1092.21	1193.115	1294.878	1397.586	1501.237	1605.773	1711.105	1817.121	1923.698
472.55	1.293313E-07	1.303306E-05	0.001094655	0.07523425	3.657306	86.21794	447.9997	666.7825	787.1469	890.9963	991.5928	1091.916	1192.817	1294.578	1397.288	1500.942	1605.483	1710.822	1816.846	1923.433
473.2	1.293331E-07	1.303363E-05	0.00109477	0.07524998	3.658584	86.2511	447.9325	666.5557	786.8878	890.7208	991.3065	1091.623	1192.519	1294.279	1396.989	1500.646	1605.193	1710.539	1816.571	1923.167
473.85	1.293349E-07	1.303419E-05	0.001094885	0.07526562	3.659856	86.28409	447.865	666.3289	786.6289	890.4455	991.0203	1091.329	1192.222	1293.98	1396.691	1500.351	1604.903	1710.255	1816.296	1922.902
474.5	1.293366E-07	1.303474E-05	0.001094998	0.07528117	3.661121	86.31692	447.797	666.1021	786.3701	890.1702	990.7343	1091.036	1191.924	1293.681	1396.393	1500.056	1604.613	1709.972	1816.021	1922.637
475.15	1.293384E-07	1.303529E-05	0.001095111	0.07529661	3.662381	86.34957	447.7286	665.8755	786.1113	889.895	990.4482	1090.743	1191.627	1293.382	1396.095	1499.761	1604.323	1709.689	1815.747	1922.372
475.8	1.293401E-07	1.303584E-05	0.001095223	0.07531197	3.663635	86.38206	447.6598	665.6489	785.8526	889.6199	990.1623	1090.449	1191.329	1293.083	1395.797	1499.466	1604.033	1709.406	1815.472	1922.106
476.45	1.293418E-07	1.303638E-05	0.001095334	0.07532724	3.664882	86.4144	447.5906	665.4224	785.594	889.3449	989.8765	1090.156	1191.032	1292.784	1395.499	1499.171	1603.743	1709.123	1815.197	1921.841
477.1	1.293434E-07	1.303692E-05	0.001095444	0.07534242	3.666124	86.44656	447.521	665.196	785.3355	889.0699	989.5908	1089.863	1190.734	1292.485	1395.201	1498.876	1603.453	1708.84	1814.922	1921.576
477.75	1.293451E-07	1.303745E-05	0.001095554	0.0753575	3.667359	86.47857	447.451	664.9696	785.0771	888.7951	989.3051	1089.57	1190.437	1292.186	1394.903	1498.581	1603.164	1708.557	1814.648	1921.311
478.4	1.293467E-07	1.303797E-05	0.001095662	0.0753725	3.668589	86.51041	447.3806	664.7433	784.8187	888.5204	989.0195	1089.278	1190.14	1291.888	1394.605	1498.286	1602.874	1708.274	1814.373	1921.046
479.05	1.293483E-07	1.303849E-05	0.00109577	0.0753874	3.669813	86.54208	447.3098	664.5172	784.5605	888.2457	988.734	1088.985	1189.843	1291.589	1394.307	1497.992	1602.584	1707.991	1814.099	1920.781
479.7	1.293499E-07	1.303901E-05	0.001095877	0.07540222	3.671031	86.5736	447.2386	664.2911	784.3024	887.9711	988.4486	1088.692	1189.546	1291.29	1394.009	1497.697	1602.295	1707.709	1813.824	1920.516
480.35	1.293515E-07	1.303952E-05	0.001095983	0.07541695	3.672243	86.60496	447.167	664.065	784.0443	887.6967	988.1633	1088.4	1189.249	1290.992	1393.712	1497.403	1602.005	1707.426	1813.55	1920.251
481	1.293531E-07	1.304002E-05	0.001096089	0.07543159	3.673449	86.63616	447.095	663.8391	783.7863	887.4222	987.8781	1088.107	1188.953	1290.693	1393.414	1497.108	1601.716	1707.143	1813.275	1919.986
481.65	1.293546E-07	1.304052E-05	0.001096193	0.07544614	3.67465	86.6672	447.0227	663.6132	783.5284	887.1479	987.5929	1087.815	1188.656	1290.395	1393.117	1496.814	1601.426	1706.861	1813.001	1919.721
482.3	1.293561E-07	1.304102E-05	0.001096297	0.07546061	3.675844	86.69808	446.9499	663.3874	783.2706	886.8737	987.3078	1087.522	1188.359	1290.097	1392.819	1496.519	1601.137	1706.578	1812.727	1919.456
482.95	1.293576E-07	1.304151E-05	0.0010964	0.07547499	3.677033	86.7288	446.8768	663.1616	783.0129	886.5995	987.0228	1087.23	1188.063	1289.799	1392.522	1496.225	1600.848	1706.296	1812.452	1919.192
483.6	1.293591E-07	1.3042E-05	0.001096502	0.07548929	3.678217	86.75937	446.8033	662.936	782.7552	886.3255	986.7379	1086.938	1187.766	1289.5	1392.224	1495.931	1600.558	1706.013	1812.178	1918.927
484.25	1.293606E-07	1.304248E-05	0.001096604	0.0755035	3.679394	86.78978	446.7295	662.7104	782.4977	886.0515	986.4531	1086.646	1187.47	1289.202	1391.927	1495.636	1600.269	1705.731	1811.904	1918.662
484.9	1.29362E-07	1.304296E-05	0.001096704	0.07551762	3.680566	86.82003	446.6553	662.4849	782.2402	885.7776	986.1684	1086.354	1187.173	1288.904	1391.63	1495.342	1599.98	1705.448	1811.63	1918.397
485.55	1.293635E-07	1.304343E-05	0.001096804	0.07553166	3.681733	86.85013	446.5807	662.2595	781.9828	885.5038	985.8837	1086.062	1186.877	1288.607	1391.333	1495.048	1599.691	1705.166	1811.356	1918.133
486.2	1.293649E-07	1.30439E-05	0.001096904	0.07554562	3.682893	86.88007	446.5057	662.0341	781.7256	885.2302	985.5992	1085.77	1186.581	1288.309	1391.036	1494.754	1599.402	1704.884	1811.082	1917.868
486.85	1.293663E-07	1.304436E-05	0.001097002	0.0755595	3.684048	86.90987	446.4305	661.8089	781.4684	884.9565	985.3147	1085.478	1186.285	1288.011	1390.739	1494.46	1599.113	1704.601	1810.808	1917.604
487.5	1.293677E-07	1.304482E-05	0.0010971	0.07557329	3.685198	86.9395	446.3548	661.5837	781.2112	884.683	985.0303	1085.186	1185.989	1287.713	1390.442	1494.166	1598.824	1704.319	1810.534	1917.339
488.15	1.29369E-07	1.304528E-05	0.001097197	0.07558699	3.686342	86.96899	446.2788	661.3586	780.9542	884.4095	984.746	1084.895	1185.693	1287.416	1390.145	1493.872	1598.535	1704.037	1810.26	1917.075
488.8	1.293704E-07	1.304573E-05	0.001097293	0.07560062	3.68748	86.99832	446.2024	661.1335	780.6973	884.1362	984.4617	1084.603	1185.397	1287.118	1389.848	1493.579	1598.246	1703.755	1809.986	1916.81
489.45	1.293717E-07	1.304618E-05	0.001097389	0.07561416	3.688613	87.0275	446.1257	660.9086	780.4404	883.8629	984.1776	1084.312	1185.101	1286.821	1389.552	1493.285	1597.958	1703.473	1809.712	1916.546
490.1	1.29373E-07	1.304662E-05	0.001097483	0.07562762	3.689741	87.05653	446.0487	660.6837	780.1837	883.5897	983.8936	1084.02	1184.805	1286.523	1389.255	1492.991	1597.669	1703.191	1809.438	1916.281
490.75	1.293743E-07	1.304706E-05	0.001097578	0.07564101	3.690863	87.08542	445.9713	660.4589	779.927	883.3166	983.6096	1083.729	1184.51	1286.226	1388.958	1492.698	1597.38	1702.909	1809.165	1916.017
491.4	1.293756E-07	1.304749E-05	0.001097671	0.07565431	3.69198	87.11415	445.8936	660.2342	779.6704	883.0436	983.3257	1083.438	1184.214	1285.928	1388.662	1492.404	1597.092	1702.627	1808.891	1915.753
492.05	1.293769E-07	1.304792E-05	0.001097764	0.07566754	3.693091	87.14273	445.8155	660.0096	779.4139	882.7707	983.0419	1083.147	1183.919	1285.631	1388.365	1492.111	1596.803	1702.345	1808.617	1915.489
492.7	1.293782E-07	1.304835E-05	0.001097856	0.07568068	3.694197	87.17117	445.7371	659.785	779.1575	882.4978	982.7582	1082.856	1183.623	1285.334	1388.069	1491.817	1596.515	1702.063	1808.344	1915.224
493.35	1.293794E-07	1.304877E-05	0.001097947	0.07569375	3.695298	87.19946	445.6584	659.5605	778.9011	882.225	982.4745	1082.565	1183.328	1285.037	1387.773	1491.524	1596.226	1701.782	1808.07	1914.96
494	1.293806E-07	1.304919E-05	0.001098038	0.07570674	3.696393	87.2276	445.5793	659.3361	778.6449	881.9524	982.191	1082.274	1183.032	1284.74	1387.476	1491.23	1595.938	1701.5	1807.796	1914.696
494.65	1.293818E-07	1.304961E-05	0.001098128	0.07571965	3.697484	87.25559	445.5	659.1118	778.3887	881.6798	981.9075	1081.983	1182.737	1284.443	1387.18	1490.937	1595.65	1701.218	1807.523	1914.432
495.3	1.29383E-07	1.305002E-05	0.001098217	0.07573248	3.698568	87.28344	445.4203	658.8875	778.1327	881.4073	981.6241	1081.692	1182.442	1284.146	1386.884	1490.644	1595.361	1700.937	1807.249	1914.168
495.95	1.293842E-07	1.305042E-05	0.001098306	0.07574524	3.699648	87.31114	445.3403	658.6633	777.8766	881.1349	981.3408	1081.402	1182.147	1283.849	1386.588	1490.351	1595.073	1700.655	1806.976	1913.904
496.6	1.293854E-07	1.305083E-05	0.001098393	0.07575792	3.700722	87.33871	445.2599	658.4392	777.6208	880.8626	981.0576	1081.111	1181.852	1283.553	1386.292	1490.058	1594.785	1700.374	1806.703	1913.64
497.25	1.293865E-07	1.305123E-05	0.001098481	0.07577053	3.701792	87.36612	445.1793	658.2152	777.365	880.5903	980.7745	1080.821	1181.557	1283.256	1385.996	1489.765	1594.497	1700.092	1806.429	1913.376
497.9	1.293877E-07	1.305162E-05	0.001098567	0.07578306	3.702856	87.39339	445.0984	657.9913	777.1093	880.3182	980.4914	1080.53	1181.262	1282.96	1385.7	1489.472	1594.209	1699.811	1806.156	1913.112
498.55	1.293888E-07	1.305201E-05	0.001098653	0.07579551	3.703915	87.42052	445.0171	657.7674	776.8536	880.0461	980.2084	1080.24	1180.968	1282.663	1385.404	1489.179	1593.921	1699.529	1805.883	1912.848
499.2	1.293899E-07	1.30524E-05	0.001098739	0.07580789	3.704969	87.44751	444.9355	657.5436	776.598	879.7742	979.9255	1079.95	1180.673	1282.367	1385.109	1488.886	1593.633	1699.248	1805.61	1912.584
499.85	1.293911E-07	1.305279E-05	0.001098824	0.0758202	3.706017	87.47436	444.8537	657.3199	776.3426	879.5023	979.6428	1079.659	1180.378	1282.07	1384.813	1488.593	1593.345	1698.967	1805.336	1912.321
500.5	1.293921E-07	1.305317E-05	0.001098908	0.07583243	3.707061	87.50107	444.7715	657.0963	776.0872	879.2305	979.36	1079.369	1180.084	1281.774	1384.517	1488.301	1593.057	1698.686	1805.063	1912.057
501.15	1.293932E-07	1.305355E-05	0.001098991	0.07584459	3.7081	87.52763	444.689	656.8727	775.8319	878.9587	979.0774	1079.079	1179.789	1281.478	1384.222	1488.008	1592.769	1698.404	1804.79	1911.793
501.8	1.293943E-07	1.305392E-05	0.001099074	0.07585668	3.709134	87.55405	444.6063	656.6492	775.5767	878.6871	978.7949	1078.789	1179.495	1281.182	1383.926	1487.715	1592.482	1698.123	1804.517	1911.529
502.45	1.293953E-07	1.305429E-05	0.001099156	0.0758687	3.710162	87.58035	444.5232	656.4258	775.3216	878.4156	978.5124	1078.5	1179.201	1280.886	1383.631	1487.423	1592.194	1697.842	1804.244	1911.266
503.1	1.293964E-07	1.305466E-05	0.001099237	0.07588064	3.711186	87.60649	444.4399	656.2025	775.0665	878.1441	978.23	1078.21	1178.906	1280.59	1383.336	1487.13	1591.906	1697.561	1803.971	1911.002
503.75	1.293974E-07	1.305502E-05	0.001099318	0.07589251	3.712205	87.6325	444.3562	655.9792	774.8116	877.8727	977.9478	1077.92	1178.612	1280.294	1383.04	1486.838	1591.619	1697.28	1803.698	1910.739
504.4	1.293984E-07	1.305538E-05	0.001099399	0.07590431	3.713219	87.65838	444.2723	655.7561	774.5567	877.6014	977.6655	1077.63	1178.318	1279.998	1382.745	1486.546	1591.331	1696.999	1803.426	1910.475
505.05	1.293994E-07	1.305573E-05	0.001099479	0.07591604	3.714228	87.68411	444.1881	655.533	774.3019	877.3303	977.3834	1077.341	1178.024	1279.702	1382.45	1486.253	1591.044	1696.718	1803.153	1910.212
505.7	1.294004E-07	1.305609E-05	0.001099558	0.0759277	3.715232	87.70971	444.1037	655.31	774.0472	877.0591	977.1014	1077.051	1177.73	1279.406	1382.155	1485.961	1590.756	1696.438	1802.88	1909.948
506.35	1.294014E-07	1.305644E-05	0.001099636	0.07593929	3.716231	87.73518	444.0189	655.087	773.7927	876.7881	976.8194	1076.762	1177.437	1279.111	1381.86	1485.669	1590.469	1696.157	1802.607	1909.685
507	1.294024E-07	1.305678E-05	0.001099714	0.07595082	3.717226	87.76051	443.9339	654.8642	773.5381	876.5172	976.5375	1076.473	1177.143	1278.815	1381.565	1485.377	1590.182	1695.876	1802.335	1909.421
507.65	1.294033E-07	1.305713E-05	0.001099792	0.07596227	3.718215	87.78571	443.8486	654.6414	773.2837	876.2463	976.2557	1076.184	1176.849	1278.52	1381.27	1485.085	1589.895	1695.595	1802.062	1909.158
508.3	1.294043E-07	1.305747E-05	0.001099868	0.07597365	3.7192	87.81076	443.763	654.4187	773.0294	875.9755	975.974	1075.894	1176.555	1278.224	1380.975	1484.793	1589.607	1695.315	1801.789	1908.895
508.95	1.294052E-07	1.30578E-05	0.001099945	0.07598496	3.72018	87.83569	443.6771	654.1961	772.7751	875.7048	975.6924	1075.605	1176.262	1277.929	1380.68	1484.501	1589.32	1695.034	1801.517	1908.632
509.6	1.294061E-07	1.305814E-05	0.00110002	0.07599621	3.721155	87.86049	443.591	653.9736	772.5209	875.4342	975.4108	1075.316	1175.968	1277.633	1380.386	1484.209	1589.033	1694.754	1801.244	1908.368
510.25	1.294071E-07	1.305847E-05	0.001100095	0.0760074	3.722126	87.88515	443.5046	653.7511	772.2668	875.1637	975.1294	1075.027	1175.675	1277.338	1380.091	1483.917	1588.746	1694.473	1800.972	1908.105
510.9	1.29408E-07	1.30588E-05	0.00110017	0.0760185	3.723092	87.90968	443.418	653.5287	772.0128	874.8932	974.848	1074.739	1175.382	1277.043	1379.796	1483.625	1588.459	1694.193	1800.7	1907.842
511.55	1.294088E-07	1.305912E-05	0.001100244	0.07602955	3.724053	87.93408	443.3311	653.3064	771.7589	874.6229	974.5667	1074.45	1175.089	1276.748	1379.502	1483.334	1588.172	1693.912	1800.427	1907.579
512.2	1.294097E-07	1.305944E-05	0.001100317	0.07604054	3.72501	87.95835	443.244	653.0842	771.5051	874.3527	974.2855	1074.161	1174.795	1276.453	1379.208	1483.042	1587.885	1693.632	1800.155	1907.316
512.85	1.294106E-07	1.305976E-05	0.00110039	0.07605145	3.725962	87.98249	443.1565	652.862	771.2513	874.0825	974.0044	1073.873	1174.502	1276.158	1378.913	1482.75	1587.599	1693.352	1799.883	1907.053
513.5	1.294115E-07	1.306007E-05	0.001100462	0.0760623	3.726909	88.0065	443.0689	652.64	770.9976	873.8124	973.7233	1073.584	1174.209	1275.863	1378.619	1482.459	1587.312	1693.071	1799.61	1906.79
514.15	1.294123E-07	1.306039E-05	0.001100534	0.07607309	3.727852	88.03038	442.981	652.4179	770.7441	873.5424	973.4424	1073.296	1173.916	1275.568	1378.325	1482.167	1587.025	1692.791	1799.338	1906.527
514.8	1.294132E-07	1.30607E-05	0.001100605	0.07608381	3.728791	88.05413	442.8928	652.196	770.4906	873.2725	973.1615	1073.007	1173.623	1275.274	1378.03	1481.876	1586.738	1692.511	1799.066	1906.264
515.45	1.29414E-07	1.3061E-05	0.001100676	0.07609446	3.729724	88.07776	442.8044	651.9742	770.2372	873.0027	972.8807	1072.719	1173.331	1274.979	1377.736	1481.585	1586.452	1692.231	1798.794	1906.001
516.1	1.294148E-07	1.306131E-05	0.001100746	0.07610506	3.730654	88.10126	442.7157	651.7524	769.9838	872.7329	972.6	1072.431	1173.038	1274.684	1377.442	1481.293	1586.165	1691.951	1798.522	1905.738
516.75	1.294156E-07	1.306161E-05	0.001100816	0.07611559	3.731578	88.12463	442.6268	651.5307	769.7306	872.4633	972.3194	1072.143	1172.745	1274.39	1377.148	1481.002	1585.879	1691.671	1798.25	1905.475
517.4	1.294164E-07	1.30619E-05	0.001100885	0.07612605	3.732499	88.14787	442.5377	651.3091	769.4775	872.1937	972.0388	1071.855	1172.453	1274.095	1376.854	1480.711	1585.592	1691.391	1797.978	1905.213
518.05	1.294172E-07	1.30622E-05	0.001100953	0.07613645	3.733414	88.17099	442.4483	651.0876	769.2244	871.9242	971.7584	1071.567	1172.16	1273.801	1376.56	1480.42	1585.306	1691.111	1797.706	1904.95
518.7	1.29418E-07	1.306249E-05	0.001101022	0.0761468	3.734326	88.19398	442.3587	650.8661	768.9714	871.6548	971.478	1071.279	1171.868	1273.507	1376.267	1480.129	1585.02	1690.831	1797.434	1904.687
519.35	1.294188E-07	1.306278E-05	0.001101089	0.07615708	3.735233	88.21685	442.2689	650.6447	768.7186	871.3855	971.1977	1070.991	1171.575	1273.212	1375.973	1479.838	1584.733	1690.551	1797.162	1904.425
520	1.294195E-07	1.306307E-05	0.001101156	0.07616729	3.736135	88.23959	442.1788	650.4235	768.4658	871.1163	970.9175	1070.704	1171.283	1272.918	1375.679	1479.547	1584.447	1690.272	1796.89	1904.162
520.65	1.294203E-07	1.306335E-05	0.001101223	0.07617746	3.737033	88.26221	442.0885	650.2022	768.213	870.8471	970.6373	1070.416	1170.991	1272.624	1375.386	1479.256	1584.161	1689.992	1796.619	1903.9
521.3	1.29421E-07	1.306363E-05	0.001101289	0.07618755	3.737927	88.28471	441.998	649.9811	767.9604	870.5781	970.3573	1070.129	1170.699	1272.33	1375.092	1478.965	1583.875	1689.712	1796.347	1903.637
521.95	1.294218E-07	1.306391E-05	0.001101354	0.07619759	3.738817	88.30708	441.9072	649.76	767.7078	870.3091	970.0773	1069.841	1170.407	1272.036	1374.799	1478.674	1583.589	1689.433	1796.075	1903.375
522.6	1.294225E-07	1.306419E-05	0.001101419	0.07620756	3.739702	88.32934	441.8162	649.539	767.4554	870.0402	969.7975	1069.554	1170.115	1271.742	1374.505	1478.384	1583.303	1689.153	1795.803	1903.112
523.25	1.294232E-07	1.306446E-05	0.001101484	0.07621747	3.740583	88.35147	441.725	649.3181	767.203	869.7714	969.5177	1069.266	1169.823	1271.448	1374.212	1478.093	1583.017	1688.874	1795.532	1902.85
523.9	1.294239E-07	1.306473E-05	0.001101548	0.07622733	3.741459	88.37348	441.6336	649.0973	766.9507	869.5027	969.238	1068.979	1169.531	1271.155	1373.919	1477.802	1582.731	1688.594	1795.26	1902.587
524.55	1.294246E-07	1.3065E-05	0.001101612	0.07623713	3.742332	88.39537	441.5419	648.8765	766.6985	869.234	968.9583	1068.692	1169.24	1270.861	1373.625	1477.512	1582.445	1688.315	1794.989	1902.325
525.2	1.294253E-07	1.306527E-05	0.001101675	0.07624687	3.7432	88.41714	441.45	648.6558	766.4464	868.9655	968.6788	1068.405	1168.948	1270.567	1373.332	1477.222	1582.159	1688.035	1794.717	1902.063
525.85	1.29426E-07	1.306553E-05	0.001101737	0.07625655	3.744064	88.43879	441.358	648.4352	766.1943	868.697	968.3994	1068.118	1168.656	1270.274	1373.039	1476.931	1581.874	1687.756	1794.446	1901.8
526.5	1.294267E-07	1.306579E-05	0.001101799	0.07626617	3.744924	88.46032	441.2657	648.2147	765.9424	868.4286	968.1199	1067.831	1168.365	1269.98	1372.746	1476.641	1581.588	1687.477	1794.175	1901.538
527.15	1.294274E-07	1.306605E-05	0.001101861	0.07627574	3.745779	88.48173	441.1732	647.9943	765.6905	868.1603	967.8406	1067.544	1168.073	1269.687	1372.453	1476.351	1581.302	1687.197	1793.903	1901.276
527.8	1.29428E-07	1.30663E-05	0.001101922	0.07628524	3.746631	88.50302	441.0805	647.7739	765.4387	867.8922	967.5614	1067.257	1167.782	1269.394	1372.161	1476.06	1581.017	1686.918	1793.632	1901.014
528.45	1.294287E-07	1.306656E-05	0.001101983	0.07629469	3.747478	88.5242	440.9876	647.5536	765.187	867.624	967.2823	1066.971	1167.491	1269.1	1371.868	1475.77	1580.731	1686.639	1793.361	1900.752
529.1	1.294293E-07	1.306681E-05	0.001102044	0.07630409	3.748321	88.54526	440.8944	647.3334	764.9354	867.356	967.0032	1066.684	1167.199	1268.807	1371.575	1475.48	1580.446	1686.36	1793.089	1900.49
529.75	1.2943E-07	1.306706E-05	0.001102103	0.07631342	3.74916	88.5662	440.8011	647.1133	764.6839	867.088	966.7243	1066.398	1166.908	1268.514	1371.282	1475.19	1580.16	1686.081	1792.818	1900.228
530.4	1.294306E-07	1.30673E-05	0.001102163	0.0763227	3.749995	88.58703	440.7076	646.8932	764.4324	866.8201	966.4454	1066.111	1166.617	1268.221	1370.99	1474.9	1579.875	1685.802	1792.547	1899.966
531.05	1.294312E-07	1.306755E-05	0.001102222	0.07633193	3.750826	88.60774	440.6139	646.6732	764.1811	866.5524	966.1666	1065.825	1166.326	1267.928	1370.697	1474.61	1579.59	1685.523	1792.276	1899.704
531.7	1.294319E-07	1.306779E-05	0.00110228	0.0763411	3.751653	88.62833	440.52	646.4533	763.9298	866.2847	965.8879	1065.539	1166.035	1267.635	1370.405	1474.32	1579.304	1685.244	1792.005	1899.442
532.35	1.294325E-07	1.306803E-05	0.001102338	0.07635022	3.752476	88.64882	440.4258	646.2335	763.6786	866.017	965.6093	1065.252	1165.745	1267.342	1370.112	1474.03	1579.019	1684.965	1791.734	1899.18
533	1.294331E-07	1.306827E-05	0.001102396	0.07635928	3.753295	88.66918	440.3315	646.0137	763.4275	865.7495	965.3307	1064.966	1165.454	1267.049	1369.82	1473.741	1578.734	1684.686	1791.463	1898.918
533.65	1.294337E-07	1.30685E-05	0.001102453	0.07636829	3.75411	88.68944	440.237	645.7941	763.1765	865.4821	965.0522	1064.68	1165.163	1266.757	1369.527	1473.451	1578.449	1684.408	1791.192	1898.656
534.3	1.294342E-07	1.306873E-05	0.00110251	0.07637724	3.754921	88.70958	440.1423	645.5745	762.9255	865.2147	964.7738	1064.394	1164.872	1266.464	1369.235	1473.161	1578.164	1684.129	1790.921	1898.394
534.95	1.294348E-07	1.306896E-05	0.001102566	0.07638614	3.755728	88.72961	440.0475	645.355	762.6747	864.9474	964.4955	1064.109	1164.582	1266.172	1368.943	1472.872	1577.879	1683.85	1790.651	1898.133
535.6	1.294354E-07	1.306919E-05	0.001102622	0.07639498	3.756531	88.74952	439.9524	645.1356	762.424	864.6802	964.2173	1063.823	1164.292	1265.879	1368.651	1472.582	1577.594	1683.572	1790.38	1897.871
536.25	1.29436E-07	1.306942E-05	0.001102678	0.07640377	3.75733	88.76933	439.8571	644.9162	762.1733	864.4131	963.9391	1063.537	1164.001	1265.587	1368.359	1472.293	1577.309	1683.293	1790.109	1897.609
536.9	1.294365E-07	1.306964E-05	0.001102733	0.07641251	3.758125	88.78902	439.7617	644.6969	761.9227	864.1461	963.6611	1063.251	1163.711	1265.294	1368.067	1472.003	1577.024	1683.015	1789.838	1897.348
537.55	1.294371E-07	1.306986E-05	0.001102788	0.0764212	3.758917	88.80859	439.6661	644.4777	761.6722	863.8792	963.3831	1062.966	1163.421	1265.002	1367.775	1471.714	1576.74	1682.736	1789.568	1897.086
538.2	1.294376E-07	1.307008E-05	0.001102842	0.07642984	3.759704	88.82806	439.5703	644.2586	761.4218	863.6123	963.1052	1062.68	1163.13	1264.71	1367.483	1471.425	1576.455	1682.458	1789.297	1896.824
538.85	1.294382E-07	1.30703E-05	0.001102896	0.07643842	3.760488	88.84743	439.4743	644.0396	761.1714	863.3456	962.8274	1062.395	1162.84	1264.418	1367.191	1471.136	1576.17	1682.179	1789.026	1896.563
539.5	1.294387E-07	1.307052E-05	0.001102949	0.07644695	3.761268	88.86668	439.3781	643.8206	760.9211	863.0789	962.5497	1062.11	1162.55	1264.125	1366.9	1470.846	1575.885	1681.901	1788.756	1896.302
540.15	1.294392E-07	1.307073E-05	0.001103002	0.07645544	3.762044	88.88582	439.2818	643.6017	760.671	862.8123	962.272	1061.824	1162.26	1263.833	1366.608	1470.557	1575.601	1681.623	1788.485	1896.04
540.8	1.294398E-07	1.307094E-05	0.001103055	0.07646386	3.762817	88.90485	439.1853	643.3829	760.4209	862.5458	961.9944	1061.539	1161.97	1263.542	1366.316	1470.268	1575.316	1681.345	1788.215	1895.779
541.45	1.294403E-07	1.307115E-05	0.001103107	0.07647225	3.763585	88.92378	439.0886	643.1641	760.1709	862.2794	961.717	1061.254	1161.681	1263.25	1366.025	1469.979	1575.032	1681.066	1787.945	1895.517
542.1	1.294408E-07	1.307136E-05	0.001103159	0.07648057	3.76435	88.9426	438.9918	642.9454	759.921	862.013	961.4396	1060.969	1161.391	1262.958	1365.733	1469.69	1574.748	1680.788	1787.674	1895.256
542.75	1.294413E-07	1.307157E-05	0.00110321	0.07648885	3.765111	88.96131	438.8947	642.7269	759.6711	861.7468	961.1623	1060.684	1161.101	1262.666	1365.442	1469.402	1574.463	1680.51	1787.404	1894.995
543.4	1.294418E-07	1.307177E-05	0.001103261	0.07649708	3.765869	88.97991	438.7975	642.5084	759.4214	861.4806	960.885	1060.399	1160.812	1262.375	1365.151	1469.113	1574.179	1680.232	1787.134	1894.734
544.05	1.294423E-07	1.307197E-05	0.001103312	0.07650526	3.766622	88.99841	438.7002	642.2899	759.1717	861.2145	960.6078	1060.115	1160.522	1262.083	1364.859	1468.824	1573.895	1679.954	1786.863	1894.472
544.7	1.294428E-07	1.307217E-05	0.001103363	0.07651339	3.767372	89.0168	438.6027	642.0715	758.9221	860.9485	960.3308	1059.83	1160.233	1261.792	1364.568	1468.535	1573.611	1679.676	1786.593	1894.211
545.35	1.294433E-07	1.307237E-05	0.001103412	0.07652147	3.768119	89.03509	438.505	641.8533	758.6726	860.6826	960.0538	1059.545	1159.943	1261.5	1364.277	1468.247	1573.326	1679.398	1786.323	1893.95
546	1.294437E-07	1.307257E-05	0.001103462	0.07652951	3.768862	89.05327	438.4071	641.6351	758.4232	860.4167	959.7769	1059.261	1159.654	1261.209	1363.986	1467.958	1573.042	1679.121	1786.053	1893.689
546.65	1.294442E-07	1.307276E-05	0.001103511	0.07653749	3.769601	89.07135	438.3091	641.417	758.1739	860.1509	959.5001	1058.976	1159.365	1260.917	1363.695	1467.67	1572.758	1678.843	1785.783	1893.428
547.3	1.294447E-07	1.307295E-05	0.00110356	0.07654543	3.770336	89.08932	438.211	641.1989	757.9246	859.8853	959.2233	1058.692	1159.076	1260.626	1363.404	1467.381	1572.474	1678.565	1785.513	1893.167
547.95	1.294451E-07	1.307314E-05	0.001103609	0.07655332	3.771068	89.10719	438.1127	640.981	757.6755	859.6197	958.9467	1058.408	1158.787	1260.335	1363.113	1467.093	1572.19	1678.287	1785.243	1892.906
548.6	1.294456E-07	1.307333E-05	0.001103657	0.07656116	3.771797	89.12495	438.0142	640.7631	757.4264	859.3542	958.6701	1058.123	1158.498	1260.044	1362.822	1466.805	1571.907	1678.01	1784.973	1892.645
549.25	1.29446E-07	1.307352E-05	0.001103704	0.07656895	3.772521	89.14262	437.9156	640.5452	757.1774	859.0888	958.3936	1057.839	1158.209	1259.753	1362.532	1466.516	1571.623	1677.732	1784.703	1892.384
549.9	1.294465E-07	1.30737E-05	0.001103752	0.0765767	3.773243	89.16018	437.8168	640.3275	756.9285	858.8234	958.1172	1057.555	1157.92	1259.462	1362.241	1466.228	1571.339	1677.455	1784.433	1892.123
550.55	-1.424355E-07	-9.400289E-06	-0.0005895764	-0.03254757	-1.332031	-26.92077	-115.4978	-150.0093	-159.4978	-164.459	-168.1538	-171.3199	-174.188	-176.8522	-179.3578	-181.7282	-183.9751	-186.1037	-188.1159	-190.0121
551.2	-1.386522E-07	-9.154717E-06	-0.0005744461	-0.0317279	-1.299144	-26.26981	-112.7656	-146.5398	-155.8932	-160.829	-164.5301	-167.7162	-170.6116	-173.3075	-175.8475	-178.2538	-180.5371	-182.702	-184.75	-186.6809
551.85	-1.348978E-07	-8.90927E-06	-0.0005592061	-0.03089542	-1.265448	-25.59658	-109.9117	-142.8781	-152.0476	-156.913	-160.5761	-163.7377	-166.6163	-169.3002	-171.8314	-174.2313	-176.5099	-178.6714	-180.7168	-182.6461
552.5	-1.312026E-07	-8.666664E-06	-0.0005440745	-0.03006492	-1.231664	-24.91806	-107.0195	-139.1463	-148.106	-152.8757	-156.4754	-159.5872	-162.4236	-165.0702	-167.5678	-169.9368	-172.187	-174.3221	-176.3431	-178.2496
553.15	-1.275834E-07	-8.428441E-06	-0.0005291765	-0.02924495	-1.198211	-24.24413	-104.1379	-135.4162	-144.1533	-148.8138	-152.3362	-155.384	-158.1639	-160.7591	-163.2091	-165.5335	-167.7418	-169.8376	-171.8216	-173.6933
553.8	-1.240489E-07	-8.195443E-06	-0.0005145818	-0.02844033	-1.165326	-23.58047	-101.2948	-131.7291	-140.2388	-144.7835	-148.2214	-151.1978	-153.9136	-156.4497	-158.8445	-161.1169	-163.276	-165.3253	-167.2655	-169.0961
554.45	-1.206035E-07	-7.968099E-06	-0.0005003274	-0.02765366	-1.133142	-22.93025	-98.50615	-128.1085	-136.3905	-140.817	-144.1671	-147.0686	-149.7167	-152.19	-154.5257	-156.7424	-158.8487	-160.848	-162.7409	-164.527
555.1	-1.172484E-07	-7.746592E-06	-0.0004864307	-0.02688627	-1.101727	-22.29513	-95.78047	-124.5672	-132.6241	-136.9321	-140.1936	-143.019	-145.598	-148.007	-150.2822	-152.4416	-154.4936	-156.4414	-158.2856	-160.0257
555.75	-1.139835E-07	-7.530964E-06	-0.000472898	-0.02613869	-1.07111	-21.67593	-93.12199	-121.1119	-128.9474	-133.1383	-136.3118	-139.0612	-141.5711	-143.9157	-146.1302	-148.2321	-150.2294	-152.1254	-153.9206	-155.6145
556.4	-1.108076E-07	-7.321172E-06	-0.0004597286	-0.02541103	-1.041302	-21.07292	-90.53242	-117.7453	-125.3643	-129.44	-132.5267	-135.2012	-137.6427	-139.9236	-142.078	-144.1228	-146.066	-147.9106	-149.6572	-151.3052
557.05	-1.077191E-07	-7.117126E-06	-0.0004469182	-0.02470309	-1.012299	-20.4861	-88.01195	-114.4679	-121.8757	-125.8388	-128.8404	-131.4413	-133.8158	-136.034	-138.1293	-140.118	-142.0079	-143.802	-145.5007	-147.1036
557.7	-1.04716E-07	-6.918708E-06	-0.0004344601	-0.02401456	-0.9840874	-19.91526	-85.55991	-111.2793	-118.4812	-122.3344	-125.2529	-127.7818	-130.0907	-132.2476	-134.285	-136.2188	-138.0566	-139.8011	-141.453	-143.0116
558.35	-1.017962E-07	-6.725786E-06	-0.0004223465	-0.02334504	-0.9566535	-19.36012	-83.17516	-108.178	-115.1795	-118.9256	-121.763	-124.2217	-126.4665	-128.5637	-130.5446	-132.4248	-134.2116	-135.9078	-137.5139	-139.0293
559	-9.895766E-08	-6.538223E-06	-0.000410569	-0.02269407	-0.929979	-18.82033	-80.85627	-105.1622	-111.9687	-115.6105	-118.369	-120.7594	-122.9418	-124.9806	-126.9065	-128.7344	-130.4716	-132.1207	-133.6821	-135.1555
559.65	-9.619812E-08	-6.355878E-06	-0.0003991189	-0.0220612	-0.904045	-18.29552	-78.60165	-102.23	-108.8468	-112.3871	-115.0688	-117.3926	-119.5143	-121.4964	-123.3686	-125.1457	-126.8345	-128.4377	-129.9557	-131.3881
560.3	-9.351546E-08	-6.178611E-06	-0.0003879875	-0.02144592	-0.8788325	-17.78529	-76.40969	-99.37922	-105.8115	-109.2532	-111.8602	-114.1192	-116.1818	-118.1087	-119.9288	-121.6563	-123.2981	-124.8566	-126.3323	-127.7248
560.95	-9.090756E-08	-6.006284E-06	-0.0003771663	-0.02084779	-0.8543218	-17.28927	-74.27872	-96.60773	-102.8607	-106.2064	-108.7407	-110.9368	-112.9418	-114.815	-116.5844	-118.2638	-119.8599	-121.3749	-122.8095	-124.1632
561.6	-8.837238E-08	-5.83876E-06	-0.0003666467	-0.02026632	-0.8304942	-16.80706	-72.20711	-93.91343	-99.99202	-103.2445	-105.7081	-107.8429	-109.7921	-111.613	-113.3331	-114.9657	-116.5172	-117.99	-119.3846	-120.7005
562.25	-8.590789E-08	-5.675908E-06	-0.0003564204	-0.01970107	-0.8073307	-16.3383	-70.19323	-91.2942	-97.20327	-100.365	-102.7599	-104.8353	-106.73	-108.5002	-110.1723	-111.7593	-113.2676	-114.6994	-116.055	-117.3343
562.9	-8.351213E-08	-5.517596E-06	-0.0003464792	-0.01915157	-0.784813	-15.8826	-68.23548	-88.74797	-94.49225	-97.56582	-99.89394	-101.9114	-103.7533	-105.4741	-107.0995	-108.6423	-110.1085	-111.5004	-112.8182	-114.0618
563.55	-8.118318E-08	-5.3637E-06	-0.0003368152	-0.0186174	-0.7629232	-15.43961	-66.33233	-86.27274	-91.85682	-94.84466	-97.10785	-99.06901	-100.8596	-102.5324	-104.1124	-105.6122	-107.0375	-108.3905	-109.6716	-110.8805
564.2	-7.891919E-08	-5.214096E-06	-0.0003274208	-0.01809813	-0.7416439	-15.00898	-64.48224	-83.86653	-89.29487	-92.19937	-94.39944	-96.30589	-98.04649	-99.67264	-101.2086	-102.6666	-104.0521	-105.3674	-106.6128	-107.7879
564.85	-7.671834E-08	-5.068665E-06	-0.0003182883	-0.01759334	-0.7209581	-14.59035	-62.68375	-81.52742	-86.80436	-89.62785	-91.76655	-93.61982	-95.31187	-96.89265	-98.38582	-99.80309	-101.15	-102.4286	-103.6392	-104.7815
565.5	-7.457888E-08	-4.92729E-06	-0.0003094106	-0.01710262	-0.7008492	-14.1834	-60.93542	-79.25354	-84.38331	-87.12804	-89.20708	-91.00866	-92.65351	-94.1902	-95.64171	-97.01945	-98.32876	-99.57167	-100.7485	-101.859
566.15	-7.249909E-08	-4.789858E-06	-0.0003007805	-0.0166256	-0.6813011	-13.7878	-59.23585	-77.04308	-82.02978	-84.69796	-86.71901	-88.47033	-90.06929	-91.56311	-92.97413	-94.31344	-95.58623	-96.79446	-97.93849	-99.01801
566.8	-7.047731E-08	-4.656259E-06	-0.0002923911	-0.01616187	-0.6622983	-13.40323	-57.58368	-74.89428	-79.74189	-82.33565	-84.30032	-86.00278	-87.55714	-89.00929	-90.38095	-91.6829	-92.92018	-94.09471	-95.20683	-96.25623
567.45	-6.851193E-08	-4.526386E-06	-0.0002842357	-0.01571109	-0.6438255	-13.02939	-55.97759	-72.8054	-77.51781	-80.03922	-81.94909	-83.60406	-85.11507	-86.5267	-87.8601	-89.12572	-90.32849	-91.47025	-92.55135	-93.57147
568.1	-6.660136E-08	-4.400136E-06	-0.0002763078	-0.01527287	-0.625868	-12.66598	-54.4163	-70.77478	-75.35576	-77.80684	-79.66344	-81.27225	-82.7411	-84.11336	-85.40955	-86.63988	-87.80909	-88.919	-89.96993	-90.9616
568.75	-6.474409E-08	-4.277408E-06	-0.000268601	-0.01484688	-0.6084113	-12.3127	-52.89855	-68.8008	-73.25401	-75.63673	-77.44153	-79.00546	-80.43334	-81.76732	-83.02736	-84.22336	-85.35995	-86.4389	-87.46052	-88.42452
569.4	-6.293861E-08	-4.158102E-06	-0.0002611092	-0.01443277	-0.5914415	-11.96928	-51.42314	-66.88187	-71.21088	-73.52713	-75.28159	-76.8019	-78.18995	-79.48672	-80.7116	-81.87424	-82.97913	-84.02798	-85.0211	-85.95821
570.05	-6.118349E-08	-4.042125E-06	-0.0002538263	-0.01403021	-0.574945	-11.63543	-49.98887	-65.01646	-69.22474	-71.47638	-73.1819	-74.6598	-76.00912	-77.26972	-78.46043	-79.59064	-80.6647	-81.6843	-82.6497	-83.56068
570.7	-5.947733E-08	-3.929381E-06	-0.0002467466	-0.01363888	-0.5589086	-11.3109	-48.59461	-63.20309	-67.29399	-69.48283	-71.14078	-72.57745	-73.88913	-75.11456	-76.27206	-77.37074	-78.41483	-79.40598	-80.34447	-81.23002
571.35	-5.781876E-08	-3.819783E-06	-0.0002398643	-0.01325847	-0.5433196	-10.99542	-47.23924	-61.44028	-65.41709	-67.54488	-69.15657	-70.55317	-71.82826	-73.01951	-74.14471	-75.21275	-76.22772	-77.19122	-78.10352	-78.96437
572	-5.620645E-08	-3.713242E-06	-0.000233174	-0.01288866	-0.5281653	-10.68874	-45.92167	-59.72665	-63.59254	-65.66097	-67.22771	-68.58535	-69.82487	-70.98289	-72.07671	-73.11494	-74.10161	-75.03823	-75.92508	-76.76192
572.65	-5.463911E-08	-3.609672E-06	-0.0002266703	-0.01252917	-0.5134338	-10.39061	-44.64085	-58.06081	-61.81887	-63.82962	-65.35265	-66.67242	-67.87737	-69.00307	-70.06638	-71.07565	-72.03479	-72.94529	-73.8074	-74.62089
573.3	-5.311548E-08	-3.508991E-06	-0.000220348	-0.01217971	-0.4991131	-10.10079	-43.39575	-56.44143	-60.09468	-62.04934	-63.52989	-64.81284	-65.98418	-67.07848	-68.11213	-69.09324	-70.02563	-70.91072	-71.74878	-72.53958
573.95	-5.163435E-08	-3.411119E-06	-0.000214202	-0.01183999	-0.4851918	-9.819063	-42.18538	-54.86721	-58.41858	-60.31871	-61.75797	-63.00513	-64.14379	-65.20757	-66.21238	-67.16612	-68.07249	-68.9329	-69.74758	-70.51632
574.6	-5.019454E-08	-3.315976E-06	-0.0002082275	-0.01150975	-0.4716589	-9.545192	-41.00877	-53.33691	-56.78922	-58.63635	-60.03546	-61.24783	-62.35473	-63.38884	-64.36562	-65.29276	-66.17384	-67.01025	-67.8022	-68.54949
575.25	-4.879488E-08	-3.223487E-06	-0.0002024196	-0.01118872	-0.4585033	-9.278958	-39.86497	-51.84928	-55.20531	-57.00092	-58.361	-59.53955	-60.61557	-61.62083	-62.57036	-63.47164	-64.32815	-65.14122	-65.91108	-66.63753
575.9	-4.743426E-08	-3.133577E-06	-0.0001967737	-0.01087664	-0.4457148	-9.020151	-38.75309	-50.40315	-53.66557	-55.4111	-56.73324	-57.87892	-58.92492	-59.90214	-60.82518	-61.70131	-62.53393	-63.32432	-64.0727	-64.77888
576.55	-4.61116E-08	-3.046176E-06	-0.0001912853	-0.01057327	-0.4332829	-8.768562	-37.6722	-48.99735	-52.16878	-53.86562	-55.15088	-56.2646	-57.28143	-58.23138	-59.12867	-59.98037	-60.78976	-61.5581	-62.28561	-62.97209
577.2	-4.482582E-08	-2.961212E-06	-0.0001859499	-0.01027836	-0.4211978	-8.523991	-36.62147	-47.63076	-50.71373	-52.36324	-53.61266	-54.69531	-55.68377	-56.60722	-57.47949	-58.30742	-59.09423	-59.84114	-60.54835	-61.21568
577.85	-4.357591E-08	-2.878618E-06	-0.0001807634	-0.009991676	-0.4094498	-8.286242	-35.60005	-46.30228	-49.29927	-50.90277	-52.11733	-53.16978	-54.13067	-55.02837	-55.8763	-56.68114	-57.446	-58.17207	-58.85955	-59.50827
578.5	-4.236086E-08	-2.798327E-06	-0.0001757216	-0.009712988	-0.3980294	-8.055122	-34.60711	-45.01086	-47.92426	-49.48304	-50.66372	-51.68681	-52.62089	-53.49355	-54.31782	-55.10021	-55.84373	-56.54955	-57.21786	-57.84848
579.15	-4.117971E-08	-2.720277E-06	-0.0001708203	-0.009442072	-0.3869276	-7.830451	-33.64186	-43.75546	-46.5876	-48.1029	-49.25064	-50.2452	-51.15322	-52.00153	-52.80282	-53.56338	-54.28616	-54.97229	-55.62195	-56.23498
579.8	-4.003149E-08	-2.644403E-06	-0.0001660558	-0.009178714	-0.3761354	-7.612045	-32.70354	-42.53506	-45.28822	-46.76125	-47.87698	-48.84379	-49.72649	-50.55113	-51.33007	-52.06941	-52.77203	-53.43902	-54.07056	-54.66648
580.45	-3.891531E-08	-2.570645E-06	-0.0001614242	-0.008922702	-0.3656442	-7.399731	-31.7914	-41.34871	-44.02508	-45.45702	-46.54163	-47.48148	-48.33955	-49.14119	-49.89839	-50.61711	-51.30013	-51.94851	-52.56244	-53.14174
581.1	-3.783025E-08	-2.498945E-06	-0.0001569217	-0.008673829	-0.3554457	-7.193338	-30.90469	-40.19545	-42.79717	-44.18917	-45.24353	-46.15715	-46.99129	-47.77057	-48.50665	-49.20532	-49.86929	-50.49958	-51.09638	-51.65952
581.75	-3.677546E-08	-2.429245E-06	-0.0001525448	-0.008431898	-0.3455316	-6.992703	-30.04271	-39.07435	-41.60351	-42.95669	-43.98163	-44.86977	-45.68064	-46.43818	-47.15372	-47.8329	-48.47835	-49.09106	-49.67121	-50.21864
582.4	-3.575009E-08	-2.361488E-06	-0.0001482901	-0.008196716	-0.3358941	-6.797664	-29.20477	-37.98452	-40.44314	-41.75857	-42.75493	-43.61829	-44.40654	-45.14295	-45.83854	-46.49877	-47.12621	-47.72183	-48.28579	-48.81796
583.05	-3.475332E-08	-2.295622E-06	-0.0001441539	-0.007968093	-0.3265253	-6.608064	-28.39021	-36.92509	-39.31514	-40.59388	-41.56244	-42.40172	-43.16798	-43.88385	-44.56003	-45.20185	-45.81178	-46.39079	-46.93902	-47.45634
583.7	-3.378436E-08	-2.231593E-06	-0.0001401332	-0.007745847	-0.3174179	-6.423753	-27.59837	-35.89521	-38.21859	-39.46167	-40.40321	-41.21908	-41.96397	-42.65986	-43.31718	-43.94109	-44.53402	-45.09687	-45.62981	-46.13269
584.35	-3.284242E-08	-2.169349E-06	-0.0001362246	-0.0075298	-0.3085645	-6.244583	-26.82861	-34.89405	-37.15263	-38.36103	-39.27631	-40.06942	-40.79353	-41.47002	-42.109	-42.71551	-43.29189	-43.83904	-44.35711	-44.84597
585	-3.192675E-08	-2.108842E-06	-0.000132425	-0.007319779	-0.299958	-6.07041	-26.08032	-33.92081	-36.1164	-37.2911	-38.18085	-38.95184	-39.65574	-40.31335	-40.93451	-41.52411	-42.08441	-42.61629	-43.11992	-43.59513
585.65	-3.103662E-08	-2.050022E-06	-0.0001287314	-0.007115615	-0.2915916	-5.901095	-25.3529	-32.97472	-35.10907	-36.251	-37.11593	-37.86541	-38.54969	-39.18896	-39.79279	-40.36593	-40.9106	-41.42765	-41.91722	-42.37919
586.3	-3.017132E-08	-1.992843E-06	-0.0001251408	-0.006917147	-0.2834585	-5.736502	-24.64577	-32.05502	-34.12984	-35.23992	-36.08072	-36.8093	-37.47448	-38.09592	-38.68291	-39.24006	-39.76954	-40.27216	-40.74808	-41.19715
586.95	-2.933015E-08	-1.937259E-06	-0.0001216504	-0.006724213	-0.2755523	-5.576501	-23.95836	-31.16096	-33.17792	-34.25703	-35.07439	-35.78264	-36.42926	-37.03337	-37.60398	-38.14559	-38.6603	-39.14891	-39.61155	-40.0481
587.6	-2.851245E-08	-1.883226E-06	-0.0001182573	-0.006536662	-0.2678666	-5.420962	-23.29012	-30.29185	-32.25255	-33.30156	-34.09612	-34.78461	-35.4132	-36.00045	-36.55515	-37.08165	-37.582	-38.05698	-38.50671	-38.93108
588.25	-2.771755E-08	-1.830699E-06	-0.0001149589	-0.006354341	-0.2603953	-5.269761	-22.64053	-29.44697	-31.35299	-32.37274	-33.14513	-33.81442	-34.42548	-34.99635	-35.53557	-36.04738	-36.53378	-36.9955	-37.43269	-37.84522
588.9	-2.694483E-08	-1.779637E-06	-0.0001117524	-0.006177105	-0.2531323	-5.122778	-22.00905	-28.62566	-30.47852	-31.46983	-32.22067	-32.87129	-33.4653	-34.02024	-34.54443	-35.04197	-35.51479	-35.96363	-36.38863	-36.78965
589.55	-2.619366E-08	-1.73E-06	-0.0001086354	-0.006004814	-0.246072	-4.979894	-21.39519	-27.82726	-29.62843	-30.59209	-31.32199	-31.95446	-32.53191	-33.07137	-33.58093	-34.06459	-34.52422	-34.96055	-35.37368	-35.76352
590.2	-2.546344E-08	-1.681747E-06	-0.0001056054	-0.005837327	-0.2392086	-4.840995	-20.79844	-27.05112	-28.80206	-29.73884	-30.44838	-31.06321	-31.62454	-32.14896	-32.6443	-33.11447	-33.56128	-33.98544	-34.38705	-34.76601
590.85	-2.475358E-08	-1.63484E-06	-0.0001026598	-0.005674513	-0.2325366	-4.705971	-20.21834	-26.29663	-27.99874	-28.90939	-29.59914	-30.19682	-30.74249	-31.25228	-31.7338	-32.19085	-32.62521	-33.03753	-33.42793	-33.79633
591.5	-2.406353E-08	-1.589241E-06	-9.979644E-05	-0.005516239	-0.2260507	-4.574713	-19.65442	-25.56318	-27.21782	-28.10307	-28.77358	-29.35458	-29.88504	-30.3806	-30.8487	-31.293	-31.71523	-32.11605	-32.49557	-32.85369
592.15	-2.339272E-08	-1.544915E-06	-9.701292E-05	-0.00536238	-0.2197457	-4.447116	-19.10623	-24.85019	-26.45868	-27.31924	-27.97104	-28.53584	-29.0515	-29.53324	-29.98828	-30.42019	-30.83064	-31.22028	-31.58921	-31.93734
592.8	-2.274063E-08	-1.501824E-06	-9.430703E-05	-0.005212813	-0.2136165	-4.323077	-18.57333	-24.15709	-25.72072	-26.55727	-27.1909	-27.73994	-28.24121	-28.70952	-29.15186	-29.57172	-29.97072	-30.34949	-30.70813	-31.04655
593.45	-2.210672E-08	-1.459935E-06	-9.167661E-05	-0.005067417	-0.2076584	-4.202499	-18.05529	-23.48332	-25.00333	-25.81656	-26.43251	-26.96623	-27.45352	-27.90876	-28.33877	-28.74692	-29.13479	-29.50299	-29.85163	-30.1806
594.1	-2.149049E-08	-1.419215E-06	-8.911957E-05	-0.004926077	-0.2018664	-4.085283	-17.5517	-22.82834	-24.30596	-25.0965	-25.69527	-26.21411	-26.68781	-27.13035	-27.54836	-27.94512	-28.32217	-28.68011	-29.01901	-29.33881
594.75	-2.089145E-08	-1.379631E-06	-8.663385E-05	-0.004788679	-0.1962359	-3.971337	-17.06216	-22.19163	-23.62804	-24.39653	-24.97859	-25.48296	-25.94344	-26.37364	-26.77999	-27.16568	-27.53222	-27.88017	-28.20962	-28.5205
595.4	-2.030912E-08	-1.34115E-06	-8.421745E-05	-0.004655113	-0.1907625	-3.860569	-16.58627	-21.57268	-22.96902	-23.71608	-24.28191	-24.77221	-25.21984	-25.63804	-26.03305	-26.40799	-26.7643	-27.10254	-27.42281	-27.72501
596.05	-1.974304E-08	-1.303743E-06	-8.186846E-05	-0.004525272	-0.1854418	-3.752891	-16.12365	-20.97099	-22.32839	-23.0546	-23.60465	-24.08127	-24.51642	-24.92296	-25.30695	-25.67143	-26.0178	-26.34661	-26.65794	-26.95171
596.7	-1.919274E-08	-1.26738E-06	-7.958498E-05	-0.004399053	-0.1802694	-3.648216	-15.67394	-20.38608	-21.70562	-22.41158	-22.94629	-23.40961	-23.83263	-24.22782	-24.6011	-24.95541	-25.29212	-25.61175	-25.9144	-26.19998
597.35	-1.865779E-08	-1.23203E-06	-7.736519E-05	-0.004276355	-0.1752414	-3.54646	-15.23677	-19.81749	-21.10023	-21.78649	-22.30628	-22.75669	-23.1679	-23.55207	-23.91494	-24.25936	-24.58668	-24.8974	-25.1916	-25.46921
598	-1.813776E-08	-1.197667E-06	-7.520732E-05	-0.004157079	-0.1703535	-3.447543	-14.81179	-19.26476	-20.51171	-21.17884	-21.68413	-22.12197	-22.52171	-22.89516	-23.24791	-23.58273	-23.90092	-24.20296	-24.48896	-24.75883
598.65	-1.763224E-08	-1.164262E-06	-7.310964E-05	-0.00404113	-0.165602	-3.351384	-14.39867	-18.72744	-19.93962	-20.58813	-21.07933	-21.50496	-21.89355	-22.25658	-22.59949	-22.92497	-23.23428	-23.5279	-23.80592	-24.06826
599.3	-1.714081E-08	-1.131789E-06	-7.107046E-05	-0.003928415	-0.1609831	-3.257908	-13.99707	-18.2051	-19.38347	-20.0139	-20.4914	-20.90515	-21.28291	-21.63581	-21.96915	-22.28555	-22.58624	-22.87167	-23.14193	-23.39696
599.95	-1.666309E-08	-1.100221E-06	-6.908816E-05	-0.003818843	-0.1564929	-3.167039	-13.60667	-17.69734	-18.84285	-19.45569	-19.91987	-20.32208	-20.68929	-21.03236	-21.3564	-21.66397	-21.95627	-22.23374	-22.49646	-22.74437
600.6	-1.61987E-08	-1.069534E-06	-6.716116E-05	-0.003712328	-0.1521281	-3.078705	-13.22716	-17.20374	-18.3173	-18.91305	-19.36427	-19.75527	-20.11224	-20.44573	-20.76073	-21.05973	-21.34387	-21.6136	-21.869	-22.10999
601.25	-1.574726E-08	-1.039703E-06	-6.52879E-05	-0.003608784	-0.1478849	-2.992834	-12.85823	-16.7239	-17.8064	-18.38554	-18.82418	-19.20427	-19.55128	-19.87547	-20.18168	-20.47234	-20.74855	-21.01076	-21.25903	-21.4933
601.9	-1.530841E-08	-1.010704E-06	-6.346688E-05	-0.003508128	-0.1437601	-2.909358	-12.49959	-16.25745	-17.30976	-17.87274	-18.29915	-18.66863	-19.00596	-19.32111	-19.61879	-19.90133	-20.16984	-20.42473	-20.66608	-20.89382
602.55	-1.488181E-08	-9.825136E-07	-6.169666E-05	-0.003410279	-0.1397504	-2.828211	-12.15096	-15.80401	-16.82697	-17.37425	-17.78876	-18.14794	-18.47586	-18.78222	-19.07159	-19.34625	-19.60727	-19.85505	-20.08967	-20.31105
603.2	-1.44671E-08	-9.551096E-07	-5.997582E-05	-0.00331516	-0.1358524	-2.749326	-11.81205	-15.36322	-16.35764	-16.88966	-17.29261	-17.64176	-17.96054	-18.25835	-18.53965	-18.80665	-19.06039	-19.30126	-19.52933	-19.74454
603.85	-1.406396E-08	-9.284701E-07	-5.830298E-05	-0.003222693	-0.1320633	-2.672643	-11.4826	-14.93472	-15.90141	-16.41858	-16.81029	-17.14971	-17.45959	-17.7491	-18.02255	-18.2821	-18.52876	-18.76291	-18.98462	-19.19383
604.5	-1.367206E-08	-9.025736E-07	-5.667679E-05	-0.003132806	-0.1283797	-2.598098	-11.16233	-14.51817	-15.4579	-15.96064	-16.34143	-16.67138	-16.97262	-17.25405	-17.51987	-17.77218	-18.01196	-18.23958	-18.45511	-18.65848
605.15	-1.329109E-08	-8.773993E-07	-5.509596E-05	-0.003045426	-0.124799	-2.525632	-10.85099	-14.11324	-15.02676	-15.51548	-15.88564	-16.20639	-16.49923	-16.7728	-17.03121	-17.27649	-17.50958	-17.73085	-17.94036	-18.13806
605.8	-1.292075E-08	-8.529272E-07	-5.355922E-05	-0.002960483	-0.1213181	-2.455188	-10.54834	-13.7196	-14.60764	-15.08273	-15.44257	-15.75437	-16.03904	-16.30499	-16.55619	-16.79462	-17.02121	-17.23631	-17.43997	-17.63215
606.45	-1.256074E-08	-8.291377E-07	-5.206535E-05	-0.002877909	-0.1179343	-2.386708	-10.25413	-13.33694	-14.20021	-14.66206	-15.01186	-15.31496	-15.59169	-15.85021	-16.09441	-16.32619	-16.54646	-16.75556	-16.95354	-17.14036
607.1	-1.221077E-08	-8.060118E-07	-5.061314E-05	-0.002797638	-0.1146449	-2.320138	-9.968128	-12.96496	-13.80415	-14.25311	-14.59315	-14.8878	-15.15681	-15.40813	-15.64551	-15.87083	-16.08495	-16.28821	-16.48068	-16.66228
607.75	-1.187056E-08	-7.835308E-07	-4.920144E-05	-0.002719607	-0.1114472	-2.255425	-9.690102	-12.60335	-13.41914	-13.85557	-14.18613	-14.47256	-14.73407	-14.97837	-15.20913	-15.42816	-15.63631	-15.83391	-16.021	-16.19754
608.4	-1.153985E-08	-7.61677E-07	-4.782911E-05	-0.002643751	-0.1083387	-2.192517	-9.419829	-12.25182	-13.04486	-13.46912	-13.79046	-14.0689	-14.32311	-14.5606	-14.78492	-14.99784	-15.20019	-15.39227	-15.57415	-15.74577
609.05	-1.121835E-08	-7.404326E-07	-4.649506E-05	-0.002570012	-0.105317	-2.131364	-9.157096	-11.9101	-12.68102	-13.09345	-13.40582	-13.6765	-13.92362	-14.15448	-14.37255	-14.57953	-14.77623	-14.96296	-15.13976	-15.30659
609.7	-1.090582E-08	-7.197808E-07	-4.519822E-05	-0.002498329	-0.1023795	-2.071916	-8.90169	-11.57792	-12.32733	-12.72826	-13.03192	-13.29504	-13.53527	-13.75969	-13.97167	-14.17288	-14.3641	-14.54561	-14.71748	-14.87966
610.35	-1.060201E-08	-6.99705E-07	-4.393755E-05	-0.002428646	-0.0995239	-2.014126	-8.653408	-11.25499	-11.9835	-12.37325	-12.66844	-12.92422	-13.15775	-13.37591	-13.58198	-13.77758	-13.96346	-14.13991	-14.30698	-14.46464
611	-1.030668E-08	-6.801892E-07	-4.271205E-05	-0.002360906	-0.09674799	-1.957949	-8.41205	-10.94107	-11.64927	-12.02814	-12.3151	-12.56375	-12.79076	-13.00284	-13.20316	-13.3933	-13.57399	-13.74552	-13.90794	-14.06119
611.65	-1.001958E-08	-6.612178E-07	-4.152073E-05	-0.002295056	-0.0940495	-1.903338	-8.177425	-10.63591	-11.32435	-11.69266	-11.97161	-12.21332	-12.434	-12.64017	-12.8349	-13.01974	-13.19539	-13.36214	-13.52002	-13.669
612.3	-9.740488E-09	-6.427754E-07	-4.036263E-05	-0.002231042	-0.09142628	-1.85025	-7.949344	-10.33926	-11.0085	-11.36654	-11.63771	-11.87268	-12.0872	-12.28761	-12.47691	-12.65659	-12.82735	-12.98944	-13.14292	-13.28775
612.95	-9.469181E-09	-6.248475E-07	-3.923683E-05	-0.002168814	-0.08887622	-1.798643	-7.727624	-10.05089	-10.70146	-11.04951	-11.31311	-11.54153	-11.75007	-11.94489	-12.12891	-12.30358	-12.46957	-12.62714	-12.77634	-12.91713
613.6	-9.205442E-09	-6.074196E-07	-3.814244E-05	-0.002108322	-0.08639728	-1.748476	-7.512088	-9.770555	-10.40298	-10.74132	-10.99758	-11.21962	-11.42234	-11.61173	-11.79062	-11.96041	-12.12177	-12.27495	-12.41999	-12.55685
614.25	-8.949058E-09	-5.904778E-07	-3.707857E-05	-0.002049516	-0.0839875	-1.699708	-7.302564	-9.49804	-10.11283	-10.44173	-10.69084	-10.90669	-11.10375	-11.28786	-11.46176	-11.62682	-11.78368	-11.93258	-12.07357	-12.20661
614.9	-8.699827E-09	-5.740086E-07	-3.604438E-05	-0.001992351	-0.08164492	-1.6523	-7.098884	-9.233127	-9.83077	-10.1505	-10.39265	-10.60248	-10.79405	-10.97302	-11.14207	-11.30253	-11.45501	-11.59976	-11.73682	-11.86615
615.55	-8.457547E-09	-5.579987E-07	-3.503903E-05	-0.001936781	-0.07936769	-1.606214	-6.900885	-8.975602	-9.556576	-9.867385	-10.10279	-10.30677	-10.49299	-10.66697	-10.8313	-10.98728	-11.13551	-11.27622	-11.40946	-11.53518
616.2	-8.222024E-09	-5.424354E-07	-3.406172E-05	-0.00188276	-0.07715397	-1.561414	-6.708408	-8.725261	-9.29003	-9.59217	-9.821008	-10.01929	-10.20033	-10.36945	-10.5292	-10.68083	-10.82492	-10.96171	-11.09123	-11.21344
616.85	-7.99307E-09	-5.273061E-07	-3.311167E-05	-0.001830246	-0.07500199	-1.517863	-6.5213	-8.481901	-9.030919	-9.324631	-9.547085	-9.739841	-9.915823	-10.08023	-10.23552	-10.38292	-10.523	-10.65597	-10.78187	-10.90068
617.5	-7.770502E-09	-5.125989E-07	-3.218812E-05	-0.001779197	-0.07291004	-1.475527	-6.33941	-8.245329	-8.779034	-9.064553	-9.280804	-9.468183	-9.639256	-9.799076	-9.950036	-10.09332	-10.22949	-10.35876	-10.48115	-10.59664
618.15	-7.554143E-09	-4.983018E-07	-3.129033E-05	-0.001729571	-0.07087644	-1.434372	-6.162594	-8.015355	-8.534175	-8.81173	-9.021948	-9.204101	-9.370401	-9.525764	-9.672513	-9.811803	-9.944174	-10.06983	-10.18881	-10.30108
618.8	-7.343818E-09	-4.844035E-07	-3.041758E-05	-0.00168133	-0.06889956	-1.394364	-5.99071	-7.791796	-8.296145	-8.565959	-8.770313	-8.947385	-9.109047	-9.260076	-9.402731	-9.538136	-9.666814	-9.788966	-9.904626	-10.01376
619.45	-7.13936E-09	-4.708929E-07	-2.956917E-05	-0.001634435	-0.06697781	-1.355473	-5.823619	-7.574472	-8.064754	-8.327043	-8.525696	-8.697828	-8.854981	-9.001798	-9.140473	-9.2721	-9.39719	-9.515934	-9.628368	-9.734462
620.1	-6.940604E-09	-4.577592E-07	-2.874443E-05	-0.001588847	-0.06510967	-1.317666	-5.661189	-7.36321	-7.839817	-8.09479	-8.287902	-8.455233	-8.608002	-8.750723	-8.88553	-9.013486	-9.135086	-9.250518	-9.359816	-9.46295
620.75	-6.747392E-09	-4.449917E-07	-2.794269E-05	-0.001544531	-0.06329364	-1.280914	-5.503289	-7.157839	-7.621154	-7.869014	-8.056741	-8.219403	-8.367911	-8.506651	-8.637698	-8.762085	-8.880293	-8.992505	-9.098754	-9.199011
621.4	-6.559569E-09	-4.325804E-07	-2.716331E-05	-0.001501451	-0.06152825	-1.245187	-5.349794	-6.958197	-7.408589	-7.649536	-7.832026	-7.990152	-8.134518	-8.269387	-8.396779	-8.517695	-8.632606	-8.741688	-8.844974	-8.942433
622.05	-6.376985E-09	-4.205152E-07	-2.640568E-05	-0.001459573	-0.05981211	-1.210456	-5.200579	-6.764123	-7.201953	-7.43618	-7.613579	-7.767295	-7.907633	-8.03874	-8.162579	-8.280123	-8.391828	-8.497867	-8.598271	-8.693013
622.7	-6.199493E-09	-4.087866E-07	-2.566917E-05	-0.001418862	-0.05814384	-1.176695	-5.055527	-6.575462	-7.001081	-7.228774	-7.401226	-7.550653	-7.687077	-7.814527	-7.934911	-8.049176	-8.157765	-8.260847	-8.35845	-8.450549
623.35	-6.026953E-09	-3.973851E-07	-2.495321E-05	-0.001379287	-0.05652209	-1.143874	-4.91452	-6.392064	-6.805811	-7.027153	-7.194794	-7.340054	-7.472672	-7.596568	-7.713593	-7.824671	-7.930231	-8.030437	-8.125318	-8.214848
624	-5.859224E-09	-3.863016E-07	-2.425721E-05	-0.001340816	-0.05494558	-1.11197	-4.777446	-6.21378	-6.615987	-6.831156	-6.994121	-7.135329	-7.264248	-7.384687	-7.498448	-7.606428	-7.709043	-7.806454	-7.898688	-7.985721
624.65	-5.696174E-09	-3.755272E-07	-2.358063E-05	-0.001303418	-0.05341304	-1.080955	-4.644196	-6.040469	-6.431458	-6.640625	-6.799045	-6.936314	-7.061636	-7.178716	-7.289304	-7.394271	-7.494025	-7.588718	-7.67838	-7.762984
625.3	-5.537672E-09	-3.650534E-07	-2.292292E-05	-0.001267063	-0.05192325	-1.050805	-4.514661	-5.871991	-6.252076	-6.455409	-6.609409	-6.742849	-6.864676	-6.97849	-7.085994	-7.188033	-7.285003	-7.377056	-7.464216	-7.546461
625.95	-5.38359E-09	-3.548717E-07	-2.228355E-05	-0.001231723	-0.05047501	-1.021496	-4.38874	-5.708213	-6.077697	-6.275358	-6.425063	-6.55478	-6.67321	-6.783849	-6.888353	-6.987546	-7.081812	-7.171297	-7.256025	-7.335976
626.6	-5.233807E-09	-3.44974E-07	-2.166202E-05	-0.001197367	-0.04906717	-0.9930045	-4.266331	-5.549003	-5.908181	-6.100329	-6.245858	-6.371958	-6.487083	-6.594636	-6.696226	-6.792652	-6.884288	-6.971276	-7.053642	-7.131362
627.25	-5.088201E-09	-3.353524E-07	-2.105783E-05	-0.00116397	-0.04769859	-0.9653078	-4.147336	-5.394233	-5.743394	-5.930182	-6.071652	-6.194234	-6.306149	-6.410701	-6.509457	-6.603193	-6.692273	-6.776835	-6.856903	-6.932456
627.9	-4.946656E-09	-3.259991E-07	-2.047048E-05	-0.001131505	-0.04636818	-0.9383835	-4.03166	-5.243781	-5.583202	-5.764781	-5.902305	-6.021467	-6.13026	-6.231896	-6.327898	-6.419019	-6.505614	-6.587817	-6.665651	-6.739097
628.55	-4.809059E-09	-3.169067E-07	-1.989952E-05	-0.001099945	-0.04507488	-0.9122102	-3.91921	-5.097524	-5.427479	-5.603993	-5.73768	-5.853519	-5.959277	-6.058079	-6.151402	-6.239982	-6.324161	-6.404071	-6.479734	-6.551131
629.2	-4.675301E-09	-3.080679E-07	-1.934448E-05	-0.001069265	-0.04381765	-0.886767	-3.809897	-4.955347	-5.276099	-5.44769	-5.577648	-5.690256	-5.793064	-5.889109	-5.979829	-6.065938	-6.147769	-6.225451	-6.299003	-6.368408
629.85	-4.545273E-09	-2.994756E-07	-1.880493E-05	-0.001039442	-0.04259549	-0.8620334	-3.703633	-4.817135	-5.128941	-5.295745	-5.422079	-5.531546	-5.631486	-5.724852	-5.813042	-5.896749	-5.976297	-6.051812	-6.123312	-6.190781
630.5	-4.418871E-09	-2.91123E-07	-1.828042E-05	-0.001010449	-0.04140742	-0.8379897	-3.600333	-4.682778	-4.985888	-5.148039	-5.270849	-5.377263	-5.474415	-5.565176	-5.650906	-5.732278	-5.809608	-5.883016	-5.952522	-6.018109
631.15	-4.295996E-09	-2.830034E-07	-1.777054E-05	-0.000982266	-0.04025249	-0.8146166	-3.499913	-4.552168	-4.846824	-5.004453	-5.123837	-5.227282	-5.321725	-5.409955	-5.493293	-5.572395	-5.647568	-5.718928	-5.786496	-5.850253
631.8	-4.176547E-09	-2.751103E-07	-1.727489E-05	-0.0009548687	-0.03912977	-0.7918954	-3.402295	-4.425202	-4.711639	-4.864872	-4.980926	-5.081485	-5.173293	-5.259062	-5.340076	-5.416972	-5.490047	-5.559417	-5.6251	-5.687079
632.45	-4.06043E-09	-2.674373E-07	-1.679306E-05	-0.0009282356	-0.03803837	-0.769808	-3.3074	-4.301777	-4.580225	-4.729183	-4.842	-4.939754	-5.029002	-5.112379	-5.191132	-5.265883	-5.336921	-5.404355	-5.468206	-5.528456
633.1	-3.947553E-09	-2.599783E-07	-1.632467E-05	-0.0009023452	-0.0369774	-0.7483366	-3.215151	-4.181794	-4.452476	-4.597279	-4.706949	-4.801977	-4.888735	-4.969786	-5.046343	-5.119009	-5.188065	-5.253618	-5.315688	-5.374257
633.75	-3.837823E-09	-2.527273E-07	-1.586934E-05	-0.0008771771	-0.03594603	-0.7274641	-3.125475	-4.065157	-4.32829	-4.469054	-4.575665	-4.668043	-4.75238	-4.831171	-4.905592	-4.976231	-5.04336	-5.107085	-5.167423	-5.224359
634.4	-3.731154E-09	-2.456786E-07	-1.542671E-05	-0.0008527109	-0.03494343	-0.7071738	-3.0383	-3.951774	-4.207567	-4.344406	-4.448043	-4.537844	-4.619829	-4.696421	-4.768767	-4.837435	-4.902692	-4.96464	-5.023295	-5.078642
635.05	-3.62746E-09	-2.388265E-07	-1.499643E-05	-0.0008289271	-0.03396879	-0.6874494	-2.953557	-3.841554	-4.090212	-4.223234	-4.323981	-4.411276	-4.490974	-4.56543	-4.635758	-4.702511	-4.765948	-4.826167	-4.883186	-4.936989
635.7	-3.526658E-09	-2.321656E-07	-1.457815E-05	-0.0008058067	-0.03302133	-0.6682751	-2.871178	-3.734407	-3.97613	-4.105442	-4.203378	-4.288239	-4.365714	-4.438093	-4.506459	-4.57135	-4.633017	-4.691556	-4.746985	-4.799288
636.35	-3.428668E-09	-2.256904E-07	-1.417154E-05	-0.0007833312	-0.0321003	-0.6496357	-2.791096	-3.630249	-3.86523	-3.990935	-4.08614	-4.168633	-4.243947	-4.314307	-4.380766	-4.443847	-4.503794	-4.560701	-4.614583	-4.665427
637	-3.333411E-09	-2.193958E-07	-1.377627E-05	-0.0007614825	-0.03120496	-0.6315162	-2.713248	-3.528996	-3.757423	-3.879622	-3.972171	-4.052363	-4.125577	-4.193974	-4.258579	-4.319901	-4.378175	-4.433495	-4.485874	-4.5353
637.65	-3.240811E-09	-2.132768E-07	-1.339202E-05	-0.0007402433	-0.0303346	-0.613902	-2.63757	-3.430567	-3.652623	-3.771413	-3.861381	-3.939337	-4.010508	-4.076997	-4.1398	-4.199411	-4.256061	-4.309836	-4.360755	-4.408802
638.3	-3.150794E-09	-2.073285E-07	-1.301849E-05	-0.0007195965	-0.02948851	-0.5967791	-2.564004	-3.334883	-3.550746	-3.666223	-3.753681	-3.829462	-3.898648	-3.963283	-4.024334	-4.082282	-4.137352	-4.189628	-4.239126	-4.285832
638.95	-3.063288E-09	-2.01546E-07	-1.265538E-05	-0.0006995255	-0.02866602	-0.5801339	-2.49249	-3.241869	-3.451711	-3.563966	-3.648985	-3.722653	-3.789909	-3.852741	-3.912089	-3.96842	-4.021954	-4.072772	-4.120889	-4.166293
639.6	-2.978222E-09	-1.959249E-07	-1.23024E-05	-0.0006800144	-0.02786646	-0.5639528	-2.42297	-3.151448	-3.355438	-3.464562	-3.54721	-3.618822	-3.684202	-3.745281	-3.802974	-3.857734	-3.909774	-3.959175	-4.005949	-4.050087
640.25	-2.895529E-09	-1.904605E-07	-1.195926E-05	-0.0006610475	-0.02708922	-0.5482231	-2.35539	-3.06355	-3.261849	-3.36793	-3.448272	-3.517887	-3.581444	-3.640819	-3.696903	-3.750135	-3.800724	-3.848746	-3.894217	-3.937123
640.9	-2.815142E-09	-1.851486E-07	-1.162569E-05	-0.0006426095	-0.02633364	-0.5329322	-2.289694	-2.978103	-3.170871	-3.273993	-3.352095	-3.419768	-3.481551	-3.539271	-3.59379	-3.645538	-3.694715	-3.741398	-3.7856	-3.827309
641.55	-2.736998E-09	-1.799848E-07	-1.130143E-05	-0.0006246859	-0.02559915	-0.5180677	-2.225831	-2.895039	-3.082431	-3.182677	-3.2586	-3.324385	-3.384445	-3.440555	-3.493553	-3.543857	-3.591663	-3.637043	-3.680012	-3.720558
642.2	-2.661033E-09	-1.74965E-07	-1.098621E-05	-0.0006072622	-0.02488514	-0.5036178	-2.163749	-2.814292	-2.996458	-3.093907	-3.167712	-3.231663	-3.290048	-3.344592	-3.396112	-3.445013	-3.491485	-3.5356	-3.57737	-3.616785
642.85	-2.587187E-09	-1.700853E-07	-1.067978E-05	-0.0005903245	-0.02419104	-0.489571	-2.103398	-2.735797	-2.912882	-3.007614	-3.07936	-3.141526	-3.198283	-3.251306	-3.301389	-3.348926	-3.394101	-3.436986	-3.477591	-3.515906
643.5	-2.515401E-09	-1.653416E-07	-1.03819E-05	-0.0005738591	-0.02351631	-0.4759159	-2.044731	-2.659492	-2.831637	-2.923727	-2.993472	-3.053904	-3.109077	-3.160621	-3.209307	-3.255518	-3.299434	-3.341122	-3.380595	-3.417841
644.15	-2.445617E-09	-1.607303E-07	-1.009233E-05	-0.0005578531	-0.02286039	-0.4626417	-1.9877	-2.585314	-2.752659	-2.84218	-2.909979	-2.968726	-3.02236	-3.072466	-3.119794	-3.164716	-3.207407	-3.247932	-3.286304	-3.322511
644.8	-2.377779E-09	-1.562476E-07	-9.810837E-06	-0.0005422935	-0.02222277	-0.4497378	-1.932259	-2.513206	-2.675883	-2.762907	-2.828815	-2.885924	-2.938062	-2.98677	-3.032778	-3.076447	-3.117947	-3.157341	-3.194643	-3.229841
645.45	-2.311834E-09	-1.518899E-07	-9.537194E-06	-0.0005271679	-0.02160294	-0.4371938	-1.878366	-2.443109	-2.601249	-2.685845	-2.749915	-2.805431	-2.856114	-2.903464	-2.948189	-2.990639	-3.030982	-3.069278	-3.105538	-3.139754
646.1	-2.247728E-09	-1.476538E-07	-9.271183E-06	-0.0005124641	-0.02100039	-0.4249996	-1.825975	-2.374967	-2.528696	-2.610933	-2.673216	-2.727183	-2.776453	-2.822482	-2.865958	-2.907225	-2.946442	-2.98367	-3.018919	-3.052181
646.75	-2.185409E-09	-1.435358E-07	-9.012592E-06	-0.0004981705	-0.02041465	-0.4131456	-1.775045	-2.308726	-2.458167	-2.53811	-2.598656	-2.651117	-2.699013	-2.743758	-2.786022	-2.826138	-2.864261	-2.90045	-2.934716	-2.96705
647.4	-2.124829E-09	-1.395327E-07	-8.761213E-06	-0.0004842755	-0.01984525	-0.4016222	-1.725536	-2.244332	-2.389605	-2.467318	-2.526175	-2.577173	-2.623733	-2.66723	-2.708315	-2.747312	-2.784371	-2.819551	-2.852862	-2.884293
648.05	-2.065939E-09	-1.356412E-07	-8.516846E-06	-0.0004707682	-0.01929172	-0.3904202	-1.677408	-2.181734	-2.322955	-2.398501	-2.455716	-2.505292	-2.550553	-2.592836	-2.632776	-2.670685	-2.70671	-2.740909	-2.77329	-2.803845
648.7	-2.008692E-09	-1.318583E-07	-8.279295E-06	-0.0004576375	-0.01875364	-0.3795306	-1.630622	-2.120882	-2.258165	-2.331603	-2.387222	-2.435415	-2.479414	-2.520518	-2.559343	-2.596195	-2.631216	-2.66446	-2.695938	-2.725641
649.35	-1.953041E-09	-1.281809E-07	-8.04837E-06	-0.0004448731	-0.01823056	-0.3689448	-1.585142	-2.061727	-2.195181	-2.266571	-2.320639	-2.367488	-2.410259	-2.450217	-2.487959	-2.523782	-2.557826	-2.590144	-2.620743	-2.649618
650	-1.898942E-09	-1.24606E-07	-7.823885E-06	-0.0004324647	-0.01772208	-0.3586543	-1.540929	-2.004223	-2.133954	-2.203353	-2.255913	-2.301455	-2.343033	-2.381876	-2.418565	-2.45339	-2.486484	-2.5179	-2.547646	-2.575715
