Time (ms)	Sweep 1	Sweep 2	Sweep 3	Sweep 4	Sweep 5	Sweep 6	Sweep 7	Sweep 8	Sweep 9	Sweep 10	Sweep 11	Sweep 12	Sweep 13	Sweep 14	Sweep 15	Sweep 16	Sweep 17	Sweep 18
0	0	0	0	0	0	0	0	0	0	0	0	0	0	0	0	0	0	0
0.1	0	0	0	0	0	0	0	0	0	0	0	0	0	0	0	0	0	0
0.2	0	0	0	0	0	0	0	0	0	0	0	0	0	0	0	0	0	0
0.3	0	0	0	0	0	0	0	0	0	0	0	0	0	0	0	0	0	0
0.4	0	0	0	0	0	0	0	0	0	0	0	0	0	0	0	0	0	0
0.5	0	0	0	0	0	0	0	0	0	0	0	0	0	0	0	0	0	0
0.6	0	0	0	0	0	0	0	0	0	0	0	0	0	0	0	0	0	0
0.7	0	0	0	0	0	0	0	0	0	0	0	0	0	0	0	0	0	0
0.8	0	0	0	0	0	0	0	0	0	0	0	0	0	0	0	0	0	0
0.9	0	0	0	0	0	0	0	0	0	0	0	0	0	0	0	0	0	0
1	0	0	0	0	0	0	0	0	0	0	0	0	0	0	0	0	0	0
1.1	0	0	0	0	0	0	0	0	0	0	0	0	0	0	0	0	0	0
1.2	0	0	0	0	0	0	0	0	0	0	0	0	0	0	0	0	0	0
1.3	0	0	0	0	0	0	0	0	0	0	0	0	0	0	0	0	0	0
1.4	0	0	0	0	0	0	0	0	0	0	0	0	0	0	0	0	0	0
1.5	0	0	0	0	0	0	0	0	0	0	0	0	0	0	0	0	0	0
1.6	0	0	0	0	0	0	0	0	0	0	0	0	0	0	0	0	0	0
1.7	0	0	0	0	0	0	0	0	0	0	0	0	0	0	0	0	0	0
1.8	0	0	0	0	0	0	0	0	0	0	0	0	0	0	0	0	0	0
1.9	0	0	0	0	0	0	0	0	0	0	0	0	0	0	0	0	0	0
2	0	0	0	0	0	0	0	0	0	0	0	0	0	0	0	0	0	0
2.1	0	0	0	0	0	0	0	0	0	0	0	0	0	0	0	0	0	0
2.2	0	0	0	0	0	0	0	0	0	0	0	0	0	0	0	0	0	0
2.3	0	0	0	0	0	0	0	0	0	0	0	0	0	0	0	0	0	0
2.4	0	0	0	0	0	0	0	0	0	0	0	0	0	0	0	0	0	0
2.5	0	0	0	0	0	0	0	0	0	0	0	0	0	0	0	0	0	0
2.6	0	0	0	0	0	0	0	0	0	0	0	0	0	0	0	0	0	0
2.7	0	0	0	0	0	0	0	0	0	0	0	0	0	0	0	0	0	0
2.8	0	0	0	0	0	0	0	0	0	0	0	0	0	0	0	0	0	0
2.9	0	0	0	0	0	0	0	0	0	0	0	0	0	0	0	0	0	0
3	0	0	0	0	0	0	0	0	0	0	0	0	0	0	0	0	0	0
3.1	0	0	0	0	0	0	0	0	0	0	0	0	0	0	0	0	0	0
3.2	0	0	0	0	0	0	0	0	0	0	0	0	0	0	0	0	0	0
3.3	0	0	0	0	0	0	0	0	0	0	0	0	0	0	0	0	0	0
3.4	0	0	0	0	0	0	0	0	0	0	0	0	0	0	0	0	0	0
3.5	0	0	0	0	0	0	0	0	0	0	0	0	0	0	0	0	0	0
3.6	0	0	0	0	0	0	0	0	0	0	0	0	0	0	0	0	0	0
3.7	0	0	0	0	0	0	0	0	0	0	0	0	0	0	0	0	0	0
3.8	0	0	0	0	0	0	0	0	0	0	0	0	0	0	0	0	0	0
3.9	0	0	0	0	0	0	0	0	0	0	0	0	0	0	0	0	0	0
4	0	0	0	0	0	0	0	0	0	0	0	0	0	0	0	0	0	0
4.1	0	0	0	0	0	0	0	0	0	0	0	0	0	0	0	0	0	0
4.2	0	0	0	0	0	0	0	0	0	0	0	0	0	0	0	0	0	0
4.3	0	0	0	0	0	0	0	0	0	0	0	0	0	0	0	0	0	0
4.4	0	0	0	0	0	0	0	0	0	0	0	0	0	0	0	0	0	0
4.5	0	0	0	0	0	0	0	0	0	0	0	0	0	0	0	0	0	0
4.6	0	0	0	0	0	0	0	0	0	0	0	0	0	0	0	0	0	0
4.7	0	0	0	0	0	0	0	0	0	0	0	0	0	0	0	0	0	0
4.8	0	0	0	0	0	0	0	0	0	0	0	0	0	0	0	0	0	0
4.9	0	0	0	0	0	0	0	0	0	0	0	0	0	0	0	0	0	0
5	0	0	0	0	0	0	0	0	0	0	0	0	0	0	0	0	0	0
5.1	0	0	0	0	0	0	0	0	0	0	0	0	0	0	0	0	0	0
5.2	0	0	0	0	0	0	0	0	0	0	0	0	0	0	0	0	0	0
5.3	0	0	0	0	0	0	0	0	0	0	0	0	0	0	0	0	0	0
5.4	0	0	0	0	0	0	0	0	0	0	0	0	0	0	0	0	0	0
5.5	0	0	0	0	0	0	0	0	0	0	0	0	0	0	0	0	0	0
5.6	0	0	0	0	0	0	0	0	0	0	0	0	0	0	0	0	0	0
5.7	0	0	0	0	0	0	0	0	0	0	0	0	0	0	0	0	0	0
5.8	0	0	0	0	0	0	0	0	0	0	0	0	0	0	0	0	0	0
5.9	0	0	0	0	0	0	0	0	0	0	0	0	0	0	0	0	0	0
6	0	0	0	0	0	0	0	0	0	0	0	0	0	0	0	0	0	0
6.1	0	0	0	0	0	0	0	0	0	0	0	0	0	0	0	0	0	0
6.2	0	0	0	0	0	0	0	0	0	0	0	0	0	0	0	0	0	0
6.3	0	0	0	0	0	0	0	0	0	0	0	0	0	0	0	0	0	0
6.4	0	0	0	0	0	0	0	0	0	0	0	0	0	0	0	0	0	0
6.5	0	0	0	0	0	0	0	0	0	0	0	0	0	0	0	0	0	0
6.6	0	0	0	0	0	0	0	0	0	0	0	0	0	0	0	0	0	0
6.7	0	0	0	0	0	0	0	0	0	0	0	0	0	0	0	0	0	0
6.8	0	0	0	0	0	0	0	0	0	0	0	0	0	0	0	0	0	0
6.9	0	0	0	0	0	0	0	0	0	0	0	0	0	0	0	0	0	0
7	0	0	0	0	0	0	0	0	0	0	0	0	0	0	0	0	0	0
7.1	0	0	0	0	0	0	0	0	0	0	0	0	0	0	0	0	0	0
7.2	0	0	0	0	0	0	0	0	0	0	0	0	0	0	0	0	0	0
7.3	0	0	0	0	0	0	0	0	0	0	0	0	0	0	0	0	0	0
7.4	0	0	0	0	0	0	0	0	0	0	0	0	0	0	0	0	0	0
7.5	0	0	0	0	0	0	0	0	0	0	0	0	0	0	0	0	0	0
7.6	0	0	0	0	0	0	0	0	0	0	0	0	0	0	0	0	0	0
7.7	0	0	0	0	0	0	0	0	0	0	0	0	0	0	0	0	0	0
7.8	0	0	0	0	0	0	0	0	0	0	0	0	0	0	0	0	0	0
7.9	0	0	0	0	0	0	0	0	0	0	0	0	0	0	0	0	0	0
8	0	0	0	0	0	0	0	0	0	0	0	0	0	0	0	0	0	0
8.1	0	0	0	0	0	0	0	0	0	0	0	0	0	0	0	0	0	0
8.2	0	0	0	0	0	0	0	0	0	0	0	0	0	0	0	0	0	0
8.3	0	0	0	0	0	0	0	0	0	0	0	0	0	0	0	0	0	0
8.4	0	0	0	0	0	0	0	0	0	0	0	0	0	0	0	0	0	0
8.5	0	0	0	0	0	0	0	0	0	0	0	0	0	0	0	0	0	0
8.6	0	0	0	0	0	0	0	0	0	0	0	0	0	0	0	0	0	0
8.7	0	0	0	0	0	0	0	0	0	0	0	0	0	0	0	0	0	0
8.8	0	0	0	0	0	0	0	0	0	0	0	0	0	0	0	0	0	0
8.9	0	0	0	0	0	0	0	0	0	0	0	0	0	0	0	0	0	0
9	0	0	0	0	0	0	0	0	0	0	0	0	0	0	0	0	0	0
9.1	0	0	0	0	0	0	0	0	0	0	0	0	0	0	0	0	0	0
9.2	0	0	0	0	0	0	0	0	0	0	0	0	0	0	0	0	0	0
9.3	0	0	0	0	0	0	0	0	0	0	0	0	0	0	0	0	0	0
9.4	0	0	0	0	0	0	0	0	0	0	0	0	0	0	0	0	0	0
9.5	0	0	0	0	0	0	0	0	0	0	0	0	0	0	0	0	0	0
9.6	0	0	0	0	0	0	0	0	0	0	0	0	0	0	0	0	0	0
9.7	0	0	0	0	0	0	0	0	0	0	0	0	0	0	0	0	0	0
9.8	0	0	0	0	0	0	0	0	0	0	0	0	0	0	0	0	0	0
9.9	0	0	0	0	0	0	0	0	0	0	0	0	0	0	0	0	0	0
10	0	0	0	0	0	0	0	0	0	0	0	0	0	0	0	0	0	0
10.1	0	0	0	0	0	0	0	0	0	0	0	0	0	0	0	0	0	0
10.2	0	0	0	0	0	0	0	0	0	0	0	0	0	0	0	0	0	0
10.3	0	0	0	0	0	0	0	0	0	0	0	0	0	0	0	0	0	0
10.4	0	0	0	0	0	0	0	0	0	0	0	0	0	0	0	0	0	0
10.5	0	0	0	0	0	0	0	0	0	0	0	0	0	0	0	0	0	0
10.6	0	0	0	0	0	0	0	0	0	0	0	0	0	0	0	0	0	0
10.7	0	0	0	0	0	0	0	0	0	0	0	0	0	0	0	0	0	0
10.8	0	0	0	0	0	0	0	0	0	0	0	0	0	0	0	0	0	0
10.9	0	0	0	0	0	0	0	0	0	0	0	0	0	0	0	0	0	0
11	0	0	0	0	0	0	0	0	0	0	0	0	0	0	0	0	0	0
11.1	0	0	0	0	0	0	0	0	0	0	0	0	0	0	0	0	0	0
11.2	0	0	0	0	0	0	0	0	0	0	0	0	0	0	0	0	0	0
11.3	0	0	0	0	0	0	0	0	0	0	0	0	0	0	0	0	0	0
11.4	0	0	0	0	0	0	0	0	0	0	0	0	0	0	0	0	0	0
11.5	0	0	0	0	0	0	0	0	0	0	0	0	0	0	0	0	0	0
11.6	0	0	0	0	0	0	0	0	0	0	0	0	0	0	0	0	0	0
11.7	0	0	0	0	0	0	0	0	0	0	0	0	0	0	0	0	0	0
11.8	0	0	0	0	0	0	0	0	0	0	0	0	0	0	0	0	0	0
11.9	0	0	0	0	0	0	0	0	0	0	0	0	0	0	0	0	0	0
12	0	0	0	0	0	0	0	0	0	0	0	0	0	0	0	0	0	0
12.1	0	0	0	0	0	0	0	0	0	0	0	0	0	0	0	0	0	0
12.2	0	0	0	0	0	0	0	0	0	0	0	0	0	0	0	0	0	0
12.3	0	0	0	0	0	0	0	0	0	0	0	0	0	0	0	0	0	0
12.4	0	0	0	0	0	0	0	0	0	0	0	0	0	0	0	0	0	0
12.5	0	0	0	0	0	0	0	0	0	0	0	0	0	0	0	0	0	0
12.6	0	0	0	0	0	0	0	0	0	0	0	0	0	0	0	0	0	0
12.7	0	0	0	0	0	0	0	0	0	0	0	0	0	0	0	0	0	0
12.8	0	0	0	0	0	0	0	0	0	0	0	0	0	0	0	0	0	0
12.9	0	0	0	0	0	0	0	0	0	0	0	0	0	0	0	0	0	0
13	0	0	0	0	0	0	0	0	0	0	0	0	0	0	0	0	0	0
13.1	0	0	0	0	0	0	0	0	0	0	0	0	0	0	0	0	0	0
13.2	0	0	0	0	0	0	0	0	0	0	0	0	0	0	0	0	0	0
13.3	0	0	0	0	0	0	0	0	0	0	0	0	0	0	0	0	0	0
13.4	0	0	0	0	0	0	0	0	0	0	0	0	0	0	0	0	0	0
13.5	0	0	0	0	0	0	0	0	0	0	0	0	0	0	0	0	0	0
13.6	0	0	0	0	0	0	0	0	0	0	0	0	0	0	0	0	0	0
13.7	0	0	0	0	0	0	0	0	0	0	0	0	0	0	0	0	0	0
13.8	0	0	0	0	0	0	0	0	0	0	0	0	0	0	0	0	0	0
13.9	0	0	0	0	0	0	0	0	0	0	0	0	0	0	0	0	0	0
14	0	0	0	0	0	0	0	0	0	0	0	0	0	0	0	0	0	0
14.1	0	0	0	0	0	0	0	0	0	0	0	0	0	0	0	0	0	0
14.2	0	0	0	0	0	0	0	0	0	0	0	0	0	0	0	0	0	0
14.3	0	0	0	0	0	0	0	0	0	0	0	0	0	0	0	0	0	0
14.4	0	0	0	0	0	0	0	0	0	0	0	0	0	0	0	0	0	0
14.5	0	0	0	0	0	0	0	0	0	0	0	0	0	0	0	0	0	0
14.6	0	0	0	0	0	0	0	0	0	0	0	0	0	0	0	0	0	0
14.7	0	0	0	0	0	0	0	0	0	0	0	0	0	0	0	0	0	0
14.8	0	0	0	0	0	0	0	0	0	0	0	0	0	0	0	0	0	0
14.9	0	0	0	0	0	0	0	0	0	0	0	0	0	0	0	0	0	0
15	0	0	0	0	0	0	0	0	0	0	0	0	0	0	0	0	0	0
15.1	0	0	0	0	0	0	0	0	0	0	0	0	0	0	0	0	0	0
15.2	0	0	0	0	0	0	0	0	0	0	0	0	0	0	0	0	0	0
15.3	0	0	0	0	0	0	0	0	0	0	0	0	0	0	0	0	0	0
15.4	0	0	0	0	0	0	0	0	0	0	0	0	0	0	0	0	0	0
15.5	0	0	0	0	0	0	0	0	0	0	0	0	0	0	0	0	0	0
15.6	0	0	0	0	0	0	0	0	0	0	0	0	0	0	0	0	0	0
15.7	0	0	0	0	0	0	0	0	0	0	0	0	0	0	0	0	0	0
15.8	0	0	0	0	0	0	0	0	0	0	0	0	0	0	0	0	0	0
15.9	0	0	0	0	0	0	0	0	0	0	0	0	0	0	0	0	0	0
16	0	0	0	0	0	0	0	0	0	0	0	0	0	0	0	0	0	0
16.1	0	0	0	0	0	0	0	0	0	0	0	0	0	0	0	0	0	0
16.2	0	0	0	0	0	0	0	0	0	0	0	0	0	0	0	0	0	0
16.3	0	0	0	0	0	0	0	0	0	0	0	0	0	0	0	0	0	0
16.4	0	0	0	0	0	0	0	0	0	0	0	0	0	0	0	0	0	0
16.5	0	0	0	0	0	0	0	0	0	0	0	0	0	0	0	0	0	0
16.6	0	0	0	0	0	0	0	0	0	0	0	0	0	0	0	0	0	0
16.7	0	0	0	0	0	0	0	0	0	0	0	0	0	0	0	0	0	0
16.8	0	0	0	0	0	0	0	0	0	0	0	0	0	0	0	0	0	0
16.9	0	0	0	0	0	0	0	0	0	0	0	0	0	0	0	0	0	0
17	0	0	0	0	0	0	0	0	0	0	0	0	0	0	0	0	0	0
17.1	0	0	0	0	0	0	0	0	0	0	0	0	0	0	0	0	0	0
17.2	0	0	0	0	0	0	0	0	0	0	0	0	0	0	0	0	0	0
17.3	0	0	0	0	0	0	0	0	0	0	0	0	0	0	0	0	0	0
17.4	0	0	0	0	0	0	0	0	0	0	0	0	0	0	0	0	0	0
17.5	0	0	0	0	0	0	0	0	0	0	0	0	0	0	0	0	0	0
17.6	0	0	0	0	0	0	0	0	0	0	0	0	0	0	0	0	0	0
17.7	0	0	0	0	0	0	0	0	0	0	0	0	0	0	0	0	0	0
17.8	0	0	0	0	0	0	0	0	0	0	0	0	0	0	0	0	0	0
17.9	0	0	0	0	0	0	0	0	0	0	0	0	0	0	0	0	0	0
18	0	0	0	0	0	0	0	0	0	0	0	0	0	0	0	0	0	0
18.1	0	0	0	0	0	0	0	0	0	0	0	0	0	0	0	0	0	0
18.2	0	0	0	0	0	0	0	0	0	0	0	0	0	0	0	0	0	0
18.3	0	0	0	0	0	0	0	0	0	0	0	0	0	0	0	0	0	0
18.4	0	0	0	0	0	0	0	0	0	0	0	0	0	0	0	0	0	0
18.5	0	0	0	0	0	0	0	0	0	0	0	0	0	0	0	0	0	0
18.6	0	0	0	0	0	0	0	0	0	0	0	0	0	0	0	0	0	0
18.7	0	0	0	0	0	0	0	0	0	0	0	0	0	0	0	0	0	0
18.8	0	0	0	0	0	0	0	0	0	0	0	0	0	0	0	0	0	0
18.9	0	0	0	0	0	0	0	0	0	0	0	0	0	0	0	0	0	0
19	0	0	0	0	0	0	0	0	0	0	0	0	0	0	0	0	0	0
19.1	0	0	0	0	0	0	0	0	0	0	0	0	0	0	0	0	0	0
19.2	0	0	0	0	0	0	0	0	0	0	0	0	0	0	0	0	0	0
19.3	0	0	0	0	0	0	0	0	0	0	0	0	0	0	0	0	0	0
19.4	0	0	0	0	0	0	0	0	0	0	0	0	0	0	0	0	0	0
19.5	0	0	0	0	0	0	0	0	0	0	0	0	0	0	0	0	0	0
19.6	0	0	0	0	0	0	0	0	0	0	0	0	0	0	0	0	0	0
19.7	0	0	0	0	0	0	0	0	0	0	0	0	0	0	0	0	0	0
19.8	0	0	0	0	0	0	0	0	0	0	0	0	0	0	0	0	0	0
19.9	0	0	0	0	0	0	0	0	0	0	0	0	0	0	0	0	0	0
20	0	0	0	0	0	0	0	0	0	0	0	0	0	0	0	0	0	0
20.1	0	0	0	0	0	0	0	0	0	0	0	0	0	0	0	0	0	0
20.2	0	0	0	0	0	0	0	0	0	0	0	0	0	0	0	0	0	0
20.3	0	0	0	0	0	0	0	0	0	0	0	0	0	0	0	0	0	0
20.4	0	0	0	0	0	0	0	0	0	0	0	0	0	0	0	0	0	0
20.5	0	0	0	0	0	0	0	0	0	0	0	0	0	0	0	0	0	0
20.6	0	0	0	0	0	0	0	0	0	0	0	0	0	0	0	0	0	0
20.7	0	0	0	0	0	0	0	0	0	0	0	0	0	0	0	0	0	0
20.8	0	0	0	0	0	0	0	0	0	0	0	0	0	0	0	0	0	0
20.9	0	0	0	0	0	0	0	0	0	0	0	0	0	0	0	0	0	0
21	0	0	0	0	0	0	0	0	0	0	0	0	0	0	0	0	0	0
21.1	0	0	0	0	0	0	0	0	0	0	0	0	0	0	0	0	0	0
21.2	0	0	0	0	0	0	0	0	0	0	0	0	0	0	0	0	0	0
21.3	0	0	0	0	0	0	0	0	0	0	0	0	0	0	0	0	0	0
21.4	0	0	0	0	0	0	0	0	0	0	0	0	0	0	0	0	0	0
21.5	0	0	0	0	0	0	0	0	0	0	0	0	0	0	0	0	0	0
21.6	0	0	0	0	0	0	0	0	0	0	0	0	0	0	0	0	0	0
21.7	0	0	0	0	0	0	0	0	0	0	0	0	0	0	0	0	0	0
21.8	0	0	0	0	0	0	0	0	0	0	0	0	0	0	0	0	0	0
21.9	0	0	0	0	0	0	0	0	0	0	0	0	0	0	0	0	0	0
22	0	0	0	0	0	0	0	0	0	0	0	0	0	0	0	0	0	0
22.1	0	0	0	0	0	0	0	0	0	0	0	0	0	0	0	0	0	0
22.2	0	0	0	0	0	0	0	0	0	0	0	0	0	0	0	0	0	0
22.3	0	0	0	0	0	0	0	0	0	0	0	0	0	0	0	0	0	0
22.4	0	0	0	0	0	0	0	0	0	0	0	0	0	0	0	0	0	0
22.5	0	0	0	0	0	0	0	0	0	0	0	0	0	0	0	0	0	0
22.6	0	0	0	0	0	0	0	0	0	0	0	0	0	0	0	0	0	0
22.7	0	0	0	0	0	0	0	0	0	0	0	0	0	0	0	0	0	0
22.8	0	0	0	0	0	0	0	0	0	0	0	0	0	0	0	0	0	0
22.9	0	0	0	0	0	0	0	0	0	0	0	0	0	0	0	0	0	0
23	0	0	0	0	0	0	0	0	0	0	0	0	0	0	0	0	0	0
23.1	0	0	0	0	0	0	0	0	0	0	0	0	0	0	0	0	0	0
23.2	0	0	0	0	0	0	0	0	0	0	0	0	0	0	0	0	0	0
23.3	0	0	0	0	0	0	0	0	0	0	0	0	0	0	0	0	0	0
23.4	0	0	0	0	0	0	0	0	0	0	0	0	0	0	0	0	0	0
23.5	0	0	0	0	0	0	0	0	0	0	0	0	0	0	0	0	0	0
23.6	0	0	0	0	0	0	0	0	0	0	0	0	0	0	0	0	0	0
23.7	0	0	0	0	0	0	0	0	0	0	0	0	0	0	0	0	0	0
23.8	0	0	0	0	0	0	0	0	0	0	0	0	0	0	0	0	0	0
23.9	0	0	0	0	0	0	0	0	0	0	0	0	0	0	0	0	0	0
24	0	0	0	0	0	0	0	0	0	0	0	0	0	0	0	0	0	0
24.1	0	0	0	0	0	0	0	0	0	0	0	0	0	0	0	0	0	0
24.2	0	0	0	0	0	0	0	0	0	0	0	0	0	0	0	0	0	0
24.3	0	0	0	0	0	0	0	0	0	0	0	0	0	0	0	0	0	0
24.4	0	0	0	0	0	0	0	0	0	0	0	0	0	0	0	0	0	0
24.5	0	0	0	0	0	0	0	0	0	0	0	0	0	0	0	0	0	0
24.6	0	0	0	0	0	0	0	0	0	0	0	0	0	0	0	0	0	0
24.7	0	0	0	0	0	0	0	0	0	0	0	0	0	0	0	0	0	0
24.8	0	0	0	0	0	0	0	0	0	0	0	0	0	0	0	0	0	0
24.9	0	0	0	0	0	0	0	0	0	0	0	0	0	0	0	0	0	0
25	0	0	0	0	0	0	0	0	0	0	0	0	0	0	0	0	0	0
25.1	0	0	0	0	0	0	0	0	0	0	0	0	0	0	0	0	0	0
25.2	0	0	0	0	0	0	0	0	0	0	0	0	0	0	0	0	0	0
25.3	0	0	0	0	0	0	0	0	0	0	0	0	0	0	0	0	0	0
25.4	0	0	0	0	0	0	0	0	0	0	0	0	0	0	0	0	0	0
25.5	0	0	0	0	0	0	0	0	0	0	0	0	0	0	0	0	0	0
25.6	0	0	0	0	0	0	0	0	0	0	0	0	0	0	0	0	0	0
25.7	0	0	0	0	0	0	0	0	0	0	0	0	0	0	0	0	0	0
25.8	0	0	0	0	0	0	0	0	0	0	0	0	0	0	0	0	0	0
25.9	0	0	0	0	0	0	0	0	0	0	0	0	0	0	0	0	0	0
26	0	0	0	0	0	0	0	0	0	0	0	0	0	0	0	0	0	0
26.1	0	0	0	0	0	0	0	0	0	0	0	0	0	0	0	0	0	0
26.2	0	0	0	0	0	0	0	0	0	0	0	0	0	0	0	0	0	0
26.3	0	0	0	0	0	0	0	0	0	0	0	0	0	0	0	0	0	0
26.4	0	0	0	0	0	0	0	0	0	0	0	0	0	0	0	0	0	0
26.5	0	0	0	0	0	0	0	0	0	0	0	0	0	0	0	0	0	0
26.6	0	0	0	0	0	0	0	0	0	0	0	0	0	0	0	0	0	0
26.7	0	0	0	0	0	0	0	0	0	0	0	0	0	0	0	0	0	0
26.8	0	0	0	0	0	0	0	0	0	0	0	0	0	0	0	0	0	0
26.9	0	0	0	0	0	0	0	0	0	0	0	0	0	0	0	0	0	0
27	0	0	0	0	0	0	0	0	0	0	0	0	0	0	0	0	0	0
27.1	0	0	0	0	0	0	0	0	0	0	0	0	0	0	0	0	0	0
27.2	0	0	0	0	0	0	0	0	0	0	0	0	0	0	0	0	0	0
27.3	0	0	0	0	0	0	0	0	0	0	0	0	0	0	0	0	0	0
27.4	0	0	0	0	0	0	0	0	0	0	0	0	0	0	0	0	0	0
27.5	0	0	0	0	0	0	0	0	0	0	0	0	0	0	0	0	0	0
27.6	0	0	0	0	0	0	0	0	0	0	0	0	0	0	0	0	0	0
27.7	0	0	0	0	0	0	0	0	0	0	0	0	0	0	0	0	0	0
27.8	0	0	0	0	0	0	0	0	0	0	0	0	0	0	0	0	0	0
27.9	0	0	0	0	0	0	0	0	0	0	0	0	0	0	0	0	0	0
28	0	0	0	0	0	0	0	0	0	0	0	0	0	0	0	0	0	0
28.1	0	0	0	0	0	0	0	0	0	0	0	0	0	0	0	0	0	0
28.2	0	0	0	0	0	0	0	0	0	0	0	0	0	0	0	0	0	0
28.3	0	0	0	0	0	0	0	0	0	0	0	0	0	0	0	0	0	0
28.4	0	0	0	0	0	0	0	0	0	0	0	0	0	0	0	0	0	0
28.5	0	0	0	0	0	0	0	0	0	0	0	0	0	0	0	0	0	0
28.6	0	0	0	0	0	0	0	0	0	0	0	0	0	0	0	0	0	0
28.7	0	0	0	0	0	0	0	0	0	0	0	0	0	0	0	0	0	0
28.8	0	0	0	0	0	0	0	0	0	0	0	0	0	0	0	0	0	0
28.9	0	0	0	0	0	0	0	0	0	0	0	0	0	0	0	0	0	0
29	0	0	0	0	0	0	0	0	0	0	0	0	0	0	0	0	0	0
29.1	0	0	0	0	0	0	0	0	0	0	0	0	0	0	0	0	0	0
29.2	0	0	0	0	0	0	0	0	0	0	0	0	0	0	0	0	0	0
29.3	0	0	0	0	0	0	0	0	0	0	0	0	0	0	0	0	0	0
29.4	0	0	0	0	0	0	0	0	0	0	0	0	0	0	0	0	0	0
29.5	0	0	0	0	0	0	0	0	0	0	0	0	0	0	0	0	0	0
29.6	0	0	0	0	0	0	0	0	0	0	0	0	0	0	0	0	0	0
29.7	0	0	0	0	0	0	0	0	0	0	0	0	0	0	0	0	0	0
29.8	0	0	0	0	0	0	0	0	0	0	0	0	0	0	0	0	0	0
29.9	0	0	0	0	0	0	0	0	0	0	0	0	0	0	0	0	0	0
30	0	0	0	0	0	0	0	0	0	0	0	0	0	0	0	0	0	0
30.1	0	0	0	0	0	0	0	0	0	0	0	0	0	0	0	0	0	0
30.2	0	0	0	0	0	0	0	0	0	0	0	0	0	0	0	0	0	0
30.3	0	0	0	0	0	0	0	0	0	0	0	0	0	0	0	0	0	0
30.4	0	0	0	0	0	0	0	0	0	0	0	0	0	0	0	0	0	0
30.5	0	0	0	0	0	0	0	0	0	0	0	0	0	0	0	0	0	0
30.6	0	0	0	0	0	0	0	0	0	0	0	0	0	0	0	0	0	0
30.7	0	0	0	0	0	0	0	0	0	0	0	0	0	0	0	0	0	0
30.8	0	0	0	0	0	0	0	0	0	0	0	0	0	0	0	0	0	0
30.9	0	0	0	0	0	0	0	0	0	0	0	0	0	0	0	0	0	0
31	0	0	0	0	0	0	0	0	0	0	0	0	0	0	0	0	0	0
31.1	0	0	0	0	0	0	0	0	0	0	0	0	0	0	0	0	0	0
31.2	0	0	0	0	0	0	0	0	0	0	0	0	0	0	0	0	0	0
31.3	0	0	0	0	0	0	0	0	0	0	0	0	0	0	0	0	0	0
31.4	0	0	0	0	0	0	0	0	0	0	0	0	0	0	0	0	0	0
31.5	0	0	0	0	0	0	0	0	0	0	0	0	0	0	0	0	0	0
31.6	0	0	0	0	0	0	0	0	0	0	0	0	0	0	0	0	0	0
31.7	0	0	0	0	0	0	0	0	0	0	0	0	0	0	0	0	0	0
31.8	0	0	0	0	0	0	0	0	0	0	0	0	0	0	0	0	0	0
31.9	0	0	0	0	0	0	0	0	0	0	0	0	0	0	0	0	0	0
32	0	0	0	0	0	0	0	0	0	0	0	0	0	0	0	0	0	0
32.1	0	0	0	0	0	0	0	0	0	0	0	0	0	0	0	0	0	0
32.2	0	0	0	0	0	0	0	0	0	0	0	0	0	0	0	0	0	0
32.3	0	0	0	0	0	0	0	0	0	0	0	0	0	0	0	0	0	0
32.4	0	0	0	0	0	0	0	0	0	0	0	0	0	0	0	0	0	0
32.5	0	0	0	0	0	0	0	0	0	0	0	0	0	0	0	0	0	0
32.6	0	0	0	0	0	0	0	0	0	0	0	0	0	0	0	0	0	0
32.7	0	0	0	0	0	0	0	0	0	0	0	0	0	0	0	0	0	0
32.8	0	0	0	0	0	0	0	0	0	0	0	0	0	0	0	0	0	0
32.9	0	0	0	0	0	0	0	0	0	0	0	0	0	0	0	0	0	0
33	0	0	0	0	0	0	0	0	0	0	0	0	0	0	0	0	0	0
33.1	0	0	0	0	0	0	0	0	0	0	0	0	0	0	0	0	0	0
33.2	0	0	0	0	0	0	0	0	0	0	0	0	0	0	0	0	0	0
33.3	0	0	0	0	0	0	0	0	0	0	0	0	0	0	0	0	0	0
33.4	0	0	0	0	0	0	0	0	0	0	0	0	0	0	0	0	0	0
33.5	0	0	0	0	0	0	0	0	0	0	0	0	0	0	0	0	0	0
33.6	0	0	0	0	0	0	0	0	0	0	0	0	0	0	0	0	0	0
33.7	0	0	0	0	0	0	0	0	0	0	0	0	0	0	0	0	0	0
33.8	0	0	0	0	0	0	0	0	0	0	0	0	0	0	0	0	0	0
33.9	0	0	0	0	0	0	0	0	0	0	0	0	0	0	0	0	0	0
34	0	0	0	0	0	0	0	0	0	0	0	0	0	0	0	0	0	0
34.1	0	0	0	0	0	0	0	0	0	0	0	0	0	0	0	0	0	0
34.2	0	0	0	0	0	0	0	0	0	0	0	0	0	0	0	0	0	0
34.3	0	0	0	0	0	0	0	0	0	0	0	0	0	0	0	0	0	0
34.4	0	0	0	0	0	0	0	0	0	0	0	0	0	0	0	0	0	0
34.5	0	0	0	0	0	0	0	0	0	0	0	0	0	0	0	0	0	0
34.6	0	0	0	0	0	0	0	0	0	0	0	0	0	0	0	0	0	0
34.7	0	0	0	0	0	0	0	0	0	0	0	0	0	0	0	0	0	0
34.8	0	0	0	0	0	0	0	0	0	0	0	0	0	0	0	0	0	0
34.9	0	0	0	0	0	0	0	0	0	0	0	0	0	0	0	0	0	0
35	0	0	0	0	0	0	0	0	0	0	0	0	0	0	0	0	0	0
35.1	0	0	0	0	0	0	0	0	0	0	0	0	0	0	0	0	0	0
35.2	0	0	0	0	0	0	0	0	0	0	0	0	0	0	0	0	0	0
35.3	0	0	0	0	0	0	0	0	0	0	0	0	0	0	0	0	0	0
35.4	0	0	0	0	0	0	0	0	0	0	0	0	0	0	0	0	0	0
35.5	0	0	0	0	0	0	0	0	0	0	0	0	0	0	0	0	0	0
35.6	0	0	0	0	0	0	0	0	0	0	0	0	0	0	0	0	0	0
35.7	0	0	0	0	0	0	0	0	0	0	0	0	0	0	0	0	0	0
35.8	0	0	0	0	0	0	0	0	0	0	0	0	0	0	0	0	0	0
35.9	0	0	0	0	0	0	0	0	0	0	0	0	0	0	0	0	0	0
36	0	0	0	0	0	0	0	0	0	0	0	0	0	0	0	0	0	0
36.1	0	0	0	0	0	0	0	0	0	0	0	0	0	0	0	0	0	0
36.2	0	0	0	0	0	0	0	0	0	0	0	0	0	0	0	0	0	0
36.3	0	0	0	0	0	0	0	0	0	0	0	0	0	0	0	0	0	0
36.4	0	0	0	0	0	0	0	0	0	0	0	0	0	0	0	0	0	0
36.5	0	0	0	0	0	0	0	0	0	0	0	0	0	0	0	0	0	0
36.6	0	0	0	0	0	0	0	0	0	0	0	0	0	0	0	0	0	0
36.7	0	0	0	0	0	0	0	0	0	0	0	0	0	0	0	0	0	0
36.8	0	0	0	0	0	0	0	0	0	0	0	0	0	0	0	0	0	0
36.9	0	0	0	0	0	0	0	0	0	0	0	0	0	0	0	0	0	0
37	0	0	0	0	0	0	0	0	0	0	0	0	0	0	0	0	0	0
37.1	0	0	0	0	0	0	0	0	0	0	0	0	0	0	0	0	0	0
37.2	0	0	0	0	0	0	0	0	0	0	0	0	0	0	0	0	0	0
37.3	0	0	0	0	0	0	0	0	0	0	0	0	0	0	0	0	0	0
37.4	0	0	0	0	0	0	0	0	0	0	0	0	0	0	0	0	0	0
37.5	0	0	0	0	0	0	0	0	0	0	0	0	0	0	0	0	0	0
37.6	0	0	0	0	0	0	0	0	0	0	0	0	0	0	0	0	0	0
37.7	0	0	0	0	0	0	0	0	0	0	0	0	0	0	0	0	0	0
37.8	0	0	0	0	0	0	0	0	0	0	0	0	0	0	0	0	0	0
37.9	0	0	0	0	0	0	0	0	0	0	0	0	0	0	0	0	0	0
38	0	0	0	0	0	0	0	0	0	0	0	0	0	0	0	0	0	0
38.1	0	0	0	0	0	0	0	0	0	0	0	0	0	0	0	0	0	0
38.2	0	0	0	0	0	0	0	0	0	0	0	0	0	0	0	0	0	0
38.3	0	0	0	0	0	0	0	0	0	0	0	0	0	0	0	0	0	0
38.4	0	0	0	0	0	0	0	0	0	0	0	0	0	0	0	0	0	0
38.5	0	0	0	0	0	0	0	0	0	0	0	0	0	0	0	0	0	0
38.6	0	0	0	0	0	0	0	0	0	0	0	0	0	0	0	0	0	0
38.7	0	0	0	0	0	0	0	0	0	0	0	0	0	0	0	0	0	0
38.8	0	0	0	0	0	0	0	0	0	0	0	0	0	0	0	0	0	0
38.9	0	0	0	0	0	0	0	0	0	0	0	0	0	0	0	0	0	0
39	0	0	0	0	0	0	0	0	0	0	0	0	0	0	0	0	0	0
39.1	0	0	0	0	0	0	0	0	0	0	0	0	0	0	0	0	0	0
39.2	0	0	0	0	0	0	0	0	0	0	0	0	0	0	0	0	0	0
39.3	0	0	0	0	0	0	0	0	0	0	0	0	0	0	0	0	0	0
39.4	0	0	0	0	0	0	0	0	0	0	0	0	0	0	0	0	0	0
39.5	0	0	0	0	0	0	0	0	0	0	0	0	0	0	0	0	0	0
39.6	0	0	0	0	0	0	0	0	0	0	0	0	0	0	0	0	0	0
39.7	0	0	0	0	0	0	0	0	0	0	0	0	0	0	0	0	0	0
39.8	0	0	0	0	0	0	0	0	0	0	0	0	0	0	0	0	0	0
39.9	0	0	0	0	0	0	0	0	0	0	0	0	0	0	0	0	0	0
40	0	0	0	0	0	0	0	0	0	0	0	0	0	0	0	0	0	0
40.1	0	0	0	0	0	0	0	0	0	0	0	0	0	0	0	0	0	0
40.2	0	0	0	0	0	0	0	0	0	0	0	0	0	0	0	0	0	0
40.3	0	0	0	0	0	0	0	0	0	0	0	0	0	0	0	0	0	0
40.4	0	0	0	0	0	0	0	0	0	0	0	0	0	0	0	0	0	0
40.5	0	0	0	0	0	0	0	0	0	0	0	0	0	0	0	0	0	0
40.6	0	0	0	0	0	0	0	0	0	0	0	0	0	0	0	0	0	0
40.7	0	0	0	0	0	0	0	0	0	0	0	0	0	0	0	0	0	0
40.8	0	0	0	0	0	0	0	0	0	0	0	0	0	0	0	0	0	0
40.9	0	0	0	0	0	0	0	0	0	0	0	0	0	0	0	0	0	0
41	0	0	0	0	0	0	0	0	0	0	0	0	0	0	0	0	0	0
41.1	0	0	0	0	0	0	0	0	0	0	0	0	0	0	0	0	0	0
41.2	0	0	0	0	0	0	0	0	0	0	0	0	0	0	0	0	0	0
41.3	0	0	0	0	0	0	0	0	0	0	0	0	0	0	0	0	0	0
41.4	0	0	0	0	0	0	0	0	0	0	0	0	0	0	0	0	0	0
41.5	0	0	0	0	0	0	0	0	0	0	0	0	0	0	0	0	0	0
41.6	0	0	0	0	0	0	0	0	0	0	0	0	0	0	0	0	0	0
41.7	0	0	0	0	0	0	0	0	0	0	0	0	0	0	0	0	0	0
41.8	0	0	0	0	0	0	0	0	0	0	0	0	0	0	0	0	0	0
41.9	0	0	0	0	0	0	0	0	0	0	0	0	0	0	0	0	0	0
42	0	0	0	0	0	0	0	0	0	0	0	0	0	0	0	0	0	0
42.1	0	0	0	0	0	0	0	0	0	0	0	0	0	0	0	0	0	0
42.2	0	0	0	0	0	0	0	0	0	0	0	0	0	0	0	0	0	0
42.3	0	0	0	0	0	0	0	0	0	0	0	0	0	0	0	0	0	0
42.4	0	0	0	0	0	0	0	0	0	0	0	0	0	0	0	0	0	0
42.5	0	0	0	0	0	0	0	0	0	0	0	0	0	0	0	0	0	0
42.6	0	0	0	0	0	0	0	0	0	0	0	0	0	0	0	0	0	0
42.7	0	0	0	0	0	0	0	0	0	0	0	0	0	0	0	0	0	0
42.8	0	0	0	0	0	0	0	0	0	0	0	0	0	0	0	0	0	0
42.9	0	0	0	0	0	0	0	0	0	0	0	0	0	0	0	0	0	0
43	0	0	0	0	0	0	0	0	0	0	0	0	0	0	0	0	0	0
43.1	0	0	0	0	0	0	0	0	0	0	0	0	0	0	0	0	0	0
43.2	0	0	0	0	0	0	0	0	0	0	0	0	0	0	0	0	0	0
43.3	0	0	0	0	0	0	0	0	0	0	0	0	0	0	0	0	0	0
43.4	0	0	0	0	0	0	0	0	0	0	0	0	0	0	0	0	0	0
43.5	0	0	0	0	0	0	0	0	0	0	0	0	0	0	0	0	0	0
43.6	0	0	0	0	0	0	0	0	0	0	0	0	0	0	0	0	0	0
43.7	0	0	0	0	0	0	0	0	0	0	0	0	0	0	0	0	0	0
43.8	0	0	0	0	0	0	0	0	0	0	0	0	0	0	0	0	0	0
43.9	0	0	0	0	0	0	0	0	0	0	0	0	0	0	0	0	0	0
44	0	0	0	0	0	0	0	0	0	0	0	0	0	0	0	0	0	0
44.1	0	0	0	0	0	0	0	0	0	0	0	0	0	0	0	0	0	0
44.2	0	0	0	0	0	0	0	0	0	0	0	0	0	0	0	0	0	0
44.3	0	0	0	0	0	0	0	0	0	0	0	0	0	0	0	0	0	0
44.4	0	0	0	0	0	0	0	0	0	0	0	0	0	0	0	0	0	0
44.5	0	0	0	0	0	0	0	0	0	0	0	0	0	0	0	0	0	0
44.6	0	0	0	0	0	0	0	0	0	0	0	0	0	0	0	0	0	0
44.7	0	0	0	0	0	0	0	0	0	0	0	0	0	0	0	0	0	0
44.8	0	0	0	0	0	0	0	0	0	0	0	0	0	0	0	0	0	0
44.9	0	0	0	0	0	0	0	0	0	0	0	0	0	0	0	0	0	0
45	0	0	0	0	0	0	0	0	0	0	0	0	0	0	0	0	0	0
45.1	0	0	0	0	0	0	0	0	0	0	0	0	0	0	0	0	0	0
45.2	0	0	0	0	0	0	0	0	0	0	0	0	0	0	0	0	0	0
45.3	0	0	0	0	0	0	0	0	0	0	0	0	0	0	0	0	0	0
45.4	0	0	0	0	0	0	0	0	0	0	0	0	0	0	0	0	0	0
45.5	0	0	0	0	0	0	0	0	0	0	0	0	0	0	0	0	0	0
45.6	0	0	0	0	0	0	0	0	0	0	0	0	0	0	0	0	0	0
45.7	0	0	0	0	0	0	0	0	0	0	0	0	0	0	0	0	0	0
45.8	0	0	0	0	0	0	0	0	0	0	0	0	0	0	0	0	0	0
45.9	0	0	0	0	0	0	0	0	0	0	0	0	0	0	0	0	0	0
46	0	0	0	0	0	0	0	0	0	0	0	0	0	0	0	0	0	0
46.1	0	0	0	0	0	0	0	0	0	0	0	0	0	0	0	0	0	0
46.2	0	0	0	0	0	0	0	0	0	0	0	0	0	0	0	0	0	0
46.3	0	0	0	0	0	0	0	0	0	0	0	0	0	0	0	0	0	0
46.4	0	0	0	0	0	0	0	0	0	0	0	0	0	0	0	0	0	0
46.5	0	0	0	0	0	0	0	0	0	0	0	0	0	0	0	0	0	0
46.6	0	0	0	0	0	0	0	0	0	0	0	0	0	0	0	0	0	0
46.7	0	0	0	0	0	0	0	0	0	0	0	0	0	0	0	0	0	0
46.8	0	0	0	0	0	0	0	0	0	0	0	0	0	0	0	0	0	0
46.9	0	0	0	0	0	0	0	0	0	0	0	0	0	0	0	0	0	0
47	0	0	0	0	0	0	0	0	0	0	0	0	0	0	0	0	0	0
47.1	0	0	0	0	0	0	0	0	0	0	0	0	0	0	0	0	0	0
47.2	0	0	0	0	0	0	0	0	0	0	0	0	0	0	0	0	0	0
47.3	0	0	0	0	0	0	0	0	0	0	0	0	0	0	0	0	0	0
47.4	0	0	0	0	0	0	0	0	0	0	0	0	0	0	0	0	0	0
47.5	0	0	0	0	0	0	0	0	0	0	0	0	0	0	0	0	0	0
47.6	0	0	0	0	0	0	0	0	0	0	0	0	0	0	0	0	0	0
47.7	0	0	0	0	0	0	0	0	0	0	0	0	0	0	0	0	0	0
47.8	0	0	0	0	0	0	0	0	0	0	0	0	0	0	0	0	0	0
47.9	0	0	0	0	0	0	0	0	0	0	0	0	0	0	0	0	0	0
48	0	0	0	0	0	0	0	0	0	0	0	0	0	0	0	0	0	0
48.1	0	0	0	0	0	0	0	0	0	0	0	0	0	0	0	0	0	0
48.2	0	0	0	0	0	0	0	0	0	0	0	0	0	0	0	0	0	0
48.3	0	0	0	0	0	0	0	0	0	0	0	0	0	0	0	0	0	0
48.4	0	0	0	0	0	0	0	0	0	0	0	0	0	0	0	0	0	0
48.5	0	0	0	0	0	0	0	0	0	0	0	0	0	0	0	0	0	0
48.6	0	0	0	0	0	0	0	0	0	0	0	0	0	0	0	0	0	0
48.7	0	0	0	0	0	0	0	0	0	0	0	0	0	0	0	0	0	0
48.8	0	0	0	0	0	0	0	0	0	0	0	0	0	0	0	0	0	0
48.9	0	0	0	0	0	0	0	0	0	0	0	0	0	0	0	0	0	0
49	0	0	0	0	0	0	0	0	0	0	0	0	0	0	0	0	0	0
49.1	0	0	0	0	0	0	0	0	0	0	0	0	0	0	0	0	0	0
49.2	0	0	0	0	0	0	0	0	0	0	0	0	0	0	0	0	0	0
49.3	0	0	0	0	0	0	0	0	0	0	0	0	0	0	0	0	0	0
49.4	0	0	0	0	0	0	0	0	0	0	0	0	0	0	0	0	0	0
49.5	0	0	0	0	0	0	0	0	0	0	0	0	0	0	0	0	0	0
49.6	0	0	0	0	0	0	0	0	0	0	0	0	0	0	0	0	0	0
49.7	0	0	0	0	0	0	0	0	0	0	0	0	0	0	0	0	0	0
49.8	0	0	0	0	0	0	0	0	0	0	0	0	0	0	0	0	0	0
49.9	0	0	0	0	0	0	0	0	0	0	0	0	0	0	0	0	0	0
50	0	0	0	0	0	0	0	0	0	0	0	0	0	0	0	0	0	0
50.1	0	0	0	0	0	0	0	0	0	0	0	0	0	0	0	0	0	0
50.2	0	0	0	0	0	0	0	0	0	0	0	0	0	0	0	0	0	0
50.3	0	0	0	0	0	0	0	0	0	0	0	0	0	0	0	0	0	0
50.4	0	0	0	0	0	0	0	0	0	0	0	0	0	0	0	0	0	0
50.5	0	0	0	0	0	0	0	0	0	0	0	0	0	0	0	0	0	0
50.6	0	0	0	0	0	0	0	0	0	0	0	0	0	0	0	0	0	0
50.7	0	0	0	0	0	0	0	0	0	0	0	0	0	0	0	0	0	0
50.8	0	0	0	0	0	0	0	0	0	0	0	0	0	0	0	0	0	0
50.9	0	0	0	0	0	0	0	0	0	0	0	0	0	0	0	0	0	0
51	0	0	0	0	0	0	0	0	0	0	0	0	0	0	0	0	0	0
51.1	0	0	0	0	0	0	0	0	0	0	0	0	0	0	0	0	0	0
51.2	0	0	0	0	0	0	0	0	0	0	0	0	0	0	0	0	0	0
51.3	0	0	0	0	0	0	0	0	0	0	0	0	0	0	0	0	0	0
51.4	0	0	0	0	0	0	0	0	0	0	0	0	0	0	0	0	0	0
51.5	0	0	0	0	0	0	0	0	0	0	0	0	0	0	0	0	0	0
51.6	0	0	0	0	0	0	0	0	0	0	0	0	0	0	0	0	0	0
51.7	0	0	0	0	0	0	0	0	0	0	0	0	0	0	0	0	0	0
51.8	0	0	0	0	0	0	0	0	0	0	0	0	0	0	0	0	0	0
51.9	0	0	0	0	0	0	0	0	0	0	0	0	0	0	0	0	0	0
52	0	0	0	0	0	0	0	0	0	0	0	0	0	0	0	0	0	0
52.1	0	0	0	0	0	0	0	0	0	0	0	0	0	0	0	0	0	0
52.2	0	0	0	0	0	0	0	0	0	0	0	0	0	0	0	0	0	0
52.3	0	0	0	0	0	0	0	0	0	0	0	0	0	0	0	0	0	0
52.4	0	0	0	0	0	0	0	0	0	0	0	0	0	0	0	0	0	0
52.5	0	0	0	0	0	0	0	0	0	0	0	0	0	0	0	0	0	0
52.6	0	0	0	0	0	0	0	0	0	0	0	0	0	0	0	0	0	0
52.7	0	0	0	0	0	0	0	0	0	0	0	0	0	0	0	0	0	0
52.8	0	0	0	0	0	0	0	0	0	0	0	0	0	0	0	0	0	0
52.9	0	0	0	0	0	0	0	0	0	0	0	0	0	0	0	0	0	0
53	0	0	0	0	0	0	0	0	0	0	0	0	0	0	0	0	0	0
53.1	0	0	0	0	0	0	0	0	0	0	0	0	0	0	0	0	0	0
53.2	0	0	0	0	0	0	0	0	0	0	0	0	0	0	0	0	0	0
53.3	0	0	0	0	0	0	0	0	0	0	0	0	0	0	0	0	0	0
53.4	0	0	0	0	0	0	0	0	0	0	0	0	0	0	0	0	0	0
53.5	0	0	0	0	0	0	0	0	0	0	0	0	0	0	0	0	0	0
53.6	0	0	0	0	0	0	0	0	0	0	0	0	0	0	0	0	0	0
53.7	0	0	0	0	0	0	0	0	0	0	0	0	0	0	0	0	0	0
53.8	0	0	0	0	0	0	0	0	0	0	0	0	0	0	0	0	0	0
53.9	0	0	0	0	0	0	0	0	0	0	0	0	0	0	0	0	0	0
54	0	0	0	0	0	0	0	0	0	0	0	0	0	0	0	0	0	0
54.1	0	0	0	0	0	0	0	0	0	0	0	0	0	0	0	0	0	0
54.2	0	0	0	0	0	0	0	0	0	0	0	0	0	0	0	0	0	0
54.3	0	0	0	0	0	0	0	0	0	0	0	0	0	0	0	0	0	0
54.4	0	0	0	0	0	0	0	0	0	0	0	0	0	0	0	0	0	0
54.5	0	0	0	0	0	0	0	0	0	0	0	0	0	0	0	0	0	0
54.6	0	0	0	0	0	0	0	0	0	0	0	0	0	0	0	0	0	0
54.7	0	0	0	0	0	0	0	0	0	0	0	0	0	0	0	0	0	0
54.8	0	0	0	0	0	0	0	0	0	0	0	0	0	0	0	0	0	0
54.9	0	0	0	0	0	0	0	0	0	0	0	0	0	0	0	0	0	0
55	0	0	0	0	0	0	0	0	0	0	0	0	0	0	0	0	0	0
55.1	0	0	0	0	0	0	0	0	0	0	0	0	0	0	0	0	0	0
55.2	0	0	0	0	0	0	0	0	0	0	0	0	0	0	0	0	0	0
55.3	0	0	0	0	0	0	0	0	0	0	0	0	0	0	0	0	0	0
55.4	0	0	0	0	0	0	0	0	0	0	0	0	0	0	0	0	0	0
55.5	0	0	0	0	0	0	0	0	0	0	0	0	0	0	0	0	0	0
55.6	0	0	0	0	0	0	0	0	0	0	0	0	0	0	0	0	0	0
55.7	0	0	0	0	0	0	0	0	0	0	0	0	0	0	0	0	0	0
55.8	0	0	0	0	0	0	0	0	0	0	0	0	0	0	0	0	0	0
55.9	0	0	0	0	0	0	0	0	0	0	0	0	0	0	0	0	0	0
56	0	0	0	0	0	0	0	0	0	0	0	0	0	0	0	0	0	0
56.1	0	0	0	0	0	0	0	0	0	0	0	0	0	0	0	0	0	0
56.2	0	0	0	0	0	0	0	0	0	0	0	0	0	0	0	0	0	0
56.3	0	0	0	0	0	0	0	0	0	0	0	0	0	0	0	0	0	0
56.4	0	0	0	0	0	0	0	0	0	0	0	0	0	0	0	0	0	0
56.5	0	0	0	0	0	0	0	0	0	0	0	0	0	0	0	0	0	0
56.6	0	0	0	0	0	0	0	0	0	0	0	0	0	0	0	0	0	0
56.7	0	0	0	0	0	0	0	0	0	0	0	0	0	0	0	0	0	0
56.8	0	0	0	0	0	0	0	0	0	0	0	0	0	0	0	0	0	0
56.9	0	0	0	0	0	0	0	0	0	0	0	0	0	0	0	0	0	0
57	0	0	0	0	0	0	0	0	0	0	0	0	0	0	0	0	0	0
57.1	0	0	0	0	0	0	0	0	0	0	0	0	0	0	0	0	0	0
57.2	0	0	0	0	0	0	0	0	0	0	0	0	0	0	0	0	0	0
57.3	0	0	0	0	0	0	0	0	0	0	0	0	0	0	0	0	0	0
57.4	0	0	0	0	0	0	0	0	0	0	0	0	0	0	0	0	0	0
57.5	0	0	0	0	0	0	0	0	0	0	0	0	0	0	0	0	0	0
57.6	0	0	0	0	0	0	0	0	0	0	0	0	0	0	0	0	0	0
57.7	0	0	0	0	0	0	0	0	0	0	0	0	0	0	0	0	0	0
57.8	0	0	0	0	0	0	0	0	0	0	0	0	0	0	0	0	0	0
57.9	0	0	0	0	0	0	0	0	0	0	0	0	0	0	0	0	0	0
58	0	0	0	0	0	0	0	0	0	0	0	0	0	0	0	0	0	0
58.1	0	0	0	0	0	0	0	0	0	0	0	0	0	0	0	0	0	0
58.2	0	0	0	0	0	0	0	0	0	0	0	0	0	0	0	0	0	0
58.3	0	0	0	0	0	0	0	0	0	0	0	0	0	0	0	0	0	0
58.4	0	0	0	0	0	0	0	0	0	0	0	0	0	0	0	0	0	0
58.5	0	0	0	0	0	0	0	0	0	0	0	0	0	0	0	0	0	0
58.6	0	0	0	0	0	0	0	0	0	0	0	0	0	0	0	0	0	0
58.7	0	0	0	0	0	0	0	0	0	0	0	0	0	0	0	0	0	0
58.8	0	0	0	0	0	0	0	0	0	0	0	0	0	0	0	0	0	0
58.9	0	0	0	0	0	0	0	0	0	0	0	0	0	0	0	0	0	0
59	0	0	0	0	0	0	0	0	0	0	0	0	0	0	0	0	0	0
59.1	0	0	0	0	0	0	0	0	0	0	0	0	0	0	0	0	0	0
59.2	0	0	0	0	0	0	0	0	0	0	0	0	0	0	0	0	0	0
59.3	0	0	0	0	0	0	0	0	0	0	0	0	0	0	0	0	0	0
59.4	0	0	0	0	0	0	0	0	0	0	0	0	0	0	0	0	0	0
59.5	0	0	0	0	0	0	0	0	0	0	0	0	0	0	0	0	0	0
59.6	0	0	0	0	0	0	0	0	0	0	0	0	0	0	0	0	0	0
59.7	0	0	0	0	0	0	0	0	0	0	0	0	0	0	0	0	0	0
59.8	0	0	0	0	0	0	0	0	0	0	0	0	0	0	0	0	0	0
59.9	0	0	0	0	0	0	0	0	0	0	0	0	0	0	0	0	0	0
60	0	0	0	0	0	0	0	0	0	0	0	0	0	0	0	0	0	0
60.1	0	0	0	0	0	0	0	0	0	0	0	0	0	0	0	0	0	0
60.2	0	0	0	0	0	0	0	0	0	0	0	0	0	0	0	0	0	0
60.3	0	0	0	0	0	0	0	0	0	0	0	0	0	0	0	0	0	0
60.4	0	0	0	0	0	0	0	0	0	0	0	0	0	0	0	0	0	0
60.5	0	0	0	0	0	0	0	0	0	0	0	0	0	0	0	0	0	0
60.6	0	0	0	0	0	0	0	0	0	0	0	0	0	0	0	0	0	0
60.7	0	0	0	0	0	0	0	0	0	0	0	0	0	0	0	0	0	0
60.8	0	0	0	0	0	0	0	0	0	0	0	0	0	0	0	0	0	0
60.9	0	0	0	0	0	0	0	0	0	0	0	0	0	0	0	0	0	0
61	0	0	0	0	0	0	0	0	0	0	0	0	0	0	0	0	0	0
61.1	0	0	0	0	0	0	0	0	0	0	0	0	0	0	0	0	0	0
61.2	0	0	0	0	0	0	0	0	0	0	0	0	0	0	0	0	0	0
61.3	0	0	0	0	0	0	0	0	0	0	0	0	0	0	0	0	0	0
61.4	0	0	0	0	0	0	0	0	0	0	0	0	0	0	0	0	0	0
61.5	0	0	0	0	0	0	0	0	0	0	0	0	0	0	0	0	0	0
61.6	0	0	0	0	0	0	0	0	0	0	0	0	0	0	0	0	0	0
61.7	0	0	0	0	0	0	0	0	0	0	0	0	0	0	0	0	0	0
61.8	0	0	0	0	0	0	0	0	0	0	0	0	0	0	0	0	0	0
61.9	0	0	0	0	0	0	0	0	0	0	0	0	0	0	0	0	0	0
62	0	0	0	0	0	0	0	0	0	0	0	0	0	0	0	0	0	0
62.1	0	0	0	0	0	0	0	0	0	0	0	0	0	0	0	0	0	0
62.2	0	0	0	0	0	0	0	0	0	0	0	0	0	0	0	0	0	0
62.3	0	0	0	0	0	0	0	0	0	0	0	0	0	0	0	0	0	0
62.4	0	0	0	0	0	0	0	0	0	0	0	0	0	0	0	0	0	0
62.5	0	0	0	0	0	0	0	0	0	0	0	0	0	0	0	0	0	0
62.6	0	0	0	0	0	0	0	0	0	0	0	0	0	0	0	0	0	0
62.7	0	0	0	0	0	0	0	0	0	0	0	0	0	0	0	0	0	0
62.8	0	0	0	0	0	0	0	0	0	0	0	0	0	0	0	0	0	0
62.9	0	0	0	0	0	0	0	0	0	0	0	0	0	0	0	0	0	0
63	0	0	0	0	0	0	0	0	0	0	0	0	0	0	0	0	0	0
63.1	0	0	0	0	0	0	0	0	0	0	0	0	0	0	0	0	0	0
63.2	0	0	0	0	0	0	0	0	0	0	0	0	0	0	0	0	0	0
63.3	0	0	0	0	0	0	0	0	0	0	0	0	0	0	0	0	0	0
63.4	0	0	0	0	0	0	0	0	0	0	0	0	0	0	0	0	0	0
63.5	0	0	0	0	0	0	0	0	0	0	0	0	0	0	0	0	0	0
63.6	0	0	0	0	0	0	0	0	0	0	0	0	0	0	0	0	0	0
63.7	0	0	0	0	0	0	0	0	0	0	0	0	0	0	0	0	0	0
63.8	0	0	0	0	0	0	0	0	0	0	0	0	0	0	0	0	0	0
63.9	0	0	0	0	0	0	0	0	0	0	0	0	0	0	0	0	0	0
64	0	0	0	0	0	0	0	0	0	0	0	0	0	0	0	0	0	0
64.1	0	0	0	0	0	0	0	0	0	0	0	0	0	0	0	0	0	0
64.2	0	0	0	0	0	0	0	0	0	0	0	0	0	0	0	0	0	0
64.3	0	0	0	0	0	0	0	0	0	0	0	0	0	0	0	0	0	0
64.4	0	0	0	0	0	0	0	0	0	0	0	0	0	0	0	0	0	0
64.5	0	0	0	0	0	0	0	0	0	0	0	0	0	0	0	0	0	0
64.6	0	0	0	0	0	0	0	0	0	0	0	0	0	0	0	0	0	0
64.7	0	0	0	0	0	0	0	0	0	0	0	0	0	0	0	0	0	0
64.8	0	0	0	0	0	0	0	0	0	0	0	0	0	0	0	0	0	0
64.9	0	0	0	0	0	0	0	0	0	0	0	0	0	0	0	0	0	0
65	0	0	0	0	0	0	0	0	0	0	0	0	0	0	0	0	0	0
65.1	0	0	0	0	0	0	0	0	0	0	0	0	0	0	0	0	0	0
65.2	0	0	0	0	0	0	0	0	0	0	0	0	0	0	0	0	0	0
65.3	0	0	0	0	0	0	0	0	0	0	0	0	0	0	0	0	0	0
65.4	0	0	0	0	0	0	0	0	0	0	0	0	0	0	0	0	0	0
65.5	0	0	0	0	0	0	0	0	0	0	0	0	0	0	0	0	0	0
65.6	0	0	0	0	0	0	0	0	0	0	0	0	0	0	0	0	0	0
65.7	0	0	0	0	0	0	0	0	0	0	0	0	0	0	0	0	0	0
65.8	0	0	0	0	0	0	0	0	0	0	0	0	0	0	0	0	0	0
65.9	0	0	0	0	0	0	0	0	0	0	0	0	0	0	0	0	0	0
66	0	0	0	0	0	0	0	0	0	0	0	0	0	0	0	0	0	0
66.1	0	0	0	0	0	0	0	0	0	0	0	0	0	0	0	0	0	0
66.2	0	0	0	0	0	0	0	0	0	0	0	0	0	0	0	0	0	0
66.3	0	0	0	0	0	0	0	0	0	0	0	0	0	0	0	0	0	0
66.4	0	0	0	0	0	0	0	0	0	0	0	0	0	0	0	0	0	0
66.5	0	0	0	0	0	0	0	0	0	0	0	0	0	0	0	0	0	0
66.6	0	0	0	0	0	0	0	0	0	0	0	0	0	0	0	0	0	0
66.7	0	0	0	0	0	0	0	0	0	0	0	0	0	0	0	0	0	0
66.8	0	0	0	0	0	0	0	0	0	0	0	0	0	0	0	0	0	0
66.9	0	0	0	0	0	0	0	0	0	0	0	0	0	0	0	0	0	0
67	0	0	0	0	0	0	0	0	0	0	0	0	0	0	0	0	0	0
67.1	0	0	0	0	0	0	0	0	0	0	0	0	0	0	0	0	0	0
67.2	0	0	0	0	0	0	0	0	0	0	0	0	0	0	0	0	0	0
67.3	0	0	0	0	0	0	0	0	0	0	0	0	0	0	0	0	0	0
67.4	0	0	0	0	0	0	0	0	0	0	0	0	0	0	0	0	0	0
67.5	0	0	0	0	0	0	0	0	0	0	0	0	0	0	0	0	0	0
67.6	0	0	0	0	0	0	0	0	0	0	0	0	0	0	0	0	0	0
67.7	0	0	0	0	0	0	0	0	0	0	0	0	0	0	0	0	0	0
67.8	0	0	0	0	0	0	0	0	0	0	0	0	0	0	0	0	0	0
67.9	0	0	0	0	0	0	0	0	0	0	0	0	0	0	0	0	0	0
68	0	0	0	0	0	0	0	0	0	0	0	0	0	0	0	0	0	0
68.1	0	0	0	0	0	0	0	0	0	0	0	0	0	0	0	0	0	0
68.2	0	0	0	0	0	0	0	0	0	0	0	0	0	0	0	0	0	0
68.3	0	0	0	0	0	0	0	0	0	0	0	0	0	0	0	0	0	0
68.4	0	0	0	0	0	0	0	0	0	0	0	0	0	0	0	0	0	0
68.5	0	0	0	0	0	0	0	0	0	0	0	0	0	0	0	0	0	0
68.6	0	0	0	0	0	0	0	0	0	0	0	0	0	0	0	0	0	0
68.7	0	0	0	0	0	0	0	0	0	0	0	0	0	0	0	0	0	0
68.8	0	0	0	0	0	0	0	0	0	0	0	0	0	0	0	0	0	0
68.9	0	0	0	0	0	0	0	0	0	0	0	0	0	0	0	0	0	0
69	0	0	0	0	0	0	0	0	0	0	0	0	0	0	0	0	0	0
69.1	0	0	0	0	0	0	0	0	0	0	0	0	0	0	0	0	0	0
69.2	0	0	0	0	0	0	0	0	0	0	0	0	0	0	0	0	0	0
69.3	0	0	0	0	0	0	0	0	0	0	0	0	0	0	0	0	0	0
69.4	0	0	0	0	0	0	0	0	0	0	0	0	0	0	0	0	0	0
69.5	0	0	0	0	0	0	0	0	0	0	0	0	0	0	0	0	0	0
69.6	0	0	0	0	0	0	0	0	0	0	0	0	0	0	0	0	0	0
69.7	0	0	0	0	0	0	0	0	0	0	0	0	0	0	0	0	0	0
69.8	0	0	0	0	0	0	0	0	0	0	0	0	0	0	0	0	0	0
69.9	0	0	0	0	0	0	0	0	0	0	0	0	0	0	0	0	0	0
70	0	0	0	0	0	0	0	0	0	0	0	0	0	0	0	0	0	0
70.1	0	0	0	0	0	0	0	0	0	0	0	0	0	0	0	0	0	0
70.2	0	0	0	0	0	0	0	0	0	0	0	0	0	0	0	0	0	0
70.3	0	0	0	0	0	0	0	0	0	0	0	0	0	0	0	0	0	0
70.4	0	0	0	0	0	0	0	0	0	0	0	0	0	0	0	0	0	0
70.5	0	0	0	0	0	0	0	0	0	0	0	0	0	0	0	0	0	0
70.6	0	0	0	0	0	0	0	0	0	0	0	0	0	0	0	0	0	0
70.7	0	0	0	0	0	0	0	0	0	0	0	0	0	0	0	0	0	0
70.8	0	0	0	0	0	0	0	0	0	0	0	0	0	0	0	0	0	0
70.9	0	0	0	0	0	0	0	0	0	0	0	0	0	0	0	0	0	0
71	0	0	0	0	0	0	0	0	0	0	0	0	0	0	0	0	0	0
71.1	0	0	0	0	0	0	0	0	0	0	0	0	0	0	0	0	0	0
71.2	0	0	0	0	0	0	0	0	0	0	0	0	0	0	0	0	0	0
71.3	0	0	0	0	0	0	0	0	0	0	0	0	0	0	0	0	0	0
71.4	0	0	0	0	0	0	0	0	0	0	0	0	0	0	0	0	0	0
71.5	0	0	0	0	0	0	0	0	0	0	0	0	0	0	0	0	0	0
71.6	0	0	0	0	0	0	0	0	0	0	0	0	0	0	0	0	0	0
71.7	0	0	0	0	0	0	0	0	0	0	0	0	0	0	0	0	0	0
71.8	0	0	0	0	0	0	0	0	0	0	0	0	0	0	0	0	0	0
71.9	0	0	0	0	0	0	0	0	0	0	0	0	0	0	0	0	0	0
72	0	0	0	0	0	0	0	0	0	0	0	0	0	0	0	0	0	0
72.1	0	0	0	0	0	0	0	0	0	0	0	0	0	0	0	0	0	0
72.2	0	0	0	0	0	0	0	0	0	0	0	0	0	0	0	0	0	0
72.3	0	0	0	0	0	0	0	0	0	0	0	0	0	0	0	0	0	0
72.4	0	0	0	0	0	0	0	0	0	0	0	0	0	0	0	0	0	0
72.5	0	0	0	0	0	0	0	0	0	0	0	0	0	0	0	0	0	0
72.6	0	0	0	0	0	0	0	0	0	0	0	0	0	0	0	0	0	0
72.7	0	0	0	0	0	0	0	0	0	0	0	0	0	0	0	0	0	0
72.8	0	0	0	0	0	0	0	0	0	0	0	0	0	0	0	0	0	0
72.9	0	0	0	0	0	0	0	0	0	0	0	0	0	0	0	0	0	0
73	0	0	0	0	0	0	0	0	0	0	0	0	0	0	0	0	0	0
73.1	0	0	0	0	0	0	0	0	0	0	0	0	0	0	0	0	0	0
73.2	0	0	0	0	0	0	0	0	0	0	0	0	0	0	0	0	0	0
73.3	0	0	0	0	0	0	0	0	0	0	0	0	0	0	0	0	0	0
73.4	0	0	0	0	0	0	0	0	0	0	0	0	0	0	0	0	0	0
73.5	0	0	0	0	0	0	0	0	0	0	0	0	0	0	0	0	0	0
73.6	0	0	0	0	0	0	0	0	0	0	0	0	0	0	0	0	0	0
73.7	0	0	0	0	0	0	0	0	0	0	0	0	0	0	0	0	0	0
73.8	0	0	0	0	0	0	0	0	0	0	0	0	0	0	0	0	0	0
73.9	0	0	0	0	0	0	0	0	0	0	0	0	0	0	0	0	0	0
74	0	0	0	0	0	0	0	0	0	0	0	0	0	0	0	0	0	0
74.1	0	0	0	0	0	0	0	0	0	0	0	0	0	0	0	0	0	0
74.2	0	0	0	0	0	0	0	0	0	0	0	0	0	0	0	0	0	0
74.3	0	0	0	0	0	0	0	0	0	0	0	0	0	0	0	0	0	0
74.4	0	0	0	0	0	0	0	0	0	0	0	0	0	0	0	0	0	0
74.5	0	0	0	0	0	0	0	0	0	0	0	0	0	0	0	0	0	0
74.6	0	0	0	0	0	0	0	0	0	0	0	0	0	0	0	0	0	0
74.7	0	0	0	0	0	0	0	0	0	0	0	0	0	0	0	0	0	0
74.8	0	0	0	0	0	0	0	0	0	0	0	0	0	0	0	0	0	0
74.9	0	0	0	0	0	0	0	0	0	0	0	0	0	0	0	0	0	0
75	0	0	0	0	0	0	0	0	0	0	0	0	0	0	0	0	0	0
75.1	0	0	0	0	0	0	0	0	0	0	0	0	0	0	0	0	0	0
75.2	0	0	0	0	0	0	0	0	0	0	0	0	0	0	0	0	0	0
75.3	0	0	0	0	0	0	0	0	0	0	0	0	0	0	0	0	0	0
75.4	0	0	0	0	0	0	0	0	0	0	0	0	0	0	0	0	0	0
75.5	0	0	0	0	0	0	0	0	0	0	0	0	0	0	0	0	0	0
75.6	0	0	0	0	0	0	0	0	0	0	0	0	0	0	0	0	0	0
75.7	0	0	0	0	0	0	0	0	0	0	0	0	0	0	0	0	0	0
75.8	0	0	0	0	0	0	0	0	0	0	0	0	0	0	0	0	0	0
75.9	0	0	0	0	0	0	0	0	0	0	0	0	0	0	0	0	0	0
76	0	0	0	0	0	0	0	0	0	0	0	0	0	0	0	0	0	0
76.1	0	0	0	0	0	0	0	0	0	0	0	0	0	0	0	0	0	0
76.2	0	0	0	0	0	0	0	0	0	0	0	0	0	0	0	0	0	0
76.3	0	0	0	0	0	0	0	0	0	0	0	0	0	0	0	0	0	0
76.4	0	0	0	0	0	0	0	0	0	0	0	0	0	0	0	0	0	0
76.5	0	0	0	0	0	0	0	0	0	0	0	0	0	0	0	0	0	0
76.6	0	0	0	0	0	0	0	0	0	0	0	0	0	0	0	0	0	0
76.7	0	0	0	0	0	0	0	0	0	0	0	0	0	0	0	0	0	0
76.8	0	0	0	0	0	0	0	0	0	0	0	0	0	0	0	0	0	0
76.9	0	0	0	0	0	0	0	0	0	0	0	0	0	0	0	0	0	0
77	0	0	0	0	0	0	0	0	0	0	0	0	0	0	0	0	0	0
77.1	0	0	0	0	0	0	0	0	0	0	0	0	0	0	0	0	0	0
77.2	0	0	0	0	0	0	0	0	0	0	0	0	0	0	0	0	0	0
77.3	0	0	0	0	0	0	0	0	0	0	0	0	0	0	0	0	0	0
77.4	0	0	0	0	0	0	0	0	0	0	0	0	0	0	0	0	0	0
77.5	0	0	0	0	0	0	0	0	0	0	0	0	0	0	0	0	0	0
77.6	0	0	0	0	0	0	0	0	0	0	0	0	0	0	0	0	0	0
77.7	0	0	0	0	0	0	0	0	0	0	0	0	0	0	0	0	0	0
77.8	0	0	0	0	0	0	0	0	0	0	0	0	0	0	0	0	0	0
77.9	0	0	0	0	0	0	0	0	0	0	0	0	0	0	0	0	0	0
78	0	0	0	0	0	0	0	0	0	0	0	0	0	0	0	0	0	0
78.1	0	0	0	0	0	0	0	0	0	0	0	0	0	0	0	0	0	0
78.2	0	0	0	0	0	0	0	0	0	0	0	0	0	0	0	0	0	0
78.3	0	0	0	0	0	0	0	0	0	0	0	0	0	0	0	0	0	0
78.4	0	0	0	0	0	0	0	0	0	0	0	0	0	0	0	0	0	0
78.5	0	0	0	0	0	0	0	0	0	0	0	0	0	0	0	0	0	0
78.6	0	0	0	0	0	0	0	0	0	0	0	0	0	0	0	0	0	0
78.7	0	0	0	0	0	0	0	0	0	0	0	0	0	0	0	0	0	0
78.8	0	0	0	0	0	0	0	0	0	0	0	0	0	0	0	0	0	0
78.9	0	0	0	0	0	0	0	0	0	0	0	0	0	0	0	0	0	0
79	0	0	0	0	0	0	0	0	0	0	0	0	0	0	0	0	0	0
79.1	0	0	0	0	0	0	0	0	0	0	0	0	0	0	0	0	0	0
79.2	0	0	0	0	0	0	0	0	0	0	0	0	0	0	0	0	0	0
79.3	0	0	0	0	0	0	0	0	0	0	0	0	0	0	0	0	0	0
79.4	0	0	0	0	0	0	0	0	0	0	0	0	0	0	0	0	0	0
79.5	0	0	0	0	0	0	0	0	0	0	0	0	0	0	0	0	0	0
79.6	0	0	0	0	0	0	0	0	0	0	0	0	0	0	0	0	0	0
79.7	0	0	0	0	0	0	0	0	0	0	0	0	0	0	0	0	0	0
79.8	0	0	0	0	0	0	0	0	0	0	0	0	0	0	0	0	0	0
79.9	0	0	0	0	0	0	0	0	0	0	0	0	0	0	0	0	0	0
80	0	0	0	0	0	0	0	0	0	0	0	0	0	0	0	0	0	0
80.1	0	0	0	0	0	0	0	0	0	0	0	0	0	0	0	0	0	0
80.2	0	0	0	0	0	0	0	0	0	0	0	0	0	0	0	0	0	0
80.3	0	0	0	0	0	0	0	0	0	0	0	0	0	0	0	0	0	0
80.4	0	0	0	0	0	0	0	0	0	0	0	0	0	0	0	0	0	0
80.5	0	0	0	0	0	0	0	0	0	0	0	0	0	0	0	0	0	0
80.6	0	0	0	0	0	0	0	0	0	0	0	0	0	0	0	0	0	0
80.7	0	0	0	0	0	0	0	0	0	0	0	0	0	0	0	0	0	0
80.8	0	0	0	0	0	0	0	0	0	0	0	0	0	0	0	0	0	0
80.9	0	0	0	0	0	0	0	0	0	0	0	0	0	0	0	0	0	0
81	0	0	0	0	0	0	0	0	0	0	0	0	0	0	0	0	0	0
81.1	0	0	0	0	0	0	0	0	0	0	0	0	0	0	0	0	0	0
81.2	0	0	0	0	0	0	0	0	0	0	0	0	0	0	0	0	0	0
81.3	0	0	0	0	0	0	0	0	0	0	0	0	0	0	0	0	0	0
81.4	0	0	0	0	0	0	0	0	0	0	0	0	0	0	0	0	0	0
81.5	0	0	0	0	0	0	0	0	0	0	0	0	0	0	0	0	0	0
81.6	0	0	0	0	0	0	0	0	0	0	0	0	0	0	0	0	0	0
81.7	0	0	0	0	0	0	0	0	0	0	0	0	0	0	0	0	0	0
81.8	0	0	0	0	0	0	0	0	0	0	0	0	0	0	0	0	0	0
81.9	0	0	0	0	0	0	0	0	0	0	0	0	0	0	0	0	0	0
82	0	0	0	0	0	0	0	0	0	0	0	0	0	0	0	0	0	0
82.1	0	0	0	0	0	0	0	0	0	0	0	0	0	0	0	0	0	0
82.2	0	0	0	0	0	0	0	0	0	0	0	0	0	0	0	0	0	0
82.3	0	0	0	0	0	0	0	0	0	0	0	0	0	0	0	0	0	0
82.4	0	0	0	0	0	0	0	0	0	0	0	0	0	0	0	0	0	0
82.5	0	0	0	0	0	0	0	0	0	0	0	0	0	0	0	0	0	0
82.6	0	0	0	0	0	0	0	0	0	0	0	0	0	0	0	0	0	0
82.7	0	0	0	0	0	0	0	0	0	0	0	0	0	0	0	0	0	0
82.8	0	0	0	0	0	0	0	0	0	0	0	0	0	0	0	0	0	0
82.9	0	0	0	0	0	0	0	0	0	0	0	0	0	0	0	0	0	0
83	0	0	0	0	0	0	0	0	0	0	0	0	0	0	0	0	0	0
83.1	0	0	0	0	0	0	0	0	0	0	0	0	0	0	0	0	0	0
83.2	0	0	0	0	0	0	0	0	0	0	0	0	0	0	0	0	0	0
83.3	0	0	0	0	0	0	0	0	0	0	0	0	0	0	0	0	0	0
83.4	0	0	0	0	0	0	0	0	0	0	0	0	0	0	0	0	0	0
83.5	0	0	0	0	0	0	0	0	0	0	0	0	0	0	0	0	0	0
83.6	0	0	0	0	0	0	0	0	0	0	0	0	0	0	0	0	0	0
83.7	0	0	0	0	0	0	0	0	0	0	0	0	0	0	0	0	0	0
83.8	0	0	0	0	0	0	0	0	0	0	0	0	0	0	0	0	0	0
83.9	0	0	0	0	0	0	0	0	0	0	0	0	0	0	0	0	0	0
84	0	0	0	0	0	0	0	0	0	0	0	0	0	0	0	0	0	0
84.1	0	0	0	0	0	0	0	0	0	0	0	0	0	0	0	0	0	0
84.2	0	0	0	0	0	0	0	0	0	0	0	0	0	0	0	0	0	0
84.3	0	0	0	0	0	0	0	0	0	0	0	0	0	0	0	0	0	0
84.4	0	0	0	0	0	0	0	0	0	0	0	0	0	0	0	0	0	0
84.5	0	0	0	0	0	0	0	0	0	0	0	0	0	0	0	0	0	0
84.6	0	0	0	0	0	0	0	0	0	0	0	0	0	0	0	0	0	0
84.7	0	0	0	0	0	0	0	0	0	0	0	0	0	0	0	0	0	0
84.8	0	0	0	0	0	0	0	0	0	0	0	0	0	0	0	0	0	0
84.9	0	0	0	0	0	0	0	0	0	0	0	0	0	0	0	0	0	0
85	0	0	0	0	0	0	0	0	0	0	0	0	0	0	0	0	0	0
85.1	0	0	0	0	0	0	0	0	0	0	0	0	0	0	0	0	0	0
85.2	0	0	0	0	0	0	0	0	0	0	0	0	0	0	0	0	0	0
85.3	0	0	0	0	0	0	0	0	0	0	0	0	0	0	0	0	0	0
85.4	0	0	0	0	0	0	0	0	0	0	0	0	0	0	0	0	0	0
85.5	0	0	0	0	0	0	0	0	0	0	0	0	0	0	0	0	0	0
85.6	0	0	0	0	0	0	0	0	0	0	0	0	0	0	0	0	0	0
85.7	0	0	0	0	0	0	0	0	0	0	0	0	0	0	0	0	0	0
85.8	0	0	0	0	0	0	0	0	0	0	0	0	0	0	0	0	0	0
85.9	0	0	0	0	0	0	0	0	0	0	0	0	0	0	0	0	0	0
86	0	0	0	0	0	0	0	0	0	0	0	0	0	0	0	0	0	0
86.1	0	0	0	0	0	0	0	0	0	0	0	0	0	0	0	0	0	0
86.2	0	0	0	0	0	0	0	0	0	0	0	0	0	0	0	0	0	0
86.3	0	0	0	0	0	0	0	0	0	0	0	0	0	0	0	0	0	0
86.4	0	0	0	0	0	0	0	0	0	0	0	0	0	0	0	0	0	0
86.5	0	0	0	0	0	0	0	0	0	0	0	0	0	0	0	0	0	0
86.6	0	0	0	0	0	0	0	0	0	0	0	0	0	0	0	0	0	0
86.7	0	0	0	0	0	0	0	0	0	0	0	0	0	0	0	0	0	0
86.8	0	0	0	0	0	0	0	0	0	0	0	0	0	0	0	0	0	0
86.9	0	0	0	0	0	0	0	0	0	0	0	0	0	0	0	0	0	0
87	0	0	0	0	0	0	0	0	0	0	0	0	0	0	0	0	0	0
87.1	0	0	0	0	0	0	0	0	0	0	0	0	0	0	0	0	0	0
87.2	0	0	0	0	0	0	0	0	0	0	0	0	0	0	0	0	0	0
87.3	0	0	0	0	0	0	0	0	0	0	0	0	0	0	0	0	0	0
87.4	0	0	0	0	0	0	0	0	0	0	0	0	0	0	0	0	0	0
87.5	0	0	0	0	0	0	0	0	0	0	0	0	0	0	0	0	0	0
87.6	0	0	0	0	0	0	0	0	0	0	0	0	0	0	0	0	0	0
87.7	0	0	0	0	0	0	0	0	0	0	0	0	0	0	0	0	0	0
87.8	0	0	0	0	0	0	0	0	0	0	0	0	0	0	0	0	0	0
87.9	0	0	0	0	0	0	0	0	0	0	0	0	0	0	0	0	0	0
88	0	0	0	0	0	0	0	0	0	0	0	0	0	0	0	0	0	0
88.1	0	0	0	0	0	0	0	0	0	0	0	0	0	0	0	0	0	0
88.2	0	0	0	0	0	0	0	0	0	0	0	0	0	0	0	0	0	0
88.3	0	0	0	0	0	0	0	0	0	0	0	0	0	0	0	0	0	0
88.4	0	0	0	0	0	0	0	0	0	0	0	0	0	0	0	0	0	0
88.5	0	0	0	0	0	0	0	0	0	0	0	0	0	0	0	0	0	0
88.6	0	0	0	0	0	0	0	0	0	0	0	0	0	0	0	0	0	0
88.7	0	0	0	0	0	0	0	0	0	0	0	0	0	0	0	0	0	0
88.8	0	0	0	0	0	0	0	0	0	0	0	0	0	0	0	0	0	0
88.9	0	0	0	0	0	0	0	0	0	0	0	0	0	0	0	0	0	0
89	0	0	0	0	0	0	0	0	0	0	0	0	0	0	0	0	0	0
89.1	0	0	0	0	0	0	0	0	0	0	0	0	0	0	0	0	0	0
89.2	0	0	0	0	0	0	0	0	0	0	0	0	0	0	0	0	0	0
89.3	0	0	0	0	0	0	0	0	0	0	0	0	0	0	0	0	0	0
89.4	0	0	0	0	0	0	0	0	0	0	0	0	0	0	0	0	0	0
89.5	0	0	0	0	0	0	0	0	0	0	0	0	0	0	0	0	0	0
89.6	0	0	0	0	0	0	0	0	0	0	0	0	0	0	0	0	0	0
89.7	0	0	0	0	0	0	0	0	0	0	0	0	0	0	0	0	0	0
89.8	0	0	0	0	0	0	0	0	0	0	0	0	0	0	0	0	0	0
89.9	0	0	0	0	0	0	0	0	0	0	0	0	0	0	0	0	0	0
90	0	0	0	0	0	0	0	0	0	0	0	0	0	0	0	0	0	0
90.1	0	0	0	0	0	0	0	0	0	0	0	0	0	0	0	0	0	0
90.2	0	0	0	0	0	0	0	0	0	0	0	0	0	0	0	0	0	0
90.3	0	0	0	0	0	0	0	0	0	0	0	0	0	0	0	0	0	0
90.4	0	0	0	0	0	0	0	0	0	0	0	0	0	0	0	0	0	0
90.5	0	0	0	0	0	0	0	0	0	0	0	0	0	0	0	0	0	0
90.6	0	0	0	0	0	0	0	0	0	0	0	0	0	0	0	0	0	0
90.7	0	0	0	0	0	0	0	0	0	0	0	0	0	0	0	0	0	0
90.8	0	0	0	0	0	0	0	0	0	0	0	0	0	0	0	0	0	0
90.9	0	0	0	0	0	0	0	0	0	0	0	0	0	0	0	0	0	0
91	0	0	0	0	0	0	0	0	0	0	0	0	0	0	0	0	0	0
91.1	0	0	0	0	0	0	0	0	0	0	0	0	0	0	0	0	0	0
91.2	0	0	0	0	0	0	0	0	0	0	0	0	0	0	0	0	0	0
91.3	0	0	0	0	0	0	0	0	0	0	0	0	0	0	0	0	0	0
91.4	0	0	0	0	0	0	0	0	0	0	0	0	0	0	0	0	0	0
91.5	0	0	0	0	0	0	0	0	0	0	0	0	0	0	0	0	0	0
91.6	0	0	0	0	0	0	0	0	0	0	0	0	0	0	0	0	0	0
91.7	0	0	0	0	0	0	0	0	0	0	0	0	0	0	0	0	0	0
91.8	0	0	0	0	0	0	0	0	0	0	0	0	0	0	0	0	0	0
91.9	0	0	0	0	0	0	0	0	0	0	0	0	0	0	0	0	0	0
92	0	0	0	0	0	0	0	0	0	0	0	0	0	0	0	0	0	0
92.1	0	0	0	0	0	0	0	0	0	0	0	0	0	0	0	0	0	0
92.2	0	0	0	0	0	0	0	0	0	0	0	0	0	0	0	0	0	0
92.3	0	0	0	0	0	0	0	0	0	0	0	0	0	0	0	0	0	0
92.4	0	0	0	0	0	0	0	0	0	0	0	0	0	0	0	0	0	0
92.5	0	0	0	0	0	0	0	0	0	0	0	0	0	0	0	0	0	0
92.6	0	0	0	0	0	0	0	0	0	0	0	0	0	0	0	0	0	0
92.7	0	0	0	0	0	0	0	0	0	0	0	0	0	0	0	0	0	0
92.8	0	0	0	0	0	0	0	0	0	0	0	0	0	0	0	0	0	0
92.9	0	0	0	0	0	0	0	0	0	0	0	0	0	0	0	0	0	0
93	0	0	0	0	0	0	0	0	0	0	0	0	0	0	0	0	0	0
93.1	0	0	0	0	0	0	0	0	0	0	0	0	0	0	0	0	0	0
93.2	0	0	0	0	0	0	0	0	0	0	0	0	0	0	0	0	0	0
93.3	0	0	0	0	0	0	0	0	0	0	0	0	0	0	0	0	0	0
93.4	0	0	0	0	0	0	0	0	0	0	0	0	0	0	0	0	0	0
93.5	0	0	0	0	0	0	0	0	0	0	0	0	0	0	0	0	0	0
93.6	0	0	0	0	0	0	0	0	0	0	0	0	0	0	0	0	0	0
93.7	0	0	0	0	0	0	0	0	0	0	0	0	0	0	0	0	0	0
93.8	0	0	0	0	0	0	0	0	0	0	0	0	0	0	0	0	0	0
93.9	0	0	0	0	0	0	0	0	0	0	0	0	0	0	0	0	0	0
94	0	0	0	0	0	0	0	0	0	0	0	0	0	0	0	0	0	0
94.1	0	0	0	0	0	0	0	0	0	0	0	0	0	0	0	0	0	0
94.2	0	0	0	0	0	0	0	0	0	0	0	0	0	0	0	0	0	0
94.3	0	0	0	0	0	0	0	0	0	0	0	0	0	0	0	0	0	0
94.4	0	0	0	0	0	0	0	0	0	0	0	0	0	0	0	0	0	0
94.5	0	0	0	0	0	0	0	0	0	0	0	0	0	0	0	0	0	0
94.6	0	0	0	0	0	0	0	0	0	0	0	0	0	0	0	0	0	0
94.7	0	0	0	0	0	0	0	0	0	0	0	0	0	0	0	0	0	0
94.8	0	0	0	0	0	0	0	0	0	0	0	0	0	0	0	0	0	0
94.9	0	0	0	0	0	0	0	0	0	0	0	0	0	0	0	0	0	0
95	0	0	0	0	0	0	0	0	0	0	0	0	0	0	0	0	0	0
95.1	0	0	0	0	0	0	0	0	0	0	0	0	0	0	0	0	0	0
95.2	0	0	0	0	0	0	0	0	0	0	0	0	0	0	0	0	0	0
95.3	0	0	0	0	0	0	0	0	0	0	0	0	0	0	0	0	0	0
95.4	0	0	0	0	0	0	0	0	0	0	0	0	0	0	0	0	0	0
95.5	0	0	0	0	0	0	0	0	0	0	0	0	0	0	0	0	0	0
95.6	0	0	0	0	0	0	0	0	0	0	0	0	0	0	0	0	0	0
95.7	0	0	0	0	0	0	0	0	0	0	0	0	0	0	0	0	0	0
95.8	0	0	0	0	0	0	0	0	0	0	0	0	0	0	0	0	0	0
95.9	0	0	0	0	0	0	0	0	0	0	0	0	0	0	0	0	0	0
96	0	0	0	0	0	0	0	0	0	0	0	0	0	0	0	0	0	0
96.1	0	0	0	0	0	0	0	0	0	0	0	0	0	0	0	0	0	0
96.2	0	0	0	0	0	0	0	0	0	0	0	0	0	0	0	0	0	0
96.3	0	0	0	0	0	0	0	0	0	0	0	0	0	0	0	0	0	0
96.4	0	0	0	0	0	0	0	0	0	0	0	0	0	0	0	0	0	0
96.5	0	0	0	0	0	0	0	0	0	0	0	0	0	0	0	0	0	0
96.6	0	0	0	0	0	0	0	0	0	0	0	0	0	0	0	0	0	0
96.7	0	0	0	0	0	0	0	0	0	0	0	0	0	0	0	0	0	0
96.8	0	0	0	0	0	0	0	0	0	0	0	0	0	0	0	0	0	0
96.9	0	0	0	0	0	0	0	0	0	0	0	0	0	0	0	0	0	0
97	0	0	0	0	0	0	0	0	0	0	0	0	0	0	0	0	0	0
97.1	0	0	0	0	0	0	0	0	0	0	0	0	0	0	0	0	0	0
97.2	0	0	0	0	0	0	0	0	0	0	0	0	0	0	0	0	0	0
97.3	0	0	0	0	0	0	0	0	0	0	0	0	0	0	0	0	0	0
97.4	0	0	0	0	0	0	0	0	0	0	0	0	0	0	0	0	0	0
97.5	0	0	0	0	0	0	0	0	0	0	0	0	0	0	0	0	0	0
97.6	0	0	0	0	0	0	0	0	0	0	0	0	0	0	0	0	0	0
97.7	0	0	0	0	0	0	0	0	0	0	0	0	0	0	0	0	0	0
97.8	0	0	0	0	0	0	0	0	0	0	0	0	0	0	0	0	0	0
97.9	0	0	0	0	0	0	0	0	0	0	0	0	0	0	0	0	0	0
98	0	0	0	0	0	0	0	0	0	0	0	0	0	0	0	0	0	0
98.1	0	0	0	0	0	0	0	0	0	0	0	0	0	0	0	0	0	0
98.2	0	0	0	0	0	0	0	0	0	0	0	0	0	0	0	0	0	0
98.3	0	0	0	0	0	0	0	0	0	0	0	0	0	0	0	0	0	0
98.4	0	0	0	0	0	0	0	0	0	0	0	0	0	0	0	0	0	0
98.5	0	0	0	0	0	0	0	0	0	0	0	0	0	0	0	0	0	0
98.6	0	0	0	0	0	0	0	0	0	0	0	0	0	0	0	0	0	0
98.7	0	0	0	0	0	0	0	0	0	0	0	0	0	0	0	0	0	0
98.8	0	0	0	0	0	0	0	0	0	0	0	0	0	0	0	0	0	0
98.9	0	0	0	0	0	0	0	0	0	0	0	0	0	0	0	0	0	0
99	0	0	0	0	0	0	0	0	0	0	0	0	0	0	0	0	0	0
99.1	0	0	0	0	0	0	0	0	0	0	0	0	0	0	0	0	0	0
99.2	0	0	0	0	0	0	0	0	0	0	0	0	0	0	0	0	0	0
99.3	0	0	0	0	0	0	0	0	0	0	0	0	0	0	0	0	0	0
99.4	0	0	0	0	0	0	0	0	0	0	0	0	0	0	0	0	0	0
99.5	0	0	0	0	0	0	0	0	0	0	0	0	0	0	0	0	0	0
99.6	0	0	0	0	0	0	0	0	0	0	0	0	0	0	0	0	0	0
99.7	0	0	0	0	0	0	0	0	0	0	0	0	0	0	0	0	0	0
99.8	0	0	0	0	0	0	0	0	0	0	0	0	0	0	0	0	0	0
99.9	0	0	0	0	0	0	0	0	0	0	0	0	0	0	0	0	0	0
100	0	0	0	0	0	0	0	0	0	0	0	0	0	0	0	0	0	0
100.1	0	0	0	0	0	0	0	0	0	0	0	0	0	0	0	0.1688245	1.788245	5.475911
100.2	0	0	0	0	0	0	0	0	0	0	0	0	0	0.297649	2.541192	7.259454	17.88245	51.73792
100.3	0	0	0	0	0	0	0	0	0	0	0	0.1288245	0.555298	2.678841	8.258874	29.88194	61.69445	154.2696
100.4	0	0	0	0	0	0	0	0	0	0	0.1188245	0.3864735	2.637666	8.482997	24.30015	65.16626	140.0196	291.545
100.5	0	0	0	0	0	0	0	0	0.09882451	0	0.1188245	1.15942	5.691805	18.60306	53.84151	125.6054	243.0225	433.9187
100.6	0	0	0	0	0	0	0	0.177649	0.197649	0.1088245	0.3564735	2.962964	9.995364	33.03904	88.94173	201.07	354.7878	579.5024
100.7	0	0	0	0	0	0	0	0.177649	0.197649	0.3264735	1.782368	7.085348	17.49189	55.66037	136.4303	284.4693	467.6261	712.6237
100.8	0	0	0	0	0	0	0	0.177649	0.197649	0.5441225	2.732964	11.07891	28.3202	84.38349	192.4953	375.4657	579.3914	832.1496
100.9	0	0	0	0	0	0	0	0.177649	0.395298	0.8705961	4.634156	16.48954	41.3697	120.5479	254.7545	466.4621	683.1096	934.1148
101	0	0	0	0	0	0	0	0.2664735	0.592947	1.305894	7.723593	24.34783	58.44512	160.7305	324.002	558.3026	783.0725	1029.282
101.1	0	0	0	0	0	0	0	0.2664735	0.8894206	2.285315	11.28833	34.91144	82.1841	209.2473	395.9495	644.0655	869.2659	1119.918
101.2	0	0	0	0	0.05882451	0	0.07882451	0.532947	1.284719	3.482384	16.04131	46.37682	111.0596	252.8528	472.1852	726.1142	947.5911	1196.581
101.3	0	0	0	0	0.05882451	0	0.07882451	0.6217715	1.680017	4.570629	19.13074	58.3575	141.0457	302.1137	541.9092	801.9164	1022.161	1267.201
101.4	0	0	0	0	0.05882451	0	0.07882451	0.710596	1.778841	5.985348	25.42844	73.30114	173.3918	350.0352	610.9979	870.4592	1087.074	1324.226
101.5	0	0	0	0	0.05882451	0.06882451	0.07882451	0.888245	2.174139	8.70596	30.89437	88.11596	210.1803	401.6773	677.3865	937.6513	1147.338	1375.02
101.6	0	0	0	0	0.05882451	0.06882451	0.07882451	1.065894	3.360033	12.29717	39.44974	104.7343	246.2747	450.9383	731.5457	997.2463	1209.032	1424.114
101.7	0	0	0	0	0.05882451	0.06882451	0.157649	1.154719	3.557682	16.21485	48.0051	124.1868	283.202	504.5151	790.1519	1053.296	1260.176	1463.579
101.8	0	0	0	0	0.05882451	0.06882451	0.3941225	1.243543	4.545927	19.15311	59.76873	147.8905	317.9081	561.6637	846.5346	1103.775	1301.842	1494.357
101.9	0	0	0	0	0.05882451	0.06882451	0.5517715	1.510017	5.731822	22.96197	69.03704	167.9872	360.2496	610.7758	897.3585	1152.734	1341.72	1525.702
102	0	0	0	0.0488245	0.05882451	0.137649	0.630596	1.865315	7.01654	27.31495	80.68184	192.5926	402.1746	659.5902	943.7352	1196.29	1374.624	1555.159
102.1	0	0	0	0.0488245	0.05882451	0.137649	0.7882451	2.75356	8.103609	31.77676	94.5843	222.0934	440.3513	705.7258	984.8708	1231.068	1406.991	1579.139
102.2	0	0	0	0.0488245	0.05882451	0.137649	0.7882451	3.286507	9.190679	35.15031	106.9421	246.3125	482.1375	751.2661	1021.718	1261.794	1434.888	1601.043
102.3	0	0	0	0.0488245	0.05882451	0.137649	0.9458941	3.730629	10.96952	41.02684	120.9633	273.4944	520.4531	796.6576	1060.789	1290.663	1456.347	1620.492
102.4	0	0	0	0.0488245	0.05882451	0.137649	1.024719	4.441225	12.64954	49.07985	135.8164	301.0629	557.9357	833.566	1101.607	1318.013	1478.7	1639.563
102.5	0	0	0	0.0488245	0.05882451	0.137649	1.182368	5.062997	14.32955	55.0652	150.7883	329.2754	595.6959	871.0698	1131.466	1342.155	1496.761	1655.236
102.6	0	0	0	0.0488245	0.05882451	0.137649	1.261192	5.862417	17.29429	64.20646	168.9684	357.2303	628.0421	906.3412	1159.737	1365.79	1514.286	1668.076
102.7	0	0	0	0.0488245	0.05882451	0.275298	1.497666	6.661838	20.06137	73.23889	183.5839	383.6394	664.1364	942.3568	1190.39	1386.556	1529.665	1677.706
102.8	0	0	0	0.09764901	0.05882451	0.275298	1.734139	7.10596	22.92729	80.20366	198.7934	412.8825	699.9532	976.2888	1212.625	1406.983	1548.084	1686.203
102.9	0	0	0	0.09764901	0.05882451	0.275298	1.734139	7.905381	26.78144	87.9302	217.4489	438.7763	729.384	1005.607	1233.59	1425.216	1561.138	1697.344
103	0	0	0	0.09764901	0.05882451	0.275298	1.812964	8.793626	30.04265	96.41851	233.7278	466.7312	759.7865	1032.396	1254.714	1440.917	1570.079	1706.218
103.1	0	0	0	0.09764901	0.05882451	0.3441225	1.970613	9.85952	34.19328	105.4509	252.3833	494.4285	789.9114	1060.226	1274.567	1452.904	1580.987	1715.093
103.2	0	0	0	0.09764901	0.117649	0.412947	2.207086	11.10306	37.94861	114.4834	271.2763	520.5798	815.594	1085.526	1289.814	1462.696	1589.213	1721.702
103.3	0	0	0	0.09764901	0.117649	0.4817715	2.44356	12.25778	42.39571	124.9305	290.7635	545.3141	840.0271	1107.105	1306.332	1469.111	1597.976	1725.478
103.4	0	0	0	0.09764901	0.117649	0.4817715	2.995331	13.85662	47.04047	136.6836	307.6367	570.8214	868.6249	1129.28	1321.579	1479.072	1603.519	1729.066
103.5	0	0	0	0.09764901	0.117649	0.4817715	3.389454	15.27781	51.78404	146.2601	326.1733	595.298	895.8345	1148.776	1334.602	1489.201	1610.315	1730.577
103.6	0	0	0	0.09764901	0.117649	0.6194205	3.704752	16.78783	56.32997	159.1014	345.1852	615.7811	921.7947	1170.058	1344.608	1497.473	1617.11	1734.542
103.7	0	0	0	0.09764901	0.117649	0.6882451	4.098874	18.56432	61.37002	171.7251	362.89	640.9019	942.2019	1188.066	1355.726	1506.252	1623.369	1736.808
103.8	0	0	0	0.09764901	0.117649	0.8258941	4.414172	20.34081	67.10184	182.4987	384.9914	662.4156	959.8326	1203.097	1365.891	1512.33	1627.482	1739.451
103.9	0	0	0	0.09764901	0.117649	0.7570696	4.808295	22.4726	72.33954	193.2723	403.2904	681.8681	977.3245	1215.896	1375.261	1516.551	1629.985	1741.906
104	0	0	0	0.09764901	0.117649	0.7570696	5.044768	23.89379	77.37959	204.8077	421.2329	704.7989	995.6494	1227.058	1382.885	1521.615	1632.489	1743.039
104.1	0	0	0	0.09764901	0.117649	0.8258941	5.59654	26.38088	83.40788	215.4725	440.3636	726.699	1013.002	1241.196	1390.667	1526.005	1635.171	1744.927
104.2	0	0	0	0.09764901	0.117649	0.8258941	6.227136	28.95679	88.44793	227.4432	459.2567	745.6362	1026.885	1251.168	1397.656	1530.394	1639.284	1747.004
104.3	0	0	0	0.09764901	0.117649	0.8258941	6.857732	31.62152	94.17976	237.1286	475.8922	767.7941	1042.156	1262.925	1402.579	1535.121	1639.463	1750.214
104.4	0	0	0	0.09764901	0.1764735	0.8258941	7.567153	34.19743	100.3069	250.7317	494.7852	787.2466	1057.149	1272.747	1407.979	1539.848	1640.715	1750.214
104.5	0	0	0	0.09764901	0.1764735	0.9635431	8.040099	36.68452	107.6199	264.5524	514.0348	806.5703	1069.226	1281.379	1413.697	1544.744	1641.43	1749.837
104.6	0	0	0	0.09764901	0.235298	1.101192	8.670695	38.99396	113.8458	276.6319	530.6702	825.3786	1085.052	1288.82	1419.097	1545.588	1642.682	1750.403
104.7	0	0	0	0.09764901	0.235298	1.170017	9.853064	41.56987	120.2694	289.3643	545.7609	842.2546	1100.045	1295.517	1422.432	1547.614	1645.722	1752.48
104.8	0	0	0	0.09764901	0.235298	1.170017	10.40483	43.70166	126.0012	302.3145	564.4164	861.9648	1113.373	1302.363	1427.197	1549.64	1648.047	1754.369
104.9	0	0	0	0.09764901	0.235298	1.307666	10.79896	45.83345	131.9307	314.7205	582.8342	878.5831	1126.006	1307.721	1429.421	1550.653	1649.835	1755.69
105	0	0	0	0.09764901	0.235298	1.582964	11.19308	48.85348	139.2437	327.8882	598.7567	893.3979	1137.667	1310.251	1432.915	1550.991	1650.014	1755.879
105.1	0	0	0	0.09764901	0.2941225	1.720613	12.06015	51.78469	145.3708	341.9266	616.105	908.0839	1150.716	1317.097	1436.885	1552.172	1649.12	1755.501
105.2	0	0	0	0.09764901	0.2941225	1.789437	12.5331	55.51532	153.2768	355.0944	632.6216	919.5493	1161.128	1321.562	1438.156	1553.692	1651.623	1756.068
105.3	0	0	0	0.09764901	0.2941225	1.858262	13.16369	57.11416	159.2063	368.3709	648.3065	930.6282	1169.735	1326.175	1441.65	1554.705	1651.087	1756.446
105.4	0	0	0	0.09764901	0.352947	2.064735	13.87311	60.40067	166.7169	379.5799	664.1102	941.3207	1176.815	1329.449	1442.603	1557.912	1652.875	1756.446
105.5	0	0	0	0.09764901	0.470596	2.064735	14.81901	63.4207	173.7335	392.3123	677.8938	952.6572	1184.451	1331.533	1445.462	1557.912	1654.663	1754.935
105.6	0	0	0	0.09764901	0.470596	2.340033	15.29195	66.79603	182.7265	403.5213	692.6281	965.5397	1190.42	1334.658	1448.797	1559.094	1656.63	1753.991
105.7	0	0	0	0.09764901	0.470596	2.477682	16.15902	69.28311	190.1384	419.0832	707.7188	974.1709	1195.695	1336.444	1450.544	1560.445	1657.345	1756.068
105.8	0	0	0	0.09764901	0.470596	2.546507	16.71079	72.30315	196.3643	433.7745	721.8589	985.6363	1201.526	1337.932	1449.115	1563.146	1658.776	1755.879
105.9	0	0	0	0.09764901	0.470596	2.821805	17.57787	74.70141	204.1714	446.0717	736.3555	996.3287	1207.496	1342.099	1448.956	1562.808	1657.882	1757.578
106	0	0	0	0.09764901	0.470596	3.028278	18.36611	77.63261	213.4609	460.2188	749.0697	1004.316	1213.049	1345.076	1452.768	1564.328	1658.597	1757.767
106.1	0	0	0	0.09764901	0.470596	3.165927	19.23318	82.87326	220.8728	471.1013	760.2392	1011.144	1216.797	1346.862	1455.309	1565.172	1660.207	1756.823
106.2	0	0	0	0.09764901	0.470596	3.234752	19.70613	86.60389	227.3952	483.072	773.191	1020.805	1221.239	1349.094	1456.421	1564.328	1660.743	1755.69
106.3	0	0	0	0.09764901	0.470596	3.441225	20.96732	89.26863	236.2894	494.825	785.1923	1029.05	1225.82	1350.434	1457.056	1564.328	1661.28	1754.369
106.4	0	0	0	0.09764901	0.470596	3.51005	21.91321	92.46631	243.8	509.2987	797.4313	1038.97	1231.096	1353.261	1458.485	1564.834	1661.995	1755.69
106.5	0	0	0	0.09764901	0.470596	3.647699	22.70146	96.19694	251.1131	520.3988	807.1749	1044.38	1234.705	1354.601	1460.55	1562.471	1662.889	1756.823
106.6	0	0	0	0.09764901	0.470596	3.991821	23.4897	99.39462	259.612	530.9548	817.7502	1051.852	1238.453	1357.726	1461.503	1562.133	1660.743	1757.767
106.7	0	0	0	0.09764901	0.470596	4.267119	24.51442	101.4376	266.332	541.8372	826.7809	1057.392	1240.952	1358.917	1463.409	1561.12	1660.385	1755.69
106.8	0	0	0	0.09764901	0.470596	4.542418	25.22384	105.4347	274.3368	552.0667	840.0892	1064.606	1243.868	1359.809	1463.727	1560.107	1659.491	1756.634
106.9	0	0	0	0.09764901	0.470596	4.680067	26.56386	109.4318	281.1557	563.3845	849.0011	1071.047	1246.228	1361.744	1463.568	1560.445	1660.028	1755.124
107	0	0	0	0.09764901	0.470596	4.817715	28.06152	113.1624	288.0734	574.2669	860.0518	1075.942	1249.143	1360.554	1463.568	1561.458	1658.24	1756.257
107.1	0	0	0	0.09764901	0.470596	4.88654	28.92859	115.7383	296.4735	583.1906	865.28	1081.739	1251.642	1361.447	1465.156	1561.12	1659.313	1754.557
107.2	0	0	0	0.09764901	0.470596	5.024189	29.79566	119.3801	304.3795	593.7465	873.3601	1087.15	1252.336	1361.893	1465.474	1561.796	1659.67	1755.69
107.3	0	0	0	0.09764901	0.5294206	5.161838	30.89921	122.8443	312.7796	603.5407	880.8461	1092.561	1252.475	1361.595	1464.362	1562.302	1660.922	1755.501
107.4	0	0	0	0.09764901	0.5294206	5.368311	31.8451	126.6637	320.389	614.7496	890.7085	1097.198	1254.279	1363.232	1462.456	1560.783	1661.995	1756.446
107.5	0	0	0	0.09764901	0.5294206	5.574785	32.4757	130.3944	327.0103	623.782	899.7391	1099.26	1255.668	1364.721	1463.25	1559.938	1662.353	1757.39
107.6	0	0	0	0.09764901	0.5294206	5.781259	34.05219	134.6579	335.2127	632.2704	908.5322	1101.836	1255.668	1364.87	1463.568	1562.133	1661.816	1757.201
107.7	0	0	0	0.09764901	0.5294206	6.056557	34.76161	140.8757	342.2292	641.4116	915.8993	1105.443	1257.611	1364.721	1462.774	1560.614	1661.101	1757.201
107.8	0	0	0	0.09764901	0.5294206	6.331854	36.49575	144.6951	350.0364	650.4441	922.197	1108.148	1258.583	1364.423	1464.521	1560.445	1659.67	1756.068
107.9	0	0	0	0.09764901	0.5294206	6.538328	37.28399	148.9587	357.3494	658.9324	930.3959	1110.983	1260.388	1364.125	1462.456	1560.951	1658.597	1754.557
108	0	0	0	0.09764901	0.5294206	6.744802	37.91459	152.9558	365.1566	668.2913	938.5948	1115.234	1262.331	1365.465	1462.615	1558.757	1658.955	1755.501
108.1	0	0	0	0.09764901	0.5294206	7.088924	39.5699	156.5976	373.359	679.5002	943.7042	1119.356	1263.719	1365.167	1462.774	1560.445	1658.955	1756.634
108.2	0	0	0	0.09764901	0.5294206	7.501871	40.83109	160.5947	380.4743	688.315	950.1207	1121.546	1264.275	1366.953	1461.344	1560.445	1659.491	1755.69
108.3	0	0	0	0.09764901	0.5294206	7.777169	42.56523	163.7924	386.6015	696.9121	955.7055	1123.865	1265.108	1367.548	1462.456	1560.445	1657.524	1755.501
108.4	0	0	0	0.09764901	0.5294206	7.777169	43.4323	166.7236	394.6063	703.5504	961.4091	1126.828	1265.385	1367.697	1463.091	1559.938	1657.703	1755.313
108.5	0	0	0	0.09764901	0.5294206	7.845994	44.85114	170.1878	402.1169	710.1887	965.8056	1130.95	1265.385	1366.953	1462.932	1559.938	1660.207	1753.613
108.6	0	0	0	0.09764901	0.5294206	7.914818	46.26999	173.4743	406.4652	718.5682	969.2515	1131.594	1266.912	1366.655	1462.774	1560.445	1662.531	1754.746
108.7	0	0	0	0.1464735	0.5294206	8.327765	47.68883	177.4714	412.2958	724.5535	975.4304	1133.14	1266.496	1366.209	1463.727	1561.627	1661.816	1756.257
108.8	0	0	0	0.1464735	0.5294206	8.534239	48.87119	180.7579	419.4112	732.8242	980.0645	1135.974	1265.802	1367.548	1461.662	1561.964	1660.385	1756.446
108.9	0	0	0	0.1464735	0.5294206	8.740712	49.65944	185.4656	427.3172	739.6802	984.2234	1136.876	1266.912	1367.697	1461.662	1561.627	1659.491	1757.39
109	0	0	0	0.1464735	0.5294206	8.878361	51.31475	189.285	433.8396	747.189	987.5505	1138.036	1268.717	1370.078	1462.138	1563.146	1658.24	1756.823
109.1	0	0	0	0.1464735	0.5294206	9.291308	52.97007	194.5257	439.5714	754.5891	992.5411	1140.097	1268.439	1371.864	1460.868	1561.796	1657.524	1756.257
109.2	0	0	0	0.1464735	0.5294206	9.291308	54.70421	199.3222	446.1927	759.2686	997.0564	1139.839	1270.105	1372.311	1460.868	1561.458	1657.345	1757.767
109.3	0	0	0	0.1464735	0.5294206	9.497782	56.12305	202.7863	452.8139	765.5804	1001.215	1141.256	1269.689	1370.674	1462.456	1560.951	1655.736	1755.124
109.4	0	0	0	0.1464735	0.5294206	9.497782	57.38424	207.1387	457.4586	772.001	1004.661	1142.545	1269.828	1370.971	1460.868	1560.276	1655.2	1755.879
109.5	0	0	0	0.1464735	0.5294206	9.77308	58.17249	211.047	464.2775	779.8364	1006.562	1144.09	1269.967	1369.93	1461.503	1560.107	1654.127	1756.634
109.6	0	0	0	0.1464735	0.470596	9.979553	59.11838	214.6888	470.9976	785.9306	1009.295	1145.507	1269.411	1368.888	1461.344	1559.432	1654.484	1756.446
109.7	0	0	0	0.1464735	0.470596	10.04838	60.22192	218.8636	478.8047	791.263	1013.811	1146.409	1268.856	1368.441	1462.774	1559.77	1656.094	1755.501
109.8	0	0	0	0.1464735	0.470596	10.25485	61.56194	222.1501	487.0072	795.5071	1015.831	1148.213	1268.717	1368.292	1464.997	1559.601	1655.736	1753.991
109.9	0	0	0	0.1464735	0.5294206	10.32368	62.82313	226.3248	495.012	803.6689	1018.088	1149.372	1269.411	1367.251	1464.203	1561.627	1655.557	1753.991
110	0	0	0	0.1464735	0.5294206	10.59897	64.32079	230.3219	500.8426	809.1102	1019.514	1151.176	1269.55	1366.953	1464.68	1560.614	1655.557	1753.424
110.1	0	0	0	0.1464735	0.5294206	10.59897	65.42434	233.9637	506.5744	814.769	1022.366	1149.115	1268.162	1367.548	1464.997	1557.912	1655.736	1751.158
110.2	0	0	0	0.1464735	0.5294206	10.9431	66.52789	238.3161	512.0098	820.1015	1023.792	1149.63	1268.717	1366.804	1465.791	1555.887	1656.63	1752.858
110.3	0	0	0	0.1464735	0.5294206	11.35604	67.8679	243.0238	517.6428	824.6721	1027.357	1150.403	1269.134	1365.614	1464.997	1557.744	1655.2	1751.536
110.4	0	0	0	0.1464735	0.588245	11.42487	69.20792	246.7545	523.6711	829.3516	1029.139	1151.82	1268.717	1364.87	1464.521	1558.081	1653.411	1749.081
110.5	0	0	0	0.1464735	0.588245	11.83782	70.31146	251.9063	529.7982	834.3575	1031.991	1151.305	1268.578	1364.423	1464.838	1558.25	1653.054	1747.004
110.6	0	0	0	0.1464735	0.6470696	11.76899	71.17853	255.1928	534.7394	837.4045	1032.585	1151.562	1268.439	1365.018	1465.315	1556.055	1654.484	1748.326
110.7	0	0	0	0.1464735	0.6470696	11.97546	72.36089	258.4793	539.483	843.4987	1033.179	1151.691	1269.55	1365.018	1464.68	1555.38	1653.948	1749.27
110.8	0	0	0	0.1464735	0.6470696	12.18194	74.25269	261.9435	544.0289	847.7429	1034.605	1152.335	1270.661	1365.614	1465.95	1556.224	1653.948	1748.893
110.9	0	0	0	0.1464735	0.7647186	12.18194	76.2233	265.6741	550.2548	851.2253	1035.199	1154.01	1270.383	1364.125	1463.568	1555.549	1654.127	1748.326
111	0	0	0	0.1464735	0.7647186	12.52606	77.24802	269.4936	556.6785	854.9253	1036.269	1153.366	1270.383	1364.572	1463.568	1557.237	1654.484	1747.948
111.1	0	0	0	0.1464735	0.7647186	12.73253	78.50921	274.1124	561.2244	859.8224	1038.17	1152.464	1272.604	1364.572	1464.521	1556.731	1653.59	1748.137
111.2	0	0	0	0.1464735	0.7647186	13.00783	79.61275	277.6654	567.3515	864.6107	1040.19	1153.237	1273.854	1365.465	1465.633	1556.055	1654.306	1746.627
111.3	0	0	0	0.1464735	0.7647186	13.14548	81.34689	282.9949	571.6998	868.4196	1040.665	1153.366	1273.16	1365.316	1463.568	1555.718	1655.021	1745.871
111.4	0	0	0	0.1464735	0.7647186	13.28313	82.6869	286.7255	576.5422	871.9019	1042.447	1153.881	1273.576	1365.018	1462.932	1554.536	1655.915	1745.682
111.5	0	0	0	0.1464735	0.8235431	13.55843	83.9481	290.545	582.0764	875.4932	1042.329	1154.268	1273.021	1364.572	1464.521	1552.679	1655.557	1746.627
111.6	0	0	0	0.1464735	0.8235431	13.62725	85.76106	292.7656	588.2034	878.2137	1043.279	1155.942	1273.021	1364.572	1465.315	1552.679	1654.484	1746.627
111.7	0	0	0	0.1464735	0.8235431	13.7649	87.25873	295.3415	591.9588	883.3285	1044.111	1154.783	1273.021	1365.316	1465.474	1550.653	1654.842	1746.06
111.8	0	0	0	0.1464735	0.8823676	13.97137	88.83522	299.7827	596.9	885.1785	1043.873	1156.586	1272.604	1364.274	1466.744	1551.328	1653.411	1745.494
111.9	0	0	0	0.1464735	0.8823676	14.17785	90.33289	303.7798	600.5565	888.8785	1045.537	1158.004	1272.743	1365.018	1464.838	1550.822	1653.769	1743.983
112	0	0	0	0.1464735	0.9411921	14.45315	90.96348	308.4875	604.9048	891.0551	1046.25	1159.807	1271.077	1364.572	1464.203	1553.017	1654.306	1745.116
112.1	0	0	0	0.1464735	0.9411921	14.72844	92.69762	311.5964	608.0672	895.0815	1048.864	1161.353	1270.105	1366.358	1463.885	1553.861	1652.517	1744.55
112.2	0	0	0	0.1464735	0.9411921	14.86609	93.64351	314.8829	613.0084	896.6051	1050.527	1160.322	1269.55	1365.316	1463.568	1553.185	1651.444	1745.871
112.3	0	0	0	0.1464735	1.000017	15.21022	95.06236	318.5247	618.8391	897.4757	1052.31	1161.739	1269.828	1366.804	1461.821	1554.03	1648.762	1745.682
112.4	0	0	0	0.1464735	1.000017	15.34787	96.71767	320.7453	623.8791	900.0875	1053.736	1162.77	1268.995	1366.953	1461.662	1554.03	1646.974	1746.627
112.5	0	0	0	0.1464735	1.000017	15.48551	98.29416	325.0089	627.338	902.6993	1053.736	1164.187	1270.244	1366.804	1463.409	1551.497	1646.974	1747.571
112.6	0	0	0	0.1464735	1.000017	15.55434	99.24005	328.2954	632.6745	905.4199	1055.756	1164.702	1270.522	1366.507	1461.98	1551.328	1647.689	1745.494
112.7	0	0	0	0.1464735	0.9411921	15.62316	100.5801	331.3154	635.4416	908.1405	1056.706	1164.831	1270.105	1367.102	1460.391	1551.835	1649.477	1745.682
112.8	0	0	0	0.1464735	1.000017	15.96729	101.7624	334.3354	640.9758	911.1876	1058.489	1164.187	1270.661	1366.06	1460.391	1552.341	1650.193	1746.06
112.9	0	0	0	0.1464735	1.058841	16.10493	103.1813	337.8884	644.0393	913.5817	1058.37	1161.739	1267.745	1366.06	1458.803	1552.848	1649.835	1747.004
113	0	0	0	0.1464735	1.117666	16.24258	104.6001	340.8196	647.004	915.6494	1059.202	1160.451	1266.218	1365.911	1458.644	1552.848	1648.941	1747.382
113.1	0	0	0	0.1464735	1.117666	16.31141	105.546	344.3726	650.8582	917.2817	1060.033	1160.838	1266.218	1365.762	1456.897	1554.198	1649.298	1745.871
113.2	0	0	0	0.1464735	1.058841	16.51788	106.5707	348.5474	654.2182	919.0229	1060.984	1158.905	1267.051	1366.953	1457.691	1554.03	1650.371	1745.494
113.3	0	0	0	0.1464735	1.058841	16.79318	107.7531	353.4327	658.27	921.4171	1061.34	1160.709	1265.802	1366.209	1458.644	1554.536	1648.404	1743.794
113.4	0	0	0	0.1464735	1.117666	16.862	109.1719	357.2522	662.6183	922.3965	1061.34	1160.193	1266.357	1366.507	1458.327	1554.705	1647.152	1743.417
113.5	0	0	0	0.1464735	1.235315	17.06848	110.512	359.8281	666.176	925.0083	1061.459	1159.807	1265.941	1366.06	1458.485	1554.874	1646.437	1744.361
113.6	0	0	0	0.1464735	1.235315	17.27495	111.4578	364.6246	668.5478	926.3142	1061.697	1160.065	1265.385	1366.804	1458.327	1553.017	1646.258	1743.794
113.7	0	0	0	0.195298	1.235315	17.48142	112.9555	367.2893	672.8961	928.5995	1062.529	1160.193	1265.108	1367.102	1457.691	1551.16	1645.364	1741.34
113.8	0	0	0	0.195298	1.235315	17.34377	113.5073	369.7764	675.762	929.2524	1061.935	1159.034	1265.663	1366.953	1457.374	1553.017	1647.51	1741.528
113.9	0	0	0	0.195298	1.235315	17.6879	114.6108	371.9082	679.9126	930.0142	1063.836	1158.004	1265.941	1367.251	1457.532	1553.523	1648.941	1740.773
114	0	0	0	0.195298	1.235315	17.75672	115.7144	374.7506	683.075	931.2113	1064.311	1158.519	1265.524	1366.358	1456.897	1552.848	1649.298	1742.284
114.1	0	0	0	0.195298	1.235315	17.82555	117.7638	377.2377	687.1268	933.0613	1062.885	1158.776	1266.079	1365.911	1456.421	1552.679	1650.193	1740.773
114.2	0	0	0	0.195298	1.235315	18.10085	119.1038	381.2348	688.8068	935.129	1063.004	1156.973	1265.941	1364.87	1457.374	1554.536	1649.298	1740.018
114.3	0	0	0	0.195298	1.235315	18.30732	120.2074	385.5872	691.9692	936.2172	1063.242	1157.875	1266.774	1365.911	1458.803	1554.198	1648.583	1739.451
114.4	0	0	0	0.195298	1.294139	18.51379	121.5474	390.5613	695.2304	937.9584	1063.717	1159.678	1267.884	1364.721	1459.28	1553.861	1648.762	1740.962
114.5	0	0	0	0.195298	1.294139	18.65144	122.8874	393.759	698.2939	938.829	1064.43	1159.421	1268.162	1363.828	1460.709	1553.017	1648.225	1740.962
114.6	0	0	0	0.195298	1.235315	18.92674	123.7545	396.4238	701.9504	941.2231	1064.311	1160.065	1267.607	1364.721	1459.28	1552.679	1647.331	1740.584
114.7	0	0	0	0.195298	1.235315	19.20204	125.0945	398.9997	704.0258	943.182	1064.905	1159.678	1267.607	1363.828	1456.262	1552.848	1647.868	1740.962
114.8	0	0	0	0.195298	1.235315	19.40851	126.2769	402.5527	706.8917	944.379	1065.856	1161.353	1267.329	1363.53	1456.103	1550.484	1646.08	1742.284
114.9	0	0	0	0.195298	1.235315	19.82146	127.7745	406.3721	709.7576	945.4673	1067.044	1162.512	1268.301	1363.232	1455.627	1551.16	1645.364	1742.473
115	0	0	0	0.195298	1.294139	20.02793	129.1934	409.2145	711.6353	946.7732	1066.094	1161.353	1267.607	1361.595	1456.897	1552.51	1644.649	1742.473
115.1	0	0	0	0.195298	1.294139	20.23441	130.691	412.6786	715.3906	946.882	1065.38	1161.611	1267.19	1361.149	1456.897	1553.185	1643.576	1742.095
115.2	0	0	0	0.195298	1.294139	20.5097	131.7946	415.1657	717.96	948.5144	1065.737	1159.936	1266.912	1362.488	1455.15	1553.523	1643.04	1742.661
115.3	0	0	0	0.195298	1.294139	20.57853	134.0017	417.7416	721.4189	948.2968	1064.549	1158.648	1268.162	1362.488	1455.309	1550.822	1641.43	1740.018
115.4	0	0	0	0.1464735	1.294139	20.785	135.5782	420.1399	725.1742	948.8409	1065.143	1157.231	1268.162	1362.637	1454.515	1548.965	1643.04	1740.018
115.5	0	0	0	0.1464735	1.294139	20.85382	136.7605	422.8935	728.7319	951.0173	1065.143	1157.617	1267.468	1361.893	1454.833	1549.64	1643.934	1740.018
115.6	0	0	0	0.1464735	1.294139	21.12912	137.6276	425.7358	730.8072	950.7997	1065.618	1155.298	1268.023	1362.339	1455.944	1549.809	1643.576	1738.507
115.7	0	0	0	0.1464735	1.294139	21.26677	139.2041	427.6012	733.8708	950.4732	1066.806	1156.715	1268.439	1363.53	1457.691	1550.315	1645.007	1740.396
115.8	0	0	0	0.195298	1.294139	21.54207	140.5441	429.8218	736.7367	952.2144	1066.569	1156.458	1268.856	1362.786	1457.85	1550.315	1646.08	1740.584
115.9	0	0	0	0.195298	1.294139	21.81737	142.5147	432.8418	738.4167	952.4321	1066.806	1157.746	1270.244	1363.381	1457.215	1549.471	1645.543	1740.584
116	0	0	0	0.195298	1.294139	22.09267	143.5394	435.9507	740.492	952.2144	1067.638	1157.617	1270.244	1361.149	1456.262	1548.965	1644.113	1740.773
116.1	0	0	0	0.195298	1.352964	22.23032	144.3277	439.2372	743.7532	952.5409	1067.995	1156.844	1269.55	1360.554	1455.468	1548.29	1645.185	1740.207
116.2	0	0	0	0.195298	1.352964	22.29914	145.4312	442.4349	746.3227	953.4115	1067.757	1156.2	1269.828	1360.107	1453.88	1547.952	1643.934	1739.64
116.3	0	0	0	0.195298	1.411788	22.43679	146.2195	444.1225	748.5956	953.1938	1068.589	1155.942	1270.938	1360.256	1453.244	1546.264	1644.47	1740.396
116.4	0	0	0	0.195298	1.411788	22.43679	147.323	447.0537	749.6827	954.1733	1067.163	1156.2	1270.244	1360.702	1453.88	1544.238	1645.007	1740.207
116.5	0	0	0	0.195298	1.411788	22.84974	148.7418	449.1855	751.6592	955.1527	1067.995	1156.329	1269.828	1360.851	1454.038	1547.445	1645.901	1738.885
116.6	0	0	0	0.195298	1.411788	23.12503	150.476	452.5609	752.4498	955.6968	1067.401	1156.458	1270.522	1361.893	1454.197	1548.965	1646.616	1739.074
116.7	0	0	0	0.195298	1.411788	23.46916	151.5007	455.2256	753.5369	956.1321	1067.638	1156.844	1270.383	1361.447	1453.721	1547.952	1646.258	1739.263
116.8	0	0	0	0.195298	1.411788	23.8821	152.7619	457.4462	756.304	955.6968	1067.876	1158.004	1269.828	1361.893	1454.991	1548.458	1647.51	1737.185
116.9	0	0	0	0.195298	1.411788	24.01975	154.1807	460.9992	757.7863	956.785	1066.925	1158.004	1269.134	1363.977	1454.515	1547.783	1645.185	1736.619
117	0	0	0	0.195298	1.470613	24.4327	155.4419	462.5092	759.071	957.7645	1067.163	1157.617	1269.272	1364.721	1452.927	1548.965	1644.649	1737.374
117.1	0	0	0	0.1464735	1.411788	24.63917	156.6243	464.641	760.751	957.8733	1067.163	1158.132	1268.717	1365.316	1452.291	1550.147	1644.649	1738.507
117.2	0	0	0	0.1464735	1.411788	24.57035	157.2549	466.9504	762.3322	956.6762	1066.569	1157.875	1268.023	1365.167	1450.862	1548.29	1643.755	1736.808
117.3	0	0	0	0.1464735	1.411788	24.57035	158.9102	468.3716	765.6923	957.5468	1066.688	1157.488	1268.439	1365.465	1449.274	1548.121	1643.576	1737.374
117.4	0	0	0	0.1464735	1.470613	24.91447	159.8561	471.3028	767.1746	957.3292	1066.331	1156.071	1270.244	1364.572	1448.638	1547.108	1643.04	1736.997
117.5	0	0	0	0.1464735	1.411788	24.91447	160.802	474.767	770.337	957.6556	1067.519	1156.071	1270.105	1363.232	1447.685	1546.264	1642.503	1737.185
117.6	0	0	0	0.1464735	1.411788	25.05212	162.6938	477.4317	772.8076	959.5057	1066.45	1155.813	1270.105	1363.084	1449.75	1547.445	1641.073	1736.808
117.7	0	0	0	0.1464735	1.411788	25.18977	163.6397	480.0965	773.0053	960.4851	1065.499	1155.041	1268.301	1362.935	1449.591	1547.614	1641.967	1737.941
117.8	0	0	0	0.1464735	1.411788	25.25859	164.822	481.34	774.3889	961.2469	1065.262	1154.783	1269.55	1363.084	1449.591	1547.952	1641.967	1737.374
117.9	0	0	0	0.1464735	1.411788	25.74037	166.0044	484.6265	775.3771	961.3557	1065.024	1154.525	1269.411	1363.679	1448.956	1548.29	1639.821	1735.297
118	0	0	0	0.1464735	1.411788	25.80919	167.8962	486.0477	777.5512	962.1174	1064.192	1154.396	1268.717	1363.977	1449.432	1546.264	1637.675	1736.241
118.1	0	0	0	0.1464735	1.352964	25.80919	169.0786	488.2683	780.3183	963.0969	1063.955	1154.139	1267.884	1363.828	1447.526	1547.108	1637.317	1737.941
118.2	0	0	0	0.1464735	1.411788	26.01566	169.6303	491.0219	781.7018	962.7704	1065.38	1153.623	1267.745	1363.232	1447.526	1546.939	1635.708	1739.451
118.3	0	0	0	0.1464735	1.411788	26.29096	170.6551	493.5978	781.9983	961.8998	1063.479	1154.912	1267.607	1362.339	1446.574	1547.277	1636.065	1739.074
118.4	0	0	0	0.1464735	1.470613	26.49743	171.2856	496.6178	783.876	961.791	1064.192	1154.268	1268.717	1361.447	1445.779	1548.29	1637.854	1737.374
118.5	0	0	0	0.1464735	1.470613	26.84156	172.3104	498.1278	785.4572	961.4645	1064.549	1156.2	1267.607	1361.595	1445.303	1547.108	1637.675	1737.941
118.6	0	0	0	0.1464735	1.529437	27.18568	173.9657	500.4373	786.9395	961.8998	1064.43	1154.525	1267.329	1363.53	1443.556	1546.264	1637.138	1736.997
118.7	0	0	0	0.1464735	1.529437	27.32333	175.5422	503.3685	788.1254	962.6616	1063.955	1153.366	1267.468	1364.125	1445.144	1546.601	1635.529	1733.975
118.8	0	0	0	0.1464735	1.529437	27.5298	176.2516	505.8556	789.0148	962.5527	1063.717	1154.01	1266.496	1364.572	1446.732	1544.575	1635.529	1735.297
118.9	0	0	0	0.1464735	1.588262	27.73628	177.7493	509.5862	789.7066	961.8998	1063.836	1153.108	1266.496	1364.125	1446.415	1544.407	1637.317	1735.675
119	0	0	0	0.1464735	1.588262	27.73628	177.9069	512.6062	791.3867	961.791	1063.004	1152.078	1265.941	1363.828	1446.732	1544.913	1636.959	1734.731
119.1	0	0	0	0.1464735	1.588262	28.0804	179.7987	515.4486	792.5725	962.5527	1063.123	1151.949	1265.941	1362.488	1447.209	1546.264	1635.708	1732.654
119.2	0	0	0	0.1464735	1.588262	28.56217	180.5081	517.9357	794.2526	963.4233	1060.865	1153.237	1265.802	1361.149	1446.732	1546.264	1634.456	1731.143
119.3	0	0	0	0.1464735	1.647086	29.04394	182.0846	519.3569	795.7349	964.2939	1059.915	1153.623	1265.941	1362.191	1446.574	1546.095	1635.171	1730.954
119.4	0	0	0	0.1464735	1.647086	29.31924	182.8728	521.311	796.0314	963.7498	1061.103	1153.495	1265.941	1361.893	1446.574	1544.744	1637.317	1728.688
119.5	0	0	0	0.1464735	1.705911	29.59454	184.607	522.7322	796.0314	962.988	1060.628	1152.464	1265.802	1361	1446.097	1544.238	1639.821	1728.877
119.6	0	0	0	0.1464735	1.705911	29.73219	185.7105	525.1305	796.4267	963.4233	1061.222	1152.593	1265.941	1362.637	1446.732	1545.757	1639.105	1730.199
119.7	0	0	0	0.1464735	1.705911	30.14513	186.6564	525.7523	797.1185	962.6616	1062.529	1152.85	1264.136	1360.851	1446.415	1545.757	1639.642	1728.311
119.8	0	0	0	0.195298	1.705911	30.28278	187.6023	526.5517	798.1067	963.5322	1062.529	1152.722	1264.136	1358.917	1446.891	1546.264	1638.748	1728.877
119.9	0	0	0	0.195298	1.705911	30.35161	188.9423	528.7723	799.095	963.2057	1064.311	1152.464	1263.164	1358.321	1447.685	1545.251	1638.032	1729.821
120	0	0	0	0.195298	1.705911	30.55808	190.8341	531.1705	799.1938	962.988	1062.053	1153.752	1262.47	1358.917	1446.415	1545.42	1638.569	1731.143
120.1	0	0	0	0.195298	1.705911	30.69573	192.5683	533.2135	800.5773	963.3145	1060.746	1154.525	1263.164	1358.321	1445.621	1546.095	1638.211	1731.332
120.2	0	0	0	0.195298	1.705911	30.9022	193.4353	534.6347	801.9609	964.5116	1061.935	1153.623	1262.47	1357.875	1445.303	1546.264	1635.529	1732.087
120.3	0	0	0	0.195298	1.705911	30.83338	194.6965	535.7894	804.0362	964.9469	1061.697	1154.396	1262.192	1357.28	1446.256	1547.277	1634.814	1731.898
120.4	0	0	0	0.195298	1.705911	30.62691	196.273	537.1218	804.728	966.5793	1061.816	1154.268	1262.331	1357.577	1445.462	1547.783	1633.741	1733.22
120.5	0	0	0	0.195298	1.705911	30.76455	197.5342	539.3424	804.0362	966.7969	1061.578	1153.752	1261.637	1357.726	1445.462	1547.108	1634.992	1734.164
120.6	0	0	0	0.195298	1.705911	31.38397	198.7166	540.4083	804.4315	966.3616	1060.39	1153.108	1261.221	1357.577	1446.097	1545.082	1635.529	1733.787
120.7	0	0	0	0.195298	1.647086	31.4528	199.6625	541.563	806.0127	966.9057	1059.796	1154.396	1260.526	1358.024	1446.732	1544.744	1636.781	1734.353
120.8	0	0	0	0.195298	1.647086	31.31515	200.3719	542.4512	806.408	966.2528	1059.915	1153.623	1260.526	1357.131	1446.574	1543.9	1638.569	1735.486
120.9	0	0	0	0.2441225	1.647086	31.52162	201.3966	545.0272	808.6809	965.0557	1061.222	1153.237	1259.416	1358.47	1446.256	1541.705	1638.032	1733.031
121	0	0	0	0.2441225	1.647086	31.93457	202.4213	546.1819	809.9656	965.9263	1060.033	1153.237	1259.694	1358.917	1446.256	1540.861	1636.781	1733.22
121.1	0	0	0	0.2441225	1.647086	32.07222	203.0519	547.8696	810.361	967.0145	1060.033	1155.169	1260.388	1357.875	1445.938	1541.199	1636.959	1732.087
121.2	0	0	0	0.2441225	1.647086	32.14104	203.7614	550.179	810.6574	967.7763	1059.558	1155.169	1263.025	1356.833	1444.191	1539.848	1638.569	1733.598
121.3	0	0	0	0.2441225	1.647086	32.48517	204.4708	551.5114	810.5586	967.341	1060.033	1155.427	1261.776	1357.577	1444.668	1538.667	1638.032	1732.276
121.4	0	0	0	0.2441225	1.647086	32.41634	206.2049	553.1102	811.1516	967.6675	1059.915	1156.458	1261.498	1357.131	1444.668	1537.485	1637.138	1731.71
121.5	0	0	0	0.2441225	1.647086	32.62281	207.3085	555.3308	812.4363	967.341	1060.865	1156.329	1261.776	1357.28	1445.621	1536.978	1636.602	1731.71
121.6	0	0	0	0.2441225	1.647086	32.76046	208.6485	557.5514	814.5116	965.9263	1060.628	1158.004	1260.804	1357.875	1445.144	1538.329	1634.635	1731.898
121.7	0	0	0	0.2441225	1.647086	33.10459	210.225	559.1503	815.4998	965.1646	1059.439	1157.875	1260.804	1356.684	1443.715	1541.03	1634.814	1731.521
121.8	0	0	0	0.2441225	1.647086	33.24224	211.4861	561.1932	815.401	965.7087	1059.796	1157.231	1259.555	1355.642	1443.715	1542.043	1634.635	1730.765
121.9	0	0	0	0.2441225	1.647086	33.31106	212.1956	563.4138	815.1045	966.5793	1059.796	1155.685	1258.583	1355.94	1443.397	1541.705	1634.635	1731.332
122	0	0	0	0.2441225	1.647086	33.58636	213.2203	565.1903	816.3892	966.144	1060.033	1155.427	1258.722	1354.898	1443.556	1541.03	1633.741	1731.143
122.1	0	0	0	0.2441225	1.647086	33.79283	214.1662	567.0557	817.8716	965.2734	1060.509	1154.139	1259.277	1354.898	1443.397	1540.861	1633.025	1732.654
122.2	0	0	0	0.2441225	1.647086	34.20578	214.8756	569.0098	819.4528	964.4028	1059.915	1154.396	1259.138	1354.452	1442.444	1539.679	1633.562	1729.632
122.3	0	0	0	0.2441225	1.647086	34.20578	216.2944	570.5198	820.9352	964.6204	1059.439	1153.108	1258.305	1353.708	1442.444	1541.03	1633.741	1730.765
122.4	0	0	0	0.2441225	1.647086	34.20578	217.4768	571.7634	821.1328	965.3822	1059.202	1152.078	1257.889	1352.666	1443.079	1540.861	1632.668	1728.877
122.5	0	0	0	0.2441225	1.705911	34.48108	218.6592	571.941	821.7258	966.6881	1060.39	1151.433	1255.945	1354.005	1442.762	1541.536	1631.237	1728.311
122.6	0	0	0	0.2441225	1.764735	34.48108	219.3686	573.1845	823.0105	967.341	1060.746	1150.918	1255.807	1355.345	1442.444	1543.225	1631.237	1728.688
122.7	0	0	0	0.2441225	1.882384	34.68755	220.2357	574.6057	823.2081	968.3204	1060.865	1150.532	1256.084	1354.452	1441.65	1543.225	1630.164	1729.255
122.8	0	0	0	0.2441225	1.882384	35.16932	221.5757	575.7604	825.5799	968.3204	1061.459	1150.661	1257.75	1354.154	1441.491	1543.056	1630.343	1728.311
122.9	0	0	0	0.2441225	1.882384	35.23815	221.891	576.7375	825.8764	968.2116	1060.152	1151.047	1257.75	1354.154	1443.715	1543.731	1629.628	1728.688
123	0	0	0	0.2441225	1.882384	35.44462	223.1522	579.4022	827.4576	969.4087	1060.152	1151.691	1256.917	1354.005	1444.191	1542.887	1628.734	1729.255
123.1	0	0	0	0.2441225	1.882384	36.20169	223.5463	579.8464	829.0388	970.2793	1059.558	1151.562	1257.056	1353.41	1443.397	1543.563	1626.588	1727.933
123.2	0	0	0	0.2441225	1.82356	36.54581	224.571	581.0899	828.8411	970.1705	1059.32	1152.206	1255.529	1353.261	1443.715	1542.381	1627.839	1726.989
123.3	0	0	0	0.2441225	1.882384	36.75229	225.9899	583.6658	828.6435	969.0822	1058.013	1151.691	1256.501	1353.708	1442.126	1542.887	1630.701	1725.29
123.4	0	0	0	0.2441225	1.882384	37.16523	227.0146	584.7317	829.2365	969.7352	1057.776	1150.016	1256.917	1354.303	1443.079	1541.03	1630.522	1724.157
123.5	0	0	0	0.2441225	1.882384	37.16523	226.8569	585.4423	828.9399	970.0616	1058.013	1150.532	1256.917	1354.601	1444.032	1542.212	1630.164	1722.835
123.6	0	0	0	0.2441225	1.882384	37.23406	227.2511	587.5741	828.8411	969.844	1057.776	1150.145	1256.223	1355.791	1445.144	1540.861	1628.912	1721.702
123.7	0	0	0	0.2441225	1.941209	37.57818	227.724	589.4394	829.2365	969.9528	1057.538	1148.084	1254.418	1354.154	1443.556	1542.381	1630.343	1723.968
123.8	0	0	0	0.2441225	1.941209	37.71583	229.3005	590.2388	829.2365	970.1705	1058.845	1148.213	1253.308	1354.452	1443.715	1542.381	1629.27	1723.968
123.9	0	0	0	0.2441225	2.000033	37.71583	230.2464	592.6371	829.9282	970.7146	1060.033	1147.053	1253.169	1354.601	1444.35	1541.705	1629.628	1723.212
124	0	0	0	0.2441225	2.058858	37.78465	231.4287	592.9036	828.9399	970.7146	1060.628	1146.925	1253.585	1352.964	1444.827	1540.017	1629.985	1722.457
124.1	0	0	0	0.2441225	2.058858	37.78465	232.1382	593.7918	829.5329	970.3881	1061.578	1146.409	1252.475	1351.327	1444.509	1539.342	1631.416	1721.702
124.2	0	0	0	0.2441225	2.117682	38.05995	233.7935	594.7689	829.8293	967.994	1061.578	1145.765	1252.891	1349.541	1443.874	1538.498	1632.31	1722.646
124.3	0	0	0	0.2441225	2.117682	38.33525	234.6606	595.6571	829.9282	967.994	1060.984	1145.379	1250.115	1349.094	1442.762	1536.641	1629.985	1723.212
124.4	0	0	0	0.2441225	2.117682	38.33525	235.9217	597.4336	831.3118	968.1028	1060.152	1145.894	1249.698	1349.987	1442.285	1536.978	1629.628	1722.268
124.5	0	0	0	0.2441225	2.117682	38.40408	236.5523	599.5654	831.8058	968.9734	1059.558	1145.894	1250.115	1348.648	1443.079	1535.628	1629.27	1722.835
124.6	0	0	0	0.2441225	2.176507	38.61055	238.1288	600.5425	833.3871	967.7763	1059.083	1146.667	1249.559	1347.904	1441.65	1535.29	1629.807	1722.835
124.7	0	0	0	0.2441225	2.176507	38.67937	238.1288	601.786	834.3753	966.9057	1058.608	1147.826	1251.086	1348.499	1441.809	1535.459	1629.628	1724.534
124.8	0	0	0	0.2441225	2.176507	39.02349	239.0747	602.319	834.4741	966.3616	1058.845	1146.796	1251.225	1348.499	1442.921	1535.121	1628.734	1723.401
124.9	0	0	0	0.2441225	2.176507	39.09232	240.0994	603.5625	835.4623	967.8851	1058.37	1145.379	1250.809	1348.35	1444.985	1537.485	1629.628	1722.835
125	0	0	0	0.2441225	2.235331	39.29879	241.1242	604.7172	836.6483	968.7557	1057.657	1146.409	1251.225	1347.755	1443.079	1537.654	1628.376	1723.59
125.1	0	0	0	0.2441225	2.235331	39.50526	242.1489	605.4279	836.7471	968.2116	1057.657	1146.667	1250.948	1348.35	1441.809	1538.16	1628.197	1723.779
125.2	0	0	0	0.2441225	2.411805	39.57409	242.543	606.1384	837.4388	967.994	1058.608	1146.409	1250.531	1346.564	1442.444	1537.147	1628.555	1723.59
125.3	0	0	0	0.2441225	2.470629	39.71174	243.8042	607.1155	836.7471	967.994	1059.32	1148.084	1251.503	1346.266	1439.744	1538.835	1627.661	1721.702
125.4	0	0	0	0.2441225	2.529454	39.84939	244.1983	606.849	837.933	967.6675	1058.251	1146.667	1252.891	1345.82	1440.379	1539.848	1626.23	1722.457
125.5	0	0	0	0.2441225	2.588278	39.71174	245.6172	607.7372	837.5377	967.994	1058.964	1147.826	1252.475	1346.415	1440.062	1538.16	1626.051	1722.268
125.6	0	0	0	0.2441225	2.588278	39.98704	246.7995	609.3361	838.3283	968.5381	1058.132	1147.053	1252.058	1345.522	1440.379	1537.822	1623.19	1722.457
125.7	0	0	0	0.2441225	2.647103	39.84939	247.8242	610.402	838.0318	967.994	1057.657	1147.826	1250.809	1344.332	1441.491	1537.822	1622.117	1721.702
125.8	0	0	0	0.2441225	2.647103	40.19351	248.9278	612.0009	838.0318	968.5381	1057.3	1146.152	1251.503	1343.736	1440.697	1538.329	1622.117	1719.247
125.9	0	0	0	0.2441225	2.647103	40.26234	249.3219	613.3332	837.4388	968.5381	1056.35	1145.765	1252.475	1345.374	1441.174	1537.485	1621.938	1721.324
126	0	0	0	0.2441225	2.647103	40.53763	249.7949	614.9321	837.8342	968.6469	1055.637	1146.409	1250.67	1345.076	1443.715	1536.809	1623.548	1721.702
126.1	0	0	0	0.292947	2.647103	40.74411	250.8984	616.5309	838.5259	968.1028	1055.162	1147.698	1250.809	1344.778	1444.509	1536.641	1624.799	1720.191
126.2	0	0	0	0.292947	2.647103	40.74411	252.2384	618.0409	839.3165	968.6469	1055.518	1146.538	1250.809	1345.225	1443.397	1536.641	1624.978	1721.135
126.3	0	0	0	0.292947	2.647103	40.74411	253.1055	619.1068	838.6248	968.8646	1055.162	1145.121	1251.642	1345.522	1442.921	1536.641	1624.442	1720.569
126.4	0	0	0	0.292947	2.705927	40.95058	253.8149	620.7056	838.6248	966.5793	1054.33	1144.219	1250.809	1345.522	1442.285	1535.29	1625.336	1718.492
126.5	0	0	0	0.292947	2.705927	41.2947	254.2879	621.4163	839.8107	966.7969	1054.092	1143.833	1249.976	1347.159	1443.397	1531.914	1625.872	1718.87
126.6	0	0	0	0.292947	2.705927	41.22588	255.7067	622.7486	839.613	967.2322	1053.736	1143.575	1248.726	1348.052	1443.397	1531.914	1626.23	1717.359
126.7	0	0	0	0.292947	2.705927	41.15705	256.5738	624.7028	841.1942	966.5793	1054.211	1143.06	1250.392	1349.689	1442.921	1534.615	1623.905	1717.737
126.8	0	0	0	0.292947	2.705927	41.36353	256.8891	626.4792	841.886	965.1646	1055.043	1143.06	1248.588	1348.052	1442.762	1535.459	1623.727	1719.058
126.9	0	0	0	0.292947	2.705927	41.57	256.9679	626.9233	841.886	964.5116	1054.568	1143.318	1249.976	1346.564	1441.015	1533.433	1623.905	1719.625
127	0	0	0	0.292947	2.705927	41.91412	258.3079	628.3445	844.2578	964.4028	1053.142	1142.673	1249.837	1346.266	1441.332	1533.433	1622.832	1719.436
127.1	0	0	0	0.292947	2.764752	42.1206	258.8597	628.7887	844.7519	965.0557	1052.666	1144.734	1248.726	1344.332	1439.744	1533.095	1622.296	1717.548
127.2	0	0	0	0.292947	2.764752	42.05177	259.4903	628.9663	844.4554	965.2734	1051.597	1145.636	1250.67	1344.927	1440.062	1532.082	1622.832	1717.925
127.3	0	0	0	0.292947	2.764752	42.1206	260.515	629.5881	844.9495	965.0557	1051.359	1145.379	1250.254	1346.118	1438.791	1534.446	1622.475	1716.981
127.4	0	0	0	0.292947	2.764752	42.32707	261.6974	630.2098	845.5425	966.0352	1052.072	1145.25	1248.588	1345.076	1439.109	1535.459	1622.475	1719.436
127.5	0	0	0	0.292947	2.764752	42.3959	262.2491	631.187	845.0483	965.491	1050.884	1145.636	1248.449	1345.374	1439.744	1535.29	1623.727	1719.625
127.6	0	0	0	0.292947	2.764752	42.74002	263.2738	631.9863	845.4437	966.2528	1051.953	1145.379	1249.282	1345.522	1439.427	1535.628	1623.19	1716.792
127.7	0	0	0	0.292947	2.764752	43.22179	264.1409	633.1411	846.5307	964.8381	1050.884	1146.796	1249.004	1344.927	1439.744	1534.277	1623.011	1717.17
127.8	0	0	0	0.292947	2.823576	43.29062	264.8503	634.0293	847.1237	963.641	1049.339	1147.182	1250.254	1344.183	1439.903	1534.108	1621.938	1716.226
127.9	0	0	0	0.292947	2.764752	43.49709	265.4021	634.9175	847.8154	962.8792	1049.814	1147.44	1249.004	1344.927	1439.109	1535.29	1620.865	1716.604
128	0	0	0	0.292947	2.705927	43.77238	267.1363	635.5393	848.3096	963.4233	1049.814	1147.182	1248.31	1344.927	1439.268	1534.277	1621.402	1716.981
128.1	0	0	0	0.292947	2.823576	44.04768	267.9245	636.2499	848.7048	963.0969	1049.814	1144.734	1248.449	1343.885	1438.474	1533.771	1621.759	1716.226
128.2	0	0	0	0.292947	2.823576	44.46063	269.3433	637.7599	849.3966	961.0292	1051.122	1144.219	1247.616	1342.695	1438.95	1533.771	1622.296	1715.282
128.3	0	0	0	0.292947	2.823576	44.73593	270.368	638.6482	849.3966	961.1381	1051.003	1143.704	1247.338	1342.992	1436.885	1532.927	1621.938	1716.981
128.4	0	0	0	0.292947	2.823576	45.01123	272.0234	640.6024	849.6931	961.0292	1048.626	1144.477	1248.31	1342.546	1435.932	1531.914	1621.223	1716.604
128.5	0	0	0	0.292947	2.823576	45.2177	272.1022	640.1582	848.7048	961.8998	1049.577	1143.704	1249.004	1344.481	1436.091	1531.745	1620.15	1715.659
128.6	0	0	0	0.292947	2.882401	45.35535	273.3634	640.5135	847.4201	960.1586	1049.339	1143.575	1249.698	1343.736	1435.456	1533.771	1619.077	1716.037
128.7	0	0	0	0.292947	2.882401	45.7683	273.6787	641.0464	847.6178	960.0498	1049.577	1142.416	1249.559	1344.034	1435.774	1532.589	1618.362	1715.471
128.8	0	0	0	0.292947	2.882401	46.04359	274.6246	641.8459	848.1119	959.3969	1049.933	1141.385	1250.254	1342.397	1435.932	1530.901	1618.004	1715.471
128.9	0	0	0	0.292947	2.882401	46.38772	275.2552	642.0235	848.3096	960.2675	1051.24	1142.802	1251.364	1341.058	1435.297	1530.225	1618.183	1716.037
129	0	0	0	0.292947	2.823576	46.52536	276.2011	642.6453	849.7919	961.3557	1051.597	1142.673	1250.115	1342.248	1435.138	1528.875	1618.362	1716.604
129.1	0	0	0	0.292947	2.823576	46.73184	276.674	643.6224	850.3849	961.2469	1052.547	1142.287	1251.781	1341.951	1437.203	1530.732	1617.825	1715.659
129.2	0	0	0	0.292947	2.823576	46.73184	277.3046	644.7771	849.2978	963.0969	1051.359	1142.416	1251.781	1343.885	1436.091	1530.057	1620.15	1715.471
129.3	0	0	0	0.292947	2.882401	46.59419	278.8023	644.8659	849.7919	963.7498	1050.409	1142.287	1252.752	1343.588	1436.726	1529.888	1621.938	1714.715
129.4	0	0	0	0.292947	2.941225	46.66301	279.6693	645.1324	849.6931	963.8586	1049.458	1141.514	1251.642	1343.588	1435.774	1529.212	1624.084	1713.771
129.5	0	0	0	0.292947	2.941225	47.14479	280.6152	644.7771	851.0767	963.5322	1049.814	1142.931	1249.698	1342.695	1436.25	1530.057	1624.084	1714.338
129.6	0	0	0	0.292947	3.00005	47.35126	281.2458	645.7542	851.4719	964.5116	1051.003	1142.416	1247.893	1342.099	1434.979	1530.225	1623.905	1714.715
129.7	0	0	0	0.292947	3.00005	47.48891	281.7976	646.6424	851.8672	964.7292	1049.458	1141.772	1247.477	1342.397	1434.344	1531.407	1624.799	1714.149
129.8	0	0	0	0.292947	3.00005	47.28244	282.2706	646.1094	851.6696	964.2939	1050.171	1141.127	1246.228	1340.462	1435.297	1530.901	1624.442	1715.471
129.9	0	0	0	0.292947	2.941225	47.42009	282.507	646.1983	851.9661	964.8381	1051.716	1140.483	1246.922	1339.718	1435.774	1531.407	1623.369	1714.338
130	0	0	0	0.2441225	3.00005	47.42009	283.5317	647.6194	851.6696	964.9469	1051.834	1140.87	1247.755	1339.867	1435.297	1530.901	1621.938	1715.093
130.1	0	0	0	0.2441225	3.00005	47.62656	284.3988	647.6194	852.6578	965.9263	1051.24	1142.029	1247.755	1338.974	1434.979	1530.394	1621.402	1715.659
130.2	0	0	0	0.2441225	3.058874	48.03951	284.7141	648.863	852.4602	966.0352	1052.31	1140.87	1248.865	1337.188	1433.868	1529.888	1621.223	1714.526
130.3	0	0	0	0.2441225	3.176523	48.5901	285.4235	648.4189	852.3614	965.2734	1051.834	1140.612	1248.726	1336.146	1432.279	1528.706	1621.402	1714.715
130.4	0	0	0	0.2441225	3.176523	48.8654	286.2906	647.7971	853.152	964.4028	1051.24	1140.999	1248.449	1337.188	1431.803	1528.706	1621.044	1713.394
130.5	0	0	0	0.2441225	3.176523	49.00305	287.2365	648.2412	852.6578	965.1646	1050.409	1140.612	1246.644	1335.849	1431.326	1528.875	1620.865	1713.016
130.6	0	0	0	0.2441225	3.176523	49.27835	288.1036	650.6395	852.4602	964.8381	1051.478	1139.324	1246.228	1335.105	1431.326	1528.706	1620.15	1711.505
130.7	0	0	0	0.2441225	3.176523	49.62247	288.8918	651.4389	852.2625	965.2734	1050.646	1137.649	1247.338	1335.253	1430.532	1527.355	1622.296	1712.261
130.8	0	0	0	0.2441225	3.176523	49.89777	288.9706	651.6166	852.2625	964.6204	1050.409	1137.392	1247.893	1336.146	1431.485	1527.862	1621.759	1714.904
130.9	0	0	0	0.2441225	3.235348	50.10424	289.1283	652.6825	853.152	964.7292	1048.626	1138.68	1248.032	1338.528	1431.168	1528.031	1622.117	1713.96
131	0	0	0	0.2441225	3.294172	50.31071	289.2071	654.0148	852.9543	963.7498	1048.983	1139.195	1247.338	1338.379	1431.962	1529.55	1623.011	1714.526
131.1	0	0	0	0.2441225	3.294172	50.37954	289.6801	654.9031	853.2508	964.2939	1048.864	1138.809	1248.31	1336.295	1430.85	1526.342	1621.938	1712.449
131.2	0	0	0	0.2441225	3.294172	50.65483	291.2566	657.1237	854.0414	963.7498	1048.507	1137.778	1248.032	1336.593	1429.421	1526.68	1622.832	1711.883
131.3	0	0	0	0.2441225	3.294172	50.79248	292.3601	658.2784	854.832	963.641	1048.032	1137.907	1248.865	1338.23	1427.991	1526.511	1624.263	1710.372
131.4	0	0	0	0.2441225	3.235348	50.99896	293.4636	659.4331	855.0296	963.7498	1047.676	1138.938	1248.31	1337.783	1427.673	1525.161	1621.223	1709.995
131.5	0	0	0	0.2441225	3.235348	51.34308	293.9366	659.4331	855.3261	963.2057	1048.389	1139.71	1248.032	1337.932	1426.879	1524.823	1619.614	1709.428
131.6	0	0	0	0.2441225	3.235348	51.6872	294.2519	659.7885	855.9191	963.5322	1048.389	1139.195	1249.976	1338.081	1427.197	1525.836	1621.223	1711.317
131.7	0	0	0	0.2441225	3.176523	51.82485	295.6707	660.4102	856.6108	963.7498	1048.983	1138.809	1249.421	1340.165	1427.356	1524.148	1621.223	1709.428
131.8	0	0	0	0.195298	3.176523	51.75603	296.2225	659.2555	855.2273	962.6616	1049.933	1138.422	1250.67	1340.165	1429.262	1524.992	1620.329	1708.673
131.9	0	0	0	0.195298	3.176523	51.82485	297.1684	660.2325	854.5355	962.4439	1049.577	1138.165	1249.837	1338.23	1429.738	1523.81	1619.614	1709.239
132	0	0	0	0.195298	3.176523	52.16898	298.3507	660.5878	855.4249	962.5527	1048.27	1138.165	1250.115	1336.295	1428.468	1524.316	1617.468	1710.184
132.1	0	0	0	0.195298	3.117699	52.65075	299.7696	661.5649	855.7214	962.2263	1049.339	1138.551	1249.143	1336.295	1427.515	1524.654	1618.004	1711.128
132.2	0	0	0	0.195298	3.117699	52.65075	301.1096	661.3873	856.3143	960.8116	1048.626	1139.453	1248.449	1337.039	1427.356	1522.966	1617.11	1709.995
132.3	0	0	0	0.195298	3.117699	52.85722	302.6861	662.0978	855.4249	961.1381	1046.725	1139.582	1248.726	1336.891	1428.15	1524.148	1617.646	1709.051
132.4	0	0	0	0.195298	3.117699	53.27017	303.0802	663.6079	855.6226	960.5939	1047.438	1139.71	1247.477	1336.146	1428.626	1524.654	1617.646	1708.106
132.5	0	0	0	0.195298	3.117699	53.33899	304.0261	663.9632	856.512	960.9204	1048.032	1139.582	1247.477	1337.635	1428.626	1525.329	1617.646	1709.051
132.6	0	0	0	0.195298	3.117699	53.27017	305.1297	664.4962	856.6108	962.4439	1047.557	1137.907	1246.922	1338.23	1427.991	1524.316	1616.573	1708.295
132.7	0	0	0	0.195298	3.176523	53.27017	306.1544	665.7397	855.7214	962.4439	1048.983	1136.747	1246.922	1337.486	1427.673	1523.979	1615.679	1709.239
132.8	0	0	0	0.195298	3.176523	53.33899	306.9426	666.095	854.6343	960.8116	1049.458	1135.202	1245.811	1336.891	1428.15	1523.303	1616.395	1709.995
132.9	0	0	0	0.195298	3.117699	53.82076	307.652	666.8944	854.5355	961.791	1049.696	1134.557	1246.366	1336.295	1428.468	1521.784	1616.752	1709.995
133	0	0	0	0.195298	3.117699	54.02724	308.125	667.5162	853.6461	962.2263	1049.102	1134.815	1245.811	1335.998	1427.197	1522.122	1618.183	1708.673
133.1	0	0	0	0.195298	3.117699	54.09606	307.8097	667.6938	853.152	962.988	1050.29	1135.202	1245.533	1335.998	1427.991	1521.109	1618.004	1707.54
133.2	0	0	0	0.195298	3.117699	54.09606	308.3615	668.9374	854.1402	961.6821	1049.933	1136.361	1245.533	1336.295	1428.785	1522.459	1616.573	1708.484
133.3	0	0	0	0.195298	3.117699	54.37136	309.465	669.5591	853.9426	960.8116	1050.052	1136.232	1243.173	1336.295	1427.832	1525.329	1616.931	1709.051
133.4	0	0	0	0.195298	3.117699	54.37136	310.2533	670.092	854.6343	961.1381	1050.765	1137.134	1243.729	1337.188	1427.991	1525.498	1617.468	1708.862
133.5	0	0	0	0.195298	3.117699	54.50901	310.8839	672.0462	855.0296	961.3557	1049.458	1136.619	1243.868	1336.593	1427.832	1526.005	1617.468	1707.729
133.6	0	0	0	0.195298	3.058874	54.78431	311.3568	673.9115	855.0296	961.2469	1049.814	1136.103	1243.868	1336.742	1426.879	1525.329	1618.004	1709.806
133.7	0	0	0	0.195298	3.00005	54.71548	311.9874	675.0662	854.7332	963.0969	1049.339	1137.263	1242.757	1337.337	1426.562	1524.992	1616.395	1708.106
133.8	0	0	0	0.195298	3.00005	54.78431	312.3027	675.4216	855.1284	963.5322	1048.151	1137.649	1241.785	1339.272	1426.879	1526.174	1617.468	1708.106
133.9	0	0	0	0.195298	3.00005	54.85313	311.8297	675.5992	855.2273	962.8792	1047.2	1138.036	1241.369	1339.569	1427.197	1525.667	1617.11	1708.862
134	0	0	0	0.195298	3.058874	54.92196	312.2239	674.9774	854.4366	962.8792	1047.2	1137.134	1240.952	1339.272	1427.038	1525.667	1617.289	1708.673
134.1	0	0	0	0.195298	3.058874	55.12843	312.3815	675.5992	854.7332	963.2057	1047.794	1136.876	1242.34	1339.867	1426.403	1524.316	1616.216	1707.729
134.2	0	0	0	0.195298	3.058874	55.12843	312.5392	676.3986	854.7332	962.7704	1048.983	1136.49	1242.063	1340.016	1426.244	1523.472	1615.143	1707.351
134.3	0	0	0	0.195298	3.058874	54.99078	313.0909	677.0204	855.0296	963.641	1049.696	1136.619	1241.785	1338.23	1424.656	1523.641	1613.891	1706.218
134.4	0	0	0	0.195298	3.117699	54.99078	313.0121	677.8198	854.9308	963.641	1050.052	1136.876	1242.757	1338.379	1424.338	1522.291	1615.143	1705.841
134.5	0	0	0	0.195298	3.117699	54.92196	314.0368	679.0634	854.0414	964.6204	1049.22	1134.686	1241.23	1338.676	1424.338	1523.303	1614.249	1706.785
134.6	0	0	0	0.195298	3.117699	55.19725	314.7462	679.4186	854.0414	964.5116	1049.22	1134.171	1240.813	1337.486	1424.974	1523.135	1613.355	1706.785
134.7	0	0	0	0.195298	3.176523	55.19725	315.2192	679.3298	854.3378	964.2939	1048.389	1133.269	1240.813	1337.039	1424.497	1522.459	1613.176	1706.029
134.8	0	0	0	0.195298	3.176523	55.40373	315.6921	679.5963	854.239	964.9469	1048.507	1133.913	1238.87	1335.998	1425.768	1523.641	1611.03	1706.596
134.9	0	0	0	0.195298	3.117699	55.40373	317.111	679.0634	854.1402	965.1646	1048.151	1133.527	1238.87	1336.593	1425.45	1521.953	1612.639	1704.708
135	0	0	0	0.195298	3.117699	55.74785	317.9781	680.0404	853.5472	964.2939	1045.656	1134.557	1238.731	1336.146	1424.179	1521.953	1613.891	1705.085
135.1	0	0	0	0.195298	3.117699	55.81667	318.451	680.5734	853.7449	965.0557	1044.586	1135.459	1238.315	1336.593	1426.562	1522.966	1614.249	1704.519
135.2	0	0	0	0.195298	3.117699	56.1608	320.1852	680.9286	853.9426	964.9469	1045.299	1135.717	1239.286	1336.295	1427.673	1521.953	1616.216	1706.218
135.3	0	0	0	0.195298	3.117699	56.1608	321.3675	680.3957	853.5472	964.6204	1046.131	1134.944	1237.898	1335.7	1427.356	1521.615	1615.143	1706.029
135.4	0	0	0	0.195298	3.117699	56.36727	322.471	681.3728	854.1402	963.9675	1046.25	1134.042	1238.176	1335.998	1427.673	1522.628	1614.606	1705.652
135.5	0	0	0	0.195298	3.117699	56.36727	323.0228	681.7281	853.7449	963.9675	1046.369	1133.913	1240.952	1334.956	1427.197	1522.459	1614.249	1706.596
135.6	0	0	0	0.195298	3.117699	56.50492	323.7322	682.261	852.3614	964.1851	1046.369	1134.042	1240.119	1334.658	1428.15	1522.122	1612.103	1708.106
135.7	0	0	0	0.195298	3.117699	56.57374	324.4417	683.0604	852.8555	964.0763	1045.893	1134.557	1239.564	1333.765	1427.515	1521.446	1612.103	1706.974
135.8	0	0	0	0.195298	3.117699	56.84904	325.3087	683.8599	853.0532	964.0763	1046.25	1135.073	1241.924	1333.765	1428.309	1521.615	1612.639	1707.162
135.9	0	0	0	0.195298	3.117699	57.46846	326.097	683.5046	852.7567	963.3145	1045.656	1136.619	1242.34	1333.765	1429.103	1522.122	1612.818	1707.918
136	0	0	0	0.195298	3.058874	57.67493	327.2005	683.8599	853.5472	962.7704	1045.299	1137.263	1241.785	1332.128	1429.103	1520.94	1611.924	1706.974
136.1	0	0	0	0.195298	3.058874	58.15671	327.7523	685.3699	853.5472	962.4439	1045.774	1136.232	1241.091	1332.872	1428.309	1520.602	1610.494	1706.407
136.2	0	0	0	0.195298	3.058874	58.50083	328.4617	684.4816	854.3378	962.3351	1046.131	1136.747	1241.785	1334.212	1426.721	1519.927	1609.242	1704.519
136.3	0	0	0	0.195298	3.058874	58.77613	329.25	685.3699	855.2273	960.2675	1045.774	1137.134	1242.757	1334.36	1427.515	1519.927	1608.526	1705.841
136.4	0	0	0	0.195298	3.058874	58.9826	329.4076	686.2581	854.1402	958.8527	1047.676	1135.846	1243.868	1334.36	1426.879	1520.096	1608.169	1706.785
136.5	0	0	0	0.195298	3.058874	59.12025	329.8806	686.7023	853.6461	957.7645	1048.507	1136.103	1244.562	1334.212	1427.515	1518.914	1606.738	1705.652
136.6	0	0	0	0.2441225	3.00005	59.32673	330.7476	687.1464	854.3378	958.3086	1047.676	1135.202	1243.868	1334.509	1428.944	1519.252	1607.275	1704.519
136.7	0	0	0	0.2441225	3.058874	59.60202	331.2994	687.2352	855.9191	957.8733	1046.487	1135.974	1244.006	1334.807	1428.944	1518.914	1606.917	1704.519
136.8	0	0	0	0.2441225	3.058874	60.08379	332.0876	688.0346	856.4131	956.2409	1044.705	1135.33	1243.173	1334.509	1430.532	1518.239	1605.844	1703.008
136.9	0	0	0	0.2441225	3.235348	60.15262	333.27	688.0346	855.6226	956.5674	1044.705	1134.557	1243.173	1335.551	1430.691	1518.07	1605.665	1702.631
137	0	0	0	0.2441225	3.235348	60.42792	333.6641	689.1005	854.9308	957.438	1044.824	1135.717	1243.451	1335.998	1430.215	1517.901	1605.308	1703.008
137.1	0	0	0	0.2441225	3.294172	60.42792	333.6641	689.1005	855.0296	957.6556	1045.062	1135.459	1243.59	1335.253	1429.103	1516.382	1606.559	1703.764
137.2	0	0	0	0.2441225	3.294172	60.56556	334.6888	689.8111	855.2273	956.8939	1044.349	1134.815	1242.479	1334.658	1429.262	1515.706	1605.665	1702.819
137.3	0	0	0	0.2441225	3.294172	60.77204	335.2406	689.1893	854.5355	955.8056	1043.873	1136.361	1243.173	1334.36	1430.056	1515.2	1605.308	1703.575
137.4	0	0	0	0.2441225	3.294172	60.63439	335.7924	689.5446	854.832	956.785	1044.586	1135.202	1242.479	1333.468	1428.626	1515.369	1604.95	1703.008
137.5	0	0	0	0.292947	3.411821	60.84086	335.95	690.1664	853.6461	955.1527	1044.586	1134.557	1241.785	1334.212	1427.197	1515.706	1603.341	1703.008
137.6	0	0	0	0.292947	3.411821	61.18499	335.95	690.6993	853.2508	955.8056	1044.467	1134.171	1241.508	1335.402	1428.15	1515.706	1602.983	1703.008
137.7	0	0	0	0.2441225	3.470646	61.32264	336.7383	690.7882	853.5472	956.5674	1042.447	1134.815	1240.397	1335.253	1429.421	1514.693	1603.341	1702.819
137.8	0	0	0	0.2441225	3.52947	61.39146	337.763	691.5876	853.7449	957.1115	1041.853	1134.3	1239.98	1334.807	1429.421	1515.706	1603.341	1704.141
137.9	0	0	0	0.2441225	3.588295	61.52911	338.5512	692.2982	854.7332	958.0909	1041.616	1131.981	1239.842	1333.468	1428.309	1517.563	1602.625	1704.708
138	0	0	0	0.2441225	3.588295	61.73558	338.7877	691.41	854.9308	958.6351	1042.329	1131.981	1239.703	1333.319	1428.15	1519.252	1604.056	1703.575
138.1	0	0	0	0.2441225	3.52947	61.80441	339.1819	691.41	855.2273	959.5057	1043.16	1130.822	1240.536	1332.128	1427.038	1519.252	1606.559	1702.819
138.2	0	0	0	0.2441225	3.588295	61.66676	339.8124	691.5876	855.4249	959.288	1043.873	1131.466	1240.675	1331.086	1426.879	1518.239	1606.38	1703.386
138.3	0	0	0	0.2441225	3.588295	61.80441	339.8124	692.1205	856.6108	959.288	1044.586	1132.11	1239.703	1330.938	1427.832	1517.395	1605.665	1705.085
138.4	0	0	0	0.2441225	3.647119	62.01088	340.4431	691.9429	856.8085	958.9615	1044.349	1131.981	1238.87	1330.64	1428.468	1517.395	1606.38	1705.652
138.5	0	0	0	0.2441225	3.647119	62.21735	340.916	692.6535	857.0061	959.0704	1043.636	1130.822	1238.87	1330.64	1429.738	1518.408	1606.023	1703.197
138.6	0	0	0	0.2441225	3.705944	62.01088	341.3101	692.0317	855.9191	958.6351	1043.16	1131.466	1239.703	1332.277	1429.262	1518.576	1604.592	1702.442
138.7	0	0	0	0.2441225	3.764768	62.28618	341.6254	692.8311	854.5355	958.7439	1042.923	1130.95	1238.592	1331.533	1428.785	1520.096	1604.056	1700.742
138.8	0	0	0	0.2441225	3.764768	62.42383	341.8619	692.5647	854.239	958.7439	1043.279	1130.95	1237.482	1330.789	1428.944	1520.096	1606.202	1699.987
138.9	0	0	0	0.2441225	3.764768	62.83677	342.9654	692.1205	854.0414	959.1792	1043.517	1130.822	1237.898	1329.896	1428.785	1519.252	1604.771	1699.232
139	0	0	0	0.2441225	3.823593	62.6303	344.069	691.7653	853.6461	959.7233	1043.517	1130.693	1238.592	1330.342	1426.721	1518.745	1605.665	1699.609
139.1	0	0	0	0.195298	3.823593	62.76795	344.5419	691.1435	853.0532	959.5057	1043.279	1130.822	1240.119	1330.342	1424.974	1518.745	1606.38	1700.176
139.2	0	0	0	0.2441225	3.882417	62.97442	345.1725	690.0776	853.9426	960.1586	1042.804	1130.822	1241.091	1330.789	1423.226	1519.083	1606.202	1700.176
139.3	0	0	0	0.2441225	3.882417	63.31855	345.3302	690.2552	854.832	959.1792	1042.685	1131.208	1239.564	1330.64	1422.432	1520.096	1604.771	1700.931
139.4	0	0	0	0.2441225	3.941242	63.4562	346.1184	691.3211	854.9308	959.0704	1042.804	1131.337	1238.037	1329.449	1421.479	1518.576	1604.771	1701.498
139.5	0	0	0	0.2441225	3.882417	63.66267	346.9066	691.2323	854.9308	958.7439	1043.636	1130.95	1238.731	1329.747	1419.573	1516.719	1605.308	1699.421
139.6	0	0	0	0.2441225	3.941242	63.93797	346.8278	692.1205	853.8438	958.5262	1044.111	1132.11	1237.759	1330.342	1418.462	1516.213	1604.413	1696.588
139.7	0	0	0	0.2441225	3.882417	63.86914	346.9855	692.387	853.0532	958.9615	1043.16	1133.14	1237.759	1328.259	1418.938	1515.031	1603.519	1696.966
139.8	0	0	0	0.2441225	3.882417	64.00679	348.0102	693.4529	853.0532	958.4174	1042.091	1132.11	1239.148	1329.449	1419.891	1517.901	1604.235	1696.777
139.9	0	0	0	0.2441225	3.882417	64.69504	348.7984	694.1635	854.1402	957.0027	1041.853	1132.11	1240.258	1329.301	1420.368	1517.563	1606.202	1696.022
140	0	0	0	0.2441225	3.882417	64.62621	349.0349	694.7853	853.3496	957.1115	1041.14	1133.14	1240.258	1328.259	1420.685	1516.719	1606.738	1695.644
140.1	0	0	0	0.2441225	3.882417	64.83269	349.1137	694.6076	853.9426	957.3292	1043.16	1130.564	1240.119	1329.449	1418.462	1516.044	1607.453	1695.644
140.2	0	0	0	0.2441225	3.882417	64.97034	349.8232	694.7853	854.239	957.9821	1042.21	1130.693	1239.564	1330.045	1418.779	1515.2	1606.202	1694.7
140.3	0	0	0	0.2441225	3.941242	65.31445	351.242	693.4529	854.3378	956.3497	1042.447	1129.147	1240.675	1331.533	1417.826	1514.187	1606.023	1694.322
140.4	0	0	0	0.2441225	4.058891	65.52093	351.3208	693.7194	853.0532	956.1321	1042.329	1130.306	1241.508	1329.003	1418.144	1512.499	1606.023	1695.833
140.5	0	0	0	0.2441225	4.117715	65.65858	351.7938	693.5417	852.4602	956.4586	1043.279	1130.564	1242.063	1329.598	1417.667	1512.836	1606.38	1696.777
140.6	0	0	0	0.2441225	4.17654	66.0027	351.6361	693.4529	851.5707	955.9144	1041.972	1131.466	1241.23	1329.598	1417.032	1512.33	1606.738	1695.455
140.7	0	0	0	0.2441225	4.235364	66.41565	352.0302	693.7194	852.2625	954.9351	1042.566	1130.95	1239.148	1329.301	1415.92	1513.343	1607.096	1696.211
140.8	0	0	0	0.2441225	4.235364	66.75977	351.7149	693.3641	852.1637	954.4998	1042.329	1130.564	1239.425	1328.11	1415.762	1511.823	1605.129	1694.7
140.9	0	0	0	0.2441225	4.235364	66.89742	353.055	694.2523	850.6813	955.0439	1041.853	1129.276	1239.286	1327.812	1415.126	1510.473	1603.341	1695.833
141	0	0	0	0.2441225	4.235364	66.89742	353.2914	693.897	850.3849	956.1321	1041.734	1128.631	1240.536	1328.556	1416.715	1511.655	1602.446	1695.833
141.1	0	0	0	0.2441225	4.235364	67.03506	354.1585	694.963	850.2861	954.7174	1042.923	1127.859	1239.425	1329.449	1418.462	1510.473	1601.373	1696.211
141.2	0	0	0	0.2441225	4.294189	66.89742	354.7103	694.963	850.9778	953.3027	1043.636	1127.343	1238.453	1330.193	1417.826	1508.785	1599.764	1697.155
141.3	0	0	0	0.2441225	4.235364	67.31036	355.1832	696.1177	851.8672	952.8674	1043.992	1127.472	1237.898	1331.979	1416.873	1509.122	1600.479	1697.344
141.4	0	0	0	0.2441225	4.235364	67.51684	355.3409	696.9171	852.2625	952.7585	1043.636	1127.601	1238.592	1331.979	1417.35	1509.46	1599.406	1696.966
141.5	0	0	0	0.2441225	4.235364	67.79214	355.3409	697.2723	852.0649	953.5203	1045.774	1128.116	1238.176	1332.277	1418.62	1509.122	1597.439	1695.455
141.6	0	0	0	0.2441225	4.235364	67.92979	355.9715	698.0718	851.3731	955.2615	1045.062	1127.601	1237.759	1332.128	1418.779	1509.122	1597.439	1697.155
141.7	0	0	0	0.2441225	4.235364	67.86096	355.8926	698.1606	851.6696	955.3704	1046.606	1126.313	1238.037	1331.384	1419.573	1510.304	1597.082	1697.155
141.8	0	0	0	0.2441225	4.294189	67.86096	355.9715	698.2495	851.1755	956.3497	1045.774	1126.055	1238.87	1331.384	1418.144	1507.94	1596.545	1697.721
141.9	0	0	0	0.2441225	4.294189	67.92979	356.3656	698.2495	851.6696	957.3292	1045.418	1126.313	1238.315	1330.938	1417.191	1507.096	1594.936	1698.099
142	0	0	0	0.2441225	4.353014	67.79214	356.6021	697.8942	851.8672	957.5468	1045.774	1126.957	1238.592	1331.235	1418.303	1508.616	1596.903	1696.399
142.1	0	0	0	0.292947	4.353014	67.65449	356.5232	697.8053	851.7684	957.5468	1044.824	1126.699	1237.759	1330.045	1418.62	1509.798	1596.724	1695.644
142.2	0	0	0	0.292947	4.353014	67.86096	357.7056	698.4271	851.6696	957.5468	1044.824	1126.442	1237.759	1329.896	1419.573	1509.46	1597.082	1693.189
142.3	0	0	0	0.292947	4.411838	67.86096	358.2574	698.6047	850.0884	957.1115	1043.755	1127.086	1237.759	1330.342	1419.732	1508.616	1597.439	1691.301
142.4	0	0	0	0.292947	4.411838	67.51684	359.0456	698.5159	849.4954	956.0233	1043.16	1127.859	1238.176	1330.491	1420.685	1509.122	1597.618	1691.301
142.5	0	0	0	0.292947	4.411838	67.51684	359.2821	697.1835	848.606	955.3704	1043.755	1127.472	1235.955	1329.449	1421.321	1509.291	1597.797	1693.189
142.6	0	0	0	0.292947	4.411838	67.92979	360.5433	697.983	849.199	955.4792	1044.349	1127.214	1236.232	1329.301	1421.321	1508.447	1597.618	1693.189
142.7	0	0	0	0.292947	4.411838	67.72331	361.4104	697.2723	849.0013	954.6086	1045.537	1126.957	1235.538	1329.896	1419.415	1508.785	1598.333	1690.923
142.8	0	0	0	0.292947	4.353014	67.58566	361.568	697.1835	848.1119	953.5203	1045.893	1127.343	1234.427	1330.045	1418.462	1508.447	1597.26	1689.224
142.9	0	0	0	0.292947	4.353014	67.86096	362.041	698.1606	847.0248	953.738	1044.824	1127.343	1234.983	1329.152	1416.556	1506.421	1595.83	1688.28
143	0	0	0	0.292947	4.294189	68.06744	363.2233	698.0718	847.2225	954.1733	1044.467	1126.828	1235.816	1330.045	1417.985	1506.083	1595.472	1689.035
143.1	0	0	0	0.292947	4.353014	68.54921	364.0116	697.8053	847.0248	953.3027	1044.23	1126.184	1235.816	1328.854	1417.35	1506.759	1594.399	1688.846
143.2	0	0	0	0.292947	4.294189	68.75568	364.7998	696.9171	846.8272	953.4115	1043.755	1126.699	1236.51	1329.152	1417.985	1506.252	1595.115	1687.713
143.3	0	0	0	0.292947	4.294189	68.75568	365.7457	697.5388	846.4319	953.9556	1044.111	1127.73	1236.371	1329.152	1419.732	1505.07	1594.578	1687.525
143.4	0	0	0	0.292947	4.294189	68.96216	366.3763	697.1835	846.6295	955.0439	1043.755	1128.245	1235.816	1329.301	1416.556	1504.226	1594.578	1687.525
143.5	0	0	0	0.292947	4.294189	68.96216	366.3763	698.0718	845.1472	955.588	1043.873	1127.73	1235.538	1329.152	1417.509	1504.902	1594.936	1689.791
143.6	0	0	0	0.292947	4.294189	69.30627	367.1646	698.0718	845.4437	955.588	1044.705	1127.859	1234.844	1327.812	1417.032	1506.759	1595.83	1690.735
143.7	0	0	0	0.292947	4.353014	69.6504	367.6375	698.5159	844.9495	955.2615	1043.042	1129.276	1233.872	1327.515	1416.397	1506.59	1596.903	1690.546
143.8	0	0	0	0.292947	4.353014	69.44392	368.4258	698.3383	845.7401	956.4586	1042.923	1128.245	1234.427	1328.705	1415.603	1506.083	1594.22	1691.112
143.9	0	0	0	0.292947	4.353014	69.3751	368.8199	699.4042	846.1354	956.1321	1042.091	1127.601	1234.15	1327.663	1414.491	1506.252	1595.115	1691.301
144	0	0	0	0.292947	4.353014	69.23745	369.8446	699.7595	846.4319	956.1321	1041.853	1127.214	1232.623	1327.663	1414.173	1505.746	1595.651	1691.868
144.1	0	0	0	0.292947	4.353014	69.44392	370.4752	700.2036	846.8272	955.8056	1042.091	1126.957	1233.733	1328.705	1413.062	1505.915	1595.472	1692.056
144.2	0	0	0	0.292947	4.411838	69.30627	371.1846	699.8483	846.5307	955.6968	1041.497	1124.896	1232.206	1328.705	1411.791	1508.278	1595.651	1691.301
144.3	0	0	0	0.292947	4.411838	69.71922	371.2634	699.9371	846.1354	956.2409	1040.665	1125.54	1231.79	1326.324	1412.426	1508.616	1594.578	1690.168
144.4	0	0	0	0.292947	4.411838	69.78805	370.4752	700.2924	846.1354	956.4586	1041.497	1125.926	1232.345	1325.878	1411.315	1507.096	1594.042	1690.735
144.5	0	0	0	0.292947	4.411838	69.71922	371.0269	700.0259	847.0248	955.3704	1040.665	1124.767	1234.705	1325.729	1411.791	1505.408	1594.757	1689.602
144.6	0	0	0	0.292947	4.411838	69.71922	371.894	700.0259	847.1237	955.9144	1039.596	1124.638	1234.15	1325.133	1412.426	1506.759	1594.399	1690.735
144.7	0	0	0	0.292947	4.411838	69.71922	372.5246	699.5818	847.519	953.3027	1040.19	1125.54	1235.399	1324.538	1412.267	1507.434	1592.075	1689.035
144.8	0	0	0	0.292947	4.411838	69.85687	372.1305	698.96	848.0131	952.7585	1040.546	1127.73	1235.538	1323.496	1412.426	1508.616	1591.18	1688.28
144.9	0	0	0	0.292947	4.353014	69.6504	372.7611	699.6707	847.8154	952.1056	1040.071	1126.57	1234.705	1323.05	1412.585	1508.616	1590.108	1687.525
145	0	0	0	0.292947	4.529487	69.85687	372.9187	699.9371	847.2225	951.6703	1039.12	1127.343	1235.26	1323.645	1413.062	1510.473	1589.929	1686.014
145.1	0	0	0	0.292947	4.529487	69.78805	373.1552	699.7595	846.0366	950.6909	1038.645	1127.601	1234.15	1324.092	1413.538	1509.46	1588.498	1687.713
145.2	0	0	0	0.292947	4.588311	70.201	373.9435	700.1147	846.5307	950.3644	1039.239	1127.086	1233.178	1323.794	1412.585	1508.785	1586.889	1686.392
145.3	0	0	0	0.292947	4.588311	70.54512	374.4952	700.0259	845.4437	949.9291	1039.239	1126.828	1233.178	1324.836	1413.538	1509.291	1587.425	1687.147
145.4	0	0	0	0.292947	4.529487	70.54512	375.1258	700.1147	845.246	949.385	1039.952	1126.313	1234.983	1325.878	1413.062	1510.135	1586.889	1686.769
145.5	0	0	0	0.292947	4.529487	70.75159	375.1258	699.3153	845.3448	949.9291	1039.12	1126.442	1233.039	1327.961	1413.22	1509.291	1588.14	1686.58
145.6	0	0	0	0.292947	4.588311	71.02689	375.6776	699.9371	844.7519	949.4938	1038.883	1125.54	1232.345	1327.515	1412.426	1509.966	1588.498	1685.825
145.7	0	0	0	0.292947	4.588311	71.02689	375.6776	700.6477	844.7519	949.1674	1037.932	1125.024	1234.427	1327.366	1413.062	1508.278	1588.14	1688.28
145.8	0	0	0	0.292947	4.588311	71.30219	375.3623	699.9371	844.6531	949.4938	1037.813	1124.509	1235.538	1326.324	1413.379	1510.135	1587.604	1689.602
145.9	0	0	0	0.292947	4.588311	71.16454	375.4411	701.0918	844.1589	949.385	1036.863	1125.153	1234.983	1324.538	1412.744	1509.798	1587.962	1688.846
146	0	0	0	0.292947	4.588311	71.43983	376.6235	701.1807	844.4554	949.1674	1036.625	1126.055	1234.844	1323.794	1412.744	1509.122	1588.677	1689.413
146.1	0	0	0	0.292947	4.70596	71.78396	376.387	701.7136	844.4554	949.4938	1036.744	1125.669	1234.566	1323.496	1413.538	1509.46	1588.14	1687.713
146.2	0	0	0	0.292947	4.764785	71.92161	377.8847	700.8254	843.7636	948.7321	1038.289	1126.699	1233.872	1323.943	1413.856	1508.953	1588.856	1685.259
146.3	0	0	0	0.292947	4.764785	72.12808	378.4365	700.8254	843.7636	948.8409	1038.883	1127.086	1234.566	1324.836	1413.062	1509.291	1591.359	1686.014
146.4	0	0	0	0.292947	4.823609	72.26573	378.0423	701.003	842.6766	947.3173	1038.526	1127.086	1235.122	1325.58	1411.156	1508.447	1590.108	1686.203
146.5	0	0	0	0.292947	4.823609	72.33456	378.8306	701.003	841.7871	947.535	1036.269	1126.699	1235.399	1325.282	1411.473	1507.94	1589.571	1686.203
146.6	0	0	0	0.292947	4.823609	72.67868	379.067	700.9142	842.0836	946.9908	1036.863	1126.442	1236.51	1324.389	1412.744	1509.291	1589.213	1686.203
146.7	0	0	0	0.292947	4.882434	72.88515	379.2247	700.3812	840.7989	949.4938	1036.744	1126.828	1235.955	1323.496	1412.744	1507.434	1590.286	1686.014
146.8	0	0	0	0.292947	4.882434	72.67868	379.8553	700.3812	841.1942	949.6027	1036.031	1124.638	1236.51	1324.24	1411.156	1506.421	1589.213	1686.958
146.9	0	0	0	0.292947	4.941258	72.60986	380.0918	700.0259	841.5895	949.8203	1035.318	1123.479	1235.26	1325.58	1411.473	1503.889	1588.14	1686.203
147	0	0	0	0.292947	4.941258	72.74751	380.5647	700.6477	841.1942	949.1674	1036.387	1123.479	1234.566	1325.729	1410.044	1504.226	1586.352	1684.881
147.1	0	0	0	0.292947	4.941258	72.81633	380.4859	701.5359	841.293	949.7115	1036.15	1124.123	1233.317	1325.878	1409.091	1503.382	1585.279	1685.636
147.2	0	0	0	0.292947	4.941258	72.81633	381.6682	701.7136	840.8977	950.582	1036.387	1124.38	1232.345	1326.175	1407.662	1503.382	1586.531	1685.636
147.3	0	0	0	0.292947	4.941258	72.88515	382.0624	701.7136	841.886	951.235	1035.437	1124.767	1230.263	1326.026	1409.25	1504.057	1587.425	1685.825
147.4	0	0	0	0.292947	5.000083	72.95398	381.8259	703.2236	842.4789	951.8879	1034.843	1124.896	1230.124	1326.026	1407.662	1503.551	1587.425	1685.448
147.5	0	0	0	0.292947	4.941258	73.22927	382.22	703.4901	842.5778	951.9968	1034.605	1124.767	1228.736	1325.58	1407.662	1502.538	1586.71	1686.203
147.6	0	0	0	0.292947	4.941258	73.0228	383.4812	702.6907	843.566	951.1262	1033.298	1123.479	1229.013	1324.538	1408.773	1503.72	1587.783	1686.014
147.7	0	0	0	0.292947	5.000083	73.0228	383.7965	703.7565	843.2695	951.0173	1033.536	1124.123	1228.875	1323.348	1407.344	1505.07	1587.783	1685.448
147.8	0	0	0	0.292947	5.117732	72.88515	384.506	703.9342	843.0718	951.3438	1032.941	1123.607	1229.152	1324.24	1405.915	1504.057	1588.14	1686.203
147.9	0	0	0	0.292947	5.176557	73.2981	384.2695	704.2895	842.7754	951.4526	1032.941	1124.38	1230.124	1324.092	1404.485	1502.707	1589.035	1685.636
148	0	0	0	0.292947	5.117732	73.57339	384.9789	705.1777	843.566	951.3438	1032.585	1123.994	1228.875	1323.794	1404.962	1502.707	1587.604	1684.692
148.1	0	0	0	0.292947	5.058908	73.64222	386.1613	705.7107	844.1589	951.5615	1032.466	1123.35	1227.903	1324.092	1404.644	1502.032	1588.319	1683.559
148.2	0	0	0	0.292947	5.117732	73.77987	386.8707	705.6219	844.5542	951.5615	1032.704	1122.963	1226.931	1324.836	1405.279	1501.188	1587.246	1683.559
148.3	0	0	0	0.292947	5.117732	73.91752	386.3977	707.0431	844.8507	951.1262	1031.397	1121.546	1227.347	1323.794	1405.756	1502.032	1584.385	1683.559
148.4	0	0	0	0.292947	5.117732	73.91752	386.5554	707.1319	843.9613	951.0173	1031.397	1120	1226.792	1322.455	1405.756	1501.525	1586.173	1683.37
148.5	0	0	0	0.292947	5.176557	73.84869	386.9495	706.6877	844.8507	951.0173	1031.278	1119.227	1227.625	1321.264	1406.55	1500.343	1586.173	1684.503
148.6	0	0	0	0.292947	5.176557	74.19282	387.4225	706.5101	843.6648	951.1262	1032.11	1119.227	1226.931	1320.966	1407.344	1501.019	1588.677	1683.937
148.7	0	0	0	0.292947	5.117732	74.12399	387.3436	706.3325	843.9613	951.3438	1033.298	1118.97	1227.07	1321.859	1407.344	1501.525	1588.498	1683.559
148.8	0	0	0	0.292947	5.117732	74.26164	388.526	706.066	843.7636	951.3438	1034.367	1119.485	1227.903	1321.115	1407.185	1501.694	1588.856	1682.426
148.9	0	0	0	0.292947	5.117732	74.53694	389.1566	705.0001	843.3683	951.3438	1035.793	1120.129	1228.18	1321.264	1409.25	1501.525	1588.319	1682.804
149	0	0	0	0.292947	5.176557	74.53694	388.9989	705.0889	842.8742	950.6909	1036.981	1120.644	1227.764	1320.52	1410.997	1500.85	1589.213	1682.993
149.1	0	0	0	0.292947	5.176557	74.67459	389.3142	704.8224	841.7871	949.9291	1035.199	1120.258	1228.319	1320.669	1411.95	1501.694	1590.644	1681.482
149.2	0	0	0	0.292947	5.176557	75.15636	390.1025	704.3784	841.1942	950.2556	1035.793	1121.288	1228.875	1318.436	1412.744	1502.538	1590.465	1683.748
149.3	0	0	0	0.292947	5.117732	75.43166	390.1025	706.1548	841.6883	949.6027	1035.556	1121.288	1229.013	1318.883	1412.585	1504.226	1590.644	1683.937
149.4	0	0	0	0.292947	5.117732	75.56931	391.6001	706.1548	841.4907	949.1674	1034.961	1120.644	1227.209	1320.669	1412.585	1502.538	1588.677	1683.182
149.5	0	0	0	0.292947	5.117732	75.70695	393.0978	706.3325	841.6883	947.4261	1034.011	1120.644	1228.597	1319.18	1412.744	1502.369	1589.392	1683.182
149.6	0	0	0	0.292947	5.176557	75.8446	393.019	706.5989	841.1942	946.9908	1033.536	1120.644	1227.764	1320.966	1414.491	1501.694	1589.213	1682.615
149.7	0	0	0	0.292947	5.235381	75.56931	393.7284	705.1777	841.5895	947.0997	1034.13	1120.644	1228.319	1319.478	1413.379	1501.019	1588.14	1683.748
149.8	0	0	0	0.292947	5.35303	75.63813	393.5708	705.7995	841.293	946.6644	1034.249	1121.804	1228.597	1319.18	1414.332	1499.837	1588.319	1684.315
149.9	0	0	0	0.292947	5.35303	75.56931	393.5708	705.533	842.4789	947.3173	1034.249	1121.675	1228.042	1318.287	1414.491	1498.993	1589.75	1683.748
150	0	0	0	0.292947	5.35303	75.91343	393.4131	704.6448	842.1824	947.6438	1033.892	1121.804	1228.597	1317.097	1412.903	1499.668	1588.677	1683.37
150.1	0	0	0	0.292947	5.35303	76.25755	393.4131	703.4012	842.4789	947.4261	1033.773	1120.516	1228.18	1315.757	1412.109	1499.668	1587.962	1682.993
150.2	0	0	0	0.292947	5.35303	76.53285	393.4919	702.1577	842.6766	947.3173	1032.466	1120.129	1228.18	1315.311	1411.473	1499.837	1587.068	1682.804
150.3	0	0	0	0.292947	5.35303	76.80815	393.1766	702.0689	842.8742	947.4261	1033.417	1120	1228.458	1315.46	1409.885	1499.837	1586.71	1681.105
150.4	0	0	0	0.292947	5.411854	76.9458	393.4919	701.7136	842.5778	947.2085	1032.941	1119.871	1227.903	1315.013	1408.615	1499.33	1587.962	1681.105
150.5	0	0	0	0.292947	5.411854	76.80815	394.359	701.7136	842.2813	946.5555	1032.229	1119.099	1227.903	1315.757	1407.979	1498.993	1588.14	1682.049
150.6	0	0	0	0.292947	5.470679	76.73933	395.1472	701.6248	842.0836	946.2291	1031.516	1119.614	1225.82	1315.906	1409.25	1500.006	1587.068	1681.293
150.7	0	0	0	0.292947	5.529503	76.9458	395.699	702.1577	841.293	946.3379	1032.347	1120	1226.653	1318.734	1408.456	1500.006	1586.71	1680.16
150.8	0	0	0	0.292947	5.470679	77.56522	395.5414	703.046	840.7001	945.5761	1032.466	1119.614	1227.07	1317.99	1408.138	1498.486	1584.564	1678.65
150.9	0	0	0	0.292947	5.470679	77.70287	395.9355	702.8683	840.7989	944.0526	1033.06	1119.227	1226.653	1316.353	1407.503	1497.98	1584.922	1681.105
151	0	0	0	0.292947	5.470679	77.35874	396.172	701.2695	840.0083	943.3997	1033.654	1117.681	1225.959	1316.948	1407.82	1497.473	1585.279	1680.16
151.1	0	0	0	0.292947	5.529503	77.42757	396.0931	702.1577	840.3047	943.835	1033.179	1116.908	1226.515	1317.841	1406.867	1497.642	1584.385	1680.16
151.2	0	0	0	0.292947	5.588328	77.28992	396.7237	701.98	840.2059	945.9026	1032.941	1117.037	1226.515	1317.99	1407.185	1497.473	1584.027	1679.594
151.3	0	0	0	0.292947	5.588328	76.9458	397.9849	701.1807	840.5024	946.882	1032.466	1116.393	1225.543	1316.799	1405.438	1496.123	1585.1	1679.783
151.4	0	0	0	0.292947	5.588328	77.56522	398.5367	701.2695	840.6013	947.4261	1032.941	1117.81	1224.432	1316.799	1406.391	1495.616	1584.206	1680.916
151.5	0	0	0	0.292947	5.588328	77.35874	399.5614	700.8254	840.8977	947.3173	1032.704	1118.326	1222.211	1316.799	1407.026	1496.629	1584.564	1680.538
151.6	0	0	0	0.292947	5.588328	77.70287	399.2461	700.2924	840.8977	949.0585	1032.11	1118.454	1221.656	1316.353	1406.55	1496.798	1584.564	1679.216
151.7	0	0	0	0.292947	5.588328	77.90934	399.4038	700.3812	840.1071	948.6232	1031.397	1117.424	1220.406	1317.246	1406.709	1494.603	1583.849	1679.594
151.8	0	0	0	0.292947	5.588328	78.11581	400.2708	700.6477	839.5142	947.6438	1031.397	1117.681	1220.406	1317.543	1405.597	1493.759	1583.67	1679.972
151.9	0	0	0	0.292947	5.588328	78.11581	399.9555	701.3583	838.1306	948.4056	1031.634	1116.135	1220.823	1318.585	1404.167	1492.409	1584.385	1678.461
152	0	0	0	0.292947	5.529503	78.39111	399.7191	701.0918	837.1424	948.7321	1031.278	1115.234	1220.823	1318.585	1405.279	1493.759	1585.816	1677.328
152.1	0	0	0	0.292947	5.588328	78.25346	399.7191	700.7365	837.6365	948.8409	1032.347	1115.749	1220.406	1318.883	1404.644	1493.759	1584.564	1677.139
152.2	0	0	0	0.292947	5.588328	78.39111	399.6402	700.2924	838.3283	948.9497	1032.823	1114.203	1220.267	1319.18	1403.85	1494.097	1585.995	1676.573
152.3	0	0	0	0.292947	5.588328	78.66641	399.5614	701.8912	838.0318	949.7115	1033.298	1116.522	1220.267	1317.99	1402.897	1494.941	1586.173	1676.573
152.4	0	0	0	0.292947	5.588328	78.45994	400.1132	702.3354	838.2294	948.5144	1032.704	1117.424	1220.962	1318.287	1403.214	1494.435	1584.922	1676.762
152.5	0	0	0	0.292947	5.588328	78.73524	400.4285	701.8912	838.8224	948.4056	1033.06	1117.939	1220.406	1317.543	1402.579	1494.266	1586.531	1677.328
152.6	0	0	0	0.292947	5.647152	78.87289	400.192	702.4242	839.0201	948.4056	1032.823	1117.037	1220.962	1316.502	1402.579	1493.422	1586.531	1675.44
152.7	0	0	0	0.292947	5.647152	78.94171	401.4532	703.4012	839.4153	948.4056	1032.229	1116.135	1221.517	1316.65	1401.309	1493.253	1586.71	1674.685
152.8	0	0	0	0.292947	5.588328	78.87289	402.2415	703.6677	838.2294	947.8615	1033.06	1115.62	1221.656	1316.055	1401.944	1493.422	1587.783	1672.419
152.9	0	0	0	0.292947	5.647152	78.73524	402.2415	703.7565	836.1541	948.0791	1033.06	1115.62	1222.211	1315.46	1402.262	1492.915	1586.531	1673.174
153	0	0	0	0.292947	5.529503	79.4923	402.3203	703.4012	835.5612	946.9908	1034.011	1116.522	1222.627	1316.204	1401.785	1495.279	1585.995	1673.929
153.1	0	0	0	0.292947	5.647152	79.4923	402.872	702.6019	835.8577	946.4467	1032.941	1116.135	1223.599	1316.353	1401.944	1496.123	1585.637	1674.307
153.2	0	0	0	0.292947	5.647152	79.4923	403.1873	703.1348	836.3518	946.4467	1032.941	1115.491	1224.016	1315.46	1402.262	1496.798	1585.637	1674.307
153.3	0	0	0	0.292947	5.705977	79.35465	403.6603	703.5789	836.6483	947.2085	1032.347	1114.332	1224.571	1314.567	1402.738	1495.448	1584.922	1671.474
153.4	0	0	0	0.292947	5.647152	79.14818	404.2909	703.2236	837.4388	947.0997	1032.11	1116.007	1224.987	1313.079	1402.262	1494.772	1584.206	1671.286
153.5	0	0	0	0.292947	5.764802	79.56113	404.9215	704.023	837.1424	948.2968	1031.516	1116.135	1224.155	1313.972	1402.579	1493.59	1583.312	1670.53
153.6	0	0	0	0.292947	5.764802	79.83643	404.6062	704.7336	836.8459	946.882	1032.466	1116.522	1223.183	1312.334	1402.103	1493.759	1582.06	1669.964
153.7	0	0	0	0.292947	5.764802	80.11172	404.2909	704.556	836.253	947.0997	1031.278	1116.651	1222.766	1312.483	1401.467	1493.253	1582.954	1669.209
153.8	0	0	0	0.292947	5.882451	80.3182	405.5521	704.7336	837.0436	947.4261	1030.921	1116.522	1222.627	1311.888	1401.944	1494.941	1583.312	1668.642
153.9	0	0	0	0.292947	5.941275	80.45585	405.3944	705.0889	837.0436	948.8409	1030.565	1115.749	1223.183	1311.59	1403.373	1494.603	1582.418	1667.509
154	0	0	0	0.292947	5.882451	80.5935	405.9462	704.6448	837.2412	947.8615	1031.516	1114.976	1222.211	1312.037	1403.056	1494.772	1581.703	1667.32
154.1	0	0	0	0.292947	5.882451	80.93762	406.3403	704.556	836.4506	947.6438	1032.229	1115.62	1222.072	1312.186	1404.644	1492.071	1581.882	1669.02
154.2	0	0	0	0.292947	5.941275	81.07526	406.7344	704.023	835.8577	947.3173	1031.04	1116.908	1221.1	1310.549	1403.691	1490.383	1582.954	1669.02
154.3	0	0	0	0.292947	5.882451	81.35056	406.9709	704.023	837.1424	947.0997	1030.803	1117.037	1220.545	1310.697	1403.532	1490.72	1582.776	1667.698
154.4	0	0	0	0.2441225	5.882451	81.48821	407.2862	703.9342	837.34	947.3173	1031.516	1117.553	1220.267	1311.144	1403.373	1492.071	1582.776	1668.453
154.5	0	0	0	0.2441225	5.823626	81.90116	409.0204	704.6448	837.7354	946.7732	1030.803	1117.295	1219.99	1310.995	1402.897	1492.071	1583.312	1669.397
154.6	0	0	0	0.2441225	5.882451	81.76351	409.9662	704.4672	839.1189	945.9026	1030.803	1118.712	1217.769	1309.953	1402.103	1492.746	1583.491	1669.02
154.7	0	0	0	0.2441225	5.823626	81.90116	410.3604	703.3124	840.1071	946.9908	1029.852	1117.424	1216.797	1310.846	1401.467	1493.59	1583.312	1671.663
154.8	0	0	0	0.2441225	5.882451	82.17646	410.5969	702.6019	838.7236	946.7732	1029.971	1117.166	1217.074	1309.804	1399.879	1492.071	1581.345	1671.663
154.9	0	0	0	0.2441225	5.941275	82.52058	411.4639	703.046	839.0201	946.3379	1029.852	1115.878	1216.936	1310.549	1399.879	1491.564	1581.345	1670.342
155	0	0	0	0.292947	6.0001	82.58941	411.9369	702.7795	838.6248	946.2291	1029.971	1114.719	1216.936	1309.507	1400.832	1492.746	1580.987	1670.908
155.1	0	0	0	0.292947	6.0001	82.79588	411.858	702.513	838.9212	946.3379	1030.684	1113.688	1215.409	1309.804	1401.309	1492.577	1580.63	1670.153
155.2	0	0	0	0.292947	6.0001	83.00235	412.1733	702.2465	838.8224	946.1202	1029.971	1114.074	1215.27	1309.953	1400.991	1492.915	1582.06	1670.719
155.3	0	0	0	0.292947	5.941275	83.14	412.5675	703.9342	839.0201	947.0997	1028.664	1114.59	1216.797	1310.102	1399.085	1492.24	1581.524	1671.286
155.4	0	0	0	0.292947	5.941275	83.4153	413.4345	704.2895	838.7236	947.0997	1028.901	1114.847	1216.241	1309.507	1397.179	1491.058	1582.06	1672.041
155.5	0	0	0	0.292947	6.0001	83.27765	412.8828	704.023	838.4271	947.0997	1029.614	1115.491	1215.547	1308.614	1396.385	1490.72	1581.882	1670.342
155.6	0	0	0	0.292947	5.941275	83.48412	412.4886	704.8224	837.34	946.1202	1029.258	1114.719	1215.964	1309.804	1394.161	1490.72	1582.418	1667.887
155.7	0	0	0	0.292947	6.0001	83.55295	411.858	704.6448	837.933	945.3585	1029.139	1114.074	1215.964	1309.804	1393.367	1490.045	1582.776	1668.265
155.8	0	0	0	0.292947	6.0001	83.62177	412.1733	705.4442	838.8224	945.3585	1028.307	1113.946	1215.409	1310.4	1392.891	1491.902	1582.597	1668.642
155.9	0	0	0	0.292947	6.0001	83.48412	411.7004	705.533	838.2294	945.6849	1028.664	1114.847	1215.825	1309.953	1394.161	1491.396	1582.597	1669.586
156	0	0	0	0.292947	6.0001	83.6906	411.6216	705.1777	838.4271	946.6644	1028.307	1114.59	1216.38	1308.763	1394.003	1491.058	1582.06	1669.964
156.1	0	0	0	0.292947	5.941275	83.89707	411.7792	705.0889	837.933	947.3173	1029.139	1114.074	1216.241	1309.507	1394.32	1489.876	1581.166	1669.775
156.2	0	0	0	0.292947	5.941275	83.6906	413.1192	705.6219	837.8342	947.2085	1029.614	1113.173	1215.964	1310.549	1394.003	1489.032	1580.987	1669.775
156.3	0	0	0	0.292947	5.941275	83.75942	412.9616	706.5101	837.34	947.3173	1030.446	1112.528	1217.491	1310.995	1396.067	1490.889	1580.987	1666.943
156.4	0	0	0	0.292947	6.0001	83.82825	412.6463	706.9542	837.7354	946.5555	1031.159	1112.271	1217.491	1309.953	1396.226	1493.59	1579.378	1667.509
156.5	0	0	0	0.292947	6.117749	83.9659	412.9616	706.5101	837.5377	946.0114	1029.733	1113.43	1216.519	1311.293	1398.132	1490.889	1578.663	1667.132
156.6	0	0	0	0.292947	6.117749	84.10355	413.1981	706.3325	836.8459	945.7938	1028.901	1113.559	1216.936	1310.549	1398.291	1491.058	1579.736	1668.831
156.7	0	0	0	0.292947	6.117749	84.31002	413.9863	706.6877	837.4388	946.1202	1028.07	1113.301	1216.936	1310.995	1397.973	1491.396	1580.451	1668.642
156.8	0	0	0	0.292947	6.117749	84.31002	414.2228	706.5101	837.7354	946.5555	1029.495	1112.657	1216.936	1311.442	1395.909	1493.59	1579.915	1668.265
156.9	0	0	0	0.292947	6.117749	84.10355	414.2228	706.4213	838.1306	947.2085	1029.139	1113.301	1217.63	1311.144	1394.32	1492.071	1580.987	1668.265
157	0	0	0	0.292947	6.117749	84.10355	415.484	706.4213	836.8459	946.882	1028.901	1113.044	1218.324	1311.59	1394.32	1492.577	1579.02	1668.076
157.1	0	0	0	0.292947	6.117749	84.2412	415.7204	706.5101	837.7354	946.6644	1027.832	1113.301	1217.769	1310.697	1393.685	1493.253	1576.875	1666.943
157.2	0	0	0	0.292947	6.117749	84.51649	415.484	706.6877	837.7354	945.9026	1028.426	1113.688	1217.63	1308.465	1394.479	1492.577	1577.59	1669.964
157.3	0	0	0	0.292947	6.176573	84.86062	415.9569	706.5989	837.2412	944.9232	1027.594	1113.173	1218.185	1309.656	1395.432	1491.733	1577.769	1669.209
157.4	0	0	0	0.292947	6.176573	84.79179	415.9569	706.8654	837.5377	943.6173	1027	1112.4	1217.769	1309.507	1396.544	1491.396	1575.802	1669.397
157.5	0	0	0	0.292947	6.235398	84.99826	415.4052	706.4213	837.7354	944.0526	1026.525	1110.983	1218.046	1308.614	1395.273	1490.72	1574.55	1668.831
157.6	0	0	0	0.292947	6.235398	85.13591	415.5628	707.0431	837.1424	943.7261	1027	1111.498	1217.491	1308.465	1394.32	1489.707	1572.404	1668.453
157.7	0	0	0	0.292947	6.235398	85.20473	416.351	706.6877	837.5377	944.2703	1026.287	1112.142	1217.213	1307.274	1393.367	1489.707	1572.761	1668.831
157.8	0	0	0	0.292947	6.235398	85.34238	417.1393	706.4213	838.5259	944.5967	1025.455	1111.884	1216.936	1306.977	1394.161	1489.707	1571.689	1667.509
157.9	0	0	0	0.292947	6.117749	85.54886	417.2969	707.0431	837.933	943.182	1024.743	1111.498	1217.769	1305.637	1394.003	1488.357	1571.51	1666.565
158	0	0	0	0.292947	6.176573	85.82416	417.3758	707.0431	839.1189	943.6173	1024.148	1111.884	1217.907	1306.53	1394.161	1489.876	1572.225	1665.621
158.1	0	0	0	0.292947	6.235398	85.54886	417.7699	707.7537	839.0201	944.8143	1024.743	1111.884	1217.63	1306.53	1394.32	1488.694	1572.761	1667.132
158.2	0	0	0	0.292947	6.235398	85.54886	417.8487	707.1319	837.6365	945.032	1024.505	1110.854	1217.63	1306.828	1393.526	1486.331	1572.225	1666.187
158.3	0	0	0	0.292947	6.176573	85.48003	417.7699	707.0431	837.5377	944.379	1024.861	1109.952	1217.769	1307.423	1393.685	1484.305	1572.225	1666.187
158.4	0	0	0	0.292947	6.235398	85.68651	417.2181	707.1319	837.6365	944.379	1024.267	1108.921	1216.658	1308.019	1394.638	1485.824	1573.656	1667.698
158.5	0	0	0	0.292947	6.235398	85.68651	416.824	707.4872	837.933	943.9438	1024.267	1109.05	1216.103	1306.679	1394.638	1486.331	1574.729	1667.32
158.6	0	0	0	0.292947	6.235398	85.82416	416.9028	706.9542	838.1306	944.379	1023.911	1108.921	1215.131	1307.274	1394.161	1485.318	1574.55	1666.376
158.7	0	0	0	0.292947	6.235398	85.75533	417.0605	706.3325	837.8342	945.1408	1025.455	1110.21	1214.576	1306.53	1393.209	1486.669	1573.298	1665.621
158.8	0	0	0	0.292947	6.294222	86.03063	417.2969	706.066	836.8459	945.6849	1025.337	1110.983	1214.02	1307.572	1392.732	1486.669	1573.477	1665.432
158.9	0	0	0	0.292947	6.294222	85.89298	418.0063	706.3325	836.6483	944.5967	1025.337	1110.21	1213.743	1308.019	1392.891	1486.5	1575.265	1664.677
159	0	0	0	0.292947	6.294222	86.03063	416.9816	707.2207	836.6483	944.379	1026.525	1110.725	1214.992	1306.977	1392.891	1485.824	1574.907	1664.299
159.1	0	0	0	0.292947	6.294222	86.09946	417.2969	706.6877	836.4506	944.9232	1025.099	1110.081	1214.576	1307.572	1391.303	1484.812	1575.265	1664.866
159.2	0	0	0	0.292947	6.294222	86.37476	417.4546	707.3095	836.5494	944.2703	1024.505	1108.921	1214.992	1306.977	1392.256	1484.98	1576.696	1664.11
159.3	0	0	0	0.292947	6.294222	86.7877	417.9275	706.8654	837.0436	944.0526	1024.861	1108.535	1214.714	1305.935	1392.891	1485.993	1575.623	1664.488
159.4	0	0	0	0.292947	6.294222	86.99417	418.164	707.1319	836.9448	944.1614	1024.861	1108.664	1214.298	1305.637	1391.462	1485.487	1573.834	1665.999
159.5	0	0	0	0.292947	6.353046	86.7877	417.2181	707.2207	836.6483	943.7261	1024.743	1108.535	1214.159	1304.298	1391.144	1484.136	1573.834	1666.565
159.6	0	0	0	0.292947	6.353046	87.13182	417.8487	706.9542	836.1541	942.4202	1023.673	1108.792	1214.992	1304.744	1390.667	1485.318	1572.046	1665.243
159.7	0	0	0	0.292947	6.353046	86.85653	418.5581	706.5989	836.1541	942.9644	1022.841	1108.664	1214.992	1304.596	1389.238	1485.824	1572.046	1663.544
159.8	0	0	0	0.292947	6.294222	87.063	418.637	706.3325	835.4623	943.7261	1022.841	1109.179	1215.547	1304.447	1389.079	1483.967	1570.258	1662.222
159.9	0	0	0	0.292947	6.353046	86.92535	418.637	706.7766	835.1659	943.5085	1022.01	1109.05	1215.409	1304	1387.808	1483.461	1569.364	1663.355
160	0	0	0	0.292947	6.353046	86.99417	418.8734	706.5989	834.7706	943.9438	1023.435	1108.02	1213.881	1304	1387.967	1484.136	1570.437	1663.544
160.1	0	0	0	0.292947	6.353046	87.20065	419.1099	706.3325	834.8694	944.379	1023.317	1107.375	1213.743	1304.298	1390.032	1483.461	1571.152	1662.222
160.2	0	0	0	0.2441225	6.411871	87.26947	419.3464	705.9772	835.2647	945.032	1023.198	1106.731	1213.187	1304.447	1387.808	1484.643	1571.331	1662.411
160.3	0	0	0	0.2441225	6.411871	87.13182	419.5829	706.5101	836.0553	946.1202	1023.079	1107.375	1212.632	1303.851	1389.079	1483.292	1570.616	1661.844
160.4	0	0	0	0.2441225	6.411871	87.33829	420.4499	706.6877	835.3635	946.7732	1022.723	1107.247	1212.077	1303.851	1388.92	1481.773	1570.616	1661.467
160.5	0	0	0	0.2441225	6.353046	87.40712	420.6076	706.9542	833.6835	947.4261	1022.485	1106.603	1211.105	1304.298	1388.92	1484.305	1568.827	1659.956
160.6	0	0	0	0.2441225	6.411871	87.33829	420.2134	706.5989	833.8812	946.882	1023.198	1107.118	1210.411	1303.703	1388.126	1483.799	1568.112	1661.089
160.7	0	0	0	0.2441225	6.470695	87.33829	420.6076	706.5101	833.2882	946.882	1022.604	1104.412	1209.994	1304.149	1389.079	1484.305	1566.682	1659.39
160.8	0	0	0	0.2441225	6.470695	87.33829	420.6076	706.4213	833.8812	945.7938	1021.534	1103.897	1211.799	1304.893	1389.238	1484.474	1565.966	1660.145
160.9	0	0	0	0.2441225	6.470695	87.40712	420.4499	706.5989	833.6835	944.9232	1021.297	1104.799	1212.216	1304	1388.285	1484.305	1565.609	1661.467
161	0	0	0	0.2441225	6.470695	87.47594	420.0558	706.7766	833.4859	944.379	1022.366	1105.057	1214.159	1304	1388.126	1484.98	1564.178	1661.278
161.1	0	0	0	0.2441225	6.470695	87.54477	420.844	706.3325	833.1894	944.2703	1021.415	1104.799	1212.216	1304.447	1389.079	1485.318	1563.463	1660.523
161.2	0	0	0	0.2441225	6.470695	87.26947	421.0017	707.0431	832.3	944.0526	1021.297	1105.185	1212.493	1304.149	1390.35	1484.98	1564.536	1660.9
161.3	0	0	0	0.2441225	6.52952	87.20065	421.0017	706.3325	832.3988	943.5085	1020.821	1106.087	1212.632	1303.256	1389.238	1485.149	1566.503	1661.089
161.4	0	0	0	0.2441225	6.52952	87.75124	421.3958	706.9542	832.3988	944.7055	1021.415	1107.247	1212.493	1303.405	1390.191	1484.474	1567.039	1659.39
161.5	0	0	0	0.2441225	6.588345	88.02654	421.0017	707.576	831.8058	945.1408	1020.703	1107.633	1213.881	1302.363	1390.509	1484.643	1567.933	1660.334
161.6	0	0	0	0.2441225	6.588345	88.23302	421.7111	707.8425	831.5094	944.5967	1020.465	1106.474	1214.714	1303.703	1391.462	1484.305	1565.072	1658.634
161.7	0	0	0	0.2441225	6.588345	88.43949	421.7111	706.7766	831.707	944.379	1020.108	1106.345	1214.853	1301.917	1391.938	1483.967	1564.714	1657.501
161.8	0	0	0	0.2441225	6.647169	87.82007	421.4746	705.6219	831.6082	943.835	1020.108	1106.087	1215.131	1300.875	1394.161	1483.461	1563.284	1656.557
161.9	0	0	0	0.2441225	6.647169	87.88889	422.1052	705.3554	831.3118	943.3997	1022.01	1106.731	1215.131	1300.131	1393.844	1482.954	1563.641	1656.369
162	0	0	0	0.2441225	6.647169	88.37067	422.9723	705.0001	830.8176	942.3114	1023.198	1108.277	1215.547	1300.875	1392.414	1483.967	1564.178	1655.991
162.1	0	0	0	0.2441225	6.705994	88.50832	423.2876	705.3554	831.5094	941.7673	1022.01	1107.118	1214.576	1301.024	1390.985	1483.461	1565.787	1655.613
162.2	0	0	0	0.2441225	6.647169	88.78362	423.1299	704.6448	830.3235	941.6584	1022.723	1105.83	1216.797	1301.917	1390.826	1481.942	1566.503	1656.557
162.3	0	0	0	0.2441225	6.588345	88.71479	422.9723	704.7336	830.1259	941.6584	1024.98	1105.958	1215.131	1302.512	1391.144	1482.448	1566.503	1658.068
162.4	0	0	0	0.2441225	6.52952	88.71479	422.4994	704.023	829.7305	940.7878	1024.148	1106.474	1215.131	1302.661	1391.62	1479.916	1566.503	1656.935
162.5	0	0	0	0.2441225	6.52952	88.57714	423.2876	704.4672	829.4341	941.2231	1023.317	1107.375	1214.853	1302.661	1390.985	1479.578	1567.754	1656.557
162.6	0	0	0	0.2441225	6.470695	88.64597	422.8935	704.8224	828.8411	939.6996	1022.841	1107.247	1214.576	1303.554	1391.62	1478.734	1568.649	1655.802
162.7	0	0	0	0.2441225	6.411871	88.92126	422.657	705.0889	829.3353	938.6114	1021.534	1104.284	1214.437	1301.47	1393.05	1478.903	1569.364	1655.236
162.8	0	0	0	0.2441225	6.411871	88.71479	422.3417	704.6448	829.4341	938.829	1021.534	1103.64	1214.853	1301.917	1391.938	1478.734	1568.649	1657.879
162.9	0	0	0	0.2441225	6.52952	88.85244	423.2088	705.1777	828.9399	938.0673	1020.703	1103.897	1214.159	1301.917	1390.985	1478.565	1568.827	1656.935
163	0	0	0	0.2441225	6.52952	89.19656	424.0758	705.0001	828.7423	938.9378	1021.534	1102.48	1212.216	1301.173	1388.761	1478.734	1568.649	1656.369
163.1	0	0	0	0.2441225	6.470695	89.40303	424.0758	704.3784	828.7423	939.2643	1021.178	1102.609	1212.632	1301.322	1387.808	1477.721	1569.185	1656.935
163.2	0	0	0	0.2441225	6.52952	89.54068	424.9429	703.4012	829.0388	940.0261	1021.415	1103.382	1212.771	1302.512	1386.22	1475.864	1570.794	1655.991
163.3	0	0	0	0.2441225	6.588345	89.67833	425.1794	703.9342	829.4341	939.3731	1022.366	1103.64	1214.159	1302.066	1385.267	1476.539	1570.794	1657.124
163.4	0	0	0	0.2441225	6.52952	89.74715	425.337	703.2236	829.3353	939.0466	1021.772	1102.867	1214.02	1302.066	1384.791	1475.357	1567.933	1654.292
163.5	0	0	0	0.2441225	6.52952	90.09128	425.8888	702.4242	829.0388	937.9584	1022.96	1102.351	1214.437	1302.661	1383.997	1476.033	1567.218	1655.613
163.6	0	0	0	0.2441225	6.588345	90.29775	425.6523	701.7136	829.6317	938.1761	1021.653	1102.609	1214.576	1303.256	1383.203	1475.357	1567.218	1654.292
163.7	0	0	0	0.2441225	6.588345	90.36658	426.1253	701.7136	830.3235	937.5231	1021.178	1102.351	1214.576	1303.554	1387.173	1476.033	1566.503	1655.236
163.8	0	0	0	0.2441225	6.588345	90.7107	426.2041	701.1807	831.1141	936.6525	1020.465	1102.609	1214.437	1303.703	1385.426	1476.708	1567.754	1655.991
163.9	0	0	0	0.2441225	6.52952	90.50423	426.2041	701.0918	831.2129	935.9996	1020.227	1102.609	1214.714	1304.596	1386.697	1478.565	1568.827	1657.501
164	0	0	0	0.2441225	6.52952	90.57305	426.0464	701.0918	830.7188	935.9996	1020.108	1101.707	1213.049	1303.703	1387.332	1478.565	1568.47	1658.446
164.1	0	0	0	0.2441225	6.588345	90.64188	426.5194	701.003	830.1259	935.4554	1019.158	1102.48	1212.354	1305.191	1387.014	1480.591	1566.145	1655.613
164.2	0	0	0	0.2441225	6.52952	91.05482	427.5441	700.7365	830.3235	936.6525	1019.871	1101.965	1212.354	1304.744	1385.267	1479.072	1565.609	1655.424
164.3	0	0	0	0.2441225	6.647169	91.05482	427.3076	701.3583	830.7188	936.1084	1019.277	1101.707	1212.354	1303.256	1384.95	1478.565	1566.682	1655.236
164.4	0	0	0	0.195298	6.588345	90.7107	427.7806	701.4471	829.8293	936.6525	1019.039	1101.192	1212.493	1303.703	1384.156	1479.578	1563.105	1655.802
164.5	0	0	0	0.195298	6.647169	91.05482	427.7018	701.8024	829.5329	937.0878	1017.613	1101.449	1212.493	1303.703	1384.473	1477.214	1563.463	1654.669
164.6	0	0	0	0.195298	6.588345	91.05482	428.1747	702.6907	829.3353	937.4143	1017.97	1102.222	1212.216	1303.554	1383.044	1476.37	1564.178	1654.48
164.7	0	0	0	0.195298	6.470695	90.91718	428.0959	702.1577	830.3235	936.7614	1016.781	1102.222	1212.632	1303.405	1382.885	1476.708	1564.178	1655.047
164.8	0	0	0	0.195298	6.353046	90.77953	429.2783	702.0689	830.5211	937.7408	1017.019	1101.321	1212.771	1301.768	1382.885	1475.188	1563.999	1654.858
164.9	0	0	0	0.195298	6.294222	90.84835	429.4359	703.5789	830.1259	937.0878	1017.375	1101.063	1213.049	1300.131	1383.203	1476.201	1562.39	1654.858
165	0	0	0	0.195298	6.294222	90.84835	429.6724	702.6907	830.1259	936.6525	1015.712	1101.063	1213.326	1300.28	1383.997	1475.526	1560.959	1655.424
165.1	0	0	0	0.195298	6.294222	90.91718	430.303	703.3124	829.5329	935.4554	1014.88	1101.836	1212.771	1300.28	1383.361	1475.357	1561.674	1653.536
165.2	0	0	0	0.195298	6.294222	90.98599	430.1453	703.046	830.027	935.8907	1014.642	1102.351	1212.91	1300.131	1382.567	1475.357	1560.065	1652.781
165.3	0	0	0	0.195298	6.235398	91.19247	429.9877	701.8024	829.7305	935.8907	1014.999	1101.965	1212.493	1298.196	1381.297	1473.669	1559.529	1652.592
165.4	0	0	0	0.195298	6.294222	91.26129	429.83	702.8683	829.8293	935.4554	1016.544	1102.222	1211.521	1298.047	1383.838	1474.513	1558.813	1653.536
165.5	0	0	0	0.195298	6.353046	91.33012	429.7512	704.2007	830.027	936.2172	1015.593	1101.449	1211.383	1298.643	1384.632	1473.5	1559.707	1652.592
165.6	0	0	0	0.195298	6.353046	91.33012	429.83	703.7565	830.7188	935.8907	1015.237	1101.192	1211.66	1298.047	1383.838	1475.02	1560.423	1652.592
165.7	0	0	0	0.195298	6.470695	91.53659	429.9088	704.556	830.2247	935.5643	1014.999	1101.578	1210.827	1297.75	1383.361	1475.188	1559.707	1652.026
165.8	0	0	0	0.195298	6.470695	91.60542	430.5395	704.4672	830.4223	936.2172	1014.761	1099.646	1210.55	1298.643	1383.52	1476.033	1560.78	1652.403
165.9	0	0	0	0.195298	6.470695	91.88071	430.3818	703.6677	830.2247	936.1084	1015.712	1100.548	1209.856	1299.684	1382.567	1477.046	1561.138	1650.893
166	0	0	0	0.195298	6.470695	92.15601	430.303	702.9572	830.8176	935.5643	1015.831	1100.548	1208.884	1301.173	1383.044	1477.552	1560.78	1650.704
166.1	0	0	0	0.195298	6.470695	92.01836	430.7759	702.6019	830.2247	935.3466	1015.355	1100.032	1209.023	1301.173	1382.25	1476.37	1561.496	1650.515
166.2	0	0	0	0.195298	6.470695	92.08719	430.7759	703.1348	831.5094	935.7819	1016.068	1099.904	1209.994	1301.47	1381.932	1476.877	1560.423	1650.137
166.3	0	0	0	0.195298	6.52952	92.29366	431.5642	703.7565	830.62	934.476	1016.781	1100.161	1209.161	1300.429	1382.567	1475.526	1561.853	1650.515
166.4	0	0	0	0.195298	6.470695	91.94954	431.0912	703.5789	831.3118	934.6937	1017.138	1099.002	1208.467	1300.131	1383.203	1475.526	1560.78	1649.193
166.5	0	0	0	0.195298	6.470695	91.81189	430.8547	703.4901	831.2129	935.7819	1015.95	1097.971	1206.107	1300.28	1381.456	1474.513	1560.78	1646.739
166.6	0	0	0	0.195298	6.470695	91.60542	431.2489	702.9572	831.5094	935.7819	1014.88	1099.775	1206.94	1300.28	1380.82	1476.877	1560.423	1647.871
166.7	0	0	0	0.195298	6.470695	91.81189	431.7218	702.0689	831.3118	936.326	1015.118	1099.775	1206.663	1299.089	1381.614	1477.89	1559.529	1646.739
166.8	0	0	0	0.2441225	6.470695	92.15601	432.1948	701.8912	831.5094	937.0878	1015.831	1100.161	1205.83	1300.131	1380.503	1477.046	1560.423	1647.871
166.9	0	0	0	0.2441225	6.353046	92.22484	431.8795	701.4471	831.707	936.326	1014.642	1098.873	1206.524	1298.494	1380.503	1477.383	1559.529	1650.515
167	0	0	0	0.2441225	6.353046	92.15601	431.8795	701.3583	832.6953	935.8907	1014.167	1098.487	1205.969	1298.94	1379.708	1476.539	1559.171	1651.459
167.1	0	0	0	0.2441225	6.353046	92.50014	432.3524	701.4471	831.8058	934.3672	1014.405	1099.131	1204.719	1298.345	1381.138	1475.357	1559.707	1650.515
167.2	0	0	0	0.2441225	6.353046	92.84426	432.1948	701.98	832.1024	934.3672	1015.831	1098.873	1204.58	1297.899	1379.867	1473.669	1557.74	1648.816
167.3	0	0	0	0.2441225	6.294222	92.77544	432.3524	702.2465	832.3	933.1701	1017.613	1099.517	1203.747	1295.517	1380.344	1474.344	1558.098	1650.515
167.4	0	0	0	0.2441225	6.294222	93.05073	432.8253	701.7136	831.2129	933.4966	1017.97	1099.26	1202.776	1295.815	1383.361	1476.37	1557.383	1650.893
167.5	0	0	0	0.2441225	6.411871	93.32603	432.8253	702.9572	831.0153	933.7142	1017.732	1100.419	1203.053	1295.369	1383.679	1475.188	1557.74	1649.948
167.6	0	0	0	0.2441225	6.411871	93.46368	433.5348	702.513	832.1024	933.1701	1018.801	1101.192	1202.776	1295.369	1383.044	1474.513	1557.919	1649.76
167.7	0	0	0	0.2441225	6.52952	93.32603	433.2195	702.6907	832.7941	934.2584	1018.207	1101.063	1203.747	1295.517	1382.091	1474.513	1559.35	1648.438
167.8	0	0	0	0.2441225	6.52952	93.60133	434.0077	701.7136	833.3871	933.1701	1016.9	1100.29	1205.413	1297.899	1380.185	1473.5	1558.098	1648.438
167.9	0	0	0	0.2441225	6.52952	93.32603	433.9289	701.7136	832.5964	933.7142	1016.187	1100.161	1204.441	1296.708	1378.438	1473.163	1557.919	1649.004
168	0	0	0	0.2441225	6.52952	93.32603	434.1654	701.5359	832.3988	933.2789	1016.544	1099.775	1204.164	1297.452	1379.55	1473.331	1558.098	1647.871
168.1	0	0	0	0.2441225	6.470695	93.60133	434.6383	700.6477	831.5094	933.1701	1017.732	1100.161	1202.22	1298.196	1378.438	1472.825	1558.098	1646.739
168.2	0	0	0	0.2441225	6.470695	93.8078	433.8501	701.003	831.6082	933.3878	1018.326	1099.775	1202.359	1299.238	1380.185	1473.163	1556.489	1648.627
168.3	0	0	0	0.2441225	6.588345	94.15192	434.0865	700.5589	831.2129	934.1495	1019.158	1099.517	1203.053	1299.387	1379.391	1471.643	1555.773	1650.515
168.4	0	0	0	0.2441225	6.588345	93.94545	434.0077	700.6477	831.4106	934.0407	1018.801	1099.388	1201.248	1298.643	1379.391	1471.643	1557.025	1648.249
168.5	0	0	0	0.2441225	6.588345	93.87663	434.0865	701.003	831.5094	934.476	1017.138	1099.775	1201.665	1296.708	1380.661	1471.474	1554.343	1648.816
168.6	0	0	0	0.2441225	6.52952	93.94545	434.4019	701.003	831.2129	934.0407	1016.781	1098.873	1201.943	1297.154	1379.867	1472.656	1555.594	1649.76
168.7	0	0	0	0.2441225	6.588345	93.8078	434.0077	701.6248	830.7188	934.9113	1016.306	1099.388	1201.526	1296.261	1380.026	1471.981	1555.237	1649.948
168.8	0	0	0	0.2441225	6.588345	94.0831	434.1654	702.0689	831.3118	935.7819	1016.544	1099.002	1202.22	1295.964	1379.55	1471.137	1557.025	1650.893
168.9	0	0	0	0.2441225	6.588345	94.15192	434.0865	701.6248	831.3118	936.4349	1016.306	1098.873	1201.665	1295.369	1379.867	1470.293	1556.489	1651.27
169	0	0	0	0.2441225	6.588345	94.3584	434.0077	701.98	830.7188	936.6525	1016.544	1099.26	1202.498	1295.22	1381.932	1470.293	1555.773	1649.948
169.1	0	0	0	0.2441225	6.588345	94.49605	434.323	701.98	831.1141	935.7819	1016.544	1100.29	1203.747	1293.583	1380.026	1468.773	1556.131	1648.816
169.2	0	0	0	0.2441225	6.588345	94.70252	434.1654	701.6248	830.4223	934.5848	1015.95	1101.321	1203.192	1292.987	1379.708	1466.916	1557.74	1648.438
169.3	0	0	0	0.2441225	6.52952	94.77135	434.5595	701.7136	830.1259	934.6937	1014.88	1099.775	1203.747	1292.987	1378.279	1467.254	1556.667	1647.305
169.4	0	0	0	0.2441225	6.588345	94.6337	434.4807	701.8024	830.62	934.8025	1014.524	1099.26	1204.303	1293.731	1379.232	1467.929	1554.521	1646.927
169.5	0	0	0	0.2441225	6.588345	94.77135	434.796	701.7136	830.62	933.6054	1014.286	1098.358	1203.886	1294.178	1379.232	1468.098	1554.164	1646.361
169.6	0	0	0	0.2441225	6.588345	94.49605	434.323	701.7136	831.707	934.2584	1012.741	1096.812	1202.914	1295.666	1380.503	1469.448	1552.554	1646.172
169.7	0	0	0	0.2441225	6.647169	94.56487	435.2689	701.98	832.2012	933.4966	1014.048	1096.297	1202.776	1294.476	1380.661	1470.124	1555.416	1645.794
169.8	0	0	0	0.2441225	6.647169	94.70252	434.4807	702.4242	832.0035	933.0613	1013.217	1095.781	1202.637	1294.624	1381.614	1470.124	1555.416	1647.871
169.9	0	0	0	0.2441225	6.588345	94.6337	434.5595	703.2236	831.8058	932.626	1013.098	1095.008	1203.053	1295.071	1379.073	1469.111	1553.627	1646.739
170	0	0	0	0.2441225	6.52952	94.6337	434.6383	703.046	831.8058	932.8437	1012.385	1096.554	1202.637	1294.178	1377.803	1469.111	1552.912	1648.06
170.1	0	0	0	0.2441225	6.52952	94.909	434.6383	704.2007	831.8058	932.0819	1012.385	1095.652	1204.025	1293.88	1379.232	1469.448	1553.448	1647.494
170.2	0	0	0	0.2441225	6.470695	94.84017	434.5595	704.8224	831.8058	932.9525	1012.86	1094.751	1204.303	1294.476	1380.661	1469.448	1553.627	1646.739
170.3	0	0	0	0.2441225	6.470695	95.04664	435.2689	705.7107	831.5094	933.2789	1012.266	1094.88	1203.886	1295.22	1380.661	1467.254	1551.839	1646.55
170.4	0	0	0	0.2441225	6.411871	95.25311	435.1113	705.1777	831.6082	934.476	1011.672	1096.168	1204.441	1296.41	1380.503	1467.929	1552.197	1646.172
170.5	0	0	0	0.2441225	6.411871	95.25311	435.3477	706.066	831.707	935.5643	1010.602	1095.652	1203.747	1295.071	1378.12	1468.267	1554.7	1646.927
170.6	0	0	0	0.2441225	6.411871	95.39076	435.4266	704.8224	831.6082	935.9996	1009.414	1095.137	1204.719	1294.922	1379.073	1467.591	1556.31	1645.983
170.7	0	0	0	0.2441225	6.411871	95.52841	435.4266	704.3784	831.707	935.8907	1008.701	1094.493	1204.858	1294.178	1378.12	1468.267	1555.237	1646.55
170.8	0	0	0	0.2441225	6.411871	95.52841	435.1113	703.9342	831.4106	935.9996	1008.939	1094.235	1204.997	1292.987	1377.485	1467.591	1555.416	1644.473
170.9	0	0	0	0.2441225	6.411871	95.73489	434.7171	703.6677	830.7188	935.3466	1008.345	1093.205	1206.524	1292.541	1377.485	1467.085	1554.879	1644.473
171	0	0	0	0.2441225	6.411871	95.66606	434.9536	703.7565	830.62	936.1084	1009.652	1093.462	1205.691	1291.797	1377.326	1465.903	1553.448	1642.396
171.1	0	0	0	0.2441225	6.411871	96.21666	434.6383	702.7795	830.027	935.2378	1010.127	1093.205	1204.997	1292.69	1375.103	1466.578	1550.587	1642.773
171.2	0	0	0	0.2441225	6.411871	96.21666	435.4266	701.8912	829.5329	936.979	1010.127	1092.689	1202.776	1293.434	1374.626	1465.734	1550.051	1642.584
171.3	0	0	0	0.2441225	6.411871	96.42313	435.8995	701.5359	828.6435	936.2172	1010.602	1092.045	1202.637	1292.987	1374.944	1467.76	1549.872	1643.717
171.4	0	0	0	0.2441225	6.294222	96.35431	436.136	702.0689	827.8529	936.6525	1010.484	1090.757	1200.693	1292.094	1374.308	1467.085	1550.945	1643.906
171.5	0	0	0	0.2441225	6.294222	96.28548	436.7666	702.4242	827.4576	936.6525	1011.434	1090.371	1199.721	1291.499	1373.673	1466.747	1551.839	1643.151
171.6	0	0	0	0.2441225	6.294222	96.49196	436.8454	702.513	827.2599	935.8907	1011.909	1090.499	1198.888	1292.094	1372.403	1466.916	1553.448	1642.584
171.7	0	0	0	0.2441225	6.294222	96.62961	437.0819	702.9572	827.3588	936.2172	1011.197	1090.757	1197.084	1293.434	1371.926	1466.241	1554.164	1642.962
171.8	0	0	0	0.2441225	6.294222	96.97373	437.3184	702.513	827.0623	935.8907	1010.721	1090.757	1197.778	1294.773	1373.991	1467.254	1553.27	1641.074
171.9	0	0	0	0.2441225	6.235398	97.04255	437.0031	702.3354	827.9517	936.2172	1010.365	1091.401	1196.667	1296.708	1372.403	1468.098	1552.197	1640.885
172	0	0	0	0.2441225	6.353046	97.11137	436.7666	702.8683	827.3588	935.9996	1008.939	1092.045	1196.528	1296.559	1373.355	1465.734	1552.375	1641.829
172.1	0	0	0	0.2441225	6.411871	97.11137	436.5301	702.3354	826.2717	936.326	1009.058	1092.303	1197.084	1295.964	1372.244	1466.241	1551.303	1642.207
172.2	0	0	0	0.2441225	6.411871	97.24902	436.3725	701.8024	826.074	936.979	1009.533	1091.53	1196.945	1295.369	1371.608	1467.591	1552.375	1642.962
172.3	0	0	0	0.2441225	6.353046	97.4555	437.3184	701.98	825.9752	936.1084	1009.771	1091.272	1196.806	1296.261	1371.132	1466.916	1552.197	1640.318
172.4	0	0	0	0.2441225	6.235398	97.66197	437.9489	704.1119	826.667	935.5643	1010.008	1090.628	1195.557	1295.666	1370.814	1466.578	1551.303	1640.696
172.5	0	0	0	0.2441225	6.294222	97.59315	437.8701	704.023	826.3705	935.9996	1010.602	1090.242	1195.418	1295.369	1371.291	1466.241	1548.978	1641.451
172.6	0	0	0	0.2441225	6.294222	97.59315	438.0278	704.1119	826.667	936.4349	1011.197	1090.113	1195.834	1294.773	1371.767	1467.423	1548.441	1643.151
172.7	0	0	0	0.2441225	6.294222	97.31785	438.1854	703.9342	826.1729	935.7819	1010.721	1089.726	1194.307	1294.178	1372.72	1467.929	1547.547	1642.018
172.8	0	0	0	0.2441225	6.235398	97.52432	438.1066	703.3124	826.9634	934.1495	1011.197	1088.825	1195.695	1292.392	1373.991	1467.929	1547.547	1642.207
172.9	0	0	0	0.2441225	6.235398	97.4555	438.816	702.3354	825.8764	934.9113	1010.721	1090.113	1194.863	1292.987	1374.467	1465.903	1548.263	1642.773
173	0	0	0	0.2441225	6.235398	97.79962	439.2101	703.3124	825.5799	933.6054	1010.84	1091.015	1194.446	1293.88	1374.785	1466.578	1547.726	1642.584
173.1	0	0	0	0.2441225	6.235398	98.14375	439.6043	703.1348	824.7893	934.1495	1010.602	1091.788	1195.418	1294.327	1373.673	1465.059	1546.832	1644.095
173.2	0	0	0	0.2441225	6.176573	98.0061	439.5255	703.3124	824.2952	934.9113	1009.652	1092.303	1195.001	1294.624	1373.355	1466.072	1545.223	1643.717
173.3	0	0	0	0.2441225	6.176573	98.28139	439.5255	702.513	824.394	934.9113	1009.533	1093.076	1196.112	1295.071	1374.944	1467.085	1545.044	1644.095
173.4	0	0	0	0.2441225	6.176573	98.41904	439.3678	702.8683	823.7023	934.476	1009.414	1093.462	1196.945	1295.369	1374.944	1467.423	1543.971	1644.284
173.5	0	0	0	0.2441225	6.176573	98.28139	440.0772	703.046	823.3069	934.0407	1009.533	1093.849	1197.778	1294.624	1374.944	1467.423	1543.971	1643.151
173.6	0	0	0	0.2441225	6.117749	98.14375	439.9196	702.8683	822.8128	932.626	1009.652	1094.235	1198.194	1296.261	1375.42	1466.241	1543.613	1642.962
173.7	0	0	0	0.2441225	6.117749	98.28139	440.629	702.9572	823.8011	932.7349	1009.652	1092.689	1199.166	1295.22	1375.261	1464.721	1543.613	1640.507
173.8	0	0	0	0.2441225	6.117749	98.35022	440.7866	702.0689	823.0105	931.9731	1009.414	1092.432	1199.027	1293.88	1375.42	1463.54	1542.898	1639.374
173.9	0	0	0	0.2441225	6.117749	98.41904	441.1019	702.513	823.0105	932.0819	1009.058	1090.757	1198.75	1292.392	1374.944	1462.527	1542.898	1640.696
174	0	0	0	0.195298	6.117749	98.69434	441.1808	701.1807	822.714	932.5172	1008.226	1091.015	1199.027	1292.243	1375.897	1462.864	1541.825	1640.13
174.1	0	0	0	0.195298	6.117749	98.69434	441.1019	700.8254	822.8128	933.3878	1007.988	1091.272	1198.75	1291.797	1375.579	1460.501	1543.077	1640.696
174.2	0	0	0	0.195298	6.176573	98.96964	441.7325	700.47	823.2081	933.0613	1007.156	1092.689	1196.945	1292.243	1373.991	1461.683	1542.719	1639.563
174.3	0	0	0	0.195298	6.235398	99.17611	441.1019	700.6477	822.9117	933.1701	1007.988	1093.334	1197.361	1291.946	1373.355	1461.514	1542.361	1636.542
174.4	0	0	0	0.195298	6.294222	98.96964	441.1808	700.9142	823.4058	932.5172	1007.038	1092.818	1196.806	1292.392	1373.038	1461.007	1540.931	1636.353
174.5	0	0	0	0.195298	6.294222	98.41904	441.4172	701.003	823.8011	932.9525	1007.513	1091.401	1196.251	1292.69	1372.879	1460.332	1540.931	1636.92
174.6	0	0	0	0.195298	6.235398	98.48787	441.3384	701.2695	824.0975	931.7554	1008.464	1090.628	1196.112	1291.946	1371.767	1459.657	1541.288	1638.619
174.7	0	0	0	0.195298	6.294222	98.35022	441.2596	701.3583	824.394	931.2113	1008.345	1092.432	1196.112	1293.434	1371.926	1458.475	1540.752	1638.997
174.8	0	0	0	0.195298	6.294222	98.35022	441.7325	701.6248	823.8999	930.5583	1008.464	1091.015	1195.418	1293.136	1372.244	1458.475	1542.182	1640.13
174.9	0	0	0	0.195298	6.294222	98.62552	442.6784	700.5589	823.6035	930.123	1008.582	1090.113	1195.279	1293.285	1374.944	1460.67	1540.752	1639.941
175	0	0	0	0.195298	6.411871	98.48787	442.9937	699.5818	823.6035	930.3407	1008.701	1088.567	1195.557	1292.69	1374.944	1459.994	1542.361	1639.752
175.1	0	0	0	0.195298	6.470695	98.62552	443.1514	699.493	823.3069	930.776	1009.295	1087.923	1195.973	1292.987	1373.991	1459.319	1542.182	1638.619
175.2	0	0	0	0.195298	6.52952	98.76317	443.1514	699.1377	821.4293	930.8848	1008.107	1087.536	1196.945	1291.499	1373.355	1458.137	1540.573	1638.053
175.3	0	0	0	0.195298	6.52952	98.76317	443.7032	700.2036	821.1328	930.123	1007.156	1087.923	1196.528	1292.69	1372.403	1456.955	1542.182	1636.164
175.4	0	0	0	0.195298	6.52952	99.17611	443.5455	700.1147	821.2316	930.2319	1007.038	1088.181	1196.251	1290.904	1372.72	1456.955	1544.15	1635.787
175.5	0	0	0	0.195298	6.411871	99.38258	444.1761	700.1147	821.4293	929.5789	1008.582	1087.665	1196.112	1290.755	1371.926	1457.968	1542.54	1637.297
175.6	0	0	0	0.195298	6.411871	99.52023	444.1761	699.5818	820.3422	928.926	1009.177	1086.119	1195.695	1289.118	1370.179	1458.137	1542.182	1639.186
175.7	0	0	0	0.195298	6.52952	99.24493	444.8067	699.5818	820.5399	930.3407	1010.127	1085.218	1193.197	1288.82	1369.226	1459.319	1542.719	1639.186
175.8	0	0	0	0.195298	6.52952	98.83199	444.9643	699.3153	820.7375	930.8848	1010.721	1086.119	1193.474	1290.011	1370.02	1459.488	1540.752	1639.563
175.9	0	0	0	0.195298	6.470695	98.96964	445.2796	700.2036	820.441	930.0142	1008.701	1086.377	1193.058	1290.457	1369.067	1460.839	1541.11	1637.486
176	0	0	0	0.195298	6.52952	98.96964	445.3585	700.47	820.5399	930.3407	1009.295	1086.377	1192.78	1291.201	1368.432	1459.657	1540.931	1638.43
176.1	0	0	0	0.195298	6.52952	98.96964	445.5949	700.2924	820.6387	930.2319	1010.365	1085.733	1193.752	1291.201	1368.75	1458.306	1538.964	1638.053
176.2	0	0	0	0.195298	6.52952	98.90082	445.7526	699.8483	820.5399	930.123	1010.84	1085.604	1193.891	1291.053	1369.226	1458.306	1540.215	1638.619
176.3	0	0	0	0.195298	6.52952	98.83199	445.5161	699.4042	820.3422	930.123	1009.889	1085.604	1194.446	1292.243	1368.591	1456.449	1540.215	1639.374
176.4	0	0	0	0.195298	6.588345	99.10728	445.9102	699.5818	819.9469	929.0348	1008.82	1085.991	1195.279	1292.69	1367.955	1455.436	1540.573	1638.053
176.5	0	0	0	0.195298	6.52952	99.03846	445.6738	699.8483	818.9587	928.7083	1008.82	1086.377	1196.112	1294.922	1367.32	1456.111	1540.752	1636.542
176.6	0	0	0	0.195298	6.470695	98.83199	445.5161	700.2924	819.1563	929.3613	1009.295	1086.635	1196.251	1294.624	1367.161	1458.137	1539.679	1635.409
176.7	0	0	0	0.195298	6.470695	98.76317	445.2008	700.3812	820.3422	930.8848	1009.533	1086.764	1195.279	1292.392	1364.938	1457.462	1538.606	1635.409
176.8	0	0	0	0.195298	6.470695	98.90082	444.8855	700.0259	818.9587	931.2113	1008.82	1087.923	1194.863	1292.987	1364.779	1457.631	1538.07	1634.276
176.9	0	0	0	0.195298	6.411871	98.96964	444.7279	700.2036	818.9587	932.2996	1007.394	1088.052	1194.724	1293.434	1364.779	1456.955	1538.248	1634.654
177	0	0	0	0.195298	6.411871	99.03846	445.2796	699.7595	818.4645	932.626	1007.394	1087.279	1195.001	1293.88	1365.573	1456.787	1538.248	1635.409
177.1	0	0	0	0.195298	6.470695	99.58906	445.2008	700.2924	818.8599	931.2113	1009.771	1086.892	1193.474	1292.243	1365.255	1456.28	1537.354	1635.787
177.2	0	0	0	0.195298	6.470695	99.31376	445.5161	699.9371	818.3657	931.1025	1010.246	1086.119	1193.752	1291.946	1365.097	1454.085	1538.785	1636.542
177.3	0	0	0	0.195298	6.52952	99.45141	445.2796	699.0488	818.3657	930.2319	1010.959	1084.831	1194.168	1290.457	1365.414	1453.073	1538.606	1636.164
177.4	0	0	0	0.195298	6.52952	99.58906	446.3832	697.983	818.0693	930.123	1011.434	1084.316	1193.197	1291.35	1366.05	1455.267	1538.248	1634.276
177.5	0	0	0	0.195298	6.52952	99.24493	446.2255	698.6935	818.4645	930.123	1010.84	1085.089	1193.335	1289.713	1366.685	1454.761	1538.606	1635.409
177.6	0	0	0	0.195298	6.588345	99.31376	447.1714	697.8053	818.8599	930.3407	1010.008	1085.218	1193.474	1289.267	1367.003	1455.267	1541.467	1633.521
177.7	0	0	0	0.195298	6.588345	98.96964	447.0926	696.6506	817.674	930.2319	1008.701	1084.573	1192.641	1289.267	1368.114	1457.124	1541.467	1632.954
177.8	0	0	0	0.195298	6.588345	99.17611	447.2502	696.473	818.2669	929.6877	1008.939	1084.96	1192.78	1290.308	1366.685	1457.631	1539.321	1631.633
177.9	0	0	0	0.195298	6.588345	99.45141	446.6985	696.5618	818.0693	927.9465	1009.652	1085.346	1193.058	1290.755	1367.32	1456.618	1539.321	1631.255
178	0	0	0	0.2441225	6.647169	99.58906	446.1467	697.1835	817.4763	927.076	1009.533	1085.475	1194.724	1290.308	1367.479	1456.955	1538.606	1631.255
178.1	0	0	0	0.2441225	6.647169	99.52023	445.989	697.45	817.5751	926.423	1009.295	1086.764	1193.891	1289.416	1365.891	1458.306	1539.321	1629.744
178.2	0	0	0	0.2441225	6.647169	99.86436	446.2255	697.2723	818.1681	925.9877	1009.533	1086.892	1192.086	1289.118	1367.32	1457.968	1538.248	1630.688
178.3	0	0	0	0.2441225	6.705994	99.93318	446.3044	697.45	818.761	924.6818	1009.295	1086.892	1192.086	1290.011	1366.685	1455.774	1537.712	1630.877
178.4	0	0	0	0.2441225	6.705994	99.93318	445.989	697.8053	818.761	924.3553	1009.058	1086.764	1192.225	1289.713	1366.844	1456.111	1536.639	1632.388
178.5	0	0	0	0.292947	6.764818	99.93318	446.3044	698.3383	819.1563	923.92	1008.82	1086.764	1190.975	1290.606	1367.32	1455.098	1536.103	1631.444
178.6	0	0	0	0.292947	6.823643	100.002	446.1467	698.1606	818.4645	924.6818	1008.582	1087.021	1191.114	1288.82	1365.891	1455.267	1537.712	1633.332
178.7	0	0	0	0.292947	6.823643	100.2773	446.5408	698.2495	818.5634	924.6818	1008.345	1087.923	1191.392	1286.29	1366.685	1456.111	1536.997	1633.71
178.8	0	0	0	0.292947	6.823643	100.2085	447.6444	698.7824	818.3657	924.2465	1007.275	1088.953	1191.808	1286.141	1367.161	1455.436	1536.46	1633.898
178.9	0	0	0	0.292947	6.882467	100.7591	447.9597	699.0488	818.1681	923.8112	1008.345	1088.953	1192.78	1284.058	1367.32	1454.93	1536.639	1634.465
179	0	0	0	0.292947	7.000116	100.9656	448.1961	698.8712	818.9587	923.4847	1006.681	1089.726	1194.585	1284.802	1367.003	1456.955	1537.712	1634.654
179.1	0	0	0	0.292947	7.000116	100.8967	448.9055	698.7824	818.6622	923.1583	1006.325	1088.696	1194.03	1283.463	1367.638	1456.28	1540.037	1634.087
179.2	0	0	0	0.292947	7.000116	101.172	448.4326	698.4271	818.0693	922.6141	1006.206	1088.438	1193.197	1284.802	1367.161	1456.787	1541.11	1635.031
179.3	0	0	0	0.292947	7.058941	101.0344	448.5114	698.0718	818.5634	923.0494	1005.731	1085.862	1192.919	1283.611	1366.208	1457.8	1541.646	1635.22
179.4	0	0	0	0.292947	7.058941	101.3785	448.7479	697.6277	819.6505	923.92	1006.919	1086.764	1192.641	1281.677	1365.732	1457.968	1539.679	1633.898
179.5	0	0	0	0.292947	7.058941	101.2408	449.8514	697.8942	819.5516	924.8995	1007.751	1086.892	1192.086	1281.974	1364.144	1458.306	1539.679	1632.954
179.6	0	0	0	0.292947	7.117765	101.6538	449.615	697.8942	819.4528	924.4642	1006.919	1087.665	1192.364	1284.207	1363.667	1457.462	1540.573	1633.143
179.7	0	0	0	0.292947	7.117765	101.7914	449.7726	697.983	819.354	923.5936	1007.394	1087.021	1190.975	1283.463	1363.826	1454.761	1540.573	1634.465
179.8	0	0	0	0.2441225	7.117765	101.9291	449.615	697.983	819.5516	923.1583	1006.562	1087.279	1191.253	1284.504	1364.144	1455.943	1538.964	1633.898
179.9	0	0	0	0.2441225	7.058941	101.2408	449.615	697.8942	820.1446	921.6348	1007.275	1085.991	1191.114	1285.546	1362.873	1456.787	1539.143	1633.521
180	0	0	0	0.2441225	7.058941	101.3097	448.9844	697.6277	820.3422	920.9818	1006.919	1084.831	1190.004	1284.802	1364.144	1454.254	1537.891	1634.276
180.1	0	0	0	0.2441225	7.058941	101.2408	449.2209	696.7394	820.0458	921.6348	1006.087	1085.346	1192.086	1284.355	1364.302	1455.943	1538.248	1635.031
180.2	0	0	0	0.2441225	7.058941	101.7226	448.9844	696.6506	819.354	921.1995	1005.255	1085.218	1192.641	1286.439	1364.461	1456.111	1536.46	1634.087
180.3	0	0	0	0.2441225	7.117765	102.0667	450.1667	696.5618	819.354	920.1112	1004.542	1084.445	1191.67	1284.802	1363.985	1454.93	1534.851	1633.898
180.4	0	0	0	0.2441225	7.117765	101.9979	450.4032	697.0059	819.8481	919.8936	1002.998	1085.991	1191.531	1283.165	1362.397	1456.28	1535.387	1633.898
180.5	0	0	0	0.2441225	7.117765	102.2044	449.2997	696.6506	819.5516	919.8936	1002.047	1086.764	1191.808	1283.016	1360.967	1455.605	1534.851	1632.01
180.6	0	0	0	0.2441225	7.058941	102.4797	449.7726	696.6506	818.761	920.3289	1002.404	1085.604	1192.225	1284.207	1361.285	1456.111	1536.103	1632.199
180.7	0	0	0	0.2441225	7.117765	102.2732	449.7726	696.0288	819.354	919.6759	1002.047	1084.702	1192.78	1284.504	1361.285	1455.605	1534.851	1631.255
180.8	0	0	0	0.2441225	7.117765	102.342	449.7726	695.94	819.4528	919.0229	1003.354	1084.316	1192.086	1286.141	1362.238	1455.605	1535.03	1630.5
180.9	0	0	0	0.2441225	7.117765	102.342	449.3785	695.407	819.0575	918.6965	1002.76	1084.445	1191.808	1285.695	1361.92	1454.085	1533.599	1631.066
181	0	0	0	0.2441225	7.176589	102.342	449.3785	693.9858	818.9587	919.3494	1003.235	1083.285	1191.67	1285.248	1361.126	1454.085	1533.241	1631.255
181.1	0	0	0	0.2441225	7.176589	102.1356	449.2997	693.4529	819.6505	918.8053	1004.067	1083.285	1191.808	1284.653	1362.079	1456.618	1534.135	1630.311
181.2	0	0	0	0.2441225	7.176589	101.8603	449.6938	693.9858	819.354	918.6965	1004.899	1082.255	1192.641	1284.355	1361.285	1457.293	1533.957	1630.688
181.3	0	0	0	0.2441225	7.176589	101.6538	449.5362	693.3641	819.8481	918.6965	1004.186	1081.739	1191.947	1285.1	1360.173	1458.137	1533.778	1628.611
181.4	0	0	0	0.2441225	7.117765	101.4473	449.8514	693.5417	820.3422	917.717	1004.424	1079.549	1191.67	1286.141	1360.014	1458.981	1533.063	1628.422
181.5	0	0	0	0.2441225	7.117765	101.3785	450.1667	694.1635	820.9352	917.3906	1003.711	1079.678	1191.114	1289.118	1356.838	1457.124	1533.42	1628.045
181.6	0	0	0	0.2441225	7.176589	101.5161	450.0879	694.5188	820.8364	917.2817	1002.522	1081.353	1190.837	1289.267	1357.632	1458.644	1533.063	1628.045
181.7	0	0	0	0.2441225	7.176589	101.4473	450.7185	693.7194	820.6387	917.6082	1000.859	1080.838	1190.698	1289.862	1357.155	1456.955	1531.99	1627.29
181.8	0	0	0	0.2441225	7.235414	101.3097	450.6397	693.7194	821.034	917.6082	1000.74	1079.421	1189.171	1288.671	1357.155	1455.943	1532.168	1627.101
181.9	0	0	0	0.2441225	7.294239	101.172	451.1126	694.5188	820.7375	917.9347	1000.502	1078.648	1188.477	1287.481	1357.949	1455.774	1531.274	1625.59
182	0	0	0	0.2441225	7.294239	101.3097	451.1915	693.2753	820.5399	918.37	1000.978	1078.132	1188.199	1287.183	1358.744	1454.423	1530.917	1626.912
182.1	0	0	0	0.2441225	7.294239	101.3097	451.7433	693.8082	819.2551	918.4788	1001.691	1078.776	1187.505	1287.183	1359.538	1454.423	1530.738	1626.345
182.2	0	0	0	0.2441225	7.353063	101.2408	452.1374	693.4529	820.1446	918.4788	1001.334	1078.261	1187.505	1286.737	1358.585	1453.41	1530.201	1627.29
182.3	0	0	0	0.2441225	7.353063	101.5161	452.2162	693.2753	819.5516	917.9347	1001.928	1079.034	1187.921	1285.397	1357.473	1453.241	1530.559	1627.478
182.4	0	0	0	0.2441225	7.353063	101.9979	451.9797	693.8082	819.5516	917.9347	1002.166	1078.648	1189.032	1285.844	1358.744	1453.073	1531.99	1628.045
182.5	0	0	0	0.2441225	7.411888	101.9291	452.295	694.0747	819.6505	917.717	1003.235	1078.261	1188.199	1287.034	1359.697	1451.384	1530.738	1626.723
182.6	0	0	0	0.2441225	7.411888	102.1356	452.5315	693.9858	819.7493	916.7376	1004.067	1079.163	1187.782	1286.737	1360.332	1450.203	1530.559	1625.779
182.7	0	0	0	0.2441225	7.294239	102.2044	452.3738	694.5188	819.7493	916.9553	1004.305	1079.163	1187.505	1285.993	1360.808	1449.696	1531.453	1626.157
182.8	0	0	0	0.2441225	7.235414	102.342	451.9009	694.5188	819.1563	917.6082	1002.879	1079.421	1187.088	1285.1	1360.014	1447.839	1532.168	1625.968
182.9	0	0	0	0.2441225	7.235414	102.2732	451.6644	694.963	819.5516	916.8464	1004.542	1080.58	1186.672	1283.016	1359.22	1449.021	1531.811	1626.345
183	0	0	0	0.2441225	7.235414	102.0667	452.5315	694.963	818.4645	917.717	1004.78	1080.451	1185.561	1282.421	1361.126	1448.683	1530.38	1625.779
183.1	0	0	0	0.2441225	7.235414	102.4797	452.5315	694.963	818.1681	917.1729	1005.731	1080.838	1185.006	1282.867	1360.014	1448.345	1529.665	1624.835
183.2	0	0	0	0.2441225	7.235414	102.2044	451.9009	694.2523	818.5634	917.1729	1006.919	1080.58	1185.284	1283.314	1359.379	1447.501	1529.844	1625.59
183.3	0	0	0	0.195298	7.235414	101.9979	451.5068	695.2294	818.4645	916.3023	1007.038	1081.353	1185.978	1283.314	1361.444	1447.839	1529.844	1623.513
183.4	0	0	0	0.195298	7.235414	101.7914	451.9009	694.6965	818.9587	917.0641	1006.325	1080.966	1185.7	1282.272	1363.508	1448.008	1529.128	1621.814
183.5	0	0	0	0.195298	7.235414	101.585	451.9797	694.8741	818.5634	917.3906	1004.424	1080.322	1185.422	1281.081	1362.555	1448.852	1530.38	1621.625
183.6	0	0	0	0.195298	7.176589	101.7226	451.9797	694.43	819.6505	917.8259	1003.948	1081.095	1186.394	1280.784	1360.491	1448.852	1531.453	1621.814
183.7	0	0	0	0.195298	7.117765	101.8603	452.3738	694.3412	820.2434	918.2612	1005.018	1081.224	1187.921	1282.57	1361.444	1449.19	1531.274	1623.702
183.8	0	0	0	0.195298	7.058941	101.6538	451.9009	694.1635	820.0458	918.5876	1004.067	1080.58	1188.615	1281.677	1361.92	1449.19	1531.632	1624.08
183.9	0	0	0	0.195298	7.058941	101.6538	451.6644	694.1635	819.1563	918.37	1003.592	1081.224	1189.171	1281.081	1361.761	1449.358	1530.38	1624.457
184	0	0	0	0.195298	7.117765	101.6538	451.9009	694.1635	819.0575	918.37	1002.641	1080.58	1188.477	1282.421	1361.444	1449.527	1529.128	1625.968
184.1	0	0	0	0.1464735	7.058941	101.9291	452.2162	694.5188	819.2551	918.37	1004.305	1079.163	1189.31	1280.486	1359.538	1449.696	1528.413	1623.891
184.2	0	0	0	0.1464735	7.058941	102.1356	452.7679	694.963	818.2669	918.2612	1001.809	1079.421	1187.782	1280.188	1359.061	1450.371	1530.38	1623.513
184.3	0	0	0	0.1464735	7.058941	102.0667	452.9256	694.6076	817.674	919.4583	1002.879	1079.678	1187.921	1280.188	1359.538	1450.54	1530.38	1625.401
184.4	0	0	0	0.1464735	7.000116	101.9979	452.7679	694.43	817.4763	918.6965	1003.473	1079.549	1187.921	1280.932	1359.061	1449.527	1530.201	1623.891
184.5	0	0	0	0.1464735	7.000116	102.0667	452.7679	694.6076	817.8716	919.6759	1003.116	1080.193	1187.088	1281.081	1359.538	1449.527	1530.917	1623.702
184.6	0	0	0	0.1464735	7.117765	102.2732	451.7433	694.43	818.6622	918.37	1003.116	1079.292	1187.921	1281.23	1358.902	1451.553	1530.738	1623.324
184.7	0	0	0	0.1464735	7.176589	102.1356	451.5856	694.1635	817.2787	918.37	1003.116	1079.807	1186.117	1281.825	1357.949	1452.904	1529.844	1621.814
184.8	0	0	0	0.195298	7.235414	102.4797	452.0585	694.2523	816.488	918.4788	1002.76	1078.776	1185.839	1279.593	1357.473	1452.904	1529.128	1623.702
184.9	0	0	0	0.195298	7.353063	102.4109	452.5315	694.3412	816.2904	918.9141	1002.404	1079.034	1185.284	1279.593	1356.679	1451.891	1528.413	1621.814
185	0	0	0	0.195298	7.294239	102.5485	452.3738	694.6076	815.7963	919.3494	1002.285	1079.678	1185.284	1278.7	1357.632	1449.021	1527.698	1622.191
185.1	0	0	0	0.195298	7.294239	102.6862	452.2162	694.1635	814.2151	920.22	1002.404	1080.065	1186.394	1279.147	1357.473	1448.008	1527.161	1621.436
185.2	0	0	0	0.195298	7.294239	102.5485	452.0585	694.6076	815.0057	919.5671	1002.76	1079.421	1185.284	1278.998	1357.473	1449.696	1527.34	1622.002
185.3	0	0	0	0.195298	7.294239	102.9615	452.3738	694.1635	813.5233	918.6965	1002.522	1079.549	1186.672	1278.254	1358.267	1452.397	1525.373	1620.681
185.4	0	0	0	0.195298	7.294239	102.8926	451.5068	694.3412	813.4245	917.9347	1001.691	1079.678	1185.978	1279.295	1359.22	1451.553	1526.625	1620.492
185.5	0	0	0	0.195298	7.294239	103.2368	451.0338	694.963	813.721	916.3023	1002.285	1079.421	1186.394	1279.295	1359.697	1449.19	1525.552	1618.604
185.6	0	0	0	0.1464735	7.294239	103.1679	451.0338	695.2294	813.5233	916.0847	1002.047	1079.421	1184.728	1279.147	1359.538	1448.345	1527.161	1619.737
185.7	0	0	0	0.1464735	7.294239	102.8926	450.3244	694.5188	814.0175	915.5406	1002.047	1078.905	1183.757	1278.849	1358.902	1448.177	1526.982	1619.737
185.8	0	0	0	0.1464735	7.294239	102.8926	450.5609	694.8741	814.3139	915.6494	1001.453	1079.292	1185.006	1278.402	1358.744	1446.657	1528.592	1619.548
185.9	0	0	0	0.1464735	7.294239	102.8238	450.6397	693.897	814.5116	915.5406	1001.691	1079.163	1184.589	1277.658	1357.314	1445.475	1527.519	1620.492
186	0	0	0	0.1464735	7.235414	102.5485	450.8762	693.897	814.0175	916.6288	1002.047	1077.617	1182.646	1277.807	1357.949	1444.8	1526.267	1620.681
186.1	0	0	0	0.1464735	7.176589	102.2044	450.8762	694.0747	814.6104	917.4994	1002.522	1077.23	1182.091	1277.361	1356.202	1444.969	1525.373	1620.303
186.2	0	0	0	0.1464735	7.176589	102.342	451.1915	694.0747	815.1045	918.2612	1001.928	1076.071	1181.258	1277.212	1357.314	1445.644	1524.837	1623.324
186.3	0	0	0	0.1464735	7.117765	102.6173	451.5068	693.6306	814.1163	917.8259	1002.879	1076.458	1180.98	1278.105	1355.567	1444.8	1524.479	1621.625
186.4	0	0	0	0.1464735	7.117765	102.8238	451.3491	693.7194	814.7092	917.3906	1002.047	1076.458	1182.785	1277.51	1356.52	1444.969	1523.585	1620.303
186.5	0	0	0	0.1464735	7.176589	103.1679	450.7973	694.5188	814.2151	917.717	1001.453	1076.973	1182.507	1276.17	1355.885	1444.463	1523.406	1619.359
186.6	0	0	0	0.1464735	7.176589	103.0303	450.5609	695.2294	815.1045	917.4994	1002.285	1077.23	1181.396	1277.212	1354.614	1445.982	1521.618	1619.548
186.7	0	0	0	0.1464735	7.294239	103.0991	450.1667	694.6965	815.2034	917.3906	1003.116	1077.23	1182.091	1276.617	1354.297	1446.32	1522.333	1619.548
186.8	0	0	0	0.1464735	7.235414	103.0991	450.3244	695.3182	814.9069	917.6082	1002.404	1077.102	1182.229	1276.319	1354.455	1444.631	1521.975	1619.17
186.9	0	0	0	0.1464735	7.235414	103.0991	450.2456	695.1406	814.7092	916.8464	1001.809	1075.813	1182.924	1277.807	1353.661	1444.463	1521.975	1617.848
187	0	0	0	0.1464735	7.235414	103.0303	450.2456	695.3182	814.5116	916.1935	1001.691	1075.298	1183.34	1277.212	1353.979	1443.956	1521.618	1618.415
187.1	0	0	0	0.1464735	7.294239	103.0991	449.5362	695.7623	814.2151	916.3023	1002.522	1075.942	1181.813	1277.063	1353.979	1443.281	1520.366	1616.338
187.2	0	0	0	0.1464735	7.353063	103.3056	449.142	695.94	814.3139	914.8876	1001.809	1075.169	1182.368	1278.849	1352.867	1444.631	1521.26	1616.338
187.3	0	0	0	0.1464735	7.294239	103.2368	449.6938	695.94	815.0057	915.8671	1002.641	1075.685	1182.646	1278.551	1352.708	1445.644	1521.081	1615.96
187.4	0	0	0	0.1464735	7.294239	102.9615	450.1667	695.5847	814.5116	915.2141	1002.879	1075.041	1181.535	1277.956	1354.297	1444.463	1521.797	1617.282
187.5	0	0	0	0.1464735	7.353063	103.0991	449.2209	694.7853	815.8951	915.6494	1002.76	1073.881	1181.258	1276.765	1354.773	1444.294	1520.902	1618.981
187.6	0	0	0	0.1464735	7.353063	103.3056	448.9844	694.963	815.4998	915.8671	1002.047	1074.525	1181.813	1277.51	1355.25	1444.294	1519.829	1616.715
187.7	0	0	0	0.1464735	7.411888	103.1679	448.7479	694.5188	814.5116	915.2141	1001.334	1075.169	1180.702	1277.212	1353.502	1444.125	1519.293	1617.093
187.8	0	0	0	0.1464735	7.353063	103.3056	447.7232	694.3412	813.6221	915.7582	1002.76	1074.525	1181.674	1276.468	1353.661	1442.774	1522.154	1618.037
187.9	0	0	0	0.1464735	7.294239	103.2368	448.0385	694.5188	813.8198	916.52	1002.047	1073.108	1181.396	1276.468	1354.138	1442.774	1520.902	1617.66
188	0	0	0	0.1464735	7.235414	103.3744	447.3291	694.963	814.0175	916.52	1000.978	1073.108	1182.091	1275.426	1354.614	1441.424	1523.048	1619.359
188.1	0	0	0	0.1464735	7.235414	103.3744	447.9597	694.0747	813.5233	917.0641	1000.146	1073.366	1181.674	1274.979	1355.567	1440.917	1522.333	1620.114
188.2	0	0	0	0.1464735	7.176589	103.3744	448.6691	693.8082	812.8315	917.0641	1001.334	1072.206	1180.425	1274.979	1354.932	1443.618	1522.333	1618.226
188.3	0	0	0	0.1464735	7.176589	103.1679	449.142	693.4529	811.6457	916.9553	1001.928	1071.691	1179.175	1274.979	1354.297	1441.761	1521.26	1618.415
188.4	0	0	0	0.1464735	7.176589	103.3744	449.4573	692.92	811.8433	916.52	1002.879	1072.979	1180.425	1274.235	1355.25	1442.268	1521.439	1617.66
188.5	0	0	0	0.1464735	7.176589	103.4432	449.4573	692.4758	811.9421	915.9759	1002.879	1073.108	1181.396	1275.426	1356.361	1440.411	1519.651	1616.904
188.6	0	0	0	0.1464735	7.176589	103.4432	448.5903	691.7653	812.2386	916.3023	1002.879	1073.108	1180.702	1274.979	1356.202	1440.748	1518.22	1615.771
188.7	0	0	0	0.1464735	7.176589	103.5121	448.6691	691.4988	812.3375	915.9759	1001.453	1073.623	1181.258	1273.045	1356.044	1439.229	1518.041	1615.205
188.8	0	0	0	0.1464735	7.176589	103.4432	448.9844	690.9658	811.8433	915.9759	1000.265	1073.881	1181.258	1273.343	1355.408	1439.398	1518.578	1613.317
188.9	0	0	0	0.1464735	7.176589	103.3744	448.6691	690.6105	812.041	915.1053	1000.146	1073.495	1181.813	1272.003	1354.773	1439.229	1519.651	1613.128
189	0	0	0	0.1464735	7.176589	103.0303	448.275	690.9658	811.7445	914.3435	1000.027	1073.237	1180.564	1272.598	1355.726	1441.255	1519.472	1612.561
189.1	0	0	0	0.1464735	7.176589	103.0991	448.1173	691.6765	811.6457	914.67	1000.502	1073.752	1179.731	1272.896	1355.726	1441.255	1518.935	1613.128
189.2	0	0	0	0.1464735	7.176589	103.1679	448.5903	692.2982	812.8315	914.2347	1000.383	1073.108	1180.147	1273.343	1354.297	1441.255	1518.935	1612.561
189.3	0	0	0	0.1464735	7.176589	103.1679	448.5114	692.1205	812.3375	914.8876	998.2447	1073.623	1179.592	1273.343	1353.185	1441.761	1518.22	1613.505
189.4	0	0	0	0.1464735	7.176589	103.3056	449.615	691.7653	811.1516	916.1935	998.007	1074.268	1179.175	1273.194	1353.979	1441.424	1517.326	1612.184
189.5	0	0	0	0.1464735	7.117765	103.2368	449.2997	691.8541	810.7562	915.3229	997.8882	1075.813	1179.175	1273.64	1353.979	1441.424	1517.147	1611.051
189.6	0	0	0	0.1464735	7.058941	103.3744	449.6938	691.3211	811.0527	916.1935	998.007	1075.685	1177.509	1273.194	1353.979	1440.579	1515.18	1610.295
189.7	0	0	0	0.1464735	7.000116	103.7185	448.5903	692.2982	810.4598	916.3023	998.6011	1076.2	1177.926	1274.235	1352.708	1440.242	1517.684	1610.673
189.8	0	0	0	0.09764901	7.058941	103.925	448.9844	691.7653	811.1516	915.9759	999.3141	1076.844	1178.342	1273.194	1353.185	1441.255	1518.041	1610.862
189.9	0	0	0	0.09764901	7.058941	103.9938	448.9844	691.2323	811.448	915.6494	998.1259	1076.586	1177.926	1274.533	1353.026	1441.93	1515.538	1611.24
190	0	0	0	0.09764901	7.000116	104.0627	448.9844	690.7882	810.6574	915.7582	999.5518	1075.942	1177.232	1273.491	1352.073	1442.099	1516.611	1610.107
190.1	0	0	0	0.09764901	7.000116	104.0627	448.9055	690.7882	811.6457	915.6494	998.4823	1076.973	1177.371	1273.64	1351.438	1442.099	1518.399	1610.295
190.2	0	0	0	0.1464735	7.000116	104.1315	449.2997	690.4329	811.8433	916.52	998.72	1077.617	1176.677	1274.384	1351.12	1441.93	1516.789	1611.24
190.3	0	0	0	0.1464735	7.000116	103.7185	449.6938	690.3441	810.855	916.7376	998.3635	1078.261	1176.815	1273.64	1351.755	1440.917	1517.684	1608.974
190.4	0	0	0	0.1464735	7.000116	103.7185	449.3785	689.9888	809.3727	916.6288	998.9576	1078.776	1176.399	1274.682	1351.279	1439.398	1516.253	1609.918
190.5	0	0	0	0.1464735	7.058941	103.7874	449.0632	690.4329	810.855	916.3023	1000.027	1078.132	1176.399	1274.533	1351.755	1439.567	1517.326	1611.24
190.6	0	0	0	0.1464735	7.000116	103.7185	449.2209	690.0776	809.8668	916.52	999.6706	1079.292	1176.538	1273.938	1350.802	1436.865	1516.968	1612.372
190.7	0	0	0	0.1464735	7.000116	104.1315	449.2997	690.7882	808.4833	916.1935	998.9576	1079.163	1177.648	1272.598	1351.438	1436.359	1516.968	1611.806
190.8	0	0	0	0.1464735	7.000116	104.4756	449.5362	690.1664	808.3845	916.3023	999.4329	1078.519	1178.204	1271.11	1351.597	1436.865	1515.538	1611.051
190.9	0	0	0	0.1464735	7.000116	104.5444	449.7726	689.1005	808.5821	914.67	999.4329	1078.519	1177.371	1270.515	1352.708	1437.372	1514.286	1611.806
191	0	0	0	0.1464735	7.000116	104.338	449.5362	689.0117	808.6809	913.5817	999.3141	1078.261	1177.371	1270.813	1353.026	1437.203	1517.147	1611.995
191.1	0	0	0	0.1464735	7.000116	104.6133	449.0632	689.0117	808.6809	913.0376	999.5518	1077.102	1176.677	1269.622	1350.644	1435.684	1517.684	1614.072
191.2	0	0	0	0.1464735	7.000116	104.8197	449.2997	689.7223	808.9774	911.8405	999.6706	1075.942	1175.982	1268.878	1351.438	1435.684	1517.684	1615.96
191.3	0	0	0	0.1464735	7.058941	104.8197	448.5114	689.0117	809.768	911.8405	999.3141	1075.427	1176.26	1268.134	1350.961	1436.865	1517.862	1614.072
191.4	0	0	0	0.1464735	7.058941	104.6133	448.6691	688.6564	810.2621	911.9493	999.4329	1076.973	1174.039	1267.241	1352.232	1437.878	1517.326	1612.372
191.5	0	0	0	0.1464735	7.058941	104.7509	449.7726	689.0117	809.2739	911.2964	998.9576	1076.071	1174.455	1266.348	1352.708	1437.203	1516.253	1612.75
191.6	0	0	0	0.1464735	7.000116	104.6821	449.5362	689.4558	809.0762	911.6229	999.0764	1075.041	1175.011	1267.092	1352.073	1435.346	1514.822	1610.862
191.7	0	0	0	0.1464735	6.941292	104.8197	449.7726	689.6335	808.7797	911.8405	998.1259	1073.623	1175.705	1267.538	1351.755	1437.709	1515.359	1609.162
191.8	0	0	0	0.1464735	6.941292	104.7509	449.8514	689.7223	807.9891	912.7111	998.6011	1074.01	1175.566	1267.538	1353.026	1438.891	1514.465	1608.407
191.9	0	0	0	0.1464735	6.941292	104.6133	450.4032	689.367	808.8786	912.4935	997.8882	1073.881	1175.288	1267.985	1352.232	1436.528	1514.286	1609.162
192	0	0	0	0.1464735	6.882467	104.5444	451.1915	689.2781	808.1868	912.2758	997.2941	1075.298	1171.956	1268.431	1351.914	1437.034	1513.213	1609.729
192.1	0	0	0	0.1464735	6.882467	104.2691	451.1126	689.367	808.7797	913.4729	996.8188	1075.169	1170.985	1267.687	1351.755	1437.878	1513.749	1609.729
192.2	0	0	0	0.1464735	6.882467	104.4756	451.0338	688.834	808.3845	911.6229	996.3435	1074.268	1171.54	1267.985	1350.961	1439.567	1514.286	1609.162
192.3	0	0	0	0.1464735	6.882467	103.925	451.4279	687.857	808.4833	912.7111	995.6306	1074.139	1171.401	1269.324	1350.326	1440.748	1513.749	1608.03
192.4	0	0	0	0.1464735	6.882467	103.9938	451.2703	687.9458	808.2856	911.514	994.9176	1073.623	1169.319	1269.771	1350.644	1440.748	1515.717	1608.596
192.5	0	0	0	0.1464735	6.882467	103.925	451.5068	687.9458	808.8786	910.5346	994.2047	1073.108	1169.874	1269.771	1349.532	1439.567	1515.18	1608.785
192.6	0	0	0	0.1464735	6.882467	104.4068	451.1915	688.0346	808.9774	910.8611	995.0364	1071.82	1170.568	1269.771	1350.008	1438.722	1514.286	1609.162
192.7	0	0	0	0.1464735	6.823643	104.5444	451.2703	688.3011	809.9656	911.0787	994.3235	1073.752	1170.152	1268.878	1349.691	1438.554	1513.749	1607.463
192.8	0	0	0	0.1464735	6.882467	104.6821	451.7433	687.324	810.361	911.6229	995.3929	1072.593	1171.401	1268.729	1347.944	1439.229	1512.855	1607.463
192.9	0	0	0	0.1464735	6.823643	104.6133	451.9797	687.2352	810.855	912.8199	995.8682	1071.305	1170.152	1269.771	1347.944	1437.709	1513.928	1608.785
193	0	0	0	0.1464735	6.882467	104.8885	451.5068	687.5905	811.0527	914.3435	994.6799	1071.691	1170.846	1269.92	1348.896	1438.891	1514.822	1608.785
193.1	0	0	0	0.1464735	6.882467	104.9574	451.8221	686.8799	809.6692	914.5612	992.7787	1070.403	1170.985	1269.175	1347.785	1438.722	1515.001	1610.107
193.2	0	0	0	0.1464735	6.882467	104.8885	452.5315	687.7681	810.0645	913.0376	993.8481	1070.016	1171.401	1269.175	1347.149	1438.385	1515.895	1611.617
193.3	0	0	0	0.1464735	7.000116	104.8885	452.6103	687.7681	810.0645	913.9082	994.6799	1069.501	1172.789	1270.813	1347.626	1436.865	1515.895	1611.051
193.4	0	0	0	0.1464735	7.000116	104.8197	452.3738	687.5016	809.175	913.9082	994.2047	1069.372	1172.651	1269.324	1348.579	1436.697	1514.286	1611.428
193.5	0	0	0	0.1464735	7.000116	104.9574	452.5315	687.6793	810.361	912.4935	993.4917	1069.759	1171.54	1268.58	1349.055	1435.684	1515.001	1610.862
193.6	0	0	0	0.1464735	7.000116	105.095	452.6891	687.5016	811.448	912.6023	991.947	1068.986	1171.401	1269.324	1348.261	1436.359	1514.822	1611.051
193.7	0	0	0	0.1464735	7.000116	105.0262	452.6891	687.1464	812.041	913.4729	991.7094	1068.728	1169.458	1269.92	1347.944	1436.528	1515.18	1610.862
193.8	0	0	0	0.1464735	7.000116	104.8885	452.6891	687.4128	811.9421	913.4729	991.947	1068.47	1169.874	1270.961	1346.673	1436.865	1515.359	1610.484
193.9	0	0	0	0.1464735	6.941292	104.8885	452.7679	687.1464	812.5351	912.9288	989.9269	1068.47	1168.625	1269.92	1348.896	1436.021	1516.253	1608.785
194	0	0	0	0.1464735	6.941292	104.5444	452.3738	686.9688	812.1398	912.167	989.5705	1070.016	1167.514	1268.282	1348.738	1437.203	1515.18	1609.162
194.1	0	0	0	0.1464735	7.058941	104.4756	453.0044	686.6134	812.5351	911.9493	988.501	1069.888	1167.653	1267.092	1349.373	1436.697	1515.717	1607.463
194.2	0	0	0	0.1464735	7.058941	104.5444	452.8468	687.5016	811.6457	913.0376	989.3328	1069.115	1166.681	1268.134	1349.214	1435.684	1515.895	1608.785
194.3	0	0	0	0.1464735	7.058941	104.4756	453.1621	686.2581	810.855	912.167	988.2634	1068.599	1165.293	1267.241	1348.102	1436.359	1514.822	1607.085
194.4	0	0	0	0.1464735	7.058941	104.4756	453.7139	686.4358	811.0527	912.6023	989.214	1069.115	1167.792	1267.241	1348.896	1435.684	1516.611	1607.841
194.5	0	0	0	0.1464735	6.882467	104.6821	453.7927	686.9688	810.4598	911.514	987.9069	1068.728	1169.041	1267.687	1349.691	1436.865	1518.399	1607.274
194.6	0	0	0	0.1464735	6.941292	104.5444	453.635	687.857	810.9539	911.8405	989.3328	1068.728	1168.486	1267.39	1349.373	1435.515	1519.114	1605.575
194.7	0	0	0	0.1464735	7.000116	104.4068	452.6891	687.4128	810.361	910.2082	989.3328	1068.47	1169.874	1266.348	1349.849	1435.177	1518.935	1605.764
194.8	0	0	0	0.1464735	7.058941	104.6821	452.5315	688.0346	809.5704	910.317	989.5705	1066.796	1170.568	1267.985	1349.214	1434.502	1518.935	1606.33
194.9	0	0	0	0.1464735	7.058941	104.6821	453.0044	688.2123	810.2621	909.3376	989.5705	1067.182	1170.707	1267.687	1348.579	1435.515	1518.756	1604.253
195	0	0	0	0.1464735	6.941292	104.8885	452.8468	688.6564	810.6574	909.8817	989.214	1066.667	1171.401	1267.241	1348.42	1436.021	1518.756	1605.575
195.1	0	0	0	0.1464735	6.941292	104.8885	452.8468	689.7223	809.8668	910.4258	988.1446	1066.152	1172.234	1266.943	1346.991	1435.346	1517.684	1605.008
195.2	0	0	0	0.1464735	6.941292	105.095	452.1374	689.8111	809.3727	909.9905	988.7387	1068.342	1171.956	1268.134	1346.197	1433.995	1516.789	1605.575
195.3	0	0	0	0.1464735	6.941292	104.8197	452.7679	689.2781	808.4833	910.317	987.6693	1067.053	1172.928	1269.771	1346.673	1434.671	1516.432	1604.442
195.4	0	0	0	0.1464735	6.941292	104.8885	452.6891	689.9	807.7915	909.3376	988.3823	1066.796	1174.039	1269.771	1346.832	1433.658	1517.862	1604.631
195.5	0	0	0	0.1464735	6.882467	105.1638	452.4527	689.4558	807.3962	909.7729	987.4316	1066.796	1174.872	1268.282	1346.673	1433.658	1518.399	1604.064
195.6	0	0	0	0.1464735	6.882467	105.1638	451.7433	689.7223	807.0009	909.8817	986.1246	1067.698	1174.733	1268.58	1346.355	1432.645	1518.578	1602.931
195.7	0	0	0	0.1464735	6.882467	105.2327	451.6644	689.0117	807.0997	909.3376	986.3622	1067.182	1174.455	1269.473	1345.402	1432.307	1518.578	1601.987
195.8	0	0	0	0.1464735	6.882467	105.0262	452.8468	689.367	808.1868	908.6846	986.481	1066.925	1173.9	1270.217	1344.926	1431.463	1518.041	1601.421
195.9	0	0	0	0.1464735	6.882467	105.1638	452.2162	689.0117	808.5821	909.3376	986.7187	1064.863	1175.149	1269.92	1343.973	1430.281	1517.147	1602.554
196	0	0	0	0.1464735	6.882467	105.3015	452.7679	688.834	809.768	909.1199	986.1246	1065.765	1175.705	1270.068	1344.449	1429.606	1517.505	1602.176
196.1	0	0	0	0.1464735	6.941292	105.0262	453.2409	689.367	808.9774	909.3376	986.1246	1064.348	1175.011	1269.771	1343.973	1429.268	1516.611	1602.176
196.2	0	0	0	0.1464735	6.941292	104.9574	453.0833	688.7452	808.3845	909.0111	987.3128	1064.219	1173.9	1269.175	1343.179	1429.944	1516.611	1600.099
196.3	0	0	0	0.1464735	6.941292	105.095	452.9256	689.367	808.2856	909.3376	987.6693	1063.446	1174.455	1268.878	1343.02	1429.944	1515.359	1601.798
196.4	0	0	0	0.1464735	6.941292	105.508	453.0833	689.1005	807.8903	907.9229	987.4316	1062.545	1174.733	1268.729	1343.496	1431.463	1515.001	1602.931
196.5	0	0	0	0.1464735	6.941292	105.5768	453.3197	689.5446	807.6927	907.0522	988.501	1062.802	1174.455	1268.878	1343.496	1431.969	1515.001	1603.687
196.6	0	0	0	0.1464735	6.941292	105.4391	453.4774	689.2781	808.1868	906.6169	988.9764	1062.158	1173.206	1268.431	1342.861	1430.281	1513.571	1602.176
196.7	0	0	0	0.1464735	6.941292	105.3703	453.4774	688.4788	808.6809	906.6169	989.6893	1062.673	1172.928	1266.497	1342.861	1430.788	1514.107	1601.232
196.8	0	0	0	0.1464735	6.882467	105.6456	454.0291	688.0346	808.1868	906.8346	990.8776	1062.416	1171.818	1266.645	1344.449	1430.45	1516.074	1600.854
196.9	0	0	0	0.1464735	7.000116	105.9209	453.635	687.4128	808.5821	906.3993	990.8776	1062.416	1168.902	1265.455	1343.496	1430.957	1513.749	1601.043
197	0	0	0	0.1464735	7.000116	106.0586	453.0833	687.4128	807.9891	906.2905	991.5905	1062.545	1168.764	1263.967	1341.908	1431.463	1514.286	1600.099
197.1	0	0	0	0.1464735	7.000116	105.8521	453.0833	687.7681	809.4715	905.964	990.5211	1062.931	1168.347	1263.818	1343.338	1433.658	1513.749	1598.399
197.2	0	0	0	0.1464735	6.941292	106.0586	453.0833	686.5246	808.7797	905.5287	990.6399	1063.704	1167.792	1264.413	1343.814	1433.995	1515.359	1597.266
197.3	0	0	0	0.1464735	6.823643	105.8521	453.1621	686.7023	809.4715	905.5287	989.6893	1062.545	1166.82	1263.222	1344.132	1434.671	1515.18	1597.455
197.4	0	0	0	0.1464735	6.823643	105.8521	453.7139	686.2581	809.5704	905.0934	988.8575	1063.318	1166.542	1263.222	1344.926	1435.515	1514.644	1598.777
197.5	0	0	0	0.1464735	6.823643	105.7833	453.9503	686.6134	809.768	905.964	988.501	1064.863	1166.265	1263.669	1344.449	1436.19	1514.286	1598.966
197.6	0	0	0	0.1464735	6.882467	105.9209	454.4233	687.5905	810.361	905.6375	988.501	1063.318	1165.571	1263.371	1346.355	1435.852	1512.855	1598.777
197.7	0	0	0	0.1464735	6.882467	106.0586	454.2656	687.9458	810.6574	904.8758	988.501	1062.802	1164.738	1262.478	1347.626	1436.021	1511.961	1597.266
197.8	0	0	0	0.1464735	6.882467	105.9209	454.8962	687.6793	811.3492	904.5493	990.0458	1061.643	1165.154	1262.032	1346.832	1435.852	1511.246	1595.756
197.9	0	0	0	0.1464735	6.941292	105.9897	455.1327	688.0346	810.9539	904.5493	989.9269	1061.643	1164.182	1260.246	1346.991	1435.346	1511.067	1596.889
198	0	0	0	0.1464735	6.941292	106.1274	455.5268	687.324	811.6457	904.0052	990.5211	1062.029	1164.876	1260.395	1346.673	1433.32	1510.352	1597.644
198.1	0	0	0	0.1464735	7.000116	106.6092	455.8421	686.3469	811.0527	904.2228	990.6399	1061.256	1163.627	1259.502	1345.244	1432.307	1512.677	1598.777
198.2	0	0	0	0.1464735	7.000116	106.678	455.9209	686.8799	811.1516	905.4199	990.2834	1060.483	1163.072	1259.948	1341.591	1430.619	1513.928	1598.777
198.3	0	0	0	0.1464735	7.000116	106.9533	455.2903	686.7911	810.2621	905.5287	989.8081	1058.937	1163.488	1259.204	1340.638	1432.138	1511.961	1596.7
198.4	0	0	0	0.1464735	7.000116	107.0909	455.448	686.7023	810.5586	906.2905	990.1646	1059.195	1165.154	1259.651	1341.591	1431.969	1513.571	1596.322
198.5	0	0	0	0.1464735	7.000116	107.1598	454.8174	687.1464	809.6692	907.3787	991.3528	1057.778	1165.848	1259.651	1341.114	1432.814	1515.001	1595.756
198.6	0	0	0	0.1464735	7.000116	106.9533	454.2656	687.0576	808.6809	907.7052	993.254	1056.747	1165.432	1259.204	1341.273	1431.632	1514.286	1596.511
198.7	0	0	0	0.1464735	7.000116	106.8845	454.8962	686.5246	809.0762	907.0522	993.1352	1058.809	1166.82	1259.799	1342.226	1431.294	1514.465	1596.889
198.8	0	0	0	0.1464735	7.000116	106.8156	454.5021	686.2581	808.6809	907.3787	992.6599	1059.324	1166.403	1257.716	1342.385	1432.476	1513.571	1597.455
198.9	0	0	0	0.1464735	7.058941	106.8156	454.0291	685.9028	808.3845	907.0522	991.8281	1058.293	1167.098	1256.674	1341.432	1431.801	1512.855	1598.022
199	0	0	0	0.1464735	7.058941	106.8845	453.8715	685.6364	808.9774	907.7052	992.0658	1058.551	1167.653	1257.567	1340.955	1432.982	1514.107	1597.644
199.1	0	0	0	0.1464735	7.117765	106.8845	453.8715	686.2581	808.4833	906.7258	991.8281	1058.164	1168.347	1257.865	1340.32	1431.125	1514.644	1598.966
199.2	0	0	0	0.1464735	7.117765	106.6092	453.3986	685.9916	808.7797	905.964	992.4222	1058.293	1166.959	1258.162	1340.797	1430.957	1514.107	1598.777
199.3	0	0	0	0.1464735	7.117765	106.7468	453.3197	686.3469	808.088	905.964	991.234	1059.324	1166.126	1259.353	1340.638	1430.281	1513.749	1598.022
199.4	0	0	0	0.1464735	7.176589	106.7468	452.8468	686.7911	808.5821	906.5081	990.9964	1060.226	1165.987	1258.311	1341.114	1430.957	1511.782	1598.022
199.5	0	0	0	0.1464735	7.176589	106.8156	452.6891	686.7911	808.4833	906.2905	990.7587	1060.87	1168.069	1258.014	1340.479	1430.281	1511.604	1599.532
199.6	0	0	0	0.1464735	7.235414	106.9533	453.0833	686.1693	807.5939	906.2905	990.0458	1060.741	1168.069	1258.609	1340.002	1428.255	1511.425	1598.777
199.7	0	0	0	0.1464735	7.235414	107.0909	454.2656	685.9028	807.3962	906.5081	990.6399	1061.127	1168.069	1256.972	1339.208	1430.112	1511.246	1598.211
199.8	0	0	0	0.1464735	7.235414	106.5403	453.5562	686.2581	805.9138	905.6375	991.3528	1060.483	1166.959	1258.014	1339.526	1430.112	1511.604	1598.211
199.9	0	0	0	0.1464735	7.235414	106.5403	453.7927	687.1464	805.6174	904.8758	990.0458	1061.127	1166.681	1258.46	1339.526	1429.606	1512.319	1598.022
200	0	0	0	0.1464735	7.235414	106.6092	453.1621	686.7023	806.5068	904.9846	989.9269	1060.87	1166.265	1258.311	1340.002	1431.125	1511.961	1596.7
200.1	0	0	0	0.1464735	7.235414	106.5403	453.3197	686.0805	806.6056	905.2022	989.5705	1060.612	1165.987	1257.269	1340.955	1429.775	1512.677	1595.189
200.2	0	0	0	0.1464735	7.353063	106.3339	452.9256	686.1693	806.2103	904.767	989.5705	1060.354	1166.959	1256.823	1341.749	1428.424	1511.782	1594.057
200.3	0	0	0	0.1464735	7.353063	106.6092	453.1621	685.814	806.2103	903.7875	988.1446	1058.293	1166.82	1257.865	1341.908	1429.437	1511.067	1594.057
200.4	0	0	0	0.1464735	7.411888	106.4715	453.4774	686.2581	805.9138	903.4611	987.5505	1058.937	1167.375	1259.502	1342.226	1428.593	1510.173	1592.546
200.5	0	0	0	0.1464735	7.353063	106.265	453.635	686.0805	806.0127	904.6581	987.5505	1058.422	1167.792	1259.799	1342.385	1428.762	1508.027	1592.546
200.6	0	0	0	0.1464735	7.353063	106.0586	454.108	685.2811	806.3091	904.3317	986.9564	1058.164	1167.236	1259.651	1343.02	1428.087	1506.06	1593.49
200.7	0	0	0	0.1464735	7.411888	105.9209	454.1868	684.8369	805.5186	903.4611	987.9069	1057.907	1165.571	1259.055	1342.385	1428.087	1508.027	1594.057
200.8	0	0	0	0.1464735	7.470712	105.9897	454.108	684.0375	805.4197	902.9169	988.3823	1056.619	1164.738	1259.651	1341.749	1427.073	1507.848	1592.924
200.9	0	0	0	0.1464735	7.353063	106.0586	453.8715	682.6163	804.3326	901.2845	987.6693	1056.747	1165.015	1260.097	1342.226	1427.749	1507.669	1592.168
201	0	0	0	0.09764901	7.411888	106.1962	454.2656	681.9057	803.1467	901.1757	989.0952	1055.846	1165.432	1260.692	1342.226	1427.073	1507.133	1591.979
201.1	0	0	0	0.09764901	7.353063	105.9897	454.4233	681.5504	803.1467	902.3728	987.6693	1055.33	1164.321	1261.288	1341.749	1428.087	1507.669	1591.413
201.2	0	0	0	0.09764901	7.235414	106.1962	455.448	681.4616	802.5538	903.6787	986.9564	1055.073	1164.321	1259.799	1340.638	1428.087	1507.491	1590.846
201.3	0	0	0	0.09764901	7.058941	105.8521	455.2115	682.0834	801.3679	902.1552	986.0057	1055.202	1164.321	1258.906	1340.638	1429.268	1508.206	1590.846
201.4	0	0	0	0.09764901	7.058941	106.1962	455.2115	681.8169	800.8738	901.5022	985.6493	1055.588	1165.293	1260.246	1339.049	1427.918	1508.921	1590.091
201.5	0	0	0	0.09764901	7.000116	106.6092	455.1327	681.8169	800.775	901.8287	985.8869	1054.944	1163.905	1259.651	1339.685	1427.242	1510.709	1589.336
201.6	0	0	0	0.09764901	7.058941	106.5403	455.7633	681.7281	800.5773	901.9375	985.6493	1055.459	1163.627	1258.609	1339.526	1426.567	1510.173	1590.846
201.7	0	0	0	0.09764901	7.058941	106.5403	455.6057	681.8169	800.3797	901.5022	983.8669	1055.717	1163.766	1258.46	1340.32	1425.216	1510.709	1591.035
201.8	0	0	0	0.09764901	7.117765	106.6092	455.9998	681.1951	799.095	902.6993	985.174	1055.33	1163.349	1259.353	1340.479	1425.723	1509.1	1592.546
201.9	0	0	0	0.09764901	7.000116	106.8156	455.9998	680.4846	798.6008	902.1552	984.9363	1054.557	1162.1	1258.609	1340.797	1425.554	1507.133	1592.168
202	0	0	0	0.09764901	6.941292	107.2286	456.3151	680.1292	797.7114	902.0463	985.7681	1055.588	1162.794	1258.162	1340.32	1425.554	1506.06	1592.735
202.1	0	0	0	0.09764901	6.941292	107.3662	456.3939	678.7969	797.1185	902.9169	986.2434	1055.588	1162.516	1256.823	1341.114	1427.242	1506.775	1593.679
202.2	0	0	0	0.09764901	7.000116	107.7104	456.4727	679.241	797.9091	902.3728	985.6493	1056.103	1162.239	1255.484	1340.479	1427.749	1507.312	1592.357
202.3	0	0	0	0.09764901	7.000116	107.6415	456.6304	679.0634	798.502	902.6993	986.5999	1056.619	1162.239	1255.335	1339.208	1427.58	1507.848	1590.846
202.4	0	0	0	0.09764901	7.058941	107.7104	456.3151	679.3298	798.3044	902.5905	986.8375	1057.52	1162.516	1254.888	1336.826	1427.073	1507.312	1590.28
202.5	0	0	0	0.09764901	7.058941	107.5039	456.3151	678.4416	797.6126	903.3522	987.194	1058.293	1162.1	1253.102	1335.873	1426.736	1507.312	1589.147
202.6	0	0	0	0.09764901	7.058941	107.5727	457.1821	678.5304	799.1938	903.4611	986.1246	1059.195	1161.545	1252.209	1335.873	1425.216	1504.629	1589.902
202.7	0	0	0	0.09764901	7.058941	107.848	457.5763	679.241	798.502	903.5699	986.7187	1058.164	1160.712	1249.977	1336.191	1426.398	1504.272	1590.846
202.8	0	0	0	0.09764901	7.000116	108.0545	457.4186	679.1522	798.502	902.8081	986.2434	1059.839	1159.601	1250.126	1336.349	1423.528	1504.272	1589.336
202.9	0	0	0	0.1464735	7.000116	107.9856	458.0492	679.8628	799.1938	903.0258	986.2434	1059.195	1161.267	1249.977	1335.396	1422.853	1503.914	1589.336
203	0	0	0	0.1464735	7.058941	108.0545	457.7339	680.3069	800.3797	902.6993	986.481	1060.226	1160.156	1250.275	1334.126	1423.866	1504.808	1591.602
203.1	0	0	0	0.1464735	7.058941	107.9168	458.0492	679.6851	800.6761	902.9169	986.481	1060.483	1159.046	1250.721	1332.061	1424.203	1505.702	1590.28
203.2	0	0	0	0.1464735	7.000116	108.4674	457.9704	680.4846	801.1703	903.5699	985.5305	1059.968	1158.907	1250.721	1332.061	1424.035	1505.881	1590.28
203.3	0	0	0	0.1464735	7.000116	108.4674	457.8915	680.3069	800.3797	902.3728	985.174	1061.643	1158.074	1250.572	1331.744	1421.502	1505.702	1589.714
203.4	0	0	0	0.1464735	7.058941	108.6051	457.7339	679.5074	800.775	903.4611	983.9857	1062.931	1157.935	1250.87	1332.538	1421.671	1506.596	1590.658
203.5	0	0	0	0.1464735	7.058941	108.8115	458.5222	678.7969	800.8738	902.5905	983.6293	1062.931	1158.074	1251.019	1331.902	1421.333	1505.881	1589.525
203.6	0	0	0	0.1464735	7.058941	108.9492	457.9704	679.1522	801.9609	901.0669	983.8669	1061.643	1157.38	1251.168	1330.949	1419.814	1504.987	1589.902
203.7	0	0	0	0.1464735	7.235414	109.018	457.1821	679.4186	800.8738	901.0669	983.1539	1061.514	1158.074	1251.614	1330.949	1419.645	1503.735	1590.846
203.8	0	0	0	0.1464735	7.235414	108.9492	456.5515	679.0634	800.6761	900.8492	983.1539	1061.256	1158.213	1252.061	1332.22	1419.983	1504.093	1591.602
203.9	0	0	0	0.1464735	7.294239	108.8115	457.1033	678.7081	800.9726	900.8492	982.7975	1060.354	1158.768	1252.209	1331.585	1421.502	1504.451	1591.979
204	0	0	0	0.1464735	7.294239	108.5362	457.1821	678.7969	801.7632	900.5228	983.6293	1059.71	1157.102	1253.102	1330.155	1420.996	1502.662	1592.546
204.1	0	0	0	0.1464735	7.294239	108.5362	457.7339	678.0863	801.4667	900.4139	983.2728	1058.68	1158.074	1253.102	1330.473	1419.308	1504.987	1593.112
204.2	0	0	0	0.1464735	7.294239	108.3986	457.7339	677.4645	802.3561	900.8492	982.9163	1059.71	1157.519	1252.656	1329.679	1418.97	1504.272	1591.979
204.3	0	0	0	0.1464735	7.176589	108.4674	457.7339	677.5533	802.6526	901.0669	983.0352	1059.71	1157.241	1251.168	1327.932	1420.658	1502.841	1592.357
204.4	0	0	0	0.1464735	7.117765	108.6051	457.4186	677.731	801.7632	901.5022	982.5598	1057.649	1156.963	1251.912	1327.773	1422.178	1500.516	1591.413
204.5	0	0	0	0.1464735	7.117765	108.8115	457.1033	677.1981	801.9609	901.2845	982.441	1056.876	1157.796	1252.209	1329.52	1423.866	1498.907	1592.357
204.6	0	0	0	0.1464735	7.176589	108.5362	456.3939	677.4645	801.8621	901.611	982.9163	1056.619	1156.963	1252.358	1328.885	1422.346	1499.443	1591.413
204.7	0	0	0	0.1464735	7.117765	108.3986	456.3939	677.3757	801.6644	901.611	982.441	1057.778	1156.13	1251.763	1329.202	1419.983	1499.086	1590.658
204.8	0	0	0	0.1464735	7.117765	108.8115	456.1574	676.6651	802.1585	900.9581	982.2034	1057.392	1155.853	1250.721	1328.726	1420.996	1499.086	1591.035
204.9	0	0	0	0.1464735	7.117765	108.8115	455.6845	676.3986	802.5538	901.5022	982.9163	1057.392	1156.686	1250.126	1329.361	1419.476	1498.728	1592.168
205	0	0	0	0.1464735	7.117765	108.4674	455.5268	677.1092	802.2573	901.1757	983.0352	1056.361	1158.352	1249.977	1328.726	1418.126	1498.549	1590.846
205.1	0	0	0	0.1464735	7.117765	108.8804	455.9998	677.3757	801.0714	901.8287	981.9657	1057.134	1158.629	1249.233	1328.885	1418.295	1494.794	1591.224
205.2	0	0	0	0.1464735	7.176589	108.9492	455.9209	677.2869	800.6761	901.9375	982.0845	1056.619	1158.768	1249.084	1329.361	1418.295	1494.615	1592.168
205.3	0	0	0	0.1464735	7.235414	108.9492	455.3692	677.8198	800.6761	901.5022	982.2034	1055.33	1159.185	1249.679	1329.838	1416.944	1494.258	1591.035
205.4	0	0	0	0.1464735	7.235414	109.0868	455.6057	678.2639	799.9844	901.8287	981.8469	1054.686	1157.38	1249.828	1330.155	1416.606	1493.721	1589.714
205.5	0	0	0	0.1464735	7.235414	108.8115	455.1327	677.9086	799.7867	901.8287	981.3716	1054.944	1156.825	1250.572	1330.949	1415.594	1495.152	1588.581
205.6	0	0	0	0.195298	7.235414	109.018	454.8962	678.5304	799.095	901.9375	981.4904	1052.754	1156.963	1249.679	1332.061	1414.581	1495.688	1588.203
205.7	0	0	0	0.195298	7.235414	109.3621	454.4233	678.7081	798.7985	901.611	980.421	1053.784	1156.963	1248.34	1332.061	1414.243	1495.509	1588.581
205.8	0	0	0	0.195298	7.176589	109.2245	454.1868	678.3527	798.6996	901.2845	981.7281	1053.527	1157.935	1249.382	1333.014	1414.581	1494.615	1588.958
205.9	0	0	0	0.195298	7.235414	109.1557	454.108	677.3757	798.1067	899.761	981.9657	1053.913	1159.185	1247.893	1330.949	1415.087	1495.867	1588.769
206	0	0	0	0.195298	7.235414	108.8115	454.1868	677.1981	797.6126	898.0198	981.8469	1053.527	1159.879	1249.084	1330.949	1414.243	1496.761	1589.147
206.1	0	0	0	0.195298	7.176589	108.8804	454.6598	676.9316	797.7114	897.4757	981.7281	1053.784	1160.85	1248.935	1330.473	1415.087	1497.298	1588.392
206.2	0	0	0	0.195298	7.176589	109.0868	454.1868	676.7539	798.2055	896.8228	982.441	1053.269	1161.406	1247.596	1329.52	1415.425	1496.761	1588.769
206.3	0	0	0	0.195298	7.176589	108.8804	454.6598	675.8657	798.0079	896.9316	981.9657	1055.33	1161.683	1247.447	1331.108	1413.568	1494.794	1584.804
206.4	0	0	0	0.195298	7.117765	109.2933	455.0539	675.8657	798.502	896.8228	981.7281	1054.944	1160.018	1248.935	1331.267	1416.438	1494.079	1584.993
206.5	0	0	0	0.195298	7.117765	109.6374	455.0539	675.8657	798.0079	896.2786	981.3716	1055.846	1159.323	1250.572	1328.567	1416.606	1495.867	1585.182
206.6	0	0	0	0.195298	7.117765	109.6374	455.2115	676.0433	798.1067	897.4757	980.8963	1056.232	1159.185	1251.614	1327.773	1416.606	1496.582	1585.182
206.7	0	0	0	0.195298	7.176589	109.3621	455.8421	675.5104	797.4149	896.3875	980.8963	1056.103	1158.768	1252.209	1329.52	1416.775	1496.94	1585.559
206.8	0	0	0	0.195298	7.176589	109.431	456.4727	676.1321	798.7985	895.6257	979.8268	1055.717	1157.519	1253.251	1329.52	1416.775	1495.152	1585.559
206.9	0	0	0	0.195298	7.235414	109.3621	457.1033	675.9545	798.0079	895.0815	979.7081	1054.557	1157.658	1251.316	1331.902	1416.775	1497.834	1584.993
207	0	0	0	0.195298	7.235414	109.2245	457.1033	676.1321	798.6008	895.5168	980.1833	1053.14	1157.519	1250.126	1331.902	1415.762	1496.046	1585.559
207.1	0	0	0	0.195298	7.235414	109.2245	457.1033	675.688	798.6008	895.2992	978.7574	1052.239	1155.575	1249.382	1333.332	1415.931	1496.225	1584.238
207.2	0	0	0	0.195298	7.235414	109.3621	456.5515	676.1321	799.8856	895.9521	977.8069	1050.564	1155.714	1250.721	1333.967	1414.581	1496.046	1584.804
207.3	0	0	0	0.195298	7.235414	109.6374	456.8668	675.688	799.9844	895.6257	978.6386	1053.527	1155.714	1252.061	1333.332	1415.256	1494.615	1582.161
207.4	0	0	0	0.195298	7.235414	109.9127	457.1033	675.1551	799.8856	895.2992	977.9257	1052.883	1155.159	1251.614	1333.014	1413.905	1493.185	1582.538
207.5	0	0	0	0.195298	7.294239	109.9816	456.788	674.8886	799.4902	896.061	978.5198	1054.171	1154.881	1252.209	1332.538	1413.23	1491.575	1581.972
207.6	0	0	0	0.195298	7.294239	110.1192	456.788	674.9774	801.2691	896.3875	979.114	1054.042	1153.771	1252.507	1331.744	1413.399	1491.754	1583.105
207.7	0	0	0	0.195298	7.294239	110.188	457.4974	674.7997	800.9726	895.2992	978.9951	1053.398	1154.187	1253.4	1330.949	1412.217	1492.112	1582.916
207.8	0	0	0	0.195298	7.353063	109.9127	457.7339	674.4445	799.6879	894.1021	977.3315	1053.527	1154.742	1252.061	1331.744	1413.568	1493.363	1583.293
207.9	0	0	0	0.195298	7.353063	110.188	457.4974	674.7109	798.8973	893.8845	978.2822	1053.656	1154.881	1252.507	1332.061	1412.724	1493.185	1583.105
208	0	0	0	0.195298	7.353063	110.188	457.7339	674.4445	798.502	894.4286	978.1633	1054.557	1153.771	1251.465	1330.791	1415.087	1492.648	1582.916
208.1	0	0	0	0.195298	7.353063	110.2569	457.4974	675.1551	798.1067	894.7551	977.2127	1054.3	1154.048	1250.87	1329.838	1416.1	1492.469	1582.727
208.2	0	0	0	0.195298	7.353063	110.3257	458.8374	674.6221	797.6126	896.4963	978.8763	1054.429	1153.632	1248.935	1329.838	1416.775	1491.933	1583.293
208.3	0	0	0	0.195298	7.353063	110.2569	458.2857	674.7997	798.9962	895.9521	978.8763	1054.815	1154.187	1249.084	1329.361	1417.282	1492.469	1582.538
208.4	0	0	0	0.195298	7.353063	110.3945	457.9704	674.7109	799.6879	896.061	979.114	1054.557	1153.493	1249.679	1327.138	1417.282	1494.079	1582.349
208.5	0	0	0	0.195298	7.294239	110.4633	457.9704	674.2668	800.9726	895.9521	978.6386	1054.3	1152.382	1249.382	1326.661	1417.788	1493.542	1581.216
208.6	0	0	0	0.195298	7.353063	110.4633	458.3645	674.5333	800.9726	895.9521	978.9951	1054.815	1151.272	1249.233	1328.408	1417.282	1494.079	1580.461
208.7	0	0	0	0.195298	7.353063	110.3945	458.6798	674.0892	800.775	895.9521	978.9951	1054.171	1151.272	1248.042	1329.361	1417.619	1492.469	1580.65
208.8	0	0	0	0.195298	7.411888	110.8075	458.8374	675.3327	800.775	896.4963	978.9951	1053.913	1150.855	1246.256	1330.314	1416.606	1492.648	1581.594
208.9	0	0	0	0.195298	7.411888	110.8075	458.8374	675.688	800.5773	895.408	978.5198	1054.815	1150.855	1246.405	1329.043	1417.451	1492.648	1581.216
209	0	0	0	0.195298	7.411888	110.8075	459.2316	675.3327	801.1703	894.7551	979.7081	1054.429	1151.133	1246.554	1328.885	1417.957	1491.575	1579.895
209.1	0	0	0	0.195298	7.411888	110.7386	459.3104	675.0662	801.3679	894.1021	979.3516	1053.269	1151.133	1246.405	1329.202	1417.113	1491.218	1579.706
209.2	0	0	0	0.195298	7.411888	110.4633	459.1527	675.3327	799.3914	894.1021	979.8268	1052.367	1150.3	1247.596	1329.361	1417.619	1492.827	1579.139
209.3	0	0	0	0.195298	7.353063	110.188	459.7833	675.2439	798.7985	892.2521	978.9951	1051.208	1151.272	1246.405	1328.885	1417.451	1491.396	1580.083
209.4	0	0	0	0.195298	7.353063	110.3945	459.7833	675.5104	798.3044	892.0345	979.7081	1050.564	1151.133	1244.768	1327.455	1418.801	1491.575	1579.517
209.5	0	0	0	0.195298	7.294239	110.4633	459.3892	676.3986	798.6996	892.4698	979.4704	1049.276	1149.883	1245.959	1329.202	1417.282	1490.502	1580.083
209.6	0	0	0	0.195298	7.235414	110.3257	459.0739	675.688	798.7985	892.9051	980.7775	1049.533	1150.994	1246.405	1327.773	1414.918	1490.502	1581.972
209.7	0	0	0	0.195298	7.235414	109.9127	457.8915	675.4216	798.0079	893.1227	979.7081	1049.92	1152.243	1247.745	1327.296	1413.061	1490.681	1582.349
209.8	0	0	0	0.195298	7.117765	110.1192	457.3398	674.5333	798.0079	893.0139	979.114	1049.662	1152.66	1248.638	1327.614	1412.048	1491.575	1584.615
209.9	0	0	0	0.195298	7.117765	110.1192	456.8668	674.0892	797.7114	892.2521	978.5198	1050.177	1152.938	1248.191	1327.138	1410.866	1492.291	1585.182
210	0	0	0	0.195298	6.882467	110.2569	456.8668	674.9774	797.5137	892.1433	979.8268	1050.177	1153.076	1248.042	1326.661	1409.685	1492.827	1584.804
210.1	0	0	0	0.195298	6.941292	110.1192	457.1821	675.8657	798.0079	891.3815	980.7775	1050.822	1152.521	1248.935	1327.296	1410.191	1490.86	1586.315
210.2	0	0	0	0.195298	6.823643	110.1192	457.7339	675.5104	798.6008	891.1639	980.5398	1050.049	1153.909	1248.042	1327.614	1411.204	1491.754	1585.748
210.3	0	0	0	0.195298	6.764818	110.2569	457.8127	676.0433	799.5891	890.8374	980.8963	1050.049	1153.771	1246.703	1327.773	1411.542	1489.966	1585.559
210.4	0	0	0	0.195298	6.764818	110.1192	457.4186	676.5762	798.2055	891.3815	980.7775	1050.95	1154.048	1247.596	1329.361	1412.048	1491.218	1584.993
210.5	0	0	0	0.195298	6.823643	109.7751	456.9456	677.1981	797.2173	890.1844	981.8469	1051.466	1154.465	1247	1328.249	1412.217	1491.396	1584.426
210.6	0	0	0	0.195298	6.882467	109.6374	457.0245	677.2869	796.6243	888.5521	980.6586	1051.337	1154.326	1246.852	1325.391	1413.23	1492.827	1585.748
210.7	0	0	0	0.195298	6.941292	109.4998	457.261	676.3098	796.0314	887.0286	980.1833	1052.11	1153.354	1246.256	1325.073	1413.23	1491.933	1586.504
210.8	0	0	0	0.195298	6.941292	109.431	457.261	676.5762	796.2291	887.2462	979.4704	1052.883	1152.243	1245.066	1324.596	1413.736	1490.86	1587.07
210.9	0	0	0	0.195298	7.000116	109.0868	456.6304	676.9316	795.9326	887.4639	980.421	1053.269	1151.272	1244.322	1325.232	1415.256	1491.039	1586.315
211	0	0	0	0.195298	7.058941	109.2245	455.9209	676.1321	796.1302	887.0286	979.114	1054.171	1152.382	1244.322	1324.438	1413.905	1489.608	1586.881
211.1	0	0	0	0.195298	7.058941	109.2245	455.6057	675.5992	796.5255	886.158	979.7081	1053.656	1153.771	1244.173	1322.849	1414.243	1488.893	1583.482
211.2	0	0	0	0.195298	7.058941	109.1557	456.1574	675.5992	796.7231	887.1374	980.1833	1054.171	1153.632	1244.173	1323.485	1413.568	1488.535	1583.86
211.3	0	0	0	0.195298	7.058941	109.2245	455.8421	674.8886	797.3161	887.2462	978.9951	1054.686	1153.076	1244.173	1324.279	1415.087	1489.072	1583.105
211.4	0	0	0	0.195298	7.058941	108.7427	454.8962	674.178	797.5137	886.5933	978.2822	1053.784	1153.076	1243.726	1325.073	1413.399	1490.323	1583.293
211.5	0	0	0	0.195298	7.000116	109.0868	454.8962	673.4674	798.2055	886.7021	977.8069	1052.496	1151.549	1244.619	1325.232	1411.879	1490.323	1584.804
211.6	0	0	0	0.195298	6.941292	109.3621	455.3692	673.2897	798.9962	886.4844	978.401	1052.11	1151.133	1244.768	1325.391	1412.386	1491.933	1584.049
211.7	0	0	0	0.195298	6.941292	109.2933	455.9209	673.2897	798.2055	885.7227	978.1633	1051.466	1151.133	1243.131	1323.802	1412.386	1491.039	1584.426
211.8	0	0	0	0.195298	6.941292	109.018	455.6057	673.2009	797.6126	885.7227	977.8069	1049.791	1149.745	1243.429	1322.849	1413.23	1490.86	1583.671
211.9	0	0	0	0.195298	6.941292	109.018	455.0539	673.9115	798.6008	886.158	978.6386	1048.889	1150.022	1243.726	1321.896	1414.074	1491.396	1582.916
212	0	0	0	0.195298	6.882467	109.2245	454.2656	674.6221	798.3044	885.6138	979.3516	1048.76	1149.883	1244.322	1321.896	1413.736	1489.608	1584.426
212.1	0	0	0	0.195298	6.882467	109.7063	454.1868	674.2668	797.8102	885.7227	979.3516	1048.503	1151.688	1245.215	1321.261	1413.905	1488.177	1584.426
212.2	0	0	0	0.195298	6.941292	110.0504	453.8715	674.0004	797.8102	887.0286	978.7574	1049.276	1150.161	1243.429	1323.485	1413.736	1488.356	1584.993
212.3	0	0	0	0.195298	6.941292	109.5686	453.7139	674.6221	798.1067	888.6609	979.4704	1049.533	1150.578	1242.238	1323.643	1411.711	1488.177	1584.615
212.4	0	0	0	0.195298	6.941292	109.5686	453.3986	674.178	796.9208	888.4432	980.6586	1050.049	1151.272	1243.726	1323.802	1411.373	1488.535	1584.426
212.5	0	0	0	0.195298	6.941292	109.5686	453.1621	673.645	796.9208	887.7903	980.6586	1052.11	1150.161	1243.429	1323.643	1411.204	1487.462	1582.727
212.6	0	0	0	0.195298	6.882467	109.7751	453.3197	674.178	795.0432	888.2256	978.8763	1051.594	1150.161	1243.578	1322.214	1409.178	1488.177	1582.916
212.7	0	0	0	0.195298	6.823643	109.7751	453.7139	674.2668	795.142	887.2462	979.114	1053.656	1150.716	1243.429	1321.738	1407.152	1488.177	1582.538
212.8	0	0	0	0.195298	6.823643	109.6374	452.7679	674.0892	795.4384	886.2668	977.688	1053.784	1149.467	1243.429	1321.261	1407.152	1487.283	1582.161
212.9	0	0	0	0.195298	6.823643	109.9127	452.3738	673.7339	794.549	885.8315	977.0939	1053.398	1150.578	1243.28	1321.261	1408.503	1487.641	1582.349
213	0	0	0	0.195298	6.823643	109.6374	452.295	673.1121	794.7466	885.2874	976.9751	1053.398	1151.41	1244.024	1319.673	1408.503	1487.105	1581.594
213.1	0	0	0	0.195298	6.882467	110.1192	452.9256	673.3786	794.2526	886.5933	976.6186	1052.883	1153.076	1244.173	1319.832	1410.022	1487.641	1582.349
213.2	0	0	0	0.195298	6.882467	110.1192	452.295	672.7568	794.549	886.8109	975.5492	1053.011	1152.799	1242.387	1320.149	1409.853	1489.608	1581.405
213.3	0	0	0	0.195298	6.882467	110.2569	452.9256	672.4904	794.549	887.2462	973.5292	1053.011	1153.909	1243.429	1320.943	1409.178	1490.145	1581.405
213.4	0	0	0	0.195298	6.941292	110.2569	452.8468	672.668	794.2526	886.7021	973.2915	1053.398	1153.632	1242.982	1321.896	1407.659	1490.145	1581.028
213.5	0	0	0	0.195298	6.941292	110.4633	453.0044	672.4015	794.1537	885.8315	972.9351	1052.367	1155.714	1243.875	1322.055	1409.853	1490.145	1580.65
213.6	0	0	0	0.195298	6.941292	110.3945	453.3986	671.8685	794.2526	886.0491	973.0539	1051.981	1155.297	1243.429	1321.102	1407.49	1490.145	1580.461
213.7	0	0	0	0.195298	6.941292	110.601	453.7139	671.4244	794.7466	887.0286	973.1727	1051.852	1154.465	1243.578	1319.514	1407.996	1488.893	1579.706
213.8	0	0	0	0.195298	6.941292	110.3257	453.7927	670.5362	794.2526	888.3344	973.2915	1052.367	1153.354	1244.917	1320.626	1408.165	1489.25	1581.972
213.9	0	0	0	0.195298	6.941292	110.3257	453.4774	670.8027	794.9443	888.3344	972.4598	1051.466	1152.105	1244.024	1321.738	1407.659	1490.681	1583.86
214	0	0	0	0.195298	6.941292	110.5322	453.2409	670.8027	795.5373	889.0962	972.6974	1050.049	1152.243	1244.024	1320.943	1407.659	1492.648	1583.105
214.1	0	0	0	0.195298	6.882467	110.7386	452.7679	671.0692	794.4502	889.3138	974.4798	1049.92	1151.272	1243.429	1320.943	1407.996	1492.648	1582.727
214.2	0	0	0	0.195298	6.941292	110.601	452.8468	670.8915	792.869	888.0079	974.4798	1050.435	1150.716	1241.792	1320.785	1409.516	1490.86	1581.972
214.3	0	0	0	0.195298	6.882467	110.5322	453.4774	670.625	792.0784	886.8109	974.2421	1049.276	1149.883	1242.387	1320.943	1409.853	1491.396	1580.083
214.4	0	0	0	0.195298	6.882467	110.3257	452.9256	670.3585	792.4737	888.3344	973.5292	1049.92	1149.189	1242.833	1320.149	1409.853	1490.145	1579.895
214.5	0	0	0	0.195298	6.882467	110.3257	452.5315	670.2697	792.2761	887.6815	973.7668	1049.791	1148.079	1242.982	1319.514	1409.347	1491.218	1580.839
214.6	0	0	0	0.195298	6.823643	110.3945	452.0585	669.9144	791.9796	887.5727	973.4103	1048.76	1148.356	1241.345	1320.467	1409.009	1491.754	1578.573
214.7	0	0	0	0.195298	6.764818	110.2569	452.7679	669.8256	790.6949	887.355	973.2915	1049.018	1147.94	1241.196	1320.149	1407.828	1491.039	1578.951
214.8	0	0	0	0.195298	6.705994	110.4633	452.5315	669.3815	791.4855	887.8992	972.5786	1049.404	1147.107	1241.941	1319.355	1407.152	1488.177	1581.028
214.9	0	0	0	0.195298	6.764818	110.4633	452.3738	669.0262	790.7937	889.4227	971.628	1048.374	1146.552	1240.899	1318.879	1406.983	1487.641	1581.216
215	0	0	0	0.195298	6.823643	110.3257	453.3986	668.8485	791.189	887.8992	972.8162	1047.987	1147.523	1239.708	1317.926	1406.815	1487.82	1580.461
215.1	0	0	0	0.195298	6.823643	110.2569	453.3197	669.9144	790.3984	887.4639	972.6974	1048.245	1145.441	1239.113	1318.72	1406.308	1486.747	1578.006
215.2	0	0	0	0.195298	6.941292	110.1192	453.1621	670.7139	790.6949	888.1168	973.0539	1049.662	1145.58	1238.815	1319.514	1404.958	1487.105	1577.44
215.3	0	0	0	0.195298	7.000116	110.3945	452.7679	670.1809	790.5961	889.205	972.9351	1049.147	1143.775	1238.815	1319.514	1405.126	1487.82	1577.251
215.4	0	0	0	0.195298	7.000116	110.7386	452.295	669.115	791.2878	889.6403	973.2915	1047.859	1143.775	1238.815	1318.561	1405.126	1489.787	1577.251
215.5	0	0	0	0.195298	7.000116	110.4633	452.4527	668.7597	791.8807	889.858	972.6974	1048.76	1143.914	1240.601	1318.085	1404.789	1490.323	1574.985
215.6	0	0	0	0.195298	7.000116	110.3257	452.9256	669.115	792.0784	889.4227	972.4598	1048.245	1143.081	1240.75	1319.514	1404.62	1489.429	1575.552
215.7	0	0	0	0.195298	7.000116	110.3257	452.3738	669.2038	790.5961	888.2256	972.5786	1047.343	1143.914	1241.643	1320.626	1404.113	1488.177	1575.552
215.8	0	0	0	0.195298	7.000116	110.4633	452.6891	669.3815	790.2007	888.7697	972.6974	1044.638	1144.192	1243.429	1320.308	1403.945	1489.966	1574.041
215.9	0	0	0	0.195298	7.000116	110.0504	453.635	668.8485	790.8925	887.8992	971.628	1043.35	1145.58	1243.131	1319.037	1403.269	1488.893	1572.719
216	0	0	0	0.195298	7.000116	110.2569	453.9503	668.3156	790.3984	887.6815	971.0339	1044.123	1147.107	1241.643	1318.402	1405.633	1485.674	1573.475
216.1	0	0	0	0.195298	7.176589	110.3257	454.4233	667.5162	790.5961	886.3756	971.3903	1044.638	1146.135	1241.196	1317.608	1404.958	1486.926	1571.586
216.2	0	0	0	0.195298	7.176589	110.3257	453.9503	668.0491	791.2878	886.4844	972.1033	1044.638	1145.719	1242.089	1319.037	1403.776	1486.926	1572.908
216.3	0	0	0	0.195298	7.176589	109.9816	453.8715	667.4273	791.6831	886.3756	971.0339	1043.865	1144.469	1242.536	1318.243	1402.088	1486.032	1573.475
216.4	0	0	0	0.195298	7.235414	109.9127	454.108	667.5162	792.0784	885.8315	971.1527	1045.411	1145.857	1240.601	1315.861	1401.919	1485.853	1573.097
216.5	0	0	0	0.195298	7.117765	109.9816	454.0291	667.9603	792.2761	886.3756	970.4398	1044.896	1145.302	1240.155	1314.114	1401.75	1484.601	1573.097
216.6	0	0	0	0.195298	7.117765	109.4998	453.9503	667.5162	792.2761	885.9403	970.7962	1045.153	1145.58	1239.559	1316.179	1400.399	1484.422	1573.475
216.7	0	0	0	0.195298	7.235414	109.3621	454.3445	666.8944	792.3749	886.158	969.7268	1046.957	1146.829	1236.88	1315.385	1399.893	1483.528	1572.908
216.8	0	0	0	0.195298	7.235414	109.431	454.1868	665.2067	791.8807	885.6138	969.1327	1045.797	1147.94	1236.732	1316.02	1400.568	1483.17	1573.663
216.9	0	0	0	0.195298	7.294239	109.2245	454.5809	665.0291	791.8807	885.8315	969.1327	1045.926	1148.634	1235.839	1315.385	1400.062	1481.919	1573.097
217	0	0	0	0.195298	7.353063	109.2933	454.1868	666.095	791.0901	886.5933	969.2515	1046.313	1148.912	1236.136	1316.655	1398.711	1481.561	1574.985
217.1	0	0	0	0.195298	7.353063	109.2933	454.108	666.8055	790.7937	886.5933	968.7762	1046.055	1148.079	1237.178	1314.114	1398.205	1481.561	1573.475
217.2	0	0	0	0.195298	7.411888	109.3621	454.3445	666.6279	790.7937	886.0491	968.7762	1045.024	1145.857	1236.434	1313.955	1401.243	1481.382	1572.153
217.3	0	0	0	0.195298	7.411888	109.6374	454.7386	666.7167	789.6078	885.7227	967.3503	1042.963	1145.857	1237.178	1313.637	1401.75	1479.773	1573.286
217.4	0	0	0	0.195298	7.411888	109.4998	454.108	667.6938	788.916	885.0697	967.8256	1041.933	1144.886	1236.88	1313.955	1402.594	1480.13	1573.663
217.5	0	0	0	0.195298	7.470712	109.2933	454.5809	667.072	788.5208	883.9814	967.8256	1041.031	1143.22	1236.732	1313.796	1403.269	1480.667	1572.719
217.6	0	0	0	0.195298	7.470712	109.3621	455.0539	668.1379	788.2242	883.9814	967.4691	1041.288	1142.942	1235.839	1314.273	1401.75	1480.309	1571.398
217.7	0	0	0	0.195298	7.470712	109.4998	455.1327	668.7597	788.1254	882.4579	968.895	1040.773	1142.665	1235.69	1314.59	1401.243	1480.846	1571.964
217.8	0	0	0	0.195298	7.470712	109.7751	454.5021	669.0262	787.1372	881.9138	968.0632	1039.227	1142.526	1237.773	1314.908	1400.399	1481.919	1571.02
217.9	0	0	0	0.195298	7.411888	109.6374	454.3445	669.4703	786.7419	883.5461	968.0632	1040.129	1142.665	1235.541	1315.067	1400.399	1481.382	1570.831
218	0	0	0	0.195298	7.411888	109.5686	454.5021	669.2927	786.9395	882.6755	968.3009	1040.773	1143.636	1234.797	1314.908	1402.088	1481.74	1571.398
218.1	0	0	0	0.195298	7.294239	109.3621	454.975	669.7368	787.0384	882.6755	968.3009	1041.031	1142.942	1234.797	1314.59	1401.581	1482.813	1571.586
218.2	0	0	0	0.195298	7.294239	109.1557	455.2115	670.0032	786.5443	884.0903	969.3703	1041.031	1142.803	1236.285	1313.479	1401.412	1481.025	1572.719
218.3	0	0	0	0.195298	7.353063	109.0868	454.7386	669.3815	787.236	882.4579	968.5386	1041.031	1142.803	1238.22	1314.273	1401.243	1481.919	1574.608
218.4	0	0	0	0.195298	7.353063	109.1557	454.7386	669.6479	786.8407	882.5667	966.5186	1042.061	1142.526	1238.071	1314.432	1401.075	1482.276	1574.796
218.5	0	0	0	0.195298	7.294239	108.6739	454.108	670.3585	787.0384	882.2403	966.875	1040.516	1142.387	1237.773	1313.796	1401.412	1483.17	1573.475
218.6	0	0	0	0.195298	7.294239	108.7427	453.9503	669.6479	787.5325	881.6962	965.6868	1040.902	1140.999	1237.625	1314.59	1401.243	1484.065	1574.23
218.7	0	0	0	0.195298	7.353063	108.6739	453.5562	669.5591	787.7302	882.1315	963.7856	1041.417	1140.999	1237.327	1314.273	1400.906	1482.992	1574.608
218.8	0	0	0	0.195298	7.176589	108.8804	453.1621	669.2038	787.236	881.0432	964.855	1041.804	1141.832	1236.583	1313.955	1401.412	1481.382	1572.342
218.9	0	0	0	0.195298	7.176589	108.7427	453.5562	669.5591	786.5443	880.8256	964.7361	1041.417	1141.554	1237.029	1315.226	1401.075	1480.488	1573.475
219	0	0	0	0.195298	7.235414	108.8115	453.4774	670.092	785.556	880.8256	966.0432	1041.933	1141.832	1237.476	1315.385	1400.568	1479.952	1572.719
219.1	0	0	0	0.195298	7.176589	109.0868	453.3197	670.8915	784.9631	881.0432	965.6868	1041.031	1139.749	1236.285	1315.226	1399.049	1479.236	1572.908
219.2	0	0	0	0.195298	7.235414	109.2933	453.9503	670.7139	784.7654	881.0432	964.3797	1041.16	1139.749	1237.029	1315.067	1401.581	1478.879	1572.342
219.3	0	0	0	0.195298	7.235414	108.8804	453.635	670.0032	783.3818	881.4785	965.5679	1040.387	1139.194	1236.732	1314.273	1399.386	1477.627	1570.265
219.4	0	0	0	0.195298	7.353063	109.018	453.7927	670.092	783.5795	881.9138	965.8056	1040.902	1138.083	1236.583	1313.955	1398.373	1478.521	1571.586
219.5	0	0	0	0.195298	7.294239	109.018	453.0044	669.7368	783.1842	882.0226	965.0927	1039.485	1138.222	1235.541	1313.002	1398.373	1477.984	1568.565
219.6	0	0	0	0.195298	7.411888	109.018	452.1374	669.0262	781.603	881.9138	965.4491	1039.743	1137.667	1235.095	1313.796	1399.218	1476.912	1567.432
219.7	0	0	0	0.195298	7.411888	109.2933	452.1374	668.4044	781.8995	882.2403	965.8056	1039.356	1138.639	1234.202	1312.526	1399.386	1477.269	1568.754
219.8	0	0	0	0.195298	7.411888	109.2933	452.0585	668.2267	782.2948	882.4579	965.8056	1039.227	1136.417	1233.458	1312.526	1400.568	1476.554	1567.432
219.9	0	0	0	0.195298	7.411888	109.1557	452.3738	668.582	783.3818	883.8726	965.5679	1040	1135.446	1234.202	1310.779	1401.919	1474.408	1567.81
220	0	0	0	0.195298	7.353063	109.2245	452.0585	668.4932	784.1724	883.5461	965.9244	1039.356	1135.307	1235.392	1311.89	1401.412	1474.945	1567.81
220.1	0	0	0	0.195298	7.353063	109.2933	452.1374	668.2267	784.2713	882.5667	964.7361	1038.326	1136.14	1235.243	1311.732	1399.724	1473.872	1570.831
220.2	0	0	0	0.195298	7.353063	109.2245	453.0833	667.8715	782.2948	883.4373	964.7361	1038.197	1136.695	1235.243	1312.049	1397.698	1473.335	1569.698
220.3	0	0	0	0.195298	7.411888	108.8804	452.6891	668.4044	782.6901	883.655	964.855	1037.81	1136.279	1233.755	1311.573	1398.205	1474.05	1569.509
220.4	0	0	0	0.195298	7.353063	109.0868	452.3738	668.0491	781.8995	882.0226	966.0432	1039.099	1136.834	1234.053	1313.002	1400.062	1474.945	1567.243
220.5	0	0	0	0.195298	7.411888	109.2933	452.6103	668.1379	781.7018	881.6962	965.4491	1041.031	1136.834	1233.309	1313.32	1399.049	1475.123	1566.677
220.6	0	0	0	0.195298	7.353063	109.3621	452.4527	669.115	781.8995	880.8256	965.8056	1042.577	1138.222	1233.755	1312.208	1398.542	1473.872	1567.621
220.7	0	0	0	0.195298	7.353063	109.0868	452.6103	669.0262	782.5912	881.2609	965.2115	1042.706	1138.777	1234.053	1312.526	1397.529	1473.872	1566.488
220.8	0	0	0	0.195298	7.353063	108.8115	453.1621	668.4932	782.2948	881.2609	964.3797	1042.963	1138.916	1233.606	1311.732	1396.685	1472.62	1564.411
220.9	0	0	0	0.195298	7.353063	108.7427	453.7927	667.7827	781.8007	881.3697	964.3797	1043.865	1139.194	1233.904	1310.302	1397.192	1473.335	1563.845
221	0	0	0	0.195298	7.294239	108.4674	453.635	667.9603	781.7018	881.152	964.6173	1045.024	1140.027	1231.969	1311.89	1396.179	1473.872	1564.033
221.1	0	0	0	0.195298	7.294239	108.6051	454.0291	667.3385	781.603	881.9138	964.855	1045.411	1139.749	1232.267	1311.89	1397.867	1472.262	1564.033
221.2	0	0	0	0.195298	7.294239	108.6739	453.7139	667.7827	780.2195	882.4579	964.855	1046.441	1139.055	1232.267	1311.255	1395.672	1473.335	1563.656
221.3	0	0	0	0.195298	7.294239	108.5362	454.1868	667.3385	780.6147	881.805	964.3797	1045.54	1140.027	1231.374	1312.049	1396.516	1473.335	1563.467
221.4	0	0	0	0.195298	7.294239	108.6739	454.3445	667.1609	780.3183	882.0226	963.7856	1045.54	1140.721	1232.267	1312.843	1396.685	1472.441	1563.089
221.5	0	0	0	0.195298	7.294239	108.8115	455.1327	666.2726	779.5277	882.0226	963.5479	1045.797	1140.582	1231.82	1312.049	1397.698	1471.189	1564.222
221.6	0	0	0	0.195298	7.176589	108.5362	454.8174	667.072	779.1324	881.4785	962.0032	1045.411	1140.443	1231.672	1312.049	1397.698	1471.905	1564.6
221.7	0	0	0	0.195298	7.176589	108.6051	454.7386	668.0491	779.4289	880.7167	961.4091	1046.055	1141.276	1231.523	1310.302	1398.205	1471.189	1563.845
221.8	0	0	0	0.195298	7.176589	108.9492	454.4233	667.6938	778.4406	880.8256	961.5279	1044.896	1138.777	1231.076	1309.508	1398.88	1470.474	1564.222
221.9	0	0	0	0.195298	7.117765	109.0868	454.1868	667.1609	777.65	880.4991	959.9832	1043.607	1138.361	1231.374	1309.508	1399.218	1471.189	1563.089
222	0	0	0	0.195298	7.117765	109.018	453.8715	666.4503	777.3536	881.6962	959.5079	1043.994	1137.112	1230.035	1309.508	1397.698	1472.083	1562.523
222.1	0	0	0	0.195298	7.176589	109.2245	453.8715	666.9832	778.4406	881.5873	957.6067	1043.736	1137.806	1231.82	1309.508	1398.205	1471.726	1561.579
222.2	0	0	0	0.195298	7.176589	109.2933	453.9503	667.3385	779.6265	881.2609	958.4385	1043.736	1138.361	1233.309	1307.92	1398.373	1471.726	1562.334
222.3	0	0	0	0.195298	7.176589	109.5686	454.0291	667.4273	779.7253	880.9344	958.4385	1043.994	1138.222	1234.499	1307.602	1398.373	1471.01	1561.767
222.4	0	0	0	0.195298	7.117765	109.7751	453.635	667.5162	779.3301	880.1726	958.6761	1044.251	1138.083	1233.458	1308.396	1394.997	1471.01	1562.334
222.5	0	0	0	0.195298	7.117765	109.8439	453.4774	668.4932	780.6147	879.4108	957.9631	1043.35	1137.389	1232.565	1308.396	1394.322	1471.01	1561.956
222.6	0	0	0	0.195298	7.117765	109.7063	453.3986	668.9374	780.7136	878.9755	959.6267	1043.479	1137.667	1232.713	1307.285	1393.815	1471.189	1562.523
222.7	0	0	0	0.195298	7.176589	109.6374	454.3445	668.3156	780.4171	878.8667	959.1514	1045.153	1137.25	1232.713	1307.126	1393.815	1470.116	1562.145
222.8	0	0	0	0.195298	7.235414	109.4998	454.108	667.5162	780.7136	879.1932	960.102	1044.123	1137.25	1232.862	1306.967	1393.477	1471.547	1562.712
222.9	0	0	0	0.195298	7.294239	109.1557	453.8715	666.8055	780.8124	880.8256	959.8644	1043.221	1135.723	1233.16	1307.761	1392.633	1470.116	1563.278
223	0	0	0	0.195298	7.294239	108.6051	453.8715	666.3615	780.8124	880.1726	959.9832	1042.448	1135.723	1231.969	1307.92	1393.477	1471.01	1562.9
223.1	0	0	0	0.195298	7.176589	108.9492	454.2656	666.7167	781.1089	879.8461	960.6961	1042.448	1136.417	1233.755	1306.808	1392.633	1470.653	1562.712
223.2	0	0	0	0.195298	7.235414	109.0868	454.2656	665.8285	782.0971	879.8461	960.102	1041.804	1137.112	1233.458	1307.126	1393.14	1470.832	1562.9
223.3	0	0	0	0.195298	7.235414	108.8115	453.9503	666.095	782.8878	879.302	959.8644	1042.319	1135.862	1231.374	1306.014	1393.309	1471.01	1562.712
223.4	0	0	0	0.195298	7.235414	108.8115	454.6598	666.5391	782.2948	879.4108	959.5079	1043.35	1135.446	1231.225	1306.808	1392.633	1470.653	1560.635
223.5	0	0	0	0.195298	7.235414	109.018	454.975	666.8944	781.7018	878.3226	959.1514	1042.448	1135.584	1231.672	1306.649	1392.971	1472.262	1560.635
223.6	0	0	0	0.195298	7.294239	108.8115	454.975	667.1609	780.9113	877.452	960.2208	1042.834	1135.168	1231.672	1307.126	1392.296	1473.514	1560.257
223.7	0	0	0	0.195298	7.235414	108.8804	454.7386	667.605	781.9983	876.1461	960.6961	1043.221	1135.723	1229.588	1305.696	1391.789	1473.693	1562.523
223.8	0	0	0	0.195298	7.176589	109.1557	455.8421	667.6938	782.7889	876.3638	961.1714	1041.675	1136.001	1228.844	1306.014	1392.971	1474.766	1564.222
223.9	0	0	0	0.195298	7.117765	109.2245	455.9998	666.5391	782.9866	876.1461	960.9338	1041.417	1137.25	1227.058	1305.22	1392.127	1474.766	1564.6
224	0	0	0	0.195298	7.058941	109.3621	456.2362	666.9832	783.1842	875.7108	960.2208	1040.902	1136.14	1226.612	1303.155	1390.607	1475.302	1565.733
224.1	0	0	0	0.195298	7.000116	109.4998	456.3151	666.2726	783.6783	874.949	960.102	1039.356	1136.14	1226.016	1302.837	1390.776	1474.05	1564.978
224.2	0	0	0	0.195298	6.941292	109.6374	456.9456	666.2726	783.1842	873.8608	960.4585	1038.841	1136.556	1225.123	1301.408	1389.932	1473.693	1565.166
224.3	0	0	0	0.195298	7.058941	109.6374	457.261	666.7167	783.876	873.8608	959.8644	1038.583	1136.14	1224.974	1301.567	1391.283	1473.693	1564.978
224.4	0	0	0	0.195298	7.117765	109.9816	457.261	666.6279	783.5795	874.2961	959.1514	1039.227	1135.862	1225.421	1302.202	1391.62	1473.514	1564.6
224.5	0	0	0	0.195298	7.058941	110.3257	456.8668	667.1609	782.196	874.7314	958.2008	1038.841	1134.89	1224.826	1302.52	1391.958	1473.335	1565.166
224.6	0	0	0	0.195298	7.058941	110.8075	457.1821	666.8944	782.0971	875.8196	958.2008	1038.97	1133.919	1226.016	1303.314	1392.971	1472.799	1565.922
224.7	0	0	0	0.195298	7.176589	110.3945	456.788	666.8055	782.6901	874.8402	957.4879	1039.871	1133.641	1226.909	1302.679	1393.477	1472.977	1563.089
224.8	0	0	0	0.195298	7.176589	110.2569	456.3939	666.9832	782.4924	875.3843	957.1314	1040	1132.947	1224.974	1302.202	1394.153	1472.977	1562.334
224.9	0	0	0	0.195298	7.176589	110.3257	456.0786	666.8055	782.196	875.602	958.3196	1040.129	1132.947	1226.463	1303.314	1392.971	1473.514	1562.334
225	0	0	0	0.195298	7.176589	110.3257	456.1574	666.095	782.4924	876.4726	958.9138	1040.129	1132.808	1226.76	1302.679	1392.464	1473.514	1562.334
225.1	0	0	0	0.195298	7.176589	109.9816	456.4727	666.8055	781.8007	876.3638	957.9631	1039.485	1133.086	1226.76	1303.632	1393.309	1471.368	1561.39
225.2	0	0	0	0.195298	7.235414	110.3945	456.2362	666.8055	783.0854	876.4726	958.3196	1038.197	1132.808	1227.356	1303.314	1393.815	1471.726	1559.502
225.3	0	0	0	0.195298	7.294239	110.2569	455.6845	666.8944	783.283	877.452	959.6267	1038.841	1133.502	1227.951	1302.52	1393.14	1471.01	1559.879
225.4	0	0	0	0.195298	7.294239	110.2569	455.9209	666.6279	783.3818	877.3431	959.7455	1038.97	1133.919	1227.653	1302.361	1392.464	1470.832	1560.446
225.5	0	0	0	0.195298	7.235414	110.188	456.2362	666.6279	783.9748	877.7784	960.6961	1038.454	1134.335	1227.207	1304.108	1390.945	1470.116	1560.635
225.6	0	0	0	0.195298	7.235414	110.1192	456.2362	665.7397	783.1842	877.8873	960.3397	1037.295	1135.584	1226.612	1303.79	1389.594	1470.116	1559.502
225.7	0	0	0	0.195298	7.235414	109.9816	455.9209	666.1838	783.4807	877.7784	960.5773	1036.651	1136.14	1227.207	1304.108	1388.75	1470.295	1560.446
225.8	0	0	0	0.195298	7.235414	109.9127	455.9209	665.2067	783.283	877.3431	960.2208	1037.939	1135.168	1227.653	1305.855	1389.932	1471.726	1561.012
225.9	0	0	0	0.195298	7.294239	109.7751	455.7633	665.0291	783.4807	879.302	960.4585	1037.681	1134.613	1229.142	1306.967	1389.426	1471.547	1560.257
226	0	0	0	0.195298	7.294239	109.8439	455.3692	665.0291	783.3818	880.0638	960.5773	1037.424	1134.751	1230.183	1307.443	1388.919	1472.62	1559.69
226.1	0	0	0	0.195298	7.294239	109.6374	455.0539	664.9402	783.1842	880.0638	959.7455	1035.878	1135.307	1230.332	1307.602	1389.932	1472.262	1558.557
226.2	0	0	0	0.195298	7.294239	109.8439	455.448	664.4073	783.283	880.3903	959.0326	1035.62	1134.751	1229.737	1307.443	1389.932	1471.905	1557.613
226.3	0	0	0	0.195298	7.176589	109.6374	455.2115	665.562	782.196	880.3903	959.5079	1035.749	1134.474	1230.035	1307.602	1388.582	1471.189	1556.48
226.4	0	0	0	0.195298	7.176589	109.7063	455.448	665.4732	782.196	880.1726	958.5573	1037.037	1134.335	1228.695	1306.173	1388.413	1471.547	1555.536
226.5	0	0	0	0.195298	7.117765	109.7751	455.1327	664.2297	782.7889	880.6079	959.1514	1037.424	1134.057	1227.951	1304.267	1386.724	1470.474	1557.613
226.6	0	0	0	0.195298	7.117765	109.8439	455.8421	664.1408	783.7772	880.9344	959.2702	1036.78	1132.808	1227.951	1304.267	1388.413	1469.58	1558.18
226.7	0	0	0	0.195298	7.117765	110.0504	455.0539	664.4073	784.2713	882.0226	961.1714	1037.166	1131.281	1228.1	1303.155	1389.594	1470.295	1557.991
226.8	0	0	0	0.195298	7.176589	110.3945	454.8962	664.052	784.6666	882.3491	962.0032	1036.264	1131.697	1228.844	1302.837	1388.413	1470.832	1557.991
226.9	0	0	0	0.195298	7.058941	110.2569	455.2115	664.4073	784.6666	882.1315	963.3102	1036.651	1133.224	1228.844	1303.314	1389.763	1471.01	1555.347
227	0	0	0	0.195298	7.117765	110.2569	455.2115	664.7626	785.1607	881.805	963.5479	1037.166	1132.391	1228.993	1304.108	1388.244	1471.547	1554.214
227.1	0	0	0	0.195298	7.117765	110.3257	455.2115	664.052	785.0619	881.4785	964.3797	1036.007	1130.587	1229.142	1305.22	1387.737	1470.474	1553.837
227.2	0	0	0	0.195298	7.117765	110.3257	454.8962	665.2955	784.6666	881.6962	963.4291	1035.878	1130.031	1227.802	1303.632	1388.244	1470.832	1554.026
227.3	0	0	0	0.195298	7.117765	110.5322	455.3692	665.4732	783.7772	880.2814	962.5973	1036.522	1129.337	1227.951	1305.22	1388.075	1470.116	1554.97
227.4	0	0	0	0.195298	7.058941	110.6698	454.975	664.6738	783.283	879.302	963.0726	1035.363	1129.337	1228.1	1305.855	1388.413	1470.295	1555.347
227.5	0	0	0	0.195298	7.058941	110.601	455.0539	664.8514	782.6901	879.4108	963.0726	1035.878	1129.615	1227.058	1306.014	1388.75	1470.295	1556.103
227.6	0	0	0	0.195298	7.000116	110.8075	455.0539	664.585	782.7889	878.8667	962.9538	1034.59	1127.672	1226.463	1305.061	1388.075	1468.328	1555.347
227.7	0	0	0	0.195298	7.000116	111.0139	455.0539	666.3615	782.4924	879.0844	962.122	1032.528	1128.782	1227.505	1304.267	1387.737	1469.401	1555.725
227.8	0	0	0	0.195298	7.000116	110.9451	454.3445	666.1838	782.6901	879.955	962.0032	1032.4	1127.949	1227.802	1304.426	1388.075	1468.507	1557.236
227.9	0	0	0	0.195298	7.000116	111.0827	454.5809	666.0062	782.2948	879.4108	960.9338	1032.013	1127.394	1228.546	1303.632	1389.088	1468.149	1556.48
228	0	0	0	0.195298	7.058941	111.1516	454.7386	665.4732	781.8995	878.5402	959.8644	1032.657	1127.394	1229.29	1304.267	1390.101	1468.686	1556.48
228.1	0	0	0	0.195298	7.117765	111.5645	454.975	664.585	780.9113	879.6285	958.5573	1032.528	1128.227	1228.695	1302.837	1390.607	1466.54	1555.347
228.2	0	0	0	0.195298	7.117765	111.771	454.7386	665.4732	781.7018	880.0638	958.3196	1032.657	1128.504	1228.695	1301.567	1389.763	1466.182	1554.403
228.3	0	0	0	0.195298	7.117765	111.9086	455.0539	666.0062	783.1842	881.805	958.6761	1032.915	1127.949	1228.249	1300.614	1388.919	1467.613	1553.837
228.4	0	0	0	0.195298	7.117765	112.3904	454.975	666.3615	783.6783	881.805	958.9138	1032.786	1126.839	1228.695	1301.249	1388.413	1465.646	1552.515
228.5	0	0	0	0.195298	7.058941	112.3216	454.2656	667.1609	782.6901	881.152	959.389	1032.915	1126.839	1229.886	1300.614	1388.75	1468.149	1552.326
228.6	0	0	0	0.195298	7.000116	112.2528	455.6845	666.1838	781.9983	880.8256	959.7455	1032.786	1126.283	1228.993	1301.249	1388.244	1468.507	1552.326
228.7	0	0	0	0.195298	7.000116	112.7345	456.6304	666.7167	781.4053	880.8256	959.7455	1033.172	1127.394	1226.909	1299.82	1387.231	1468.328	1553.648
228.8	0	0	0	0.195298	7.000116	112.8034	457.4186	666.6279	782.0971	880.8256	960.3397	1033.044	1127.672	1225.272	1296.802	1385.543	1466.719	1552.893
228.9	0	0	0	0.195298	7.000116	113.1475	457.6551	666.7167	781.5042	880.7167	959.389	1033.817	1128.088	1224.677	1296.008	1387.4	1466.897	1554.592
229	0	0	0	0.195298	7.000116	113.2851	456.9456	665.8285	780.2195	880.2814	959.6267	1034.59	1128.782	1223.933	1296.008	1387.231	1466.719	1552.893
229.1	0	0	0	0.195298	7.000116	112.941	456.8668	665.2955	779.2312	879.6285	959.389	1035.234	1128.504	1222.742	1295.531	1387.569	1466.897	1555.159
229.2	0	0	0	0.195298	7.000116	113.0098	457.0245	665.0291	778.5394	881.0432	959.1514	1034.203	1129.476	1222.891	1296.326	1388.075	1466.719	1554.592
229.3	0	0	0	0.195298	7.000116	112.7345	457.1821	664.4073	777.7488	880.7167	959.1514	1034.332	1128.921	1223.04	1295.69	1387.737	1466.182	1553.648
229.4	0	0	0	0.195298	7.000116	112.8722	457.1821	665.0291	777.3536	880.7167	958.4385	1034.203	1130.448	1223.486	1293.467	1387.062	1466.54	1553.082
229.5	0	0	0	0.195298	6.882467	112.941	457.1821	664.4073	777.65	881.0432	957.4879	1033.301	1129.754	1221.849	1294.42	1386.049	1466.182	1551.571
229.6	0	0	0	0.195298	6.941292	113.2163	457.1821	664.1408	777.8477	881.2609	955.9432	1032.915	1129.893	1222.593	1293.626	1385.543	1465.824	1552.515
229.7	0	0	0	0.195298	6.882467	113.4228	456.788	663.9632	776.1677	881.9138	955.349	1032.657	1130.448	1221.998	1293.467	1385.543	1466.361	1551.76
229.8	0	0	0	0.195298	6.882467	113.354	456.6304	665.1179	776.0688	880.6079	955.7055	1032.786	1131.003	1220.807	1293.784	1383.854	1466.54	1551.005
229.9	0	0	0	0.195298	6.882467	113.2163	456.8668	665.3844	776.6618	881.2609	956.1808	1032.271	1130.17	1222.593	1293.943	1384.361	1466.003	1549.494
230	0	0	0	0.195298	6.941292	113.0098	456.4727	664.4073	776.8594	881.805	956.8937	1032.4	1130.448	1221.849	1295.531	1386.218	1466.361	1548.739
230.1	0	0	0	0.195298	6.941292	113.0098	455.8421	664.7626	777.2548	882.3491	955.8243	1033.172	1129.06	1221.105	1296.643	1385.712	1467.792	1551.005
230.2	0	0	0	0.195298	6.882467	113.4916	456.3939	663.6967	776.4641	882.2403	957.2502	1034.332	1126.839	1221.105	1296.167	1383.348	1466.361	1549.683
230.3	0	0	0	0.195298	6.882467	113.4228	456.6304	663.4302	777.1559	882.1315	956.7749	1033.688	1126.144	1220.361	1296.167	1383.854	1465.467	1549.683
230.4	0	0	0	0.195298	6.882467	113.5604	457.0245	663.3414	777.2548	882.6755	956.2996	1032.915	1127.255	1221.254	1296.802	1383.686	1465.646	1548.172
230.5	0	0	0	0.195298	6.941292	113.7669	456.7092	663.3414	777.5512	882.2403	956.6561	1033.817	1126.006	1221.849	1296.643	1383.348	1464.93	1547.794
230.6	0	0	0	0.195298	6.941292	113.7669	456.8668	663.1638	777.1559	880.9344	957.1314	1033.43	1126.144	1219.914	1297.437	1385.205	1466.003	1548.55
230.7	0	0	0	0.195298	6.941292	113.8357	456.6304	663.075	776.563	880.4991	956.2996	1032.4	1127.116	1219.914	1296.484	1385.543	1467.613	1550.816
230.8	0	0	0	0.195298	6.941292	113.9734	455.7633	663.1638	777.1559	880.3903	956.5373	1032.528	1127.116	1219.319	1296.802	1384.361	1466.719	1552.704
230.9	0	0	0	0.195298	6.941292	113.7669	455.448	663.1638	776.9583	881.6962	956.2996	1031.755	1127.116	1219.766	1295.69	1384.361	1467.434	1552.893
231	0	0	0	0.195298	6.941292	113.6293	455.7633	663.1638	777.4524	880.9344	955.1114	1032.786	1127.255	1219.617	1296.643	1383.348	1468.149	1551.949
231.1	0	0	0	0.195298	6.882467	113.7669	455.2115	663.9632	777.4524	880.7167	954.9926	1033.43	1126.422	1218.873	1294.261	1382.842	1466.897	1552.515
231.2	0	0	0	0.195298	6.823643	113.6981	455.0539	663.6079	776.7606	880.2814	957.0126	1034.718	1124.895	1219.617	1294.737	1382.673	1467.434	1551.949
231.3	0	0	0	0.195298	6.823643	113.9734	454.6598	663.6967	777.1559	880.0638	956.7749	1035.363	1126.006	1218.277	1294.896	1382.504	1465.824	1552.893
231.4	0	0	0	0.195298	6.764818	114.111	454.4233	663.3414	777.3536	879.1932	958.6761	1036.908	1126.839	1217.682	1294.896	1380.647	1465.288	1553.837
231.5	0	0	0	0.195298	6.764818	114.1799	454.8174	663.9632	776.9583	878.9755	958.6761	1036.522	1124.617	1219.766	1293.467	1380.647	1465.109	1552.893
231.6	0	0	0	0.1464735	6.705994	113.9046	454.7386	663.8743	776.563	878.649	958.6761	1036.393	1125.867	1218.873	1292.99	1381.66	1465.109	1552.893
231.7	0	0	0	0.1464735	6.705994	113.9046	454.7386	663.4302	775.8712	879.6285	959.0326	1035.234	1126.006	1219.468	1292.037	1384.192	1464.394	1552.515
231.8	0	0	0	0.1464735	6.705994	113.6293	455.0539	662.9861	775.0806	880.2814	958.9138	1034.976	1126.422	1220.361	1291.243	1384.023	1463.857	1551.571
231.9	0	0	0	0.1464735	6.705994	113.6293	455.448	663.519	773.6971	880.0638	957.6067	1034.074	1125.173	1219.17	1290.926	1383.348	1463.5	1552.137
232	0	0	0	0.1464735	6.705994	113.6293	455.5268	662.8973	773.8947	878.3226	957.9631	1034.074	1126.561	1219.021	1291.084	1382.842	1464.036	1550.627
232.1	0	0	0	0.1464735	6.705994	113.5604	455.3692	662.3643	773.2029	877.8873	958.3196	1034.332	1125.589	1218.575	1290.29	1380.984	1464.394	1551.005
232.2	0	0	0	0.1464735	6.705994	113.9046	453.8715	662.009	773.4006	876.6902	957.4879	1035.234	1125.034	1218.575	1291.879	1381.997	1463.679	1550.438
232.3	0	0	0	0.1464735	6.764818	113.9046	453.5562	662.3643	773.3018	876.9078	957.2502	1033.945	1124.34	1221.105	1291.72	1380.816	1463.142	1550.06
232.4	0	0	0	0.1464735	6.823643	114.0422	454.8174	662.542	773.7959	875.9285	957.4879	1034.461	1123.646	1220.659	1290.131	1380.478	1462.784	1548.172
232.5	0	0	0	0.1464735	6.823643	114.0422	454.975	661.2985	773.0053	876.6902	957.6067	1033.945	1124.479	1219.766	1288.861	1379.972	1461.712	1549.683
232.6	0	0	0	0.1464735	6.823643	113.9046	454.8174	662.3643	772.7088	876.6902	956.062	1034.074	1125.034	1219.319	1288.702	1380.478	1460.817	1549.872
232.7	0	0	0	0.1464735	6.705994	113.6293	454.4233	662.542	772.61	876.6902	956.1808	1033.559	1126.422	1217.533	1289.655	1380.647	1460.817	1549.872
232.8	0	0	0	0.1464735	6.764818	113.7669	454.0291	662.1867	772.017	875.9285	956.062	1032.271	1125.867	1217.087	1288.861	1379.972	1462.069	1548.172
232.9	0	0	0	0.1464735	6.705994	113.354	454.2656	661.9202	772.8076	876.0373	956.062	1032.4	1125.034	1217.831	1289.973	1380.984	1461.354	1548.361
233	0	0	0	0.1464735	6.705994	113.4916	454.4233	662.009	772.9064	876.3638	955.8243	1032.915	1124.617	1216.938	1289.973	1381.153	1460.639	1547.983
233.1	0	0	0	0.1464735	6.705994	113.7669	454.0291	660.499	772.017	875.4932	955.5867	1032.271	1124.479	1216.194	1289.973	1381.322	1462.606	1548.172
233.2	0	0	0	0.1464735	6.647169	113.9734	454.4233	660.1437	771.5229	876.1461	954.7549	1032.657	1125.45	1215.747	1290.131	1381.491	1464.036	1545.717
233.3	0	0	0	0.1464735	6.647169	114.5928	455.0539	659.8773	771.7206	876.3638	955.4678	1032.786	1124.201	1214.408	1290.926	1383.01	1464.93	1545.717
233.4	0	0	0	0.1464735	6.588345	114.5928	454.4233	659.8773	771.7206	876.3638	953.6855	1031.24	1122.813	1215.003	1292.831	1382.166	1464.394	1545.529
233.5	0	0	0	0.1464735	6.588345	114.524	454.5021	658.5449	771.5229	876.1461	955.5867	1030.854	1121.841	1215.003	1291.72	1381.997	1465.646	1542.696
233.6	0	0	0	0.1464735	6.588345	114.4552	453.9503	657.3901	771.2264	877.3431	955.8243	1030.596	1121.424	1215.301	1292.037	1383.01	1465.109	1542.507
233.7	0	0	0	0.1464735	6.588345	114.5928	454.3445	657.8343	770.337	877.2343	955.7055	1029.05	1122.674	1215.45	1291.084	1382.842	1464.751	1544.207
233.8	0	0	0	0.1464735	6.52952	114.7993	454.0291	657.8343	770.4359	876.5814	955.5867	1030.081	1121.563	1215.301	1291.402	1381.322	1463.857	1543.64
233.9	0	0	0	0.1464735	6.52952	115.0746	453.4774	659.4331	770.6335	875.7108	954.636	1029.565	1121.286	1216.194	1291.879	1381.997	1463.679	1544.962
234	0	0	0	0.1464735	6.52952	115.1434	453.635	660.1437	770.4359	874.949	954.9926	1029.437	1121.563	1218.129	1291.402	1382.504	1464.036	1546.284
234.1	0	0	0	0.1464735	6.52952	114.7305	453.9503	660.1437	770.8311	873.8608	954.9926	1029.437	1122.813	1217.384	1291.561	1381.66	1462.784	1546.284
234.2	0	0	0	0.1464735	6.52952	114.4552	453.7927	660.2325	770.93	873.2078	955.349	1029.823	1123.09	1217.682	1291.561	1381.997	1463.321	1546.095
234.3	0	0	0	0.1464735	6.52952	114.3175	454.2656	660.1437	770.8311	872.6637	955.349	1029.05	1122.951	1215.599	1292.99	1383.01	1461.89	1546.284
234.4	0	0	0	0.1464735	6.52952	114.3863	455.2903	660.2325	770.4359	872.0107	954.9926	1028.921	1122.813	1215.152	1292.831	1382.504	1460.817	1545.717
234.5	0	0	0	0.1464735	6.52952	114.3863	455.1327	660.499	771.2264	871.6843	954.8737	1029.823	1124.201	1214.259	1291.402	1381.829	1458.85	1544.018
234.6	0	0	0	0.1464735	6.52952	114.3863	455.0539	660.8543	770.0405	871.6843	955.8243	1027.762	1122.951	1214.408	1292.99	1380.14	1459.387	1544.396
234.7	0	0	0	0.1464735	6.52952	114.524	454.2656	660.8543	769.8429	871.4666	955.9432	1028.148	1122.813	1214.854	1292.831	1379.296	1458.672	1545.34
234.8	0	0	0	0.1464735	6.52952	114.524	455.1327	661.1208	769.4476	870.9225	955.349	1028.535	1122.674	1215.599	1291.879	1378.452	1458.672	1544.018
234.9	0	0	0	0.1464735	6.52952	114.4552	454.975	660.8543	771.0288	870.2696	954.636	1028.02	1122.119	1216.045	1291.084	1378.959	1460.996	1545.151
235	0	0	0	0.1464735	6.52952	114.5928	455.6845	661.5649	771.7206	870.4872	954.3984	1029.308	1122.674	1215.896	1290.926	1380.816	1459.208	1545.151
235.1	0	0	0	0.1464735	6.52952	114.6616	455.6057	661.3873	772.2147	871.1401	954.9926	1029.694	1122.951	1216.045	1289.814	1379.634	1458.672	1546.473
235.2	0	0	0	0.1464735	6.52952	114.4552	455.6845	661.4761	772.3135	871.0314	956.2996	1028.406	1123.646	1213.366	1289.973	1380.984	1459.387	1545.906
235.3	0	0	0	0.1464735	6.52952	114.111	455.448	660.8543	771.1276	871.3578	957.0126	1028.664	1123.646	1212.92	1288.861	1381.153	1459.744	1546.473
235.4	0	0	0	0.1464735	6.52952	114.1799	455.448	661.1208	771.2264	871.249	956.8937	1028.02	1124.479	1214.11	1288.861	1382.842	1459.387	1543.452
235.5	0	0	0	0.1464735	6.52952	114.1799	455.2115	662.4532	771.9182	871.4666	955.4678	1025.83	1123.507	1213.069	1288.702	1382.166	1458.85	1543.074
235.6	0	0	0	0.1464735	6.52952	114.2487	455.8421	662.7197	771.6218	871.6843	954.636	1025.314	1122.396	1212.473	1287.59	1383.179	1457.062	1541.752
235.7	0	0	0	0.1464735	6.52952	114.3863	455.6845	662.6308	771.4241	871.5754	954.7549	1025.057	1122.813	1211.729	1287.749	1382.166	1456.883	1540.43
235.8	0	0	0	0.1464735	6.588345	114.111	455.0539	661.9202	772.017	872.0107	955.1114	1024.155	1122.813	1212.92	1287.908	1382.504	1458.493	1541.186
235.9	0	0	0	0.1464735	6.588345	114.2487	454.5021	661.032	772.5112	871.3578	954.636	1024.284	1123.229	1212.771	1288.543	1382.842	1457.777	1540.997
236	0	0	0	0.1464735	6.588345	114.111	454.7386	661.7426	773.0053	871.0314	955.1114	1024.284	1124.34	1213.217	1288.067	1381.491	1457.599	1540.053
236.1	0	0	0	0.1464735	6.588345	114.3175	454.2656	660.5878	772.9064	871.3578	954.636	1025.701	1124.617	1213.069	1288.384	1380.478	1457.42	1540.053
236.2	0	0	0	0.1464735	6.588345	114.2487	454.0291	660.9431	772.9064	871.9019	953.0914	1025.701	1124.895	1212.473	1287.273	1380.647	1457.42	1538.92
236.3	0	0	0	0.1464735	6.588345	114.3175	454.4233	660.6767	773.2029	872.0107	952.8537	1026.216	1125.034	1211.878	1289.814	1379.972	1456.526	1540.053
236.4	0	0	0	0.1464735	6.647169	114.524	454.5809	659.7885	772.3135	872.3372	952.4973	1025.958	1123.923	1212.473	1289.337	1379.465	1456.347	1540.997
236.5	0	0	0	0.1464735	6.647169	114.3863	454.1868	659.6996	771.9182	872.0107	953.329	1026.087	1123.646	1212.622	1288.384	1379.465	1456.168	1540.43
236.6	0	0	0	0.1464735	6.647169	114.3863	454.108	659.4331	771.0288	871.4666	952.6161	1026.731	1123.368	1212.027	1286.637	1377.946	1456.704	1540.808
236.7	0	0	0	0.1464735	6.52952	114.2487	453.7139	658.8113	771.2264	872.0107	953.2102	1026.345	1123.646	1211.432	1286.955	1378.959	1457.241	1541.374
236.8	0	0	0	0.1464735	6.470695	114.5928	453.3986	659.0778	771.3253	872.2284	952.9725	1025.057	1124.617	1210.539	1286.479	1378.114	1456.526	1541.941
236.9	0	0	0	0.1464735	6.411871	114.7993	453.7927	659.522	771.0288	872.3372	952.8537	1024.799	1123.229	1210.539	1288.543	1378.283	1456.168	1542.319
237	0	0	0	0.1464735	6.411871	114.5928	453.8715	659.6996	770.6335	872.9902	954.7549	1024.799	1121.841	1210.092	1287.749	1378.452	1455.453	1542.319
237.1	0	0	0	0.1464735	6.52952	114.524	453.7139	659.522	770.337	872.5549	955.1114	1025.314	1120.869	1211.134	1287.114	1378.283	1455.989	1543.074
237.2	0	0	0	0.1464735	6.470695	114.524	453.2409	659.7885	769.4476	872.8813	955.8243	1025.443	1120.036	1210.241	1286.161	1377.27	1455.631	1543.64
237.3	0	0	0	0.1464735	6.470695	114.4552	453.3197	659.522	769.2499	871.1401	955.349	1025.701	1119.758	1209.943	1284.414	1376.764	1456.347	1543.452
237.4	0	0	0	0.1464735	6.470695	114.4552	452.6103	658.8113	768.1629	870.5961	955.2302	1025.185	1119.758	1209.05	1283.62	1377.101	1455.989	1544.018
237.5	0	0	0	0.1464735	6.52952	114.5928	452.1374	659.0778	767.3723	869.7255	954.5173	1025.185	1118.648	1209.794	1283.778	1377.27	1455.81	1544.207
237.6	0	0	0	0.1464735	6.52952	114.6616	452.2162	659.7885	767.4711	868.6372	955.4678	1024.799	1118.231	1210.092	1283.143	1378.452	1455.989	1544.962
237.7	0	0	0	0.1464735	6.647169	114.7993	451.5068	659.4331	766.1864	868.746	954.636	1023.511	1119.064	1210.092	1282.984	1378.114	1455.81	1545.34
237.8	0	0	0	0.1464735	6.647169	115.281	451.4279	658.8113	765.7911	868.9637	953.8043	1022.48	1121.008	1210.836	1283.778	1377.946	1455.274	1544.584
237.9	0	0	0	0.1464735	6.764818	115.3499	451.2703	658.9002	767.1746	868.8549	953.4478	1022.867	1120.73	1210.39	1282.826	1377.608	1455.631	1544.018
238	0	0	0	0.1464735	6.705994	115.2122	451.3491	658.8113	767.9652	868.6372	953.8043	1020.677	1120.453	1210.241	1282.349	1377.101	1456.168	1543.074
238.1	0	0	0	0.1464735	6.764818	115.2122	451.4279	658.9002	768.0641	868.4196	954.0419	1022.351	1120.453	1209.199	1282.031	1377.27	1455.095	1540.619
238.2	0	0	0	0.1464735	6.764818	115.6252	452.0585	658.1896	767.7676	868.5284	954.1608	1023.124	1121.008	1211.58	1281.396	1375.92	1455.095	1540.241
238.3	0	0	0	0.1464735	6.764818	115.5563	451.8221	659.1666	768.657	869.399	953.8043	1023.253	1121.98	1210.241	1281.873	1374.063	1454.916	1541.752
238.4	0	0	0	0.1464735	6.764818	115.4187	452.0585	658.8113	768.5582	870.0519	954.0419	1023.511	1122.535	1210.539	1282.031	1374.569	1455.274	1541.186
238.5	0	0	0	0.1464735	6.647169	115.4875	451.3491	659.0778	767.6688	870.0519	953.329	1022.995	1121.563	1208.455	1282.349	1374.907	1454.558	1539.675
238.6	0	0	0	0.1464735	6.647169	115.5563	451.0338	658.2784	768.2617	869.5078	952.6161	1022.738	1121.286	1209.348	1283.461	1375.076	1453.486	1538.164
238.7	0	0	0	0.1464735	6.705994	115.694	451.3491	657.5678	767.5699	869.2902	952.6161	1022.351	1121.563	1209.497	1283.302	1373.725	1452.055	1539.486
238.8	0	0	0	0.1464735	6.705994	115.9693	451.1126	657.7455	767.1746	868.3107	952.9725	1022.094	1121.841	1209.943	1282.826	1374.063	1450.624	1538.542
238.9	0	0	0	0.1464735	6.764818	115.8316	451.7433	658.4561	767.8664	869.1813	953.8043	1022.609	1121.424	1211.134	1281.873	1374.907	1452.413	1537.22
239	0	0	0	0.1464735	6.823643	115.9005	451.5856	658.2784	766.384	868.746	952.9725	1022.867	1120.175	1211.134	1283.302	1374.4	1452.055	1536.843
239.1	0	0	0	0.1464735	6.882467	115.4875	451.6644	658.1896	765.3958	869.0725	953.329	1023.64	1120.591	1210.241	1283.937	1372.881	1450.982	1536.654
239.2	0	0	0	0.1464735	6.941292	115.4187	452.0585	657.8343	765.5934	868.6372	953.5667	1022.48	1120.73	1208.306	1286.002	1372.037	1450.088	1535.143
239.3	0	0	0	0.1464735	7.000116	115.2122	452.2162	658.012	765.1981	868.2019	952.3784	1022.609	1120.175	1209.348	1286.955	1374.063	1449.73	1533.821
239.4	0	0	0	0.1464735	7.000116	114.9369	452.8468	658.1896	766.0876	868.4196	951.6655	1023.382	1119.203	1207.711	1286.955	1373.556	1451.697	1534.577
239.5	0	0	0	0.1464735	7.000116	115.1434	452.9256	659.0778	766.6805	867.2225	951.7843	1021.836	1117.121	1208.901	1286.32	1374.569	1449.909	1533.633
239.6	0	0	0	0.1464735	6.941292	115.2122	452.5315	659.1666	765.7911	865.5901	952.0219	1022.867	1117.398	1208.753	1285.526	1374.063	1451.34	1533.066
239.7	0	0	0	0.1464735	6.941292	115.4875	452.6103	659.7885	765.3958	865.8077	952.2596	1023.64	1116.427	1209.05	1286.479	1372.881	1450.803	1534.954
239.8	0	0	0	0.1464735	7.000116	115.694	452.4527	659.8773	764.704	865.2637	952.0219	1023.897	1116.704	1210.39	1285.208	1372.543	1449.551	1536.087
239.9	0	0	0	0.1464735	7.000116	115.8316	452.9256	660.4102	764.5063	865.2637	951.5466	1023.511	1116.149	1211.283	1285.367	1373.725	1450.267	1534.01
240	0	0	0	0.1464735	7.000116	115.9005	453.0833	660.1437	764.6052	865.046	951.6655	1023.124	1116.149	1210.836	1286.161	1373.219	1450.446	1534.954
240.1	0	0	0	0.1464735	7.058941	116.1069	452.9256	659.7885	764.2099	865.3725	951.5466	1022.738	1116.566	1210.687	1284.89	1372.206	1450.624	1535.332
240.2	0	0	0	0.1464735	7.117765	116.1069	453.1621	659.1666	762.431	865.5901	951.4278	1022.867	1117.537	1209.646	1286.002	1372.206	1451.34	1535.521
240.3	0	0	0	0.1464735	7.058941	116.3822	452.9256	658.9002	762.7275	865.8077	950.0019	1023.253	1116.982	1210.241	1286.479	1371.024	1450.803	1537.409
240.4	0	0	0	0.1464735	6.941292	116.1758	452.7679	658.8113	763.5181	865.8077	948.9325	1022.222	1116.288	1210.687	1285.049	1371.361	1451.697	1537.22
240.5	0	0	0	0.1464735	6.941292	116.1758	452.6891	659.0778	763.3205	866.3519	948.4572	1021.321	1114.622	1210.241	1284.573	1372.037	1452.234	1536.276
240.6	0	0	0	0.1464735	6.941292	116.2446	453.2409	658.6337	764.2099	865.8077	948.9325	1020.934	1115.177	1210.39	1283.937	1370.686	1453.486	1537.22
240.7	0	0	0	0.1464735	6.941292	116.5887	453.8715	658.5449	763.8146	866.4607	948.2195	1020.419	1114.067	1208.455	1282.984	1371.193	1453.307	1536.276
240.8	0	0	0	0.1464735	6.882467	116.3134	453.7927	658.2784	763.3205	867.1136	948.1007	1020.29	1113.511	1207.711	1284.255	1372.374	1452.413	1535.143
240.9	0	0	0	0.1464735	6.882467	116.2446	453.3197	657.6566	762.6287	866.7872	947.3878	1022.222	1114.067	1207.86	1283.143	1370.855	1452.949	1534.01
241	0	0	0	0.1464735	6.882467	116.4511	454.0291	657.2125	762.7275	866.6783	947.8631	1021.836	1114.205	1208.306	1281.714	1368.491	1451.876	1535.143
241.1	0	0	0	0.1464735	6.882467	116.4511	453.5562	657.2125	763.2217	867.0048	949.4078	1021.45	1114.205	1207.562	1282.667	1368.154	1452.591	1534.766
241.2	0	0	0	0.1464735	6.882467	116.7264	452.9256	656.6796	762.8264	866.6783	948.576	1019.904	1116.01	1207.711	1283.143	1366.634	1451.876	1534.01
241.3	0	0	0	0.1464735	7.000116	116.5887	454.0291	655.7025	761.5416	867.0048	949.0513	1019.517	1116.427	1207.711	1282.19	1367.141	1450.446	1533.255
241.4	0	0	0	0.1464735	7.117765	116.6575	453.7139	656.1466	762.0358	865.6989	949.289	1019.259	1116.843	1207.86	1284.096	1367.816	1450.267	1531.933
241.5	0	0	0	0.1464735	7.176589	116.6575	454.1868	656.3243	761.0475	865.2637	949.7643	1019.517	1117.121	1208.009	1283.62	1367.479	1449.551	1530.989
241.6	0	0	0	0.1464735	7.176589	116.2446	454.5021	656.6796	760.4546	864.9372	949.8831	1018.487	1116.982	1207.562	1284.096	1367.647	1449.015	1529.856
241.7	0	0	0	0.1464735	7.117765	116.3822	454.975	655.3472	760.2569	865.2637	949.5266	1019.131	1116.427	1206.371	1282.826	1367.647	1447.584	1529.101
241.8	0	0	0	0.1464735	7.117765	116.3134	455.5268	654.9031	760.8499	864.7195	949.6454	1020.419	1115.733	1206.818	1282.826	1368.829	1449.194	1530.423
241.9	0	0	0	0.1464735	7.117765	116.0381	455.7633	655.8801	760.8499	864.5019	951.0714	1019.259	1115.455	1206.52	1282.984	1369.336	1450.803	1531.744
242	0	0	0	0.1464735	7.176589	116.1069	455.0539	655.436	760.2569	863.6313	949.8831	1019.388	1115.594	1206.074	1282.826	1368.323	1449.909	1531.367
242.1	0	0	0	0.1464735	7.176589	116.0381	454.6598	655.436	760.751	862.9783	950.5961	1018.873	1115.594	1207.711	1282.031	1367.141	1450.267	1531.556
242.2	0	0	0	0.1464735	7.117765	116.0381	454.5021	654.459	761.1464	863.8489	949.289	1018.744	1114.067	1207.264	1282.508	1367.31	1450.088	1531.933
242.3	0	0	0	0.1464735	7.176589	116.1069	454.3445	654.6366	760.1581	863.196	948.3384	1019.259	1112.678	1207.562	1284.096	1368.323	1452.413	1533.444
242.4	0	0	0	0.1464735	7.235414	115.7628	454.3445	654.1036	760.3558	864.0666	947.7443	1020.29	1112.123	1206.669	1283.62	1367.141	1451.876	1532.688
242.5	0	0	0	0.1464735	7.176589	115.5563	454.975	654.6366	760.9487	866.4607	947.3878	1020.032	1111.29	1206.52	1283.143	1367.985	1453.128	1533.066
242.6	0	0	0	0.1464735	7.117765	115.6252	455.448	653.6595	760.1581	866.896	947.5066	1018.358	1111.29	1207.264	1281.714	1367.31	1452.949	1532.311
242.7	0	0	0	0.1464735	7.117765	115.9005	455.448	653.3043	759.4663	866.243	947.1501	1018.229	1111.845	1206.074	1281.078	1366.466	1452.77	1532.688
242.8	0	0	0	0.1464735	7.117765	115.694	455.6845	653.7484	759.8616	866.4607	947.3878	1018.358	1110.874	1205.33	1281.237	1368.491	1453.128	1532.877
242.9	0	0	0	0.1464735	7.117765	115.5563	455.2115	653.4819	760.751	866.1342	946.556	1017.456	1111.429	1207.116	1281.237	1369.673	1452.413	1532.877
243	0	0	0	0.1464735	7.058941	115.4875	455.2115	653.3931	760.9487	866.5695	947.5066	1018.1	1111.429	1208.455	1280.125	1368.66	1451.876	1533.066
243.1	0	0	0	0.1464735	7.058941	115.6252	455.2115	653.3931	760.6522	867.1136	947.269	1017.842	1108.93	1208.009	1279.173	1367.479	1452.055	1531.744
243.2	0	0	0	0.1464735	7.000116	115.7628	454.4233	653.6595	761.6404	867.7666	946.6748	1017.714	1109.763	1207.86	1280.761	1367.141	1452.234	1533.444
243.3	0	0	0	0.1464735	6.941292	115.9693	453.7927	653.1266	760.1581	868.0931	946.4372	1018.873	1110.735	1206.818	1280.602	1366.634	1451.876	1534.199
243.4	0	0	0	0.1464735	6.882467	115.4875	453.9503	652.5048	760.4546	867.1136	946.1995	1018.873	1110.874	1206.669	1279.49	1365.115	1452.591	1534.199
243.5	0	0	0	0.1464735	6.941292	115.8316	454.5809	652.6825	762.431	867.4401	946.1995	1018.1	1111.013	1206.52	1279.808	1364.271	1452.234	1534.577
243.6	0	0	0	0.1464735	6.882467	115.8316	454.1868	652.8601	762.3322	867.1136	945.4866	1017.971	1110.874	1206.223	1279.967	1365.453	1451.519	1533.444
243.7	0	0	0	0.1464735	6.882467	115.8316	453.9503	652.416	762.431	868.0931	943.8231	1017.971	1108.514	1207.86	1279.173	1365.115	1450.624	1532.688
243.8	0	0	0	0.1464735	6.882467	115.8316	454.1868	653.0378	761.6404	867.0048	945.6054	1017.842	1107.403	1206.818	1279.331	1367.479	1449.909	1530.989
243.9	0	0	0	0.1464735	7.000116	115.694	454.4233	653.6595	762.0358	867.4401	945.7242	1017.198	1107.542	1205.776	1279.173	1367.647	1449.909	1529.856
244	0	0	0	0.1464735	7.000116	115.9693	453.8715	653.3043	761.8381	868.0931	945.3677	1016.941	1109.069	1205.33	1278.696	1365.959	1447.942	1529.479
244.1	0	0	0	0.1464735	7.000116	115.9693	454.0291	653.1266	761.0475	868.2019	945.249	1017.971	1109.347	1206.669	1278.537	1364.44	1447.406	1529.667
244.2	0	0	0	0.1464735	7.000116	116.5199	453.7927	653.4819	761.6404	866.6783	945.249	1019.388	1109.485	1207.116	1279.49	1364.102	1445.796	1528.534
244.3	0	0	0	0.1464735	7.000116	116.4511	454.0291	653.3043	760.9487	866.4607	946.0807	1019.388	1110.318	1208.604	1276.949	1365.453	1445.617	1528.346
244.4	0	0	0	0.1464735	6.941292	116.3822	454.1868	653.2154	761.1464	867.0048	946.1995	1019.904	1110.735	1209.497	1276.314	1365.79	1445.081	1529.479
244.5	0	0	0	0.1464735	6.941292	116.4511	453.635	652.5048	761.1464	866.896	945.8431	1018.873	1110.457	1210.241	1275.996	1365.621	1444.187	1530.611
244.6	0	0	0	0.1464735	6.941292	116.3822	453.3986	651.9719	761.7393	867.549	946.0807	1018.615	1109.763	1211.134	1276.473	1365.621	1446.154	1529.29
244.7	0	0	0	0.1464735	6.941292	116.864	453.9503	652.1495	760.5534	866.4607	944.8925	1015.781	1110.18	1209.943	1274.09	1364.609	1445.796	1530.234
244.8	0	0	0	0.1464735	7.000116	116.864	453.9503	651.2613	761.4428	865.8077	944.4172	1016.297	1109.208	1208.753	1274.725	1364.271	1445.796	1528.157
244.9	0	0	0	0.1464735	7.000116	116.4511	453.3197	651.6166	761.6404	865.3725	944.1795	1016.168	1109.485	1206.371	1274.249	1363.764	1444.187	1527.779
245	0	0	0	0.1464735	7.000116	117.1393	452.6891	650.906	761.5416	865.046	944.0607	1015.137	1109.069	1206.967	1275.361	1363.596	1444.008	1527.213
245.1	0	0	0	0.1464735	7.000116	117.5523	453.5562	651.1724	760.9487	864.2842	945.3677	1016.297	1108.652	1207.264	1275.361	1362.751	1444.365	1525.513
245.2	0	0	0	0.1464735	7.000116	117.4834	454.0291	650.9948	760.9487	864.0666	945.7242	1015.524	1108.791	1207.116	1275.996	1364.271	1444.187	1525.324
245.3	0	0	0	0.1464735	7.000116	117.1393	454.1868	650.7283	760.6522	863.8489	945.8431	1014.493	1109.069	1205.33	1276.473	1363.764	1444.723	1525.324
245.4	0	0	0	0.1464735	7.000116	117.0705	453.4774	650.1954	760.751	864.6107	945.249	1014.235	1109.763	1205.776	1277.743	1363.089	1445.796	1525.891
245.5	0	0	0	0.1464735	7.000116	117.2081	453.635	649.8401	760.1581	864.1754	944.8925	1015.008	1109.208	1205.925	1277.108	1362.583	1446.154	1525.891
245.6	0	0	0	0.1464735	7.000116	117.4146	453.2409	649.7513	760.1581	862.8695	945.249	1015.266	1109.069	1205.032	1276.155	1361.907	1446.69	1526.08
245.7	0	0	0	0.1464735	6.823643	117.4146	453.8715	648.863	759.664	863.196	944.6548	1015.137	1107.542	1207.116	1275.837	1362.414	1446.869	1525.324
245.8	0	0	0	0.1464735	6.823643	117.3458	453.635	650.5507	760.1581	862.1077	944.4172	1015.395	1108.097	1206.371	1275.361	1360.894	1447.227	1526.08
245.9	0	0	0	0.09764901	6.823643	117.5523	453.5562	650.7283	760.3558	861.2371	942.9913	1017.585	1108.652	1205.925	1275.996	1361.57	1447.763	1525.702
246	0	0	0	0.09764901	6.823643	117.4834	453.3197	649.7513	761.0475	861.4548	944.1795	1016.554	1108.93	1206.223	1276.314	1360.725	1446.869	1525.513
246.1	0	0	0	0.09764901	6.823643	117.8276	453.0044	649.9289	761.1464	860.4753	944.6548	1014.622	1108.791	1204.586	1276.949	1360.725	1447.227	1524.947
246.2	0	0	0	0.09764901	6.823643	117.7587	453.2409	649.6624	761.6404	860.9106	944.7736	1015.91	1109.069	1204.437	1276.473	1360.219	1447.406	1525.891
246.3	0	0	0	0.09764901	6.882467	117.9652	452.9256	649.8401	761.8381	860.3665	944.1795	1015.652	1108.652	1203.097	1276.79	1362.076	1448.479	1524.758
246.4	0	0	0	0.09764901	6.941292	117.6899	452.1374	649.1295	761.937	860.693	943.9419	1015.266	1109.208	1203.99	1276.473	1362.92	1447.048	1524.38
246.5	0	0	0	0.09764901	6.941292	117.6899	452.6891	649.3071	762.7275	861.7813	942.516	1015.008	1109.485	1202.948	1276.473	1363.596	1446.154	1524.191
246.6	0	0	0	0.09764901	6.941292	118.1029	452.2162	649.0406	762.6287	861.5636	942.0406	1014.107	1109.208	1203.544	1276.79	1362.245	1448.836	1523.436
246.7	0	0	0	0.09764901	6.882467	118.034	452.2162	648.4189	762.8264	861.1283	940.9713	1013.591	1108.375	1204.437	1276.79	1361.738	1449.015	1524.003
246.8	0	0	0	0.09764901	6.882467	118.034	452.1374	649.5736	762.3322	859.8224	940.8524	1013.462	1108.375	1203.99	1276.79	1361.232	1448.657	1522.303
246.9	0	0	0	0.09764901	6.882467	118.034	452.295	648.863	763.024	860.4753	941.803	1012.947	1108.791	1203.693	1275.361	1359.881	1448.121	1524.191
247	0	0	0	0.09764901	6.882467	118.1717	452.6891	648.863	763.1228	860.8018	941.6842	1013.591	1107.82	1204.139	1273.931	1358.868	1447.048	1523.814
247.1	0	0	0	0.09764901	6.882467	118.1029	451.8221	647.9748	763.6169	861.9989	941.9219	1012.689	1106.709	1203.693	1275.202	1358.362	1447.227	1525.135
247.2	0	0	0	0.09764901	6.882467	118.034	451.9009	648.1524	763.1228	862.8695	941.2089	1013.334	1108.375	1203.841	1273.931	1357.011	1447.048	1525.135
247.3	0	0	0	0.09764901	6.882467	117.6211	451.4279	648.5966	761.4428	863.5225	941.3278	1013.334	1109.485	1202.353	1274.249	1356.843	1446.69	1527.401
247.4	0	0	0	0.09764901	6.882467	117.5523	451.1915	648.7742	761.5416	862.7607	940.7336	1013.462	1108.514	1203.395	1273.137	1358.531	1445.975	1526.457
247.5	0	0	0	0.09764901	6.882467	117.6899	451.9009	648.2412	761.937	863.196	941.3278	1013.849	1108.652	1202.502	1273.931	1359.544	1445.438	1526.268
247.6	0	0	0	0.09764901	6.882467	117.9652	451.6644	648.7742	761.2452	861.9989	941.2089	1013.849	1108.097	1202.204	1272.343	1359.713	1444.544	1526.835
247.7	0	0	0	0.09764901	6.941292	118.034	451.1915	648.9518	761.937	862.7607	942.516	1013.591	1107.403	1201.311	1272.502	1358.024	1446.154	1526.835
247.8	0	0	0	0.09764901	6.882467	117.8276	450.5609	649.3071	762.9252	861.7813	942.0406	1012.561	1107.125	1202.204	1272.661	1358.024	1444.723	1526.08
247.9	0	0	0	0.09764901	6.882467	117.6211	450.6397	650.0178	762.5299	862.2166	942.6348	1012.818	1108.236	1201.311	1273.614	1358.193	1442.935	1524.003
248	0	0	0	0.09764901	6.882467	117.7587	450.3244	650.0178	762.431	863.0872	942.6348	1011.659	1107.681	1199.377	1274.408	1359.713	1443.293	1523.058
248.1	0	0	0	0.09764901	6.882467	117.6899	450.4032	648.863	761.1464	863.8489	942.3972	1012.561	1108.514	1199.526	1274.567	1358.531	1441.683	1523.625
248.2	0	0	0	0.09764901	6.941292	117.8276	450.2456	648.4189	761.0475	863.6313	941.803	1011.788	1108.652	1199.526	1274.408	1357.518	1440.431	1522.114
248.3	0	0	0	0.09764901	6.941292	117.8276	450.0879	647.9748	761.0475	864.0666	941.3278	1011.401	1108.097	1199.823	1274.567	1356.336	1440.61	1522.87
248.4	0	0	0	0.09764901	7.000116	117.7587	449.9303	649.4848	761.6404	863.4136	941.5654	1012.818	1107.681	1200.418	1273.773	1355.323	1440.253	1522.492
248.5	0	0	0	0.09764901	7.000116	117.4834	449.2209	648.863	763.024	862.4342	941.3278	1013.462	1107.542	1199.526	1274.884	1353.466	1441.862	1523.436
248.6	0	0	0	0.09764901	7.000116	117.5523	449.6938	649.1295	763.024	863.0872	940.3771	1012.818	1107.125	1198.93	1272.661	1353.973	1442.577	1522.303
248.7	0	0	0	0.09764901	7.117765	117.5523	450.1667	649.2183	763.2217	862.8695	939.6642	1011.53	1107.403	1200.418	1273.614	1354.479	1442.22	1521.17
248.8	0	0	0	0.09764901	7.117765	117.7587	449.8514	649.3959	762.7275	862.543	940.3771	1010.757	1108.375	1202.056	1273.455	1355.83	1442.577	1521.17
248.9	0	0	0	0.09764901	7.117765	117.6899	450.4032	649.2183	762.9252	862.4342	940.8524	1010.628	1107.264	1201.46	1272.026	1357.687	1443.114	1520.793
249	0	0	0	0.09764901	7.117765	117.9652	450.4032	649.5736	762.8264	862.7607	939.9019	1011.53	1107.125	1202.651	1271.549	1358.531	1442.577	1522.114
249.1	0	0	0	0.09764901	7.235414	117.6211	450.4032	648.3301	763.2217	861.5636	939.3077	1012.432	1106.431	1203.841	1271.708	1359.375	1441.326	1521.737
249.2	0	0	0	0.09764901	7.117765	117.6211	449.8514	647.6194	763.4193	860.8018	939.1889	1012.818	1106.431	1203.841	1271.549	1358.193	1440.431	1522.303
249.3	0	0	0	0.09764901	6.941292	117.6211	449.3785	647.2642	762.8264	861.2371	938.2383	1013.72	1107.125	1202.8	1270.755	1358.362	1438.286	1523.625
249.4	0	0	0	0.09764901	7.000116	117.7587	448.9055	647.0865	762.2334	861.3459	937.4065	1014.493	1107.403	1202.948	1271.231	1358.7	1437.749	1524.003
249.5	0	0	0	0.09764901	7.000116	117.6899	449.0632	647.353	761.6404	861.7813	939.0701	1013.849	1107.542	1203.99	1271.549	1357.855	1439.001	1522.114
249.6	0	0	0	0.09764901	6.941292	117.4834	449.5362	646.8201	762.0358	862.4342	939.5453	1013.334	1107.542	1202.651	1272.343	1358.7	1437.57	1523.058
249.7	0	0	0	0.09764901	7.000116	117.5523	449.2997	646.9977	761.4428	862.3254	939.9019	1012.045	1108.097	1203.097	1272.343	1358.531	1439.18	1522.681
249.8	0	0	0	0.09764901	7.176589	117.5523	449.5362	646.5536	760.9487	861.8901	939.5453	1012.045	1108.514	1201.46	1272.343	1358.193	1438.107	1521.17
249.9	0	0	0	0.09764901	7.058941	117.6211	449.4573	647.5306	761.2452	861.6724	940.496	1011.917	1107.681	1202.056	1272.82	1358.362	1438.107	1520.604
250	0	0	0	0.09764901	7.176589	117.3458	449.9303	647.9748	762.1346	861.8901	940.6148	1010.886	1107.125	1201.758	1270.755	1356.674	1436.14	1521.17
250.1	0	0	0	0.09764901	7.235414	117.2081	450.0091	648.3301	761.8381	861.8901	940.0207	1010.628	1106.431	1203.097	1271.867	1357.011	1435.245	1521.737
250.2	0	0	0	0.09764901	7.294239	117.3458	449.8514	647.7971	761.4428	862.6519	941.2089	1009.727	1106.57	1202.502	1271.39	1357.011	1436.318	1521.926
250.3	0	0	0	0.09764901	7.353063	117.4834	449.0632	648.7742	762.3322	863.4136	941.5654	1009.469	1106.987	1202.204	1270.278	1357.687	1435.424	1522.492
250.4	0	0	0	0.09764901	7.353063	117.4146	449.0632	648.863	762.6287	862.8695	940.8524	1009.34	1107.542	1201.46	1269.802	1357.518	1434.172	1524.758
250.5	0	0	0	0.09764901	7.353063	117.1393	448.5903	648.1524	762.3322	863.0872	941.2089	1008.567	1106.292	1201.163	1269.167	1357.011	1436.855	1523.625
250.6	0	0	0	0.09764901	7.235414	116.9328	448.1961	647.1754	763.5181	863.0872	942.3972	1009.469	1105.321	1199.823	1270.596	1356.167	1434.888	1522.303
250.7	0	0	0	0.09764901	7.176589	117.0705	449.0632	646.4647	763.3205	862.6519	941.803	1009.469	1105.598	1199.674	1268.69	1355.83	1433.636	1523.436
250.8	0	0	0	0.09764901	7.176589	116.864	449.0632	646.7312	762.9252	862.6519	941.3278	1009.469	1105.598	1201.014	1269.484	1356.167	1433.815	1522.87
250.9	0	0	0	0.09764901	7.176589	117.0705	449.2209	646.3759	762.431	862.6519	940.9713	1009.727	1105.737	1201.907	1269.484	1357.011	1434.53	1522.87
251	0	0	0	0.09764901	7.176589	116.6575	450.0879	646.2871	762.3322	862.2166	939.783	1008.825	1103.794	1200.567	1268.849	1357.011	1433.278	1523.058
251.1	0	0	0	0.09764901	7.176589	116.7264	450.0091	646.1094	762.431	862.3254	938.1194	1009.469	1102.405	1201.311	1268.214	1357.349	1432.205	1523.814
251.2	0	0	0	0.09764901	7.058941	116.864	449.6938	646.0206	761.6404	862.8695	938.1194	1009.469	1101.434	1200.27	1266.784	1358.362	1432.027	1523.625
251.3	0	0	0	0.09764901	7.058941	117.0017	449.615	646.2871	761.4428	863.5225	938.2383	1008.954	1100.878	1200.27	1268.214	1358.7	1431.669	1524.758
251.4	0	0	0	0.09764901	7.058941	117.3458	449.6938	646.1983	762.2334	863.5225	938.3571	1008.181	1100.184	1199.823	1267.737	1357.687	1430.954	1525.135
251.5	0	0	0	0.09764901	7.176589	117.6211	450.2456	646.3759	761.4428	863.3048	938.476	1009.082	1100.878	1198.633	1268.849	1357.349	1431.311	1524.758
251.6	0	0	0	0.09764901	7.176589	117.4834	450.7973	646.5536	761.2452	862.9783	938.0007	1009.082	1100.462	1195.656	1269.167	1355.492	1431.49	1524.003
251.7	0	0	0	0.09764901	7.176589	117.4834	450.1667	647.0865	761.7393	862.1077	938.3571	1008.825	1101.434	1195.954	1268.373	1355.492	1431.133	1523.436
251.8	0	0	0	0.09764901	7.117765	117.4834	450.6397	646.4647	761.937	862.543	938.0007	1008.825	1101.434	1196.4	1267.578	1355.998	1431.311	1522.681
251.9	0	0	0	0.09764901	7.176589	117.6211	451.0338	646.9089	761.1464	862.7607	938.0007	1008.825	1101.711	1196.847	1269.484	1355.492	1429.523	1522.114
252	0	0	0	0.09764901	7.235414	117.5523	451.4279	647.4418	762.2334	862.3254	935.9807	1008.954	1101.156	1195.954	1269.167	1355.661	1431.49	1521.737
252.1	0	0	0	0.09764901	7.294239	117.3458	451.7433	646.6424	762.0358	862.3254	936.2183	1009.082	1101.573	1195.805	1268.373	1354.648	1430.06	1520.981
252.2	0	0	0	0.09764901	7.411888	117.277	451.7433	647.0865	762.1346	862.3254	937.2877	1008.567	1101.989	1196.847	1268.055	1355.661	1430.238	1518.149
252.3	0	0	0	0.09764901	7.411888	117.3458	451.2703	646.8201	760.9487	861.4548	936.6936	1009.469	1102.544	1196.847	1267.578	1355.492	1430.954	1517.394
252.4	0	0	0	0.09764901	7.411888	117.6211	451.0338	646.7312	760.8499	861.0195	937.5253	1009.34	1102.961	1194.763	1266.308	1355.323	1431.669	1516.261
252.5	0	0	0	0.09764901	7.470712	117.6899	450.7973	646.0206	761.1464	861.0195	936.3371	1010.371	1102.683	1194.317	1266.943	1355.154	1432.205	1515.128
252.6	0	0	0	0.09764901	7.470712	117.4834	450.5609	645.7542	760.8499	861.1283	937.2877	1010.628	1104.21	1194.465	1268.055	1355.492	1431.49	1513.806
252.7	0	0	0	0.09764901	7.470712	117.277	450.2456	644.6882	760.8499	861.0195	938.2383	1011.401	1104.349	1194.763	1267.102	1353.804	1432.205	1514.373
252.8	0	0	0	0.09764901	7.470712	117.4146	450.3244	644.7771	760.1581	861.2371	938.0007	1011.401	1104.627	1194.763	1265.99	1352.453	1431.49	1515.317
252.9	0	0	0	0.09764901	7.529537	117.4146	450.0879	645.4877	760.0593	861.2371	940.2583	1011.272	1104.488	1194.317	1265.99	1353.297	1430.06	1513.806
253	0	0	0	0.09764901	7.588361	117.2081	450.4032	644.5994	759.7628	860.04	939.783	1011.53	1105.043	1195.061	1264.561	1353.635	1430.06	1513.617
253.1	0	0	0	0.09764901	7.588361	117.0705	450.2456	645.1324	761.4428	859.496	939.5453	1011.272	1105.182	1195.061	1265.831	1352.622	1430.954	1514.373
253.2	0	0	0	0.09764901	7.529537	117.0017	450.5609	645.3989	761.0475	857.7548	939.9019	1011.144	1106.015	1196.549	1263.449	1353.128	1431.49	1513.428
253.3	0	0	0	0.09764901	7.529537	117.0017	451.4279	645.7542	760.5534	857.5371	941.2089	1011.015	1106.154	1196.4	1265.196	1352.791	1431.848	1513.806
253.4	0	0	0	0.09764901	7.529537	116.6575	450.8762	645.5765	760.6522	856.5577	940.496	1009.727	1105.182	1196.995	1264.402	1352.791	1431.848	1514.184
253.5	0	0	0	0.09764901	7.529537	116.864	450.7973	646.3759	760.9487	855.9047	940.8524	1008.438	1104.488	1195.656	1263.608	1350.596	1431.848	1515.128
253.6	0	0	0	0.09764901	7.470712	116.9328	450.7185	646.9089	761.0475	856.2312	940.496	1008.954	1104.21	1197.591	1265.196	1351.778	1432.384	1516.45
253.7	0	0	0	0.09764901	7.470712	116.6575	449.8514	646.9977	760.3558	856.5577	939.3077	1007.794	1103.516	1196.549	1264.719	1351.103	1433.278	1515.694
253.8	0	0	0	0.09764901	7.529537	116.7264	450.2456	646.4647	760.5534	856.5577	939.6642	1007.279	1101.711	1196.549	1265.672	1350.596	1433.1	1514.373
253.9	0	0	0	0.09764901	7.529537	116.4511	450.1667	646.9977	760.0593	857.1018	938.7136	1007.794	1101.711	1198.037	1264.561	1352.115	1432.027	1513.995
254	0	0	0	0.09764901	7.529537	116.3134	450.3244	648.4189	759.664	856.5577	937.6442	1006.248	1100.601	1196.698	1263.29	1352.791	1432.205	1513.617
254.1	0	0	0	0.09764901	7.588361	116.5887	450.2456	648.3301	760.751	855.4694	937.5253	1007.021	1100.045	1196.847	1263.925	1352.453	1433.457	1515.128
254.2	0	0	0	0.09764901	7.588361	116.9328	450.4821	647.7083	761.5416	854.7076	938.1194	1006.248	1100.045	1196.103	1263.29	1352.622	1432.563	1514.75
254.3	0	0	0	0.09764901	7.588361	116.864	450.0879	647.4418	760.3558	854.1635	937.4065	1005.604	1099.768	1196.549	1264.878	1352.622	1432.384	1514.561
254.4	0	0	0	0.09764901	7.647186	117.0705	449.4573	647.5306	760.3558	854.7076	937.8818	1005.862	1101.017	1197.74	1265.037	1351.44	1429.702	1514.75
254.5	0	0	0	0.09764901	7.647186	117.4834	449.2997	648.5966	760.5534	854.49	936.8124	1006.119	1099.907	1197.442	1265.196	1351.44	1427.377	1515.505
254.6	0	0	0	0.09764901	7.647186	117.2081	450.0091	647.9748	759.5651	854.0547	936.8124	1006.763	1099.074	1197.144	1264.719	1351.778	1427.02	1513.051
254.7	0	0	0	0.1464735	7.647186	117.0705	449.6938	647.4418	758.7745	855.0341	936.6936	1005.604	1098.518	1196.995	1263.449	1350.596	1426.841	1513.24
254.8	0	0	0	0.1464735	7.70601	117.0017	449.142	646.5536	759.2687	856.1224	935.8618	1005.991	1097.547	1197.293	1262.814	1351.609	1426.662	1511.918
254.9	0	0	0	0.1464735	7.70601	116.9328	449.0632	646.5536	757.7863	855.5782	935.3865	1005.604	1096.714	1197.74	1263.29	1350.258	1428.093	1511.918
255	0	0	0	0.1464735	7.70601	116.864	448.3538	645.5765	758.2805	856.5577	935.9807	1005.862	1096.02	1198.633	1264.243	1349.921	1428.987	1512.107
255.1	0	0	0	0.1464735	7.647186	116.864	448.4326	644.5106	757.391	856.6665	936.4559	1007.021	1095.603	1198.335	1263.925	1350.258	1429.702	1512.107
255.2	0	0	0	0.1464735	7.647186	116.864	449.6938	645.1324	757.6875	856.8842	936.3371	1007.536	1095.464	1197.591	1264.719	1350.596	1429.702	1512.107
255.3	0	0	0	0.1464735	7.70601	116.864	449.8514	645.5765	757.9839	856.5577	935.8618	1008.052	1096.575	1196.549	1265.355	1350.258	1430.06	1513.428
255.4	0	0	0	0.1464735	7.70601	116.7952	450.3244	645.9318	756.2051	856.993	934.4359	1010.371	1096.575	1197.591	1265.037	1348.908	1431.848	1511.729
255.5	0	0	0	0.1464735	7.764835	116.5887	450.0879	645.6653	756.6992	857.6459	934.5547	1009.34	1095.603	1198.037	1265.196	1347.388	1431.133	1510.218
255.6	0	0	0	0.1464735	7.764835	116.5199	449.6938	644.8659	756.304	856.5577	933.2477	1008.052	1096.991	1196.995	1264.719	1347.895	1431.669	1508.33
255.7	0	0	0	0.1464735	7.764835	116.0381	450.0091	645.1324	756.4028	857.6459	933.8418	1010.371	1096.436	1197.442	1264.084	1347.895	1432.563	1508.897
255.8	0	0	0	0.1464735	7.823659	116.1758	449.3785	644.7771	756.798	856.993	932.8912	1009.211	1096.158	1196.251	1262.178	1348.57	1430.954	1509.274
255.9	0	0	0	0.1464735	7.823659	115.9693	449.9303	645.3989	756.6992	856.4489	933.4853	1009.34	1096.02	1196.4	1262.337	1349.245	1431.311	1508.141
256	0	0	0	0.1464735	7.823659	116.1069	450.4032	644.1553	757.1934	857.4283	933.9606	1008.696	1094.77	1196.103	1261.543	1348.064	1430.417	1509.085
256.1	0	0	0	0.1464735	7.823659	116.5199	450.3244	643.8889	757.9839	856.2312	934.3171	1008.696	1095.464	1196.103	1261.861	1346.544	1430.596	1510.596
256.2	0	0	0	0.1464735	7.823659	116.2446	450.4032	643.7112	758.3793	854.7076	933.723	1007.665	1096.436	1196.103	1263.449	1347.22	1429.344	1509.841
256.3	0	0	0	0.1464735	7.764835	116.1758	450.4032	644.1553	758.1816	854.49	932.2971	1007.923	1097.824	1195.805	1264.561	1346.544	1428.987	1509.274
256.4	0	0	0	0.1464735	7.764835	116.4511	450.1667	643.4447	757.9839	855.2518	931.2277	1008.052	1097.963	1194.019	1263.131	1347.557	1429.702	1510.785
256.5	0	0	0	0.1464735	7.764835	116.5199	450.0091	643.5336	757.5887	854.8165	932.7723	1008.052	1097.685	1195.358	1262.972	1349.245	1429.702	1509.463
256.6	0	0	0	0.1464735	7.823659	116.4511	450.7185	644.1553	756.6004	855.1429	932.5347	1008.052	1098.796	1195.805	1264.084	1348.064	1430.238	1509.841
256.7	0	0	0	0.1464735	7.823659	116.5887	450.4821	644.5994	756.2051	855.7959	932.4159	1007.279	1097.269	1194.317	1263.608	1347.895	1430.417	1510.596
256.8	0	0	0	0.1464735	7.823659	116.5887	449.2997	645.0436	756.5016	854.9253	932.5347	1007.15	1097.824	1194.465	1262.178	1347.22	1429.702	1510.785
256.9	0	0	0	0.1464735	7.823659	116.5199	448.9055	645.4877	757.1934	855.1429	932.1782	1007.536	1098.241	1192.977	1260.59	1346.882	1428.271	1511.918
257	0	0	0	0.1464735	7.823659	116.5199	448.9055	645.1324	758.3793	855.1429	933.1288	1006.892	1099.768	1194.465	1258.525	1346.713	1427.914	1512.295
257.1	0	0	0	0.1464735	7.823659	116.6575	449.2997	645.5765	758.5769	855.0341	933.6041	1007.021	1100.74	1194.317	1258.525	1347.051	1430.238	1512.484
257.2	0	0	0	0.1464735	7.823659	117.1393	449.5362	646.1983	756.8969	854.8165	932.6536	1005.862	1099.629	1193.573	1259.955	1347.388	1430.417	1513.051
257.3	0	0	0	0.1464735	7.882484	116.9328	449.615	645.3989	756.9957	855.1429	933.01	1005.346	1101.017	1193.275	1259.478	1346.882	1430.238	1513.617
257.4	0	0	0	0.1464735	7.764835	117.0705	449.2997	644.8659	756.4028	855.1429	933.3665	1005.089	1100.74	1193.721	1260.272	1347.22	1431.49	1513.617
257.5	0	0	0	0.1464735	7.70601	116.864	448.9055	644.5106	755.5134	855.6871	933.9606	1004.96	1100.74	1191.935	1259.161	1347.22	1432.027	1515.317
257.6	0	0	0	0.1464735	7.70601	116.7264	448.3538	645.1324	756.1063	855.1429	933.8418	1004.445	1100.878	1191.489	1258.208	1348.401	1432.027	1513.428
257.7	0	0	0	0.1464735	7.70601	116.864	448.1173	645.2212	756.5016	855.1429	934.4359	1004.831	1100.323	1190.001	1258.684	1347.895	1431.311	1512.295
257.8	0	0	0	0.1464735	7.70601	116.7264	448.0385	645.1324	755.9086	854.8165	934.4359	1005.862	1100.601	1188.959	1259.478	1347.557	1429.881	1511.162
257.9	0	0	0	0.1464735	7.764835	116.7264	448.4326	645.2212	754.8216	855.1429	935.2677	1004.445	1099.768	1188.512	1259.161	1347.051	1428.271	1510.596
258	0	0	0	0.1464735	7.70601	116.9328	448.1961	646.9089	754.5251	854.3812	936.0994	1005.991	1098.935	1187.917	1258.049	1344.687	1427.914	1510.218
258.1	0	0	0	0.1464735	7.70601	116.6575	447.9597	647.7083	754.8216	854.2723	936.4559	1005.733	1097.963	1187.471	1257.89	1346.207	1427.02	1509.274
258.2	0	0	0	0.1464735	7.70601	116.5199	448.5903	647.5306	755.4145	854.2723	936.4559	1005.991	1097.269	1188.512	1258.049	1346.713	1425.41	1509.274
258.3	0	0	0	0.1464735	7.70601	116.3134	448.3538	646.4647	755.6122	855.4694	935.03	1006.506	1096.436	1187.768	1257.255	1345.362	1426.483	1508.519
258.4	0	0	0	0.1464735	7.764835	116.1758	447.4867	645.9318	756.1063	855.9047	934.0795	1005.346	1096.158	1186.727	1257.89	1345.194	1426.125	1508.33
258.5	0	0	0	0.1464735	7.764835	116.3134	448.1961	646.1983	757.2922	855.3606	933.2477	1004.702	1095.048	1187.768	1258.367	1345.362	1426.483	1506.253
258.6	0	0	0	0.1464735	7.823659	116.1758	447.5656	645.4877	757.4898	855.7959	933.1288	1005.346	1095.742	1188.512	1256.778	1345.362	1424.516	1508.33
258.7	0	0	0	0.1464735	7.823659	116.3134	447.6444	645.843	757.0945	856.2312	933.2477	1004.573	1095.603	1188.066	1257.731	1344.349	1423.801	1507.575
258.8	0	0	0	0.1464735	7.823659	116.6575	447.1714	645.7542	757.1934	855.6871	932.2971	1003.414	1096.852	1188.512	1258.049	1344.518	1424.337	1508.141
258.9	0	0	0	0.1464735	7.764835	116.6575	447.802	645.843	757.4898	854.7076	931.8218	1003.414	1096.158	1188.364	1259.478	1344.012	1422.728	1507.575
259	0	0	0	0.1464735	7.70601	116.6575	447.7232	646.1983	756.5016	854.5988	930.6335	1004.058	1096.02	1188.215	1259.319	1344.518	1423.443	1508.33
259.1	0	0	0	0.1464735	7.647186	116.9328	446.6197	645.3101	756.8969	853.293	931.5841	1004.702	1096.297	1188.81	1258.049	1345.362	1423.085	1507.764
259.2	0	0	0	0.1464735	7.647186	117.277	446.8561	646.4647	756.6004	852.0959	931.8218	1005.475	1096.158	1188.066	1258.208	1345.362	1420.761	1507.386
259.3	0	0	0	0.1464735	7.647186	116.9328	447.3291	646.8201	756.6004	851.7694	931.8218	1005.991	1096.436	1187.62	1256.461	1344.012	1421.834	1507.953
259.4	0	0	0	0.1464735	7.588361	117.0017	447.9597	647.0865	756.2051	852.8577	931.3465	1006.892	1096.158	1188.066	1257.255	1344.518	1422.191	1508.33
259.5	0	0	0	0.1464735	7.588361	117.0017	448.275	646.1983	757.5887	852.8577	930.8712	1007.794	1094.909	1188.661	1256.461	1343.674	1422.728	1507.386
259.6	0	0	0	0.1464735	7.588361	116.7952	448.5114	645.3989	756.9957	852.5312	930.7524	1004.702	1093.659	1189.257	1256.302	1341.986	1424.516	1507.386
259.7	0	0	0	0.1464735	7.588361	116.864	448.9055	645.4877	757.9839	852.3135	930.99	1004.831	1093.937	1189.554	1256.143	1343.505	1424.158	1507.953
259.8	0	0	0	0.1464735	7.70601	116.7952	448.8267	646.2871	757.5887	851.9871	930.1582	1003.929	1094.631	1187.173	1257.414	1345.531	1423.979	1509.652
259.9	0	0	0	0.1464735	7.70601	116.7952	448.4326	646.5536	756.8969	851.7694	930.0394	1003.929	1092.827	1187.471	1257.414	1344.687	1423.801	1509.085
260	0	0	0	0.1464735	7.70601	116.864	447.9597	646.6424	756.8969	851.6606	930.6335	1003.801	1092.41	1187.173	1258.049	1344.349	1424.516	1508.897
260.1	0	0	0	0.1464735	7.647186	116.7264	447.6444	646.6424	755.6122	850.6812	930.3959	1003.543	1092.688	1187.173	1256.143	1345.025	1423.622	1507.575
260.2	0	0	0	0.1464735	7.70601	116.5887	447.8808	646.2871	755.5134	850.4635	929.0888	1001.482	1093.937	1186.875	1256.461	1344.349	1422.37	1506.253
260.3	0	0	0	0.1464735	7.647186	116.7952	447.9597	645.5765	755.5134	850.6812	929.8018	1001.997	1091.994	1186.578	1256.302	1343.843	1422.191	1505.687
260.4	0	0	0	0.1464735	7.70601	117.1393	448.5903	645.1324	755.3157	849.8105	929.3265	1002.255	1091.994	1186.875	1254.872	1343.674	1422.37	1504.931
260.5	0	0	0	0.1464735	7.70601	117.0017	447.8808	645.6653	754.9204	850.3547	928.97	1001.353	1090.883	1186.727	1254.555	1343.505	1423.801	1504.931
260.6	0	0	0	0.1464735	7.647186	116.9328	448.5114	645.4877	754.8216	850.79	929.3265	1001.739	1091.577	1187.62	1255.984	1343.505	1422.191	1504.176
260.7	0	0	0	0.1464735	7.588361	116.7264	449.0632	645.1324	755.5134	851.2253	929.0888	1000.451	1092.132	1186.429	1256.62	1344.012	1422.907	1504.365
260.8	0	0	0	0.1464735	7.588361	116.5199	449.0632	645.5765	755.0192	852.2047	930.0394	1000.322	1091.994	1186.727	1257.414	1345.362	1423.443	1505.12
260.9	0	0	0	0.1464735	7.529537	116.3134	449.0632	645.4877	753.0427	851.3341	930.1582	1000.709	1091.438	1187.62	1257.572	1345.194	1423.443	1505.875
261	0	0	0	0.1464735	7.529537	116.3134	448.9844	644.8659	753.1415	851.2253	930.5147	1001.739	1089.495	1187.024	1255.984	1345.531	1424.516	1507.197
261.1	0	0	0	0.1464735	7.529537	116.5199	448.9844	644.3329	752.351	851.6606	929.4453	1000.322	1088.939	1187.917	1256.778	1344.856	1424.695	1508.141
261.2	0	0	0	0.1464735	7.470712	116.4511	448.5114	644.0665	752.351	851.4429	929.4453	999.4205	1089.078	1187.322	1257.096	1345.025	1422.549	1506.442
261.3	0	0	0	0.1464735	7.411888	116.1758	448.6691	644.5994	752.351	851.3341	929.3265	999.0341	1090.189	1187.024	1256.778	1344.518	1422.012	1504.931
261.4	0	0	0	0.1464735	7.411888	115.9693	448.7479	644.3329	752.9439	850.8988	927.6629	998.9052	1090.883	1186.429	1255.667	1344.518	1422.907	1504.742
261.5	0	0	0	0.1464735	7.411888	116.0381	448.9055	643.8	752.5486	850.3547	927.3065	998.7764	1090.466	1185.685	1256.302	1345.025	1420.224	1503.609
261.6	0	0	0	0.1464735	7.353063	115.8316	449.142	643.9777	752.2521	849.9194	928.3759	1000.065	1089.217	1186.131	1257.572	1344.687	1419.688	1501.532
261.7	0	0	0	0.1464735	7.353063	115.8316	448.7479	644.1553	752.8451	849.9194	928.3759	998.9052	1089.911	1185.089	1257.572	1344.349	1420.94	1501.91
261.8	0	0	0	0.1464735	7.294239	115.8316	448.5114	644.5994	753.0427	850.5723	928.97	997.2305	1088.939	1185.685	1257.255	1342.999	1419.33	1501.721
261.9	0	0	0	0.1464735	7.235414	115.9005	448.5114	643.8889	753.5369	850.6812	929.6829	997.3593	1089.078	1186.131	1258.208	1342.83	1419.509	1499.833
262	0	0	0	0.1464735	7.294239	116.0381	448.9844	643.7112	753.6357	849.4841	929.8018	998.3899	1089.772	1185.834	1258.525	1342.999	1420.582	1500.966
262.1	0	0	0	0.1464735	7.353063	116.0381	448.275	644.0665	752.6475	848.7223	929.8018	999.6782	1089.356	1187.173	1258.208	1341.479	1418.972	1501.91
262.2	0	0	0	0.1464735	7.294239	116.1069	448.0385	643.2671	751.9557	848.5047	931.2277	998.7764	1089.911	1186.578	1256.302	1342.155	1417.542	1503.043
262.3	0	0	0	0.1464735	7.294239	116.0381	447.9597	643.1782	752.7463	849.9194	930.6335	998.1323	1091.161	1185.089	1254.555	1342.324	1418.615	1502.854
262.4	0	0	0	0.1464735	7.353063	116.2446	447.6444	642.9117	752.6475	849.9194	930.277	997.7458	1092.271	1183.899	1252.808	1340.973	1419.33	1502.854
262.5	0	0	0	0.1464735	7.235414	116.4511	448.1961	642.3788	751.8568	850.8988	929.9206	998.5187	1092.41	1183.899	1252.808	1340.129	1419.688	1502.477
262.6	0	0	0	0.1464735	7.176589	116.6575	448.1173	641.8459	752.2521	851.4429	930.277	999.0341	1092.688	1185.685	1252.331	1340.973	1418.972	1501.344
262.7	0	0	0	0.1464735	7.117765	116.5199	448.1961	641.4017	752.4498	851.3341	930.8712	997.1017	1093.382	1184.792	1253.125	1340.635	1419.151	1500.4
262.8	0	0	0	0.1464735	7.117765	116.3822	448.8267	640.8688	752.2521	851.5518	929.9206	997.3593	1092.688	1185.089	1253.284	1341.311	1419.151	1501.532
262.9	0	0	0	0.1464735	7.117765	116.4511	449.0632	641.4017	751.165	850.2458	928.7324	996.3287	1090.883	1185.089	1253.284	1341.142	1418.972	1501.91
263	0	0	0	0.1464735	7.176589	116.864	449.2997	642.3788	750.671	851.6606	927.0688	997.3593	1090.189	1185.387	1253.602	1340.298	1419.509	1503.609
263.1	0	0	0	0.1464735	7.176589	116.7264	448.5114	642.1124	751.0662	851.7694	927.6629	997.2305	1090.466	1186.727	1253.284	1340.973	1420.582	1502.288
263.2	0	0	0	0.1464735	7.235414	116.7952	447.8808	642.7341	751.4615	851.0076	928.4947	997.2305	1090.883	1184.643	1252.331	1342.661	1420.582	1499.455
263.3	0	0	0	0.1464735	7.176589	116.864	447.4867	642.3788	751.5604	851.4429	927.6629	996.7152	1089.772	1185.536	1251.378	1342.999	1420.582	1500.211
263.4	0	0	0	0.1464735	7.176589	116.864	447.3291	642.0235	751.6592	851.4429	927.6629	996.1999	1090.05	1185.387	1252.808	1342.661	1420.94	1497.945
263.5	0	0	0	0.1464735	7.176589	116.864	447.6444	642.1124	751.4615	851.2253	927.1876	995.1693	1089.772	1184.941	1252.014	1341.311	1420.582	1499.644
263.6	0	0	0	0.1464735	7.176589	116.9328	447.0926	642.6453	751.758	851.2253	928.3759	994.5252	1088.245	1185.089	1251.378	1340.973	1420.761	1499.833
263.7	0	0	0	0.1464735	7.117765	116.6575	446.6985	643.2671	751.9557	850.8988	927.9006	993.7523	1088.662	1185.089	1251.855	1339.622	1419.688	1500.211
263.8	0	0	0	0.1464735	7.117765	116.5887	447.802	643.2671	751.0662	852.0959	927.5441	994.0099	1087.968	1184.792	1251.855	1339.622	1419.688	1499.833
263.9	0	0	0	0.1464735	7.117765	116.864	447.6444	642.3788	751.5604	852.3135	928.7324	994.3964	1088.939	1185.089	1253.284	1338.947	1418.972	1499.644
264	0	0	0	0.1464735	7.176589	116.9328	447.1714	641.4906	751.165	851.5518	928.97	993.2369	1088.523	1184.643	1253.443	1338.609	1417.9	1500.4
264.1	0	0	0	0.1464735	7.235414	116.7264	447.7232	640.9576	751.2639	850.8988	929.5641	993.2369	1089.356	1185.387	1252.49	1339.622	1418.794	1499.455
264.2	0	0	0	0.1464735	7.353063	116.7952	448.1961	640.6024	750.671	851.0076	929.4453	992.5928	1088.939	1185.387	1251.855	1338.778	1419.509	1499.267
264.3	0	0	0	0.1464735	7.353063	116.7952	448.4326	640.3359	750.7698	850.4635	929.3265	992.2064	1089.772	1185.387	1250.902	1338.947	1420.045	1499.833
264.4	0	0	0	0.1464735	7.353063	116.6575	448.5903	640.78	750.671	851.0076	928.4947	992.9793	1089.911	1184.345	1250.108	1339.285	1419.867	1501.721
264.5	0	0	0	0.1464735	7.353063	116.5199	448.1961	640.78	749.9792	850.2458	929.3265	992.8505	1089.634	1184.048	1249.472	1339.791	1421.476	1501.721
264.6	0	0	0	0.1464735	7.294239	116.3134	447.7232	640.8688	749.485	849.0488	927.7817	992.464	1090.466	1183.453	1249.949	1340.973	1421.834	1500.022
264.7	0	0	0	0.1464735	7.294239	116.2446	447.8808	640.9576	750.4733	848.5047	928.1382	992.9793	1088.939	1182.411	1251.219	1339.791	1420.582	1499.078
264.8	0	0	0	0.1464735	7.176589	116.1069	447.6444	641.4017	750.7698	848.6135	927.3065	992.8505	1087.551	1182.411	1248.996	1340.298	1421.655	1499.833
264.9	0	0	0	0.1464735	7.176589	116.3822	447.0926	640.6912	751.165	848.6135	926.237	991.691	1086.996	1182.411	1248.043	1339.96	1420.403	1501.155
265	0	0	0	0.1464735	7.235414	116.4511	447.0138	640.9576	751.2639	848.0694	925.1676	992.9793	1086.857	1183.155	1248.043	1338.778	1420.224	1501.721
265.1	0	0	0	0.1464735	7.235414	116.6575	446.6197	639.8917	751.758	848.0694	925.1676	993.4946	1085.608	1183.899	1246.455	1338.272	1420.045	1502.288
265.2	0	0	0	0.1464735	7.235414	117.0017	446.8561	639.9806	751.5604	847.1988	924.3358	993.881	1087.829	1185.089	1246.772	1338.778	1419.867	1502.099
265.3	0	0	0	0.1464735	7.176589	117.2081	447.4079	640.247	751.3627	847.1988	924.3358	994.3964	1087.829	1184.941	1247.09	1338.441	1418.615	1501.91
265.4	0	0	0	0.1464735	7.176589	117.2081	446.6985	640.0694	751.6592	847.9606	923.9794	995.0405	1088.106	1185.089	1244.866	1336.584	1418.436	1501.155
265.5	0	0	0	0.1464735	7.176589	116.6575	446.6197	639.8029	751.0662	848.6135	923.1476	995.6846	1087.412	1184.941	1244.072	1336.584	1420.403	1500.777
265.6	0	0	0	0.1464735	7.235414	117.0017	446.3832	640.1582	751.2639	848.9399	922.0782	995.5558	1088.662	1185.387	1244.549	1336.921	1419.151	1501.91
265.7	0	0	0	0.1464735	7.294239	117.0705	446.5408	639.0923	751.165	848.5047	923.6229	996.9728	1088.384	1184.197	1244.549	1336.921	1416.827	1501.721
265.8	0	0	0	0.1464735	7.294239	117.0705	446.3832	637.8488	751.5604	848.6135	923.8605	997.3593	1088.523	1183.75	1246.137	1336.077	1415.575	1501.91
265.9	0	0	0	0.1464735	7.294239	117.277	446.3832	637.4047	751.0662	848.1782	925.1676	997.7458	1087.829	1184.792	1246.931	1337.259	1413.965	1501.344
266	0	0	0	0.1464735	7.294239	117.1393	446.3832	637.4047	750.8686	848.287	924.5735	997.1017	1086.579	1183.601	1246.772	1336.584	1414.681	1501.155
266.1	0	0	0	0.1464735	7.294239	117.1393	446.6197	637.0494	750.2756	848.3959	924.4547	997.6169	1086.302	1182.857	1245.502	1336.415	1415.754	1502.099
266.2	0	0	0	0.1464735	7.294239	117.277	446.6985	635.9835	750.2756	848.5047	924.6923	998.1323	1085.052	1182.113	1244.708	1337.259	1414.502	1501.155
266.3	0	0	0	0.1464735	7.294239	117.5523	446.6985	637.3159	750.2756	848.0694	923.7417	997.7458	1083.525	1181.815	1245.819	1336.415	1415.038	1500.777
266.4	0	0	0	0.1464735	7.294239	117.4146	446.6985	637.8488	751.0662	848.5047	923.0287	996.844	1083.525	1183.601	1247.567	1336.584	1415.217	1500.588
266.5	0	0	0	0.1464735	7.294239	117.4834	446.5408	637.5823	751.0662	848.1782	922.5535	996.844	1083.942	1183.899	1248.519	1336.584	1414.681	1500.4
266.6	0	0	0	0.1464735	7.294239	117.2081	446.7773	637.7599	750.7698	846.9811	922.4346	995.8134	1083.248	1183.453	1249.314	1335.908	1413.608	1501.344
266.7	0	0	0	0.1464735	7.294239	117.4834	446.6985	638.3817	751.4615	846.9811	923.0287	994.1387	1082.276	1183.304	1249.949	1336.752	1413.429	1500.4
266.8	0	0	0	0.1464735	7.353063	117.4146	446.5408	638.6482	749.2874	846.8723	923.8605	993.6234	1082.692	1181.815	1250.743	1337.259	1412.892	1498.134
266.9	0	0	0	0.1464735	7.353063	117.4146	446.2255	637.8488	749.3862	847.6341	923.3853	995.1693	1083.942	1181.964	1249.949	1337.428	1413.965	1497.001
267	0	0	0	0.1464735	7.411888	117.4146	446.6197	638.5594	748.9909	847.6341	923.9794	996.1999	1082.692	1183.006	1249.155	1338.441	1414.502	1495.301
267.1	0	0	0	0.1464735	7.411888	117.277	446.1467	638.2041	748.4968	846.7635	923.7417	996.5864	1081.998	1184.345	1248.837	1341.311	1413.608	1497.189
267.2	0	0	0	0.1464735	7.411888	117.277	446.6985	638.2041	747.7062	846.3282	922.5535	994.9117	1081.721	1182.857	1248.519	1340.298	1414.144	1497.756
267.3	0	0	0	0.1464735	7.353063	117.1393	445.989	637.4935	746.2238	847.09	921.9594	994.654	1082.831	1180.922	1248.519	1338.778	1413.429	1496.623
267.4	0	0	0	0.1464735	7.353063	117.0705	446.0679	637.227	746.2238	846.437	921.1276	994.2675	1083.109	1179.732	1249.314	1337.934	1413.25	1495.49
267.5	0	0	0	0.1464735	7.353063	117.0705	446.3044	637.4047	746.5203	845.6752	920.2958	994.7828	1084.219	1180.327	1248.361	1335.908	1410.925	1496.434
267.6	0	0	0	0.1464735	7.353063	117.0017	446.0679	637.8488	746.2238	845.4576	918.3946	995.8134	1085.052	1180.178	1247.725	1336.246	1412.714	1495.112
267.7	0	0	0	0.1464735	7.353063	117.2081	445.6738	638.2929	746.9156	846.6547	919.3452	995.2982	1085.469	1180.774	1247.725	1335.74	1413.429	1493.602
267.8	0	0	0	0.1464735	7.353063	117.1393	445.4373	637.4047	746.9156	846.8723	918.5134	994.9117	1085.885	1181.369	1248.519	1335.233	1413.608	1492.469
267.9	0	0	0	0.1464735	7.353063	117.277	446.2255	638.2041	746.718	846.6547	918.5134	994.3964	1084.219	1180.922	1248.996	1335.402	1412.535	1493.413
268	0	0	0	0.1464735	7.353063	117.4834	446.1467	638.5594	746.9156	847.09	918.6323	994.1387	1084.219	1181.369	1247.567	1334.389	1413.608	1493.035
268.1	0	0	0	0.1464735	7.353063	117.6899	446.6197	638.2929	746.4215	848.3959	917.5628	993.1081	1083.664	1180.625	1246.296	1334.051	1415.038	1493.413
268.2	0	0	0	0.1464735	7.353063	117.8276	447.1714	637.8488	746.0262	848.0694	918.6323	993.2369	1084.219	1180.476	1244.866	1332.532	1414.323	1494.168
268.3	0	0	0	0.1464735	7.294239	117.8964	447.802	637.9376	746.0262	846.9811	918.157	992.7216	1083.386	1178.244	1246.137	1333.207	1413.608	1493.035
268.4	0	0	0	0.1464735	7.235414	117.9652	446.462	637.9376	746.718	845.7841	917.9193	993.7523	1083.109	1179.137	1246.455	1333.207	1413.608	1494.168
268.5	0	0	0	0.1464735	7.176589	117.9652	446.8561	637.3159	747.1133	846.1105	917.2064	992.5928	1082.97	1179.434	1246.137	1334.558	1411.462	1494.546
268.6	0	0	0	0.1464735	7.176589	117.7587	447.3291	637.1382	746.718	846.0017	916.4934	992.8505	1082.831	1179.285	1247.09	1334.389	1410.389	1494.357
268.7	0	0	0	0.1464735	7.117765	117.7587	446.3044	637.4047	747.2121	846.2194	918.5134	991.0469	1082.415	1178.541	1247.725	1334.895	1410.389	1494.924
268.8	0	0	0	0.1464735	7.058941	117.7587	446.8561	637.9376	747.3109	845.6752	918.157	990.4028	1083.386	1178.69	1247.725	1335.571	1411.462	1494.357
268.9	0	0	0	0.1464735	7.000116	117.7587	447.4079	637.227	748.0027	846.437	918.5134	990.274	1083.109	1179.285	1246.931	1334.558	1411.641	1493.602
269	0	0	0	0.1464735	7.000116	117.8276	447.4867	637.1382	747.8051	846.1105	918.6323	989.8875	1083.248	1178.095	1245.978	1333.882	1411.462	1493.602
269.1	0	0	0	0.1464735	7.000116	117.6211	447.0138	637.6711	748.4968	845.1311	919.3452	989.6298	1082.553	1178.392	1245.025	1334.389	1410.925	1492.28
269.2	0	0	0	0.1464735	7.000116	117.7587	447.1714	638.1152	748.5956	844.8046	918.7511	990.9181	1081.443	1176.309	1243.437	1333.714	1411.462	1492.091
269.3	0	0	0	0.1464735	6.941292	117.8276	446.462	638.6482	749.2874	844.9135	918.8699	990.5316	1081.304	1176.458	1242.802	1335.233	1410.21	1491.525
269.4	0	0	0	0.1464735	6.941292	118.034	446.9349	638.4705	749.5839	845.5664	919.4641	989.3722	1080.888	1177.797	1242.961	1334.558	1409.316	1491.336
269.5	0	0	0	0.1464735	6.941292	117.9652	447.7232	638.2929	749.3862	845.2399	920.6523	989.3722	1079.916	1177.053	1244.39	1335.908	1409.495	1489.259
269.6	0	0	0	0.1464735	7.000116	117.7587	448.1173	637.5823	747.6074	844.587	921.7217	989.2433	1079.916	1177.648	1244.549	1335.571	1409.495	1489.259
269.7	0	0	0	0.1464735	7.058941	117.5523	448.275	637.9376	747.1133	843.2811	922.0782	990.4028	1079.36	1178.095	1245.184	1335.571	1410.568	1489.448
269.8	0	0	0	0.1464735	7.000116	117.5523	448.6691	638.9147	746.6191	843.3899	920.5334	989.6298	1078.944	1177.5	1245.025	1334.558	1408.779	1490.958
269.9	0	0	0	0.1464735	7.000116	117.9652	448.1173	638.0264	746.4215	842.6282	920.7711	989.7587	1078.389	1176.16	1245.978	1333.882	1410.21	1491.525
270	0	0	0	0.1464735	7.000116	117.6899	447.4867	637.227	745.6309	843.0634	920.7711	988.5992	1078.666	1177.202	1245.184	1331.519	1411.104	1490.958
270.1	0	0	0	0.1464735	7.000116	117.8964	447.0138	636.7829	745.532	843.0634	920.4146	989.501	1078.944	1178.541	1246.772	1330.675	1411.104	1492.28
270.2	0	0	0	0.1464735	6.941292	117.6899	447.6444	637.0494	747.4097	842.5193	919.9393	989.6298	1079.916	1177.351	1247.884	1329.324	1410.389	1491.147
270.3	0	0	0	0.1464735	6.941292	117.4834	447.2502	638.6482	747.6074	842.3017	920.2958	989.501	1078.389	1178.095	1247.249	1327.974	1410.747	1492.091
270.4	0	0	0	0.1464735	7.000116	117.4146	446.9349	638.737	747.7062	842.4105	920.4146	989.6298	1078.111	1178.244	1247.567	1328.311	1411.104	1492.469
270.5	0	0	0	0.195298	7.117765	117.277	446.6197	639.1812	748.1015	842.3017	919.2264	989.7587	1078.25	1178.839	1247.09	1329.324	1409.674	1492.847
270.6	0	0	0	0.195298	7.117765	117.5523	446.0679	640.1582	747.4097	842.4105	919.3452	989.2433	1078.805	1177.5	1248.361	1328.311	1410.568	1492.847
270.7	0	0	0	0.195298	7.117765	117.8276	446.0679	640.0694	746.718	843.0634	918.2758	988.9857	1077.695	1175.862	1248.361	1327.467	1408.958	1492.28
270.8	0	0	0	0.195298	7.058941	118.034	446.0679	639.8917	746.9156	843.0634	918.9887	988.3416	1077.139	1175.714	1247.09	1325.779	1408.422	1490.581
270.9	0	0	0	0.195298	7.058941	118.3782	445.989	639.5364	747.1133	843.934	919.8205	988.4705	1077	1174.969	1246.931	1325.272	1409.316	1493.035
271	0	0	0	0.195298	7.058941	118.5158	445.9102	639.1812	746.8168	843.8252	919.7017	987.6975	1077.139	1174.821	1247.567	1325.104	1407.707	1494.168
271.1	0	0	0	0.195298	7.000116	118.5158	446.462	639.0923	746.718	844.1517	919.4641	987.5687	1076.029	1173.928	1247.884	1324.597	1406.276	1494.357
271.2	0	0	0	0.195298	7.000116	118.447	446.7773	640.0694	746.718	843.3899	919.8205	987.1822	1075.335	1174.672	1246.296	1324.597	1407.17	1492.469
271.3	0	0	0	0.195298	6.941292	118.7223	446.5408	640.8688	746.8168	844.0428	920.0582	987.9551	1075.335	1174.969	1246.137	1324.935	1406.455	1492.658
271.4	0	0	0	0.195298	6.882467	118.7223	447.6444	640.6024	747.3109	844.0428	920.4146	988.4705	1073.807	1175.714	1245.025	1324.091	1406.634	1492.091
271.5	0	0	0	0.195298	6.882467	118.9976	447.4867	641.5794	747.2121	844.3693	919.8205	989.6298	1073.391	1176.607	1244.231	1322.402	1407.17	1491.336
271.6	0	0	0	0.195298	6.882467	119.1352	447.802	640.6024	746.9156	844.1517	919.3452	988.3416	1072.836	1176.309	1243.755	1323.078	1405.382	1489.259
271.7	0	0	0	0.195298	6.882467	119.0664	448.4326	639.7141	746.3227	843.2811	919.1075	988.3416	1072.419	1177.351	1243.278	1323.415	1405.382	1488.315
271.8	0	0	0	0.195298	6.823643	118.8599	448.3538	640.5135	746.8168	843.4987	918.8699	988.3416	1074.085	1177.946	1242.802	1322.909	1406.276	1488.315
271.9	0	0	0	0.195298	6.764818	118.9976	448.9844	640.5135	746.125	843.1722	918.9887	988.084	1074.085	1177.946	1243.119	1320.883	1408.064	1488.126
272	0	0	0	0.195298	6.823643	118.7223	449.3785	640.9576	745.532	842.5193	917.444	987.1822	1075.473	1178.392	1242.643	1321.221	1409.316	1487.559
272.1	0	0	0	0.195298	6.823643	118.3782	448.4326	640.4247	745.4332	842.3017	917.0875	987.1822	1075.473	1177.797	1241.531	1322.234	1408.958	1487.748
272.2	0	0	0	0.195298	6.764818	118.5158	448.1961	639.8917	745.3344	841.2134	917.2064	986.7957	1075.335	1176.607	1243.119	1323.246	1408.958	1486.427
272.3	0	0	0	0.195298	6.823643	118.3093	447.4079	639.8029	745.6309	841.7576	917.2064	987.1822	1076.862	1174.374	1241.69	1323.415	1408.422	1484.161
272.4	0	0	0	0.195298	6.823643	117.9652	446.7773	639.8917	746.718	840.887	917.9193	986.7957	1076.862	1174.077	1241.531	1322.909	1408.601	1484.161
272.5	0	0	0	0.195298	6.823643	117.9652	446.8561	639.8029	746.9156	841.9752	918.2758	986.5381	1077.278	1173.928	1241.055	1323.415	1408.601	1484.349
272.6	0	0	0	0.195298	6.882467	118.1029	446.6197	639.4476	746.718	843.2811	917.5628	985.7651	1078.111	1173.481	1239.625	1324.091	1406.634	1483.594
272.7	0	0	0	0.195298	6.882467	118.3782	446.3832	639.8029	747.1133	844.1517	918.157	983.9615	1078.805	1172.886	1237.402	1323.922	1406.097	1485.294
272.8	0	0	0	0.195298	6.882467	118.3782	445.6738	639.8917	747.7062	843.4987	917.2064	983.5751	1078.25	1171.398	1237.878	1325.779	1408.243	1484.161
272.9	0	0	0	0.195298	6.882467	117.9652	445.2796	639.5364	747.8051	843.8252	918.0381	984.0904	1077.972	1170.802	1238.037	1324.935	1406.991	1485.294
273	0	0	0	0.195298	6.941292	118.2405	445.0432	639.4476	748.1015	843.8252	916.9687	982.931	1078.528	1169.016	1237.402	1327.467	1406.097	1483.405
273.1	0	0	0	0.195298	6.882467	118.1029	445.9102	638.8259	747.3109	843.0634	917.0875	983.7039	1078.528	1170.356	1236.766	1327.805	1406.097	1483.972
273.2	0	0	0	0.195298	6.882467	118.5158	446.7773	638.737	747.1133	843.1722	916.9687	984.2192	1078.25	1171.993	1237.561	1325.948	1405.739	1483.972
273.3	0	0	0	0.195298	6.882467	118.5846	445.989	638.737	746.8168	843.3899	916.7311	984.7345	1078.528	1171.547	1237.084	1325.272	1404.845	1482.272
273.4	0	0	0	0.195298	6.882467	118.447	445.8314	638.4705	745.8286	844.2605	916.9687	984.7345	1077.139	1171.993	1237.243	1325.948	1404.667	1481.328
273.5	0	0	0	0.195298	6.941292	118.3782	445.989	638.2929	745.4332	844.0428	916.7311	984.4769	1077.278	1173.184	1236.449	1324.766	1404.13	1479.44
273.6	0	0	0	0.195298	7.000116	118.5846	445.989	638.6482	746.3227	843.7164	917.6816	984.348	1077.278	1173.779	1237.402	1324.935	1401.626	1480.951
273.7	0	0	0	0.1464735	6.941292	118.3093	445.5949	638.4705	746.3227	843.1722	918.6323	983.8328	1080.055	1173.184	1237.878	1324.935	1401.805	1480.573
273.8	0	0	0	0.1464735	6.882467	118.3782	445.3585	638.2041	746.3227	842.9546	919.2264	984.6057	1080.61	1172.291	1237.719	1323.753	1402.342	1482.083
273.9	0	0	0	0.1464735	6.941292	118.5846	445.9102	638.3817	745.7297	843.1722	918.7511	983.3174	1080.193	1171.993	1238.99	1323.415	1402.521	1482.839
274	0	0	0	0.1464735	7.000116	118.5846	446.6197	637.0494	745.8286	843.8252	918.0381	985.8939	1079.916	1172.737	1237.402	1322.909	1401.805	1481.895
274.1	0	0	0	0.1464735	7.000116	118.6535	446.6197	636.3387	745.9274	843.7164	916.7311	986.7957	1079.083	1173.184	1238.037	1322.571	1401.448	1482.272
274.2	0	0	0	0.1464735	7.058941	118.6535	446.462	637.4047	745.7297	843.2811	915.7805	987.1822	1078.389	1174.225	1235.972	1322.571	1401.805	1482.839
274.3	0	0	0	0.1464735	7.058941	118.3782	446.9349	637.0494	747.0145	843.3899	914.8299	987.4398	1077.695	1173.035	1236.925	1323.753	1403.415	1482.083
274.4	0	0	0	0.1464735	7.058941	118.5158	446.6197	638.2041	746.6191	843.6075	914.9487	986.7957	1075.89	1173.332	1237.561	1323.584	1403.057	1482.461
274.5	0	0	0	0.195298	7.117765	118.5846	445.8314	638.1152	746.6191	842.6282	914.7111	985.8939	1075.751	1172.737	1238.355	1322.74	1403.594	1482.083
274.6	0	0	0	0.195298	7.117765	118.5158	445.9102	638.1152	746.718	842.6282	913.8793	985.6363	1076.306	1172.291	1237.719	1323.584	1403.772	1481.139
274.7	0	0	0	0.195298	7.117765	118.3782	445.3585	638.737	745.3344	842.1929	914.7111	986.0228	1076.723	1169.016	1238.831	1323.753	1405.024	1481.139
274.8	0	0	0	0.195298	7.176589	118.447	445.4373	639.3588	744.9391	841.5399	914.7111	986.6669	1077.833	1169.314	1237.243	1323.753	1405.382	1482.272
274.9	0	0	0	0.195298	7.176589	117.9652	445.122	638.5594	744.8403	840.887	914.7111	986.2804	1077.139	1169.463	1238.355	1324.091	1405.203	1481.895
275	0	0	0	0.195298	7.117765	117.8964	445.122	638.1152	743.1603	839.5811	914.2357	985.3787	1076.862	1168.272	1239.625	1323.078	1405.024	1482.65
275.1	0	0	0	0.195298	7.117765	117.9652	444.4126	637.8488	742.8638	838.384	913.6416	985.6363	1075.335	1169.612	1239.625	1324.428	1404.667	1481.895
275.2	0	0	0	0.195298	7.117765	118.034	444.7279	638.0264	741.6779	839.1458	914.8299	985.5074	1074.224	1169.612	1239.466	1323.246	1405.203	1478.685
275.3	0	0	0	0.195298	7.117765	117.8276	443.782	638.3817	741.9744	840.234	914.8299	985.8939	1072.975	1170.207	1239.466	1322.571	1405.203	1479.44
275.4	0	0	0	0.195298	7.176589	117.9652	443.5455	637.5823	742.1721	839.2546	915.5428	985.6363	1072.558	1169.909	1238.672	1323.584	1404.488	1481.139
275.5	0	0	0	0.195298	7.235414	117.9652	444.0184	637.4935	742.0732	839.1458	915.5428	986.7957	1072.419	1168.868	1236.29	1324.091	1403.594	1480.951
275.6	0	0	0	0.195298	7.235414	118.2405	444.3337	638.2929	742.765	839.2546	916.6122	985.121	1072.975	1169.612	1236.131	1323.415	1402.878	1481.328
275.7	0	0	0	0.195298	7.176589	118.3782	444.649	637.4935	742.765	839.3634	917.3252	984.8633	1073.946	1169.016	1235.178	1322.402	1403.236	1480.951
275.8	0	0	0	0.195298	7.294239	118.6535	443.8608	637.227	743.4567	838.8193	917.3252	983.7039	1074.224	1171.398	1234.225	1319.87	1401.626	1480.384
275.9	0	0	0	0.195298	7.294239	119.0664	444.649	637.1382	743.6544	838.0575	917.3252	983.9615	1073.946	1172.142	1235.337	1320.714	1400.911	1481.517
276	0	0	0	0.195298	7.235414	118.8599	444.9643	637.1382	744.1485	837.9487	916.2557	983.7039	1073.113	1170.356	1236.29	1319.195	1400.017	1479.251
276.1	0	0	0	0.195298	7.235414	118.7911	444.9643	637.9376	743.5556	839.2546	916.6122	983.1886	1073.669	1170.207	1236.29	1319.532	1398.944	1479.44
276.2	0	0	0	0.195298	7.176589	118.7911	445.3585	637.5823	744.6426	838.4928	915.6616	982.931	1072.836	1169.463	1233.59	1317.675	1400.375	1477.363
276.3	0	0	0	0.195298	7.235414	118.6535	445.2796	637.0494	743.8521	838.8193	914.7111	983.4463	1073.113	1169.314	1234.702	1317.506	1399.838	1477.741
276.4	0	0	0	0.195298	7.235414	118.7223	444.8067	636.9605	743.0615	838.1663	914.7111	983.8328	1074.085	1170.058	1235.496	1317.506	1400.911	1477.929
276.5	0	0	0	0.195298	7.235414	118.9287	444.9643	637.1382	744.0497	838.0575	914.5922	984.348	1072.836	1169.612	1236.29	1317.675	1401.805	1477.363
276.6	0	0	0	0.195298	7.176589	118.9976	444.8067	636.9605	743.6544	838.6016	914.4734	984.348	1072.003	1167.826	1236.925	1319.026	1402.699	1476.419
276.7	0	0	0	0.195298	7.235414	119.2729	444.3337	635.9835	744.1485	838.6016	914.8299	983.0598	1072.003	1167.826	1236.925	1320.714	1403.415	1476.985
276.8	0	0	0	0.195298	7.353063	119.4105	444.3337	635.6282	743.3579	839.3634	914.5922	982.158	1072.003	1168.57	1236.449	1320.545	1403.236	1476.985
276.9	0	0	0	0.195298	7.353063	119.5482	444.9643	635.0064	743.6544	838.7104	913.7604	982.6733	1072.836	1169.612	1236.449	1320.039	1402.699	1475.286
277	0	0	0	0.195298	7.411888	119.6858	445.0432	634.6511	743.5556	838.1663	913.8793	981.7715	1071.586	1170.207	1235.337	1321.221	1402.342	1475.663
277.1	0	0	0	0.195298	7.470712	119.4793	446.1467	634.1182	743.0615	838.7104	915.3052	982.4156	1071.586	1168.124	1235.655	1321.221	1402.163	1474.719
277.2	0	0	0	0.195298	7.470712	119.617	446.6985	634.1182	743.5556	838.2751	914.3546	982.2869	1072.975	1168.124	1236.766	1320.883	1400.732	1473.398
277.3	0	0	0	0.195298	7.411888	119.5482	446.8561	633.8517	742.6661	838.1663	914.3546	982.8021	1071.586	1167.528	1236.608	1320.208	1399.302	1473.964
277.4	0	0	0	0.1464735	7.411888	119.3417	447.4079	633.4964	742.4685	838.8193	914.2357	981.9004	1070.753	1167.379	1236.449	1318.182	1399.123	1473.775
277.5	0	0	0	0.1464735	7.411888	119.4105	447.3291	633.7628	742.3697	838.1663	914.1169	980.9986	1071.586	1168.57	1236.608	1317.675	1399.302	1472.642
277.6	0	0	0	0.1464735	7.470712	119.6858	447.8808	634.1182	741.4803	837.731	913.2852	981.9004	1071.031	1169.612	1237.561	1318.013	1397.692	1473.398
277.7	0	0	0	0.1464735	7.470712	119.4793	447.5656	633.7628	741.9744	837.2957	913.5228	981.1274	1071.17	1168.868	1237.719	1317.338	1396.262	1475.286
277.8	0	0	0	0.1464735	7.470712	119.2729	447.5656	634.207	741.6779	837.731	912.9286	982.5445	1072.281	1170.058	1237.402	1317.506	1395.725	1475.286
277.9	0	0	0	0.1464735	7.411888	119.2729	447.0138	633.674	741.9744	837.2957	912.4534	983.3174	1072.281	1170.802	1237.878	1315.143	1395.546	1474.153
278	0	0	0	0.1464735	7.411888	119.4105	447.1714	634.3846	741.8755	836.7516	911.5028	983.1886	1072.003	1169.761	1237.084	1314.13	1395.725	1473.398
278.1	0	0	0	0.1464735	7.470712	118.9287	447.0138	634.3846	741.8755	836.7516	911.5028	982.0292	1072.975	1167.975	1237.084	1314.468	1397.514	1472.642
278.2	0	0	0	0.1464735	7.470712	118.5846	447.4079	635.4505	741.1838	836.3163	912.4534	982.2869	1073.53	1168.57	1235.496	1314.299	1398.408	1471.132
278.3	0	0	0	0.1464735	7.470712	118.5158	447.0926	635.3617	740.5908	838.2751	912.691	980.9986	1073.391	1168.421	1234.543	1314.636	1397.156	1470.754
278.4	0	0	0	0.1464735	7.470712	118.447	446.7773	635.0064	740.5908	837.6222	913.2852	981.5139	1072.836	1167.975	1234.225	1316.325	1396.977	1470.188
278.5	0	0	0	0.1464735	7.470712	118.447	447.2502	634.3846	740.3932	839.1458	911.8593	981.7715	1073.113	1167.677	1234.86	1314.974	1396.441	1470.188
278.6	0	0	0	0.1464735	7.411888	118.3093	446.1467	634.207	740.492	838.384	911.6216	981.3851	1074.224	1167.231	1234.543	1314.468	1397.871	1470.943
278.7	0	0	0	0.1464735	7.411888	118.3782	446.2255	633.7628	739.9979	837.0781	911.2651	980.6121	1074.641	1167.379	1234.066	1314.636	1397.514	1469.621
278.8	0	0	0	0.1464735	7.470712	118.3782	446.7773	633.5852	740.3932	836.8605	912.2157	980.2256	1073.669	1167.082	1232.796	1314.299	1397.514	1470.376
278.9	0	0	0	0.1464735	7.411888	118.447	447.2502	634.9175	739.899	837.6222	911.2651	979.3239	1073.252	1166.933	1233.272	1314.13	1397.335	1470.754
279	0	0	0	0.1464735	7.411888	118.5158	447.5656	634.7399	740.1956	837.9487	910.7899	977.778	1074.224	1166.04	1233.431	1313.792	1398.586	1472.265
279.1	0	0	0	0.1464735	7.411888	118.5846	448.0385	635.3617	740.8873	837.0781	908.8887	979.3239	1074.641	1165.742	1234.543	1313.455	1400.017	1472.642
279.2	0	0	0	0.1464735	7.411888	118.3093	447.6444	635.5393	741.085	837.0781	909.8392	979.7104	1074.502	1166.635	1233.59	1315.143	1400.553	1472.265
279.3	0	0	0	0.1464735	7.411888	118.1029	448.1961	636.2499	741.085	836.6428	909.6016	980.2256	1072.558	1166.04	1232.637	1315.987	1401.626	1473.02
279.4	0	0	0	0.1464735	7.411888	118.034	447.8808	636.1611	741.2826	836.3163	909.0074	980.0969	1072.836	1167.677	1231.684	1315.649	1401.984	1473.586
279.5	0	0	0	0.1464735	7.294239	118.1029	448.1961	636.1611	740.492	836.3163	909.364	980.4833	1071.586	1167.975	1232.796	1315.312	1402.699	1472.265
279.6	0	0	0	0.1464735	7.294239	117.9652	448.6691	635.6282	740.8873	837.2957	910.0769	981.3851	1072.558	1167.826	1232.319	1317.338	1402.521	1473.209
279.7	0	0	0	0.1464735	7.294239	118.034	448.9055	635.2729	740.1956	835.881	911.2651	982.0292	1072.142	1168.57	1230.89	1314.805	1400.911	1473.398
279.8	0	0	0	0.1464735	7.235414	117.9652	448.5114	635.6282	740.5908	835.1193	912.4534	983.0598	1072.975	1168.719	1230.572	1314.974	1399.481	1473.02
279.9	0	0	0	0.1464735	7.176589	117.5523	448.0385	635.0064	740.492	835.7722	911.1463	983.8328	1072.697	1167.975	1231.208	1313.961	1398.944	1473.775
280	0	0	0	0.1464735	7.176589	117.2081	447.9597	635.717	740.9861	834.7928	909.9581	983.9615	1072.836	1168.57	1230.89	1313.286	1398.765	1474.153
280.1	0	0	0	0.1464735	7.235414	117.2081	447.8808	635.8058	741.2826	834.7928	909.9581	982.931	1072.975	1167.231	1231.049	1313.624	1396.441	1471.698
280.2	0	0	0	0.1464735	7.058941	117.4146	448.1961	636.3387	741.3815	833.8134	910.4333	982.0292	1072.697	1168.421	1231.525	1314.13	1398.765	1471.321
280.3	0	0	0	0.1464735	7.058941	117.277	448.7479	635.9835	741.4803	832.3986	911.384	982.5445	1072.142	1168.272	1232.002	1312.442	1400.553	1472.831
280.4	0	0	0	0.1464735	7.058941	117.2081	448.5114	635.3617	740.3932	833.0516	911.0275	982.4156	1070.892	1167.826	1232.319	1314.13	1400.017	1471.887
280.5	0	0	0	0.1464735	7.058941	117.3458	447.8808	635.2729	739.2073	834.2487	909.8392	982.158	1072.003	1167.528	1232.319	1313.792	1399.659	1471.321
280.6	0	0	0	0.1464735	7.058941	117.4146	447.2502	635.4505	739.6026	833.5957	910.9086	981.7715	1072.558	1167.231	1232.478	1314.636	1398.765	1469.621
280.7	0	0	0	0.1464735	7.058941	117.7587	447.0926	635.8947	739.6026	833.5957	909.8392	981.1274	1072.836	1168.421	1232.161	1314.468	1398.408	1469.81
280.8	0	0	0	0.1464735	7.058941	118.1717	447.1714	636.0723	739.7014	832.9427	908.7698	981.3851	1072.142	1168.272	1230.731	1312.61	1398.586	1468.677
280.9	0	0	0	0.1464735	7.000116	118.3093	447.2502	636.0723	738.7132	832.5074	908.7698	979.968	1073.113	1167.975	1230.572	1313.961	1398.408	1469.999
281	0	0	0	0.1464735	7.000116	118.5158	447.4867	635.6282	738.6144	832.7251	909.0074	980.2256	1072.836	1168.272	1229.619	1313.455	1396.619	1469.621
281.1	0	0	0	0.1464735	7.000116	118.5158	447.7232	635.717	739.3062	833.8134	909.1263	981.1274	1072.281	1167.528	1229.778	1314.468	1398.05	1471.698
281.2	0	0	0	0.1464735	7.000116	118.7911	447.2502	635.0064	739.1085	833.2692	909.4828	980.4833	1072.281	1166.933	1229.302	1315.818	1397.871	1470.376
281.3	0	0	0	0.1464735	7.000116	119.1352	446.9349	635.0064	738.5155	832.8339	909.4828	979.1951	1071.864	1166.486	1228.508	1315.312	1400.732	1472.265
281.4	0	0	0	0.1464735	7.000116	118.9976	446.1467	634.8287	737.2308	831.5281	908.7698	979.1951	1070.753	1165.891	1229.143	1314.468	1398.408	1470.754
281.5	0	0	0	0.1464735	7.000116	118.9976	445.4373	634.207	737.7249	831.4193	908.5322	978.551	1070.476	1164.403	1229.619	1315.649	1398.229	1470.754
281.6	0	0	0	0.1464735	7.000116	119.1352	445.6738	633.8517	737.4285	832.181	908.4133	978.6797	1070.198	1165.147	1230.572	1315.143	1398.408	1469.999
281.7	0	0	0	0.1464735	7.000116	118.9976	445.5949	632.5193	737.2308	832.181	909.6016	979.1951	1070.892	1167.379	1232.637	1316.662	1397.692	1470.376
281.8	0	0	0	0.1464735	6.882467	118.9976	445.5949	633.1411	736.0449	831.5281	908.7698	978.9374	1071.864	1165.742	1232.637	1316.662	1398.05	1472.642
281.9	0	0	0	0.1464735	6.882467	118.9976	444.9643	632.6082	736.0449	831.9633	907.938	979.0662	1072.142	1165.594	1233.59	1314.974	1397.692	1470.943
282	0	0	0	0.1464735	6.941292	118.8599	444.8067	632.8746	735.8473	830.2222	907.938	978.0356	1072.003	1164.849	1232.478	1315.818	1396.262	1468.866
282.1	0	0	0	0.1464735	6.941292	118.8599	445.0432	632.3417	736.4402	830.5486	909.1263	978.6797	1072.419	1164.998	1232.637	1315.143	1395.546	1469.244
282.2	0	0	0	0.1464735	6.941292	119.0664	444.649	631.631	736.7367	830.6575	909.364	978.0356	1072.558	1163.659	1232.637	1313.961	1395.368	1468.866
282.3	0	0	0	0.1464735	6.882467	119.1352	444.4914	631.631	736.5391	831.3104	909.7204	977.1339	1073.53	1164.998	1232.796	1313.455	1395.368	1469.621
282.4	0	0	0	0.1464735	6.882467	119.3417	445.0432	631.5422	735.9461	830.7663	910.671	978.0356	1073.807	1165.445	1232.319	1313.792	1394.116	1470.188
282.5	0	0	0	0.1464735	6.823643	119.3417	445.122	632.0752	736.1437	830.5486	910.671	977.3915	1072.836	1166.338	1232.002	1314.468	1393.579	1472.076
282.6	0	0	0	0.1464735	6.823643	119.617	445.5949	631.9863	735.6496	830.7663	910.9086	978.8086	1072.836	1165.742	1234.066	1313.792	1392.685	1472.453
282.7	0	0	0	0.1464735	6.882467	119.5482	445.2008	631.8087	735.5508	830.6575	911.0275	979.5815	1071.448	1165.296	1234.066	1313.286	1391.076	1471.698
282.8	0	0	0	0.1464735	6.941292	119.6858	444.7279	632.7858	736.1437	831.0928	911.8593	979.0662	1072.142	1165.296	1233.113	1313.624	1390.718	1470.565
282.9	0	0	0	0.1464735	6.941292	119.617	444.9643	632.164	736.9343	831.6368	912.4534	978.551	1072.142	1164.701	1231.684	1312.273	1391.076	1470.188
283	0	0	0	0.1464735	6.882467	119.7546	445.122	632.2528	736.0449	831.9633	912.3345	977.778	1071.448	1163.361	1231.525	1311.598	1392.506	1469.621
283.1	0	0	0	0.1464735	6.882467	119.617	444.7279	632.4305	736.9343	832.181	911.6216	977.6492	1072.003	1161.873	1230.89	1309.74	1393.401	1469.244
283.2	0	0	0	0.1464735	6.882467	119.2729	444.0184	632.4305	737.132	831.0928	911.2651	977.3915	1071.17	1161.873	1228.984	1308.39	1391.612	1471.321
283.3	0	0	0	0.1464735	6.941292	119.1352	443.8608	632.7858	737.132	831.6368	911.384	977.1339	1071.725	1162.766	1229.46	1310.078	1391.791	1470.376
283.4	0	0	0	0.1464735	6.941292	118.6535	444.4914	632.164	737.6261	831.9633	910.671	975.588	1071.309	1162.766	1228.984	1310.753	1387.678	1470.565
283.5	0	0	0	0.1464735	6.941292	118.5846	445.0432	632.2528	736.7367	832.0721	909.2451	975.4592	1070.198	1163.361	1228.031	1309.909	1387.142	1468.677
283.6	0	0	0	0.1464735	6.941292	118.5846	445.2796	631.9863	736.2426	832.3986	909.9581	974.6862	1069.92	1163.51	1226.919	1307.883	1387.321	1467.733
283.7	0	0	0	0.1464735	6.941292	118.3093	445.5949	631.9863	736.4402	832.8339	911.2651	975.3303	1069.088	1162.766	1227.237	1309.909	1388.393	1468.299
283.8	0	0	0	0.1464735	6.882467	118.447	445.0432	631.8087	736.3414	832.2898	910.9086	975.4592	1068.81	1161.873	1227.555	1308.221	1388.751	1469.621
283.9	0	0	0	0.1464735	6.882467	118.2405	444.8067	632.0752	736.4402	832.181	910.3145	974.9438	1068.81	1161.129	1228.508	1307.883	1387.857	1468.677
284	0	0	0	0.1464735	6.882467	118.447	444.4126	631.3646	736.3414	831.9633	910.1957	975.2015	1068.949	1161.426	1229.46	1307.546	1387.321	1468.866
284.1	0	0	0	0.1464735	6.941292	118.2405	444.0973	631.4534	737.132	832.7251	910.0769	974.2997	1068.671	1160.831	1230.255	1309.234	1387.857	1468.488
284.2	0	0	0	0.1464735	6.882467	118.1029	444.3337	630.9205	736.3414	832.3986	910.5522	974.4286	1068.116	1162.022	1229.302	1308.052	1386.605	1468.11
284.3	0	0	0	0.1464735	6.941292	118.1717	444.3337	631.0093	735.5508	832.6163	910.671	974.9438	1070.337	1161.873	1228.666	1308.728	1388.572	1467.544
284.4	0	0	0	0.1464735	6.941292	118.2405	444.3337	631.3646	735.452	832.8339	910.5522	975.3303	1070.615	1162.617	1229.619	1307.715	1389.645	1467.733
284.5	0	0	0	0.1464735	6.941292	118.1717	444.0184	631.9863	735.3531	832.0721	910.7899	976.1033	1069.782	1163.808	1231.208	1307.883	1389.466	1466.978
284.6	0	0	0	0.1464735	6.941292	118.3093	443.7032	632.697	735.3531	831.0928	910.1957	976.1033	1070.198	1163.808	1231.843	1306.87	1389.645	1466.222
284.7	0	0	0	0.1464735	6.941292	117.9652	443.782	632.3417	735.8473	829.3516	910.9086	975.7168	1069.643	1163.808	1230.255	1306.87	1388.036	1465.845
284.8	0	0	0	0.1464735	6.941292	118.2405	443.0725	631.8975	735.8473	829.7869	910.9086	975.7168	1070.615	1162.617	1230.413	1306.364	1386.605	1464.523
284.9	0	0	0	0.1464735	6.882467	118.5846	443.0725	632.5193	735.9461	830.6575	911.384	974.5574	1069.643	1162.617	1229.46	1307.208	1387.857	1464.334
285	0	0	0	0.1464735	6.941292	118.8599	443.6243	632.3417	737.132	829.7869	911.1463	975.3303	1067.977	1161.575	1228.825	1308.221	1385.711	1462.823
285.1	0	0	0	0.1464735	6.941292	118.9976	443.2302	631.4534	737.2308	828.8074	910.0769	975.3303	1068.532	1161.873	1229.302	1306.533	1384.996	1463.768
285.2	0	0	0	0.1464735	6.941292	119.0664	442.9937	631.8975	736.0449	829.1339	910.5522	974.6862	1068.393	1162.022	1227.078	1305.182	1385.532	1465.089
285.3	0	0	0	0.1464735	7.000116	118.9976	442.442	631.7199	735.6496	830.2222	910.0769	974.4286	1068.116	1160.831	1227.396	1306.87	1385.89	1467.166
285.4	0	0	0	0.1464735	7.000116	118.8599	442.5208	631.0093	734.859	830.0045	910.3145	975.588	1066.866	1160.385	1227.396	1307.377	1384.281	1464.523
285.5	0	0	0	0.1464735	7.058941	118.9287	442.8361	631.8975	735.2543	831.0928	909.7204	975.4592	1067.422	1159.789	1229.778	1307.039	1384.638	1465.278
285.6	0	0	0	0.1464735	7.058941	118.6535	443.0725	631.0981	735.3531	830.6575	908.2945	976.8762	1065.2	1157.855	1229.143	1308.39	1382.85	1463.768
285.7	0	0	0	0.1464735	7.000116	118.9287	442.3631	631.7199	735.5508	830.9839	908.5322	976.4897	1064.923	1158.896	1228.349	1309.234	1383.923	1463.768
285.8	0	0	0	0.1464735	7.000116	118.8599	443.2302	631.0981	735.0567	829.5692	908.8887	976.2321	1065.2	1158.599	1228.508	1309.74	1385.89	1464.901
285.9	0	0	0	0.1464735	6.941292	118.9287	443.0725	631.0093	734.3649	829.8957	909.364	977.6492	1065.339	1158.599	1227.237	1308.559	1386.248	1464.145
286	0	0	0	0.1464735	6.941292	118.9287	442.8361	631.3646	734.859	829.2427	909.1263	978.1645	1064.645	1158.748	1228.666	1307.883	1386.069	1466.978
286.1	0	0	0	0.1464735	6.882467	118.7223	442.6784	631.3646	735.1555	830.0045	908.1757	979.3239	1064.645	1159.045	1228.19	1307.377	1386.069	1466.033
286.2	0	0	0	0.1464735	6.941292	119.0664	442.1266	631.631	735.3531	829.5692	907.5815	978.8086	1063.396	1159.194	1227.555	1307.715	1386.605	1464.901
286.3	0	0	0	0.1464735	6.941292	119.0664	441.8113	631.4534	735.2543	829.7869	908.0569	978.0356	1062.979	1158.301	1227.078	1308.896	1388.036	1463.579
286.4	0	0	0	0.1464735	7.000116	119.0664	440.8654	631.5422	736.5391	829.678	908.651	978.4221	1063.951	1156.813	1226.125	1307.377	1387.857	1462.257
286.5	0	0	0	0.1464735	6.941292	119.4793	440.4713	631.0981	738.3179	829.5692	909.2451	976.4897	1063.673	1156.218	1225.331	1307.883	1387.321	1462.446
286.6	0	0	0	0.1464735	6.941292	119.6858	441.2596	630.654	738.2191	829.7869	907.938	976.7474	1064.229	1157.557	1224.537	1308.052	1387.142	1463.956
286.7	0	0	0	0.1464735	6.941292	119.3417	441.7325	629.9434	738.0214	828.8074	908.4133	975.7168	1063.257	1156.366	1224.06	1308.728	1386.069	1463.39
286.8	0	0	0	0.1464735	6.941292	119.4105	442.1266	629.7657	738.4167	829.2427	908.1757	976.1033	1063.535	1156.515	1225.331	1307.546	1385.89	1464.334
286.9	0	0	0	0.1464735	6.823643	119.4105	442.5996	629.8546	737.6261	827.828	907.8192	976.1033	1063.535	1156.962	1225.172	1307.039	1384.817	1464.334
287	0	0	0	0.1464735	6.823643	119.2729	442.3631	629.9434	736.2426	827.3927	908.2945	975.9744	1062.146	1157.11	1223.902	1306.87	1385.532	1464.145
287.1	0	0	0	0.1464735	6.823643	119.204	442.5208	629.8546	736.3414	828.481	908.0569	975.9744	1061.73	1157.557	1221.678	1305.689	1385.353	1465.278
287.2	0	0	0	0.1464735	6.823643	119.3417	443.4667	630.121	737.132	828.0457	908.7698	976.2321	1062.285	1158.301	1221.678	1305.858	1385.353	1466.6
287.3	0	0	0	0.1464735	6.764818	119.4793	444.1761	630.8317	737.2308	828.3721	908.0569	975.0727	1063.118	1156.813	1222.313	1305.689	1385.532	1465.089
287.4	0	0	0	0.1464735	6.823643	119.5482	443.6243	630.7428	737.2308	828.0457	908.5322	974.4286	1063.396	1156.515	1221.996	1305.351	1385.711	1464.901
287.5	0	0	0	0.1464735	6.941292	119.0664	444.0184	631.7199	736.2426	827.828	909.2451	974.2997	1063.535	1157.408	1223.266	1306.533	1387.321	1465.278
287.6	0	0	0	0.1464735	6.941292	119.0664	444.2549	632.2528	736.6379	828.3721	908.5322	974.4286	1063.812	1158.152	1222.79	1305.52	1387.857	1464.712
287.7	0	0	0	0.1464735	6.941292	119.617	444.0973	631.4534	738.1202	827.3927	908.7698	975.7168	1063.396	1157.259	1223.902	1306.702	1388.036	1464.145
287.8	0	0	0	0.09764901	7.000116	119.8235	443.7032	631.8975	737.8237	826.8486	907.7004	975.7168	1063.535	1158.599	1224.378	1305.182	1386.784	1463.39
287.9	0	0	0	0.09764901	7.000116	119.9611	444.0973	630.3875	737.4285	826.8486	906.7498	975.588	1063.535	1159.789	1223.584	1304.676	1388.036	1462.823
288	0	0	0	0.09764901	7.000116	119.8923	443.9396	630.8317	737.132	826.4133	905.7992	977.0051	1064.229	1158.003	1222.79	1304.169	1387.678	1463.768
288.1	0	0	0	0.09764901	7.058941	120.0299	443.5455	631.631	736.5391	826.7397	906.5121	977.9068	1063.118	1158.599	1222.155	1304.169	1386.426	1464.901
288.2	0	0	0	0.09764901	7.000116	119.9611	443.8608	631.0981	737.7249	825.6516	907.2251	976.6186	1062.007	1159.789	1221.36	1305.013	1386.784	1462.823
288.3	0	0	0	0.09764901	7.000116	120.0988	443.6243	629.6769	737.6261	826.0868	906.3933	976.8762	1062.424	1159.938	1220.884	1302.988	1386.605	1465.278
288.4	0	0	0	0.09764901	7.117765	119.8923	444.1761	629.6769	737.5273	826.3044	906.1557	975.9744	1062.146	1159.492	1221.837	1302.65	1386.963	1465.089
288.5	0	0	0	0.09764901	7.117765	120.0988	444.4126	630.2987	738.5155	827.2839	905.918	975.0727	1062.007	1159.045	1221.519	1302.143	1387.321	1464.334
288.6	0	0	0	0.09764901	7.117765	120.0988	443.7032	629.5881	738.812	826.8486	905.918	974.9438	1060.064	1157.408	1223.425	1303.325	1385.89	1464.901
288.7	0	0	0	0.09764901	7.117765	119.7546	444.3337	629.2328	738.3179	826.7397	905.6804	974.9438	1059.231	1156.515	1224.06	1304.507	1385.711	1465.278
288.8	0	0	0	0.09764901	7.058941	119.7546	443.8608	629.144	738.3179	827.5015	906.1557	974.2997	1059.647	1156.366	1223.266	1303.832	1383.386	1465.089
288.9	0	0	0	0.09764901	7.058941	120.0988	443.1514	628.3445	738.4167	827.3927	904.3733	973.7844	1060.758	1155.325	1223.108	1303.325	1384.459	1465.278
289	0	0	0	0.09764901	7.117765	119.9611	443.1514	627.9893	738.3179	827.175	904.9674	972.7538	1060.619	1156.962	1223.266	1302.65	1385.532	1463.768
289.1	0	0	0	0.09764901	7.176589	119.8235	443.0725	627.1898	738.5155	826.5221	904.4921	972.4962	1060.342	1157.11	1222.949	1303.832	1385.353	1464.145
289.2	0	0	0	0.09764901	7.117765	119.4105	442.6784	627.2787	738.2191	826.3044	904.9674	971.9809	1060.203	1156.813	1222.949	1300.624	1386.605	1463.579
289.3	0	0	0	0.09764901	7.058941	119.2729	442.442	626.4792	738.2191	825.7604	904.3733	971.8521	1059.231	1156.813	1222.79	1301.806	1384.996	1465.278
289.4	0	0	0	0.09764901	7.000116	119.204	442.3631	627.3675	737.3297	825.7604	903.6603	972.2385	1061.036	1156.366	1221.36	1302.143	1383.565	1464.712
289.5	0	0	0	0.09764901	7.000116	119.2729	442.2843	627.7228	737.0331	825.978	904.4921	971.0791	1061.036	1156.813	1220.884	1302.481	1380.704	1464.901
289.6	0	0	0	0.09764901	6.882467	119.1352	441.8113	627.4563	736.2426	825.6516	904.2545	972.1097	1060.758	1158.003	1221.519	1301.975	1381.598	1464.523
289.7	0	0	0	0.09764901	6.882467	118.9976	441.7325	627.634	734.859	824.9986	904.4921	973.2692	1061.452	1158.301	1219.455	1302.819	1382.135	1462.446
289.8	0	0	0	0.09764901	6.882467	118.8599	442.2843	627.4563	735.1555	825.5427	903.6603	973.3979	1060.48	1158.003	1220.884	1300.962	1382.135	1461.691
289.9	0	0	0	0.09764901	6.823643	118.7223	442.3631	627.9005	734.3649	825.2162	902.4721	972.625	1059.925	1156.962	1219.455	1300.793	1381.24	1458.292
290	0	0	0	0.09764901	6.705994	118.447	441.5749	628.1669	733.0802	825.1074	902.5909	972.8827	1059.647	1157.259	1220.09	1300.286	1379.631	1459.425
290.1	0	0	0	0.09764901	6.647169	118.447	441.7325	627.9005	733.0802	824.6721	901.7592	973.2692	1057.565	1157.11	1218.819	1302.65	1378.916	1462.446
290.2	0	0	0	0.09764901	6.705994	118.5158	441.8113	626.9233	732.5861	823.6927	903.3039	973.2692	1057.01	1156.962	1219.296	1302.65	1380.525	1463.579
290.3	0	0	0	0.09764901	6.705994	118.5158	441.4172	626.9233	732.8825	823.5839	902.9474	973.9133	1058.12	1156.962	1218.66	1302.819	1381.419	1462.823
290.4	0	0	0	0.09764901	6.882467	118.447	441.1019	626.0351	732.4872	824.2368	901.2839	974.9438	1058.814	1156.218	1218.978	1302.481	1379.81	1462.446
290.5	0	0	0	0.09764901	6.882467	118.5158	440.3137	625.5022	732.4872	823.9103	901.878	973.9133	1058.953	1155.027	1218.819	1302.481	1379.095	1463.201
290.6	0	0	0	0.09764901	6.941292	118.3782	439.9984	625.2357	731.9931	824.6721	902.8286	971.9809	1058.12	1154.432	1218.502	1301.975	1378.737	1462.635
290.7	0	0	0	0.09764901	7.000116	118.3782	439.5255	625.5022	732.9814	825.3251	902.7098	972.625	1058.259	1153.539	1219.455	1300.286	1377.306	1462.068
290.8	0	0	0	0.09764901	6.941292	118.447	439.0525	625.3245	732.8825	825.4339	903.4227	972.8827	1059.092	1153.539	1219.137	1302.65	1378.916	1459.991
290.9	0	0	0	0.09764901	6.941292	118.6535	439.0525	624.8804	733.2778	824.7809	903.6603	974.6862	1060.203	1153.539	1219.137	1303.156	1378.379	1457.348
291	0	0	0	0.09764901	6.941292	118.6535	438.816	625.058	733.4755	824.3456	903.898	973.3979	1060.064	1152.497	1219.613	1301.806	1378.022	1455.837
291.1	0	0	0	0.09764901	6.941292	118.7223	438.8948	625.3245	732.6849	824.3456	904.2545	973.9133	1060.619	1153.539	1220.09	1301.806	1378.379	1455.648
291.2	0	0	0	0.09764901	7.000116	118.6535	439.3678	625.7686	732.8825	824.3456	902.8286	971.8521	1059.37	1153.241	1219.296	1301.468	1378.022	1456.215
291.3	0	0	0	0.09764901	7.058941	118.6535	438.9737	624.7916	731.9931	824.5633	903.3039	971.3368	1059.37	1153.092	1217.549	1302.819	1377.843	1456.215
291.4	0	0	0	0.09764901	7.000116	118.6535	439.2101	625.3245	731.9931	824.6721	903.5416	970.8215	1058.12	1154.432	1217.072	1303.156	1378.558	1456.026
291.5	0	0	0	0.09764901	7.000116	118.447	438.6584	626.0351	730.7084	825.2162	902.3533	971.4656	1058.398	1154.134	1216.913	1301.637	1378.737	1456.97
291.6	0	0	0	0.09764901	7.000116	118.3782	438.5007	626.124	730.5107	825.1074	902.1157	971.2079	1057.565	1152.795	1218.819	1301.637	1378.2	1457.159
291.7	0	0	0	0.09764901	7.000116	118.5846	438.2643	626.124	731.3013	824.7809	901.2839	969.4044	1056.871	1152.795	1218.025	1300.286	1377.306	1458.103
291.8	0	0	0	0.09764901	7.000116	118.8599	438.0278	625.591	731.1037	823.475	900.8086	969.9197	1057.565	1152.795	1217.866	1300.793	1377.485	1455.459
291.9	0	0	0	0.09764901	7.000116	118.5846	437.476	625.5022	731.499	823.2574	901.5215	971.5944	1057.287	1153.092	1218.978	1300.286	1376.949	1454.515
292	0	0	0	0.09764901	7.000116	118.9976	437.2395	625.1469	730.3131	823.3662	901.6403	972.4962	1056.732	1152.199	1218.025	1301.806	1377.128	1451.683
292.1	0	0	0	0.09764901	6.882467	118.7223	437.9489	626.0351	730.3131	822.4956	902.2345	972.3674	1057.704	1153.688	1218.502	1302.481	1376.949	1451.872
292.2	0	0	0	0.09764901	6.705994	118.5158	437.6337	625.6798	728.8307	823.0397	902.3533	972.3674	1058.259	1154.581	1217.708	1300.962	1376.591	1451.116
292.3	0	0	0	0.09764901	6.764818	118.3782	437.476	625.2357	728.4354	823.3662	901.878	971.2079	1059.231	1153.836	1216.755	1302.312	1376.591	1449.417
292.4	0	0	0	0.09764901	6.705994	118.447	437.476	625.3245	728.139	822.9309	900.4521	971.0791	1059.925	1152.199	1217.708	1303.156	1375.518	1449.606
292.5	0	0	0	0.09764901	6.705994	118.2405	437.476	625.5022	728.0402	822.8221	899.858	972.7538	1060.342	1152.199	1217.866	1302.988	1375.876	1449.417
292.6	0	0	0	0.09764901	6.705994	118.3093	437.0031	625.4133	728.5342	824.0192	900.4521	973.3979	1059.509	1151.158	1218.343	1301.13	1375.697	1449.795
292.7	0	0	0	0.09764901	6.705994	118.3782	436.6089	625.6798	727.9413	823.475	900.4521	974.1709	1057.01	1150.86	1216.913	1301.13	1376.055	1451.116
292.8	0	0	0	0.09764901	6.705994	118.6535	435.8207	625.6798	728.7319	823.9103	901.878	973.6556	1055.344	1151.009	1218.184	1300.286	1375.518	1450.927
292.9	0	0	0	0.09764901	6.705994	118.7911	435.8995	626.2128	729.0284	823.3662	901.7592	972.7538	1056.316	1149.967	1216.278	1299.949	1374.982	1452.438
293	0	0	0	0.09764901	6.705994	118.7911	435.3477	626.8345	728.8307	822.0603	901.9968	971.4656	1057.01	1150.413	1216.913	1299.949	1376.77	1452.249
293.1	0	0	0	0.09764901	6.705994	118.7911	435.8207	626.4792	728.7319	821.8427	903.3039	970.9503	1055.76	1149.967	1218.66	1300.793	1378.558	1456.403
293.2	0	0	0	0.09764901	6.705994	118.7911	435.7419	626.8345	727.9413	822.4956	902.9474	971.3368	1056.316	1150.711	1218.343	1299.611	1380.704	1456.97
293.3	0	0	0	0.09764901	6.647169	118.5158	435.5054	626.9233	727.4472	821.1897	902.9474	971.0791	1057.704	1150.413	1219.931	1299.273	1381.062	1456.592
293.4	0	0	0	0.09764901	6.647169	118.5158	435.3477	627.8116	727.546	820.8632	902.4721	970.9503	1059.231	1150.86	1219.772	1299.949	1378.2	1457.159
293.5	0	0	0	0.09764901	6.647169	118.5846	435.1901	628.1669	727.9413	820.2103	901.5215	970.435	1057.982	1149.074	1218.819	1299.273	1376.233	1455.648
293.6	0	0	0	0.09764901	6.647169	118.5158	435.1113	627.9005	728.4354	820.1015	901.2839	970.5638	1057.843	1150.413	1218.343	1299.611	1375.876	1453.76
293.7	0	0	0	0.09764901	6.647169	118.8599	434.8748	627.9005	729.0284	821.4073	901.0462	970.5638	1057.704	1150.711	1217.866	1299.105	1375.876	1453.382
293.8	0	0	0	0.09764901	6.647169	118.7223	434.1654	627.3675	729.6213	820.8632	900.6898	969.4044	1056.593	1151.455	1217.549	1299.78	1375.518	1450.927
293.9	0	0	0	0.09764901	6.647169	118.8599	434.323	628.0781	729.0284	820.7544	901.0462	968.3738	1058.398	1151.455	1216.913	1298.26	1375.339	1450.172
294	0	0	0	0.09764901	6.647169	119.0664	433.5348	627.8116	729.4236	820.6456	900.9274	969.2756	1059.786	1149.521	1217.072	1297.585	1375.16	1450.739
294.1	0	0	0	0.09764901	6.705994	119.0664	433.1407	627.9893	730.6096	821.0809	900.0956	969.1467	1059.37	1148.776	1218.184	1297.923	1375.339	1449.228
294.2	0	0	0	0.09764901	6.705994	118.8599	433.456	627.9005	730.6096	821.2985	901.0462	969.0179	1058.814	1148.33	1217.231	1297.923	1376.233	1450.361
294.3	0	0	0	0.09764901	6.705994	118.7223	433.6924	627.7228	730.6096	820.8632	900.2145	967.9873	1058.676	1146.842	1215.96	1297.248	1376.412	1452.249
294.4	0	0	0	0.09764901	6.764818	118.5158	433.2983	628.4333	729.819	820.972	900.6898	968.8891	1057.982	1146.693	1216.755	1296.741	1376.233	1451.305
294.5	0	0	0	0.09764901	6.705994	118.447	433.6924	629.0552	729.6213	819.3397	900.4521	967.8585	1058.537	1146.693	1216.913	1295.222	1375.518	1451.305
294.6	0	0	0	0.09764901	6.705994	118.3782	433.6924	628.2557	729.4236	818.7956	900.8086	967.8585	1058.259	1145.205	1217.39	1296.234	1375.16	1452.627
294.7	0	0	0	0.09764901	6.705994	118.5846	434.1654	627.634	729.819	819.3397	901.2839	969.1467	1058.259	1143.716	1217.708	1297.248	1374.803	1453.571
294.8	0	0	0	0.09764901	6.647169	118.5846	434.9536	628.7887	728.5342	819.5574	900.6898	968.6315	1057.704	1143.27	1218.184	1295.559	1374.803	1452.816
294.9	0	0	0	0.1464735	6.647169	118.5846	434.8748	628.5222	728.2378	820.2103	900.8086	969.1467	1057.565	1143.568	1218.502	1295.728	1374.803	1452.438
295	0	0	0	0.1464735	6.764818	118.447	435.3477	628.3445	728.139	818.4691	901.2839	968.7603	1058.398	1142.972	1218.66	1296.572	1375.876	1452.627
295.1	0	0	0	0.1464735	6.647169	118.5846	435.5054	628.4333	728.5342	817.8162	901.2839	970.1774	1058.537	1143.121	1217.866	1297.079	1376.412	1453.193
295.2	0	0	0	0.1464735	6.647169	118.5846	435.1901	628.3445	727.3484	818.6868	901.5215	970.1774	1057.982	1142.823	1217.708	1297.754	1376.233	1452.249
295.3	0	0	0	0.1464735	6.588345	118.6535	434.6383	627.4563	726.9531	819.9927	900.3333	970.8215	1058.676	1142.228	1216.755	1295.559	1374.982	1451.683
295.4	0	0	0	0.1464735	6.470695	118.6535	435.3477	627.3675	726.9531	820.1015	899.9768	970.3062	1058.676	1141.335	1215.325	1295.222	1374.803	1450.739
295.5	0	0	0	0.1464735	6.52952	118.6535	435.0324	627.3675	726.5577	819.6662	901.0462	968.7603	1059.092	1140.74	1215.007	1295.053	1374.624	1449.606
295.6	0	0	0	0.1464735	6.52952	118.7223	435.8207	626.2128	726.4589	819.775	899.7391	969.2756	1058.12	1141.782	1216.278	1296.234	1374.803	1449.228
295.7	0	0	0	0.1464735	6.647169	118.5846	436.4513	626.124	726.3601	819.2309	900.5709	969.1467	1057.149	1140.889	1215.484	1295.222	1375.697	1448.85
295.8	0	0	0	0.1464735	6.647169	118.7223	436.2936	626.2128	726.3601	819.0132	900.4521	969.7909	1057.149	1142.228	1216.278	1295.559	1376.77	1449.039
295.9	0	0	0	0.1464735	6.647169	118.447	436.2936	626.0351	726.7554	819.775	899.0262	969.1467	1057.149	1142.228	1215.325	1295.728	1374.982	1450.172
296	0	0	0	0.1464735	6.588345	118.1717	435.8995	625.6798	726.6566	820.4279	899.6204	969.0179	1057.01	1141.335	1214.849	1296.572	1374.624	1449.795
296.1	0	0	0	0.1464735	6.647169	117.7587	436.136	625.8575	725.7672	820.5367	899.5015	969.7909	1057.01	1141.484	1215.007	1296.741	1374.445	1449.795
296.2	0	0	0	0.1464735	6.647169	117.6899	436.2936	625.6798	726.2613	819.775	899.0262	969.662	1057.149	1140.293	1214.849	1295.728	1375.339	1449.795
296.3	0	0	0	0.1464735	6.647169	117.8276	435.7419	625.5022	726.9531	820.5367	900.4521	969.4044	1056.316	1138.805	1214.849	1297.079	1374.803	1449.228
296.4	0	0	0	0.1464735	6.647169	118.034	434.4807	625.6798	727.2495	821.5162	901.6403	969.5332	1055.899	1138.954	1214.69	1298.936	1374.624	1451.494
296.5	0	0	0	0.1464735	6.647169	118.2405	434.323	625.3245	726.5577	820.972	901.2839	969.2756	1057.287	1138.656	1214.531	1299.273	1374.803	1452.06
296.6	0	0	0	0.1464735	6.588345	118.447	434.2442	625.3245	725.866	820.8632	901.2839	969.4044	1057.565	1138.359	1214.055	1297.923	1374.445	1453.382
296.7	0	0	0	0.1464735	6.588345	118.447	434.323	625.7686	726.3601	821.0809	901.7592	968.7603	1056.593	1138.805	1214.213	1297.248	1374.445	1452.627
296.8	0	0	0	0.1464735	6.588345	118.5846	433.9289	625.6798	726.1625	820.6456	900.9274	968.6315	1055.344	1139.103	1213.419	1298.429	1374.982	1452.816
296.9	0	0	0	0.1464735	6.588345	118.8599	434.7171	625.8575	724.3836	820.4279	901.0462	968.5026	1055.899	1139.698	1211.354	1297.923	1373.015	1453.571
297	0	0	0	0.1464735	6.588345	118.9287	434.6383	625.5022	724.6801	820.5367	901.0462	968.6315	1056.038	1139.252	1211.196	1299.442	1371.584	1453.382
297.1	0	0	0	0.1464735	6.647169	119.4793	434.2442	625.3245	724.5813	820.972	900.4521	968.3738	1056.732	1139.252	1210.56	1298.429	1372.836	1453.76
297.2	0	0	0	0.1464735	6.647169	119.5482	434.4019	624.7916	723.7906	820.7544	899.858	968.1161	1055.76	1138.656	1209.449	1297.248	1373.551	1452.816
297.3	0	0	0	0.1464735	6.647169	120.0988	434.4807	624.5251	725.0754	821.0809	899.3827	966.9567	1055.76	1140.145	1208.972	1296.066	1371.942	1452.06
297.4	0	0	0	0.1464735	6.647169	120.3052	434.6383	623.9033	724.7789	820.7544	899.3827	966.9567	1054.511	1141.037	1211.196	1295.559	1371.047	1451.494
297.5	0	0	0	0.1464735	6.764818	120.0988	434.8748	623.6368	723.1978	820.4279	899.858	965.282	1054.372	1140.591	1210.878	1296.066	1373.372	1451.305
297.6	0	0	0	0.1464735	6.764818	119.617	435.1113	623.4592	723.1978	819.775	900.0956	965.5397	1054.927	1140.74	1211.99	1295.39	1372.12	1449.417
297.7	0	0	0	0.1464735	6.764818	119.617	434.5595	623.0151	722.8024	820.4279	900.6898	966.055	1055.622	1140.591	1211.831	1295.222	1371.584	1450.739
297.8	0	0	0	0.1464735	6.764818	119.617	435.0324	622.3933	722.506	821.1897	900.0956	966.3126	1057.01	1142.675	1211.831	1294.04	1370.869	1450.361
297.9	0	0	0	0.1464735	6.705994	119.3417	434.8748	623.6368	722.8024	821.4073	900.5709	966.055	1057.426	1141.484	1211.513	1295.728	1370.153	1450.361
298	0	0	0	0.1464735	6.764818	119.204	434.2442	623.2816	722.8024	822.6044	900.5709	966.6991	1057.704	1142.079	1212.149	1296.403	1369.259	1450.927
298.1	0	0	0	0.1464735	6.882467	119.1352	433.7712	623.7256	723.0001	821.8427	901.165	965.6685	1057.426	1142.823	1210.56	1294.715	1368.723	1449.417
298.2	0	0	0	0.1464735	6.882467	118.9287	433.456	622.8374	722.506	821.8427	900.8086	964.2514	1057.843	1143.121	1209.29	1296.91	1369.974	1449.606
298.3	0	0	0	0.1464735	6.764818	119.4105	432.983	622.4821	722.3083	822.0603	900.9274	963.6073	1057.287	1144.014	1210.243	1294.209	1370.869	1448.095
298.4	0	0	0	0.1464735	6.764818	119.2729	433.2983	622.4821	721.8142	823.0397	900.6898	964.8956	1056.732	1144.609	1210.084	1294.546	1371.226	1448.095
298.5	0	0	0	0.1464735	6.764818	119.0664	433.0618	623.1039	721.3201	822.4956	901.165	964.1226	1057.287	1143.716	1209.29	1294.546	1371.047	1447.529
298.6	0	0	0	0.1464735	6.764818	119.4105	432.7465	623.0151	721.7154	821.8427	900.4521	962.5767	1056.454	1143.121	1208.972	1294.546	1370.69	1447.529
298.7	0	0	0	0.1464735	6.764818	119.617	432.983	623.1927	723.0989	821.4073	900.2145	962.319	1057.982	1142.675	1208.019	1294.715	1369.796	1445.64
298.8	0	0	0	0.1464735	6.764818	119.6858	432.7465	623.1039	723.0001	821.8427	902.2345	961.2885	1058.537	1142.972	1206.113	1294.209	1368.544	1443.941
298.9	0	0	0	0.1464735	6.764818	119.617	432.5101	622.7486	722.0118	821.4073	903.0662	961.2885	1057.704	1142.526	1205.319	1293.871	1368.186	1443.752
299	0	0	0	0.1464735	6.764818	119.204	432.983	623.1927	722.7036	820.7544	902.3533	960.902	1057.565	1142.377	1204.843	1293.871	1367.65	1445.263
299.1	0	0	0	0.1464735	6.764818	118.6535	432.9042	623.2816	721.913	819.2309	902.7098	959.3561	1057.843	1143.27	1206.431	1294.546	1368.186	1445.829
299.2	0	0	0	0.1464735	6.764818	118.5158	432.2736	622.8374	722.2095	819.2309	902.2345	959.6138	1058.676	1143.716	1207.702	1294.884	1366.577	1445.074
299.3	0	0	0	0.1464735	6.705994	118.5158	432.4312	621.7715	721.2213	819.3397	901.9968	960.3867	1057.704	1142.079	1208.655	1294.715	1366.756	1443.375
299.4	0	0	0	0.1464735	6.647169	118.9976	432.6677	621.5051	721.8142	818.7956	901.4027	960.6443	1057.565	1141.037	1208.972	1294.04	1365.862	1443.375
299.5	0	0	0	0.1464735	6.705994	118.9287	432.5889	621.2386	721.6165	819.775	900.9274	959.3561	1055.899	1141.93	1208.813	1293.196	1365.325	1442.997
299.6	0	0	0	0.1464735	6.764818	118.9287	432.3524	620.8833	722.4072	819.1221	901.2839	959.2273	1057.287	1141.782	1208.178	1293.027	1365.862	1443.941
299.7	0	0	0	0.1464735	6.764818	119.204	432.4312	621.4163	722.2095	818.7956	901.6403	958.9696	1057.149	1143.121	1208.496	1292.352	1366.398	1441.864
299.8	0	0	0	0.195298	6.764818	119.617	433.2983	621.2386	722.1107	819.1221	901.2839	958.8408	1055.899	1142.228	1206.749	1292.352	1367.471	1440.92
299.9	0	0	0	0.195298	6.764818	119.7546	433.2983	621.0609	721.1224	818.0338	899.2639	957.939	1055.622	1143.419	1205.954	1292.858	1369.08	1441.675
300	0	0	0	0.195298	6.705994	119.6858	433.5348	622.2156	721.4189	817.1632	899.145	958.0679	1054.233	1142.526	1205.319	1293.027	1367.65	1440.165
300.1	0	0	0	0.195298	6.705994	119.8923	434.1654	622.2156	720.3318	816.4014	899.0262	957.8102	1052.567	1142.526	1207.066	1293.365	1366.398	1439.787
300.2	0	0	0	0.195298	6.764818	119.9611	434.4019	621.6827	720.4307	817.925	898.1945	959.0984	1053.539	1142.526	1206.59	1293.365	1365.504	1439.032
300.3	0	0	0	0.195298	6.764818	119.5482	434.7171	621.7715	719.7389	817.4897	897.6003	960.3867	1052.845	1142.079	1206.749	1292.183	1365.504	1440.353
300.4	0	0	0	0.195298	6.764818	119.8923	434.9536	622.2156	720.7271	818.4691	897.9568	959.7426	1054.233	1141.484	1207.225	1293.871	1366.756	1442.808
300.5	0	0	0	0.195298	6.705994	119.4105	434.9536	622.1268	720.3318	817.925	898.5509	960.5155	1054.927	1141.782	1208.019	1293.027	1366.04	1441.864
300.6	0	0	0	0.195298	6.705994	119.4105	434.5595	622.571	721.0236	817.925	897.4815	960.0002	1054.789	1139.698	1208.496	1293.533	1366.04	1443.563
300.7	0	0	0	0.195298	6.705994	119.4793	434.6383	622.1268	721.4189	818.0338	897.4815	961.0308	1056.038	1140.889	1209.29	1292.014	1364.789	1444.319
300.8	0	0	0	0.195298	6.705994	119.5482	434.1654	622.6598	721.7154	818.1426	897.9568	962.8344	1054.927	1138.954	1207.86	1292.014	1365.325	1444.319
300.9	0	0	0	0.195298	6.764818	119.6858	434.0077	623.0151	721.3201	819.3397	898.6697	963.2208	1053.956	1138.507	1206.272	1292.352	1365.683	1443.375
301	0	0	0	0.195298	6.764818	119.6858	434.5595	622.6598	722.2095	819.2309	899.6204	962.9632	1053.956	1137.763	1206.431	1291.845	1366.04	1444.885
301.1	0	0	0	0.195298	6.764818	119.8235	435.8207	622.8374	721.913	819.775	897.4815	961.2885	1053.123	1136.573	1206.431	1289.819	1367.113	1443.375
301.2	0	0	0	0.195298	6.764818	120.0988	436.2936	622.3933	721.913	820.4279	899.145	961.5461	1052.012	1136.87	1206.749	1289.819	1366.398	1443.752
301.3	0	0	0	0.195298	6.823643	120.2364	436.6089	622.3045	720.7271	819.775	899.7391	961.1596	1051.596	1136.275	1205.954	1289.65	1366.219	1442.242
301.4	0	0	0	0.195298	6.823643	120.3741	436.6089	621.4163	720.233	819.1221	899.2639	961.9326	1051.734	1136.722	1205.796	1289.313	1366.04	1441.297
301.5	0	0	0	0.195298	6.823643	119.9611	437.0819	620.8833	720.6283	818.2515	898.6697	962.319	1052.151	1136.275	1205.796	1289.988	1367.471	1443.375
301.6	0	0	0	0.195298	6.823643	119.4105	437.3972	621.4163	720.7271	819.1221	898.5509	962.4479	1053.678	1134.34	1207.066	1289.988	1367.292	1443.941
301.7	0	0	0	0.195298	6.882467	119.5482	436.8454	621.7715	721.6165	819.3397	898.7886	961.6749	1052.567	1133.001	1207.066	1289.313	1366.935	1444.696
301.8	0	0	0	0.195298	6.882467	119.617	436.2936	622.571	721.3201	819.2309	899.2639	962.5767	1052.567	1134.787	1208.019	1289.988	1366.398	1445.074
301.9	0	0	0	0.195298	6.882467	119.7546	436.4513	622.4821	721.7154	818.7956	898.0756	962.319	1052.984	1133.745	1207.225	1289.144	1364.789	1444.13
302	0	0	0	0.195298	6.882467	119.6858	437.0031	620.9721	721.5177	818.5779	897.6003	961.6749	1054.511	1132.406	1206.431	1288.131	1364.967	1445.829
302.1	0	0	0	0.195298	6.882467	119.617	437.3972	621.5939	721.7154	818.5779	897.2438	962.1902	1055.066	1133.299	1206.907	1288.806	1365.146	1446.962
302.2	0	0	0	0.195298	6.882467	119.3417	437.6337	621.5051	721.913	818.3603	896.7686	962.0614	1054.233	1133.596	1207.225	1289.65	1364.61	1447.529
302.3	0	0	0	0.195298	6.882467	118.9287	437.6337	622.1268	721.913	817.5985	896.0556	961.4173	1055.483	1133.15	1207.384	1288.975	1363.179	1446.962
302.4	0	0	0	0.195298	6.882467	118.9287	436.9242	622.3045	721.8142	817.272	895.8179	961.5461	1054.511	1134.34	1206.749	1290.326	1363.179	1444.696
302.5	0	0	0	0.195298	6.823643	119.0664	437.3972	621.7715	722.8024	816.7279	895.4615	960.902	1054.789	1136.275	1205.796	1291.17	1362.106	1445.829
302.6	0	0	0	0.195298	6.764818	118.7223	437.1607	622.8374	722.7036	817.8162	895.9368	960.129	1055.483	1136.126	1204.843	1291.507	1362.643	1445.64
302.7	0	0	0	0.195298	6.764818	118.5158	437.1607	622.1268	723.3954	817.8162	895.6991	960.2579	1054.65	1135.531	1205.319	1291.17	1362.464	1445.263
302.8	0	0	0	0.195298	6.764818	118.034	437.2395	621.5939	722.4072	817.5985	894.8674	960.2579	1054.233	1135.233	1204.684	1289.819	1361.749	1444.885
302.9	0	0	0	0.195298	6.764818	117.9652	437.476	621.8604	721.6165	818.9044	894.7485	960.6443	1053.817	1134.489	1204.049	1289.988	1364.073	1443.375
303	0	0	0	0.195298	6.823643	118.5846	438.1066	621.8604	721.913	819.3397	894.7485	959.6138	1053.539	1134.638	1202.143	1292.352	1365.683	1443.186
303.1	0	0	0	0.195298	6.705994	118.5846	437.7913	622.571	722.2095	818.3603	893.9167	957.8102	1053.817	1133.447	1200.713	1293.702	1365.683	1442.997
303.2	0	0	0	0.195298	6.705994	118.6535	438.0278	622.2156	720.7271	817.5985	894.1544	956.9084	1054.927	1133.447	1200.872	1294.209	1364.789	1441.486
303.3	0	0	0	0.195298	6.705994	118.3782	437.7125	621.3274	720.3318	818.2515	893.6791	957.0372	1053.956	1134.936	1201.666	1292.689	1364.789	1442.053
303.4	0	0	0	0.195298	6.705994	118.5158	437.9489	621.1498	720.5295	818.0338	894.5109	958.4543	1053.678	1136.722	1203.413	1292.858	1365.146	1442.43
303.5	0	0	0	0.195298	6.823643	118.3782	437.7913	622.038	719.7389	816.9456	895.5803	957.2949	1052.845	1137.466	1201.666	1291.845	1365.504	1440.542
303.6	0	0	0	0.195298	6.823643	118.2405	438.1854	621.5051	719.7389	817.272	895.5803	957.2949	1052.012	1136.126	1201.666	1291.845	1366.04	1438.465
303.7	0	0	0	0.195298	6.882467	118.5158	438.3431	621.5939	719.4424	817.3809	896.5309	957.939	1051.318	1135.084	1201.666	1292.183	1366.04	1438.654
303.8	0	0	0	0.195298	6.882467	118.3782	438.1854	621.9492	719.3436	816.6191	895.9368	958.9696	1051.318	1133.15	1202.778	1291.339	1366.04	1437.521
303.9	0	0	0	0.195298	6.941292	118.7911	437.5548	622.038	719.2448	817.1632	896.0556	958.5831	1051.318	1135.233	1202.46	1291.676	1367.829	1437.71
304	0	0	0	0.195298	6.941292	118.9287	437.0819	622.1268	718.8494	815.8573	895.4615	957.939	1051.179	1135.68	1201.666	1291.17	1364.61	1439.032
304.1	0	0	0	0.195298	6.882467	119.0664	436.3725	621.5939	718.7506	814.5515	895.105	957.6814	1051.179	1137.019	1201.984	1289.819	1365.325	1440.542
304.2	0	0	0	0.195298	6.941292	119.2729	436.6089	620.8833	719.5412	812.9191	894.8674	957.8102	1051.318	1137.168	1202.302	1287.962	1364.431	1439.22
304.3	0	0	0	0.195298	6.882467	119.2729	435.7419	620.6168	719.5412	813.3544	895.2238	958.5831	1052.012	1137.763	1203.096	1288.3	1364.431	1439.409
304.4	0	0	0	0.195298	6.764818	119.4793	435.7419	620.4391	719.0471	812.4838	895.5803	958.3255	1051.179	1137.168	1202.302	1288.131	1364.61	1438.276
304.5	0	0	0	0.195298	6.823643	119.5482	435.8207	620.0839	718.8494	813.3544	895.8179	958.1967	1051.179	1137.466	1200.237	1286.443	1365.325	1439.409
304.6	0	0	0	0.195298	6.823643	119.9611	436.2936	619.7286	717.5648	813.8985	894.7485	958.0679	1051.457	1137.615	1200.237	1286.274	1364.431	1437.71
304.7	0	0	0	0.195298	6.764818	120.0299	435.8995	619.4621	717.7624	812.4838	893.9167	957.8102	1050.207	1137.615	1198.807	1285.767	1363.895	1437.71
304.8	0	0	0	0.195298	6.705994	120.0988	435.5054	619.9951	717.7624	812.4838	894.2733	957.6814	1050.207	1138.21	1199.919	1284.248	1363.716	1437.332
304.9	0	0	0	0.195298	6.764818	119.8923	435.9783	619.9063	718.4542	812.1573	894.5109	957.6814	1048.68	1137.912	1200.237	1283.235	1362.464	1436.954
305	0	0	0	0.195298	6.764818	119.6858	435.5054	619.6398	716.9718	811.2867	894.2733	959.0984	1048.958	1138.21	1200.396	1283.573	1363.179	1437.332
305.1	0	0	0	0.195298	6.764818	119.8235	435.8207	619.9951	716.6753	811.1779	894.9861	958.8408	1048.125	1139.252	1200.872	1283.742	1363	1437.521
305.2	0	0	0	0.195298	6.764818	120.2364	435.8995	620.1727	716.28	811.722	894.7485	958.3255	1047.431	1137.317	1201.349	1283.066	1362.643	1436.766
305.3	0	0	0	0.195298	6.764818	120.2364	435.5842	620.6168	716.6753	812.5926	894.2733	957.8102	1047.847	1137.466	1201.825	1282.053	1362.822	1437.521
305.4	0	0	0	0.195298	6.764818	120.1676	435.8995	621.2386	716.7741	812.7014	892.8474	956.9084	1048.125	1137.763	1201.031	1282.391	1363.895	1437.71
305.5	0	0	0	0.195298	6.764818	120.0988	436.0572	621.1498	717.8612	812.0485	892.2532	956.3931	1050.069	1138.656	1201.666	1280.703	1362.285	1441.297
305.6	0	0	0	0.195298	6.764818	119.7546	435.7419	620.8833	716.873	813.1367	891.0649	956.3931	1049.791	1138.21	1202.46	1282.729	1362.822	1442.242
305.7	0	0	0	0.195298	6.823643	119.4105	436.2148	620.6168	717.1694	812.9191	891.8967	956.1355	1048.958	1137.763	1202.46	1283.066	1361.749	1441.675
305.8	0	0	0	0.195298	6.823643	119.2729	435.9783	620.7945	717.5648	812.8102	891.6591	956.3931	1048.68	1136.722	1202.778	1284.248	1360.318	1440.731
305.9	0	0	0	0.195298	6.882467	119.4105	435.8995	620.528	717.6636	813.2455	891.4214	956.9084	1048.125	1137.019	1202.778	1283.91	1359.066	1439.409
306	0	0	0	0.195298	6.882467	119.204	435.1901	620.7945	717.3671	814.6603	891.0649	958.3255	1048.264	1135.382	1201.984	1282.222	1359.603	1439.787
306.1	0	0	0	0.195298	6.941292	118.9976	434.5595	620.528	717.6636	814.0073	890.5897	958.9696	1047.708	1134.787	1202.46	1280.196	1360.497	1438.276
306.2	0	0	0	0.195298	6.882467	118.8599	435.2689	621.5051	718.0588	813.7897	889.2826	958.5831	1048.403	1134.936	1201.825	1281.547	1359.603	1437.332
306.3	0	0	0	0.195298	7.000116	118.8599	435.0324	621.3274	718.0588	813.7897	889.5203	957.8102	1047.708	1134.043	1200.554	1282.053	1359.424	1436.577
306.4	0	0	0	0.195298	6.941292	118.3093	434.8748	621.5939	717.96	814.0073	889.4014	956.3931	1046.32	1133.596	1199.601	1281.716	1357.993	1436.577
306.5	0	0	0	0.195298	6.941292	118.3782	435.8207	620.7945	718.4542	813.4632	889.6391	957.0372	1045.626	1134.192	1199.284	1282.729	1357.993	1436.954
306.6	0	0	0	0.195298	6.882467	118.5846	435.4266	621.1498	718.1577	812.9191	888.332	956.9084	1045.904	1135.084	1200.554	1282.729	1358.709	1435.444
306.7	0	0	0	0.195298	6.882467	118.7223	435.2689	620.4391	717.6636	812.5926	888.0944	956.522	1045.487	1134.638	1199.601	1282.053	1359.066	1438.654
306.8	0	0	0	0.195298	6.882467	118.6535	435.5842	620.4391	717.0706	812.0485	888.332	956.6508	1044.793	1134.787	1201.507	1283.404	1359.066	1437.332
306.9	0	0	0	0.195298	6.882467	118.5158	435.4266	620.1727	717.8612	811.2867	888.0944	955.749	1044.516	1133.447	1199.919	1283.066	1358.53	1436.01
307	0	0	0	0.195298	6.882467	118.5158	435.3477	619.6398	718.2565	811.2867	889.1638	955.6202	1043.96	1134.34	1199.601	1283.404	1358.887	1436.01
307.1	0	0	0	0.195298	6.823643	118.447	435.1901	619.4621	717.7624	812.1573	889.6391	956.1355	1043.544	1132.406	1199.443	1283.404	1358.53	1435.822
307.2	0	0	0	0.195298	6.823643	118.7911	435.5054	620.1727	717.4659	812.3749	888.8073	954.4608	1043.544	1131.215	1198.013	1282.729	1356.384	1434.877
307.3	0	0	0	0.195298	6.823643	118.6535	434.6383	620.2615	717.2682	811.6132	888.8073	956.1355	1043.266	1131.661	1197.537	1283.066	1356.026	1432.612
307.4	0	0	0	0.195298	6.882467	118.8599	434.8748	619.1956	716.9718	812.1573	888.0944	956.9084	1044.377	1132.703	1194.519	1284.755	1355.49	1435.066
307.5	0	0	0	0.195298	6.823643	119.3417	435.1113	620.0839	717.5648	811.722	888.4508	957.1661	1044.377	1132.703	1193.09	1284.248	1354.774	1435.066
307.6	0	0	0	0.195298	6.764818	119.2729	435.7419	620.1727	717.1694	811.5043	888.332	957.4237	1043.821	1131.81	1192.454	1284.417	1355.311	1433.933
307.7	0	0	0	0.195298	6.764818	119.4105	435.3477	620.7056	717.4659	811.1779	888.9261	957.1661	1043.127	1132.554	1192.772	1283.742	1356.026	1433.367
307.8	0	0	0	0.195298	6.705994	119.4793	435.6631	621.3274	717.6636	811.3955	888.8073	956.9084	1042.572	1132.108	1193.725	1284.755	1355.49	1432.045
307.9	0	0	0	0.195298	6.647169	119.5482	435.1901	620.7056	718.7506	811.8308	889.4014	955.2337	1041.739	1131.513	1193.725	1284.248	1355.49	1432.045
308	0	0	0	0.195298	6.705994	119.1352	436.0572	621.1498	718.3553	813.0279	889.5203	954.4608	1041.878	1132.406	1194.043	1283.404	1354.238	1432.423
308.1	0	0	0	0.195298	6.764818	118.9976	436.0572	621.4163	718.3553	813.3544	888.9261	953.6878	1041.045	1132.257	1194.519	1284.586	1356.563	1432.423
308.2	0	0	0	0.195298	6.823643	119.1352	435.4266	620.9721	718.3553	811.9396	886.9061	954.0743	1042.156	1131.364	1193.566	1284.417	1355.311	1433.745
308.3	0	0	0	0.195298	6.941292	118.6535	435.4266	621.9492	718.3553	811.2867	886.1932	954.0743	1041.461	1130.917	1193.407	1283.742	1356.92	1432.8
308.4	0	0	0	0.195298	6.882467	118.5846	434.9536	622.2156	717.7624	811.722	884.6484	953.9454	1039.934	1132.406	1194.043	1285.261	1356.742	1433.178
308.5	0	0	0	0.195298	6.882467	118.7911	435.4266	622.2156	717.7624	812.0485	884.4108	954.5896	1039.24	1132.852	1194.043	1285.43	1355.669	1434.311
308.6	0	0	0	0.195298	6.941292	118.3093	434.4019	622.8374	717.7624	811.6132	883.3414	953.4302	1040.351	1131.513	1193.407	1283.742	1354.953	1435.444
308.7	0	0	0	0.195298	6.941292	118.5846	434.323	622.6598	717.6636	812.8102	883.579	954.0743	1040.629	1130.769	1193.407	1282.56	1355.311	1437.143
308.8	0	0	0	0.195298	7.000116	118.5846	434.0865	622.2156	718.0588	813.2455	884.0543	954.7184	1040.212	1131.661	1193.09	1283.066	1354.953	1435.822
308.9	0	0	0	0.195298	7.000116	118.3093	434.7171	622.7486	718.3553	812.7014	884.0543	953.4302	1040.351	1130.62	1192.772	1282.222	1356.026	1434.689
309	0	0	0	0.195298	7.000116	118.034	435.3477	622.2156	718.2565	811.8308	884.4108	953.1725	1040.073	1131.661	1192.296	1282.56	1355.49	1434.311
309.1	0	0	0	0.195298	6.941292	117.9652	435.3477	621.9492	718.9483	810.8514	884.4108	953.4302	1040.629	1130.322	1192.454	1281.885	1354.953	1434.5
309.2	0	0	0	0.195298	6.882467	117.8276	434.796	621.8604	718.3553	810.9602	884.0543	952.2708	1040.767	1130.024	1192.137	1282.56	1354.774	1433.933
309.3	0	0	0	0.195298	6.823643	117.9652	434.4019	620.7945	719.0471	810.5249	883.8167	953.0437	1040.767	1128.387	1192.454	1280.703	1355.132	1432.989
309.4	0	0	0	0.195298	6.823643	118.034	434.8748	620.0839	719.5412	811.069	884.4108	953.1725	1040.906	1128.983	1193.725	1279.352	1356.026	1432.612
309.5	0	0	0	0.195298	6.882467	118.1029	434.796	619.8174	718.6518	811.2867	884.7673	952.3996	1040.906	1129.578	1192.772	1279.352	1356.742	1431.479
309.6	0	0	0	0.195298	6.941292	118.3782	433.9289	619.3733	718.6518	810.9602	885.2426	951.6266	1042.156	1130.769	1191.819	1278.339	1357.636	1432.045
309.7	0	0	0	0.195298	6.941292	118.1029	433.6924	619.2844	719.3436	811.9396	885.4802	950.2095	1042.017	1131.513	1190.866	1279.014	1356.205	1432.8
309.8	0	0	0	0.195298	6.941292	118.1717	433.5348	619.1068	719.0471	810.9602	883.9355	950.3384	1041.739	1130.471	1192.296	1278.001	1356.563	1432.423
309.9	0	0	0	0.195298	7.000116	118.2405	433.1407	619.018	718.7506	810.7426	884.0543	949.9519	1041.323	1130.62	1191.343	1277.664	1355.669	1433.933
310	0	0	0	0.195298	7.000116	118.2405	433.2195	619.2844	719.2448	809.6543	884.6484	949.6943	1042.017	1129.727	1190.866	1275.638	1355.311	1432.045
310.1	0	0	0	0.195298	7.000116	118.3782	432.3524	619.3733	718.2565	808.8926	885.1237	949.4366	1042.017	1129.876	1190.707	1276.482	1354.238	1431.667
310.2	0	0	0	0.195298	6.941292	118.7223	432.9042	618.3074	717.4659	808.2396	885.7178	950.8537	1039.934	1129.131	1190.231	1276.82	1354.596	1431.667
310.3	0	0	0	0.195298	6.941292	118.7223	433.1407	617.8633	717.4659	807.1514	885.2426	949.8231	1040.906	1130.024	1191.501	1279.183	1352.986	1430.912
310.4	0	0	0	0.195298	6.941292	118.6535	433.8501	617.5079	717.2682	806.6072	884.292	950.3384	1041.878	1128.834	1191.025	1278.508	1352.45	1431.29
310.5	0	0	0	0.195298	6.941292	118.3782	433.1407	617.6856	717.1694	807.6955	883.3414	950.8537	1042.017	1128.387	1192.454	1278.677	1352.986	1430.723
310.6	0	0	0	0.195298	6.882467	118.5158	432.6677	617.9521	716.9718	807.369	884.292	952.0131	1041.184	1128.834	1192.454	1279.183	1352.629	1431.856
310.7	0	0	0	0.1464735	6.882467	118.9287	432.5101	617.9521	717.0706	806.9337	883.1037	953.1725	1041.323	1128.685	1193.249	1279.183	1352.271	1430.534
310.8	0	0	0	0.1464735	6.882467	119.2729	432.4312	618.3074	717.2682	808.022	883.2225	953.559	1039.796	1130.769	1194.36	1281.209	1353.344	1431.101
310.9	0	0	0	0.1464735	6.882467	119.204	432.1948	617.6856	718.4542	807.2602	882.9849	952.2708	1040.351	1129.727	1193.09	1281.547	1352.807	1432.612
311	0	0	0	0.1464735	6.882467	118.9976	431.4065	616.975	718.1577	807.1514	882.9849	951.8843	1040.073	1130.471	1193.725	1281.04	1352.45	1431.667
311.1	0	0	0	0.1464735	6.882467	119.1352	431.2489	617.3303	717.6636	806.9337	881.3214	952.6572	1039.518	1130.62	1194.519	1281.209	1353.165	1430.723
311.2	0	0	0	0.195298	6.882467	118.9287	430.9336	617.5079	717.8612	807.8043	882.0343	952.1419	1039.379	1131.661	1195.313	1279.859	1355.669	1429.779
311.3	0	0	0	0.195298	6.882467	118.7223	432.0371	617.7744	717.7624	807.8043	880.9649	952.0131	1040.629	1130.322	1194.043	1278.677	1355.847	1429.779
311.4	0	0	0	0.195298	6.882467	118.9976	432.1159	618.0409	717.6636	808.022	881.559	952.7861	1041.323	1129.876	1194.837	1278.677	1355.669	1427.513
311.5	0	0	0	0.2441225	6.941292	119.3417	431.8006	617.0638	718.3553	808.5661	882.3908	951.369	1041.6	1127.941	1195.313	1280.196	1356.205	1427.513
311.6	0	0	0	0.2441225	6.941292	119.204	432.7465	617.4191	718.1577	809.3278	883.1037	951.4978	1042.294	1127.941	1194.996	1280.534	1356.384	1428.835
311.7	0	0	0	0.2441225	6.941292	119.0664	432.8253	616.7086	718.4542	808.8926	883.6979	950.596	1041.878	1126.006	1194.36	1280.365	1353.702	1428.835
311.8	0	0	0	0.2441225	6.941292	118.7223	433.5348	616.7086	718.1577	808.4573	883.3414	949.5654	1042.156	1125.411	1193.725	1279.859	1355.49	1428.457
311.9	0	0	0	0.2441225	6.941292	119.1352	432.7465	616.5309	718.8494	808.3484	883.3414	948.406	1041.878	1126.602	1193.884	1278.846	1356.205	1426.947
312	0	0	0	0.2441225	6.941292	119.3417	433.6136	617.3303	718.553	808.5661	884.5296	948.0195	1042.156	1124.964	1193.407	1279.014	1355.847	1426.947
312.1	0	0	0	0.2441225	6.941292	119.7546	433.1407	616.7974	719.0471	808.1308	884.6484	946.8601	1041.045	1125.56	1194.043	1279.859	1355.847	1426.758
312.2	0	0	0	0.2441225	6.941292	119.617	432.5889	617.3303	719.1459	808.022	885.1237	947.1177	1041.323	1126.899	1194.043	1280.027	1355.669	1426.192
312.3	0	0	0	0.2441225	6.941292	119.4105	433.1407	617.8633	717.8612	809.0014	886.4308	946.989	1041.461	1127.048	1192.296	1279.014	1355.847	1426.758
312.4	0	0	0	0.2441225	6.941292	119.0664	432.983	617.5968	718.0588	809.0014	885.7178	947.7619	1042.433	1126.155	1191.501	1277.664	1355.132	1424.87
312.5	0	0	0	0.2441225	6.941292	118.9287	432.8253	616.7086	716.9718	809.0014	885.7178	947.7619	1042.433	1126.155	1191.501	1277.157	1354.596	1424.681
312.6	0	0	0	0.2441225	7.000116	118.9287	432.5889	615.8203	716.4777	810.4161	885.7178	946.7313	1042.85	1127.197	1190.707	1276.144	1355.132	1423.359
312.7	0	0	0	0.2441225	7.000116	118.7223	432.983	615.0209	716.4777	810.9602	884.6484	946.216	1042.85	1127.346	1191.66	1274.963	1355.311	1423.17
312.8	0	0	0	0.2441225	7.000116	118.7911	432.8253	615.1097	716.5765	810.8514	882.5096	945.9584	1042.711	1126.602	1190.866	1277.495	1355.847	1422.604
312.9	0	0	0	0.2441225	6.941292	118.5158	432.7465	615.1097	717.0706	810.0896	882.272	945.7007	1042.294	1126.453	1190.707	1276.651	1356.205	1423.359
313	0	0	0	0.2441225	6.941292	118.7911	432.8253	614.7544	717.2682	809.6543	882.272	945.0566	1042.156	1127.346	1190.866	1277.157	1354.953	1424.114
313.1	0	0	0	0.2441225	7.000116	118.7911	432.6677	615.3762	717.0706	809.3278	882.6284	945.9584	1042.711	1126.602	1192.137	1275.976	1352.986	1426.192
313.2	0	0	0	0.2441225	7.058941	118.8599	433.2195	615.5538	716.1812	809.7631	882.5096	947.6331	1039.796	1126.75	1191.66	1275.638	1351.734	1425.814
313.3	0	0	0	0.2441225	7.058941	118.8599	433.0618	615.7314	714.8965	809.8719	882.9849	946.989	1038.685	1126.155	1191.978	1275.807	1351.377	1425.247
313.4	0	0	0	0.2441225	7.058941	119.0664	432.4312	616.6197	714.6989	811.2867	882.1531	945.9584	1038.824	1126.453	1190.072	1275.807	1351.913	1424.114
313.5	0	0	0	0.2441225	7.000116	119.1352	432.5889	616.7086	713.6118	811.2867	881.9155	945.9584	1038.685	1125.411	1191.025	1275.638	1354.059	1424.87
313.6	0	0	0	0.2441225	7.000116	118.8599	431.17	617.0638	713.2164	810.8514	881.9155	945.5719	1038.963	1125.709	1191.184	1274.456	1351.913	1424.303
313.7	0	0	0	0.2441225	7.058941	118.7911	431.2489	617.0638	713.3153	810.7426	882.3908	946.6025	1038.13	1125.857	1193.09	1274.456	1351.198	1424.492
313.8	0	0	0	0.2441225	7.117765	118.7911	431.0912	617.0638	713.7106	810.1984	881.7966	947.1177	1036.603	1125.411	1193.407	1275.3	1350.483	1425.625
313.9	0	0	0	0.2441225	7.058941	118.3093	431.3277	618.0409	712.92	809.7631	880.7272	947.2466	1036.603	1124.964	1194.36	1275.469	1349.589	1426.38
314	0	0	0	0.2441225	7.000116	118.447	431.7218	617.9521	713.0188	809.8719	881.0837	946.8601	1037.019	1126.304	1192.931	1274.287	1349.052	1425.436
314.1	0	0	0	0.2441225	7.000116	118.2405	431.8006	617.9521	712.0306	809.1102	881.559	946.3448	1037.158	1127.643	1193.725	1273.443	1348.873	1427.136
314.2	0	0	0	0.2441225	7.000116	117.8276	431.2489	618.7515	713.2164	809.4366	881.7966	946.3448	1036.047	1128.09	1192.613	1274.794	1349.052	1426.38
314.3	0	0	0	0.2441225	7.000116	118.1717	430.9336	618.9291	714.4023	810.4161	882.272	946.4736	1034.798	1127.792	1191.978	1275.469	1348.873	1426.569
314.4	0	0	0	0.2441225	7.058941	117.9652	430.6183	619.018	714.7977	809.6543	882.5096	946.0872	1036.603	1126.453	1193.09	1275.3	1348.516	1426.003
314.5	0	0	0	0.2441225	7.058941	118.034	430.8547	618.6627	714.4023	809.6543	882.6284	944.9277	1035.353	1126.602	1192.296	1274.794	1347.443	1426.003
314.6	0	0	0	0.2441225	7.058941	118.1029	431.0912	618.7515	714.7977	810.4161	880.7272	944.1548	1034.659	1126.453	1191.66	1274.794	1346.549	1424.681
314.7	0	0	0	0.2441225	7.058941	117.8964	430.7759	618.2186	713.6118	809.8719	881.0837	944.2836	1034.104	1128.09	1193.884	1275.3	1347.443	1424.114
314.8	0	0	0	0.2441225	7.117765	118.034	430.7759	618.5739	713.6118	810.6337	880.3708	942.6089	1034.381	1127.941	1194.678	1274.287	1347.085	1424.87
314.9	0	0	0	0.2441225	7.117765	118.034	431.17	617.4191	713.8094	810.4161	882.1531	943.5107	1034.381	1126.453	1194.36	1275.131	1347.621	1426.569
315	0	0	0	0.2441225	7.117765	117.9652	431.5642	617.1526	714.2047	810.0896	882.7473	943.7683	1033.826	1125.411	1194.201	1275.131	1349.052	1427.136
315.1	0	0	0	0.2441225	7.117765	117.9652	430.9336	616.975	715.1929	810.7426	882.3908	944.5413	1033.548	1125.709	1195.313	1275.3	1349.767	1424.492
315.2	0	0	0	0.2441225	7.117765	118.447	430.0665	616.0868	715.1929	810.7426	882.3908	944.799	1032.299	1125.709	1195.313	1274.963	1351.377	1424.114
315.3	0	0	0	0.2441225	7.235414	118.7223	430.0665	616.2644	714.6	810.5249	882.7473	944.9277	1030.633	1124.964	1194.678	1273.443	1351.019	1425.059
315.4	0	0	0	0.2441225	7.294239	118.7223	430.7759	615.9091	714.7977	809.0014	884.0543	945.3142	1030.494	1124.667	1196.266	1273.95	1349.767	1423.737
315.5	0	0	0	0.2441225	7.294239	118.6535	430.6183	616.1756	713.7106	807.9131	882.9849	944.2836	1030.078	1124.518	1195.79	1273.612	1348.873	1421.849
315.6	0	0	0	0.2441225	7.353063	118.8599	430.303	616.2644	714.6	808.2396	881.9155	944.799	1030.217	1124.816	1195.313	1273.443	1349.41	1420.527
315.7	0	0	0	0.2441225	7.353063	118.9287	431.3277	616.1756	714.0071	807.4778	882.0343	944.1548	1031.188	1124.518	1194.36	1274.119	1348.873	1421.849
315.8	0	0	0	0.2441225	7.353063	118.8599	431.2489	615.9979	713.8094	808.3484	881.559	943.6395	1031.744	1123.923	1195.313	1273.106	1347.443	1421.471
315.9	0	0	0	0.2441225	7.353063	118.9287	431.4854	616.3533	713.5129	808.3484	880.4896	945.1854	1031.883	1123.476	1195.472	1273.274	1348.337	1421.66
316	0	0	0	0.2441225	7.353063	118.9976	431.8795	616.3533	714.6	808.4573	880.3708	944.9277	1032.438	1122.286	1194.201	1273.443	1347.621	1420.904
316.1	0	0	0	0.2441225	7.353063	119.1352	432.1159	616.8862	714.9953	809.0014	880.3708	944.799	1032.299	1122.881	1193.407	1274.456	1346.906	1419.205
316.2	0	0	0	0.2441225	7.411888	118.9976	432.2736	616.4421	715.1929	808.4573	880.7272	944.799	1032.299	1121.69	1192.931	1274.794	1346.191	1419.583
316.3	0	0	0	0.2441225	7.411888	118.5158	432.9042	616.6197	715.6871	808.1308	879.4202	944.2836	1032.715	1121.988	1193.407	1274.456	1346.37	1420.149
316.4	0	0	0	0.2441225	7.411888	118.5158	432.8253	615.9091	714.6	806.8249	878.4695	943.7683	1032.16	1120.649	1192.772	1273.443	1346.906	1419.394
316.5	0	0	0	0.2441225	7.411888	118.3782	432.9042	615.5538	714.6989	806.1719	878.4695	942.9954	1032.16	1120.351	1192.454	1272.768	1347.264	1420.527
316.6	0	0	0	0.2441225	7.411888	118.447	432.4312	615.7314	713.4141	806.0631	878.4695	945.1854	1030.494	1120.351	1192.931	1272.43	1345.833	1419.96
316.7	0	0	0	0.2441225	7.353063	118.3782	431.4854	615.7314	713.8094	807.0425	878.3508	945.4431	1031.05	1121.095	1193.249	1273.106	1346.549	1419.394
316.8	0	0	0	0.2441225	7.411888	118.2405	431.3277	615.5538	713.3153	807.1514	878.3508	944.9277	1030.772	1121.839	1192.613	1270.742	1346.37	1417.506
316.9	0	0	0	0.2441225	7.411888	118.3782	431.0912	614.9321	713.1176	807.0425	878.2319	946.0872	1032.021	1121.095	1190.866	1269.898	1346.191	1416.939
317	0	0	0	0.2441225	7.529537	118.3782	431.643	614.7544	714.6	806.3896	878.3508	944.799	1033.41	1121.988	1190.548	1269.223	1344.939	1416.939
317.1	0	0	0	0.2441225	7.470712	118.7223	431.17	615.0209	714.6989	806.1719	877.9943	945.0566	1034.52	1122.434	1190.866	1269.729	1345.654	1416.373
317.2	0	0	0	0.2441225	7.529537	118.8599	430.7759	615.465	715.1929	805.3013	877.519	946.0872	1034.52	1121.542	1191.978	1268.716	1347.264	1417.694
317.3	0	0	0	0.2441225	7.529537	119.204	430.5395	616.2644	714.2047	805.4102	878.2319	945.7007	1034.381	1121.839	1191.66	1268.379	1346.37	1417.694
317.4	0	0	0	0.2441225	7.529537	119.204	429.9088	615.9979	713.6118	805.8455	878.7072	944.1548	1034.381	1122.137	1190.866	1268.885	1343.151	1417.694
317.5	0	0	0	0.2441225	7.529537	119.2729	429.83	615.3762	713.2164	805.8455	878.4695	944.6701	1034.381	1122.583	1191.025	1268.716	1343.866	1417.694
317.6	0	0	0	0.2441225	7.529537	119.3417	429.83	615.1097	712.5247	805.9543	879.6578	944.1548	1034.243	1123.327	1190.707	1268.716	1343.33	1418.827
317.7	0	0	0	0.2441225	7.529537	119.2729	429.5147	616.5309	712.92	805.3013	879.6578	945.3142	1033.132	1123.327	1191.025	1270.236	1342.793	1419.016
317.8	0	0	0	0.2441225	7.529537	119.2729	428.8053	616.4421	713.2164	805.7366	879.8954	944.799	1034.243	1122.434	1191.501	1271.08	1344.224	1418.261
317.9	0	0	0	0.2441225	7.529537	119.2729	428.0959	616.7974	713.4141	806.3896	879.3013	944.5413	1033.271	1122.137	1190.548	1270.742	1344.224	1417.883
318	0	0	0	0.2441225	7.470712	119.0664	427.623	616.7974	714.6989	806.0631	878.9449	944.5413	1032.438	1122.137	1190.39	1271.417	1343.687	1417.694
318.1	0	0	0	0.2441225	7.470712	119.204	427.4653	617.5968	714.4023	804.6484	878.3508	945.8295	1031.744	1121.244	1190.072	1271.755	1344.939	1418.639
318.2	0	0	0	0.2441225	7.470712	119.4105	427.3865	617.4191	714.8965	804.3219	879.1825	945.8295	1030.772	1123.327	1190.231	1272.599	1344.581	1417.506
318.3	0	0	0	0.2441225	7.353063	119.5482	427.2288	618.485	714.5012	805.1925	879.6578	945.7007	1029.106	1123.03	1190.707	1272.599	1345.833	1418.827
318.4	0	0	0	0.2441225	7.353063	119.204	426.8347	618.2186	715.2917	803.8866	878.7072	946.4736	1030.772	1122.583	1189.278	1273.612	1345.654	1419.583
318.5	0	0	0	0.2441225	7.353063	119.0664	426.6771	617.5079	714.8965	802.9072	878.9449	946.989	1031.605	1122.286	1188.325	1272.43	1345.118	1419.394
318.6	0	0	0	0.2441225	7.353063	119.1352	427.15	617.0638	714.6989	802.7984	877.9943	947.3754	1032.993	1123.625	1188.166	1271.249	1344.76	1419.205
318.7	0	0	0	0.292947	7.411888	118.9287	426.7559	617.0638	714.8965	802.7984	878.1131	947.3754	1033.271	1123.03	1189.119	1269.223	1345.297	1419.583
318.8	0	0	0	0.292947	7.353063	118.7911	427.2288	617.5079	715.1929	803.0161	878.1131	948.2772	1033.132	1122.137	1188.96	1267.366	1345.654	1419.394
318.9	0	0	0	0.292947	7.353063	119.0664	426.8347	617.1526	715.7859	803.1249	878.9449	948.1484	1032.715	1121.095	1188.325	1267.872	1345.297	1418.827
319	0	0	0	0.292947	7.294239	118.9976	426.9923	616.975	715.1929	802.6896	877.7566	948.7925	1032.438	1120.202	1188.007	1266.859	1344.76	1417.883
319.1	0	0	0	0.292947	7.294239	118.7911	426.9923	616.5309	715.6871	802.4719	877.8754	949.4366	1032.993	1120.351	1186.26	1266.184	1345.833	1417.128
319.2	0	0	0	0.292947	7.353063	118.8599	426.4406	616.975	715.8847	803.7778	878.3508	948.7925	1032.715	1120.053	1186.578	1264.496	1344.224	1417.506
319.3	0	0	0	0.292947	7.353063	119.3417	426.5194	616.4421	716.1812	804.3219	879.0637	949.6943	1033.826	1119.756	1185.466	1265.34	1344.581	1416.373
319.4	0	0	0	0.292947	7.353063	119.204	426.4406	616.8862	715.8847	804.3219	879.4202	948.2772	1033.271	1119.458	1185.625	1267.028	1343.151	1416.373
319.5	0	0	0	0.292947	7.353063	119.0664	426.5982	616.975	714.6	803.0161	879.6578	948.9213	1032.854	1119.011	1187.213	1266.521	1342.078	1415.806
319.6	0	0	0	0.292947	7.353063	119.0664	426.2829	616.1756	713.8094	803.6689	879.7766	949.179	1033.132	1119.309	1185.943	1264.833	1342.793	1416.561
319.7	0	0	0	0.292947	7.353063	118.9976	426.6771	616.0868	713.4141	802.7984	878.826	947.3754	1034.104	1120.053	1186.419	1264.158	1342.436	1417.506
319.8	0	0	0	0.292947	7.470712	119.204	426.9923	615.6426	713.3153	802.5807	878.5884	948.1484	1033.271	1119.458	1186.896	1264.496	1341.541	1415.051
319.9	0	0	0	0.292947	7.529537	119.0664	427.5441	615.3762	713.1176	802.2543	877.8754	947.5042	1033.132	1119.16	1186.578	1264.833	1339.396	1417.506
320	0	0	0	0.292947	7.470712	119.204	427.7018	614.6656	713.1176	800.9484	877.8754	947.7619	1032.438	1118.863	1187.054	1265.002	1340.111	1415.617
320.1	0	0	0	0.292947	7.588361	119.2729	427.3076	613.955	713.1176	799.4248	877.4001	947.2466	1032.438	1118.565	1186.578	1264.158	1341.363	1415.806
320.2	0	0	0	0.292947	7.588361	119.204	428.0959	614.3103	713.4141	799.8601	876.0931	947.1177	1031.327	1120.946	1185.625	1264.496	1341.184	1417.128
320.3	0	0	0	0.2441225	7.529537	119.4105	427.8594	613.5997	714.2047	800.8395	875.2613	947.5042	1031.605	1119.607	1186.26	1263.989	1340.647	1416.939
320.4	0	0	0	0.2441225	7.529537	119.0664	428.2535	613.3332	714.5012	801.2748	873.7166	946.989	1032.021	1119.904	1185.943	1266.69	1340.29	1415.617
320.5	0	0	0	0.2441225	7.529537	118.8599	427.7806	613.8661	715.1929	801.166	873.7166	947.3754	1032.854	1118.267	1186.737	1267.197	1341.005	1416.184
320.6	0	0	0	0.2441225	7.529537	118.8599	427.4653	613.5109	714.3035	800.9484	874.3107	946.989	1032.715	1117.672	1185.943	1267.197	1339.932	1416.184
320.7	0	0	0	0.2441225	7.588361	118.7223	427.0712	612.6226	714.5012	799.316	875.499	945.9584	1032.577	1118.267	1186.578	1266.353	1339.574	1415.051
320.8	0	0	0	0.2441225	7.647186	118.6535	426.5194	612.2673	714.6989	799.8601	875.499	944.6701	1032.438	1118.565	1186.737	1266.353	1339.574	1416.184
320.9	0	0	0	0.2441225	7.647186	119.1352	426.2829	612.0009	715.0941	800.1866	876.4495	944.026	1032.577	1119.16	1185.784	1264.327	1339.217	1417.506
321	0	0	0	0.2441225	7.647186	119.4793	427.2288	611.7344	715.8847	800.7307	875.6178	944.2836	1031.466	1119.756	1184.354	1264.833	1340.111	1416.939
321.1	0	0	0	0.2441225	7.588361	119.7546	427.0712	612.3561	716.6753	801.7101	875.0237	943.8972	1031.327	1120.202	1184.672	1264.496	1339.217	1418.639
321.2	0	0	0	0.2441225	7.647186	120.0299	427.0712	611.8232	716.0823	801.7101	874.1919	943.6395	1030.633	1120.202	1184.196	1265.34	1337.965	1416.373
321.3	0	0	0	0.2441225	7.647186	119.8923	427.0712	611.5567	716.0823	800.5131	874.1919	944.4125	1030.494	1120.202	1183.56	1263.82	1339.038	1414.673
321.4	0	0	0	0.2441225	7.588361	120.0299	426.7559	610.2244	715.8847	800.6219	875.9742	942.8666	1030.494	1120.5	1184.037	1263.989	1338.501	1414.673
321.5	0	0	0	0.2441225	7.588361	120.0299	427.5441	610.7573	715.7859	800.5131	876.4495	942.8666	1030.078	1120.797	1185.148	1263.82	1336.177	1415.24
321.6	0	0	0	0.2441225	7.470712	119.6858	426.9135	610.6685	715.7859	799.316	877.4001	941.3207	1028.967	1120.202	1184.196	1263.651	1336.713	1414.862
321.7	0	0	0	0.2441225	7.411888	120.0299	427.4653	610.6685	715.6871	799.7513	876.6872	941.063	1028.967	1120.202	1184.831	1263.82	1337.071	1414.673
321.8	0	0	0	0.2441225	7.411888	120.2364	427.5441	610.2244	715.1929	800.9484	877.0437	941.9648	1029.106	1119.756	1184.037	1263.651	1337.25	1414.107
321.9	0	0	0	0.2441225	7.411888	120.2364	427.0712	609.9579	714.3035	800.0778	877.0437	943.1242	1029.106	1119.607	1184.354	1262.976	1337.071	1412.974
322	0	0	0	0.2441225	7.411888	120.5805	427.0712	609.4249	713.8094	801.3837	876.6872	942.2224	1028.967	1119.16	1183.56	1262.132	1337.786	1411.652
322.1	0	0	0	0.2441225	7.411888	120.4429	425.9676	608.9808	712.327	801.2748	877.1625	941.5783	1028.551	1119.458	1183.243	1263.82	1337.428	1410.141
322.2	0	0	0	0.2441225	7.411888	120.4429	425.5735	609.5137	712.7224	801.166	876.4495	941.063	1026.607	1119.904	1184.037	1264.327	1337.071	1410.33
322.3	0	0	0	0.2441225	7.411888	120.4429	426.0464	609.5137	712.6235	801.7101	875.8554	939.2595	1027.579	1119.011	1183.56	1263.483	1335.461	1410.708
322.4	0	0	0	0.2441225	7.353063	120.3741	426.2829	609.8691	712.7224	802.9072	876.2119	938.2289	1026.052	1116.333	1183.084	1263.651	1335.819	1410.519
322.5	0	0	0	0.2441225	7.353063	120.1676	426.3618	610.2244	712.6235	802.1454	876.806	938.7442	1025.913	1116.184	1184.037	1263.989	1335.64	1410.519
322.6	0	0	0	0.2441225	7.294239	120.0299	426.8347	610.3132	713.0188	802.5807	877.2813	939.3883	1026.607	1114.249	1183.243	1262.976	1336.713	1410.708
322.7	0	0	0	0.2441225	7.353063	119.9611	426.5982	611.1126	712.2282	802.9072	877.4001	939.1306	1026.33	1114.696	1183.084	1261.288	1335.461	1410.519
322.8	0	0	0	0.2441225	7.294239	120.0299	426.6771	611.1126	713.0188	803.3425	876.5684	939.7748	1026.33	1114.696	1183.243	1260.95	1334.746	1409.575
322.9	0	0	0	0.2441225	7.353063	120.0988	426.2829	611.7344	711.9318	801.9278	876.4495	940.29	1027.301	1114.993	1182.766	1260.613	1333.494	1410.141
323	0	0	0	0.2441225	7.353063	120.2364	425.4947	612.7114	711.1411	802.2543	877.6378	940.8054	1026.607	1114.993	1181.654	1261.288	1332.6	1409.953
323.1	0	0	0	0.2441225	7.353063	120.3741	425.4159	613.0667	710.9435	802.7984	879.0637	940.5477	1027.162	1114.249	1182.766	1263.483	1333.316	1409.008
323.2	0	0	0	0.2441225	7.353063	120.3741	425.337	612.9779	710.5482	803.4513	878.4695	940.5477	1027.579	1114.993	1181.178	1262.638	1334.388	1409.764
323.3	0	0	0	0.2441225	7.294239	119.8923	425.1006	613.5109	710.4493	804.1042	877.519	940.5477	1027.579	1115.142	1180.701	1262.638	1334.031	1410.519
323.4	0	0	0	0.2441225	7.353063	120.0299	424.47	612.0897	710.0541	803.7778	877.1625	940.0324	1027.579	1113.654	1180.225	1260.95	1335.104	1407.687
323.5	0	0	0	0.2441225	7.353063	119.8923	424.7064	612.3561	710.1529	804.2131	876.5684	938.7442	1028.412	1113.356	1179.272	1260.613	1336.177	1407.12
323.6	0	0	0	0.2441225	7.411888	120.2364	425.337	611.8232	709.4611	803.7778	875.8554	938.6154	1026.885	1112.761	1179.272	1260.275	1336.177	1406.554
323.7	0	0	0	0.2441225	7.411888	120.1676	424.9429	610.3132	708.3741	804.1042	876.5684	938.6154	1027.579	1112.166	1179.113	1260.444	1335.461	1407.875
323.8	0	0	0	0.195298	7.411888	120.4429	425.6523	609.0696	709.0659	804.5396	877.6378	937.5848	1027.162	1112.761	1180.86	1260.275	1337.25	1407.12
323.9	0	0	0	0.195298	7.470712	120.2364	425.4947	609.6914	708.7693	805.1925	877.7566	937.8424	1028.134	1111.719	1180.225	1259.262	1337.071	1405.798
324	0	0	0	0.195298	7.470712	120.1676	425.4159	609.7802	708.6705	805.4102	877.4001	938.1	1028.412	1112.612	1181.654	1258.587	1337.786	1408.064
324.1	0	0	0	0.195298	7.529537	120.0988	425.1794	610.3132	708.3741	804.9749	877.519	938.1	1028.273	1112.612	1181.337	1259.262	1337.428	1409.197
324.2	0	0	0	0.195298	7.529537	119.9611	425.337	609.5137	708.5717	804.4307	877.1625	937.8424	1028.273	1111.719	1181.654	1259.093	1335.64	1409.764
324.3	0	0	0	0.195298	7.470712	119.8923	424.7852	609.1584	709.2635	804.866	876.806	937.8424	1028.69	1111.57	1181.813	1260.106	1336.892	1409.386
324.4	0	0	0	0.2441225	7.529537	119.7546	425.5735	609.3361	708.967	803.6689	876.806	937.5848	1028.828	1112.463	1182.607	1260.95	1335.819	1410.708
324.5	0	0	0	0.2441225	7.529537	119.7546	426.1253	609.4249	707.5834	802.9072	876.2119	938.4865	1029.106	1113.505	1181.654	1262.301	1336.892	1410.141
324.6	0	0	0	0.2441225	7.529537	119.7546	426.1253	609.4249	707.3858	803.3425	876.0931	938.3577	1029.106	1112.314	1182.448	1262.132	1334.567	1408.442
324.7	0	0	0	0.2441225	7.588361	119.5482	426.2829	609.9579	708.2752	802.6896	875.3801	938.2289	1029.661	1111.273	1183.084	1262.638	1335.283	1406.554
324.8	0	0	0	0.2441225	7.588361	119.7546	426.4406	609.6914	707.6823	803.0161	874.4296	937.7136	1029.939	1112.017	1182.448	1263.483	1335.461	1407.498
324.9	0	0	0	0.2441225	7.588361	119.617	426.5982	609.6026	706.9905	802.9072	875.1425	938.3577	1029.939	1112.463	1182.131	1263.82	1334.21	1407.309
325	0	0	0	0.2441225	7.588361	119.9611	426.7559	608.892	706.3976	803.3425	875.499	937.9713	1029.106	1112.761	1181.654	1263.82	1335.104	1407.875
325.1	0	0	0	0.2441225	7.529537	120.0299	427.2288	608.8032	707.1882	803.0161	875.1425	938.6154	1028.69	1112.463	1181.019	1264.664	1335.819	1407.875
325.2	0	0	0	0.2441225	7.529537	120.5805	427.15	608.6255	707.287	803.2337	875.3801	938.7442	1028.967	1112.463	1181.495	1264.158	1336.534	1406.554
325.3	0	0	0	0.2441225	7.529537	120.787	427.15	609.5137	707.3858	802.0366	876.2119	939.0018	1028.828	1111.273	1181.337	1263.82	1335.461	1404.477
325.4	0	0	0	0.2441225	7.529537	120.8558	427.4653	609.4249	707.7811	802.1454	874.786	938.873	1027.995	1111.273	1181.495	1262.976	1333.673	1405.043
325.5	0	0	0	0.2441225	7.470712	120.9935	426.9923	608.7144	708.1764	801.819	874.9048	938.6154	1027.579	1111.273	1180.384	1262.132	1334.567	1404.477
325.6	0	0	0	0.2441225	7.529537	120.787	427.5441	608.8032	708.0776	802.0366	875.8554	939.0018	1027.44	1110.528	1180.225	1260.613	1333.137	1405.421
325.7	0	0	0	0.2441225	7.588361	121.0623	427.15	608.2702	707.0894	800.9484	874.786	938.1	1028.551	1110.231	1178.796	1260.275	1333.137	1405.421
325.8	0	0	0	0.2441225	7.70601	120.9935	426.7559	607.2043	706.4964	801.0572	874.786	937.4559	1028.967	1110.677	1177.843	1259.431	1332.958	1407.498
325.9	0	0	0	0.2441225	7.70601	121.0623	426.9923	606.7602	706.7928	799.8601	874.6672	937.9713	1028.134	1111.273	1179.59	1261.119	1334.031	1408.253
326	0	0	0	0.2441225	7.647186	121.2	426.7559	606.4049	706.5952	799.6425	876.9249	937.3271	1028.412	1111.421	1180.543	1261.625	1332.421	1408.442
326.1	0	0	0	0.2441225	7.588361	121.3376	426.9923	605.7831	706.1011	799.8601	876.2119	936.9406	1027.995	1111.868	1178.954	1261.625	1331.17	1409.197
326.2	0	0	0	0.2441225	7.529537	121.4753	426.9923	605.4279	705.5081	799.8601	876.806	936.8118	1027.857	1112.761	1178.478	1260.613	1329.918	1410.141
326.3	0	0	0	0.2441225	7.529537	121.2	427.2288	604.7172	705.4093	801.166	877.8754	937.1983	1028.273	1112.463	1179.907	1259.431	1329.918	1410.141
326.4	0	0	0	0.2441225	7.529537	121.4064	426.3618	604.7172	704.7175	801.9278	877.7566	937.7136	1029.939	1113.505	1179.748	1257.236	1330.812	1408.82
326.5	0	0	0	0.2441225	7.529537	121.5441	426.4406	604.0955	705.3105	802.0366	877.7566	936.9406	1029.523	1113.654	1179.113	1256.73	1331.348	1407.687
326.6	0	0	0	0.2441225	7.529537	121.7505	426.2829	603.829	705.7058	801.6013	877.6378	936.8118	1030.078	1113.951	1178.16	1255.885	1331.706	1405.61
326.7	0	0	0	0.2441225	7.529537	121.4064	426.2041	602.9407	706.3976	801.2748	878.5884	937.0695	1029.523	1113.803	1178.478	1254.873	1333.137	1403.91
326.8	0	0	0	0.2441225	7.470712	121.4753	426.4406	603.6514	707.0894	801.6013	877.4001	937.3271	1029.106	1114.696	1177.684	1253.86	1333.137	1403.155
326.9	0	0	0	0.2441225	7.470712	121.3376	426.5982	603.4737	707.8799	801.6013	876.9249	935.3947	1029.661	1114.993	1177.684	1254.028	1331.885	1403.344
327	0	0	0	0.2441225	7.529537	121.2	426.5982	604.2731	707.8799	802.0366	876.5684	935.1371	1028.273	1115.44	1178.16	1256.561	1332.421	1402.022
327.1	0	0	0	0.2441225	7.588361	121.0623	427.3865	604.9837	707.4846	800.8395	875.6178	935.5236	1027.995	1113.505	1177.207	1255.717	1332.064	1400.7
327.2	0	0	0	0.2441225	7.647186	121.4753	427.623	604.8949	706.694	799.9689	875.2613	935.1371	1026.468	1112.91	1176.572	1255.379	1331.706	1400.511
327.3	0	0	0	0.2441225	7.647186	121.4064	427.623	604.9837	706.2988	799.6425	875.0237	935.1371	1025.774	1112.017	1176.89	1255.21	1331.706	1402.966
327.4	0	0	0	0.2441225	7.588361	121.5441	427.2288	604.806	705.607	798.7719	873.3601	935.1371	1026.052	1111.273	1177.525	1255.717	1330.991	1402.966
327.5	0	0	0	0.2441225	7.588361	121.4753	427.15	604.5396	705.4093	799.316	873.9542	934.6218	1025.497	1113.058	1178.16	1255.21	1330.454	1402.211
327.6	0	0	0	0.2441225	7.588361	121.5441	427.0712	604.0955	706.1011	798.4454	873.8354	934.3641	1023.831	1113.951	1176.89	1255.379	1331.706	1402.588
327.7	0	0	0	0.2441225	7.588361	121.3376	426.5194	604.2731	706.2988	798.7719	874.5483	933.9777	1023.692	1113.058	1178.16	1254.873	1329.739	1402.588
327.8	0	0	0	0.2441225	7.588361	121.2688	426.1253	603.9178	705.8046	798.663	873.9542	934.2353	1023.414	1113.207	1177.843	1253.522	1329.918	1403.721
327.9	0	0	0	0.2441225	7.588361	121.4753	426.1253	604.0955	705.014	797.7924	873.8354	934.3641	1022.304	1112.91	1178.319	1251.834	1329.739	1401.833
328	0	0	0	0.2441225	7.470712	121.4753	426.2829	603.829	705.1129	797.6837	874.0731	934.493	1021.748	1112.314	1179.272	1252.34	1330.812	1401.267
328.1	0	0	0	0.2441225	7.470712	121.3376	426.5982	604.0955	705.4093	798.4454	874.4296	934.6218	1021.887	1112.166	1178.637	1252.34	1329.381	1402.588
328.2	0	0	0	0.2441225	7.470712	121.4753	426.2829	603.829	705.1129	798.5542	874.1919	933.9777	1022.859	1110.677	1177.525	1252.003	1329.381	1403.155
328.3	0	0	0	0.2441225	7.470712	121.6817	426.1253	603.5625	705.3105	798.7719	873.5978	932.8182	1022.859	1112.761	1177.207	1252.509	1330.276	1403.344
328.4	0	0	0	0.2441225	7.470712	121.6817	426.4406	604.0067	705.607	798.2277	874.6672	932.6894	1023.97	1112.612	1177.525	1252.678	1332.421	1402.4
328.5	0	0	0	0.2441225	7.470712	121.7505	426.2829	604.0955	705.014	798.3365	874.1919	932.8182	1024.386	1111.719	1176.254	1253.016	1332.958	1401.455
328.6	0	0	0	0.2441225	7.470712	121.6817	425.4159	603.2072	706.4964	797.5748	873.9542	932.6894	1024.664	1112.017	1176.254	1252.847	1332.779	1402.022
328.7	0	0	0	0.2441225	7.529537	121.8194	425.4159	602.9407	706.3976	797.5748	873.0037	932.0453	1024.247	1112.463	1175.46	1252.509	1332.064	1401.833
328.8	0	0	0	0.2441225	7.588361	121.7505	425.4947	603.9178	707.287	796.813	872.6472	931.6588	1024.664	1112.463	1175.778	1254.028	1330.633	1403.155
328.9	0	0	0	0.2441225	7.588361	121.4064	425.337	603.2072	707.0894	795.616	871.1025	932.5606	1023.831	1113.505	1175.46	1253.353	1330.276	1403.91
329	0	0	0	0.2441225	7.588361	121.5441	425.2582	602.1413	707.4846	794.6365	870.9836	932.1741	1023.414	1113.058	1176.254	1253.184	1329.024	1402.588
329.1	0	0	0	0.195298	7.588361	121.3376	425.5735	602.7631	707.0894	794.963	870.5083	932.3029	1023.97	1113.058	1175.46	1253.691	1329.024	1402.211
329.2	0	0	0	0.2441225	7.529537	121.8194	426.0464	602.2302	707.1882	795.9424	870.2707	931.9164	1023.137	1113.654	1174.825	1253.522	1326.878	1401.455
329.3	0	0	0	0.2441225	7.588361	122.2323	425.9676	601.6972	706.7928	795.3983	870.5083	931.7877	1023.137	1113.654	1174.507	1253.522	1326.699	1400.7
329.4	0	0	0	0.2441225	7.588361	122.4388	425.6523	601.2531	707.0894	794.3101	869.6766	931.6588	1024.386	1113.654	1173.713	1253.522	1325.447	1399.945
329.5	0	0	0	0.2441225	7.588361	122.3011	425.81	601.3419	706.8917	793.7659	869.2012	933.2047	1023.692	1113.058	1172.601	1253.353	1326.162	1398.245
329.6	0	0	0	0.2441225	7.647186	122.37	425.8888	600.9866	705.5081	793.9836	869.3201	931.7877	1022.443	1112.314	1172.125	1252.509	1326.162	1398.434
329.7	0	0	0	0.2441225	7.647186	122.37	426.4406	601.4307	704.8163	794.7454	868.726	931.2723	1022.581	1112.612	1172.76	1252.847	1326.699	1397.49
329.8	0	0	0	0.2441225	7.647186	122.3011	426.9923	601.6084	704.8163	794.4189	869.2012	932.1741	1022.998	1112.314	1172.284	1250.821	1326.52	1398.057
329.9	0	0	0	0.2441225	7.647186	122.4388	427.623	601.786	705.1129	795.3983	868.9636	932.8182	1022.72	1111.124	1172.76	1249.977	1328.308	1398.057
330	0	0	0	0.2441225	7.647186	122.6453	427.2288	602.2302	704.9152	794.8542	867.7754	933.72	1023.692	1110.975	1171.966	1250.314	1327.057	1398.245
330.1	0	0	0	0.2441225	7.647186	122.4388	426.6771	602.6743	704.3223	795.616	867.3	933.5912	1023.553	1110.826	1173.395	1250.146	1327.772	1401.267
330.2	0	0	0	0.2441225	7.588361	122.5076	425.8888	601.8749	704.4211	795.8336	866.5871	933.72	1023.414	1109.338	1173.713	1249.47	1329.918	1401.267
330.3	0	0	0	0.292947	7.588361	122.5764	425.7311	601.8749	704.9152	795.9424	866.7059	932.5606	1022.026	1109.784	1172.601	1248.795	1329.203	1402.211
330.4	0	0	0	0.292947	7.588361	122.5076	426.1253	601.6084	705.4093	795.5071	867.3	932.9471	1021.748	1109.933	1172.284	1249.301	1329.739	1402.4
330.5	0	0	0	0.292947	7.647186	122.5764	425.9676	602.319	706.0023	796.1601	866.9436	932.3029	1021.193	1109.04	1171.648	1248.964	1329.918	1403.721
330.6	0	0	0	0.292947	7.647186	122.6453	426.7559	601.3419	705.8046	795.8336	866.9436	931.4012	1020.082	1107.701	1171.966	1248.626	1330.633	1403.721
330.7	0	0	0	0.292947	7.647186	122.5076	426.3618	601.3419	706.694	796.5954	867.0624	931.4012	1021.748	1107.552	1172.125	1248.457	1330.097	1402.588
330.8	0	0	0	0.292947	7.647186	122.7141	426.3618	601.5195	706.0023	797.0307	866.9436	930.3706	1022.998	1106.361	1171.807	1247.444	1328.487	1402.211
330.9	0	0	0	0.292947	7.647186	122.6453	426.6771	602.2302	706.0023	797.3572	867.0624	930.3706	1023.414	1105.32	1172.284	1249.133	1326.162	1401.267
331	0	0	0	0.292947	7.70601	122.6453	427.4653	602.1413	704.9152	796.4866	866.7059	930.6282	1023.137	1103.98	1170.854	1249.301	1326.699	1400.511
331.1	0	0	0	0.292947	7.70601	122.7829	426.9923	601.2531	705.4093	795.616	867.7754	930.6282	1022.998	1104.873	1168.948	1250.146	1326.699	1400.323
331.2	0	0	0	0.292947	7.70601	123.0582	427.0712	601.2531	705.1129	796.1601	868.8448	929.9841	1023.414	1105.766	1169.266	1249.133	1326.162	1401.833
331.3	0	0	0	0.292947	7.70601	122.8517	427.7018	600.8978	705.1129	796.0513	869.6766	929.4688	1023.275	1106.659	1168.472	1248.626	1325.805	1401.644
331.4	0	0	0	0.292947	7.764835	122.8517	427.3865	600.5425	704.6187	794.963	869.5577	929.7264	1025.774	1107.998	1167.042	1248.795	1325.09	1402.966
331.5	0	0	0	0.292947	7.70601	122.7141	427.2288	601.1642	705.1129	794.8542	869.9142	929.4688	1025.635	1107.998	1168.313	1249.639	1325.805	1402.588
331.6	0	0	0	0.292947	7.647186	122.7141	426.7559	601.1642	704.9152	794.963	869.5577	929.5977	1025.774	1108.296	1168.472	1250.314	1325.984	1402.022
331.7	0	0	0	0.292947	7.647186	123.0582	426.9923	600.5425	704.5199	794.7454	869.5577	929.9841	1024.941	1107.85	1167.201	1249.808	1325.626	1402.022
331.8	0	0	0	0.292947	7.647186	122.9206	426.8347	600.6313	705.5081	794.5277	869.7954	929.8553	1024.941	1107.701	1167.995	1249.639	1325.447	1400.134
331.9	0	0	0	0.292947	7.647186	122.7829	425.8888	600.8978	705.8046	794.3101	870.1519	929.2112	1025.774	1107.254	1167.837	1248.457	1326.52	1399.756
332	0	0	0	0.292947	7.647186	122.7829	426.2829	601.2531	705.5081	794.4189	869.7954	930.1129	1026.607	1107.701	1167.36	1249.301	1327.414	1401.267
332.1	0	0	0	0.292947	7.588361	122.9894	426.7559	600.9866	704.9152	793.6571	869.7954	930.3706	1025.913	1107.701	1167.995	1248.964	1327.593	1401.267
332.2	0	0	0	0.292947	7.529537	123.0582	426.9135	600.5425	704.4211	793.8748	869.9142	929.9841	1025.358	1107.105	1167.678	1245.925	1327.593	1399.945
332.3	0	0	0	0.292947	7.470712	122.7829	427.2288	600.8978	703.2352	794.6365	870.033	930.2418	1025.635	1106.659	1167.995	1246.094	1327.772	1400.511
332.4	0	0	0	0.292947	7.529537	122.5764	426.5194	600.7202	702.7411	794.5277	869.7954	929.9841	1025.913	1105.468	1166.248	1245.418	1328.845	1401.267
332.5	0	0	0	0.292947	7.588361	122.5076	426.5982	600.0095	702.1481	794.0924	870.033	929.34	1025.913	1105.171	1167.042	1244.068	1328.666	1400.511
332.6	0	0	0	0.292947	7.588361	122.5076	426.6771	599.8319	701.1599	793.9836	869.5577	929.34	1026.052	1106.51	1166.089	1246.262	1329.56	1400.889
332.7	0	0	0	0.292947	7.588361	122.3011	426.5194	600.0095	702.1481	793.113	868.9636	929.0823	1025.358	1105.915	1166.884	1244.743	1330.097	1402.022
332.8	0	0	0	0.292947	7.588361	122.37	426.2041	599.3878	702.9387	793.2218	867.8942	929.34	1025.219	1105.468	1166.884	1244.743	1329.024	1399.945
332.9	0	0	0	0.292947	7.588361	122.3011	425.81	599.1213	702.0493	792.6777	867.3	928.567	1024.386	1104.575	1166.725	1244.237	1327.414	1399.19
333	0	0	0	0.292947	7.588361	122.37	425.1794	598.4107	702.6422	793.113	866.8248	928.6959	1024.941	1103.534	1165.295	1244.405	1326.699	1398.623
333.1	0	0	0	0.292947	7.529537	122.2323	424.9429	599.2101	702.8399	791.916	866.4683	928.4382	1025.358	1103.98	1164.819	1244.405	1325.626	1398.057
333.2	0	0	0	0.292947	7.529537	122.3011	425.4947	599.2101	702.4446	792.7865	865.8741	929.34	1025.497	1104.873	1164.184	1245.418	1324.911	1398.623
333.3	0	0	0	0.292947	7.529537	122.0947	425.337	599.299	702.4446	793.0042	866.7059	928.567	1025.08	1104.873	1165.137	1244.574	1325.09	1398.434
333.4	0	0	0	0.292947	7.588361	122.0258	424.9429	599.6542	702.3458	792.6777	867.1812	928.0518	1023.414	1103.236	1164.501	1244.574	1323.48	1400.323
333.5	0	0	0	0.292947	7.529537	122.0258	424.5488	599.1213	702.4446	793.7659	867.6566	927.15	1022.998	1104.278	1165.931	1244.574	1323.48	1398.057
333.6	0	0	0	0.292947	7.529537	122.1635	425.5735	599.8319	702.0493	793.7659	867.4189	925.8617	1022.581	1103.831	1166.248	1243.899	1322.765	1399.567
333.7	0	0	0	0.292947	7.529537	122.3011	425.2582	598.8548	701.654	793.4395	867.4189	927.6653	1022.026	1102.938	1165.772	1244.237	1320.977	1400.511
333.8	0	0	0	0.292947	7.529537	122.3011	425.2582	598.4995	701.7528	794.0924	866.4683	927.2788	1022.581	1103.087	1165.137	1244.068	1319.904	1399.945
333.9	0	0	0	0.292947	7.529537	122.37	425.4159	599.2101	701.8516	793.9836	867.1812	927.15	1022.859	1101.152	1165.931	1243.561	1319.904	1399.378
334	0	0	0	0.292947	7.529537	122.4388	425.337	599.299	701.5552	794.2012	867.7754	926.8923	1023.414	1101.45	1166.407	1244.405	1320.261	1399.756
334.1	0	0	0	0.292947	7.529537	121.8882	424.6276	599.9207	701.9504	793.6571	867.7754	927.2788	1023.275	1101.45	1165.137	1244.237	1321.155	1399.378
334.2	0	0	0	0.292947	7.529537	121.957	423.9182	599.6542	701.9504	792.7865	868.013	928.3094	1023.137	1101.897	1166.407	1245.925	1319.367	1399.19
334.3	0	0	0	0.292947	7.529537	122.2323	423.997	599.8319	701.4564	792.46	869.5577	927.9229	1024.108	1101.897	1165.613	1246.431	1320.261	1396.735
334.4	0	0	0	0.292947	7.588361	122.1635	423.997	599.8319	701.1599	791.3718	868.8448	928.567	1025.497	1101.748	1166.566	1247.444	1319.01	1396.357
334.5	0	0	0	0.292947	7.529537	121.7505	423.6817	599.2101	701.4564	791.0453	868.6071	928.3094	1025.08	1100.408	1166.725	1247.275	1321.334	1397.301
334.6	0	0	0	0.292947	7.411888	121.7505	424.0758	599.3878	701.5552	790.7189	869.4389	927.4076	1023.831	1100.706	1166.884	1245.587	1320.619	1394.658
334.7	0	0	0	0.292947	7.411888	121.8194	423.6817	599.6542	701.4564	791.263	869.5577	927.6653	1024.386	1101.897	1166.089	1244.912	1322.05	1396.168
334.8	0	0	0	0.292947	7.411888	121.8194	424.0758	599.4766	701.3575	792.0248	869.5577	928.1805	1025.08	1102.343	1165.931	1244.574	1321.334	1395.98
334.9	0	0	0	0.292947	7.411888	122.0947	424.1547	598.766	701.5552	792.2424	869.6766	928.0518	1024.108	1103.98	1163.866	1246.094	1323.838	1394.847
335	0	0	0	0.2441225	7.411888	122.0947	424.5488	598.0554	700.7646	793.2218	869.6766	929.0823	1025.219	1102.343	1164.66	1245.418	1322.586	1395.602
335.1	0	0	0	0.2441225	7.470712	121.8882	423.9182	597.9666	699.6775	794.2012	868.4883	928.6959	1025.219	1103.385	1164.66	1245.925	1323.659	1393.714
335.2	0	0	0	0.2441225	7.470712	121.957	423.9182	597.7889	698.8869	794.2012	867.4189	928.4382	1025.358	1102.492	1164.184	1247.275	1324.195	1392.958
335.3	0	0	0	0.2441225	7.411888	121.8882	423.6029	597.4336	698.2939	791.8071	867.7754	928.567	1025.635	1101.897	1164.342	1246.094	1323.48	1392.958
335.4	0	0	0	0.2441225	7.353063	121.8882	423.6029	597.4336	697.701	791.263	867.6566	928.1805	1024.386	1102.938	1164.184	1245.25	1324.017	1393.147
335.5	0	0	0	0.2441225	7.411888	121.8194	423.9182	597.7001	698.0963	791.4807	867.0624	928.6959	1022.859	1102.79	1164.819	1245.925	1323.301	1392.203
335.6	0	0	0	0.292947	7.411888	121.8194	423.2876	598.4107	698.4916	791.263	866.1118	928.0518	1021.887	1103.534	1165.931	1244.743	1322.944	1392.203
335.7	0	0	0	0.292947	7.353063	121.7505	422.4205	597.5225	698.8869	791.8071	866.4683	927.4076	1022.581	1103.236	1166.248	1245.418	1322.944	1392.203
335.8	0	0	0	0.2441225	7.235414	121.6129	421.7899	597.1672	699.1833	791.263	866.2307	928.1805	1022.581	1104.575	1165.931	1244.743	1321.692	1393.147
335.9	0	0	0	0.2441225	7.235414	121.5441	421.7899	596.6342	699.5787	790.61	866.2307	927.7941	1021.887	1105.468	1165.613	1245.081	1322.05	1393.336
336	0	0	0	0.2441225	7.176589	121.3376	421.9476	596.8118	700.0728	791.0453	865.8741	925.8617	1021.887	1105.468	1164.978	1244.068	1320.977	1393.525
336.1	0	0	0	0.2441225	7.294239	121.2	421.8687	596.8118	698.9857	790.3924	865.993	925.8617	1020.915	1105.766	1165.613	1244.405	1321.155	1395.791
336.2	0	0	0	0.2441225	7.176589	121.1311	421.4746	596.0125	698.2939	791.0453	866.3495	926.2482	1019.944	1105.022	1165.295	1243.055	1320.083	1395.413
336.3	0	0	0	0.2441225	7.176589	120.9247	421.317	595.6571	697.9975	791.5895	866.5871	926.1194	1020.221	1104.873	1166.407	1242.211	1320.261	1395.413
336.4	0	0	0	0.2441225	7.176589	121.1311	420.844	596.0125	697.0092	791.1542	865.5177	926.8923	1019.527	1104.427	1166.248	1241.535	1319.367	1396.357
336.5	0	0	0	0.2441225	7.176589	120.8558	420.5287	595.8348	696.614	791.3718	867.0624	926.8923	1019.111	1105.022	1165.931	1241.704	1320.977	1394.847
336.6	0	0	0	0.2441225	7.176589	121.0623	419.8193	595.8348	697.0092	791.0453	866.5871	926.6346	1018.417	1104.278	1164.501	1240.354	1319.546	1396.357
336.7	0	0	0	0.2441225	7.176589	120.8558	420.1346	596.0125	697.6022	789.7394	866.5871	926.2482	1018	1103.98	1165.295	1239.51	1319.367	1395.224
336.8	0	0	0	0.2441225	7.235414	121.1311	419.8981	596.4565	697.8987	789.8483	866.2307	927.2788	1017.861	1102.194	1163.548	1237.821	1319.904	1394.847
336.9	0	0	0	0.2441225	7.235414	121.3376	420.2923	597.3448	697.3057	789.1953	866.8248	927.0211	1017.445	1100.26	1163.707	1238.665	1319.904	1395.791
337	0	0	0	0.2441225	7.176589	121.4753	421.317	597.9666	697.108	788.76	867.7754	927.4076	1017.306	1099.813	1161.642	1239.847	1320.261	1394.28
337.1	0	0	0	0.195298	7.117765	121.5441	421.317	597.9666	696.9104	789.3041	866.3495	927.0211	1017.584	1100.408	1162.595	1239.51	1319.546	1393.902
337.2	0	0	0	0.195298	7.117765	121.3376	421.4746	597.7001	697.4045	789.8483	866.1118	926.6346	1017.722	1100.557	1163.866	1239.847	1320.977	1392.392
337.3	0	0	0	0.195298	7.176589	121.7505	421.0805	597.6113	697.6022	789.9571	864.8047	925.7329	1017.167	1100.706	1163.231	1239.847	1321.334	1392.392
337.4	0	0	0	0.195298	7.117765	121.6817	420.3711	597.7889	697.2069	789.5218	864.6859	926.377	1017.584	1100.855	1161.325	1240.185	1322.228	1394.847
337.5	0	0	0	0.195298	7.294239	121.8882	420.1346	597.4336	697.2069	789.0865	864.9236	927.6653	1016.057	1099.813	1163.707	1240.86	1322.05	1395.98
337.6	0	0	0	0.195298	7.353063	121.5441	419.8981	597.1672	697.8987	789.1953	864.6859	927.7941	1016.612	1100.26	1163.707	1241.029	1321.692	1395.791
337.7	0	0	0	0.2441225	7.353063	121.6817	419.977	596.9895	698.2939	790.1747	864.2106	926.8923	1015.362	1100.26	1163.231	1240.016	1321.513	1394.658
337.8	0	0	0	0.2441225	7.411888	122.0947	420.1346	595.9236	698.5905	789.3041	864.3295	926.1194	1014.668	1101.897	1163.707	1240.691	1321.692	1395.413
337.9	0	0	0	0.2441225	7.470712	121.8194	419.8193	596.6342	699.0845	788.5424	863.973	925.4752	1015.085	1102.641	1163.072	1238.834	1321.692	1394.28
338	0	0	0	0.2441225	7.470712	121.7505	420.2923	597.5225	699.1833	787.7806	864.5671	924.4446	1014.252	1102.194	1164.978	1237.99	1321.334	1393.902
338.1	0	0	0	0.2441225	7.529537	121.6129	420.5287	597.5225	698.8869	787.1276	864.3295	924.8311	1014.946	1102.343	1164.501	1237.146	1319.01	1393.902
338.2	0	0	0	0.2441225	7.588361	121.6817	420.4499	598.233	697.8987	786.1483	864.0918	925.2176	1013.835	1102.492	1164.819	1235.964	1316.685	1392.958
338.3	0	0	0	0.2441225	7.588361	121.7505	419.8193	597.8777	697.4045	785.4953	863.6165	925.0887	1014.946	1101.152	1164.66	1236.977	1316.864	1394.28
338.4	0	0	0	0.2441225	7.588361	121.5441	419.8981	598.4107	697.5034	784.407	864.2106	924.96	1015.779	1101.45	1164.184	1236.133	1317.937	1392.392
338.5	0	0	0	0.2441225	7.588361	121.6129	419.7405	599.0325	698.0963	784.1894	864.0918	923.8005	1015.501	1101.599	1164.501	1236.977	1318.473	1391.637
338.6	0	0	0	0.2441225	7.588361	121.5441	419.3464	598.4995	698.1951	784.6247	865.1613	923.8005	1015.779	1100.26	1165.772	1236.471	1317.937	1389.937
338.7	0	0	0	0.2441225	7.588361	121.7505	419.2675	598.8548	697.701	783.3188	864.2106	922.77	1015.918	1100.408	1164.978	1237.484	1317.758	1388.993
338.8	0	0	0	0.2441225	7.647186	121.7505	419.1099	598.8548	698.1951	782.7747	863.8541	924.0582	1016.612	1101.152	1165.295	1237.315	1316.685	1390.693
338.9	0	0	0	0.2441225	7.647186	121.6817	419.6617	597.8777	697.6022	783.1011	864.2106	924.5735	1016.195	1101.301	1166.566	1237.146	1315.969	1389.56
339	0	0	0	0.2441225	7.647186	121.7505	419.5829	598.3218	697.9975	784.2982	863.3788	924.7023	1016.057	1103.534	1166.407	1236.471	1315.612	1389.182
339.1	0	0	0	0.2441225	7.647186	121.6129	419.3464	597.7001	697.4045	782.7747	863.6165	924.3159	1015.085	1103.236	1167.678	1236.808	1317.042	1388.804
339.2	0	0	0	0.2441225	7.647186	121.6817	419.4252	597.8777	697.5034	781.9041	864.2106	923.1564	1014.807	1104.129	1166.725	1237.484	1317.579	1387.105
339.3	0	0	0	0.2441225	7.647186	122.0258	419.1887	598.3218	697.7998	781.6864	864.4483	923.4141	1015.224	1104.278	1166.884	1236.977	1317.4	1387.294
339.4	0	0	0	0.2441225	7.588361	122.0947	418.9522	598.4995	699.2822	783.5364	864.6859	923.0276	1015.085	1104.575	1166.248	1236.302	1317.221	1385.405
339.5	0	0	0	0.2441225	7.70601	121.957	418.8734	598.233	699.2822	783.4276	863.8541	923.5429	1014.529	1103.236	1165.454	1236.808	1316.506	1387.482
339.6	0	0	0	0.2441225	7.70601	122.0947	418.0063	597.5225	699.7763	782.557	863.4977	923.5429	1015.362	1103.236	1164.978	1238.665	1315.075	1389.56
339.7	0	0	0	0.2441225	7.70601	122.0947	418.9522	598.1442	698.9857	783.3188	863.973	923.4141	1015.501	1102.194	1166.089	1237.484	1315.433	1389.748
339.8	0	0	0	0.2441225	7.70601	122.1635	418.9522	599.1213	699.0845	782.7747	865.28	923.6717	1014.391	1101.599	1165.613	1237.99	1315.433	1390.315
339.9	0	0	0	0.2441225	7.70601	122.2323	418.8734	598.8548	700.0728	782.6658	865.5177	923.2852	1013.558	1101.748	1165.931	1236.471	1314.181	1390.126
340	0	0	0	0.2441225	7.70601	122.3011	419.3464	598.9437	700.0728	783.21	865.28	921.997	1013.141	1100.408	1165.137	1236.302	1313.645	1392.014
340.1	0	0	0	0.2441225	7.588361	122.5764	419.0311	598.4995	699.4799	783.3188	865.3989	921.8682	1013.28	1100.408	1164.66	1234.276	1313.824	1391.259
340.2	0	0	0	0.2441225	7.70601	122.7829	418.8734	597.9666	700.3693	783.1011	865.28	922.77	1013.835	1101.004	1164.501	1233.601	1313.466	1390.315
340.3	0	0	0	0.2441225	7.647186	122.6453	418.7158	598.6772	700.0728	783.1011	864.9236	922.6411	1014.113	1100.855	1165.772	1234.445	1312.751	1391.07
340.4	0	0	0	0.2441225	7.70601	122.7141	418.637	598.766	700.6658	784.0806	864.3295	921.0952	1014.391	1100.855	1165.772	1235.12	1312.214	1391.259
340.5	0	0	0	0.2441225	7.764835	122.5764	418.0063	598.9437	701.5552	783.8629	865.28	920.7087	1014.807	1101.45	1166.566	1235.627	1311.499	1389.371
340.6	0	0	0	0.2441225	7.764835	122.9894	417.691	599.2101	700.9622	783.7541	864.2106	921.2241	1014.252	1101.004	1167.36	1235.289	1311.32	1391.259
340.7	0	0	0	0.2441225	7.764835	122.8517	417.4546	599.3878	700.0728	783.21	861.8342	920.8376	1013.558	1101.152	1167.678	1235.964	1311.857	1391.07
340.8	0	0	0	0.2441225	7.70601	123.0582	417.6122	598.9437	701.3575	783.3188	862.5471	920.4511	1013.002	1100.557	1166.407	1235.964	1313.287	1391.825
340.9	0	0	0	0.2441225	7.647186	123.127	417.7699	599.4766	702.0493	783.21	862.3094	920.5799	1012.308	1101.748	1165.931	1235.627	1316.327	1390.881
341	0	0	0	0.2441225	7.70601	123.1959	417.0605	598.766	701.4564	783.6453	862.4283	919.8069	1013.002	1101.45	1165.772	1236.302	1317.579	1389.748
341.1	0	0	0	0.2441225	7.70601	123.1959	417.5334	598.0554	700.7646	784.1894	861.7153	920.0646	1013.974	1101.004	1166.248	1235.289	1317.042	1385.783
341.2	0	0	0	0.2441225	7.70601	123.0582	417.5334	598.233	699.6775	784.0806	862.9036	921.6105	1013.558	1100.111	1165.137	1234.782	1315.254	1385.783
341.3	0	0	0	0.2441225	7.647186	122.8517	417.4546	597.8777	698.6893	783.5364	863.4977	920.9664	1012.864	1100.26	1164.978	1235.458	1313.108	1385.405
341.4	0	0	0	0.2441225	7.647186	122.6453	418.4005	597.1672	699.2822	783.21	863.1412	919.4205	1012.447	1100.111	1164.501	1235.12	1311.678	1385.217
341.5	0	0	0	0.2441225	7.70601	122.7141	418.164	596.9895	699.1833	782.9923	862.7847	919.034	1013.28	1100.26	1165.137	1234.445	1310.426	1385.028
341.6	0	0	0	0.2441225	7.70601	122.37	418.4793	596.9895	698.9857	783.5364	862.3094	920.0646	1013.558	1101.152	1165.454	1234.107	1309.353	1385.028
341.7	0	0	0	0.2441225	7.764835	122.9206	417.691	596.9007	697.8987	783.8629	862.4283	918.6475	1013.419	1100.557	1165.454	1233.432	1309.174	1386.349
341.8	0	0	0	0.2441225	7.70601	122.3011	418.2428	596.5453	697.7998	783.8629	863.0224	918.1323	1014.252	1100.706	1165.295	1234.276	1309.711	1385.594
341.9	0	0	0	0.2441225	7.764835	122.4388	418.637	596.5453	698.6893	783.21	863.4977	917.7458	1013.974	1100.26	1164.66	1233.601	1310.247	1385.405
342	0	0	0	0.2441225	7.823659	122.0947	419.5829	597.0783	698.7881	782.4482	862.9036	918.9052	1013.835	1100.26	1165.295	1234.445	1308.995	1385.028
342.1	0	0	0	0.195298	7.823659	122.0258	419.0311	596.2789	698.9857	782.557	862.6659	918.6475	1014.946	1099.813	1163.072	1234.107	1310.068	1386.161
342.2	0	0	0	0.195298	7.823659	121.8882	418.4793	596.723	698.9857	783.4276	861.24	917.8746	1015.918	1099.516	1163.072	1234.614	1309.711	1386.916
342.3	0	0	0	0.195298	8.000133	121.957	418.637	596.9007	697.7998	783.7541	861.4777	918.7764	1013.835	1099.218	1163.231	1235.289	1310.247	1384.65
342.4	0	0	0	0.195298	7.941308	121.957	419.0311	596.5453	696.9104	784.5159	861.7153	918.7764	1012.447	1097.581	1163.231	1236.133	1309.711	1385.028
342.5	0	0	0	0.195298	7.941308	122.0258	418.7158	596.2789	696.8116	786.1483	862.0718	918.6475	1012.031	1095.944	1163.707	1234.445	1310.247	1384.839
342.6	0	0	0	0.195298	7.941308	122.0947	418.3217	595.213	697.8987	786.1483	862.4283	919.5493	1013.141	1095.646	1162.913	1235.627	1308.101	1384.839
342.7	0	0	0	0.195298	7.941308	122.0258	418.164	594.5912	698.5905	785.713	861.4777	920.3223	1012.586	1094.307	1162.913	1235.627	1308.817	1384.461
342.8	0	0	0	0.195298	7.882484	122.37	418.7158	595.1242	697.7998	786.2571	860.6459	920.1934	1013.419	1093.711	1162.437	1235.627	1307.922	1382.951
342.9	0	0	0	0.195298	7.941308	121.7505	419.0311	595.213	697.3057	786.6923	861.24	920.0646	1013.558	1095.051	1163.707	1236.133	1307.565	1383.328
343	0	0	0	0.195298	7.941308	121.6129	418.637	594.5024	697.4045	785.4953	861.7153	920.0646	1012.586	1093.265	1162.595	1234.445	1307.565	1385.594
343.1	0	0	0	0.195298	7.941308	121.8882	418.4005	594.9465	696.4163	785.8218	862.0718	919.5493	1011.059	1093.563	1161.325	1234.614	1307.386	1384.65
343.2	0	0	0	0.195298	7.882484	121.8882	418.2428	594.4136	696.3174	786.4747	861.5965	919.4205	1011.475	1094.455	1160.531	1234.951	1307.386	1384.461
343.3	0	0	0	0.195298	7.823659	121.4753	418.637	593.9695	695.8234	785.06	862.1906	920.4511	1010.642	1095.348	1158.942	1235.289	1307.386	1385.783
343.4	0	0	0	0.195298	7.823659	121.4064	418.164	594.1471	695.5269	785.1688	862.0718	919.5493	1011.753	1094.307	1158.784	1233.601	1308.817	1385.972
343.5	0	0	0	0.195298	7.823659	121.5441	418.164	593.4365	695.5269	785.1688	862.0718	919.9358	1012.864	1093.563	1157.99	1233.263	1307.922	1385.972
343.6	0	0	0	0.195298	7.882484	121.4064	418.4005	592.9036	695.6257	782.9923	861.4777	919.8069	1012.447	1093.563	1156.878	1233.094	1308.995	1385.217
343.7	0	0	0	0.195298	7.823659	121.2	418.2428	593.0812	694.6375	784.1894	860.8835	919.9358	1013.558	1093.414	1156.878	1232.925	1308.817	1386.349
343.8	0	0	0	0.195298	7.823659	121.2	418.2428	593.8806	694.5386	784.5159	860.2894	920.8376	1013.002	1093.711	1157.831	1232.25	1307.744	1385.972
343.9	0	0	0	0.195298	7.882484	121.2688	418.2428	593.7918	694.9339	784.0806	860.2894	921.2241	1013.28	1092.818	1158.307	1232.419	1308.995	1385.028
344	0	0	0	0.195298	7.882484	121.3376	418.0852	593.8806	694.0445	785.1688	859.6953	921.2241	1013.141	1091.925	1159.26	1230.562	1308.459	1383.895
344.1	0	0	0	0.195298	7.941308	121.2688	418.2428	593.9695	694.6375	785.2776	859.22	920.1934	1013.419	1091.628	1159.578	1231.068	1308.28	1384.084
344.2	0	0	0	0.2441225	8.058957	121.0623	418.2428	593.8806	692.8586	784.0806	859.22	921.6105	1013.28	1091.777	1159.737	1229.886	1308.28	1384.084
344.3	0	0	0	0.2441225	8.058957	120.9935	418.637	593.9695	693.0563	783.5364	858.7447	921.7393	1012.447	1092.818	1159.26	1230.562	1309.353	1382.384
344.4	0	0	0	0.2441225	8.058957	120.9935	418.9522	592.726	693.2539	783.9717	859.3388	922.1258	1011.753	1094.009	1157.99	1230.899	1310.247	1382.195
344.5	0	0	0	0.2441225	8.058957	121.1311	418.9522	592.9924	692.9575	783.7541	860.0518	921.8682	1013.28	1095.2	1157.831	1230.731	1310.426	1382.384
344.6	0	0	0	0.2441225	8.058957	120.9247	419.2675	592.9036	694.0445	783.7541	859.9329	921.3528	1012.308	1096.985	1157.195	1231.237	1309.711	1379.741
344.7	0	0	0	0.2441225	8.117782	120.9935	420.1346	592.6371	694.0445	784.9512	859.8141	920.7087	1012.447	1096.241	1156.878	1230.731	1310.247	1379.363
344.8	0	0	0	0.2441225	8.117782	120.9935	419.8193	592.6371	695.0328	784.5159	859.9329	920.1934	1012.447	1095.051	1156.719	1230.731	1310.247	1379.363
344.9	0	0	0	0.2441225	8.117782	120.7182	419.6617	592.1041	695.3292	785.06	859.22	920.8376	1011.753	1094.307	1154.654	1228.874	1310.247	1379.363
345	0	0	0	0.2441225	8.117782	120.3052	419.7405	592.0153	695.5269	784.407	859.4576	922.1258	1010.365	1095.2	1153.86	1229.886	1309.532	1377.664
345.1	0	0	0	0.2441225	8.058957	120.3741	419.1887	592.9924	695.428	784.6247	857.7941	921.4817	1011.198	1096.688	1154.654	1228.029	1308.817	1378.608
345.2	0	0	0	0.2441225	8.117782	120.4429	419.2675	593.5253	695.7245	783.9717	857.3188	921.3528	1010.781	1097.432	1154.019	1230.055	1308.28	1378.23
345.3	0	0	0	0.2441225	8.117782	120.6494	419.1099	592.6371	695.5269	783.5364	857.3188	921.3528	1009.532	1096.985	1154.337	1230.055	1309.532	1377.852
345.4	0	0	0	0.2441225	8.117782	120.7182	419.0311	593.5253	694.9339	783.8629	856.1306	921.6105	1008.56	1096.39	1153.384	1230.393	1307.386	1377.475
345.5	0	0	0	0.2441225	8.176606	120.6494	419.1099	593.6142	694.6375	784.1894	857.6753	922.1258	1008.56	1094.455	1153.542	1230.393	1307.386	1378.23
345.6	0	0	0	0.2441225	8.176606	120.7182	418.7158	593.8806	694.341	782.557	858.1506	921.4817	1009.115	1093.86	1153.225	1228.536	1308.28	1378.041
345.7	0	0	0	0.2441225	8.117782	120.8558	419.3464	593.9695	695.428	782.4482	859.1012	921.6105	1010.226	1094.009	1152.748	1228.536	1307.922	1378.23
345.8	0	0	0	0.2441225	8.117782	120.9935	419.4252	593.5253	695.3292	782.7747	858.2694	920.9664	1010.642	1095.2	1152.907	1230.393	1308.101	1379.174
345.9	0	0	0	0.2441225	8.117782	120.9247	419.3464	592.6371	695.5269	782.557	857.3188	920.4511	1010.642	1095.051	1154.495	1229.549	1307.028	1381.062
346	0	0	0	0.2441225	8.058957	120.5805	419.1099	592.9924	694.8351	781.7952	857.9129	920.1934	1010.365	1095.051	1154.178	1228.874	1306.134	1382.007
346.1	0	0	0	0.2441225	8.058957	120.5117	419.0311	592.2818	694.1433	782.8835	857.6753	920.0646	1011.198	1093.711	1154.178	1230.899	1306.492	1383.14
346.2	0	0	0	0.2441225	8.000133	120.5117	418.7946	591.9265	694.2421	782.2305	857.6753	919.5493	1011.753	1093.563	1153.542	1230.899	1305.955	1383.895
346.3	0	0	0	0.2441225	8.117782	120.3052	418.5581	591.4824	694.4398	782.2305	857.2	919.8069	1010.226	1093.711	1153.066	1229.549	1305.955	1382.195
346.4	0	0	0	0.195298	8.117782	120.4429	419.4252	591.1271	695.0328	781.4688	857.3188	919.2917	1010.226	1093.116	1153.701	1230.393	1306.134	1381.062
346.5	0	0	0	0.195298	8.117782	120.3741	419.2675	591.1271	694.7363	780.707	856.7247	918.9052	1009.671	1093.116	1151.954	1230.899	1306.849	1381.44
346.6	0	0	0	0.195298	8.000133	120.7182	419.7405	591.1271	694.2421	781.2511	856.0117	918.9052	1008.977	1092.967	1151.636	1229.211	1306.671	1381.629
346.7	0	0	0	0.195298	8.000133	120.5117	419.3464	590.7718	693.5504	781.2511	856.8435	919.1628	1008.005	1092.074	1154.019	1229.886	1306.313	1381.251
346.8	0	0	0	0.195298	8.058957	121.0623	418.9522	590.5941	692.8586	781.1423	856.6058	919.034	1007.727	1091.181	1155.766	1228.705	1305.419	1380.685
346.9	0	0	0	0.195298	8.117782	121.1311	417.8487	590.15	692.5621	782.3394	856.4871	920.0646	1008.56	1090.735	1155.607	1227.354	1306.313	1380.685
347	0	0	0	0.195298	8.117782	121.1311	417.6122	589.9724	692.068	782.557	856.2494	920.0646	1008.56	1090.288	1155.607	1226.679	1305.598	1380.685
347.1	0	0	0	0.195298	8.117782	121.2	416.9816	590.4165	692.068	782.2305	855.5364	920.1934	1008.282	1089.693	1153.86	1225.835	1306.313	1382.195
347.2	0	0	0	0.195298	8.117782	121.4753	416.2722	589.7059	691.6727	782.7747	855.4176	920.8376	1008.282	1088.8	1153.86	1225.497	1306.849	1383.328
347.3	0	0	0	0.195298	8.058957	121.2688	416.351	589.3506	691.7715	782.8835	856.1306	920.8376	1008.144	1089.544	1153.542	1226.848	1306.849	1383.517
347.4	0	0	0	0.195298	7.941308	120.9247	416.4299	589.4394	691.5739	782.3394	856.7247	920.8376	1007.449	1088.651	1153.542	1226.004	1306.134	1382.951
347.5	0	0	0	0.195298	7.941308	120.8558	416.4299	589.0841	692.2657	781.9041	855.8929	920.3223	1006.894	1089.098	1154.019	1225.497	1306.313	1381.818
347.6	0	0	0	0.195298	7.941308	120.6494	415.0898	589.173	692.8586	783.4276	856.7247	919.1628	1006.478	1089.991	1154.019	1229.042	1307.207	1379.552
347.7	0	0	0	0.195298	7.941308	120.3052	415.5628	588.1071	693.5504	783.7541	855.6553	918.5187	1006.478	1090.735	1154.495	1228.705	1306.671	1381.062
347.8	0	0	0	0.195298	8.000133	120.5117	416.5875	588.1959	694.341	783.4276	854.7047	917.7458	1006.894	1089.247	1153.066	1227.692	1307.565	1381.44
347.9	0	0	0	0.195298	8.058957	120.8558	416.6663	588.9065	695.5269	783.21	855.2988	916.7152	1007.449	1088.502	1152.431	1226.679	1307.565	1380.307
348	0	0	0	0.195298	8.058957	121.0623	416.7451	588.4623	696.1198	782.8835	855.4176	916.3287	1006.061	1090.288	1151.001	1227.861	1307.028	1381.062
348.1	0	0	0	0.195298	8.000133	120.9935	416.7451	588.64	695.3292	782.8835	855.4176	917.2305	1007.866	1089.395	1150.366	1228.198	1307.028	1381.818
348.2	0	0	0	0.195298	8.058957	121.2	416.5875	589.173	695.5269	783.9717	855.2988	918.0034	1006.2	1089.098	1151.319	1227.861	1306.671	1382.007
348.3	0	0	0	0.195298	8.058957	121.3376	416.351	588.8176	694.1433	782.9923	855.0612	918.1323	1005.784	1089.693	1149.572	1228.705	1307.386	1380.874
348.4	0	0	0	0.195298	8.058957	121.3376	415.7993	589.3506	694.341	783.1011	854.467	917.6169	1004.812	1088.8	1150.366	1227.692	1307.386	1379.929
348.5	0	0	0	0.195298	8.000133	121.2688	415.3263	589.8835	693.9457	783.6453	854.467	917.1017	1003.424	1087.907	1151.16	1228.536	1307.922	1379.363
348.6	0	0	0	0.195298	8.000133	121.1311	415.7993	590.0612	693.5504	784.6247	854.2294	917.2305	1003.701	1087.758	1151.954	1228.029	1307.565	1378.797
348.7	0	0	0	0.195298	7.941308	120.8558	415.7993	590.7718	692.9575	784.1894	855.5364	917.1017	1004.673	1087.758	1152.113	1226.848	1306.849	1377.852
348.8	0	0	0	0.195298	7.941308	120.5805	415.6416	590.7718	692.7598	783.6453	855.2988	917.1017	1004.673	1086.568	1151.16	1226.004	1306.134	1377.475
348.9	0	0	0	0.195298	7.941308	121.0623	416.1146	589.8835	692.1668	783.7541	854.9423	917.2305	1003.424	1086.419	1151.636	1224.991	1306.849	1376.719
349	0	0	0	0.195298	7.941308	120.9247	415.5628	589.5283	692.1668	783.9717	854.9423	915.6846	1003.84	1086.568	1151.636	1223.302	1306.313	1376.342
349.1	0	0	0	0.195298	7.882484	121.1311	415.4052	588.3735	691.475	784.2982	855.2988	916.071	1003.007	1087.907	1150.366	1222.796	1306.313	1376.153
349.2	0	0	0	0.195298	7.882484	121.1311	414.6957	589.5283	690.1904	784.7335	856.0117	916.3287	1002.868	1087.758	1151.001	1224.146	1305.955	1376.908
349.3	0	0	0	0.195298	7.882484	120.8558	415.0898	589.5283	690.5856	783.8629	855.8929	916.5864	1002.729	1087.014	1151.001	1222.627	1305.419	1378.608
349.4	0	0	0	0.195298	7.823659	121.0623	415.3263	589.173	689.9927	784.2982	855.4176	917.4881	1003.424	1086.121	1151.001	1222.796	1303.809	1377.475
349.5	0	0	0	0.195298	7.823659	121.1311	415.2475	588.9953	690.1904	784.6247	855.2988	915.0405	1004.673	1086.865	1151.319	1223.134	1304.346	1376.908
349.6	0	0	0	0.195298	7.882484	121.2	415.7204	588.7288	690.4868	784.2982	854.7047	915.2981	1004.256	1088.056	1152.272	1225.328	1304.525	1374.642
349.7	0	0	0	0.195298	7.882484	121.0623	416.5087	588.7288	690.8821	783.7541	854.1105	916.3287	1004.118	1087.461	1152.272	1224.315	1305.061	1376.531
349.8	0	0	0	0.195298	7.882484	121.3376	417.2969	589.3506	692.1668	782.7747	853.8729	916.1999	1003.979	1087.907	1151.636	1223.978	1304.525	1376.719
349.9	0	0	0	0.195298	7.823659	121.4753	416.7451	590.7718	691.6727	781.7952	854.1105	916.844	1003.007	1088.205	1151.636	1224.484	1303.273	1377.475
350	0	0	0	0.195298	7.823659	121.3376	416.4299	590.9495	691.0798	782.1217	854.7047	917.3593	1003.285	1088.8	1152.272	1224.315	1302.558	1378.608
350.1	0	0	0	0.195298	7.823659	121.5441	416.6663	590.8606	690.6844	781.6864	854.467	916.4575	1002.591	1088.502	1153.384	1224.146	1303.273	1379.741
350.2	0	0	0	0.195298	7.764835	121.1311	416.2722	591.4824	690.388	781.3599	854.2294	916.4575	1002.452	1087.758	1153.701	1222.796	1302.915	1378.608
350.3	0	0	0	0.195298	7.647186	121.2688	415.7204	591.8377	690.2892	780.3806	854.7047	915.6846	1003.285	1086.717	1152.431	1222.796	1300.412	1380.118
350.4	0	0	0	0.195298	7.647186	121.2	415.3263	591.4824	689.795	780.0541	855.8929	915.5558	1003.979	1087.163	1152.113	1223.978	1300.948	1381.629
350.5	0	0	0	0.195298	7.764835	121.3376	415.4052	591.0383	689.8939	780.9246	855.8929	915.8134	1003.979	1086.717	1151.001	1224.822	1299.697	1380.874
350.6	0	0	0	0.195298	7.823659	121.4753	415.0898	590.7718	690.2892	779.9453	855.0612	916.1999	1003.146	1085.377	1149.731	1224.146	1300.233	1380.496
350.7	0	0	0	0.195298	7.823659	121.3376	414.2228	590.683	689.8939	779.7276	855.6553	916.4575	1003.285	1085.824	1150.048	1223.302	1300.769	1379.363
350.8	0	0	0	0.195298	7.823659	120.9935	414.6957	589.7947	690.4868	778.9658	855.8929	915.4269	1003.701	1085.526	1149.254	1223.134	1300.769	1377.475
350.9	0	0	0	0.195298	7.764835	120.9935	414.5381	589.7947	691.475	778.0952	855.5364	915.4269	1003.701	1085.824	1149.572	1222.627	1301.842	1377.852
351	0	0	0	0.195298	7.764835	120.9247	414.8534	589.8835	692.1668	776.0275	854.9423	914.1387	1002.591	1087.014	1149.731	1222.458	1302.558	1378.041
351.1	0	0	0	0.195298	7.70601	120.8558	414.6169	589.6171	691.2774	775.9187	856.0117	914.1387	1002.452	1087.163	1147.984	1222.965	1303.452	1378.419
351.2	0	0	0	0.195298	7.588361	120.7182	414.6957	590.2388	690.5856	775.3746	856.6058	916.4575	1002.313	1086.568	1147.825	1223.64	1303.452	1378.608
351.3	0	0	0	0.195298	7.588361	120.7182	414.6957	590.15	690.4868	775.5922	856.6058	915.0405	1002.868	1087.014	1148.937	1222.627	1302.915	1378.23
351.4	0	0	0	0.195298	7.588361	120.787	415.0898	590.2388	689.3998	775.9187	856.0117	914.2675	1004.256	1088.651	1148.778	1222.965	1302.379	1377.852
351.5	0	0	0	0.195298	7.588361	120.7182	414.6169	590.5053	688.5103	776.0275	856.9623	914.0099	1004.118	1088.949	1148.778	1222.965	1303.809	1375.964
351.6	0	0	0	0.195298	7.588361	120.5805	414.9322	590.4165	688.1151	776.2452	857.5565	913.7522	1003.285	1088.205	1148.301	1222.965	1302.558	1378.041
351.7	0	0	0	0.195298	7.647186	120.6494	414.9322	589.3506	687.9174	776.0275	856.8435	913.6234	1003.146	1088.056	1149.572	1223.809	1302.2	1378.23
351.8	0	0	0	0.195298	7.588361	120.6494	414.3016	588.8176	687.7197	775.4834	855.7741	913.3657	1002.313	1088.354	1149.572	1225.159	1300.412	1377.097
351.9	0	0	0	0.195298	7.588361	120.5117	413.7498	588.3735	687.8185	775.2657	855.18	913.7522	1002.868	1088.949	1149.889	1224.315	1300.233	1376.153
352	0	0	0	0.195298	7.588361	120.4429	413.9863	588.7288	688.0162	774.9393	854.5858	912.5928	1002.729	1088.8	1148.46	1224.315	1301.664	1375.775
352.1	0	0	0	0.195298	7.588361	120.5117	414.6169	588.1959	687.8185	774.3952	854.8235	911.5622	1001.341	1086.865	1148.778	1224.146	1300.233	1376.153
352.2	0	0	0	0.195298	7.588361	120.6494	414.7745	588.4623	687.5221	774.8305	854.1105	911.4333	1002.452	1086.121	1148.619	1223.302	1300.948	1376.153
352.3	0	0	0	0.195298	7.588361	120.5117	414.4593	589.3506	687.9174	774.8305	854.467	911.691	1003.007	1087.163	1149.413	1223.471	1300.591	1375.02
352.4	0	0	0	0.195298	7.588361	120.5117	414.5381	589.7059	688.3127	774.2864	854.1105	911.9487	1002.868	1086.568	1149.095	1220.601	1301.842	1375.398
352.5	0	0	0	0.195298	7.588361	120.7182	414.6957	589.4394	687.9174	773.6334	853.7541	911.691	1003.285	1085.824	1147.666	1220.095	1302.379	1373.698
352.6	0	0	0	0.195298	7.588361	121.0623	415.011	589.5283	687.9174	773.4158	853.8729	910.7892	1003.007	1086.865	1148.46	1217.731	1301.485	1373.132
352.7	0	0	0	0.195298	7.529537	120.9247	415.8781	588.1959	687.8185	774.6129	853.7541	911.0469	1001.202	1086.27	1148.301	1218.406	1301.127	1373.698
352.8	0	0	0	0.195298	7.529537	120.8558	416.0357	588.1959	687.3245	774.2864	854.1105	911.3046	1002.452	1085.675	1147.507	1218.575	1299.697	1372.754
352.9	0	0	0	0.1464735	7.470712	120.4429	415.7204	588.7288	687.8185	774.6129	854.467	911.3046	1002.174	1087.014	1147.666	1219.926	1299.518	1371.999
353	0	0	0	0.1464735	7.470712	120.2364	415.1687	588.1959	688.6091	773.5246	854.1105	910.4028	1002.174	1088.056	1147.825	1219.251	1300.591	1371.621
353.1	0	0	0	0.1464735	7.353063	120.3052	415.484	588.8176	688.4115	773.7422	852.5659	909.501	1003.007	1088.8	1147.348	1219.757	1300.769	1370.677
353.2	0	0	0	0.1464735	7.411888	120.2364	415.7993	588.4623	688.3127	773.6334	852.8035	909.7587	1002.868	1089.247	1148.142	1217.9	1299.697	1372.565
353.3	0	0	0	0.1464735	7.353063	120.1676	415.6416	587.7518	688.2139	773.9599	852.2094	910.7892	1003.562	1087.609	1149.572	1216.549	1298.624	1372.943
353.4	0	0	0	0.1464735	7.353063	120.4429	415.3263	587.7518	688.8068	773.3069	851.3776	909.7587	1003.84	1088.651	1149.254	1217.056	1298.266	1372.754
353.5	0	0	0	0.1464735	7.235414	120.3052	414.6169	588.8176	688.9056	772.9805	851.3776	910.4028	1003.562	1087.609	1150.366	1216.718	1297.551	1374.076
353.6	0	0	0	0.1464735	7.294239	120.1676	415.1687	588.1071	688.0162	772.9805	850.7834	911.0469	1002.591	1086.27	1150.048	1214.861	1298.445	1374.454
353.7	0	0	0	0.1464735	7.294239	119.8235	415.011	588.5511	688.5103	773.1981	850.9023	911.5622	1001.619	1087.014	1151.319	1214.861	1299.339	1375.209
353.8	0	0	0	0.1464735	7.353063	119.8235	414.8534	588.3735	688.3127	773.1981	851.6152	911.0469	1001.48	1087.312	1149.889	1214.186	1299.518	1375.02
353.9	0	0	0	0.1464735	7.353063	119.7546	415.7204	587.7518	687.3245	773.1981	851.4964	910.6604	1000.508	1087.461	1149.731	1215.199	1298.445	1375.775
354	0	0	0	0.195298	7.353063	119.8235	415.8781	588.0182	687.2256	772.3275	851.0211	909.501	998.7035	1087.014	1149.413	1217.731	1297.193	1377.097
354.1	0	0	0	0.195298	7.353063	119.3417	416.1934	587.3965	687.4233	771.7834	850.7834	908.7281	998.9811	1087.014	1149.572	1215.874	1295.583	1376.719
354.2	0	0	0	0.195298	7.411888	119.2729	416.1146	587.2188	687.9174	772.3275	849.8329	909.2433	998.8423	1086.419	1147.348	1217.225	1295.226	1375.587
354.3	0	0	0	0.195298	7.411888	119.5482	416.2722	588.1071	687.9174	771.5657	850.9023	908.4704	999.6753	1084.931	1146.713	1218.069	1294.511	1373.887
354.4	0	0	0	0.195298	7.411888	119.1352	416.824	588.0182	687.3245	771.5657	851.6152	908.8569	1000.786	1085.228	1146.713	1217.731	1295.047	1372.565
354.5	0	0	0	0.195298	7.470712	119.1352	416.7451	587.8406	687.028	772.1099	850.9023	908.5992	1001.341	1085.972	1145.76	1216.718	1295.762	1370.677
354.6	0	0	0	0.195298	7.470712	118.9976	416.5875	587.5741	686.9291	772.001	850.7834	908.3416	1000.786	1086.121	1145.76	1217.056	1296.299	1371.055
354.7	0	0	0	0.195298	7.470712	118.9287	416.5087	587.8406	687.3245	771.5657	850.9023	908.5992	1001.202	1085.824	1144.648	1216.043	1296.299	1370.111
354.8	0	0	0	0.195298	7.411888	118.9287	416.824	588.1959	686.9291	771.8922	851.6152	908.8569	1001.758	1084.335	1143.854	1215.03	1295.941	1370.488
354.9	0	0	0	0.195298	7.411888	119.204	416.5875	587.7518	687.4233	772.1099	850.427	908.3416	1001.202	1084.335	1145.601	1216.212	1295.941	1368.978
355	0	0	0	0.195298	7.411888	119.204	415.9569	587.3965	686.7315	771.5657	849.9517	909.6298	1001.202	1084.038	1145.284	1215.199	1296.299	1370.299
355.1	0	0	0	0.195298	7.470712	119.2729	415.3263	587.6629	686.5338	770.9128	850.6646	910.1451	1001.202	1084.335	1146.395	1216.381	1295.226	1370.299
355.2	0	0	0	0.195298	7.353063	119.204	415.0898	587.9294	685.6444	769.9333	850.6646	911.8198	999.8141	1083.889	1145.284	1216.549	1296.656	1371.055
355.3	0	0	0	0.195298	7.353063	119.4793	414.8534	586.8635	685.5456	770.804	851.0211	913.2369	998.5647	1082.401	1145.442	1217.394	1297.014	1371.999
355.4	0	0	0	0.195298	7.353063	119.5482	414.6957	587.0411	685.348	770.4775	850.3082	913.2369	999.2588	1082.401	1147.031	1216.718	1298.087	1371.055
355.5	0	0	0	0.195298	7.353063	119.8235	414.9322	586.6859	686.5338	771.1304	850.7834	913.7522	999.6753	1080.317	1147.189	1217.056	1298.802	1371.432
355.6	0	0	0	0.195298	7.353063	119.6858	414.6957	586.7747	686.2374	771.2393	850.1893	913.1081	1000.231	1080.317	1148.142	1218.744	1296.478	1370.111
355.7	0	0	0	0.195298	7.294239	120.0299	414.6169	587.13	686.5338	771.6746	851.14	912.5928	1000.647	1079.424	1148.778	1217.9	1295.941	1370.111
355.8	0	0	0	0.195298	7.294239	120.0299	414.3804	586.6859	687.3245	772.4363	850.0705	912.7216	1001.758	1080.764	1149.413	1216.043	1293.974	1368.978
355.9	0	0	0	0.195298	7.235414	120.1676	414.3804	586.597	688.6091	772.654	851.2587	913.3657	999.9529	1081.061	1149.095	1217.394	1292.722	1368.6
356	0	0	0	0.195298	7.294239	120.3052	414.3016	586.6859	688.6091	772.654	850.6646	913.3657	999.5364	1081.656	1149.095	1217.394	1292.007	1368.789
356.1	0	0	0	0.195298	7.235414	120.0299	414.0651	586.6859	687.8185	772.654	851.7341	913.2369	999.2588	1081.061	1149.413	1216.381	1290.934	1367.656
356.2	0	0	0	0.195298	7.235414	120.2364	413.9075	586.9523	687.6209	772.2187	851.6152	913.3657	999.12	1080.912	1150.207	1216.212	1289.682	1367.656
356.3	0	0	0	0.195298	7.235414	120.5117	414.5381	586.1529	688.2139	771.5657	851.6152	912.9792	1000.786	1081.508	1149.572	1216.043	1289.861	1367.278
356.4	0	0	0	0.195298	7.235414	120.6494	414.4593	586.2418	687.2256	771.6746	850.7834	913.3657	1000.092	1080.912	1149.413	1215.874	1291.113	1367.467
356.5	0	0	0	0.195298	7.353063	120.7182	414.3804	585.7976	687.3245	770.804	850.6646	914.7828	999.5364	1082.103	1149.889	1216.718	1291.828	1367.845
356.6	0	0	0	0.195298	7.294239	121.0623	414.3016	585.4423	686.0397	771.8922	849.0011	915.8134	998.1482	1082.549	1148.619	1216.212	1292.722	1367.467
356.7	0	0	0	0.195298	7.294239	121.1311	413.5134	586.3306	685.842	772.9805	849.0011	914.654	998.0094	1084.038	1148.142	1215.874	1292.186	1366.901
356.8	0	0	0	0.195298	7.353063	121.4064	413.9075	586.8635	685.2491	773.5246	847.8129	913.881	997.3152	1085.228	1147.666	1215.705	1294.153	1365.579
356.9	0	0	0	0.195298	7.353063	121.2688	413.1981	587.3965	684.8538	773.6334	847.3375	914.3964	997.5929	1085.079	1147.825	1215.368	1296.478	1364.823
357	0	0	0	0.195298	7.294239	121.0623	413.5922	587.4853	685.4468	772.7628	846.7434	915.1693	998.5647	1084.931	1147.984	1214.523	1296.835	1364.823
357.1	0	0	0	0.195298	7.235414	121.2	412.6463	587.3965	686.1385	772.3275	846.0305	914.654	998.1482	1083.145	1148.301	1215.874	1296.656	1365.012
357.2	0	0	0	0.195298	7.176589	121.3376	413.3557	587.6629	685.5456	772.001	846.2681	913.4946	998.0094	1082.847	1147.825	1215.199	1297.372	1363.879
357.3	0	0	0	0.195298	7.235414	121.4064	413.3557	588.1071	683.9644	771.4569	847.5752	914.0099	997.8705	1082.698	1147.507	1215.874	1297.729	1365.579
357.4	0	0	0	0.195298	7.235414	121.4064	413.3557	588.0182	684.3597	771.2393	847.5752	914.1387	998.0094	1083.442	1145.919	1216.549	1298.087	1364.257
357.5	0	0	0	0.195298	7.176589	121.2	412.8039	588.0182	684.9526	771.1304	846.8622	914.0099	999.12	1083.294	1144.966	1216.549	1297.551	1366.145
357.6	0	0	0	0.195298	7.235414	121.2	412.2522	587.2188	685.6444	771.4569	845.7928	913.6234	998.8423	1083.591	1143.854	1215.368	1296.478	1366.712
357.7	0	0	0	0.195298	7.235414	120.787	412.1733	586.3306	686.1385	771.6746	845.3175	914.0099	1000.231	1083.74	1143.219	1215.368	1296.835	1368.034
357.8	0	0	0	0.195298	7.235414	120.8558	412.1733	585.2646	686.7315	771.7834	846.6246	912.8505	1000.369	1083.442	1143.695	1214.692	1295.226	1370.111
357.9	0	0	0	0.195298	7.294239	121.3376	411.5428	584.4653	686.2374	772.4363	847.694	911.4333	1000.092	1083.145	1142.742	1215.536	1295.405	1370.111
358	0	0	0	0.195298	7.235414	121.6129	412.9616	584.1099	686.5338	771.8922	848.0505	910.9181	1000.369	1082.996	1142.742	1215.368	1295.405	1370.866
358.1	0	0	0	0.195298	7.176589	121.7505	412.6463	583.577	686.5338	770.4775	847.694	911.1757	1000.786	1082.996	1141.472	1213.848	1294.689	1369.922
358.2	0	0	0	0.195298	7.235414	121.8194	412.0157	582.6888	686.3362	770.2598	847.0999	911.0469	1000.786	1082.847	1140.519	1215.03	1293.259	1369.544
358.3	0	0	0	0.195298	7.235414	122.0258	411.858	582.9552	686.2374	770.151	847.2188	911.0469	999.8141	1083.442	1139.566	1214.523	1292.722	1368.034
358.4	0	0	0	0.195298	7.235414	122.0947	410.9121	583.2217	686.8303	770.3687	848.0505	911.0469	999.2588	1083.442	1138.931	1212.16	1292.901	1365.012
358.5	0	0	0	0.195298	7.176589	122.5076	410.518	582.5111	685.842	769.4981	847.9316	910.6604	998.8423	1083.889	1138.454	1211.485	1293.795	1365.39
358.6	0	0	0	0.195298	7.294239	122.3011	409.9662	581.8893	686.8303	768.8452	848.407	910.5316	998.7035	1083.442	1138.454	1212.16	1292.544	1365.39
358.7	0	0	0	0.195298	7.294239	122.1635	409.5721	581.3564	687.7197	769.6069	849.4764	909.8875	998.287	1083.294	1139.883	1212.835	1292.544	1363.691
358.8	0	0	0	0.195298	7.294239	121.957	409.8086	582.067	688.1151	769.3893	848.8823	911.3046	998.7035	1081.508	1140.678	1211.316	1292.722	1365.579
358.9	0	0	0	0.195298	7.235414	122.3011	410.2027	581.8005	687.7197	767.8657	848.6446	910.6604	999.12	1082.103	1140.995	1212.16	1291.828	1366.145
359	0	0	0	0.195298	7.176589	122.0947	410.3604	583.2217	687.9174	767.5392	849.0011	911.3046	999.9529	1082.252	1141.313	1213.51	1292.186	1366.523
359.1	0	0	0	0.195298	7.235414	121.957	410.3604	583.3994	687.3245	768.1922	848.407	911.9487	999.8141	1081.508	1138.613	1213.51	1292.007	1366.334
359.2	0	0	0	0.195298	7.235414	121.957	411.0698	584.1988	686.1385	767.6481	849.0011	912.0775	999.3976	1082.847	1137.66	1213.679	1289.504	1365.012
359.3	0	0	0	0.195298	7.235414	122.0947	410.6757	584.6429	686.0397	767.7569	849.2388	911.9487	999.8141	1082.103	1137.978	1213.004	1289.861	1365.201
359.4	0	0	0	0.195298	7.235414	122.5076	410.9121	584.1099	685.842	767.6481	848.407	911.8198	1000.231	1081.805	1138.613	1212.16	1289.861	1366.145
359.5	0	0	0	0.195298	7.294239	122.7141	411.7004	584.1099	686.1385	768.6275	848.5258	911.1757	998.8423	1080.764	1139.248	1213.173	1290.04	1365.579
359.6	0	0	0	0.195298	7.294239	122.5076	411.5428	584.9982	686.6327	767.8657	849.0011	908.2128	998.287	1079.126	1138.613	1213.848	1290.576	1365.768
359.7	0	0	0	0.195298	7.294239	122.0947	411.9369	584.7317	686.6327	767.4304	849.4764	908.7281	998.0094	1079.275	1138.295	1213.679	1289.146	1366.712
359.8	0	0	0	0.195298	7.353063	122.0258	411.6216	585.5311	685.5456	768.4099	849.8329	908.8569	997.3152	1080.912	1137.978	1213.004	1287.358	1366.145
359.9	0	0	0	0.195298	7.235414	121.8882	410.991	585.7976	686.2374	768.1922	849.7141	908.7281	998.287	1079.722	1138.295	1211.485	1287.536	1365.956
360	0	0	0	0.195298	7.235414	121.6817	412.0157	586.3306	685.4468	767.2128	849.4764	908.7281	998.7035	1079.424	1138.454	1211.485	1287.179	1366.712
360.1	0	0	0	0.195298	7.176589	121.957	412.5675	586.2418	685.6444	768.1922	849.8329	908.0839	998.287	1079.424	1136.707	1212.498	1287.536	1369.355
360.2	0	0	0	0.195298	7.176589	121.8194	412.1733	586.3306	684.162	768.1922	848.8823	907.8263	998.7035	1079.573	1137.501	1214.186	1287	1368.411
360.3	0	0	0	0.195298	7.176589	121.8882	412.1733	585.62	684.6562	768.954	849.2388	908.9857	997.8705	1079.871	1138.295	1213.679	1288.431	1367.467
360.4	0	0	0	0.195298	7.000116	121.4753	412.331	585.2646	684.4585	769.8245	848.0505	908.7281	997.5929	1079.573	1138.613	1212.666	1288.073	1365.956
360.5	0	0	0	0.195298	7.000116	121.5441	412.331	584.4653	684.755	769.0628	848.407	908.7281	998.0094	1079.126	1138.295	1211.822	1288.073	1365.39
360.6	0	0	0	0.195298	7.000116	121.7505	412.7251	584.1988	684.3597	769.7157	849.0011	908.7281	998.4258	1078.829	1137.819	1211.316	1287.536	1365.579
360.7	0	0	0	0.195298	7.000116	121.6817	412.4098	583.6658	683.7667	770.3687	849.3575	910.4028	998.8423	1078.829	1138.136	1212.16	1285.927	1365.201
360.8	0	0	0	0.195298	7.058941	122.0258	413.1981	583.9323	683.3715	770.5863	848.8823	909.6298	998.7035	1078.829	1138.295	1212.329	1284.854	1365.201
360.9	0	0	0	0.195298	7.058941	121.8194	412.4098	584.1099	684.162	770.6951	849.1199	909.3722	998.287	1079.573	1137.342	1212.16	1285.748	1364.446
361	0	0	0	0.195298	7.000116	121.6129	412.6463	583.9323	684.0632	770.9128	849.0011	908.2128	997.7318	1080.317	1136.707	1210.978	1285.033	1363.124
361.1	0	0	0	0.195298	7.000116	121.4753	412.4098	584.4653	683.5691	770.4775	848.0505	907.4398	998.4258	1078.68	1137.025	1209.796	1284.675	1362.18
361.2	0	0	0	0.2441225	7.000116	121.4753	412.331	585.1758	684.755	771.0216	845.9117	906.538	998.1482	1078.234	1136.072	1209.121	1286.106	1363.691
361.3	0	0	0	0.2441225	7.000116	121.5441	411.9369	585.1758	683.5691	769.3893	846.5058	907.4398	999.2588	1078.085	1136.072	1209.29	1286.821	1363.313
361.4	0	0	0	0.2441225	7.000116	121.6817	411.3851	585.5311	683.2726	768.5187	846.7434	905.8939	999.3976	1077.489	1136.072	1209.796	1287	1362.935
361.5	0	0	0	0.2441225	6.941292	121.4064	411.5428	585.7088	683.6679	769.0628	845.7928	905.8939	1000.092	1076.596	1137.183	1209.459	1286.642	1363.313
361.6	0	0	0	0.2441225	6.823643	121.2688	411.9369	585.3535	683.2726	768.301	845.1987	907.1822	1000.647	1076.15	1137.501	1209.628	1285.212	1362.18
361.7	0	0	0	0.2441225	6.882467	121.1311	412.331	585.1758	682.4821	769.3893	844.3669	907.311	998.7035	1075.406	1138.772	1209.121	1284.854	1360.858
361.8	0	0	0	0.2441225	6.823643	121.2	412.331	585.1758	682.0867	769.0628	844.0104	906.6669	998.287	1075.852	1137.342	1208.952	1283.423	1360.103
361.9	0	0	0	0.2441225	6.823643	121.2688	412.5675	584.9094	681.2961	769.4981	844.3669	906.1516	997.7318	1076.894	1137.025	1208.783	1284.318	1361.236
362	0	0	0	0.2441225	6.764818	120.8558	412.4886	584.8206	681.4938	769.4981	844.3669	906.9245	997.5929	1076.448	1136.072	1210.641	1284.139	1361.614
362.1	0	0	0	0.2441225	6.764818	121.2	411.2274	585.1758	681.6915	769.6069	844.4858	907.4398	997.7318	1076.299	1136.707	1211.316	1283.96	1361.802
362.2	0	0	0	0.2441225	6.764818	121.1311	411.5428	584.4653	682.2844	770.151	844.7234	908.2128	997.7318	1076.448	1137.342	1210.978	1282.887	1362.369
362.3	0	0	0	0.2441225	6.705994	120.5805	410.5969	583.6658	682.9761	770.0422	844.7234	907.8263	997.4541	1075.852	1137.025	1210.978	1282.351	1362.18
362.4	0	0	0	0.2441225	6.705994	120.5805	410.2027	583.7546	682.4821	770.2598	844.6046	906.538	997.7318	1076.001	1136.548	1211.822	1283.066	1362.558
362.5	0	0	0	0.2441225	6.764818	120.5805	410.3604	584.2876	682.0867	769.7157	844.0104	906.2804	997.8705	1076.448	1137.342	1212.16	1283.602	1362.558
362.6	0	0	0	0.2441225	6.764818	120.3741	410.991	584.0211	681.7903	770.4775	843.8917	905.7651	997.5929	1077.192	1137.342	1212.329	1284.854	1362.558
362.7	0	0	0	0.2441225	6.764818	120.787	411.1486	583.8434	682.3832	770.9128	844.2481	906.9245	996.0659	1077.341	1136.707	1211.147	1283.602	1361.614
362.8	0	0	0	0.2441225	6.764818	120.6494	410.1239	583.4882	682.1855	771.2393	844.6046	907.311	995.927	1076.745	1136.072	1210.641	1285.212	1360.858
362.9	0	0	0	0.2441225	6.764818	120.3741	410.518	583.1329	682.3832	770.5863	845.0799	907.311	995.3717	1076.448	1136.707	1207.939	1285.927	1361.614
363	0	0	0	0.2441225	6.823643	120.5117	411.0698	582.8664	682.0867	770.151	844.9611	908.3416	994.8164	1076.299	1137.819	1209.121	1286.285	1360.292
363.1	0	0	0	0.2441225	6.823643	120.787	410.6757	582.8664	682.4821	769.6069	844.6046	908.4704	995.5106	1076.448	1137.025	1209.29	1285.748	1359.725
363.2	0	0	0	0.2441225	6.823643	120.6494	410.6757	583.8434	681.5926	769.4981	844.8422	907.1822	995.0941	1075.555	1137.501	1211.147	1285.569	1359.914
363.3	0	0	0	0.2441225	6.882467	121.1311	410.9121	583.3994	681.4938	769.4981	844.4858	908.5992	993.567	1077.192	1137.342	1210.641	1284.139	1359.159
363.4	0	0	0	0.2441225	6.882467	121.2	410.6757	583.3105	682.2844	770.9128	843.8917	908.9857	993.1505	1077.192	1137.501	1209.628	1283.781	1360.103
363.5	0	0	0	0.2441225	7.000116	121.4064	410.5969	582.8664	681.4938	770.9128	843.5352	908.3416	993.567	1078.085	1137.183	1209.459	1284.496	1358.592
363.6	0	0	0	0.2441225	6.941292	121.6817	410.991	582.6888	680.1102	771.2393	844.0104	909.501	993.1505	1076.448	1137.183	1209.121	1285.391	1357.459
363.7	0	0	0	0.2441225	7.000116	121.6129	411.2274	582.5111	679.715	770.6951	843.8917	909.2433	993.2893	1075.555	1136.707	1207.433	1284.496	1358.215
363.8	0	0	0	0.2441225	7.000116	121.5441	411.3063	582.5111	680.209	771.3481	843.654	908.5992	993.0117	1074.811	1136.548	1208.783	1285.927	1358.403
363.9	0	0	0	0.2441225	7.058941	121.6129	410.991	582.3334	680.0114	770.2598	842.941	907.1822	992.5952	1074.066	1135.754	1208.108	1284.854	1356.138
364	0	0	0	0.2441225	7.058941	121.6129	410.1239	581.5341	680.0114	769.9333	843.1787	906.7957	992.8729	1072.578	1135.595	1209.459	1284.675	1356.515
364.1	0	0	0	0.2441225	6.941292	121.6817	410.4392	581.6229	679.3196	770.0422	842.8222	907.311	993.4282	1074.215	1134.96	1209.29	1285.569	1356.704
364.2	0	0	0	0.2441225	6.882467	121.5441	410.8333	582.1558	678.8255	770.0422	843.4163	907.6974	993.8446	1074.215	1134.801	1208.783	1285.748	1357.082
364.3	0	0	0	0.2441225	6.882467	121.5441	411.5428	582.5111	678.7267	769.4981	842.4658	908.5992	994.2611	1073.62	1135.278	1208.952	1285.212	1357.271
364.4	0	0	0	0.2441225	6.882467	121.2688	412.2522	582.2446	678.3314	770.2598	842.8222	906.6669	993.4282	1073.322	1134.801	1207.433	1285.569	1357.459
364.5	0	0	0	0.2441225	6.882467	121.2	411.6216	582.4223	678.1337	771.1304	843.1787	907.4398	993.8446	1072.578	1135.119	1206.589	1286.106	1357.837
364.6	0	0	0	0.2441225	6.882467	121.1311	411.4639	582.6888	678.3314	770.2598	842.941	907.5687	992.8729	1072.281	1135.913	1206.589	1285.391	1356.138
364.7	0	0	0	0.2441225	6.882467	121.1311	411.0698	583.0441	679.0232	769.4981	842.2281	905.5074	992.5952	1073.173	1136.548	1207.095	1284.318	1356.515
364.8	0	0	0	0.2441225	6.882467	120.9935	410.518	582.9552	679.8138	769.7157	842.2281	904.9921	990.2352	1073.173	1138.136	1207.771	1283.066	1356.704
364.9	0	0	0	0.2441225	6.882467	120.6494	410.9121	582.7776	680.1102	769.1716	841.3963	905.2498	991.6234	1072.727	1137.025	1206.589	1281.814	1357.271
365	0	0	0	0.2441225	6.941292	120.3741	410.8333	583.8434	679.6161	769.3893	841.5151	904.6057	991.0681	1072.727	1136.866	1205.913	1283.066	1357.648
365.1	0	0	0	0.2441225	6.941292	120.6494	410.8333	583.2217	680.209	768.4099	841.7528	903.1886	990.374	1073.025	1136.866	1206.082	1281.635	1356.704
365.2	0	0	0	0.2441225	6.941292	120.6494	410.4392	583.3994	679.6161	769.4981	841.634	903.8327	988.9858	1073.173	1135.913	1204.225	1282.351	1357.648
365.3	0	0	0	0.2441225	6.941292	120.4429	410.8333	583.2217	679.6161	770.0422	840.8022	904.4769	990.374	1072.578	1136.548	1203.381	1283.066	1358.215
365.4	0	0	0	0.2441225	6.941292	120.5805	410.2816	582.9552	680.3079	769.2805	840.921	903.5751	990.0964	1073.025	1138.931	1203.888	1282.351	1358.781
365.5	0	0	0	0.2441225	6.941292	120.6494	409.8086	582.5999	679.9126	769.0628	840.6833	902.4156	990.5128	1072.281	1138.772	1204.563	1282.529	1357.837
365.6	0	0	0	0.2441225	6.941292	120.3052	409.9662	582.5111	680.4067	769.1716	841.634	901.5139	990.9293	1071.239	1138.295	1204.056	1282.351	1357.837
365.7	0	0	0	0.2441225	6.941292	120.3741	409.4145	583.2217	681.395	768.301	842.941	901.2562	992.3176	1070.643	1137.501	1203.381	1282.529	1357.082
365.8	0	0	0	0.2441225	6.941292	120.0988	409.2568	582.9552	681.9879	768.8452	842.4658	900.9986	993.4282	1070.197	1137.183	1202.875	1283.245	1355.949
365.9	0	0	0	0.2441225	6.941292	120.2364	409.5721	582.8664	681.9879	768.5187	842.941	900.4833	992.1787	1069.453	1136.707	1203.212	1281.993	1353.872
366	0	0	0	0.2441225	7.000116	120.5117	410.2027	583.1329	682.4821	768.4099	842.8222	900.0968	992.1787	1070.643	1136.707	1203.043	1281.993	1353.116
366.1	0	0	0	0.2441225	7.000116	120.4429	410.5969	582.3334	682.0867	769.1716	843.4163	898.9374	991.6234	1071.834	1136.866	1203.212	1283.245	1351.606
366.2	0	0	0	0.2441225	7.000116	120.6494	410.3604	582.4223	681.7903	769.6069	843.1787	898.6797	990.0964	1070.941	1137.342	1203.043	1283.066	1350.85
366.3	0	0	0	0.2441225	7.000116	120.6494	409.6509	582.2446	681.9879	768.8452	843.654	898.9374	989.6799	1070.941	1137.183	1203.043	1282.351	1349.718
366.4	0	0	0	0.2441225	6.941292	120.3052	409.8086	582.067	680.9997	768.6275	843.5352	898.5509	990.6517	1071.536	1137.342	1203.043	1281.993	1350.85
366.5	0	0	0	0.2441225	6.941292	120.4429	410.0451	583.1329	680.9008	769.9333	843.5352	898.6797	990.374	1070.346	1135.119	1203.55	1281.993	1351.417
366.6	0	0	0	0.2441225	6.882467	120.6494	409.7298	582.8664	680.6044	768.8452	843.5352	900.3545	989.9575	1068.262	1134.642	1203.381	1281.456	1350.284
366.7	0	0	0	0.2441225	6.823643	120.5117	409.4145	582.7776	680.209	768.954	842.8222	899.7103	990.6517	1068.262	1135.278	1204.563	1281.993	1351.417
366.8	0	0	0	0.2441225	6.823643	120.5117	408.705	582.4223	680.6044	769.4981	842.941	900.2256	990.374	1068.411	1133.848	1205.238	1280.92	1351.606
366.9	0	0	0	0.2441225	6.823643	120.4429	408.2321	581.6229	680.209	768.5187	843.1787	899.8392	988.8469	1068.709	1134.325	1205.913	1279.847	1351.417
367	0	0	0	0.2441225	6.823643	120.5805	408.3109	581.8005	680.5056	767.7569	843.5352	900.741	988.5693	1068.114	1134.642	1204.732	1280.562	1352.55
367.1	0	0	0	0.2441225	7.000116	120.6494	408.1533	581.7117	679.8138	766.8863	842.3469	899.8392	989.1246	1066.774	1134.483	1205.576	1280.92	1352.928
367.2	0	0	0	0.2441225	7.000116	120.5117	407.838	581.2676	679.5173	767.1039	841.9904	898.5509	989.2634	1066.774	1132.736	1204.732	1281.814	1353.494
367.3	0	0	0	0.2441225	7.000116	120.5805	407.9168	581.4452	678.7267	766.0157	841.634	898.4221	989.5411	1067.369	1132.578	1205.238	1280.92	1355.382
367.4	0	0	0	0.2441225	6.941292	121.0623	407.6015	581.8893	678.9244	765.1451	841.3963	898.8086	989.4022	1067.072	1133.531	1203.381	1280.383	1355.382
367.5	0	0	0	0.2441225	6.941292	120.9935	407.838	580.9123	678.6279	764.7098	841.0399	899.7103	988.8469	1066.03	1133.531	1204.563	1282.172	1355.571
367.6	0	0	0	0.2441225	6.941292	120.5805	407.7592	580.8234	678.2326	764.601	840.0892	900.2256	988.9858	1065.286	1132.736	1206.251	1282.529	1355.005
367.7	0	0	0	0.2441225	7.000116	120.7182	407.5227	580.8234	677.7385	764.9274	839.4951	901.3851	988.1528	1065.583	1133.054	1207.602	1282.887	1354.627
367.8	0	0	0	0.2441225	7.000116	120.7182	407.9956	580.4681	677.5408	765.0363	840.3269	901.1274	987.3199	1065.435	1133.372	1210.134	1282.172	1354.816
367.9	0	0	0	0.2441225	7.058941	120.6494	407.6803	580.2017	677.2443	764.601	839.2575	901.9004	987.3199	1067.221	1135.754	1209.628	1281.814	1354.438
368	0	0	0	0.2441225	7.000116	120.6494	407.7592	580.2017	676.3549	765.5804	840.0892	903.0598	986.6257	1066.328	1134.96	1208.783	1282.172	1355.76
368.1	0	0	0	0.2441225	7.058941	120.5805	407.6015	580.5569	676.1573	764.9274	840.3269	902.158	985.3763	1066.625	1135.119	1209.628	1280.205	1353.494
368.2	0	0	0	0.2441225	6.941292	120.3052	408.4686	579.9352	677.1455	765.6892	840.6833	902.0292	986.2093	1066.476	1134.166	1209.459	1279.668	1351.795
368.3	0	0	0	0.2441225	6.941292	120.0299	408.5474	579.0469	677.0467	765.5804	840.5646	902.2869	986.4869	1068.411	1133.689	1209.121	1279.847	1352.928
368.4	0	0	0	0.2441225	6.941292	120.3741	408.7839	578.6028	677.3431	766.1245	840.4457	902.2869	986.6257	1068.262	1133.054	1207.771	1280.383	1352.361
368.5	0	0	0	0.2441225	7.000116	120.0988	408.8627	578.8693	677.7385	765.4716	839.8516	901.7715	986.7646	1069.155	1133.848	1206.926	1279.847	1352.55
368.6	0	0	0	0.2441225	6.941292	120.2364	408.8627	578.1587	677.8373	765.0363	840.5646	902.931	987.0422	1069.602	1132.895	1206.251	1280.383	1351.983
368.7	0	0	0	0.2441225	6.941292	120.2364	408.7839	577.2704	678.3314	765.798	841.0399	902.931	985.3763	1069.304	1133.054	1206.926	1280.205	1351.417
368.8	0	0	0	0.2441225	6.941292	119.8235	408.5474	576.4711	678.6279	764.8186	841.9904	902.5445	985.654	1069.304	1133.054	1204.563	1279.847	1351.228
368.9	0	0	0	0.2441225	6.941292	119.5482	408.3109	575.494	679.6161	764.8186	840.921	902.931	985.7928	1069.155	1133.531	1203.55	1280.205	1350.85
369	0	0	0	0.2441225	7.058941	119.1352	408.1533	576.1157	679.3196	764.601	839.8516	902.4156	984.2657	1068.709	1133.213	1204.563	1281.278	1351.983
369.1	0	0	0	0.2441225	7.058941	119.3417	407.9168	575.2275	679.3196	765.4716	841.0399	901.6427	986.2093	1068.56	1133.848	1204.056	1282.172	1353.683
369.2	0	0	0	0.195298	7.058941	119.4105	408.4686	574.5169	678.9244	764.3833	841.634	900.741	986.4869	1070.197	1132.101	1203.043	1280.92	1354.438
369.3	0	0	0	0.195298	7.058941	119.2729	408.3109	574.2504	678.0349	763.4039	841.3963	900.3545	985.3763	1070.792	1131.466	1204.056	1281.456	1351.983
369.4	0	0	0	0.195298	7.117765	119.617	408.5474	574.6057	678.5291	762.9686	841.2775	899.3239	984.4045	1071.388	1129.719	1203.043	1282.351	1350.85
369.5	0	0	0	0.195298	7.117765	119.617	409.0992	574.6946	678.5291	763.5128	841.2775	900.2256	984.2657	1072.281	1128.925	1204.225	1279.489	1351.228
369.6	0	0	0	0.195298	7.117765	119.3417	409.4933	575.3163	677.8373	763.7304	840.3269	900.0968	983.9881	1071.685	1128.766	1204.732	1279.489	1351.795
369.7	0	0	0	0.195298	7.058941	119.617	408.9415	574.961	677.5408	763.4039	840.3269	899.1951	984.4045	1071.239	1129.401	1204.732	1279.311	1351.417
369.8	0	0	0	0.195298	7.058941	119.2729	408.7839	575.5828	677.6396	764.1656	839.2575	899.7103	984.821	1070.495	1129.878	1204.732	1277.522	1351.039
369.9	0	0	0	0.195298	7.000116	119.2729	408.0745	575.494	677.7385	763.4039	838.188	899.7103	983.7104	1070.346	1129.878	1203.043	1277.165	1351.606
370	0	0	0	0.195298	6.941292	119.204	407.9168	576.2046	678.2326	762.8598	838.4257	900.3545	983.4328	1069.155	1129.242	1203.212	1275.913	1350.095
370.1	0	0	0	0.195298	6.941292	118.9976	408.1533	576.7375	677.9361	762.4245	838.3069	900.2256	984.6822	1068.56	1128.925	1203.381	1275.555	1349.906
370.2	0	0	0	0.195298	6.941292	119.0664	408.7839	575.8492	677.8373	763.4039	838.901	898.4221	984.4045	1068.858	1127.495	1203.719	1274.482	1348.962
370.3	0	0	0	0.195298	7.000116	119.1352	408.7839	576.2046	678.7267	763.2951	838.7822	897.2627	984.4045	1067.965	1127.177	1202.537	1275.019	1348.585
370.4	0	0	0	0.195298	6.941292	119.0664	408.7839	576.1157	677.8373	763.7304	838.3069	897.5203	984.2657	1068.262	1126.701	1202.875	1277.165	1348.585
370.5	0	0	0	0.195298	7.000116	119.204	408.7839	574.961	677.442	763.6216	837.8316	895.8456	984.9598	1069.602	1127.495	1201.186	1276.986	1348.962
370.6	0	0	0	0.195298	7.000116	119.4793	408.9415	575.1387	677.442	763.5128	837.8316	895.4592	985.0987	1068.114	1127.019	1201.018	1277.522	1347.641
370.7	0	0	0	0.195298	7.000116	119.5482	408.5474	574.6946	677.0467	763.5128	837.7128	894.5574	984.821	1067.518	1127.336	1200.68	1277.88	1348.962
370.8	0	0	0	0.195298	6.941292	119.4105	408.6263	575.1387	677.2443	762.3157	837.5939	893.9133	984.821	1067.816	1127.336	1199.836	1277.165	1349.529
370.9	0	0	0	0.195298	6.882467	119.2729	409.0204	574.3392	676.4537	760.9009	837.4751	892.8826	983.4328	1067.518	1125.43	1199.667	1275.734	1351.983
371	0	0	0	0.195298	6.882467	119.4105	408.6263	573.8951	676.5526	759.7039	836.6434	894.1709	982.8775	1068.56	1125.589	1200.342	1276.449	1352.928
371.1	0	0	0	0.195298	6.882467	119.6858	408.8627	574.0728	676.1573	760.248	836.6434	893.5268	981.7669	1068.114	1125.272	1200.511	1276.271	1352.55
371.2	0	0	0	0.195298	6.941292	119.3417	408.6263	574.6946	676.5526	759.4862	837.4751	893.1403	982.8775	1067.369	1125.272	1201.693	1274.482	1351.228
371.3	0	0	0	0.195298	6.941292	119.5482	408.5474	575.2275	677.0467	759.2686	836.881	893.2691	983.1552	1065.732	1125.272	1201.355	1275.376	1351.039
371.4	0	0	0	0.195298	6.941292	119.9611	408.3898	575.5828	677.7385	758.5068	836.4057	893.1403	983.2939	1066.923	1125.43	1201.355	1275.555	1350.095
371.5	0	0	0	0.195298	6.941292	119.7546	408.4686	575.494	677.6396	758.3979	836.9998	893.5268	982.5999	1066.923	1124.795	1203.55	1275.734	1350.284
371.6	0	0	0	0.195298	6.882467	119.7546	408.4686	575.4052	677.7385	757.6362	835.9304	893.3979	982.5999	1066.03	1124.954	1201.693	1275.019	1350.662
371.7	0	0	0	0.195298	6.823643	120.0299	408.705	575.5828	678.1337	758.5068	836.0492	892.7538	982.0446	1065.286	1125.907	1201.355	1275.913	1351.983
371.8	0	0	0	0.195298	6.882467	120.0299	408.8627	576.2934	678.3314	758.2892	835.0986	893.0115	981.4893	1066.03	1127.654	1201.355	1276.986	1349.718
371.9	0	0	0	0.195298	6.941292	120.0988	408.3898	575.494	677.7385	759.2686	835.0986	892.7538	982.1833	1067.518	1126.86	1200.342	1276.807	1349.906
372	0	0	0	0.195298	7.000116	120.1676	408.0745	575.1387	677.442	759.3774	835.4551	893.6556	982.0446	1067.667	1127.972	1200.173	1276.807	1351.039
372.1	0	0	0	0.195298	7.000116	119.8923	408.0745	574.961	677.1455	759.1597	834.148	893.5268	982.1833	1067.518	1126.86	1199.161	1276.271	1350.284
372.2	0	0	0	0.195298	6.882467	120.0299	407.838	575.494	676.4537	760.248	833.7916	894.1709	981.3504	1068.56	1126.542	1198.485	1277.88	1351.606
372.3	0	0	0	0.195298	6.823643	119.8923	407.2862	575.4052	675.762	760.6833	833.1974	894.1709	982.0446	1066.923	1125.43	1199.329	1276.807	1351.417
372.4	0	0	0	0.195298	6.823643	119.8923	407.4439	574.961	676.0585	761.3362	832.4845	894.2997	982.1833	1066.476	1125.748	1198.316	1277.701	1352.55
372.5	0	0	0	0.195298	6.823643	119.4793	408.6263	575.4052	676.4537	761.6627	832.2468	895.2015	981.3504	1066.179	1126.701	1197.472	1276.986	1352.55
372.6	0	0	0	0.195298	6.823643	119.7546	408.6263	575.5828	675.5643	760.7921	832.7221	893.7844	980.5175	1066.179	1126.383	1198.823	1276.449	1351.417
372.7	0	0	0	0.195298	6.764818	120.0299	408.7839	574.8722	675.9596	761.1186	832.128	894.5574	980.934	1066.625	1126.383	1199.667	1277.165	1349.906
372.8	0	0	0	0.195298	6.764818	120.0988	409.2568	575.5828	675.6631	761.8804	831.2963	895.3303	979.4069	1064.691	1127.019	1200.511	1277.701	1350.662
372.9	0	0	0	0.195298	6.823643	120.0988	409.4145	576.0269	674.9714	762.8598	832.7221	894.5574	978.8516	1063.946	1127.813	1200.342	1278.059	1350.284
373	0	0	0	0.195298	6.764818	120.2364	409.7298	574.961	673.9832	761.8804	832.4845	895.2015	978.7128	1063.5	1127.336	1200.173	1277.343	1349.151
373.1	0	0	0	0.195298	6.764818	120.4429	409.4145	575.1387	674.8726	762.098	831.8904	894.9438	978.9904	1063.5	1126.542	1198.992	1276.449	1350.284
373.2	0	0	0	0.195298	6.764818	120.4429	409.9662	575.494	674.576	762.4245	832.128	894.815	979.5457	1063.5	1124.636	1199.329	1275.555	1348.018
373.3	0	0	0	0.195298	6.705994	120.4429	409.4145	575.8492	674.082	762.751	831.415	894.5574	979.5457	1062.756	1125.272	1197.641	1274.84	1347.829
373.4	0	0	0	0.195298	6.705994	120.6494	409.5721	576.2046	673.1925	763.1863	831.415	893.3979	978.9904	1063.053	1124.954	1195.784	1274.661	1348.018
373.5	0	0	0	0.195298	6.705994	120.7182	409.0992	575.4052	672.7972	762.9686	832.3657	892.7538	978.0186	1061.268	1126.225	1194.602	1272.515	1346.885
373.6	0	0	0	0.195298	6.764818	121.2688	408.9415	574.5169	672.5996	762.9686	831.2963	893.0115	977.6022	1059.779	1126.701	1194.265	1273.23	1346.13
373.7	0	0	0	0.195298	6.705994	121.2	408.7839	573.8951	672.3031	762.9686	831.1774	893.0115	977.6022	1060.523	1126.86	1193.589	1272.694	1346.319
373.8	0	0	0	0.195298	6.764818	120.9935	408.4686	574.2504	672.5996	762.2068	830.8209	893.1403	979.1292	1061.565	1127.177	1192.914	1271.8	1346.13
373.9	0	0	0	0.195298	6.764818	120.9935	408.5474	574.1616	672.2043	762.2068	831.1774	893.0115	978.7128	1062.012	1127.177	1193.589	1271.8	1345.375
374	0	0	0	0.195298	6.764818	120.5805	408.3898	574.6057	672.2043	762.9686	831.5339	891.4656	979.5457	1061.119	1127.177	1194.265	1271.621	1344.808
374.1	0	0	0	0.195298	6.764818	120.0988	408.3109	574.7834	672.6984	762.5333	832.6033	893.0115	979.8234	1062.161	1127.654	1193.758	1271.621	1345.375
374.2	0	0	0	0.195298	6.647169	119.9611	409.4145	575.0499	673.1925	760.9009	833.6727	893.0115	980.934	1062.905	1126.225	1193.42	1273.409	1344.997
374.3	0	0	0	0.2441225	6.705994	119.8923	409.6509	575.3163	672.5007	760.1392	832.7221	893.1403	982.461	1062.756	1125.272	1195.615	1272.336	1345.941
374.4	0	0	0	0.2441225	6.705994	119.9611	409.8874	574.8722	672.2043	760.248	833.6727	893.6556	983.4328	1061.863	1125.748	1195.953	1271.8	1345.941
374.5	0	0	0	0.2441225	6.647169	120.0988	409.3357	574.8722	671.9078	760.0303	833.4351	894.1709	982.7386	1061.565	1125.748	1196.628	1271.979	1345.563
374.6	0	0	0	0.2441225	6.647169	120.0299	408.8627	575.5828	672.2043	760.0303	834.0292	893.6556	982.8775	1060.672	1126.225	1197.303	1270.548	1346.696
374.7	0	0	0	0.2441225	6.647169	119.7546	409.0204	575.4052	671.3149	759.4862	834.3857	893.7844	981.6281	1060.821	1126.383	1198.485	1270.012	1346.319
374.8	0	0	0	0.2441225	6.647169	119.6858	409.5721	574.5169	671.9078	758.9421	835.4551	893.3979	983.2939	1060.523	1126.066	1198.316	1270.012	1347.829
374.9	0	0	0	0.2441225	6.647169	119.7546	409.2568	574.0728	673.3902	759.3774	834.9798	892.4962	983.7104	1061.714	1127.019	1197.472	1270.369	1347.641
375	0	0	0	0.2441225	6.647169	119.6858	409.178	574.6946	674.6749	760.0303	834.3857	891.7232	981.9057	1061.565	1126.86	1197.641	1270.012	1345.752
375.1	0	0	0	0.2441225	6.647169	119.5482	408.8627	574.7834	675.2678	761.0098	834.0292	890.5638	981.6281	1060.672	1127.019	1196.797	1268.939	1345.563
375.2	0	0	0	0.2441225	6.647169	119.8235	408.3898	575.5828	675.4655	759.9215	833.5539	890.8215	981.2116	1061.268	1127.019	1196.966	1267.329	1345.941
375.3	0	0	0	0.2441225	6.647169	119.7546	408.4686	576.5599	675.4655	760.0303	833.7916	891.7232	980.934	1061.268	1127.654	1196.628	1268.581	1344.997
375.4	0	0	0	0.2441225	6.647169	119.8923	408.7839	577.0928	676.0585	760.0303	834.2668	890.9503	982.1833	1062.012	1126.383	1197.641	1268.402	1345.941
375.5	0	0	0	0.2441225	6.647169	120.0299	409.0992	577.2704	675.6631	760.5745	834.9798	890.6926	982.1833	1061.863	1125.748	1199.667	1266.972	1345.752
375.6	0	0	0	0.2441225	6.647169	120.3052	409.0992	576.4711	675.5643	760.248	834.7421	890.0485	980.6563	1062.012	1126.383	1199.667	1266.793	1344.053
375.7	0	0	0	0.2441225	6.764818	120.2364	408.6263	577.3593	675.169	761.3362	834.2668	890.9503	980.7951	1061.714	1125.748	1199.667	1267.15	1344.997
375.8	0	0	0	0.2441225	6.764818	120.3741	408.705	577.6257	676.0585	761.4451	833.3163	891.0791	982.5999	1061.416	1126.542	1198.485	1267.866	1344.619
375.9	0	0	0	0.2441225	6.764818	120.2364	409.178	577.9811	676.8491	760.9009	832.0092	891.2079	982.3222	1060.077	1125.748	1196.797	1268.76	1343.486
376	0	0	0	0.2441225	6.764818	120.3052	409.0204	578.7805	676.1573	760.3568	833.1974	891.2079	982.1833	1058.738	1125.113	1196.966	1266.614	1345.186
376.1	0	0	0	0.2441225	6.764818	120.1676	408.6263	577.8922	676.3549	760.6833	833.3163	890.8215	981.0728	1056.952	1124.478	1196.797	1265.183	1344.808
376.2	0	0	0	0.2441225	6.823643	120.1676	408.705	577.5369	675.4655	761.0098	832.3657	890.0485	979.8234	1056.208	1124.795	1196.29	1265.183	1345.375
376.3	0	0	0	0.2441225	6.882467	120.2364	408.7839	576.5599	676.3549	761.9892	831.0586	890.9503	979.1292	1058.291	1124.001	1193.42	1266.793	1344.619
376.4	0	0	0	0.2441225	6.823643	120.0299	408.2321	576.5599	675.8608	762.098	830.9398	891.2079	979.6845	1058.738	1122.889	1192.407	1265.005	1343.297
376.5	0	0	0	0.2441225	6.941292	120.1676	408.2321	575.8492	675.762	761.0098	830.8209	892.625	978.8516	1059.035	1122.413	1192.239	1265.72	1343.675
376.6	0	0	0	0.2441225	7.000116	120.4429	408.2321	575.5828	674.7737	760.3568	831.1774	892.4962	978.4351	1059.333	1120.825	1193.589	1265.899	1342.92
376.7	0	0	0	0.2441225	7.000116	120.5805	408.705	575.5828	675.0702	760.5745	830.9398	891.8521	979.1292	1059.928	1120.189	1195.615	1266.078	1342.731
376.8	0	0	0	0.2441225	7.000116	120.787	408.9415	574.8722	674.8726	760.1392	831.2963	892.2385	978.9904	1059.184	1121.301	1195.615	1266.972	1342.731
376.9	0	0	0	0.2441225	7.000116	120.9935	409.178	574.7834	675.0702	761.1186	832.4845	890.6926	978.9904	1057.696	1122.889	1196.628	1265.72	1340.465
377	0	0	0	0.292947	7.058941	120.9247	409.8874	575.2275	675.0702	761.6627	832.0092	890.435	979.2681	1058.589	1122.095	1197.303	1263.753	1340.654
377.1	0	0	0	0.292947	7.058941	120.9935	409.8874	575.9381	674.7737	761.7715	831.5339	890.6926	978.9904	1058.142	1123.366	1196.797	1264.647	1340.465
377.2	0	0	0	0.292947	7.058941	120.9247	409.8086	575.5828	674.4772	760.6833	831.5339	891.7232	979.2681	1058.886	1122.73	1198.316	1264.468	1340.088
377.3	0	0	0	0.292947	7.000116	120.7182	410.0451	575.1387	674.9714	760.248	830.5833	890.6926	979.5457	1058.291	1122.413	1196.122	1263.753	1341.598
377.4	0	0	0	0.292947	7.058941	120.9247	409.8086	575.494	674.6749	760.1392	830.5833	890.5638	978.8516	1058.291	1122.095	1194.94	1263.932	1341.976
377.5	0	0	0	0.292947	7.058941	120.7182	410.0451	575.8492	675.0702	760.0303	831.8904	890.9503	978.7128	1058.589	1123.207	1195.784	1263.395	1340.843
377.6	0	0	0	0.292947	7.058941	120.5117	409.8086	575.5828	675.169	759.8127	832.3657	889.9197	978.4351	1058.738	1123.207	1195.615	1262.859	1338.955
377.7	0	0	0	0.292947	7.000116	120.8558	410.2027	575.2275	674.9714	759.2686	831.415	890.0485	976.908	1059.333	1120.983	1196.459	1261.786	1339.521
377.8	0	0	0	0.292947	7.000116	121.2688	409.8874	575.9381	674.576	758.1804	831.0586	888.8891	977.0469	1058.589	1120.666	1194.096	1263.037	1338.388
377.9	0	0	0	0.292947	7.058941	121.2688	409.8086	576.4711	675.0702	757.2009	830.9398	888.7603	975.5198	1059.035	1120.03	1194.602	1264.11	1339.899
378	0	0	0	0.292947	7.058941	121.0623	410.1239	576.2046	673.8843	757.2009	830.2268	889.5332	977.3245	1059.184	1120.189	1193.083	1263.395	1339.71
378.1	0	0	0	0.292947	7.176589	120.8558	410.0451	576.0269	673.6866	757.7451	829.7515	889.9197	976.6304	1059.928	1120.03	1193.589	1263.574	1338.577
378.2	0	0	0	0.292947	7.294239	121.1311	409.9662	576.1157	673.3902	757.4186	829.6327	889.2756	976.7692	1061.119	1119.872	1192.914	1263.395	1338.199
378.3	0	0	0	0.292947	7.235414	121.0623	410.0451	575.3163	672.9949	757.5274	828.9197	889.5332	976.908	1060.672	1118.76	1193.252	1264.826	1339.521
378.4	0	0	0	0.292947	7.176589	121.2	409.9662	575.3163	673.5878	757.0921	829.2762	888.8891	976.908	1060.375	1120.666	1194.096	1262.859	1341.032
378.5	0	0	0	0.292947	7.176589	121.1311	409.3357	575.1387	675.5643	756.9833	827.6127	888.6314	977.0469	1060.523	1122.572	1194.096	1261.964	1339.71
378.6	0	0	0	0.292947	7.176589	121.1311	409.9662	573.9839	674.576	757.0921	827.9692	888.5026	977.3245	1061.268	1122.889	1193.42	1260.713	1339.899
378.7	0	0	0	0.292947	7.176589	121.2	410.2816	573.9839	673.9832	756.9833	827.4938	889.2756	976.908	1060.672	1123.525	1194.096	1260.534	1340.465
378.8	0	0	0	0.292947	7.176589	120.9935	410.3604	573.9839	673.1925	756.548	827.6127	888.8891	977.8798	1059.333	1123.525	1194.771	1260.892	1339.332
378.9	0	0	0	0.292947	7.176589	120.9935	410.3604	573.5399	673.489	755.5685	827.4938	889.5332	978.2963	1058.886	1123.842	1196.122	1261.07	1339.71
379	0	0	0	0.292947	7.176589	120.9247	410.2027	573.3622	673.8843	757.7451	826.7809	889.7908	978.9904	1059.035	1123.683	1196.628	1261.07	1338.388
379.1	0	0	0	0.292947	7.235414	120.9935	410.0451	573.3622	673.7855	757.3098	826.6621	889.4044	979.4069	1060.97	1123.366	1196.122	1263.216	1336.877
379.2	0	0	0	0.292947	7.117765	120.6494	409.8086	573.0069	673.2914	757.5274	826.8997	888.8891	978.7128	1060.97	1123.525	1195.953	1263.037	1338.199
379.3	0	0	0	0.292947	7.117765	120.4429	409.3357	572.4739	672.6984	759.0509	826.6621	888.3738	978.9904	1060.672	1124.001	1196.29	1263.395	1338.199
379.4	0	0	0	0.292947	7.117765	120.5117	408.4686	572.2963	672.2043	757.6362	825.9492	888.7603	979.5457	1061.863	1122.73	1195.615	1262.322	1338.766
379.5	0	0	0	0.292947	7.117765	120.4429	408.6263	573.0069	672.1055	756.9833	826.5433	888.245	978.2963	1061.268	1121.46	1195.615	1262.143	1337.633
379.6	0	0	0	0.292947	7.117765	120.4429	408.3898	572.8292	672.1055	757.0921	826.7809	887.9873	978.0186	1060.226	1120.348	1194.265	1263.395	1335.933
379.7	0	0	0	0.292947	7.176589	120.4429	407.7592	572.2075	671.6113	757.2009	826.6621	888.7603	978.0186	1060.226	1119.713	1193.252	1264.11	1335.745
379.8	0	0	0	0.292947	7.176589	120.4429	407.1286	572.1187	671.6113	756.9833	826.4244	889.9197	979.1292	1059.482	1119.236	1194.602	1263.753	1336.877
379.9	0	0	0	0.292947	7.176589	120.3052	406.9709	572.9181	671.7101	756.548	826.6621	889.662	980.2398	1058.738	1118.283	1194.433	1265.362	1336.122
380	0	0	0	0.292947	7.176589	119.8235	407.4439	573.0069	671.3149	758.0715	824.6421	891.0791	979.1292	1057.845	1118.442	1193.927	1266.078	1336.5
380.1	0	0	0	0.292947	7.235414	119.7546	407.3651	572.6516	671.1172	757.8539	823.9291	891.4656	978.4351	1057.1	1117.966	1193.42	1265.899	1337.633
380.2	0	0	0	0.292947	7.176589	119.8235	407.4439	572.0298	671.3149	758.1804	824.7609	890.435	978.9904	1057.249	1117.966	1193.589	1264.647	1337.633
380.3	0	0	0	0.292947	7.176589	119.6858	407.5227	571.8522	671.9078	757.7451	824.048	890.3062	977.4633	1057.696	1117.33	1192.914	1262.322	1336.689
380.4	0	0	0	0.292947	7.235414	119.6858	407.6803	571.3192	672.0067	757.5274	825.7115	890.6926	978.1575	1057.398	1117.013	1194.265	1263.574	1336.5
380.5	0	0	0	0.292947	7.176589	119.8923	408.7839	570.7863	671.7101	758.6156	826.6621	890.8215	977.3245	1056.059	1116.377	1194.433	1263.753	1335.933
380.6	0	0	0	0.292947	7.176589	120.1676	408.0745	571.4969	673.0937	758.9421	827.3751	890.5638	976.908	1056.208	1116.536	1193.083	1264.826	1336.311
380.7	0	0	0	0.292947	7.176589	120.4429	408.2321	571.408	672.8961	758.8333	827.2562	890.1773	976.908	1056.803	1117.172	1193.589	1265.362	1337.822
380.8	0	0	0	0.292947	7.176589	120.3741	407.0497	570.8751	672.5996	758.8333	827.9692	890.1773	978.5739	1057.249	1116.695	1192.407	1263.932	1338.766
380.9	0	0	0	0.292947	7.176589	120.2364	406.4192	570.6086	672.1055	759.3774	828.2068	890.435	978.4351	1056.059	1116.536	1191.901	1263.395	1338.955
381	0	0	0	0.292947	7.176589	120.1676	406.1039	570.3422	672.2043	759.2686	828.6821	890.3062	978.8516	1056.059	1115.583	1193.083	1264.289	1338.199
381.1	0	0	0	0.292947	7.176589	120.0299	405.7885	570.0757	671.3149	759.8127	829.0386	890.5638	978.0186	1055.91	1115.583	1190.382	1263.753	1338.955
381.2	0	0	0	0.292947	7.117765	119.8923	405.4733	569.5427	671.6113	759.3774	827.8503	891.4656	976.908	1056.208	1113.519	1190.044	1262.501	1338.199
381.3	0	0	0	0.292947	7.117765	119.4793	405.3944	569.9869	671.5125	759.7039	828.3256	891.0791	976.7692	1055.463	1113.677	1190.55	1260.713	1338.199
381.4	0	0	0	0.292947	7.117765	119.4793	406.025	569.0986	671.6113	759.595	829.0386	892.2385	975.7974	1056.208	1113.36	1189.875	1259.819	1339.71
381.5	0	0	0	0.292947	7.117765	119.6858	406.498	568.4768	671.0184	759.2686	828.3256	891.2079	977.1857	1055.761	1113.836	1190.382	1259.103	1338.388
381.6	0	0	0	0.292947	7.058941	119.8235	406.5768	568.388	670.2278	758.8333	828.3256	891.9809	977.6022	1052.933	1114.472	1190.888	1261.07	1338.955
381.7	0	0	0	0.292947	7.058941	119.9611	406.7344	568.2992	670.0302	758.8333	828.3256	891.3367	977.4633	1054.273	1114.63	1191.732	1261.964	1339.143
381.8	0	0	0	0.292947	7.000116	119.9611	406.4192	568.5657	670.2278	758.9421	827.8503	890.8215	976.6304	1055.463	1114.948	1190.888	1261.607	1337.255
381.9	0	0	0	0.292947	7.058941	120.2364	405.6309	568.5657	670.0302	758.3979	828.3256	890.1773	977.741	1054.719	1114.472	1189.537	1260.713	1338.199
382	0	0	0	0.292947	7.117765	119.8923	405.7097	569.0986	670.129	757.9627	827.3751	890.0485	977.4633	1054.719	1113.201	1189.2	1261.249	1338.388
382.1	0	0	0	0.292947	7.235414	119.8923	405.4733	568.8322	670.4254	757.4186	827.1374	889.5332	977.8798	1053.975	1112.566	1189.369	1262.501	1339.332
382.2	0	0	0	0.292947	7.176589	119.9611	405.6309	568.4768	670.5243	756.8745	826.7809	888.5026	976.908	1053.38	1112.407	1189.369	1262.143	1339.521
382.3	0	0	0	0.292947	7.235414	119.9611	404.7638	568.388	671.6113	757.2009	827.1374	886.9567	977.3245	1053.529	1112.407	1190.044	1260.355	1337.633
382.4	0	0	0	0.292947	7.176589	120.1676	405.0003	568.4768	672.1055	758.1804	827.2562	886.4414	976.6304	1053.38	1113.677	1190.382	1260.355	1337.444
382.5	0	0	0	0.292947	7.117765	120.0988	405.3156	567.4998	672.1055	757.9627	827.2562	885.9261	976.908	1054.273	1113.677	1189.706	1258.925	1336.5
382.6	0	0	0	0.292947	7.117765	119.9611	405.3944	568.0327	671.2161	758.1804	827.2562	886.0549	975.5198	1054.124	1113.519	1188.862	1258.567	1335.745
382.7	0	0	0	0.292947	7.176589	119.9611	404.8427	567.6774	671.5125	758.2892	828.3256	886.6991	975.5198	1053.529	1113.042	1188.862	1259.282	1334.989
382.8	0	0	0	0.292947	7.176589	119.8923	405.2368	568.1215	671.7101	758.2892	828.5633	885.4108	975.6586	1053.38	1113.836	1188.525	1256.779	1334.045
382.9	0	0	0	0.292947	7.176589	119.9611	404.7638	567.9439	671.809	758.0715	827.8503	884.3802	975.6586	1053.677	1115.107	1188.693	1256.421	1333.667
383	0	0	0	0.292947	7.176589	120.0299	405.0003	566.7892	671.809	757.7451	826.8997	885.4108	975.7974	1052.04	1114.789	1188.862	1256.421	1334.234
383.1	0	0	0	0.292947	7.235414	119.6858	405.4733	567.1445	671.2161	758.2892	827.4938	886.1838	975.5198	1051.892	1114.154	1186.836	1255.527	1334.045
383.2	0	0	0	0.292947	7.235414	119.5482	405.2368	566.9668	671.1172	757.9627	827.6127	885.282	976.7692	1052.338	1113.36	1185.148	1255.527	1334.423
383.3	0	0	0	0.292947	7.176589	119.5482	405.6309	567.4998	671.1172	758.5068	827.2562	885.0244	976.3527	1053.231	1113.519	1185.992	1254.454	1335.178
383.4	0	0	0	0.292947	7.176589	119.7546	405.5521	567.9439	671.6113	757.8539	827.6127	884.509	976.2139	1052.636	1113.36	1185.486	1255.527	1335.556
383.5	0	0	0	0.292947	7.176589	119.6858	405.7097	568.1215	672.3031	758.3979	828.3256	884.6379	976.6304	1053.231	1114.313	1184.642	1256.6	1334.8
383.6	0	0	0	0.292947	7.176589	119.5482	405.4733	567.7662	671.0184	757.8539	827.2562	884.8955	976.0751	1053.231	1114.472	1184.135	1258.03	1333.856
383.7	0	0	0	0.292947	7.176589	119.2729	405.7885	568.0327	670.8207	758.0715	825.8303	883.7361	976.3527	1053.231	1114.313	1183.966	1258.209	1333.479
383.8	0	0	0	0.292947	7.235414	119.1352	405.6309	567.0557	670.4254	759.1597	825.7115	884.509	975.5198	1053.975	1114.313	1185.486	1257.494	1333.101
383.9	0	0	0	0.292947	7.235414	119.1352	405.3944	567.0557	669.536	758.9421	826.0679	884.1226	974.9645	1055.463	1115.266	1184.81	1256.779	1332.157
384	0	0	0	0.292947	7.235414	119.2729	406.498	567.855	669.0419	759.1597	827.4938	884.3802	974.2704	1054.57	1114.472	1184.304	1257.673	1332.912
384.1	0	0	0	0.292947	7.235414	119.3417	406.7344	567.0557	668.2513	758.8333	827.0186	885.9261	974.4092	1054.719	1115.583	1184.135	1256.957	1333.667
384.2	0	0	0	0.292947	7.176589	119.3417	406.4192	567.5886	667.9548	759.3774	826.3056	883.6073	975.5198	1055.166	1115.742	1185.148	1255.706	1332.346
384.3	0	0	0	0.292947	7.117765	119.4105	406.5768	567.1445	668.0536	759.2686	825.7115	883.092	976.0751	1055.017	1114.948	1184.304	1255.527	1333.479
384.4	0	0	0	0.292947	7.176589	119.8235	406.025	567.5886	667.4607	759.3774	825.1174	883.4785	977.6022	1053.677	1114.313	1184.979	1254.99	1333.29
384.5	0	0	0	0.292947	7.176589	119.8235	405.9462	566.878	667.4607	759.7039	825.2362	885.1532	976.908	1053.677	1112.248	1185.823	1256.242	1333.29
384.6	0	0	0	0.292947	7.235414	119.6858	405.9462	566.345	667.9548	760.1392	825.2362	884.3802	978.0186	1053.975	1111.771	1185.823	1255.527	1332.535
384.7	0	0	0	0.292947	7.235414	120.3052	405.3944	566.7892	667.0654	759.9215	824.8797	883.7361	977.4633	1053.677	1111.454	1184.642	1255.706	1332.723
384.8	0	0	0	0.292947	7.176589	120.0299	405.0791	566.7003	668.0536	759.9215	824.6421	884.7667	976.6304	1053.826	1111.454	1184.81	1256.421	1331.968
384.9	0	0	0	0.292947	7.176589	120.0299	405.3156	566.2562	668.449	759.9215	824.2856	884.2514	976.4916	1054.422	1112.248	1186.161	1256.779	1331.213
385	0	0	0	0.292947	7.176589	120.0299	404.7638	566.345	667.4607	759.2686	824.6421	884.3802	976.3527	1054.422	1111.613	1185.992	1256.242	1330.646
385.1	0	0	0	0.292947	7.176589	119.7546	405.0791	566.7003	667.1642	757.3098	824.7609	883.9938	976.6304	1055.166	1111.136	1186.33	1256.779	1332.346
385.2	0	0	0	0.292947	7.176589	119.6858	404.5274	566.9668	667.4607	757.6362	824.6421	883.2208	976.3527	1054.273	1110.66	1185.823	1253.56	1332.912
385.3	0	0	0	0.292947	7.117765	119.4105	404.9215	566.4339	667.1642	757.0921	824.6421	883.9938	976.3527	1053.231	1111.136	1186.161	1253.202	1331.213
385.4	0	0	0	0.292947	7.117765	119.7546	405.3156	566.345	666.5713	757.4186	825.355	884.509	976.0751	1052.487	1108.595	1186.161	1252.308	1332.157
385.5	0	0	0	0.292947	7.117765	119.7546	406.025	566.2562	666.8677	757.4186	824.4044	884.2514	975.2421	1052.933	1107.483	1185.992	1253.381	1330.08
385.6	0	0	0	0.292947	7.058941	119.5482	406.1827	565.5457	666.5713	757.5274	824.9985	883.8649	977.0469	1052.338	1107.166	1186.161	1253.381	1329.702
385.7	0	0	0	0.292947	7.058941	119.5482	406.3403	565.1015	665.7807	756.7656	824.9985	882.8344	976.3527	1051.594	1106.689	1185.992	1254.096	1329.513
385.8	0	0	0	0.292947	7.058941	118.9976	406.498	565.9009	666.2748	758.0715	824.7609	882.9631	976.4916	1052.189	1105.895	1185.655	1253.023	1327.059
385.9	0	0	0	0.292947	7.058941	118.7911	406.6556	566.4339	665.7807	758.0715	824.2856	883.4785	976.908	1052.189	1105.895	1185.486	1254.096	1326.87
386	0	0	0	0.292947	7.117765	119.1352	406.8133	566.4339	666.176	758.1804	823.4538	884.3802	977.0469	1051.892	1104.783	1186.667	1253.381	1326.492
386.1	0	0	0	0.292947	7.176589	118.9976	406.7344	566.5227	666.3737	758.2892	822.7409	885.0244	975.9363	1052.487	1104.783	1187.512	1253.023	1329.324
386.2	0	0	0	0.292947	7.176589	118.9976	406.498	566.2562	666.6701	758.6156	820.8397	884.8955	974.1315	1050.701	1106.689	1187.512	1252.487	1331.024
386.3	0	0	0	0.292947	7.176589	119.4105	406.3403	565.9897	666.9666	758.0715	821.1962	884.7667	974.1315	1050.255	1107.96	1186.836	1253.023	1331.968
386.4	0	0	0	0.292947	7.176589	118.7911	406.2615	566.1674	667.2631	759.3774	821.4338	883.9938	972.3268	1049.213	1109.707	1185.655	1249.983	1331.968
386.5	0	0	0	0.292947	7.235414	118.7911	405.8674	566.2562	666.8677	759.595	820.8397	884.2514	973.4374	1049.362	1109.548	1185.655	1250.699	1331.779
386.6	0	0	0	0.292947	7.176589	118.7223	405.8674	566.345	666.7689	759.3774	821.5526	884.3802	971.9103	1048.617	1109.23	1184.979	1249.626	1331.402
386.7	0	0	0	0.292947	7.176589	118.6535	405.3944	566.7892	666.4725	759.2686	822.1467	885.9261	971.7715	1048.766	1109.707	1186.33	1249.626	1330.269
386.8	0	0	0	0.292947	7.117765	118.7223	405.4733	567.0557	665.9783	757.9627	821.9091	885.5397	971.7715	1049.808	1108.913	1186.33	1248.732	1328.38
386.9	0	0	0	0.292947	7.176589	119.0664	405.5521	567.4998	665.7807	757.3098	821.0773	885.282	972.188	1050.106	1110.66	1186.499	1249.089	1330.458
387	0	0	0	0.292947	7.235414	119.3417	406.4192	568.4768	665.9783	758.0715	820.6021	885.6685	971.0774	1050.552	1109.866	1185.992	1249.804	1329.702
387.1	0	0	0	0.292947	7.294239	119.3417	406.498	568.6545	665.4842	756.7656	819.5326	883.7361	970.7997	1050.403	1110.501	1186.667	1249.089	1329.702
387.2	0	0	0	0.292947	7.294239	119.2729	406.8921	568.2104	665.4842	756.1127	819.4138	883.8649	969.1339	1049.659	1110.024	1185.992	1249.268	1329.702
387.3	0	0	0	0.292947	7.235414	119.204	407.6015	568.8322	665.5831	756.1127	819.1761	883.8649	969.2727	1049.213	1110.183	1186.836	1249.268	1329.513
387.4	0	0	0	0.292947	7.294239	119.1352	407.2862	569.2762	665.2866	756.1127	819.7703	883.7361	968.9951	1048.617	1109.389	1186.499	1248.91	1329.702
387.5	0	0	0	0.292947	7.353063	119.1352	407.2074	568.388	665.3854	756.6568	819.4138	884.509	969.6891	1047.129	1108.595	1184.304	1249.268	1329.324
387.6	0	0	0	0.292947	7.353063	118.7223	406.5768	568.388	666.3737	757.3098	818.2255	884.7667	969.6891	1047.129	1108.119	1183.291	1250.52	1329.702
387.7	0	0	0	0.292947	7.353063	118.8599	407.1286	568.6545	665.6819	757.3098	818.1068	884.6379	970.1057	1046.236	1108.913	1182.785	1250.877	1330.646
387.8	0	0	0	0.292947	7.353063	119.1352	407.5227	568.2104	664.2983	758.2892	818.1068	883.9938	970.7997	1046.683	1109.23	1182.109	1250.877	1331.024
387.9	0	0	0	0.292947	7.353063	118.9976	407.9168	569.0098	664.6936	758.1804	818.1068	883.7361	971.355	1045.79	1107.483	1182.616	1251.414	1329.702
388	0	0	0	0.292947	7.353063	119.2729	408.5474	569.0986	665.0889	757.2009	817.9879	883.3496	970.6609	1046.236	1108.436	1183.291	1251.414	1328.758
388.1	0	0	0	0.292947	7.353063	119.2729	408.6263	568.7433	665.1877	756.8745	817.9879	882.8344	972.3268	1046.683	1108.595	1182.109	1251.771	1329.136
388.2	0	0	0	0.292947	7.411888	119.1352	408.3898	568.6545	665.8795	756.6568	818.2255	882.7055	972.6045	1045.79	1109.389	1182.785	1250.341	1328.003
388.3	0	0	0	0.292947	7.353063	119.3417	408.4686	568.7433	666.2748	756.6568	818.7009	882.7055	971.0774	1044.599	1110.819	1182.785	1251.056	1328.003
388.4	0	0	0	0.292947	7.353063	119.3417	408.1533	568.2104	665.4842	756.9833	817.8691	883.4785	969.9668	1044.599	1110.501	1182.785	1250.52	1328.947
388.5	0	0	0	0.292947	7.353063	119.617	408.2321	568.4768	665.9783	755.895	818.7009	883.4785	969.6891	1045.046	1110.501	1183.291	1250.699	1329.324
388.6	0	0	0	0.292947	7.353063	119.8235	407.9956	568.2104	665.7807	755.6774	818.9385	883.6073	970.1057	1044.45	1109.548	1182.953	1250.162	1328.569
388.7	0	0	0	0.292947	7.353063	119.6858	408.3898	568.2992	665.7807	755.1332	817.8691	882.1902	969.9668	1044.599	1110.024	1182.785	1250.341	1328.947
388.8	0	0	0	0.292947	7.411888	119.5482	408.705	567.855	666.176	754.9156	815.8491	883.092	969.2727	1044.897	1108.754	1182.616	1249.804	1329.891
388.9	0	0	0	0.292947	7.411888	119.1352	408.8627	567.4109	666.8677	754.6979	815.2549	882.0614	968.5786	1043.409	1110.501	1183.291	1249.983	1329.513
389	0	0	0	0.292947	7.353063	118.8599	409.0992	567.3221	666.7689	754.8068	816.562	882.7055	968.3009	1044.153	1110.024	1183.966	1250.877	1330.08
389.1	0	0	0	0.292947	7.353063	118.5846	409.2568	567.4109	667.0654	754.6979	816.6808	882.8344	967.1903	1042.516	1109.548	1181.94	1249.626	1329.324
389.2	0	0	0	0.292947	7.235414	118.6535	408.9415	567.5886	666.4725	755.1332	817.0373	883.092	968.1621	1044.004	1107.483	1183.122	1249.268	1330.08
389.3	0	0	0	0.292947	7.294239	118.5158	409.4145	568.1215	665.9783	753.7185	817.3938	883.3496	968.7174	1044.302	1106.371	1183.797	1248.91	1329.891
389.4	0	0	0	0.292947	7.235414	118.7911	409.0204	568.5657	665.9783	753.8273	816.9185	881.9326	968.9951	1043.706	1106.53	1182.953	1249.626	1328.003
389.5	0	0	0	0.292947	7.235414	118.7911	408.4686	569.7204	666.4725	753.0656	817.8691	881.2885	970.5221	1044.153	1106.054	1183.629	1248.016	1326.115
389.6	0	0	0	0.292947	7.294239	118.6535	408.5474	568.921	665.1877	753.392	818.3444	881.1596	971.7715	1044.153	1105.101	1184.135	1248.732	1326.87
389.7	0	0	0	0.292947	7.235414	118.5158	408.7839	568.4768	664.2983	753.8273	819.0573	880.7731	972.188	1043.26	1103.513	1183.966	1249.447	1327.625
389.8	0	0	0	0.292947	7.353063	118.5846	408.2321	568.4768	664.6936	754.3715	819.1761	880.902	972.4656	1044.004	1104.466	1183.291	1249.804	1326.115
389.9	0	0	0	0.292947	7.353063	118.447	408.4686	569.0986	665.1877	754.6979	818.9385	880.2579	972.188	1043.26	1105.736	1183.46	1250.162	1323.849
390	0	0	0	0.292947	7.294239	118.5846	408.3898	569.0986	665.0889	753.8273	818.582	880.2579	970.3833	1044.45	1104.624	1182.953	1248.732	1324.226
390.1	0	0	0	0.3417715	7.353063	118.7223	408.3898	568.6545	663.903	753.7185	819.6514	881.0308	970.6609	1043.409	1104.624	1184.135	1247.659	1325.17
390.2	0	0	0	0.3417715	7.353063	118.5846	408.2321	568.7433	664.1995	752.6303	820.2455	880.3867	970.5221	1043.111	1105.895	1183.797	1247.301	1325.359
390.3	0	0	0	0.3417715	7.353063	118.5158	408.2321	568.388	664.2983	753.2832	819.6514	878.8408	969.6891	1044.153	1105.419	1183.797	1246.407	1324.982
390.4	0	0	0	0.3417715	7.411888	118.447	408.4686	568.8322	663.903	753.1744	820.1267	879.7426	968.9951	1044.302	1105.577	1184.81	1247.122	1324.226
390.5	0	0	0	0.3417715	7.353063	118.3782	408.1533	567.4109	664.6936	751.9774	819.8891	879.7426	970.1057	1042.367	1105.577	1185.486	1247.48	1324.604
390.6	0	0	0	0.3417715	7.353063	118.5158	407.9168	567.3221	664.496	751.4332	819.8891	880.7731	969.1339	1042.367	1104.466	1185.148	1247.122	1324.604
390.7	0	0	0	0.3417715	7.294239	118.3782	407.6803	567.0557	663.6066	750.0185	820.4832	881.0308	968.3009	1042.516	1104.624	1185.148	1249.983	1325.926
390.8	0	0	0	0.3417715	7.294239	118.2405	406.3403	568.0327	664.1006	750.1273	820.8397	881.9326	968.0233	1044.153	1105.736	1185.486	1249.268	1325.359
390.9	0	0	0	0.3417715	7.294239	118.447	405.9462	567.855	664.1006	750.8891	820.6021	881.1596	968.1621	1042.813	1105.419	1185.486	1250.341	1324.793
391	0	0	0	0.3417715	7.235414	118.2405	406.025	567.1445	664.9901	751.2156	820.0079	880.3867	966.635	1041.474	1104.466	1184.473	1249.804	1324.037
391.1	0	0	0	0.3417715	7.235414	118.3093	405.5521	567.1445	665.4842	750.345	820.6021	880.129	966.7739	1042.516	1104.307	1183.797	1248.553	1324.982
391.2	0	0	0	0.3417715	7.294239	118.5158	404.8427	567.0557	665.4842	750.5626	819.7703	881.0308	966.4962	1042.367	1103.513	1183.291	1249.089	1324.604
391.3	0	0	0	0.3417715	7.294239	118.447	404.685	567.4109	664.6936	750.4538	818.2255	879.7426	966.0797	1043.855	1103.513	1183.122	1249.089	1322.905
391.4	0	0	0	0.3417715	7.176589	118.2405	404.685	567.0557	664.3972	749.8008	820.0079	878.712	965.9409	1043.409	1104.307	1182.616	1250.162	1323.093
391.5	0	0	0	0.3417715	7.176589	118.3093	404.4485	566.7003	663.903	749.0391	819.6514	878.5831	966.0797	1043.111	1104.307	1183.122	1248.195	1324.037
391.6	0	0	0	0.3417715	7.176589	118.1717	405.158	566.345	664.496	749.5832	819.4138	877.6813	965.2468	1044.599	1104.307	1182.616	1249.626	1324.415
391.7	0	0	0	0.3417715	7.176589	118.2405	405.158	565.7233	664.1006	749.8008	818.1068	876.7796	966.2186	1044.45	1105.577	1181.096	1249.983	1323.849
391.8	0	0	0	0.3417715	7.235414	118.3093	405.2368	566.1674	663.6066	750.1273	818.3444	876.9084	965.9409	1044.153	1105.577	1180.759	1248.91	1324.604
391.9	0	0	0	0.3417715	7.176589	118.447	405.3156	565.9897	664.3972	749.692	818.4632	876.7796	965.8021	1043.855	1105.101	1180.421	1249.626	1324.604
392	0	0	0	0.3417715	7.294239	118.3782	404.8427	565.2792	664.3972	749.2567	817.7502	877.939	965.108	1044.897	1106.371	1180.759	1247.837	1324.982
392.1	0	0	0	0.3417715	7.294239	118.6535	404.9215	565.8121	664.1995	749.5832	817.3938	877.0372	965.5244	1044.45	1106.53	1181.434	1246.943	1325.17
392.2	0	0	0	0.3417715	7.294239	118.2405	404.5274	565.6345	663.903	750.4538	816.9185	878.0678	965.8021	1044.748	1106.689	1179.746	1247.122	1324.037
392.3	0	0	0	0.3417715	7.353063	118.447	404.2909	565.8121	662.816	750.9979	817.7502	879.6137	965.2468	1044.897	1106.848	1180.083	1247.659	1323.093
392.4	0	0	0	0.3417715	7.294239	118.6535	404.9215	565.7233	662.7172	750.4538	817.8691	879.4849	963.9974	1045.641	1107.324	1180.421	1248.374	1322.905
392.5	0	0	0	0.3417715	7.294239	118.6535	405.158	566.6115	663.3101	751.4332	819.0573	879.3561	964.4138	1044.748	1107.324	1178.057	1247.301	1323.282
392.6	0	0	0	0.3417715	7.294239	118.3782	405.6309	565.8121	662.9148	751.5421	818.7009	878.8408	964.6915	1045.492	1104.783	1178.733	1246.228	1323.471
392.7	0	0	0	0.3417715	7.294239	118.034	405.9462	565.4568	663.1124	751.2156	819.6514	878.712	963.3032	1046.087	1103.195	1178.395	1246.586	1323.471
392.8	0	0	0	0.3417715	7.235414	117.8964	406.2615	564.835	663.2112	751.5421	819.0573	878.8408	963.7197	1046.087	1104.624	1178.057	1245.513	1324.037
392.9	0	0	0	0.3417715	7.294239	117.9652	406.1039	564.6574	663.5078	752.9567	818.9385	877.1661	963.7197	1044.599	1103.672	1179.408	1246.228	1323.849
393	0	0	0	0.3417715	7.294239	118.2405	406.3403	564.4797	663.8042	753.7185	819.5326	877.939	965.108	1044.153	1103.672	1178.733	1246.764	1321.771
393.1	0	0	0	0.3417715	7.294239	118.3782	406.498	563.858	664.6936	752.8479	819.5326	878.4543	965.108	1044.004	1105.736	1178.395	1247.48	1320.827
393.2	0	0	0	0.3417715	7.353063	118.1717	406.4192	563.0585	665.3854	752.6303	818.9385	878.4543	965.9409	1042.664	1105.419	1177.551	1246.764	1320.827
393.3	0	0	0	0.3417715	7.353063	118.3782	406.7344	563.5915	664.496	753.5009	818.8196	879.4849	966.0797	1041.176	1105.577	1178.733	1246.228	1321.771
393.4	0	0	0	0.3417715	7.353063	118.447	406.9709	563.325	664.1995	752.9567	819.0573	879.2272	965.5244	1040.135	1105.895	1177.72	1246.407	1319.128
393.5	0	0	0	0.3417715	7.353063	118.6535	406.3403	563.1473	663.4089	752.4127	818.7009	879.7426	967.3292	1040.73	1106.689	1178.395	1245.87	1320.639
393.6	0	0	0	0.3417715	7.353063	118.2405	406.1827	562.8809	663.8042	752.195	818.7009	880.129	967.1903	1041.474	1106.054	1178.733	1245.692	1320.639
393.7	0	0	0	0.3417715	7.353063	117.9652	406.3403	562.7032	663.3101	751.2156	818.7009	879.6137	966.9127	1040.73	1103.83	1178.564	1244.797	1319.883
393.8	0	0	0	0.3417715	7.353063	117.8964	405.8674	562.7032	663.6066	751.3244	818.7009	880.0002	967.1903	1039.539	1103.195	1178.564	1244.797	1320.45
393.9	0	0	0	0.3417715	7.353063	117.6211	405.7097	563.1473	662.7172	750.7803	817.6314	880.6443	967.468	1039.837	1103.354	1178.395	1245.87	1321.016
394	0	0	0	0.3417715	7.411888	117.3458	405.9462	563.1473	661.6301	749.9097	817.3938	879.8714	967.7456	1040.879	1102.877	1179.239	1246.228	1320.827
394.1	0	0	0	0.3417715	7.411888	117.5523	405.9462	563.325	661.4324	750.1273	817.1561	879.2272	966.7739	1041.474	1103.83	1179.07	1244.261	1319.506
394.2	0	0	0	0.3417715	7.411888	116.6575	405.8674	564.2133	661.0371	750.8891	818.9385	878.1967	966.0797	1042.367	1102.877	1178.901	1242.83	1319.317
394.3	0	0	0	0.3417715	7.411888	116.7264	405.4733	564.7462	661.9265	750.7803	818.582	878.4543	966.0797	1041.92	1101.924	1179.239	1242.651	1318.184
394.4	0	0	0	0.3417715	7.411888	116.864	405.4733	565.1903	661.3336	750.7803	819.1761	878.1967	965.3856	1041.474	1100.971	1178.733	1243.724	1318.184
394.5	0	0	0	0.3417715	7.470712	116.9328	404.9215	565.6345	661.2347	750.0185	818.1068	878.0678	966.0797	1038.944	1101.289	1178.733	1243.903	1318.373
394.6	0	0	0	0.3417715	7.470712	117.3458	405.6309	565.1015	661.1359	749.4744	819.0573	878.0678	966.3574	1039.39	1100.813	1177.72	1243.724	1318.75
394.7	0	0	0	0.3417715	7.470712	117.277	405.9462	565.2792	660.9383	749.9097	819.4138	878.0678	965.8021	1038.349	1102.401	1178.733	1245.334	1317.995
394.8	0	0	0	0.3417715	7.470712	117.0705	406.025	565.2792	661.0371	749.9097	818.7009	878.9696	965.108	1038.795	1103.672	1178.057	1245.87	1317.806
394.9	0	0	0	0.292947	7.529537	117.1393	405.3944	564.9238	661.0371	749.1479	816.7996	879.4849	964.8303	1038.2	1103.036	1178.395	1246.049	1317.429
395	0	0	0	0.292947	7.529537	117.4146	405.2368	565.1015	660.7407	748.9302	816.9185	879.7426	965.5244	1038.497	1102.242	1178.057	1245.87	1315.54
395.1	0	0	0	0.292947	7.470712	117.6211	405.3944	564.835	662.1242	748.4949	816.7996	879.2272	965.6633	1038.2	1103.195	1176.2	1246.407	1316.673
395.2	0	0	0	0.292947	7.470712	117.9652	405.158	565.1903	662.816	748.9302	817.3938	877.5526	966.0797	1038.349	1102.56	1175.187	1246.228	1317.995
395.3	0	0	0	0.292947	7.529537	117.9652	405.158	564.6574	663.1124	747.6243	816.4432	877.5526	965.5244	1039.242	1101.766	1174.174	1245.87	1318.373
395.4	0	0	0	0.292947	7.588361	117.5523	405.3944	564.3909	663.3101	747.4067	816.9185	877.8102	965.6633	1038.051	1102.242	1173.499	1245.513	1318.373
395.5	0	0	0	0.292947	7.588361	117.4146	404.9215	564.2133	662.1242	747.7332	816.6808	876.9084	963.8585	1037.158	1100.654	1172.824	1245.334	1319.506
395.6	0	0	0	0.292947	7.588361	117.3458	405.158	564.5685	662.6183	746.9714	816.4432	876.0067	962.3315	1036.265	1100.495	1173.499	1244.797	1318.75
395.7	0	0	0	0.292947	7.588361	117.1393	405.2368	564.3021	662.5195	746.4273	816.3243	876.9084	960.8044	1037.158	1100.654	1173.33	1244.44	1316.296
395.8	0	0	0	0.292947	7.588361	117.1393	405.158	565.0127	662.9148	745.6655	815.8491	877.0372	961.7762	1037.307	1098.113	1173.668	1246.407	1315.352
395.9	0	0	0	0.292947	7.588361	117.0017	405.4733	564.3909	663.8042	746.3185	816.6808	878.0678	962.6091	1036.265	1097.318	1173.668	1246.943	1313.274
396	0	0	0	0.292947	7.588361	117.0017	405.5521	563.9468	663.8042	745.6655	816.3243	877.2949	962.6091	1036.712	1098.589	1173.161	1246.586	1312.33
396.1	0	0	0	0.292947	7.588361	117.2081	406.025	564.1245	663.0136	745.8832	815.7302	877.1661	962.0538	1036.563	1098.271	1172.317	1244.619	1311.953
396.2	0	0	0	0.292947	7.588361	117.0705	406.1039	564.1245	662.816	744.7949	815.0173	878.3255	962.4703	1036.265	1097.954	1172.149	1245.513	1312.33
396.3	0	0	0	0.292947	7.588361	117.277	405.7885	564.1245	662.9148	744.7949	814.1855	877.1661	962.7479	1035.223	1097.795	1172.486	1244.44	1313.463
396.4	0	0	0	0.292947	7.588361	117.2081	406.5768	563.4138	662.7172	744.2508	813.9479	875.6202	962.6091	1034.926	1099.542	1172.317	1244.619	1313.463
396.5	0	0	0	0.292947	7.588361	117.0017	406.4192	563.9468	663.6066	743.489	814.0667	876.7796	962.4703	1035.372	1099.701	1171.98	1242.473	1313.274
396.6	0	0	0	0.292947	7.588361	116.7264	406.3403	563.1473	664.2983	743.8155	813.7102	876.5219	962.6091	1035.223	1099.701	1172.149	1241.578	1314.407
396.7	0	0	0	0.292947	7.529537	116.5887	406.4192	562.8809	665.0889	744.2508	814.0667	876.5219	963.7197	1035.223	1100.019	1172.486	1242.651	1312.897
396.8	0	0	0	0.292947	7.470712	116.3822	406.7344	562.8809	664.5948	744.3596	814.7797	877.0372	964.275	1034.926	1099.701	1174.85	1242.651	1314.219
396.9	0	0	0	0.292947	7.529537	116.864	406.4192	562.4368	664.2983	744.3596	814.7797	876.5219	963.1644	1036.86	1100.019	1175.694	1241.042	1312.708
397	0	0	0	0.292947	7.411888	116.9328	406.4192	562.6144	664.0018	745.7744	813.9479	877.4237	962.7479	1037.009	1100.654	1174.006	1241.757	1312.33
397.1	0	0	0	0.292947	7.411888	117.6211	406.2615	563.0585	664.0018	745.5567	813.9479	877.1661	962.4703	1035.67	1100.813	1174.343	1241.757	1311.953
397.2	0	0	0	0.292947	7.411888	117.4834	406.4192	562.6144	663.4089	745.6655	813.2349	877.2949	961.915	1035.074	1100.177	1174.85	1241.936	1312.33
397.3	0	0	0	0.292947	7.411888	117.5523	405.8674	562.8809	663.6066	744.0331	811.5714	877.4237	962.3315	1035.67	1100.654	1175.019	1241.042	1313.086
397.4	0	0	0	0.292947	7.411888	117.277	405.5521	562.9697	663.1124	744.5773	809.9078	877.4237	961.6373	1036.414	1100.654	1175.019	1241.042	1311.197
397.5	0	0	0	0.292947	7.411888	116.864	405.5521	563.5915	662.7172	745.4479	811.0961	876.5219	960.9432	1035.819	1099.701	1174.85	1239.79	1313.652
397.6	0	0	0	0.292947	7.353063	116.864	405.2368	562.7032	662.1242	745.0126	811.0961	876.1354	961.082	1035.819	1100.813	1175.356	1239.254	1312.897
397.7	0	0	0	0.292947	7.353063	116.7952	404.685	563.0585	661.6301	744.5773	810.2643	877.0372	960.8044	1034.628	1101.448	1174.85	1238.181	1312.708
397.8	0	0	0	0.292947	7.294239	116.6575	404.685	562.5256	661.8277	744.4684	810.0267	875.8778	960.6656	1036.414	1101.448	1174.512	1236.929	1312.141
397.9	0	0	0	0.292947	7.235414	116.7952	405.0791	562.348	661.7289	743.9243	809.6702	875.4913	961.2209	1037.307	1101.766	1173.837	1239.433	1310.82
398	0	0	0	0.292947	7.294239	116.6575	404.6062	562.5256	661.4324	743.1625	810.1455	874.976	960.1103	1038.051	1101.13	1171.811	1239.075	1309.876
398.1	0	0	0	0.292947	7.294239	116.4511	404.2121	562.1703	661.4324	742.4008	810.8584	874.3319	960.5267	1037.456	1100.654	1171.473	1240.506	1309.12
398.2	0	0	0	0.292947	7.294239	116.5887	404.2121	561.282	661.7289	741.9655	810.3831	873.9454	962.3315	1037.009	1100.654	1170.629	1239.254	1310.82
398.3	0	0	0	0.292947	7.294239	116.4511	404.6062	561.5485	661.4324	741.4213	810.8584	872.9149	961.7762	1035.967	1101.607	1170.123	1239.254	1311.386
398.4	0	0	0	0.292947	7.294239	116.6575	404.685	561.7262	661.0371	741.9655	810.9772	873.3013	963.1644	1036.563	1101.766	1169.279	1238.717	1312.33
398.5	0	0	0	0.292947	7.411888	116.6575	405.0791	561.282	660.6418	742.4008	810.502	872.786	964.4138	1036.712	1100.336	1169.616	1236.214	1314.407
398.6	0	0	0	0.292947	7.411888	116.7264	405.2368	560.5715	660.8395	741.0949	811.0961	872.0131	963.8585	1036.712	1100.177	1170.629	1238.896	1313.086
398.7	0	0	0	0.292947	7.411888	116.864	404.8427	560.305	660.9383	740.6596	812.0467	871.369	964.275	1035.521	1098.907	1170.967	1240.506	1311.386
398.8	0	0	0	0.292947	7.353063	116.9328	404.8427	559.9497	661.4324	739.5714	812.0467	871.369	964.4138	1034.777	1097.795	1171.98	1240.148	1310.064
398.9	0	0	0	0.292947	7.411888	117.0705	405.158	559.3279	661.3336	738.7007	810.6208	871.369	964.4138	1034.33	1097.954	1172.486	1239.433	1310.82
399	0	0	0	0.292947	7.353063	116.7264	404.2909	558.8838	661.9265	738.2654	811.0961	870.9825	963.4421	1034.926	1097.16	1171.811	1239.79	1311.953
399.1	0	0	0	0.292947	7.235414	116.5199	404.3697	558.795	661.5313	738.7007	811.5714	870.9825	962.8868	1034.926	1097.636	1171.98	1238.539	1310.064
399.2	0	0	0	0.292947	7.235414	116.4511	403.7391	558.4396	660.4442	738.8096	811.809	871.6266	963.1644	1034.182	1097.001	1171.136	1239.254	1309.687
399.3	0	0	0	0.292947	7.235414	116.3822	404.3697	558.8838	659.7524	739.8978	811.809	870.596	963.1644	1034.182	1096.366	1171.304	1239.075	1310.442
399.4	0	0	0	0.292947	7.235414	116.3134	404.685	558.795	660.4442	739.2449	811.6902	870.4672	962.6091	1034.628	1095.571	1171.136	1238.896	1310.064
399.5	0	0	0	0.292947	7.176589	116.3822	404.2909	558.4396	660.6418	739.136	810.9772	870.0807	962.1926	1033.884	1096.683	1170.123	1238.002	1310.064
399.6	0	0	0	0.292947	7.235414	116.4511	404.4485	558.4396	660.9383	739.6802	811.3337	869.6942	962.0538	1034.33	1096.366	1169.279	1239.075	1309.687
399.7	0	0	0	0.292947	7.235414	116.5199	403.8179	558.4396	661.0371	739.5714	812.4031	870.3384	960.9432	1033.289	1097.636	1169.447	1239.254	1310.253
399.8	0	0	0	0.292947	7.117765	116.5199	403.5027	558.0844	660.7407	740.0067	812.4031	869.5654	960.8044	1032.396	1097.477	1169.279	1238.002	1309.498
399.9	0	0	0	0.292947	7.117765	116.3134	403.2662	557.8179	661.3336	740.6596	813.1161	869.179	961.2209	1031.503	1097.636	1168.941	1236.571	1308.365
400	0	0	0	0.292947	7.117765	116.3134	403.8179	557.9067	661.4324	740.442	812.7596	868.9213	961.4985	1031.056	1098.748	1167.59	1236.929	1306.854
400.1	0	0	0	0.292947	7.117765	115.9693	404.8427	557.9955	660.4442	740.442	812.6408	868.9213	961.6373	1031.354	1097.16	1168.772	1238.181	1306.288
400.2	0	0	0	0.292947	7.117765	116.1069	404.9215	557.7291	660.8395	741.0949	812.1655	869.3077	962.1926	1032.098	1096.366	1168.772	1237.466	1306.099
400.3	0	0	0	0.292947	7.117765	116.1758	404.6062	557.9955	660.2465	739.8978	812.2843	869.5654	962.3315	1032.396	1097.954	1168.603	1235.856	1305.344
400.4	0	0	0	0.292947	7.058941	115.694	404.3697	557.6403	659.8512	739.4625	811.9279	868.1483	962.3315	1032.842	1097.001	1168.434	1236.035	1305.533
400.5	0	0	0	0.292947	7.058941	115.6252	404.8427	557.5514	660.8395	739.5714	811.9279	869.179	961.7762	1032.544	1097.318	1167.59	1235.677	1305.155
400.6	0	0	0	0.292947	7.000116	115.6252	404.685	557.8179	661.7289	739.3537	811.809	867.7618	962.1926	1031.8	1096.524	1168.434	1235.141	1304.777
400.7	0	0	0	0.292947	7.000116	115.2122	404.6062	558.6173	660.7407	738.8096	811.5714	868.5348	961.915	1032.544	1097.001	1168.266	1236.571	1304.966
400.8	0	0	0	0.292947	7.176589	115.4875	404.3697	558.7061	660.7407	740.3331	811.6902	868.2772	961.4985	1032.693	1097.001	1167.759	1236.035	1304.589
400.9	0	0	0	0.292947	7.176589	115.2122	405.0003	559.3279	660.2465	740.6596	810.8584	869.4366	962.1926	1033.735	1097.477	1167.084	1236.75	1304.4
401	0	0	0	0.292947	7.176589	115.1434	405.0791	558.9726	660.3453	740.2243	810.2643	868.9213	962.6091	1033.884	1096.683	1166.746	1235.856	1304.589
401.1	0	0	0	0.292947	7.235414	115.2122	405.3944	559.5056	660.1477	740.9861	809.5513	868.6636	962.7479	1034.033	1095.571	1167.422	1235.32	1303.833
401.2	0	0	0	0.292947	7.294239	115.3499	405.2368	559.8608	660.2465	739.6802	810.1455	868.0195	961.6373	1034.033	1094.936	1167.253	1235.499	1303.456
401.3	0	0	0	0.292947	7.353063	115.3499	405.7885	560.1273	660.1477	740.7684	811.809	868.1483	962.0538	1035.67	1093.507	1167.928	1234.604	1303.456
401.4	0	0	0	0.292947	7.353063	115.4187	405.7097	560.3938	659.9501	740.6596	810.9772	868.7925	961.2209	1034.628	1093.03	1166.746	1236.929	1302.889
401.5	0	0	0	0.292947	7.353063	115.6252	405.8674	559.5056	659.9501	738.9184	811.809	867.8907	961.6373	1033.437	1093.983	1166.746	1236.035	1305.344
401.6	0	0	0	0.2441225	7.294239	115.9693	406.3403	560.0385	660.1477	739.789	811.6902	867.8907	960.3879	1033.14	1095.254	1164.72	1237.644	1305.721
401.7	0	0	0	0.2441225	7.294239	116.1758	406.3403	559.5944	659.4559	740.6596	812.6408	868.406	960.9432	1033.437	1095.254	1164.383	1235.677	1304.966
401.8	0	0	0	0.2441225	7.235414	116.1069	405.9462	559.4167	659.8512	739.5714	813.2349	868.406	960.9432	1033.884	1095.413	1165.058	1234.783	1305.344
401.9	0	0	0	0.2441225	7.235414	116.0381	405.5521	559.5944	659.2583	740.2243	813.3538	868.5348	961.3597	1033.437	1096.048	1166.577	1234.962	1306.288
402	0	0	0	0.2441225	7.235414	116.3134	405.3156	559.0615	658.4677	740.6596	814.0667	868.406	960.8044	1033.735	1095.73	1166.746	1234.604	1307.61
402.1	0	0	0	0.2441225	7.235414	116.6575	405.3156	559.5944	658.5665	740.7684	813.829	867.7618	959.555	1032.544	1094.936	1165.902	1234.247	1307.232
402.2	0	0	0	0.2441225	7.235414	116.5887	405.3156	559.1503	658.27	739.8978	812.522	867.3754	959.555	1031.503	1094.142	1165.902	1234.783	1307.799
402.3	0	0	0	0.2441225	7.176589	116.6575	405.0791	559.3279	658.27	740.442	812.8784	867.2466	959.4161	1031.503	1094.301	1166.577	1234.962	1305.533
402.4	0	0	0	0.2441225	7.117765	116.6575	404.685	558.8838	657.9736	741.639	812.8784	867.3754	958.722	1030.907	1094.619	1168.097	1235.32	1305.721
402.5	0	0	0	0.2441225	7.117765	116.7264	405.158	559.3279	657.3806	741.5302	812.9973	867.1177	957.1949	1029.717	1093.824	1169.447	1234.068	1306.099
402.6	0	0	0	0.292947	7.117765	116.3822	404.7638	559.5056	655.9971	742.0743	812.0467	868.1483	957.4726	1030.61	1093.03	1168.772	1234.247	1306.477
402.7	0	0	0	0.292947	7.176589	116.3134	404.3697	558.4396	656.7877	741.5302	812.7596	868.0195	956.7785	1031.354	1092.713	1168.772	1234.962	1306.099
402.8	0	0	0	0.292947	7.176589	116.0381	404.685	558.6173	656.9853	741.3126	812.1655	868.1483	956.0844	1031.949	1090.807	1169.616	1234.783	1305.91
402.9	0	0	0	0.292947	7.117765	115.8316	404.2121	559.0615	656.7877	741.9655	812.2843	869.4366	956.7785	1030.461	1092.395	1169.447	1236.75	1304.777
403	0	0	0	0.292947	7.176589	115.9693	404.685	559.2391	656.7877	740.8773	812.4031	868.2772	954.835	1029.717	1092.077	1170.46	1235.141	1302.7
403.1	0	0	0	0.292947	7.176589	115.8316	404.5274	558.8838	657.5782	740.6596	812.1655	868.9213	954.835	1029.27	1092.395	1169.447	1234.962	1304.589
403.2	0	0	0	0.292947	7.176589	115.694	404.5274	559.1503	657.9736	741.5302	810.8584	869.9519	954.835	1029.419	1092.713	1169.616	1235.499	1303.267
403.3	0	0	0	0.292947	7.176589	115.9693	404.8427	559.0615	657.5782	740.9861	810.3831	870.2095	956.362	1028.675	1093.507	1168.266	1234.962	1303.078
403.4	0	0	0	0.292947	7.235414	116.0381	403.5815	558.1732	658.7642	741.5302	810.7396	869.8231	955.9456	1028.526	1093.824	1168.772	1236.214	1302.134
403.5	0	0	0	0.292947	7.235414	115.694	403.5027	557.9067	658.0724	741.7478	810.9772	870.2095	955.5291	1028.229	1093.507	1168.603	1236.571	1304.022
403.6	0	0	0	0.292947	7.176589	115.4187	403.0297	558.0844	658.863	742.0743	810.8584	869.6942	953.4467	1027.931	1092.871	1168.434	1234.962	1303.456
403.7	0	0	0	0.292947	7.117765	116.0381	402.872	557.6403	657.9736	742.4008	809.789	869.5654	955.2514	1027.633	1092.395	1168.603	1235.32	1303.456
403.8	0	0	0	0.292947	7.176589	116.1758	402.9509	556.9296	656.8865	742.4008	807.769	869.3077	955.3903	1026.889	1091.918	1168.941	1234.604	1301.756
403.9	0	0	0	0.292947	7.176589	116.3822	402.9509	557.1073	656.2935	743.5978	808.1255	869.0501	954.835	1028.229	1090.648	1169.785	1234.783	1302.511
404	0	0	0	0.292947	7.117765	116.2446	402.9509	557.285	655.7006	743.1625	807.769	868.2772	955.3903	1029.568	1091.601	1168.941	1235.677	1303.456
404.1	0	0	0	0.292947	7.058941	116.3134	402.9509	557.3738	656.0959	743.1625	809.1949	868.5348	956.0844	1031.056	1090.013	1167.759	1234.783	1303.456
404.2	0	0	0	0.292947	7.000116	115.9693	402.3991	558.0844	655.9971	742.4008	808.0067	867.2466	956.0844	1028.675	1090.648	1167.422	1233.531	1303.078
404.3	0	0	0	0.292947	7.000116	116.1069	402.4779	557.7291	656.2935	741.2037	807.2937	865.8295	955.8067	1029.717	1090.171	1167.422	1233.353	1302.134
404.4	0	0	0	0.292947	7.000116	115.694	402.3203	557.9955	656.4912	741.2037	807.2937	864.9277	955.2514	1030.014	1090.807	1168.434	1233.531	1302.134
404.5	0	0	0	0.292947	7.000116	115.4875	402.7144	558.262	656.1947	741.4213	808.1255	864.4124	954.9738	1029.121	1091.124	1168.434	1232.101	1301.379
404.6	0	0	0	0.292947	7.000116	115.2122	402.6356	558.1732	655.7994	741.2037	808.4819	864.2836	954.9738	1028.526	1090.966	1168.772	1232.458	1301.756
404.7	0	0	0	0.292947	7.000116	115.2122	402.7932	558.9726	656.0959	742.1831	809.789	864.6701	954.1408	1027.782	1091.601	1168.434	1232.637	1300.812
404.8	0	0	0	0.292947	7.000116	115.3499	402.1626	559.0615	655.7994	741.7478	811.3337	864.4124	954.9738	1027.187	1090.807	1165.733	1233.531	1301.945
404.9	0	0	0	0.292947	7.058941	115.3499	402.1626	558.6173	656.59	741.8566	811.2149	864.6701	955.3903	1027.931	1090.966	1165.902	1232.995	1299.679
405	0	0	0	0.292947	7.000116	115.4187	401.8473	558.262	657.0841	741.7478	810.1455	865.1854	954.1408	1028.526	1090.489	1166.071	1231.564	1299.49
405.1	0	0	0	0.292947	6.941292	115.6252	401.7685	557.9955	656.6888	741.0949	810.1455	866.216	954.4185	1028.526	1090.33	1163.201	1232.816	1298.735
405.2	0	0	0	0.292947	6.882467	115.6252	402.3991	557.7291	656.0959	740.5508	809.9078	865.8295	955.3903	1028.675	1091.442	1162.863	1232.458	1298.735
405.3	0	0	0	0.292947	6.882467	115.4875	402.3991	557.5514	656.2935	740.1155	809.3137	867.2466	956.362	1028.377	1088.901	1164.214	1232.28	1299.113
405.4	0	0	0	0.292947	6.882467	115.281	402.3203	558.4396	655.9971	740.2243	809.1949	868.9213	954.2797	1028.526	1089.219	1165.227	1234.604	1297.224
405.5	0	0	0	0.292947	6.882467	114.8681	402.7932	557.5514	656.1947	740.0067	809.076	868.5348	955.3903	1029.121	1090.489	1165.564	1233.174	1295.903
405.6	0	0	0	0.292947	6.882467	115.4875	402.872	557.7291	656.4912	739.4625	808.3631	867.8907	955.1126	1029.27	1089.695	1166.409	1233.174	1297.98
405.7	0	0	0	0.292947	6.882467	115.281	403.1873	557.1961	657.4794	739.3537	808.7196	868.6636	954.4185	1028.377	1089.695	1165.902	1233.889	1297.791
405.8	0	0	0	0.292947	6.882467	115.3499	403.5027	557.6403	658.27	739.0272	807.5313	868.7925	954.002	1028.526	1089.695	1165.733	1234.783	1298.357
405.9	0	0	0	0.292947	6.882467	115.4187	403.1085	557.8179	657.4794	738.9184	807.5313	868.6636	953.7244	1028.229	1090.171	1165.902	1233.353	1298.546
406	0	0	0	0.292947	6.823643	115.281	403.2662	558.262	658.6653	738.2654	807.5313	867.7618	953.0302	1027.633	1089.219	1165.396	1234.604	1297.98
406.1	0	0	0	0.292947	6.823643	115.3499	403.2662	559.5944	658.4677	739.6802	806.8184	868.6636	953.5855	1027.336	1088.901	1165.733	1236.393	1299.868
406.2	0	0	0	0.292947	6.764818	115.1434	403.345	559.8608	659.3571	740.0067	806.6996	869.3077	953.5855	1028.526	1088.742	1164.551	1234.068	1300.434
406.3	0	0	0	0.292947	6.764818	115.4875	403.7391	559.8608	659.0606	738.9184	805.3925	870.2095	953.5855	1027.484	1089.219	1163.37	1235.32	1301.379
406.4	0	0	0	0.292947	6.764818	115.7628	403.4238	559.3279	658.0724	739.4625	805.1548	870.0807	953.8632	1026.889	1089.377	1163.538	1235.141	1300.246
406.5	0	0	0	0.292947	6.823643	115.5563	404.0544	558.795	658.7642	739.6802	805.1548	870.596	953.7244	1026.443	1089.536	1162.188	1233.889	1300.434
406.6	0	0	0	0.292947	6.764818	115.694	404.685	559.0615	658.863	739.3537	805.036	870.7249	952.7526	1026.294	1089.536	1162.863	1234.068	1300.057
406.7	0	0	0	0.292947	6.764818	115.694	404.5274	558.8838	660.0489	739.789	804.4419	870.3384	953.3079	1026.294	1087.789	1163.032	1232.637	1299.301
406.8	0	0	0	0.292947	6.764818	115.6252	404.685	559.0615	659.8512	739.5714	805.1548	869.4366	953.8632	1027.038	1086.677	1162.863	1232.995	1298.357
406.9	0	0	0	0.292947	6.705994	115.4875	404.685	559.6832	658.863	739.3537	805.6301	869.0501	954.002	1027.187	1087.471	1160.837	1232.637	1298.168
407	0	0	0	0.292947	6.823643	115.9693	405.3156	559.5944	658.4677	739.4625	805.749	869.3077	953.4467	1027.782	1087.313	1159.656	1233.889	1297.791
407.1	0	0	0	0.292947	6.764818	115.8316	405.3944	558.8838	658.9618	739.8978	804.5607	868.7925	954.1408	1028.08	1086.995	1159.824	1233.174	1297.98
407.2	0	0	0	0.292947	6.705994	115.694	405.2368	558.9726	658.7642	739.3537	804.4419	868.5348	954.9738	1026.591	1088.583	1161.006	1233.71	1298.546
407.3	0	0	0	0.292947	6.647169	115.694	404.685	559.6832	658.3688	739.2449	804.5607	868.5348	955.2514	1025.847	1088.901	1159.993	1234.068	1298.546
407.4	0	0	0	0.292947	6.588345	115.4187	404.2909	559.772	657.8748	737.3948	804.3231	868.7925	955.3903	1026.145	1089.219	1161.681	1232.28	1298.924
407.5	0	0	0	0.292947	6.588345	115.5563	403.7391	559.5056	657.6771	737.1772	803.9666	868.2772	955.2514	1025.996	1088.266	1159.993	1231.385	1299.301
407.6	0	0	0	0.292947	6.52952	115.2122	403.8179	559.6832	657.9736	737.0684	804.3231	867.3754	955.6679	1027.038	1086.836	1159.149	1231.743	1299.113
407.7	0	0	0	0.292947	6.52952	115.5563	402.872	559.5944	657.3806	737.6125	803.9666	866.3448	955.2514	1026.294	1086.995	1160.5	1231.028	1299.868
407.8	0	0	0	0.292947	6.52952	115.1434	402.3991	559.8608	657.7759	736.8507	805.036	866.216	954.002	1026.74	1086.995	1160.5	1231.028	1298.924
407.9	0	0	0	0.292947	6.52952	115.281	402.1626	559.6832	657.5782	735.8713	805.3925	866.7313	953.5855	1027.633	1086.042	1162.019	1230.849	1298.168
408	0	0	0	0.292947	6.52952	115.281	401.8473	560.305	657.7759	736.1978	805.1548	867.7618	953.0302	1027.484	1085.248	1161.175	1230.67	1297.791
408.1	0	0	0	0.292947	6.52952	115.6252	401.4532	560.1273	657.6771	735.3272	805.1548	866.8601	952.6138	1025.698	1085.566	1161.006	1229.24	1299.301
408.2	0	0	0	0.292947	6.470695	115.5563	401.9261	560.0385	657.5782	734.7831	804.9172	866.4736	951.7808	1027.336	1084.613	1160.668	1229.418	1298.735
408.3	0	0	0	0.292947	6.470695	115.7628	401.4532	560.1273	657.183	735.3272	805.036	865.1854	952.6138	1028.229	1084.613	1160.162	1229.597	1300.057
408.4	0	0	0	0.292947	6.470695	115.7628	401.6109	559.5944	656.8865	735.9801	804.2042	865.0566	951.9196	1027.038	1083.501	1158.643	1228.882	1300.057
408.5	0	0	0	0.292947	6.470695	115.8316	402.0838	559.4167	655.9971	735.6537	803.4913	865.0566	951.7808	1025.252	1084.136	1158.305	1230.134	1297.602
408.6	0	0	0	0.292947	6.470695	116.0381	401.3744	559.8608	656.4912	734.8919	803.3725	864.4124	952.0585	1026.145	1084.613	1159.318	1228.524	1294.77
408.7	0	0	0	0.292947	6.470695	116.1758	401.2956	559.3279	655.2065	735.6537	803.7289	864.4124	951.7808	1026.889	1083.501	1159.993	1229.418	1295.336
408.8	0	0	0	0.292947	6.52952	116.0381	401.0591	560.1273	655.3053	735.5449	804.7984	865.7007	951.5032	1027.038	1082.707	1159.993	1227.809	1297.036
408.9	0	0	0	0.292947	6.52952	115.8316	401.4532	560.1273	656.3924	735.0007	805.1548	865.4431	951.7808	1026.443	1082.548	1160.162	1227.809	1296.091
409	0	0	0	0.292947	6.52952	115.6252	401.6897	559.6832	657.0841	734.6743	805.1548	865.5718	951.7808	1025.401	1083.977	1160.331	1228.524	1295.525
409.1	0	0	0	0.292947	6.52952	115.694	401.6897	559.5944	657.3806	734.6743	804.9172	866.216	950.809	1024.508	1082.865	1159.824	1229.776	1295.714
409.2	0	0	0	0.292947	6.52952	116.2446	401.4532	560.0385	657.5782	734.5654	804.2042	866.9889	950.6702	1024.061	1083.183	1159.149	1230.313	1295.147
409.3	0	0	0	0.292947	6.647169	115.9005	401.0591	560.0385	657.6771	735.1096	803.6101	866.6025	949.8373	1024.806	1083.024	1158.811	1229.061	1293.448
409.4	0	0	0	0.292947	6.647169	116.0381	401.2167	559.772	657.9736	736.5242	803.3725	866.9889	949.282	1025.252	1083.501	1159.824	1229.24	1292.315
409.5	0	0	0	0.292947	6.647169	116.3134	400.5073	559.3279	657.183	735.0007	804.0854	865.9583	949.282	1025.103	1082.23	1158.811	1229.955	1293.448
409.6	0	0	0	0.2441225	6.588345	116.5199	400.9014	560.2162	656.4912	734.8919	803.2537	866.0872	949.4208	1025.847	1082.389	1158.98	1229.061	1293.259
409.7	0	0	0	0.2441225	6.52952	116.6575	400.9014	559.8608	656.2935	734.5654	802.5407	865.1854	950.3926	1024.657	1082.071	1160.668	1228.346	1294.203
409.8	0	0	0	0.2441225	6.470695	116.5887	400.9014	559.5944	655.6017	734.0213	802.7784	865.8295	949.8373	1024.061	1080.642	1160.668	1227.273	1294.203
409.9	0	0	0	0.2441225	6.411871	116.3822	400.4285	560.2162	656.59	734.239	803.4913	864.4124	949.0043	1023.615	1081.118	1161.344	1227.094	1294.392
410	0	0	0	0.2441225	6.470695	116.2446	400.6649	560.6603	657.5782	734.239	803.016	864.2836	947.6161	1022.573	1081.754	1160.5	1225.306	1295.147
410.1	0	0	0	0.2441225	6.470695	116.0381	400.9803	560.5715	658.5665	734.5654	802.8972	865.7007	946.6443	1021.978	1081.436	1161.344	1225.306	1294.581
410.2	0	0	0	0.2441225	6.52952	116.0381	400.2708	560.4826	658.4677	735.0007	803.4913	865.4431	947.1996	1021.531	1081.754	1159.318	1226.021	1294.392
410.3	0	0	0	0.2441225	6.52952	116.5199	400.192	560.7491	657.3806	735.2184	804.0854	866.7313	947.3384	1021.234	1081.118	1158.474	1227.809	1294.77
410.4	0	0	0	0.2441225	6.52952	116.5199	400.3497	560.2162	657.0841	734.8919	803.9666	866.8601	948.0325	1022.127	1080.96	1158.136	1227.809	1294.77
410.5	0	0	0	0.2441225	6.52952	116.3134	400.9803	559.772	657.0841	734.8919	802.7784	866.216	946.6443	1020.936	1082.23	1156.786	1226.915	1295.525
410.6	0	0	0	0.2441225	6.470695	116.6575	401.2167	560.1273	658.1712	734.8919	801.9466	865.3142	946.6443	1021.829	1081.595	1153.747	1226.557	1295.714
410.7	0	0	0	0.2441225	6.470695	116.5887	400.8226	560.838	657.7759	734.3478	801.8278	865.7007	947.4772	1022.424	1081.595	1153.916	1226.915	1294.958
410.8	0	0	0	0.2441225	6.470695	116.7264	400.5073	560.305	657.4794	733.8036	801.2336	865.5718	947.4772	1022.127	1082.389	1155.097	1225.484	1293.826
410.9	0	0	0	0.2441225	6.470695	117.0705	400.5862	560.0385	656.7877	733.6948	801.1148	865.1854	947.3384	1022.276	1082.707	1155.097	1224.411	1294.958
411	0	0	0	0.2441225	6.470695	117.0017	400.3497	560.9268	657.3806	733.0419	801.8278	864.0259	947.7549	1022.127	1082.548	1155.266	1225.306	1294.77
411.1	0	0	0	0.2441225	6.470695	117.2081	399.8767	560.6603	656.8865	733.0419	801.1148	864.7989	946.2278	1022.573	1083.501	1155.773	1224.59	1293.259
411.2	0	0	0	0.2441225	6.52952	117.3458	399.7979	560.3938	655.7006	731.4095	801.4713	864.7989	944.8396	1023.168	1083.977	1155.941	1226.2	1292.126
411.3	0	0	0	0.195298	6.52952	117.277	399.325	560.1273	654.91	731.736	802.1843	865.7007	945.1172	1023.615	1084.136	1154.928	1226.2	1291.748
411.4	0	0	0	0.195298	6.52952	117.277	399.0885	559.5056	654.2182	733.2595	802.0654	865.1854	946.6443	1023.466	1084.613	1154.928	1226.736	1290.238
411.5	0	0	0	0.195298	6.52952	117.1393	399.0885	558.6173	653.7241	733.8036	801.8278	864.4124	947.4772	1023.764	1084.771	1153.071	1226.915	1290.238
411.6	0	0	0	0.195298	6.52952	116.9328	399.2461	557.9955	653.6253	733.0419	802.7784	863.6395	946.2278	1023.615	1084.295	1153.578	1226.557	1290.049
411.7	0	0	0	0.195298	6.52952	116.7952	398.7732	557.9955	652.8347	733.4772	803.016	864.4124	947.3384	1022.722	1084.295	1153.24	1226.557	1289.483
411.8	0	0	0	0.195298	6.52952	116.7264	399.2461	558.262	653.5264	733.3683	803.7289	863.3818	947.6161	1023.02	1083.818	1154.928	1227.988	1289.86
411.9	0	0	0	0.195298	6.52952	116.9328	398.852	556.9296	653.8229	733.0419	803.016	862.9954	948.1714	1023.168	1084.613	1156.11	1226.915	1290.427
412	0	0	0	0.195298	6.52952	116.5199	398.4579	557.7291	653.4276	733.4772	802.6595	862.9954	948.1714	1023.168	1084.454	1155.097	1227.63	1292.126
412.1	0	0	0	0.195298	6.52952	116.5887	397.8273	557.9955	653.6253	732.3889	802.5407	862.9954	948.0325	1023.168	1084.136	1154.422	1227.63	1290.993
412.2	0	0	0	0.195298	6.588345	116.7264	397.2755	557.3738	653.9218	732.933	801.1148	862.7377	948.0325	1024.359	1081.912	1156.279	1228.346	1290.993
412.3	0	0	0	0.195298	6.588345	116.9328	397.5908	557.9955	654.91	732.7154	801.2336	861.1918	948.449	1025.252	1080.483	1155.266	1227.451	1291.748
412.4	0	0	0	0.195298	6.588345	116.7264	398.1426	558.1732	654.7123	732.3889	800.283	862.3513	948.1714	1024.508	1080.007	1155.773	1225.842	1293.448
412.5	0	0	0	0.195298	6.588345	116.864	398.3002	557.9067	655.1077	732.3889	801.3525	862.8665	948.1714	1023.317	1080.165	1154.591	1225.663	1293.637
412.6	0	0	0	0.195298	6.588345	116.864	397.4332	557.9067	655.2065	732.1713	801.4713	864.2836	946.9219	1023.02	1080.642	1152.903	1226.2	1294.203
412.7	0	0	0	0.195298	6.588345	116.9328	397.7484	557.6403	654.4159	731.3007	801.1148	864.2836	948.0325	1021.68	1080.483	1154.253	1225.484	1294.581
412.8	0	0	0	0.195298	6.588345	117.3458	398.3791	557.7291	655.1077	731.1918	800.7584	865.1854	947.6161	1020.043	1079.371	1155.266	1223.696	1293.637
412.9	0	0	0	0.195298	6.52952	117.1393	397.6696	557.3738	655.6017	730.8654	800.4019	865.4431	947.0608	1019.15	1079.213	1156.279	1224.233	1294.958
413	0	0	0	0.195298	6.52952	117.277	398.5367	557.7291	654.5147	730.2124	800.0454	865.3142	947.8937	1019.299	1079.054	1156.279	1224.411	1294.958
413.1	0	0	0	0.195298	6.52952	117.4146	398.6155	557.6403	654.7123	730.3212	800.1642	864.2836	947.4772	1018.704	1078.101	1154.591	1223.339	1296.658
413.2	0	0	0	0.195298	6.588345	117.3458	398.852	557.6403	654.91	729.7772	799.0948	865.1854	946.5055	1018.555	1078.736	1154.422	1222.623	1295.147
413.3	0	0	0	0.195298	6.588345	117.6211	399.2461	557.7291	653.7241	729.3419	799.6889	865.8295	947.1996	1019.448	1079.53	1155.604	1222.981	1295.147
413.4	0	0	0	0.195298	6.588345	117.6211	399.4038	558.795	653.0323	729.233	798.0254	866.0872	948.3102	1020.192	1079.213	1155.941	1221.55	1295.714
413.5	0	0	0	0.195298	6.588345	117.7587	399.2461	558.8838	652.1429	729.6683	798.263	865.4431	948.8655	1019.448	1080.007	1156.448	1221.014	1294.77
413.6	0	0	0	0.195298	6.588345	117.9652	399.4826	559.2391	651.9453	730.3212	798.8572	864.5413	949.0043	1020.341	1080.642	1155.941	1222.623	1294.77
413.7	0	0	0	0.195298	6.647169	118.034	400.5862	559.0615	652.637	730.8654	798.6195	865.3142	949.5596	1021.531	1080.801	1153.916	1222.266	1294.014
413.8	0	0	0	0.195298	6.647169	118.034	400.4285	558.9726	652.8347	730.6477	798.5007	865.0566	949.5596	1022.424	1081.595	1153.578	1221.371	1294.014
413.9	0	0	0	0.195298	6.647169	118.3093	400.192	558.6173	653.1312	730.1036	797.5501	865.8295	950.5314	1020.341	1082.23	1153.578	1220.12	1293.826
414	0	0	0	0.195298	6.647169	118.2405	399.8767	557.9955	652.9335	729.6683	797.5501	866.4736	950.5314	1020.936	1080.96	1153.24	1219.047	1293.07
414.1	0	0	0	0.195298	6.647169	117.9652	400.3497	557.285	652.7358	729.5595	797.3124	865.9583	950.6702	1018.555	1080.96	1153.747	1221.193	1293.448
414.2	0	0	0	0.195298	6.470695	118.034	400.5073	556.1302	653.9218	728.7977	796.9559	864.6701	951.0867	1018.704	1080.007	1152.227	1222.266	1294.392
414.3	0	0	0	0.195298	6.52952	118.2405	401.0591	556.0414	653.6253	729.233	796.243	864.5413	951.9196	1017.216	1081.118	1153.747	1221.729	1294.392
414.4	0	0	0	0.195298	6.411871	118.2405	400.5862	556.5743	652.8347	728.6889	794.9359	863.6395	950.5314	1016.323	1080.801	1152.058	1219.225	1293.07
414.5	0	0	0	0.195298	6.411871	118.3782	401.4532	556.6631	653.23	728.0359	795.0547	864.0259	949.6984	1016.918	1080.96	1150.708	1219.583	1291.182
414.6	0	0	0	0.195298	6.411871	118.5158	401.6897	555.5085	653.1312	727.4918	795.8865	863.7683	949.5596	1015.727	1081.595	1150.37	1220.12	1290.615
414.7	0	0	0	0.195298	6.411871	118.3782	401.4532	555.1531	653.0323	727.1653	795.7677	864.0259	949.1431	1014.983	1080.483	1150.201	1219.225	1290.804
414.8	0	0	0	0.195298	6.411871	118.034	400.9014	555.5085	652.9335	727.383	796.3618	863.5107	949.1431	1015.578	1079.054	1149.695	1220.12	1291.56
414.9	0	0	0	0.195298	6.411871	118.1029	400.7438	555.3308	653.0323	726.8389	796.0054	861.9648	948.8655	1014.834	1078.418	1148.851	1219.941	1290.427
415	0	0	0	0.195298	6.411871	118.034	400.9014	555.4196	653.3288	726.4036	796.5995	862.2224	949.9761	1014.685	1079.371	1146.656	1220.835	1290.049
415.1	0	0	0	0.195298	6.470695	117.6899	400.2708	554.709	653.23	726.9477	796.243	861.4495	949.5596	1015.281	1080.324	1149.526	1221.014	1286.65
415.2	0	0	0	0.195298	6.411871	117.4834	400.1132	554.8867	652.9335	726.0771	796.8372	861.8359	949.4208	1015.132	1078.577	1149.695	1221.014	1286.461
415.3	0	0	0	0.195298	6.470695	117.7587	400.1132	554.0873	652.7358	724.7712	796.5995	862.7377	949.8373	1015.727	1077.783	1150.032	1221.193	1287.406
415.4	0	0	0	0.195298	6.588345	117.8276	400.192	554.1761	653.6253	726.0771	796.3618	862.6089	949.5596	1015.578	1077.465	1150.201	1222.444	1287.217
415.5	0	0	0	0.195298	6.647169	117.5523	400.2708	554.3538	653.4276	726.9477	797.4313	863.1242	948.0325	1016.174	1077.783	1151.721	1222.981	1289.294
415.6	0	0	0	0.195298	6.705994	117.6899	400.5073	553.9096	653.5264	726.9477	797.4313	862.7377	949.6984	1016.471	1077.783	1151.046	1223.517	1289.294
415.7	0	0	0	0.195298	6.705994	117.6211	401.0591	553.8208	653.8229	727.1653	798.1442	861.9648	949.4208	1015.876	1076.83	1150.877	1221.729	1290.238
415.8	0	0	0	0.195298	6.705994	117.4834	401.0591	553.6431	654.4159	727.4918	797.0748	862.0936	949.8373	1017.513	1077.624	1151.89	1222.087	1289.105
415.9	0	0	0	0.195298	6.705994	117.1393	400.7438	552.7549	654.7123	727.8183	796.9559	861.4495	949.8373	1017.216	1077.624	1152.058	1222.087	1289.483
416	0	0	0	0.195298	6.705994	116.7952	400.5862	552.4884	654.0206	726.6212	797.1936	862.8665	949.9761	1017.067	1076.989	1151.721	1222.444	1287.972
416.1	0	0	0	0.195298	6.823643	117.0705	400.3497	552.0443	654.5147	726.1859	797.0748	861.7071	949.9761	1017.96	1077.624	1150.37	1222.623	1289.483
416.2	0	0	0	0.195298	6.823643	116.9328	400.9803	552.3108	653.9218	726.2947	797.1936	861.5783	949.282	1017.811	1077.783	1151.552	1223.16	1289.483
416.3	0	0	0	0.195298	6.823643	116.7264	400.5862	552.0443	653.9218	725.6418	796.4807	861.4495	949.6984	1018.704	1079.371	1152.565	1221.729	1289.86
416.4	0	0	0	0.195298	6.882467	116.7264	400.0344	552.3108	653.9218	725.533	795.1736	860.6765	949.6984	1017.662	1079.371	1153.24	1222.266	1289.105
416.5	0	0	0	0.195298	6.823643	116.5887	400.0344	551.9555	653.1312	725.3153	796.243	860.6765	949.0043	1017.811	1080.007	1152.396	1222.087	1290.238
416.6	0	0	0	0.195298	6.823643	116.5199	399.7979	550.9784	653.7241	726.1859	797.4313	859.5171	948.3102	1017.96	1079.689	1152.227	1221.193	1289.483
416.7	0	0	0	0.195298	6.823643	116.7952	399.7979	551.7778	653.3288	725.533	798.6195	859.6459	946.9219	1018.704	1079.689	1150.37	1221.014	1290.238
416.8	0	0	0	0.195298	6.882467	117.0705	399.2461	551.5114	652.5382	725.6418	798.0254	859.5171	946.9219	1019.299	1079.213	1151.046	1221.55	1289.86
416.9	0	0	0	0.195298	6.882467	117.0017	399.1673	551.9555	653.23	724.4448	798.263	859.5171	945.3949	1018.406	1078.895	1149.526	1220.12	1290.238
417	0	0	0	0.195298	6.882467	117.0017	399.0885	552.2219	652.9335	724.7712	798.7383	859.9036	945.5337	1017.662	1078.895	1148.175	1219.762	1289.483
417.1	0	0	0	0.195298	6.882467	117.0705	399.0096	552.6661	652.0441	725.2065	798.3818	861.063	944.8396	1016.025	1079.848	1148.344	1218.51	1289.671
417.2	0	0	0	0.195298	7.000116	116.9328	399.0885	552.7549	652.3406	725.0977	797.9066	860.1612	945.256	1015.281	1078.895	1148.513	1218.153	1289.294
417.3	0	0	0	0.195298	7.000116	117.277	399.4826	553.6431	651.8464	724.9888	798.0254	860.4189	947.1996	1016.323	1078.736	1149.02	1219.583	1288.161
417.4	0	0	0	0.195298	7.058941	117.1393	399.1673	554.4426	652.3406	724.88	797.5501	859.7747	945.6725	1016.918	1078.418	1148.682	1219.047	1287.972
417.5	0	0	0	0.195298	7.058941	117.0017	399.5614	553.5543	651.7476	724.4448	798.1442	859.2595	945.256	1015.727	1076.989	1149.188	1219.941	1288.727
417.6	0	0	0	0.195298	7.058941	116.9328	400.1132	554.2649	651.2535	724.2271	798.976	858.4865	944.562	1015.876	1076.671	1149.526	1220.298	1287.972
417.7	0	0	0	0.195298	7.058941	117.3458	400.0344	553.9096	651.55	724.0095	797.5501	858.6154	944.1454	1016.471	1076.83	1149.526	1220.656	1288.35
417.8	0	0	0	0.195298	7.058941	117.1393	399.5614	554.3538	651.55	723.683	797.6689	858.1	944.4231	1016.174	1077.783	1149.526	1219.404	1287.783
417.9	0	0	0	0.195298	7.058941	117.1393	399.4826	554.4426	651.7476	724.3359	798.0254	857.5847	942.3408	1016.62	1077.942	1148.851	1219.225	1287.406
418	0	0	0	0.195298	7.117765	117.1393	400.2708	554.8867	651.0558	724.1183	797.3124	857.0695	943.3125	1018.257	1078.26	1148.682	1219.941	1286.839
418.1	0	0	0	0.195298	7.058941	116.9328	400.9014	555.242	650.957	723.2477	797.1936	858.1	943.729	1017.364	1077.624	1149.357	1220.12	1287.783
418.2	0	0	0	0.195298	7.058941	117.0017	401.0591	555.8638	650.2653	723.3565	796.8372	857.5847	943.729	1017.513	1077.624	1148.513	1219.225	1287.972
418.3	0	0	0	0.195298	7.117765	116.864	400.5862	555.6861	651.2535	722.9212	797.7877	857.7136	943.5901	1016.323	1077.624	1147.162	1217.616	1287.783
418.4	0	0	0	0.195298	7.058941	116.7952	400.9014	555.5973	650.957	724.0095	797.7877	857.4559	943.8678	1015.43	1076.354	1146.487	1216.722	1287.594
418.5	0	0	0	0.195298	7.058941	116.6575	400.5073	555.7749	651.2535	724.9888	796.1242	857.5847	941.9243	1015.132	1075.401	1145.474	1215.828	1287.217
418.6	0	0	0	0.195298	7.058941	116.7952	400.2708	555.9526	651.3523	724.4448	797.3124	856.0388	942.2019	1016.769	1073.971	1145.474	1216.901	1287.406
418.7	0	0	0	0.195298	7.117765	116.7264	400.2708	555.1531	651.1547	724.6624	798.0254	854.6218	942.2019	1016.62	1073.971	1146.15	1215.113	1287.406
418.8	0	0	0	0.195298	7.176589	116.7264	400.2708	555.1531	650.5617	724.6624	797.3124	853.9777	941.6466	1017.662	1073.018	1146.656	1215.649	1287.028
418.9	0	0	0	0.195298	7.176589	116.5887	400.5073	555.1531	650.8582	724.5535	797.5501	854.2353	942.4796	1017.067	1073.018	1145.305	1215.113	1284.762
419	0	0	0	0.195298	7.294239	116.5887	400.8226	554.3538	650.4629	724.7712	797.9066	854.1064	942.0631	1015.578	1072.542	1144.124	1214.397	1286.273
419.1	0	0	0	0.195298	7.235414	116.7264	400.2708	554.6202	650.8582	724.2271	797.5501	853.8488	942.0631	1014.983	1073.336	1144.968	1212.967	1287.594
419.2	0	0	0	0.195298	7.235414	116.7952	400.1132	554.3538	650.8582	723.683	797.7877	854.3641	941.5078	1016.025	1072.383	1145.474	1211.894	1289.105
419.3	0	0	0	0.195298	7.294239	116.6575	399.7979	554.4426	650.0676	723.03	797.5501	855.1371	941.5078	1016.025	1073.813	1145.812	1212.609	1288.727
419.4	0	0	0	0.195298	7.353063	116.864	399.325	554.1761	648.8817	722.9212	795.7677	853.72	942.7572	1017.513	1072.065	1145.981	1212.788	1288.35
419.5	0	0	0	0.195298	7.411888	116.7264	399.4038	553.732	648.3876	723.9006	795.7677	852.947	941.369	1016.62	1071.589	1147.331	1211.178	1287.972
419.6	0	0	0	0.195298	7.235414	116.7952	399.5614	553.199	648.4864	723.9006	795.5301	853.5912	943.1737	1015.876	1073.018	1146.318	1211.894	1287.594
419.7	0	0	0	0.195298	7.176589	116.7952	399.7979	553.199	648.8817	724.2271	796.1242	853.4623	942.6184	1015.727	1071.589	1146.994	1210.105	1286.65
419.8	0	0	0	0.195298	7.176589	116.9328	399.1673	552.9326	648.6841	724.2271	796.243	854.1064	943.3125	1017.216	1070.795	1146.318	1210.105	1286.461
419.9	0	0	0	0.195298	7.235414	116.864	399.4826	553.4655	648.5852	724.2271	796.9559	854.1064	943.8678	1016.323	1070.16	1144.292	1209.39	1284.951
420	0	0	0	0.195298	7.176589	116.4511	398.6943	553.3766	648.8817	724.6624	796.0054	853.8488	943.3125	1014.685	1071.112	1144.968	1209.39	1284.951
420.1	0	0	0	0.195298	7.176589	116.1758	398.1426	552.6661	648.9805	724.7712	795.7677	853.5912	944.4231	1013.048	1072.065	1143.448	1209.39	1283.818
420.2	0	0	0	0.195298	7.117765	116.2446	397.7484	552.8438	648.4864	724.9888	795.8865	853.2047	942.3408	1013.941	1072.859	1144.124	1208.854	1283.44
420.3	0	0	0	0.195298	7.176589	116.0381	397.9061	553.199	649.1782	725.3153	796.243	853.0759	940.9525	1014.388	1072.542	1144.799	1208.138	1283.629
420.4	0	0	0	0.195298	7.176589	116.4511	398.4579	552.9326	648.1899	724.4448	796.0054	854.4929	942.0631	1014.983	1073.018	1145.305	1207.602	1282.685
420.5	0	0	0	0.195298	7.176589	116.3822	398.3791	553.9984	647.7946	724.88	795.2924	855.0082	942.7572	1014.834	1072.224	1146.15	1208.496	1283.251
420.6	0	0	0	0.195298	7.176589	116.2446	398.3791	553.6431	648.1899	724.3359	796.5995	856.8118	943.8678	1014.537	1072.701	1146.318	1208.854	1282.874
420.7	0	0	0	0.195298	7.117765	116.4511	399.0096	553.0214	648.9805	724.88	796.1242	854.8794	942.7572	1012.9	1075.401	1145.812	1209.211	1280.608
420.8	0	0	0	0.195298	7.117765	116.4511	399.0885	553.5543	649.8699	724.7712	794.5795	854.6218	942.7572	1013.941	1074.765	1145.643	1209.39	1279.286
420.9	0	0	0	0.195298	7.117765	115.9693	399.1673	553.3766	649.6723	725.4241	794.8171	855.7812	941.9243	1014.09	1074.448	1144.292	1208.138	1278.908
421	0	0	0	0.195298	7.176589	116.1069	398.7732	553.6431	649.4747	724.7712	794.6983	855.7812	942.2019	1014.388	1073.971	1144.968	1208.496	1279.475
421.1	0	0	0	0.195298	7.235414	116.1069	398.7732	553.1102	649.277	724.88	795.6489	854.4929	941.7855	1014.09	1074.289	1142.942	1209.032	1277.587
421.2	0	0	0	0.195298	7.235414	115.9693	398.0638	552.4884	649.5735	725.8594	795.4113	853.72	941.369	1013.793	1073.971	1143.111	1210.642	1278.531
421.3	0	0	0	0.195298	7.176589	116.1069	397.9849	551.7778	649.5735	726.0771	795.5301	852.947	939.9807	1012.155	1072.701	1143.955	1210.284	1277.02
421.4	0	0	0	0.195298	7.176589	115.8316	397.7484	551.1561	649.8699	725.533	794.5795	852.8182	938.8701	1012.304	1073.336	1143.448	1211.178	1276.642
421.5	0	0	0	0.195298	7.176589	115.8316	398.2214	551.1561	649.277	724.1183	793.3912	852.6894	939.1478	1012.453	1072.859	1143.111	1212.788	1277.209
421.6	0	0	0	0.195298	7.176589	116.0381	398.3002	551.7778	648.1899	724.88	793.3912	852.947	938.8701	1012.453	1072.701	1143.617	1213.861	1277.587
421.7	0	0	0	0.195298	7.117765	116.1758	398.5367	552.3108	648.9805	724.6624	793.7477	853.0759	939.009	1013.048	1073.813	1143.111	1214.397	1276.454
421.8	0	0	0	0.195298	7.176589	116.3822	398.9308	551.8666	648.8817	725.0977	793.5101	852.3029	939.5643	1013.644	1072.383	1143.448	1212.788	1277.209
421.9	0	0	0	0.195298	7.176589	116.2446	399.0096	551.689	649.7711	725.6418	795.2924	852.1741	939.9807	1014.239	1072.065	1144.799	1214.04	1277.587
422	0	0	0	0.195298	7.235414	116.2446	399.0885	551.689	650.4629	725.533	794.5795	852.4318	939.7031	1012.9	1072.859	1144.63	1214.218	1277.02
422.1	0	0	0	0.195298	7.235414	116.3822	399.0096	552.1331	651.0558	726.6212	794.8171	852.6894	938.8701	1012.155	1072.859	1145.305	1213.145	1276.642
422.2	0	0	0	0.195298	7.235414	116.3134	399.0885	551.8666	650.0676	725.8594	794.9359	853.0759	938.5925	1012.453	1073.654	1143.28	1212.43	1276.454
422.3	0	0	0	0.195298	7.294239	116.3822	399.0096	551.8666	649.7711	725.9683	793.9854	853.0759	937.8984	1012.155	1073.177	1143.617	1212.43	1277.964
422.4	0	0	0	0.195298	7.176589	116.3134	399.0885	551.0673	649.4747	726.5124	794.223	852.947	939.4254	1012.155	1073.495	1144.292	1212.609	1278.908
422.5	0	0	0	0.195298	7.176589	116.5887	398.9308	551.5114	649.0793	727.0565	793.1536	853.72	939.4254	1012.602	1072.542	1143.786	1212.788	1279.664
422.6	0	0	0	0.195298	7.176589	116.7952	398.3791	552.1331	649.4747	725.2065	793.8665	854.3641	940.3972	1011.858	1072.701	1143.617	1212.609	1280.23
422.7	0	0	0	0.195298	7.176589	116.5199	399.0096	551.9555	649.1782	724.7712	795.5301	852.6894	939.8419	1011.114	1073.495	1142.267	1212.073	1280.23
422.8	0	0	0	0.195298	7.117765	116.5887	399.1673	551.8666	649.3759	724.2271	795.0547	852.1741	940.536	1011.114	1072.701	1141.591	1212.967	1279.853
422.9	0	0	0	0.195298	7.294239	116.7264	398.852	551.9555	649.5735	724.2271	795.1736	852.0453	939.9807	1011.56	1073.018	1143.111	1210.284	1279.664
423	0	0	0	0.195298	7.294239	116.5199	398.6155	552.0443	649.7711	724.6624	795.6489	853.2047	941.0913	1011.56	1073.495	1142.942	1210.284	1279.475
423.1	0	0	0	0.195298	7.235414	116.7952	398.6155	552.3108	649.8699	724.0095	795.1736	853.5912	941.5078	1011.709	1073.654	1142.098	1209.927	1280.419
423.2	0	0	0	0.195298	7.294239	116.5199	398.9308	552.4884	650.7593	723.9006	794.8171	853.72	940.9525	1012.602	1074.289	1142.604	1211.357	1281.363
423.3	0	0	0	0.1464735	7.294239	116.4511	399.0885	553.0214	650.5617	723.7918	796.0054	853.5912	942.2019	1013.048	1072.701	1142.942	1211.894	1281.93
423.4	0	0	0	0.1464735	7.294239	116.864	399.325	553.6431	651.2535	722.8124	795.5301	853.4623	942.3408	1010.965	1072.542	1142.267	1211.715	1283.063
423.5	0	0	0	0.1464735	7.294239	116.9328	399.2461	553.732	651.2535	722.7036	795.2924	853.9777	942.3408	1012.751	1072.542	1142.942	1211.357	1281.363
423.6	0	0	0	0.1464735	7.235414	116.7264	399.0096	553.9096	650.6605	723.03	794.4606	853.4623	941.2302	1013.048	1071.748	1141.929	1211.178	1282.118
423.7	0	0	0	0.1464735	7.294239	116.5887	398.6155	553.2878	651.3523	722.2682	794.1042	853.5912	942.4796	1013.495	1071.112	1142.267	1210.463	1282.307
423.8	0	0	0	0.1464735	7.294239	116.864	397.7484	553.0214	651.0558	723.3565	794.4606	853.3335	941.6466	1012.751	1071.748	1141.76	1211	1284.007
423.9	0	0	0	0.1464735	7.294239	117.0017	397.8273	553.3766	650.957	723.03	793.2724	854.3641	941.9243	1012.9	1071.589	1142.267	1210.821	1283.629
424	0	0	0	0.1464735	7.294239	116.7264	396.8814	552.7549	650.6605	722.4859	793.0347	854.4929	941.7855	1010.965	1071.271	1141.254	1209.569	1283.44
424.1	0	0	0	0.1464735	7.294239	116.7264	396.6449	551.8666	649.7711	722.7036	792.7971	853.72	941.0913	1009.923	1070.16	1140.41	1209.032	1282.685
424.2	0	0	0	0.1464735	7.353063	116.6575	397.1967	552.1331	649.7711	723.1389	792.5594	852.0453	940.3972	1009.625	1069.365	1140.072	1208.496	1283.44
424.3	0	0	0	0.1464735	7.353063	116.7264	396.3296	552.2219	650.0676	723.4653	792.3218	852.0453	939.7031	1008.584	1070.636	1138.384	1209.748	1282.307
424.4	0	0	0	0.1464735	7.353063	116.864	396.8814	550.9784	650.8582	724.6624	791.0147	851.53	938.4537	1009.774	1071.43	1138.046	1210.642	1281.552
424.5	0	0	0	0.1464735	7.294239	117.1393	397.3543	550.5343	651.0558	723.683	790.8959	850.757	938.4537	1008.435	1071.907	1138.046	1210.284	1282.118
424.6	0	0	0	0.1464735	7.294239	117.4834	398.0638	549.9125	650.0676	723.2477	791.1335	850.4994	937.4819	1009.03	1071.589	1139.228	1210.284	1282.118
424.7	0	0	0	0.1464735	7.294239	117.4834	398.1426	550.5343	650.2653	723.3565	790.7771	850.8859	938.176	1009.179	1071.43	1139.059	1210.105	1282.307
424.8	0	0	0	0.1464735	7.235414	117.6899	397.8273	550.8008	650.1664	723.1389	790.4206	852.1741	937.4819	1009.03	1070.001	1137.708	1209.39	1279.664
424.9	0	0	0	0.09764901	7.294239	117.7587	398.0638	551.3337	649.7711	722.8124	790.6583	852.5605	936.6489	1008.137	1070.318	1138.552	1209.927	1279.286
425	0	0	0	0.09764901	7.294239	117.4834	398.852	551.7778	649.6723	722.1594	790.4206	852.4318	937.7595	1008.286	1070.318	1139.397	1210.821	1279.664
425.1	0	0	0	0.09764901	7.235414	117.3458	399.1673	550.8896	649.277	722.2682	790.8959	851.6588	938.0372	1008.435	1070.001	1138.721	1210.284	1279.097
425.2	0	0	0	0.09764901	7.235414	117.4834	399.6402	551.1561	649.3759	722.9212	791.0147	851.4012	938.4537	1007.542	1068.412	1139.734	1209.927	1277.964
425.3	0	0	0	0.09764901	7.176589	118.034	399.2461	550.9784	649.277	723.4653	790.183	851.9164	938.7313	1007.988	1068.571	1140.41	1209.927	1277.587
425.4	0	0	0	0.09764901	7.117765	118.1717	399.0096	551.1561	648.8817	722.9212	790.7771	850.757	937.7595	1007.393	1066.665	1139.059	1207.781	1279.286
425.5	0	0	0	0.09764901	7.058941	117.8276	399.2461	550.8896	647.8934	723.2477	791.4901	852.0453	937.2042	1006.202	1067.618	1140.41	1207.244	1280.23
425.6	0	0	0	0.09764901	7.117765	118.1029	399.4038	550.4454	647.004	723.3565	791.9653	852.6894	937.7595	1005.905	1067.142	1140.241	1207.96	1278.531
425.7	0	0	0	0.09764901	7.176589	117.8964	399.4826	550.7119	646.7076	722.7036	791.2524	854.2353	937.6207	1005.607	1068.254	1139.903	1207.781	1277.02
425.8	0	0	0	0.09764901	7.176589	117.7587	399.6402	550.9784	647.597	722.9212	791.2524	853.5912	936.9266	1005.458	1065.712	1141.085	1207.244	1277.02
425.9	0	0	0	0.09764901	7.176589	117.6211	399.325	551.2449	647.004	721.8329	791.1335	853.2047	938.3148	1005.607	1066.03	1140.916	1206.887	1276.454
426	0	0	0	0.09764901	7.235414	117.7587	399.4038	550.6231	647.1028	721.5065	790.8959	852.6894	938.4537	1006.947	1065.554	1140.916	1206.171	1274.943
426.1	0	0	0	0.09764901	7.294239	117.6211	400.3497	550.3566	647.1028	721.3976	791.0147	853.3335	938.8701	1008.286	1066.507	1142.267	1205.992	1275.698
426.2	0	0	0	0.09764901	7.294239	117.6211	400.2708	550.5343	646.5099	721.18	790.5394	852.0453	939.4254	1006.649	1066.189	1142.435	1205.456	1274.943
426.3	0	0	0	0.09764901	7.294239	117.8964	400.7438	550.179	646.7076	721.9418	789.5889	851.53	939.1478	1006.798	1066.348	1141.929	1206.529	1272.866
426.4	0	0	0	0.09764901	7.353063	118.1717	399.8767	550.7119	645.917	722.2682	790.183	851.0147	939.009	1004.714	1068.095	1141.76	1207.065	1272.488
426.5	0	0	0	0.09764901	7.353063	117.8964	400.0344	550.0901	644.8299	721.6153	789.5889	851.2723	939.1478	1005.012	1068.571	1142.267	1206.708	1272.111
426.6	0	0	0	0.09764901	7.411888	117.6899	400.3497	550.179	645.8181	720.8535	788.8759	851.4012	938.3148	1003.226	1068.73	1141.929	1205.814	1272.866
426.7	0	0	0	0.09764901	7.411888	117.5523	400.5073	550.7119	645.4229	721.3976	789.1135	852.3029	937.6207	1004.565	1067.301	1141.76	1206.35	1273.244
426.8	0	0	0	0.09764901	7.470712	117.8964	400.1132	551.1561	645.4229	720.6359	788.6382	851.1435	936.9266	1004.863	1066.983	1143.28	1205.992	1273.999
426.9	0	0	0	0.09764901	7.529537	118.1717	399.7191	550.8896	645.917	721.9418	788.4006	850.8859	937.2042	1005.012	1068.095	1142.435	1205.456	1274.377
427	0	0	0	0.09764901	7.470712	118.034	398.9308	550.8008	645.6205	722.7036	788.5194	850.1129	936.7878	1006.054	1068.095	1143.617	1206.171	1275.698
427.1	0	0	0	0.09764901	7.470712	118.034	398.6943	551.2449	646.4111	722.4859	789.2324	850.757	935.816	1005.607	1067.142	1144.63	1204.383	1274.943
427.2	0	0	0	0.09764901	7.470712	118.3093	398.3002	551.0673	647.1028	721.6153	788.8759	851.7877	934.983	1005.756	1065.712	1144.124	1205.456	1273.999
427.3	0	0	0	0.09764901	7.470712	118.1717	397.6696	550.2678	647.1028	721.3976	788.6382	851.6588	934.5666	1005.31	1064.283	1142.942	1205.992	1273.81
427.4	0	0	0	0.09764901	7.470712	118.034	397.4332	549.4684	647.4982	721.2888	787.3312	851.9164	934.4277	1005.607	1064.918	1143.786	1206.708	1275.51
427.5	0	0	0	0.09764901	7.470712	118.1717	397.3543	549.5572	647.2017	720.527	788.2818	851.53	934.983	1004.863	1066.03	1143.448	1207.244	1276.642
427.6	0	0	0	0.09764901	7.470712	118.447	396.9602	549.1131	646.5099	719.9829	788.5194	851.7877	934.2889	1004.714	1066.189	1143.448	1206.708	1273.999
427.7	0	0	0	0.09764901	7.529537	118.6535	396.7237	548.8466	647.4982	720.3094	788.7571	852.0453	934.1501	1003.524	1066.507	1144.292	1206.708	1273.81
427.8	0	0	0	0.09764901	7.529537	118.7223	396.6449	549.3796	646.9052	720.3094	789.3512	853.2047	934.4277	1003.524	1063.489	1145.305	1206.529	1274.754
427.9	0	0	0	0.09764901	7.588361	118.5158	396.4084	549.4684	647.4982	719.6564	788.4006	852.5605	932.4842	1003.672	1062.377	1144.799	1205.277	1275.321
428	0	0	0	0.09764901	7.588361	118.2405	396.5661	549.2019	647.597	720.527	789.7076	852.0453	933.8724	1003.375	1063.171	1143.28	1204.204	1273.81
428.1	0	0	0	0.09764901	7.588361	118.1029	396.3296	549.7349	648.1899	720.3094	789.47	850.757	934.1501	1003.97	1063.648	1141.591	1203.668	1272.677
428.2	0	0	0	0.09764901	7.647186	117.9652	395.8567	550.5343	647.9923	720.6359	789.5889	850.6282	932.9007	1003.672	1063.648	1140.916	1205.456	1271.922
428.3	0	0	0	0.09764901	7.647186	117.8276	395.3837	550.2678	647.004	721.18	788.7571	851.0147	932.623	1002.78	1062.695	1140.578	1206.887	1272.3
428.4	0	0	0	0.09764901	7.647186	117.4146	395.7778	550.8896	647.4982	722.0506	788.0441	849.8553	932.3454	1003.226	1062.854	1139.734	1206.529	1270.978
428.5	0	0	0	0.09764901	7.647186	117.4834	395.3049	551.2449	647.597	723.03	787.8065	849.0823	931.6512	1002.333	1062.377	1138.89	1205.456	1269.089
428.6	0	0	0	0.09764901	7.588361	117.4834	395.9355	551.0673	647.1028	723.1389	787.2123	849.5976	931.7901	1001.887	1063.33	1139.903	1206.708	1267.768
428.7	0	0	0	0.09764901	7.588361	117.3458	396.172	550.6231	647.6958	723.683	787.0935	849.34	933.7336	1000.845	1063.012	1140.41	1207.065	1267.579
428.8	0	0	0	0.09764901	7.588361	117.277	395.6202	550.4454	646.6088	723.1389	786.4994	850.757	934.1501	1000.696	1064.283	1139.903	1206.529	1268.145
428.9	0	0	0	0.09764901	7.647186	117.4146	394.9108	550.0013	647.3005	723.4653	786.2618	850.757	933.5948	1001.887	1063.648	1138.89	1206.708	1269.845
429	0	0	0	0.09764901	7.70601	117.277	394.4378	550.179	647.2017	723.03	786.0241	851.4012	933.3171	1001.738	1063.012	1137.877	1205.992	1270.222
429.1	0	0	0	0.09764901	7.70601	117.3458	394.4378	550.2678	647.1028	721.9418	785.5488	851.0147	932.0677	1002.928	1062.695	1138.215	1205.635	1270.411
429.2	0	0	0	0.09764901	7.70601	117.4146	393.4131	549.8237	646.3123	721.6153	785.9053	851.53	932.0677	1001.738	1062.695	1139.228	1207.244	1271.544
429.3	0	0	0	0.09764901	7.70601	117.6211	393.4131	550.0013	645.6205	722.1594	786.6182	851.1435	932.7618	1001.738	1062.536	1138.89	1207.781	1270.789
429.4	0	0	0	0.09764901	7.70601	117.3458	393.4131	550.7119	645.2252	721.6153	787.6876	851.2723	931.5125	1000.994	1062.218	1138.384	1209.032	1272.866
429.5	0	0	0	0.09764901	7.70601	117.0705	392.5461	550.3566	645.1263	721.18	787.5688	851.6588	931.0959	1000.994	1061.583	1139.903	1209.748	1272.3
429.6	0	0	0	0.09764901	7.70601	117.277	392.1519	550.4454	645.1263	720.6359	788.5194	851.6588	930.6795	1000.547	1061.265	1139.565	1209.39	1272.677
429.7	0	0	0	0.09764901	7.70601	117.1393	391.9943	550.8008	644.2369	720.6359	787.5688	852.1741	931.5125	1000.696	1062.695	1140.241	1209.211	1272.866
429.8	0	0	0	0.09764901	7.70601	117.0017	392.1519	551.4225	644.3358	720.7447	787.0935	853.3335	931.2348	1000.696	1062.695	1140.241	1207.96	1272.866
429.9	0	0	0	0.09764901	7.764835	117.1393	392.6248	551.5114	643.8417	720.3094	786.3806	852.4318	930.5406	1002.035	1064.124	1141.422	1206.35	1272.866
430	0	0	0	0.09764901	7.70601	117.3458	392.3884	550.9784	643.7429	720.6359	787.5688	851.6588	930.8183	1002.184	1063.965	1140.41	1205.456	1273.244
430.1	0	0	0	0.09764901	7.647186	117.4146	392.0731	550.5343	642.3593	720.527	787.2123	852.3029	930.263	1000.547	1063.965	1139.565	1204.383	1272.677
430.2	0	0	0	0.09764901	7.647186	117.6211	391.6001	550.0901	642.9522	721.2888	786.9747	852.5605	930.5406	1000.25	1064.124	1138.89	1203.668	1272.488
430.3	0	0	0	0.09764901	7.647186	117.6211	392.0731	549.6461	643.644	721.3976	786.9747	852.0453	930.8183	1000.398	1063.648	1140.072	1202.952	1272.3
430.4	0	0	0	0.09764901	7.647186	117.7587	391.9154	550.0901	644.4346	720.527	787.8065	852.0453	932.0677	999.9518	1064.442	1138.721	1202.774	1272.866
430.5	0	0	0	0.09764901	7.647186	117.4834	392.1519	551.0673	644.3358	719.9829	788.6382	851.2723	931.5125	1000.398	1064.283	1138.384	1202.952	1272.677
430.6	0	0	0	0.09764901	7.588361	117.6211	392.4672	550.8008	643.9405	718.7859	786.9747	850.757	930.4019	1000.25	1063.012	1138.384	1202.416	1271.922
430.7	0	0	0	0.09764901	7.588361	117.8276	392.2307	550.8896	643.2487	719.5476	785.6676	850.6282	930.5406	1000.547	1062.059	1138.046	1204.383	1271.167
430.8	0	0	0	0.09764901	7.588361	118.3093	392.7825	550.5343	642.7546	719.4388	784.5982	850.2418	931.5125	999.6542	1063.012	1137.202	1204.562	1273.81
430.9	0	0	0	0.09764901	7.588361	117.8276	392.9402	550.6231	643.2487	718.2418	783.5288	849.34	931.7901	999.5054	1064.283	1137.033	1204.025	1272.866
431	0	0	0	0.09764901	7.588361	117.8276	392.7825	550.5343	642.7546	717.1535	782.8159	848.4382	931.2348	999.3566	1064.601	1137.708	1203.668	1272.488
431.1	0	0	0	0.09764901	7.588361	118.034	392.8613	551.5114	643.2487	717.8065	783.6476	847.6652	930.5406	999.6542	1066.348	1137.033	1203.847	1272.3
431.2	0	0	0	0.09764901	7.529537	117.8964	393.3343	550.6231	642.4581	717.6976	783.1723	846.8923	931.3736	999.2077	1065.077	1138.721	1201.164	1271.544
431.3	0	0	0	0.09764901	7.470712	117.6899	393.4919	551.1561	642.9522	717.5888	783.6476	847.0211	930.9572	998.7612	1064.76	1136.695	1201.522	1271.544
431.4	0	0	0	0.09764901	7.470712	117.9652	394.0437	551.7778	642.5569	717.9153	783.6476	846.6346	931.6512	999.6542	1063.648	1135.682	1202.058	1270.411
431.5	0	0	0	0.1464735	7.294239	118.034	393.6496	551.5114	642.6558	717.3712	784.2418	846.8923	932.4842	1001.589	1064.601	1134.332	1200.807	1269.845
431.6	0	0	0	0.1464735	7.411888	118.1717	393.4131	551.5114	642.7546	718.0241	785.0735	847.5364	931.7901	1001.44	1064.283	1134.163	1200.449	1269.656
431.7	0	0	0	0.1464735	7.470712	118.3093	393.3343	551.0673	642.5569	718.2418	785.3112	848.0517	932.3454	1001.589	1063.012	1133.319	1198.839	1270.222
431.8	0	0	0	0.1464735	7.529537	118.3782	393.0978	550.8896	642.7546	718.1329	785.6676	848.0517	932.2065	1000.994	1062.854	1133.825	1199.912	1268.523
431.9	0	0	0	0.1464735	7.411888	118.3782	393.3343	550.5343	642.7546	718.2418	787.0935	846.6346	931.9289	1000.845	1062.377	1133.488	1198.303	1267.768
432	0	0	0	0.1464735	7.470712	118.5158	393.6496	550.0013	642.1616	717.9153	787.9253	845.8617	932.0677	1001.142	1061.583	1131.293	1198.124	1267.957
432.1	0	0	0	0.1464735	7.529537	119.0664	393.8072	548.7578	641.2722	718.1329	787.6876	844.5735	931.7901	1000.101	1061.901	1132.475	1196.694	1267.957
432.2	0	0	0	0.1464735	7.529537	118.9287	393.4131	548.7578	640.6793	718.1329	787.8065	843.0276	932.3454	999.3566	1061.107	1133.488	1197.945	1268.901
432.3	0	0	0	0.1464735	7.470712	118.8599	393.7284	548.7578	641.6675	718.4594	787.6876	842.3834	932.0677	999.9518	1061.424	1131.631	1199.376	1268.901
432.4	0	0	0	0.1464735	7.470712	119.1352	393.4919	548.3137	641.964	717.48	788.0441	843.1564	930.9572	1001.142	1060.789	1131.462	1199.197	1269.089
432.5	0	0	0	0.1464735	7.529537	119.0664	393.8072	547.6919	642.2604	718.2418	789.3512	844.187	930.263	1000.398	1059.201	1131.968	1199.734	1269.467
432.6	0	0	0	0.1464735	7.411888	118.3093	393.886	547.3366	642.0628	717.5888	788.8759	843.9293	929.9854	1000.25	1058.089	1131.293	1200.628	1270.222
432.7	0	0	0	0.1464735	7.353063	118.447	393.4131	546.626	642.2604	718.1329	789.2324	843.2852	929.4301	999.3566	1058.406	1131.462	1198.839	1271.544
432.8	0	0	0	0.1464735	7.353063	118.3782	393.5708	546.4484	640.7781	718.2418	789.3512	843.1564	929.9854	1000.994	1059.677	1131.462	1199.555	1270.978
432.9	0	0	0	0.1464735	7.529537	118.7911	393.1766	547.0701	641.5687	719.2211	788.4006	844.0582	930.4019	999.9518	1060.154	1132.812	1198.661	1271.922
433	0	0	0	0.1464735	7.529537	118.7911	392.8613	546.3596	641.2722	719.5476	789.2324	843.2852	929.7077	999.5054	1061.107	1131.631	1197.409	1273.055
433.1	0	0	0	0.1464735	7.588361	118.5158	392.6248	546.7148	641.964	719.9829	788.8759	844.96	929.0136	1000.101	1060.789	1132.475	1198.124	1272.111
433.2	0	0	0	0.1464735	7.647186	118.8599	392.4672	546.1819	642.0628	719.33	789.3512	844.96	929.4301	998.9101	1060.312	1132.306	1199.018	1270.978
433.3	0	0	0	0.1464735	7.647186	118.6535	392.6248	545.9154	641.964	719.4388	789.9453	844.4446	929.5689	999.6542	1060.948	1134.501	1198.661	1270.222
433.4	0	0	0	0.1464735	7.588361	119.0664	393.019	546.626	640.284	718.7859	790.5394	844.96	929.7077	999.2077	1061.265	1135.176	1198.124	1270.789
433.5	0	0	0	0.1464735	7.70601	119.1352	393.5708	546.2707	639.8887	718.4594	790.7771	845.3464	930.1242	997.8683	1060.789	1133.994	1197.051	1269.467
433.6	0	0	0	0.1464735	7.70601	118.9976	393.019	546.1819	639.9875	718.1329	789.8265	845.0887	929.9854	998.3148	1060.948	1134.838	1197.945	1268.712
433.7	0	0	0	0.1464735	7.764835	118.5846	393.2555	545.8266	640.6793	717.6976	789.7076	844.5735	927.903	998.7612	1063.171	1135.514	1197.945	1268.145
433.8	0	0	0	0.1464735	7.764835	118.9287	393.4131	545.7377	640.0863	716.9359	789.5889	844.8311	927.903	998.0172	1063.171	1135.345	1198.661	1268.145
433.9	0	0	0	0.1464735	7.70601	118.9287	392.7825	544.7607	639.2957	716.3917	788.9947	844.8311	928.736	998.4636	1062.059	1134.838	1198.482	1267.579
434	0	0	0	0.1464735	7.70601	119.1352	391.9943	545.0272	639.7899	715.9564	788.6382	844.8311	926.7924	999.0589	1061.901	1134.163	1197.945	1268.523
434.1	0	0	0	0.1464735	7.70601	119.1352	391.7578	544.4054	639.2957	714.8682	789.1135	844.4446	927.0701	998.7612	1060.789	1134.67	1197.051	1267.579
434.2	0	0	0	0.1464735	7.70601	119.0664	391.5213	543.7836	639.0981	715.5211	786.8559	844.0582	928.4583	998.6124	1060.154	1135.007	1198.124	1267.201
434.3	0	0	0	0.1464735	7.70601	119.5482	392.1519	543.3395	638.7028	715.0858	786.1429	842.6411	929.0136	998.6124	1059.836	1136.189	1197.588	1268.145
434.4	0	0	0	0.1464735	7.70601	119.617	391.9154	544.0501	638.9005	714.7593	785.1923	843.6717	929.4301	998.7612	1059.042	1136.358	1196.872	1268.145
434.5	0	0	0	0.1464735	7.70601	119.4793	391.679	543.6948	638.7028	714.2152	785.5488	844.8311	929.0136	998.3148	1059.201	1136.02	1197.23	1267.957
434.6	0	0	0	0.1464735	7.70601	119.8235	391.7578	542.8066	639.3945	714.2152	785.6676	844.5735	928.8748	998.3148	1059.518	1134.163	1198.839	1268.145
434.7	0	0	0	0.1464735	7.764835	119.6858	391.7578	542.9842	638.7028	712.5829	785.9053	844.96	928.8748	997.5707	1060.154	1133.319	1199.197	1268.712
434.8	0	0	0	0.1464735	7.764835	119.8235	391.9154	542.9842	638.3075	712.2564	785.7864	844.8311	929.8466	996.9753	1060.312	1132.644	1197.409	1267.201
434.9	0	0	0	0.1464735	7.70601	119.8235	391.9943	542.8066	638.9005	713.0182	785.43	844.5735	928.8748	996.3801	1058.089	1132.137	1197.23	1267.39
435	0	0	0	0.1464735	7.70601	119.8923	392.3884	542.9842	639.3945	712.6917	784.8359	843.8005	927.6254	997.273	1057.771	1131.968	1197.409	1266.635
435.1	0	0	0	0.1464735	7.70601	119.8235	392.2307	542.6289	638.5051	712.0388	785.5488	844.187	927.4865	996.9753	1057.454	1132.812	1197.23	1266.068
435.2	0	0	0	0.1464735	7.70601	119.204	392.8613	542.9842	638.9993	711.6035	784.8359	845.0887	927.0701	997.1242	1057.612	1133.656	1196.872	1264.935
435.3	0	0	0	0.1464735	7.70601	119.0664	393.6496	542.8954	639.7899	713.4534	785.0735	845.0887	926.2371	997.4218	1058.406	1135.007	1197.409	1263.802
435.4	0	0	0	0.1464735	7.764835	119.204	393.9649	543.5172	640.3828	713.6711	784.2418	845.3464	927.4865	997.4218	1055.707	1134.67	1197.051	1263.991
435.5	0	0	0	0.1464735	7.70601	118.9287	393.9649	543.4283	639.691	714.4329	782.8159	844.7023	926.7924	996.6777	1055.389	1134.332	1197.945	1264.747
435.6	0	0	0	0.1464735	7.70601	118.6535	393.7284	543.073	640.6793	713.7799	782.5782	844.8311	926.2371	996.3801	1054.912	1133.319	1199.018	1263.614
435.7	0	0	0	0.1464735	7.70601	118.5846	393.3343	543.7836	640.8769	712.8005	782.9347	845.2176	927.2089	995.9336	1055.23	1132.981	1199.197	1263.236
435.8	0	0	0	0.1464735	7.764835	118.5846	393.019	543.2507	640.8769	712.9094	784.717	845.4752	926.6536	994.2965	1055.071	1132.644	1197.945	1263.047
435.9	0	0	0	0.1464735	7.823659	118.5846	392.7037	542.6289	640.6793	712.4741	785.3112	845.9905	925.9595	993.5524	1054.754	1132.306	1197.409	1263.425
436	0	0	0	0.1464735	7.764835	118.6535	392.5461	543.073	639.8887	712.9094	785.43	845.9905	924.9877	994.2965	1053.801	1131.799	1196.872	1263.047
436.1	0	0	0	0.1464735	7.823659	118.3782	391.6001	542.2736	641.0746	712.1476	785.7864	845.3464	926.5148	994.4454	1053.959	1132.306	1195.621	1262.858
436.2	0	0	0	0.1464735	7.823659	118.5158	391.4425	541.9183	641.2722	713.127	785.43	845.4752	926.3759	994.1477	1052.371	1132.137	1195.621	1262.481
436.3	0	0	0	0.1464735	7.823659	118.5846	391.6001	541.7407	641.0746	714.4329	784.717	845.9905	927.3477	993.5524	1053.165	1132.981	1195.442	1262.481
436.4	0	0	0	0.1464735	7.764835	118.447	391.7578	541.9183	641.2722	715.6299	784.2418	844.8311	926.6536	994.5942	1051.895	1135.851	1195.263	1262.292
436.5	0	0	0	0.1464735	7.764835	118.5158	391.6001	539.7865	641.4698	715.3035	783.2911	844.8311	927.4865	993.85	1051.577	1135.851	1194.369	1260.97
436.6	0	0	0	0.1464735	7.823659	118.5846	391.5213	539.9642	641.371	715.0858	782.9347	845.2176	926.9312	994.8918	1051.895	1136.527	1195.084	1261.159
436.7	0	0	0	0.1464735	7.764835	118.8599	391.6001	539.6977	641.964	714.7593	782.2217	846.2482	925.2653	993.9989	1053.642	1136.527	1196.157	1261.159
436.8	0	0	0	0.1464735	7.764835	118.8599	390.7331	539.8754	641.4698	714.6505	782.3405	846.1193	924.4324	993.5524	1053.324	1137.202	1197.945	1261.159
436.9	0	0	0	0.1464735	7.823659	118.5846	391.3637	539.7865	641.8652	714.5417	781.6276	845.2176	923.7383	994.1477	1055.23	1137.371	1197.945	1260.97
437	0	0	0	0.1464735	7.823659	118.5846	391.206	540.1418	641.2722	714.977	782.1029	844.8311	922.35	994.1477	1055.865	1136.864	1196.336	1260.781
437.1	0	0	0	0.1464735	7.823659	118.8599	390.8119	541.0301	640.7781	715.0858	782.9347	846.1193	922.7665	994.5942	1056.501	1135.851	1195.799	1262.292
437.2	0	0	0	0.1464735	7.823659	118.6535	390.4178	541.563	641.5687	715.0858	782.8159	845.4752	922.4888	994.743	1056.342	1134.838	1195.621	1262.669
437.3	0	0	0	0.1464735	7.882484	118.9976	390.2601	542.7177	640.5804	715.1946	781.39	846.377	922.4888	994.2965	1056.183	1136.189	1196.515	1263.802
437.4	0	0	0	0.1464735	7.882484	118.9976	390.1025	543.1619	641.2722	714.7593	781.1523	846.377	921.7947	994.4454	1056.659	1135.345	1197.23	1261.914
437.5	0	0	0	0.1464735	7.941308	119.2729	390.1025	543.7836	640.8769	715.3035	781.1523	847.15	921.7947	995.3383	1055.23	1134.838	1196.157	1262.481
437.6	0	0	0	0.1464735	7.941308	119.1352	389.7872	543.1619	640.6793	714.1064	780.4393	845.6041	921.5171	994.743	1054.118	1135.682	1196.694	1262.858
437.7	0	0	0	0.1464735	7.941308	118.9976	389.5507	543.073	640.0863	714.8682	780.2017	844.5735	922.0724	995.6359	1053.324	1134.67	1196.336	1263.425
437.8	0	0	0	0.1464735	7.941308	118.8599	388.6836	543.4283	639.691	713.8887	779.7264	844.187	921.9335	995.6359	1052.53	1134.501	1196.515	1263.425
437.9	0	0	0	0.1464735	7.882484	118.9287	389.3142	543.3395	639.4933	714.1064	780.5582	843.4141	923.3218	995.4871	1053.959	1134.163	1195.442	1262.481
438	0	0	0	0.1464735	7.823659	118.5846	389.866	542.8066	639.2957	714.324	781.2711	844.5735	923.5994	995.7848	1056.183	1132.137	1196.336	1260.026
438.1	0	0	0	0.1464735	7.823659	118.447	389.3931	542.3624	638.5051	713.3446	781.39	844.3158	923.5994	995.6359	1056.342	1131.124	1195.799	1260.026
438.2	0	0	0	0.1464735	7.70601	118.1029	389.3931	542.2736	639.7899	713.5623	782.1029	844.5735	923.7383	995.3383	1055.389	1129.942	1193.654	1260.97
438.3	0	0	0	0.1464735	7.764835	118.034	389.0778	541.7407	640.0863	713.2358	781.8652	845.0887	924.9877	995.4871	1054.595	1130.955	1193.475	1261.159
438.4	0	0	0	0.1464735	7.764835	117.9652	389.1566	541.8295	641.2722	712.9094	780.677	844.8311	923.8771	995.9336	1054.912	1131.124	1194.905	1262.292
438.5	0	0	0	0.1464735	7.764835	117.9652	388.7625	541.9183	641.6675	713.4534	779.8452	842.6411	924.9877	996.5289	1054.754	1130.449	1196.336	1262.292
438.6	0	0	0	0.1464735	7.764835	118.1029	389.1566	541.7407	641.371	712.1476	780.9147	842.3834	924.2936	995.1895	1055.389	1129.605	1196.515	1262.103
438.7	0	0	0	0.1464735	7.764835	117.9652	389.0778	541.563	640.8769	712.5829	780.7958	841.7393	924.4324	996.9753	1056.024	1130.618	1195.442	1262.858
438.8	0	0	0	0.1464735	7.764835	118.2405	388.9989	541.1189	640.8769	713.0182	780.2017	841.6105	924.9877	997.1242	1055.707	1129.098	1195.799	1262.103
438.9	0	0	0	0.1464735	7.764835	117.9652	389.2354	541.7407	640.6793	712.5829	778.4193	841.3528	923.0441	996.8265	1056.342	1127.917	1195.978	1263.236
439	0	0	0	0.1464735	7.764835	117.8964	389.1566	541.563	640.1851	712.0388	779.1323	841.6105	923.183	997.1242	1057.295	1127.748	1194.905	1263.425
439.1	0	0	0	0.1464735	7.823659	117.7587	389.5507	541.0301	640.4816	711.7123	779.0134	841.7393	922.9053	997.1242	1058.089	1129.098	1195.442	1263.047
439.2	0	0	0	0.1464735	7.764835	117.4834	389.4719	541.3854	640.6793	711.0593	778.5381	841.7393	921.9335	997.7195	1056.501	1129.267	1195.263	1262.481
439.3	0	0	0	0.1464735	7.882484	117.5523	389.7083	541.0301	641.7664	709.6446	778.3005	840.9664	922.9053	996.6777	1054.912	1128.592	1193.832	1261.159
439.4	0	0	0	0.1464735	8.000133	117.4834	389.7083	540.4083	641.371	709.8622	777.944	841.3528	923.0441	998.4636	1054.118	1128.085	1193.117	1262.103
439.5	0	0	0	0.1464735	7.941308	117.5523	389.5507	541.0301	639.8887	709.8622	777.944	841.9969	923.7383	998.7612	1053.642	1127.241	1192.581	1261.725
439.6	0	0	0	0.1464735	8.000133	117.3458	389.2354	541.9183	639.0981	709.8622	778.5381	842.6411	924.2936	998.166	1054.118	1126.566	1192.581	1261.348
439.7	0	0	0	0.09764901	8.000133	117.4834	389.1566	541.7407	639.1969	710.8417	777.7064	841.3528	924.5712	996.5289	1053.801	1127.241	1191.508	1261.348
439.8	0	0	0	0.09764901	8.000133	117.5523	389.4719	541.3854	639.1969	710.7328	778.3005	842.6411	924.5712	998.3148	1054.436	1126.397	1192.044	1262.858
439.9	0	0	0	0.09764901	8.000133	117.9652	389.866	540.9412	639.1969	710.624	777.3499	843.0276	924.9877	997.8683	1055.548	1125.553	1192.759	1263.425
440	0	0	0	0.09764901	8.000133	117.8964	389.6295	539.9642	639.5922	710.9505	777.8252	843.5428	924.1547	997.5707	1056.024	1125.384	1192.759	1262.481
440.1	0	0	0	0.09764901	7.882484	117.8964	389.7872	539.3424	640.4816	711.3858	778.0629	843.1564	924.9877	997.1242	1056.342	1126.059	1190.256	1261.348
440.2	0	0	0	0.09764901	7.882484	118.034	390.0237	539.2536	640.284	711.3858	777.944	843.6717	924.2936	996.8265	1055.865	1125.553	1188.825	1261.725
440.3	0	0	0	0.09764901	7.882484	117.7587	390.339	539.6977	640.1851	710.9505	778.657	843.8005	924.4324	997.1242	1056.183	1125.722	1188.468	1261.159
440.4	0	0	0	0.09764901	7.882484	117.6211	390.4178	540.8524	639.5922	711.3858	778.4193	843.9293	924.8489	996.9753	1055.548	1124.371	1189.541	1260.026
440.5	0	0	0	0.09764901	7.882484	117.9652	390.339	540.8524	639.5922	712.8005	777.4688	844.7023	924.1547	996.8265	1056.501	1123.358	1189.004	1259.271
440.6	0	0	0	0.1464735	7.882484	117.8276	390.5754	541.6519	639.4933	712.2564	778.1817	843.2852	924.4324	996.2313	1054.595	1124.709	1190.614	1259.648
440.7	0	0	0	0.1464735	7.823659	117.6211	390.4178	541.8295	639.2957	712.0388	778.4193	843.5428	925.543	995.0406	1055.707	1125.215	1188.825	1260.215
440.8	0	0	0	0.1464735	7.764835	117.4834	390.6542	542.2736	639.1969	711.8211	778.657	842.2546	925.4042	995.1895	1056.659	1124.709	1188.468	1262.292
440.9	0	0	0	0.1464735	7.764835	117.4146	389.866	542.4512	640.0863	713.3446	778.4193	842.6411	924.9877	994.8918	1056.024	1126.566	1188.11	1261.725
441	0	0	0	0.1464735	7.764835	117.5523	389.7083	541.7407	640.4816	712.0388	778.5381	842.8987	924.0159	994.743	1055.389	1127.41	1189.541	1260.215
441.1	0	0	0	0.1464735	7.70601	117.6211	389.2354	542.0071	638.9993	711.7123	778.3005	842.2546	924.71	994.2965	1054.754	1128.085	1189.719	1261.159
441.2	0	0	0	0.1464735	7.70601	117.8964	389.1566	540.9412	638.6039	711.3858	778.5381	841.224	924.2936	993.9989	1054.436	1127.917	1190.614	1262.292
441.3	0	0	0	0.1464735	7.70601	118.1029	389.6295	541.2965	637.1216	710.9505	780.0829	842.5123	924.0159	992.9571	1052.848	1128.085	1190.256	1260.97
441.4	0	0	0	0.1464735	7.70601	118.2405	389.3931	540.8524	637.7145	710.624	780.3206	842.6411	924.4324	992.6594	1051.259	1127.241	1191.329	1261.159
441.5	0	0	0	0.1464735	7.70601	118.3782	389.9448	540.4971	637.1216	710.1887	779.8452	842.5123	923.5994	991.0224	1051.577	1128.423	1192.044	1260.97
441.6	0	0	0	0.1464735	7.764835	118.1717	389.1566	540.4971	638.1098	710.8417	779.6076	842.8987	923.3218	989.3853	1050.942	1129.098	1192.759	1259.648
441.7	0	0	0	0.1464735	7.764835	118.2405	388.8413	539.8754	638.9993	711.0593	779.8452	843.8005	923.0441	987.5994	1051.259	1129.267	1192.223	1259.082
441.8	0	0	0	0.1464735	7.823659	118.3093	389.2354	540.3195	639.2957	711.1682	779.2511	843.4141	922.35	988.1947	1051.895	1126.735	1193.296	1257.76
441.9	0	0	0	0.1464735	7.882484	118.1717	389.3142	540.1418	638.9993	711.0593	780.3206	843.0276	921.7947	988.6412	1051.736	1127.41	1194.19	1259.837
442	0	0	0	0.1464735	7.882484	117.8276	389.6295	540.6747	638.9005	711.0593	779.4888	843.6717	923.4606	989.9806	1053.324	1126.397	1193.475	1259.082
442.1	0	0	0	0.195298	7.882484	118.1029	390.1025	541.0301	638.1098	711.4946	779.9641	843.8005	922.6277	988.6412	1051.895	1127.072	1193.296	1258.893
442.2	0	0	0	0.195298	7.882484	118.1717	389.5507	541.2965	637.7145	711.9299	779.0134	842.2546	923.8771	990.7247	1050.942	1126.228	1194.19	1258.138
442.3	0	0	0	0.195298	7.941308	118.1717	390.0237	542.4512	637.4181	711.3858	778.4193	842.8987	924.8489	989.2365	1050.783	1124.54	1192.581	1258.138
442.4	0	0	0	0.195298	7.882484	118.3093	390.2601	542.1848	637.0228	710.7328	778.4193	842.7699	923.7383	988.1947	1049.036	1124.54	1191.508	1258.893
442.5	0	0	0	0.195298	7.882484	118.3093	390.1813	542.4512	637.0228	711.3858	778.4193	841.6105	922.6277	989.8318	1049.036	1123.527	1189.719	1257.571
442.6	0	0	0	0.195298	7.823659	118.3782	389.9448	542.5401	637.1216	710.7328	779.6076	841.224	922.35	989.683	1048.877	1124.54	1188.289	1257.571
442.7	0	0	0	0.195298	7.823659	118.6535	389.3142	542.0071	636.5286	711.0593	779.3699	841.0952	922.4888	989.0876	1048.401	1123.358	1188.468	1257.194
442.8	0	0	0	0.195298	7.823659	118.7911	389.3931	541.6519	636.2322	711.4946	778.5381	840.8375	920.4065	988.79	1049.036	1124.371	1190.077	1255.683
442.9	0	0	0	0.195298	7.882484	118.9976	390.0237	541.4742	636.0345	711.6035	778.3005	841.224	921.3782	987.153	1048.401	1124.034	1192.402	1255.116
443	0	0	0	0.195298	7.882484	118.6535	390.339	541.9183	636.5286	712.1476	777.8252	840.8375	921.3782	987.5994	1048.242	1124.371	1191.508	1256.438
443.1	0	0	0	0.195298	7.882484	118.7223	390.8119	542.0071	636.8251	712.5829	777.3499	840.7087	922.2112	986.7065	1049.036	1124.034	1191.15	1259.082
443.2	0	0	0	0.195298	7.941308	118.8599	391.3637	542.0959	636.5286	712.0388	777.7064	842.1258	922.4888	987.8971	1049.83	1122.177	1191.508	1258.327
443.3	0	0	0	0.195298	7.941308	118.7223	390.8119	542.6289	637.0228	710.7328	777.4688	841.7393	922.0724	987.8971	1049.989	1122.177	1190.077	1257.571
443.4	0	0	0	0.195298	7.882484	118.9287	389.866	542.8066	637.1216	710.1887	777.3499	841.6105	922.35	987.5994	1049.036	1122.514	1189.719	1256.438
443.5	0	0	0	0.195298	7.882484	119.0664	389.5507	541.8295	637.1216	710.624	776.7558	840.9664	921.9335	988.1947	1047.448	1122.514	1189.898	1256.627
443.6	0	0	0	0.195298	7.882484	119.204	389.4719	542.0071	636.8251	710.9505	776.2805	840.7087	921.2394	987.153	1047.13	1122.345	1189.541	1256.816
443.7	0	0	0	0.195298	7.882484	119.204	390.1025	541.4742	637.0228	710.624	777.7064	840.1934	921.5171	988.4924	1047.448	1121.501	1189.183	1256.627
443.8	0	0	0	0.195298	7.823659	118.6535	390.2601	541.563	636.7263	710.4064	777.2311	840.7087	921.3782	988.9388	1047.606	1122.008	1189.362	1256.627
443.9	0	0	0	0.195298	7.823659	118.9976	390.5754	542.1848	635.2439	710.624	776.3993	840.5799	921.2394	988.3436	1047.448	1120.826	1188.646	1255.683
444	0	0	0	0.195298	7.882484	119.4105	390.8119	542.0071	635.4416	709.6446	775.8052	840.3223	920.1288	989.5341	1047.606	1120.657	1189.362	1254.739
444.1	0	0	0	0.195298	7.882484	119.4793	390.4178	542.0959	634.4533	709.6446	776.3993	840.1934	919.4347	988.9388	1046.812	1118.969	1187.752	1254.361
444.2	0	0	0	0.195298	7.882484	119.0664	391.206	541.4742	634.3545	709.3181	776.2805	840.5799	919.4347	988.1947	1045.383	1119.307	1187.037	1254.739
444.3	0	0	0	0.195298	7.882484	118.8599	390.7331	541.2965	634.3545	708.8828	776.1617	839.9358	917.7688	988.1947	1046.177	1119.982	1185.606	1254.928
444.4	0	0	0	0.195298	8.000133	118.3782	390.2601	541.9183	634.2557	708.2299	775.8052	839.8069	918.7406	988.6412	1045.224	1119.307	1186.679	1254.928
444.5	0	0	0	0.195298	8.000133	118.3093	389.7083	541.6519	634.3545	708.2299	777.2311	839.4205	919.0182	988.3436	1044.906	1120.319	1186.858	1255.872
444.6	0	0	0	0.195298	8.000133	118.2405	389.4719	540.9412	633.9592	707.1417	777.5876	837.4881	917.4911	987.5994	1045.224	1120.657	1187.395	1255.116
444.7	0	0	0	0.195298	8.000133	117.9652	388.9201	541.3854	634.2557	708.0122	777.944	837.8746	918.0464	988.1947	1045.859	1120.995	1185.964	1254.55
444.8	0	0	0	0.195298	8.000133	118.2405	389.2354	541.4742	634.9474	707.3593	776.8746	837.3593	917.7688	988.0459	1046.495	1121.164	1186.322	1254.361
444.9	0	0	0	0.195298	8.000133	118.3782	389.2354	541.8295	634.058	707.7946	776.1617	838.0034	919.0182	988.1947	1048.083	1122.345	1185.964	1252.473
445	0	0	0	0.195298	8.000133	118.1029	389.4719	540.8524	634.058	706.8152	775.4487	838.7764	918.7406	988.3436	1047.289	1121.332	1185.07	1253.417
445.1	0	0	0	0.195298	7.941308	117.6899	389.3931	540.7636	633.7615	706.5975	775.6864	837.7458	919.0182	987.5994	1047.13	1120.488	1183.639	1254.361
445.2	0	0	0	0.195298	7.941308	117.8276	388.8413	540.053	633.8604	706.924	774.8546	836.1999	918.3241	988.3436	1047.448	1120.826	1184.176	1253.606
445.3	0	0	0	0.195298	7.941308	117.8276	388.6836	540.6747	633.9592	706.5975	773.904	835.6846	918.8794	987.4506	1048.083	1122.177	1182.924	1252.662
445.4	0	0	0	0.1464735	8.000133	117.8276	388.9989	539.52	635.3428	706.4887	774.7358	836.071	919.99	987.0042	1048.242	1122.683	1183.639	1253.228
445.5	0	0	0	0.1464735	8.000133	117.8964	389.3142	540.4971	635.4416	705.6181	774.9734	836.071	920.6841	987.8971	1046.018	1122.345	1183.818	1252.662
445.6	0	0	0	0.1464735	8.000133	118.034	389.3931	540.4083	635.738	705.5093	774.4981	835.0405	920.2676	987.4506	1046.336	1122.345	1181.672	1251.906
445.7	0	0	0	0.1464735	8.000133	118.1717	389.3931	540.9412	634.9474	705.9446	774.7358	835.6846	919.7123	987.4506	1047.765	1123.021	1183.282	1252.284
445.8	0	0	0	0.1464735	8.000133	118.1717	389.2354	540.4971	633.7615	705.1828	774.7358	834.9116	920.1288	987.5994	1048.242	1121.67	1183.639	1252.473
445.9	0	0	0	0.1464735	8.000133	118.2405	388.8413	541.0301	633.3663	706.2711	774.4981	835.2981	919.2959	986.5576	1048.083	1122.177	1185.07	1251.718
446	0	0	0	0.1464735	8.058957	118.2405	389.2354	541.2077	632.378	706.8152	772.5969	835.9422	919.4347	988.1947	1047.924	1120.657	1184.355	1250.962
446.1	0	0	0	0.1464735	8.117782	117.8964	388.3683	541.6519	632.0815	706.5975	772.8346	836.9728	919.0182	988.3436	1047.448	1119.307	1185.07	1251.906
446.2	0	0	0	0.1464735	8.058957	118.1717	388.6836	542.5401	632.5757	707.0328	773.6664	837.8746	918.8794	988.0459	1047.289	1118.294	1184.176	1252.095
446.3	0	0	0	0.1464735	8.058957	118.1717	389.0778	542.9842	631.9827	707.0328	774.0228	838.6475	919.4347	988.6412	1046.336	1117.787	1183.639	1251.906
446.4	0	0	0	0.1464735	8.058957	118.1029	388.9989	542.8954	631.5874	707.2505	773.6664	838.6475	919.4347	989.2365	1045.224	1117.618	1183.461	1252.284
446.5	0	0	0	0.1464735	8.117782	118.5158	388.8413	542.8066	632.0815	706.1622	773.6664	838.3899	919.4347	988.79	1046.018	1117.956	1182.388	1251.529
446.6	0	0	0	0.1464735	8.176606	118.3782	389.0778	542.5401	631.8839	706.5975	772.7158	838.0034	918.8794	989.3853	1045.542	1118.462	1183.997	1251.906
446.7	0	0	0	0.1464735	8.176606	118.3093	388.9989	542.0959	631.1921	705.9446	773.0722	838.0034	918.8794	989.3853	1046.971	1119.138	1184.534	1252.851
446.8	0	0	0	0.1464735	8.176606	118.447	389.3142	541.6519	630.7968	706.7064	773.191	836.4575	919.2959	989.8318	1046.495	1118.294	1184.891	1251.529
446.9	0	0	0	0.1464735	8.235431	118.5158	389.7083	541.7407	631.5874	706.4887	774.0228	835.9422	919.2959	989.9806	1046.495	1118.969	1184.891	1252.473
447	0	0	0	0.1464735	8.235431	118.447	389.866	541.9183	632.378	705.7269	773.6664	834.7828	918.8794	987.0042	1045.701	1117.618	1183.997	1252.662
447.1	0	0	0	0.1464735	8.35308	118.3093	390.0237	542.2736	631.8839	705.8358	772.7158	834.5251	918.463	986.5576	1045.701	1117.449	1184.534	1251.529
447.2	0	0	0	0.1464735	8.235431	118.3093	388.9201	542.2736	631.5874	706.4887	772.7158	833.881	917.9077	987.153	1043.795	1117.787	1183.639	1251.529
447.3	0	0	0	0.1464735	8.294255	118.1717	388.1319	542.0959	631.8839	706.924	773.5475	832.9792	917.7688	986.4088	1044.748	1117.112	1182.566	1252.662
447.4	0	0	0	0.1464735	8.294255	118.034	387.8166	542.2736	632.6745	705.5093	772.3593	833.2369	917.7688	986.1111	1044.748	1118.462	1182.566	1251.718
447.5	0	0	0	0.1464735	8.294255	118.1717	387.2648	541.3854	634.1569	706.1622	772.1216	835.1693	917.2135	986.7065	1043.477	1117.787	1182.388	1251.529
447.6	0	0	0	0.1464735	8.294255	117.5523	387.8166	541.2965	634.1569	706.4887	772.8346	834.5251	917.2135	987.0042	1043.953	1117.112	1181.494	1251.718
447.7	0	0	0	0.1464735	8.294255	117.5523	388.1319	540.9412	634.5521	706.924	772.1216	833.3657	916.5194	986.7065	1046.177	1115.93	1179.884	1251.34
447.8	0	0	0	0.1464735	8.235431	117.9652	387.6589	540.7636	634.1569	707.3593	771.2899	832.5928	916.9359	986.8553	1045.224	1117.449	1180.421	1253.039
447.9	0	0	0	0.1464735	8.235431	118.2405	388.1319	541.1189	634.2557	707.9034	771.7651	832.5928	917.3524	985.6647	1045.383	1118.462	1179.526	1251.718
448	0	0	0	0.1464735	8.294255	118.3782	387.186	540.3195	634.2557	707.6857	771.6464	832.9792	918.1853	985.6647	1045.701	1117.787	1178.99	1251.906
448.1	0	0	0	0.1464735	8.294255	118.3782	387.3436	540.1418	634.3545	707.6857	771.6464	833.2369	918.463	984.7717	1044.906	1118.294	1178.275	1252.284
448.2	0	0	0	0.1464735	8.294255	118.7223	386.8707	539.9642	634.8486	706.8152	772.4781	833.2369	917.9077	984.9206	1044.906	1116.099	1178.453	1252.851
448.3	0	0	0	0.1464735	8.294255	118.9976	387.186	540.2307	634.2557	706.4887	771.6464	834.0098	917.4911	985.0694	1044.748	1115.592	1178.275	1253.417
448.4	0	0	0	0.1464735	8.35308	118.7223	386.9495	540.3195	633.7615	706.7064	772.5969	833.3657	917.0747	985.0694	1043.953	1115.592	1179.348	1253.039
448.5	0	0	0	0.1464735	8.411904	118.8599	387.2648	540.9412	633.4651	706.2711	771.0522	833.3657	917.2135	984.9206	1043.159	1115.93	1178.275	1251.718
448.6	0	0	0	0.1464735	8.411904	118.9976	387.186	541.2077	633.8604	706.4887	771.884	832.8504	916.2418	984.9206	1042.206	1115.592	1177.023	1252.473
448.7	0	0	0	0.1464735	8.294255	119.204	387.5013	540.8524	633.7615	705.8358	772.2405	833.1081	914.7147	984.3253	1042.365	1115.761	1177.559	1250.774
448.8	0	0	0	0.09764901	8.411904	119.2729	388.053	540.8524	634.1569	705.6181	770.8146	832.7216	914.2982	983.1347	1041.571	1116.774	1179.348	1249.829
448.9	0	0	0	0.09764901	8.411904	119.3417	388.053	539.6977	633.6627	706.0534	768.9134	833.2369	915.27	982.837	1041.095	1117.449	1178.99	1248.696
449	0	0	0	0.09764901	8.411904	119.0664	388.2895	540.2307	633.2675	705.8358	768.7946	833.7522	915.5476	982.9858	1040.301	1116.099	1178.096	1248.508
449.1	0	0	0	0.09764901	8.411904	119.4105	388.3683	539.4312	632.9709	706.8152	769.6263	833.2369	915.5476	983.5812	1040.142	1114.917	1178.811	1248.696
449.2	0	0	0	0.09764901	8.411904	119.5482	387.9742	539.6977	633.5639	706.924	769.0322	833.6234	916.5194	984.1765	1040.618	1114.579	1178.453	1248.885
449.3	0	0	0	0.09764901	8.35308	119.4793	386.8707	538.9871	633.2675	707.4681	768.5569	834.0098	917.0747	984.9206	1039.983	1114.073	1178.99	1248.885
449.4	0	0	0	0.09764901	8.35308	119.5482	386.3977	538.543	633.5639	707.4681	769.2698	834.1387	916.7971	984.0276	1039.983	1114.411	1179.526	1249.452
449.5	0	0	0	0.09764901	8.529553	119.6858	385.8459	539.7865	633.6627	706.8152	768.7946	833.6234	916.6582	983.1347	1040.459	1115.255	1179.348	1248.885
449.6	0	0	0	0.09764901	8.647202	119.1352	386.0824	539.0759	633.4651	708.0122	768.6757	833.6234	916.6582	982.837	1041.095	1115.93	1179.705	1248.508
449.7	0	0	0	0.09764901	8.647202	118.9976	386.0036	539.2536	632.5757	707.7946	770.2205	833.7522	916.3806	982.5394	1041.095	1114.917	1179.169	1248.696
449.8	0	0	0	0.09764901	8.647202	118.9287	385.9248	538.6318	632.7733	707.7946	770.2205	834.9116	916.1029	981.7953	1039.348	1116.605	1179.348	1249.452
449.9	0	0	0	0.09764901	8.647202	119.0664	387.0283	538.6318	632.5757	706.4887	770.5769	835.4269	915.27	981.6464	1040.301	1115.93	1177.738	1248.696
450	0	0	0	0.09764901	8.588378	118.9287	386.7918	538.2765	633.1686	706.1622	770.5769	834.7828	914.5759	982.2418	1040.459	1117.618	1179.169	1249.452
450.1	0	0	0	0.09764901	8.588378	119.1352	386.3189	537.9212	632.8721	705.9446	770.6957	835.5557	914.2982	981.3488	1041.253	1115.592	1180.778	1251.718
450.2	0	0	0	0.09764901	8.647202	119.2729	386.3189	537.8324	633.6627	705.2916	769.0322	835.9422	913.8817	982.0929	1040.142	1116.099	1180.599	1250.962
450.3	0	0	0	0.09764901	8.647202	119.1352	386.5554	538.1877	633.1686	704.8563	769.0322	835.4269	913.8817	981.4976	1040.618	1115.086	1180.778	1251.34
450.4	0	0	0	0.09764901	8.647202	118.9976	386.3189	537.3882	632.7733	704.7475	770.9334	834.7828	914.5759	982.6882	1039.983	1115.255	1181.851	1252.284
450.5	0	0	0	0.09764901	8.706027	119.204	386.7918	537.7435	633.2675	705.2916	771.5275	834.9116	915.1312	982.2418	1039.348	1114.748	1181.494	1252.095
450.6	0	0	0	0.09764901	8.706027	119.3417	386.8707	537.2994	633.4651	704.5298	771.6464	833.6234	916.1029	981.4976	1040.459	1114.579	1180.778	1251.529
450.7	0	0	0	0.09764901	8.647202	119.3417	386.713	537.7435	633.1686	704.2034	771.4087	833.3657	916.3806	981.3488	1039.824	1114.242	1180.063	1251.906
450.8	0	0	0	0.1464735	8.706027	119.4793	386.3189	537.5659	633.4651	703.6592	770.5769	833.3657	917.0747	981.9441	1039.506	1114.917	1180.957	1251.529
450.9	0	0	0	0.1464735	8.647202	119.2729	386.4766	537.9212	633.3663	704.2034	770.3393	833.3657	917.4911	982.3906	1036.806	1115.423	1180.957	1250.585
451	0	0	0	0.1464735	8.647202	118.9287	386.8707	538.2765	633.4651	703.4416	770.1016	832.9792	917.3524	981.2	1037.283	1114.917	1179.705	1250.962
451.1	0	0	0	0.1464735	8.706027	118.9287	386.4766	538.8094	633.4651	703.1151	769.7451	833.3657	916.5194	980.6047	1037.442	1115.423	1180.599	1250.207
451.2	0	0	0	0.1464735	8.647202	118.9976	386.3189	539.0759	633.5639	702.2445	770.4581	833.1081	916.3806	979.7117	1038.712	1115.761	1181.672	1251.34
451.3	0	0	0	0.1464735	8.647202	118.9976	386.0036	539.3424	633.4651	702.2445	769.9828	834.0098	914.5759	979.4141	1039.665	1114.242	1180.778	1252.284
451.4	0	0	0	0.1464735	8.647202	119.1352	385.9248	538.8983	632.9709	702.4622	769.3887	833.7522	912.2158	978.8188	1039.03	1114.242	1181.494	1250.585
451.5	0	0	0	0.1464735	8.647202	118.8599	386.3977	538.6318	633.3663	701.8093	768.5569	834.5251	913.3264	979.7117	1038.712	1114.748	1180.063	1250.396
451.6	0	0	0	0.1464735	8.647202	118.7223	386.7918	538.543	633.4651	701.5916	768.0816	834.654	913.0488	979.1164	1038.236	1113.229	1179.884	1250.585
451.7	0	0	0	0.1464735	8.588378	118.7911	386.3189	538.01	633.4651	702.1357	767.9628	834.654	913.1876	979.4141	1037.918	1113.398	1178.99	1248.696
451.8	0	0	0	0.1464735	8.588378	118.9976	385.9248	537.7435	633.6627	703.3328	769.151	833.7522	912.4935	979.5629	1037.442	1113.735	1178.632	1248.13
451.9	0	0	0	0.1464735	8.647202	119.0664	385.373	537.7435	633.5639	702.2445	769.3887	832.2063	914.1594	979.2653	1037.442	1114.073	1180.242	1247.941
452	0	0	0	0.1464735	8.647202	118.9976	385.9248	537.6547	632.8721	702.7886	770.3393	832.7216	914.0206	980.1582	1036.648	1114.411	1182.745	1246.619
452.1	0	0	0	0.1464735	8.706027	119.204	385.6883	537.7435	632.1804	703.6592	770.5769	832.2063	914.0206	978.5211	1036.489	1114.073	1182.03	1246.808
452.2	0	0	0	0.1464735	8.706027	119.0664	386.3977	538.3654	631.8839	703.3328	770.5769	831.1757	913.8817	977.1817	1037.124	1113.904	1181.672	1247.941
452.3	0	0	0	0.1464735	8.647202	118.7223	386.4766	538.9871	632.4768	703.2239	771.4087	832.4639	913.7429	977.777	1037.283	1111.709	1180.957	1247.186
452.4	0	0	0	0.1464735	8.647202	119.1352	386.2401	538.8094	632.1804	703.5504	772.1216	832.9792	913.3264	977.1817	1038.871	1111.203	1180.778	1247.375
452.5	0	0	0	0.1464735	8.647202	119.0664	386.6342	538.8983	632.0815	703.4416	771.0522	832.5928	913.3264	978.0746	1038.712	1111.372	1180.421	1248.508
452.6	0	0	0	0.1464735	8.706027	119.0664	386.1613	539.3424	631.8839	703.9857	771.171	833.4946	912.2158	979.5629	1038.553	1111.541	1179.526	1246.997
452.7	0	0	0	0.1464735	8.764852	119.1352	386.713	539.1647	631.5874	703.9857	771.2899	834.2675	912.4935	980.0093	1038.395	1110.865	1178.811	1246.808
452.8	0	0	0	0.1464735	8.706027	119.0664	387.6589	538.8094	631.785	704.3122	770.9334	833.881	911.5217	979.7117	1037.918	1112.047	1177.202	1246.053
452.9	0	0	0	0.1464735	8.706027	119.204	388.1319	538.543	631.4886	704.3122	771.2899	834.2675	911.6605	981.2	1036.648	1111.878	1175.95	1246.808
453	0	0	0	0.1464735	8.823676	119.3417	388.2895	538.1877	631.9827	704.0945	772.7158	833.7522	912.6323	980.4559	1036.648	1113.06	1176.486	1246.997
453.1	0	0	0	0.1464735	8.706027	119.1352	387.8954	538.01	632.6745	703.1151	771.2899	834.0098	911.2441	981.0511	1036.012	1112.553	1174.162	1246.431
453.2	0	0	0	0.1464735	8.706027	119.2729	387.8166	538.7206	632.2792	702.8975	770.9334	834.0098	910.8276	981.2	1035.218	1113.735	1174.341	1245.486
453.3	0	0	0	0.1464735	8.706027	119.204	388.2895	538.9871	631.785	703.1151	770.2205	834.0098	911.3829	980.7535	1035.059	1114.242	1172.552	1243.787
453.4	0	0	0	0.1464735	8.764852	119.2729	388.2895	539.9642	631.0933	702.1357	770.8146	833.881	911.2441	979.8605	1035.218	1114.579	1173.625	1245.486
453.5	0	0	0	0.1464735	8.823676	119.2729	387.4225	539.6089	630.5004	701.9181	771.4087	833.881	911.5217	980.307	1035.536	1114.411	1175.056	1244.542
453.6	0	0	0	0.1464735	8.764852	119.2729	387.0283	539.6977	630.3027	701.2651	771.884	833.4946	911.2441	980.9023	1035.377	1114.242	1173.983	1245.298
453.7	0	0	0	0.1464735	8.823676	119.6858	387.7377	539.2536	630.0062	700.0681	771.5275	832.3351	911.9382	981.2	1034.106	1114.411	1174.698	1244.92
453.8	0	0	0	0.1464735	8.823676	119.5482	387.5013	538.4542	630.105	699.1974	772.1216	833.6234	911.3829	980.4559	1033.63	1115.086	1174.698	1245.298
453.9	0	0	0	0.1464735	8.706027	119.4105	387.1071	538.543	628.7215	700.1769	771.4087	833.881	910.5499	979.2653	1035.059	1113.398	1176.129	1245.298
454	0	0	0	0.1464735	8.706027	119.617	387.5013	538.3654	628.0297	700.721	770.5769	832.8504	910.2723	978.9676	1035.695	1112.891	1175.592	1245.864
454.1	0	0	0	0.1464735	8.706027	118.9976	387.0283	537.3882	627.6345	700.2857	770.1016	832.7216	911.3829	978.0746	1034.901	1112.722	1174.698	1245.486
454.2	0	0	0	0.1464735	8.764852	118.7911	386.8707	538.01	628.8203	700.3945	769.151	832.3351	910.6888	978.9676	1034.265	1113.566	1174.341	1245.109
454.3	0	0	0	0.1464735	8.764852	119.2729	386.5554	537.2994	628.2274	699.8504	769.6263	832.0775	909.8558	978.2234	1034.106	1112.722	1174.162	1244.165
454.4	0	0	0	0.1464735	8.706027	119.1352	386.3189	537.033	629.018	699.5239	769.0322	832.3351	910.4111	977.6282	1034.265	1113.735	1173.625	1243.787
454.5	0	0	0	0.1464735	8.588378	119.204	385.8459	537.2106	628.8203	699.8504	768.9134	831.4333	909.717	977.777	1034.583	1114.411	1173.625	1244.542
454.6	0	0	0	0.1464735	8.588378	119.4793	385.8459	537.3882	628.8203	699.4151	768.0816	831.1757	909.717	978.2234	1033.63	1113.229	1174.341	1243.976
454.7	0	0	0	0.1464735	8.588378	119.8235	386.0824	537.2994	628.425	699.5239	769.0322	831.0469	910.9664	977.4794	1033.312	1112.891	1175.056	1243.598
454.8	0	0	0	0.1464735	8.588378	119.8235	385.5307	537.1218	628.0297	698.871	768.2004	830.9181	912.7711	977.9258	1033.63	1111.203	1176.665	1244.165
454.9	0	0	0	0.1464735	8.764852	120.0299	385.6095	537.2994	628.425	699.6328	768.3193	831.4333	913.1876	977.1817	1033.63	1110.359	1176.486	1244.354
455	0	0	0	0.1464735	8.706027	120.0299	385.1365	537.1218	628.2274	699.8504	768.438	830.2739	913.1876	977.9258	1033.153	1111.203	1177.559	1244.354
455.1	0	0	0	0.1464735	8.706027	120.0299	385.4518	536.7665	628.2274	698.5445	768.6757	830.2739	913.4653	978.0746	1034.424	1111.372	1177.559	1244.165
455.2	0	0	0	0.1464735	8.706027	120.2364	385.4518	535.8782	628.6227	699.6328	768.3193	828.728	912.7711	978.6699	1033.948	1111.034	1177.202	1244.165
455.3	0	0	0	0.1464735	8.706027	120.0988	385.6095	535.3453	628.8203	700.5034	768.5569	829.3722	911.6605	979.1164	1033.948	1110.696	1178.275	1243.032
455.4	0	0	0	0.1464735	8.823676	120.0988	385.2942	535.1677	628.2274	700.9387	769.6263	827.8263	911.3829	979.7117	1033.153	1109.683	1177.023	1242.465
455.5	0	0	0	0.1464735	8.941325	120.2364	385.6095	534.9012	628.7215	701.374	769.7451	827.5686	910.2723	979.7117	1032.2	1108.164	1176.308	1242.088
455.6	0	0	0	0.1464735	8.941325	120.5805	385.2942	534.99	628.425	701.2651	769.7451	827.0533	909.8558	979.5629	1031.724	1107.995	1174.698	1242.276
455.7	0	0	0	0.1464735	9.058974	120.4429	385.6095	534.99	629.5121	700.721	770.1016	826.1516	909.9946	979.1164	1031.565	1108.839	1173.983	1242.654
455.8	0	0	0	0.1464735	9.058974	120.4429	386.1613	534.1017	629.1168	699.9592	769.864	826.1516	909.5782	978.9676	1032.518	1109.852	1172.91	1241.521
455.9	0	0	0	0.1464735	9.058974	120.2364	386.713	533.9241	628.5239	700.8298	768.5569	826.7957	909.9946	978.8188	1032.677	1110.696	1173.804	1240.388
456	0	0	0	0.1464735	9.00015	120.3741	386.9495	534.457	629.3145	700.8298	768.3193	825.8939	910.9664	978.8188	1032.2	1110.19	1172.731	1239.444
456.1	0	0	0	0.1464735	8.882501	120.3741	386.9495	534.8124	629.2156	700.9387	767.9628	826.1516	910.8276	976.884	1032.836	1109.683	1173.804	1238.878
456.2	0	0	0	0.1464735	8.941325	120.1676	387.186	535.0788	629.5121	700.3945	767.2498	826.2804	910.2723	975.5446	1032.995	1107.658	1173.804	1238.5
456.3	0	0	0	0.1464735	9.00015	120.1676	387.0283	534.3682	628.5239	700.0681	767.3687	826.0227	911.3829	974.9493	1033.789	1106.476	1173.446	1238.311
456.4	0	0	0	0.1464735	9.058974	120.0988	386.8707	534.3682	627.5356	700.2857	766.2993	826.6669	910.8276	975.247	1033.948	1106.982	1173.268	1238.122
456.5	0	0	0	0.1464735	9.058974	119.8923	385.9248	533.6577	627.6345	700.0681	766.6557	826.0227	908.4676	975.5446	1034.583	1106.138	1172.552	1238.311
456.6	0	0	0	0.1464735	9.176622	120.0988	386.0036	532.4141	627.5356	701.0475	767.0122	825.8939	907.7734	974.9493	1034.583	1106.982	1172.195	1239.633
456.7	0	0	0	0.1464735	9.117799	120.2364	386.5554	532.5029	627.6345	701.9181	766.1804	826.6669	907.7734	976.2888	1033.789	1107.995	1172.552	1239.255
456.8	0	0	0	0.1464735	9.176622	120.0988	386.6342	533.2135	628.3262	702.0269	766.0616	827.0533	907.357	977.1817	1032.995	1108.839	1173.089	1240.199
456.9	0	0	0	0.1464735	9.117799	120.1676	386.9495	532.2365	628.2274	702.0269	765.2298	826.9245	907.9123	975.8423	1033.312	1106.982	1172.91	1239.822
457	0	0	0	0.1464735	9.117799	120.3741	386.4766	530.9929	629.2156	701.4828	765.3486	827.1821	908.4676	975.6935	1033.63	1106.982	1172.373	1240.955
457.1	0	0	0	0.1464735	9.058974	120.5117	386.4766	531.0817	628.9191	701.5916	765.3486	828.3416	908.6064	975.8423	1033.312	1106.645	1173.089	1240.199
457.2	0	0	0	0.1464735	9.00015	120.4429	386.3189	530.9929	629.5121	701.9181	765.111	829.2433	909.5782	975.9911	1033.153	1107.151	1173.446	1239.255
457.3	0	0	0	0.1464735	9.00015	120.787	386.3977	531.1705	629.9074	701.9181	765.111	829.6298	908.6064	975.8423	1034.742	1106.645	1173.446	1240.01
457.4	0	0	0	0.1464735	9.00015	120.4429	386.0824	530.7264	629.5121	701.4828	765.111	829.2433	907.7734	977.4794	1035.536	1106.476	1173.268	1239.633
457.5	0	0	0	0.1464735	8.941325	120.6494	385.2942	529.5717	629.4133	700.8298	765.7051	829.6298	907.7734	977.3305	1036.171	1106.307	1173.446	1239.444
457.6	0	0	0	0.1464735	8.941325	120.8558	384.3483	529.2164	629.018	700.2857	764.5168	830.4028	905.2746	978.5211	1035.377	1105.801	1173.625	1239.444
457.7	0	0	0	0.1464735	8.941325	120.7182	383.9542	528.8611	628.0297	699.6328	764.9922	830.1451	905.9688	977.3305	1036.171	1106.982	1172.731	1238.878
457.8	0	0	0	0.1464735	8.882501	120.9247	384.1118	527.884	627.338	698.5445	763.2098	830.2739	905.1358	976.7352	1035.377	1108.671	1173.625	1238.5
457.9	0	0	0	0.195298	8.882501	120.6494	383.8753	527.5287	626.9427	699.4151	762.3781	829.6298	904.8582	976.5864	1034.424	1109.852	1174.877	1236.612
458	0	0	0	0.195298	8.941325	120.787	384.506	526.907	627.5356	699.4151	761.7839	829.6298	904.164	975.5446	1033.789	1109.177	1174.877	1237.556
458.1	0	0	0	0.195298	8.882501	120.6494	384.033	527.0846	627.6345	699.1974	761.7839	829.3722	904.7193	975.9911	1034.424	1110.021	1175.592	1236.801
458.2	0	0	0	0.195298	8.882501	120.7182	384.2695	527.1735	627.4368	698.3268	762.2592	830.2739	906.1075	976.2888	1032.995	1110.19	1173.268	1236.801
458.3	0	0	0	0.195298	8.882501	120.5117	383.7965	527.5287	626.5474	698.6533	761.6651	830.4028	906.3852	977.3305	1030.93	1110.19	1172.016	1236.989
458.4	0	0	0	0.195298	8.764852	120.2364	384.033	527.2623	626.4485	697.7827	761.3086	830.5316	905.4135	975.247	1030.295	1109.852	1170.585	1236.612
458.5	0	0	0	0.195298	8.764852	120.3741	384.3483	526.8181	626.5474	697.4562	762.9722	831.3045	904.9969	975.8423	1032.042	1109.008	1169.155	1237.556
458.6	0	0	0	0.195298	8.823676	120.5117	384.506	527.0846	626.3497	696.2592	763.6851	831.691	904.5805	975.9911	1032.042	1109.177	1169.512	1239.822
458.7	0	0	0	0.195298	8.823676	120.3052	384.5847	526.5517	626.8438	695.4974	764.0416	832.0775	903.7476	976.14	1032.042	1109.515	1168.976	1239.255
458.8	0	0	0	0.195298	8.764852	120.3741	384.4271	526.2852	627.338	694.3004	763.2098	831.0469	903.8864	974.9493	1031.883	1108.502	1168.618	1239.444
458.9	0	0	0	0.195298	8.764852	120.0988	383.6389	526.4628	626.6462	695.6063	762.6157	830.5316	904.0252	975.8423	1030.295	1108.502	1168.082	1238.5
459	0	0	0	0.195298	8.764852	120.2364	383.7965	527.0846	627.0415	695.6063	762.0215	830.1451	904.3029	976.2888	1029.818	1107.151	1168.26	1235.479
459.1	0	0	0	0.195298	8.764852	120.1676	384.506	526.7293	626.745	695.171	762.0215	830.7892	904.3029	975.9911	1030.295	1106.813	1168.439	1236.423
459.2	0	0	0	0.195298	8.764852	119.8235	385.0577	526.4628	626.2509	695.3886	762.7345	830.2739	905.2746	974.8005	1030.136	1106.813	1169.155	1237.367
459.3	0	0	0	0.195298	8.764852	119.9611	385.2154	527.3511	626.6462	695.9327	763.5663	830.0163	904.4417	975.6935	1029.977	1106.307	1169.87	1236.989
459.4	0	0	0	0.195298	8.764852	120.0299	385.8459	527.7952	626.4485	695.4974	764.7545	829.8875	905.5522	975.3958	1029.977	1106.982	1170.943	1238.311
459.5	0	0	0	0.195298	8.823676	119.8923	386.0036	528.7723	625.5591	696.2592	764.8734	829.3722	904.4417	975.5446	1030.93	1105.463	1170.406	1237.745
459.6	0	0	0	0.195298	8.764852	120.0299	385.2154	529.2164	625.3615	696.0416	764.9922	828.728	904.3029	973.7587	1032.518	1106.138	1172.552	1238.311
459.7	0	0	0	0.195298	8.706027	119.7546	385.5307	529.0388	625.1638	695.9327	764.0416	828.3416	905.1358	973.7587	1033.312	1105.801	1171.479	1239.444
459.8	0	0	0	0.2441225	8.764852	119.6858	386.1613	529.1276	625.8556	694.4092	764.5168	828.4704	903.8864	974.0564	1034.583	1105.969	1172.373	1237.933
459.9	0	0	0	0.2441225	8.823676	119.9611	385.8459	529.0388	626.0532	693.3209	764.2792	828.5992	904.7193	974.0564	1035.853	1104.619	1170.228	1237.556
460	0	0	0	0.2441225	8.764852	119.9611	385.6095	529.0388	625.065	693.1033	764.5168	828.9857	905.2746	974.9493	1036.171	1104.788	1170.228	1238.5
460.1	0	0	0	0.2441225	8.764852	120.0988	385.373	529.7493	624.9662	693.9739	764.0416	827.8263	905.2746	974.6517	1036.171	1104.788	1170.228	1238.311
460.2	0	0	0	0.2441225	8.647202	120.1676	385.6095	528.8611	624.0768	693.8651	763.2098	826.6669	905.2746	975.0981	1036.806	1103.437	1169.87	1238.122
460.3	0	0	0	0.2441225	8.588378	120.0299	385.8459	528.2393	624.472	693.7562	763.2098	826.9245	904.7193	974.8005	1035.059	1102.931	1170.228	1236.989
460.4	0	0	0	0.2441225	8.588378	119.9611	385.6883	528.3282	624.472	693.3209	762.9722	826.4092	903.7476	973.9076	1033.153	1102.931	1169.691	1235.29
460.5	0	0	0	0.2441225	8.529553	119.5482	386.0036	528.6835	625.065	693.8651	761.7839	826.9245	901.9428	973.3123	1032.518	1102.086	1169.87	1234.723
460.6	0	0	0	0.2441225	8.529553	119.4105	386.0824	529.0388	625.2626	692.9944	762.0215	826.7957	901.9428	972.5681	1032.677	1102.931	1168.797	1234.723
460.7	0	0	0	0.292947	8.588378	119.2729	385.9248	529.2164	625.065	694.0827	762.1404	826.1516	900.9711	972.4193	1031.565	1102.255	1168.26	1235.101
460.8	0	0	0	0.292947	8.529553	118.9976	386.0824	529.6605	625.3615	692.8856	761.3086	826.538	901.6652	973.1635	1029.818	1103.268	1169.512	1235.101
460.9	0	0	0	0.292947	8.470729	118.7911	385.4518	529.7493	625.3615	691.6885	761.5463	827.4398	901.3875	972.717	1029.977	1103.775	1170.049	1233.779
461	0	0	0	0.292947	8.411904	118.5846	385.373	530.1047	624.6697	692.4503	761.4274	827.311	901.6652	973.3123	1029.818	1104.45	1169.512	1233.779
461.1	0	0	0	0.292947	8.411904	119.0664	385.2154	529.5717	624.1756	692.5591	761.9027	827.1821	902.637	973.0146	1031.089	1105.632	1168.797	1233.779
461.2	0	0	0	0.292947	8.411904	119.204	385.1365	528.95	624.2744	692.9944	761.5463	827.1821	902.0817	971.9728	1030.93	1105.632	1167.545	1233.779
461.3	0	0	0	0.292947	8.35308	119.4105	384.9789	529.394	624.5709	692.668	762.2592	826.0227	902.4981	971.824	1030.453	1104.45	1165.399	1234.912
461.4	0	0	0	0.292947	8.294255	119.3417	384.5847	529.7493	625.4603	693.2121	762.1404	826.0227	902.637	972.2705	1031.248	1105.463	1165.22	1234.912
461.5	0	0	0	0.292947	8.35308	119.6858	384.1906	528.6835	626.152	692.7768	763.3286	826.6669	903.3311	971.824	1031.248	1105.969	1167.724	1236.045
461.6	0	0	0	0.292947	8.35308	119.5482	384.506	528.3282	625.658	693.6474	763.5663	825.8939	903.7476	970.9311	1030.771	1105.801	1167.724	1236.801
461.7	0	0	0	0.292947	8.35308	119.7546	384.506	527.884	625.065	695.8239	762.1404	825.6362	902.7758	970.187	1030.453	1106.645	1168.082	1237.556
461.8	0	0	0	0.292947	8.294255	119.7546	384.5847	528.1505	625.2626	695.6063	762.7345	824.8633	902.7758	970.7822	1030.453	1106.982	1167.724	1236.234
461.9	0	0	0	0.292947	8.294255	119.7546	384.9001	528.7723	626.0532	694.9533	762.4968	824.0903	902.2205	970.4846	1029.977	1106.982	1169.333	1235.29
462	0	0	0	0.2441225	8.35308	119.5482	384.9001	528.417	625.5591	694.8445	761.7839	823.4462	902.637	972.4193	1029.818	1106.476	1171.122	1236.234
462.1	0	0	0	0.2441225	8.35308	119.8235	384.506	528.6835	625.2626	696.0416	762.2592	825.121	902.4981	973.0146	1029.183	1105.632	1170.228	1236.234
462.2	0	0	0	0.2441225	8.35308	119.617	384.1118	528.0617	624.472	695.7151	763.4474	824.8633	901.804	972.1216	1029.183	1104.45	1169.87	1236.989
462.3	0	0	0	0.2441225	8.294255	119.6858	383.6389	527.6176	624.1756	694.0827	762.9722	824.348	901.2487	972.8658	1030.136	1102.086	1169.87	1236.612
462.4	0	0	0	0.2441225	8.294255	119.617	383.3236	527.5287	624.3732	694.518	763.2098	825.121	901.6652	973.1635	1030.453	1102.931	1168.618	1236.801
462.5	0	0	0	0.2441225	8.294255	119.9611	383.3236	527.1735	624.7685	694.7357	762.6157	824.8633	900.9711	972.5681	1029.5	1100.905	1168.976	1236.045
462.6	0	0	0	0.2441225	8.35308	119.8235	383.4812	527.6176	624.6697	694.1915	762.2592	824.6057	901.2487	973.0146	1029.183	1100.398	1168.797	1234.346
462.7	0	0	0	0.2441225	8.294255	120.2364	383.4024	527.2623	625.065	695.0621	762.4968	824.0903	900.2769	972.2705	1028.389	1099.385	1167.188	1233.968
462.8	0	0	0	0.2441225	8.294255	120.0988	384.506	526.4628	624.7685	695.4974	762.4968	823.4462	898.0557	971.5264	1028.23	1100.229	1167.366	1233.402
462.9	0	0	0	0.2441225	8.235431	120.3052	384.5847	526.907	624.5709	693.9739	762.3781	824.2192	899.0275	972.1216	1027.118	1100.398	1168.082	1232.458
463	0	0	0	0.2441225	8.235431	119.7546	384.033	526.4628	624.0768	694.8445	762.9722	824.0903	899.1663	971.3776	1028.547	1100.229	1167.724	1231.513
463.1	0	0	0	0.2441225	8.235431	119.6858	384.7424	526.5517	624.472	694.3004	763.091	823.0598	899.444	971.5264	1028.547	1100.398	1166.651	1231.702
463.2	0	0	0	0.2441225	8.176606	119.6858	384.8212	526.4628	624.472	693.5386	762.3781	822.6733	899.8605	971.9728	1028.071	1099.385	1167.545	1232.458
463.3	0	0	0	0.2441225	8.176606	119.6858	385.0577	526.5517	623.9779	692.8856	761.7839	822.5445	899.8605	971.5264	1027.753	1098.71	1167.188	1232.269
463.4	0	0	0	0.2441225	8.176606	119.6858	385.2942	526.9958	623.5826	692.4503	763.3286	822.5445	900.1381	972.4193	1028.865	1098.372	1167.724	1233.213
463.5	0	0	0	0.2441225	8.117782	119.6858	384.9789	526.4628	622.9897	691.9062	762.9722	821.7715	899.5828	971.9728	1026.959	1096.853	1167.009	1231.702
463.6	0	0	0	0.2441225	8.176606	119.6858	384.3483	526.2852	623.0885	691.9062	764.2792	822.0292	899.7216	972.1216	1026.642	1096.853	1167.009	1231.325
463.7	0	0	0	0.2441225	8.235431	119.8923	383.8753	526.4628	623.7803	691.5797	764.6357	821.9003	899.9993	971.2287	1026.324	1097.022	1165.936	1230.758
463.8	0	0	0	0.2441225	8.294255	119.9611	383.7177	526.1075	623.6815	691.0356	763.4474	821.3851	898.7499	970.6334	1026.8	1096.009	1164.863	1229.059
463.9	0	0	0	0.2441225	8.235431	120.0988	383.6389	526.1964	623.4838	691.1444	763.5663	820.7409	898.7499	968.8475	1027.277	1095.333	1165.936	1229.814
464	0	0	0	0.2441225	8.235431	120.2364	384.1118	526.5517	624.3732	692.015	763.9227	820.2256	898.4722	970.0381	1026.642	1094.489	1165.042	1229.625
464.1	0	0	0	0.2441225	8.235431	120.0299	383.2448	526.1964	624.8674	691.3621	764.5168	820.0968	899.5828	968.8475	1027.118	1094.827	1165.936	1229.436
464.2	0	0	0	0.2441225	8.35308	119.8235	383.0871	525.9299	624.3732	691.5797	764.3981	820.6121	901.3875	968.5499	1026.483	1094.658	1165.578	1229.059
464.3	0	0	0	0.2441225	8.35308	120.0988	383.4024	526.7293	624.2744	691.4709	764.9922	820.7409	901.5264	968.5499	1026.006	1096.515	1164.863	1227.548
464.4	0	0	0	0.2441225	8.411904	120.5805	383.3236	526.907	624.5709	691.4709	765.8239	820.7409	899.9993	968.1034	1028.071	1096.853	1166.83	1228.115
464.5	0	0	0	0.2441225	8.35308	120.5117	383.0871	527.5287	624.2744	691.7974	766.6557	820.7409	901.1099	968.5499	1027.118	1095.502	1166.293	1229.059
464.6	0	0	0	0.2441225	8.35308	120.2364	382.693	527.884	624.7685	691.9062	766.1804	820.2256	899.5828	968.9963	1026.165	1095.84	1164.505	1230.003
464.7	0	0	0	0.2441225	8.35308	120.3741	382.1412	527.7064	625.1638	691.9062	763.9227	819.968	899.1663	969.4428	1026.006	1096.853	1164.684	1229.248
464.8	0	0	0	0.2441225	8.35308	120.0299	381.9047	527.7064	625.7568	692.2327	763.8039	820.2256	901.2487	969.8893	1026.006	1097.528	1166.83	1228.87
464.9	0	0	0	0.2441225	8.294255	120.1676	382.1412	527.9728	625.1638	691.3621	764.6357	820.0968	901.5264	969.1452	1026.165	1097.866	1166.83	1229.436
465	0	0	0	0.2441225	8.294255	120.1676	381.8259	527.6176	625.1638	691.9062	765.111	819.8392	901.9428	968.8475	1025.53	1098.035	1167.188	1229.059
465.1	0	0	0	0.2441225	8.294255	120.1676	381.8259	527.6176	625.5591	692.015	765.5863	820.3544	901.3875	969.294	1024.418	1098.372	1167.188	1227.359
465.2	0	0	0	0.2441225	8.235431	120.0299	382.5353	527.2623	625.658	691.0356	764.9922	819.5815	900.2769	968.6987	1024.895	1098.372	1165.936	1227.926
465.3	0	0	0	0.2441225	8.235431	119.8235	382.6141	527.3511	625.5591	690.7091	764.2792	819.7103	900.6934	968.9963	1023.783	1098.372	1166.651	1227.17
465.4	0	0	0	0.2441225	8.235431	119.4793	382.5353	527.2623	625.065	690.6003	763.5663	818.8085	900.9711	969.8893	1022.83	1098.035	1167.366	1228.303
465.5	0	0	0	0.2441225	8.235431	119.4793	382.3777	528.0617	624.6697	689.7297	762.0215	817.778	901.2487	969.8893	1022.989	1097.359	1167.545	1228.303
465.6	0	0	0	0.2441225	8.235431	119.3417	382.2989	527.7064	624.6697	689.8386	760.5956	818.8085	900.1381	970.3358	1023.147	1096.853	1166.472	1227.737
465.7	0	0	0	0.2441225	8.35308	119.3417	382.693	528.3282	624.3732	690.165	760.5956	818.5509	900.6934	969.4428	1023.624	1096.515	1166.83	1227.737
465.8	0	0	0	0.2441225	8.235431	119.5482	383.0083	529.0388	623.7803	689.0768	760.358	818.2933	902.3593	968.9963	1021.877	1096.009	1166.293	1228.115
465.9	0	0	0	0.2441225	8.176606	119.617	382.8506	529.3052	623.4838	688.4238	759.7639	818.5509	902.7758	968.4011	1021.877	1096.684	1165.399	1228.492
466	0	0	0	0.2441225	8.176606	119.4793	383.0083	528.7723	623.8791	688.2062	759.6451	818.9374	903.1923	968.5499	1023.306	1096.177	1163.611	1229.059
466.1	0	0	0	0.2441225	8.176606	119.5482	382.693	529.3052	623.1873	687.662	759.6451	819.5815	902.637	968.2523	1023.306	1094.996	1163.075	1228.115
466.2	0	0	0	0.2441225	8.235431	119.3417	382.2989	528.5946	622.8909	687.2267	760.2392	819.7103	902.3593	968.6987	1022.671	1094.489	1163.253	1227.17
466.3	0	0	0	0.2441225	8.235431	119.2729	382.6141	528.5058	622.9897	687.3356	760.0015	819.0662	902.637	968.9963	1021.718	1093.983	1163.432	1227.17
466.4	0	0	0	0.2441225	8.235431	119.0664	382.2989	528.1505	623.0885	687.1179	760.0015	819.3239	902.0817	968.6987	1021.718	1092.97	1163.611	1228.492
466.5	0	0	0	0.2441225	8.235431	118.8599	382.3777	527.5287	622.6932	686.7914	758.8133	819.4527	902.637	968.5499	1021.718	1093.139	1164.684	1228.492
466.6	0	0	0	0.2441225	8.235431	119.1352	381.6682	527.1735	621.5073	686.6826	758.5756	819.7103	901.5264	968.9963	1023.465	1092.632	1163.253	1227.359
466.7	0	0	0	0.2441225	8.176606	119.0664	381.1165	527.3511	621.9026	687.662	759.1697	819.0662	901.2487	967.8058	1023.306	1092.295	1161.644	1226.793
466.8	0	0	0	0.2441225	8.176606	119.2729	380.6435	527.4399	621.705	688.315	760.358	818.8085	900.4158	967.3593	1022.989	1092.97	1160.213	1226.982
466.9	0	0	0	0.2441225	8.176606	119.2729	380.5647	527.1735	621.4085	689.0768	759.2886	819.7103	900.4158	969.294	1023.942	1092.801	1159.319	1228.303
467	0	0	0	0.2441225	8.176606	118.9287	379.9341	527.3511	622.8909	688.0974	759.051	819.4527	900.1381	968.4011	1023.465	1091.113	1160.035	1229.248
467.1	0	0	0	0.2441225	8.176606	118.6535	379.6188	527.5287	622.4955	687.4444	758.338	819.968	900.2769	969.1452	1023.942	1090.1	1159.856	1227.737
467.2	0	0	0	0.2441225	8.176606	118.9976	379.9341	527.3511	623.2861	687.4444	757.5062	819.968	899.9993	969.4428	1023.306	1089.931	1161.108	1228.303
467.3	0	0	0	0.2441225	8.176606	119.0664	380.1706	526.9958	622.5944	687.9885	757.2686	820.7409	901.6652	969.4428	1022.989	1090.438	1161.286	1227.17
467.4	0	0	0	0.2441225	8.058957	118.6535	380.4071	527.7064	622.5944	687.4444	756.4368	820.8698	902.4981	969.1452	1022.353	1090.775	1160.929	1227.548
467.5	0	0	0	0.2441225	8.176606	119.0664	380.1706	526.907	622.2979	687.5532	755.8427	820.3544	902.0817	969.294	1021.877	1092.463	1161.108	1226.037
467.6	0	0	0	0.2441225	8.235431	119.2729	380.1706	526.9958	622.1991	688.2062	756.9121	821.9003	901.9428	969.5917	1021.877	1092.463	1161.644	1226.415
467.7	0	0	0	0.2441225	8.176606	119.4105	379.9341	526.8181	622.1991	688.4238	755.8427	821.7715	899.9993	969.1452	1021.242	1093.814	1161.465	1224.338
467.8	0	0	0	0.2441225	8.176606	119.204	380.9588	526.2852	622.0015	689.4033	755.605	823.1886	899.3052	969.1452	1020.289	1093.983	1162.18	1225.093
467.9	0	0	0	0.2441225	8.176606	119.204	380.4071	526.1075	621.8038	689.2944	756.6744	824.348	899.9993	968.9963	1021.4	1093.476	1161.286	1225.093
468	0	0	0	0.2441225	8.235431	118.9287	380.0918	525.0416	622.1003	690.165	756.6744	824.0903	898.8887	969.1452	1020.289	1092.463	1160.929	1226.226
468.1	0	0	0	0.2441225	8.176606	119.1352	379.3824	525.3081	622.1991	690.4915	756.318	823.0598	898.0557	969.5917	1019.971	1091.788	1160.929	1226.415
468.2	0	0	0	0.2441225	8.176606	118.9976	379.8553	526.1075	621.5073	690.7091	756.5556	822.5445	897.5004	969.4428	1019.495	1092.295	1160.75	1225.282
468.3	0	0	0	0.2441225	8.058957	118.9976	379.3824	525.397	621.6061	691.6885	755.9615	822.0292	897.3616	969.7405	1020.13	1092.632	1161.465	1227.17
468.4	0	0	0	0.2441225	8.000133	118.9976	379.1459	525.0416	621.8038	690.6003	756.318	822.0292	897.7781	969.4428	1020.13	1090.269	1160.571	1227.737
468.5	0	0	0	0.2441225	8.058957	119.204	378.9882	525.8411	622.4955	689.4033	757.1497	820.3544	897.3616	969.8893	1020.447	1090.944	1160.035	1228.115
468.6	0	0	0	0.2441225	8.117782	119.204	378.8306	525.7523	622.8909	689.4033	757.0309	819.968	895.2792	970.4846	1020.447	1091.788	1160.75	1226.226
468.7	0	0	0	0.2441225	8.117782	118.9976	378.9882	525.7523	622.2979	688.4238	756.0803	819.5815	894.3074	969.7405	1019.812	1091.788	1161.465	1225.282
468.8	0	0	0	0.2441225	8.176606	119.1352	378.2	524.9528	623.385	689.0768	755.2485	819.0662	895.0016	970.0381	1021.242	1091.788	1159.677	1223.96
468.9	0	0	0	0.2441225	8.176606	119.4793	377.727	524.6863	623.0885	689.8386	756.318	819.5815	894.8627	969.1452	1021.4	1091.45	1159.498	1224.905
469	0	0	0	0.2441225	8.176606	119.6858	376.7811	524.5087	622.8909	689.2944	756.9121	818.5509	895.4181	968.1034	1020.924	1093.645	1159.319	1223.772
469.1	0	0	0	0.2441225	8.176606	119.5482	377.727	524.4199	622.9897	689.8386	756.0803	817.5203	895.0016	966.9128	1021.4	1092.632	1160.213	1223.772
469.2	0	0	0	0.2441225	8.176606	119.4793	378.5153	525.2193	623.4838	689.6209	756.0803	816.8762	893.7521	965.871	1021.877	1091.113	1160.75	1223.205
469.3	0	0	0	0.2441225	8.176606	119.4105	378.9882	525.0416	623.4838	688.6415	754.8921	816.3609	893.7521	966.764	1021.877	1091.282	1160.929	1226.604
469.4	0	0	0	0.2441225	8.176606	119.5482	378.3576	525.397	623.0885	688.8591	755.7239	816.1033	893.6133	966.3175	1021.242	1092.632	1160.213	1226.415
469.5	0	0	0	0.2441225	8.176606	119.617	378.5153	526.0187	623.0885	688.2062	755.4862	816.4897	895.5569	966.1687	1019.653	1091.619	1160.929	1225.849
469.6	0	0	0	0.2441225	8.176606	119.2729	378.3576	525.9299	622.5944	687.4444	756.318	816.6185	896.1122	966.4663	1020.606	1090.775	1161.108	1226.037
469.7	0	0	0	0.2441225	8.176606	119.5482	378.7517	526.2852	621.8038	686.6826	756.1992	816.1033	896.1122	965.871	1022.195	1090.775	1159.856	1226.793
469.8	0	0	0	0.2441225	8.235431	119.204	379.6188	525.4858	621.112	686.5738	755.8427	815.7168	896.6675	964.6804	1022.195	1091.282	1158.962	1225.282
469.9	0	0	0	0.2441225	8.235431	119.2729	379.6188	525.4858	621.4085	686.6826	755.7239	816.2321	896.8063	964.9781	1021.559	1089.087	1159.141	1224.716
470	0	0	0	0.2441225	8.235431	118.9287	379.8553	525.4858	621.705	686.9003	755.3674	816.6185	896.9451	963.7875	1022.83	1089.087	1158.246	1223.394
470.1	0	0	0	0.2441225	8.235431	119.0664	379.3035	526.0187	621.705	685.9208	755.605	815.0726	896.3898	963.6387	1023.942	1090.1	1157.889	1224.338
470.2	0	0	0	0.2441225	8.235431	119.0664	378.7517	526.1075	620.7167	685.4855	755.0109	815.3303	895.8345	962.5969	1021.718	1090.269	1156.279	1224.527
470.3	0	0	0	0.2441225	8.176606	119.617	379.2247	526.0187	621.0132	685.7032	755.605	815.2015	896.6675	962.2993	1022.512	1090.1	1154.491	1224.905
470.4	0	0	0	0.2441225	8.294255	119.6858	379.54	525.8411	620.9144	685.9208	754.8921	815.7168	897.6393	962.8945	1022.353	1089.593	1156.279	1224.338
470.5	0	0	0	0.2441225	8.35308	119.617	379.6976	525.8411	621.3097	685.812	753.4662	816.1033	897.2228	963.0434	1021.083	1088.749	1154.491	1223.583
470.6	0	0	0	0.2441225	8.35308	119.2729	379.3824	525.3081	621.3097	685.7032	754.0603	815.2015	896.6675	964.5316	1020.606	1089.087	1155.743	1223.583
470.7	0	0	0	0.2441225	8.294255	119.2729	379.54	525.1305	621.0132	685.5944	754.7733	815.3303	896.5287	963.0434	1021.718	1089.425	1155.743	1223.96
470.8	0	0	0	0.2441225	8.294255	119.2729	379.3035	524.864	620.4202	685.5944	754.298	814.6862	896.8063	963.6387	1022.671	1088.918	1155.385	1224.149
470.9	0	0	0	0.2441225	8.294255	119.3417	379.8553	524.7752	619.9261	685.3767	754.7733	814.815	896.9451	962.5969	1022.671	1088.243	1153.955	1225.66
471	0	0	0	0.2441225	8.294255	119.617	379.4612	524.9528	619.2344	685.5944	755.0109	813.3979	897.3616	962.0016	1021.559	1089.931	1153.239	1224.905
471.1	0	0	0	0.2441225	8.294255	119.617	379.3035	524.6863	619.7285	686.2473	755.4862	813.7844	898.1946	961.4063	1021.242	1090.1	1153.418	1225.093
471.2	0	0	0	0.2441225	8.294255	119.4105	379.067	525.1305	620.025	686.6826	756.1992	812.3673	898.0557	960.0669	1021.559	1089.762	1154.312	1226.037
471.3	0	0	0	0.2441225	8.35308	119.617	378.7517	524.7752	620.025	686.465	756.7933	812.8826	897.3616	960.2157	1024.577	1088.749	1155.385	1225.282
471.4	0	0	0	0.2441225	8.411904	119.5482	378.4365	524.9528	619.8273	685.3767	754.6544	813.5267	897.084	961.2575	1025.053	1088.074	1154.849	1223.772
471.5	0	0	0	0.2441225	8.470729	119.4793	378.6729	525.4858	620.025	686.0297	753.4662	813.6556	896.8063	960.0669	1025.848	1087.905	1156.279	1223.583
471.6	0	0	0	0.2441225	8.529553	119.617	378.5153	525.3081	620.2226	686.465	753.4662	814.2997	897.3616	959.6204	1025.53	1087.568	1155.206	1223.205
471.7	0	0	0	0.2441225	8.529553	119.5482	378.1212	524.6863	619.9261	684.9415	753.7039	813.7844	897.3616	960.2157	1023.942	1085.879	1155.564	1223.772
471.8	0	0	0	0.2441225	8.529553	119.617	378.0423	524.9528	619.5308	684.5062	753.4662	813.7844	899.3052	962.0016	1022.83	1087.399	1154.849	1223.205
471.9	0	0	0	0.2441225	8.470729	119.6858	377.9635	524.5975	620.3214	684.1797	752.8721	813.6556	900.5546	961.4063	1022.83	1087.736	1153.776	1224.149
472	0	0	0	0.2441225	8.411904	119.4793	378.2788	525.1305	620.519	682.9826	753.1097	813.6556	898.7499	961.704	1023.783	1086.723	1154.491	1224.149
472.1	0	0	0	0.2441225	8.35308	119.1352	378.2	524.864	620.2226	682.4385	753.7039	814.815	899.1663	960.811	1023.783	1084.866	1153.776	1223.394
472.2	0	0	0	0.2441225	8.411904	119.2729	377.9635	525.397	620.9144	682.6561	752.7532	813.6556	899.9993	961.5551	1023.942	1084.529	1153.418	1223.583
472.3	0	0	0	0.2441225	8.35308	119.1352	377.9635	525.0416	620.9144	682.2208	752.6344	813.2691	899.3052	962.1505	1025.053	1084.529	1153.776	1225.282
472.4	0	0	0	0.2441225	8.35308	118.9287	378.2	525.1305	620.7167	682.3297	754.0603	812.3673	896.9451	961.2575	1024.259	1085.204	1154.133	1224.527
472.5	0	0	0	0.2441225	8.35308	118.9976	378.3576	525.2193	620.4202	682.4385	754.6544	812.3673	895.1404	962.0016	1021.877	1085.373	1155.027	1223.96
472.6	0	0	0	0.2441225	8.35308	118.9287	378.9882	525.0416	620.519	681.7855	755.0109	812.3673	894.5851	962.8945	1022.512	1085.373	1152.703	1222.828
472.7	0	0	0	0.2441225	8.470729	118.9287	379.2247	525.2193	621.4085	682.765	754.8921	812.4962	895.1404	962.4481	1022.671	1086.217	1151.987	1223.394
472.8	0	0	0	0.292947	8.470729	119.0664	379.067	524.864	621.112	682.8738	754.1791	812.2385	893.6133	961.5551	1023.306	1085.879	1150.736	1222.072
472.9	0	0	0	0.292947	8.470729	118.9287	379.1459	524.2422	621.0132	682.3297	754.7733	812.625	893.3357	962.1505	1023.942	1083.684	1150.02	1222.45
473	0	0	0	0.292947	8.529553	118.7911	378.7517	523.5316	620.7167	682.4385	754.7733	811.8521	892.9192	961.2575	1024.1	1085.879	1150.199	1222.261
473.1	0	0	0	0.292947	8.529553	118.447	378.3576	522.9987	620.025	681.8943	755.2485	811.5944	893.4745	961.8528	1024.895	1086.386	1150.736	1221.695
473.2	0	0	0	0.292947	8.588378	118.7223	378.0423	523.7981	619.2344	680.9149	755.2485	812.1097	893.4745	961.704	1023.783	1088.749	1150.557	1221.506
473.3	0	0	0	0.292947	8.529553	118.6535	378.4365	523.5316	618.2461	681.7855	755.9615	813.0115	894.1686	961.2575	1023.624	1089.593	1150.378	1219.806
473.4	0	0	0	0.292947	8.588378	118.2405	378.8306	522.9987	618.5426	681.5679	755.3674	811.9808	894.3074	961.8528	1022.353	1090.438	1150.378	1219.051
473.5	0	0	0	0.292947	8.588378	118.5846	378.2	523.7093	618.0485	682.4385	755.8427	811.5944	893.4745	961.4063	1021.559	1090.606	1150.736	1219.429
473.6	0	0	0	0.292947	8.588378	118.2405	378.0423	522.9099	618.0485	682.3297	755.605	812.2385	893.6133	960.811	1021.559	1089.931	1150.378	1220.184
473.7	0	0	0	0.292947	8.529553	118.3093	377.8058	522.9099	617.3567	680.8061	754.7733	812.7538	893.4745	960.6622	1021.242	1089.425	1150.378	1217.163
473.8	0	0	0	0.292947	8.529553	118.2405	377.5694	522.2881	616.7637	680.262	754.298	812.2385	893.058	959.4716	1020.13	1088.243	1151.272	1217.729
473.9	0	0	0	0.292947	8.470729	118.5846	377.8847	522.1993	617.2579	679.1738	755.3674	811.9808	893.058	959.4716	1020.765	1088.412	1151.451	1216.407
474	0	0	0	0.292947	8.470729	118.5846	378.3576	521.4886	616.6649	679.7178	755.1298	812.625	892.9192	960.5134	1021.242	1088.412	1153.06	1214.33
474.1	0	0	0	0.292947	8.529553	118.5846	378.5941	521.311	616.6649	679.2826	755.2485	812.2385	894.4463	959.7692	1022.036	1091.113	1154.133	1213.386
474.2	0	0	0	0.292947	8.529553	118.5846	378.2	522.2881	615.7755	679.3914	755.8427	811.9808	893.058	959.6204	1021.4	1090.606	1152.345	1214.142
474.3	0	0	0	0.292947	8.470729	118.9287	378.1212	522.1105	616.5661	679.9355	755.1298	810.4349	891.8086	959.0251	1020.924	1089.931	1152.345	1216.219
474.4	0	0	0	0.292947	8.470729	118.7911	377.9635	522.2881	616.2696	679.8267	754.4168	811.0791	891.9474	959.9181	1020.765	1088.074	1152.345	1214.519
474.5	0	0	0	0.292947	8.470729	118.6535	377.3329	522.1105	616.5661	680.3708	753.8227	810.4349	891.5309	960.0669	1020.606	1088.58	1152.882	1216.596
474.6	0	0	0	0.292947	8.470729	118.5846	377.3329	521.6663	617.0602	680.3708	752.9909	809.7908	892.0862	960.6622	1018.859	1088.074	1151.63	1217.163
474.7	0	0	0	0.292947	8.411904	118.3093	378.2788	521.1334	616.9614	680.3708	752.9909	809.662	892.2251	959.9181	1019.177	1088.918	1150.378	1218.673
474.8	0	0	0	0.292947	8.411904	118.1717	378.0423	521.2222	616.5661	680.1531	752.7532	810.0485	891.6698	958.281	1018.859	1087.399	1150.557	1218.484
474.9	0	0	0	0.292947	8.411904	118.3093	378.2788	521.844	616.6649	680.4796	752.6344	809.4044	892.2251	957.8345	1019.971	1085.373	1151.987	1219.24
475	0	0	0	0.292947	8.411904	117.8964	378.1212	522.2881	616.3685	680.5884	752.8721	809.1467	892.7804	958.7275	1020.447	1085.204	1151.987	1218.107
475.1	0	0	0	0.292947	8.35308	117.8276	377.9635	522.1993	616.6649	681.459	754.1791	809.0179	893.058	958.4298	1020.606	1086.048	1152.882	1220.939
475.2	0	0	0	0.292947	8.235431	117.8276	378.1212	521.9328	617.6531	681.1326	753.9415	808.7603	893.1968	958.281	1019.653	1085.373	1152.166	1221.883
475.3	0	0	0	0.292947	8.235431	117.3458	378.2	522.1993	617.3567	681.3502	754.1791	809.7908	893.6133	958.5786	1020.606	1086.048	1151.093	1220.184
475.4	0	0	0	0.292947	8.235431	117.1393	378.1212	522.9987	616.8625	681.459	753.3474	809.1467	894.4463	959.7692	1019.336	1084.697	1151.809	1218.862
475.5	0	0	0	0.292947	8.294255	117.0705	378.2	522.9987	616.7637	681.1326	752.0403	809.2756	895.1404	959.6204	1019.018	1085.035	1151.451	1219.051
475.6	0	0	0	0.292947	8.235431	117.2081	377.8847	521.9328	616.6649	680.8061	752.1591	809.2756	895.9734	958.8763	1018.383	1084.022	1151.63	1218.673
475.7	0	0	0	0.292947	8.235431	117.4834	377.8847	521.311	615.5778	680.5884	752.9909	809.9197	894.5851	959.4716	1017.589	1083.684	1150.557	1219.617
475.8	0	0	0	0.292947	8.235431	117.3458	377.8058	521.4886	615.5778	680.0443	752.7532	809.7908	893.891	960.3646	1017.589	1085.373	1148.769	1218.296
475.9	0	0	0	0.292947	8.35308	117.2081	377.3329	521.1334	615.9731	679.9355	752.8721	810.1773	893.6133	960.6622	1016	1085.204	1149.305	1217.729
476	0	0	0	0.292947	8.294255	117.4146	377.3329	521.311	615.7755	680.4796	753.4662	810.8214	892.0862	960.5134	1014.253	1085.204	1148.232	1215.652
476.1	0	0	0	0.292947	8.176606	117.4146	376.7023	520.6004	616.3685	679.7178	753.8227	810.0485	893.1968	960.9598	1014.412	1085.035	1148.947	1216.219
476.2	0	0	0	0.292947	8.117782	117.6899	376.7023	520.7781	616.4673	680.0443	753.3474	810.6926	891.9474	960.2157	1013.142	1084.191	1150.736	1217.54
476.3	0	0	0	0.292947	8.117782	117.7587	376.387	520.5116	616.3685	679.7178	752.7532	810.4349	892.0862	959.4716	1013.142	1084.022	1150.557	1217.163
476.4	0	0	0	0.292947	8.117782	117.6211	376.387	521.6663	616.9614	679.3914	752.8721	811.4656	892.2251	959.174	1014.094	1083.853	1150.199	1217.352
476.5	0	0	0	0.292947	8.117782	118.1029	376.0717	521.1334	617.1591	678.6296	753.1097	811.9808	892.2251	959.174	1014.571	1085.035	1150.02	1217.54
476.6	0	0	0	0.292947	8.117782	118.1717	376.2294	520.0675	618.6414	679.0649	754.4168	812.1097	892.6415	959.7692	1014.571	1084.866	1149.663	1215.841
476.7	0	0	0	0.292947	8.117782	118.034	375.3623	520.9557	619.8273	678.0855	753.8227	813.1403	893.6133	959.174	1014.571	1084.022	1149.126	1217.54
476.8	0	0	0	0.292947	8.117782	118.034	375.5988	521.0446	621.0132	679.0649	753.1097	813.7844	892.9192	960.0669	1014.412	1083.347	1148.232	1216.407
476.9	0	0	0	0.292947	8.058957	117.8964	375.2835	521.5775	620.519	679.1738	753.2285	814.9438	894.0298	959.7692	1014.094	1084.697	1149.126	1216.219
477	0	0	0	0.292947	8.000133	118.034	375.2047	522.1105	619.9261	680.6973	752.5156	814.4285	893.4745	959.9181	1014.73	1082.84	1147.159	1214.519
477.1	0	0	0	0.292947	8.058957	118.1029	375.1258	522.1993	619.7285	679.609	752.7532	813.2691	892.7804	959.6204	1015.524	1083.853	1148.59	1213.386
477.2	0	0	0	0.292947	8.058957	118.447	375.2835	521.9328	619.1355	680.5884	753.3474	812.625	891.8086	958.5786	1016.477	1084.022	1149.305	1213.197
477.3	0	0	0	0.292947	8.000133	118.3093	374.9682	521.3998	619.2344	679.7178	753.8227	811.3367	892.0862	958.1321	1016.159	1082.84	1150.736	1212.631
477.4	0	0	0	0.292947	8.000133	118.3782	375.3623	521.844	618.1473	678.8473	753.9415	810.8214	892.2251	958.4298	1015.524	1081.996	1151.093	1213.764
477.5	0	0	0	0.292947	8.000133	118.447	374.8893	521.5775	617.5543	677.759	754.0603	810.6926	892.5027	958.5786	1015.683	1081.827	1150.02	1214.33
477.6	0	0	0	0.292947	7.941308	118.8599	375.047	521.4886	618.2461	677.759	752.8721	810.1773	891.6698	959.174	1014.889	1081.827	1150.736	1213.575
477.7	0	0	0	0.292947	7.941308	118.9287	375.2047	521.5775	617.8508	677.4326	753.3474	809.9197	891.9474	958.4298	1014.73	1082.503	1149.842	1213.953
477.8	0	0	0	0.292947	7.941308	119.1352	375.2835	521.3998	617.6531	678.5208	752.9909	809.662	891.3922	958.5786	1015.206	1080.983	1149.663	1213.953
477.9	0	0	0	0.292947	7.941308	119.3417	375.7564	521.1334	617.8508	679.5002	753.7039	808.5026	890.698	959.0251	1015.206	1080.814	1149.305	1212.631
478	0	0	0	0.292947	7.941308	119.204	375.52	520.9557	617.9496	678.412	754.4168	808.5026	890.0039	958.5786	1016.159	1081.996	1148.411	1209.799
478.1	0	0	0	0.292947	8.000133	119.5482	375.5988	521.0446	618.4437	677.759	754.4168	809.2756	888.6157	958.5786	1014.571	1082.165	1148.232	1209.61
478.2	0	0	0	0.292947	8.000133	119.4105	375.047	519.6234	617.6531	678.1943	753.9415	808.3738	888.6157	958.1321	1015.365	1083.178	1148.947	1208.477
478.3	0	0	0	0.292947	8.058957	119.204	375.5988	520.0675	617.6531	678.5208	754.298	808.8891	888.6157	957.8345	1014.73	1083.347	1148.411	1209.421
478.4	0	0	0	0.292947	8.117782	119.5482	375.9929	520.2451	617.3567	678.412	755.4862	810.0485	888.4768	957.3881	1014.253	1084.529	1147.875	1209.232
478.5	0	0	0	0.292947	8.117782	119.5482	375.9929	519.3569	617.0602	678.0855	755.3674	808.3738	888.6157	957.3881	1015.683	1084.697	1148.411	1211.309
478.6	0	0	0	0.292947	8.058957	119.8235	376.387	519.3569	617.0602	678.9561	753.9415	808.6314	887.7827	958.281	1016.159	1084.866	1147.338	1210.743
478.7	0	0	0	0.292947	8.117782	119.7546	375.8352	519.7122	616.072	679.3914	752.8721	809.0179	887.7827	958.281	1016.636	1084.529	1146.98	1212.253
478.8	0	0	0	0.292947	8.176606	119.8923	375.52	519.0016	615.9731	679.609	753.585	809.7908	887.3662	958.1321	1016	1084.529	1146.623	1212.631
478.9	0	0	0	0.292947	8.176606	120.0299	374.8893	519.0904	615.479	680.262	753.4662	810.1773	887.9215	957.5369	1017.43	1084.36	1146.98	1212.064
479	0	0	0	0.292947	8.058957	120.0299	374.4952	520.0675	614.9849	680.0443	752.5156	811.8521	888.1992	957.0904	1017.112	1083.347	1146.086	1212.442
479.1	0	0	0	0.292947	8.000133	119.8923	374.8105	520.3339	614.4908	680.262	752.9909	811.4656	887.6439	957.8345	1016.477	1083.684	1146.802	1212.82
479.2	0	0	0	0.292947	8.058957	120.0988	374.9682	518.7351	614.886	679.7178	752.7532	810.8214	887.3662	956.9416	1016.636	1082.165	1145.907	1212.253
479.3	0	0	0	0.292947	8.117782	120.4429	374.8893	519.5345	615.2814	680.3708	752.278	810.3062	888.7545	957.0904	1015.365	1080.308	1144.119	1212.064
479.4	0	0	0	0.292947	8.117782	120.5805	374.9682	519.9786	614.6884	678.7385	751.4462	810.8214	889.171	956.9416	1013.3	1080.308	1143.583	1212.064
479.5	0	0	0	0.292947	8.117782	120.8558	375.047	519.3569	615.2814	677.9767	751.9214	810.3062	888.7545	956.7927	1012.506	1079.97	1142.152	1212.064
479.6	0	0	0	0.292947	8.235431	120.787	374.574	519.6234	614.4908	678.9561	754.1791	810.8214	889.7263	956.4951	1012.347	1080.477	1142.152	1212.442
479.7	0	0	0	0.292947	8.235431	121.0623	374.1011	519.1793	614.9849	678.9561	754.298	810.8214	888.7545	956.3463	1011.077	1080.983	1142.51	1212.631
479.8	0	0	0	0.292947	8.176606	121.2688	373.707	519.2681	615.0837	677.4326	755.1298	811.4656	890.2816	955.6022	1012.03	1080.814	1141.973	1212.82
479.9	0	0	0	0.292947	8.176606	121.1311	373.9435	519.9786	614.392	677.2149	754.298	812.1097	890.2816	957.0904	1011.712	1080.983	1141.973	1212.631
480	0	0	0	0.292947	8.176606	120.8558	373.4705	518.4686	613.5025	677.6502	754.298	811.5944	890.2816	955.751	1010.6	1079.97	1142.331	1212.064
480.1	0	0	0	0.292947	8.176606	120.7182	373.7858	519.0016	613.3049	678.3032	753.9415	811.7232	890.0039	955.4533	1010.918	1079.97	1142.331	1212.064
480.2	0	0	0	0.292947	8.176606	120.9935	373.707	518.0245	613.7002	677.9767	752.8721	812.1097	888.1992	955.3045	1010.442	1081.49	1142.51	1211.876
480.3	0	0	0	0.292947	8.117782	120.9935	372.8399	517.9357	613.9966	678.0855	751.8027	812.1097	888.4768	955.1557	1010.918	1081.49	1143.225	1209.232
480.4	0	0	0	0.292947	8.058957	120.9247	372.367	518.8239	614.1943	678.0855	753.1097	811.3367	889.3098	953.9651	1011.871	1081.827	1144.656	1208.854
480.5	0	0	0	0.292947	7.941308	121.0623	372.9976	518.291	613.799	677.6502	754.0603	811.9808	890.1427	954.2628	1012.665	1081.152	1143.046	1210.743
480.6	0	0	0	0.292947	7.882484	121.0623	372.5246	517.4916	614.392	676.562	754.1791	812.4962	890.0039	953.2209	1013.142	1081.152	1143.583	1211.309
480.7	0	0	0	0.292947	7.941308	120.9935	372.1305	517.6692	614.392	676.6708	753.8227	813.2691	890.1427	953.2209	1013.777	1080.646	1143.94	1209.61
480.8	0	0	0	0.292947	7.941308	121.2688	371.7364	516.6921	615.5778	677.6502	752.8721	813.5267	890.8369	954.5604	1012.665	1080.477	1144.656	1210.743
480.9	0	0	0	0.292947	7.882484	121.3376	372.2881	517.0474	616.4673	678.0855	752.7532	813.1403	890.4203	954.1139	1011.077	1080.477	1145.192	1210.554
481	0	0	0	0.292947	7.823659	121.4753	372.8399	517.4028	616.4673	678.9561	753.1097	813.1403	890.698	953.5186	1010.6	1080.646	1142.331	1210.743
481.1	0	0	0	0.292947	7.823659	121.6129	372.2881	517.4028	617.3567	679.1738	752.5156	811.7232	889.7263	953.0721	1011.553	1079.802	1143.046	1211.498
481.2	0	0	0	0.292947	7.764835	121.8882	372.1305	517.8469	617.0602	680.262	752.8721	811.2079	889.8651	953.2209	1011.712	1080.308	1142.152	1212.064
481.3	0	0	0	0.292947	7.764835	121.8882	372.2093	518.4686	616.7637	679.8267	753.585	810.1773	889.171	952.328	1010.6	1080.139	1142.331	1211.309
481.4	0	0	0	0.292947	7.70601	122.0947	371.6575	518.3798	616.1708	680.9149	753.8227	811.2079	888.7545	952.328	1012.347	1077.944	1141.437	1211.876
481.5	0	0	0	0.292947	7.70601	122.0947	371.8152	518.291	616.3685	680.3708	754.298	809.9197	889.4486	953.2209	1012.506	1078.62	1140.9	1211.12
481.6	0	0	0	0.292947	7.70601	122.0258	372.1305	518.0245	616.6649	680.4796	754.1791	809.7908	889.7263	953.2209	1011.871	1079.633	1140.185	1210.365
481.7	0	0	0	0.292947	7.70601	121.8882	371.2634	517.3139	616.1708	680.8061	752.7532	810.3062	889.3098	954.1139	1012.983	1079.295	1140.9	1209.987
481.8	0	0	0	0.292947	7.764835	121.8882	371.1846	518.0245	615.9731	681.5679	752.8721	809.7908	888.6157	954.2628	1012.665	1079.633	1139.47	1210.743
481.9	0	0	0	0.292947	7.764835	122.0258	371.4999	517.7581	616.7637	680.4796	752.8721	809.662	889.171	953.3698	1010.918	1080.646	1139.291	1210.743
482	0	0	0	0.292947	7.764835	122.1635	371.9728	517.5804	616.9614	680.3708	752.1591	809.9197	887.9215	951.8815	1011.712	1078.789	1139.112	1210.932
482.1	0	0	0	0.292947	7.764835	122.1635	372.2881	516.6921	616.072	679.8267	751.8027	809.9197	890.0039	953.0721	1012.665	1077.607	1139.47	1211.687
482.2	0	0	0	0.292947	7.764835	122.3011	372.7611	516.9586	615.9731	679.609	751.2085	810.0485	890.0039	949.9468	1012.665	1077.776	1140.006	1211.309
482.3	0	0	0	0.292947	7.764835	122.37	372.1305	517.1363	615.8743	679.3914	751.0897	809.7908	890.4203	949.798	1011.712	1077.607	1139.827	1211.12
482.4	0	0	0	0.292947	7.764835	122.2323	372.2881	517.4028	615.8743	680.5884	752.3968	809.1467	888.7545	950.2444	1012.824	1077.1	1141.258	1211.12
482.5	0	0	0	0.292947	7.764835	121.957	373.3917	516.9586	614.886	680.262	752.8721	809.7908	890.0039	950.0956	1012.189	1077.607	1140.722	1210.932
482.6	0	0	0	0.292947	7.764835	122.0258	373.3129	517.3139	615.7755	679.3914	753.3474	809.1467	889.8651	951.1374	1012.824	1077.269	1139.827	1210.554
482.7	0	0	0	0.292947	7.764835	122.0258	372.9976	517.5804	615.0837	679.2826	753.3474	809.4044	890.0039	951.1374	1012.824	1074.062	1139.47	1209.232
482.8	0	0	0	0.292947	7.70601	122.0947	373.3129	517.8469	615.0837	678.9561	753.1097	809.7908	889.8651	951.1374	1011.712	1073.724	1139.291	1207.722
482.9	0	0	0	0.292947	7.764835	122.0258	373.707	517.5804	615.1826	679.2826	752.9909	810.3062	888.4768	951.2863	1011.712	1074.568	1140.722	1207.155
483	0	0	0	0.292947	7.823659	122.2323	373.3129	517.0474	615.0837	678.412	752.3968	809.7908	888.4768	950.5421	1012.506	1075.074	1141.616	1206.022
483.1	0	0	0	0.292947	7.823659	122.0947	373.3129	516.6921	614.2932	678.5208	751.0897	809.2756	889.171	950.6909	1012.824	1073.893	1141.616	1206.4
483.2	0	0	0	0.292947	7.941308	122.0258	373.6281	517.3139	614.7872	678.0855	750.2579	809.5332	889.4486	950.3933	1012.189	1074.399	1142.331	1207.722
483.3	0	0	0	0.292947	7.882484	122.3011	373.3917	516.6921	614.0955	678.412	750.7332	809.662	888.0604	950.0956	1010.6	1073.049	1143.225	1207.533
483.4	0	0	0	0.292947	7.882484	122.2323	373.3917	517.2251	613.6014	677.8679	749.7827	807.7297	888.6157	951.1374	1010.6	1072.711	1143.94	1207.533
483.5	0	0	0	0.292947	7.941308	122.1635	373.3129	516.9586	613.4037	678.6296	749.4261	807.8585	888.8933	952.0303	1009.806	1074.062	1142.689	1208.477
483.6	0	0	0	0.292947	7.882484	122.1635	373.3129	515.9816	613.3049	678.5208	749.3073	808.1161	888.1992	951.7327	1009.965	1073.049	1141.794	1208.666
483.7	0	0	0	0.292947	7.823659	121.8882	374.1799	516.1592	613.3049	678.1943	748.5944	809.4044	888.0604	951.8815	1010.124	1073.386	1139.47	1207.344
483.8	0	0	0	0.292947	7.764835	122.0258	373.8646	516.4257	613.6014	678.1943	749.0697	809.2756	887.5051	950.2444	1009.647	1074.399	1139.112	1206.211
483.9	0	0	0	0.292947	7.823659	121.8194	374.1011	515.3598	614.1943	678.9561	749.545	808.7603	887.2274	951.1374	1010.124	1075.074	1140.185	1204.7
484	0	0	0	0.292947	7.823659	121.6129	373.707	514.4716	613.799	680.1531	750.0203	808.7603	887.0886	950.8398	1009.489	1074.737	1140.9	1203.945
484.1	0	0	0	0.292947	7.823659	121.8194	373.9435	514.8268	614.5896	679.9355	749.1885	809.9197	886.6721	949.9468	1007.424	1073.386	1141.437	1203.945
484.2	0	0	0	0.292947	7.823659	121.6129	373.9435	515.3598	614.6884	680.1531	748.4756	809.7908	887.3662	949.9468	1007.424	1072.204	1141.973	1203.756
484.3	0	0	0	0.292947	7.823659	121.5441	373.6281	516.3369	614.6884	679.0649	749.6638	809.662	887.7827	949.798	1007.583	1071.529	1141.258	1203.19
484.4	0	0	0	0.292947	7.882484	121.4064	373.1552	516.248	613.799	679.0649	750.2579	809.7908	888.0604	951.2863	1007.424	1072.711	1140.185	1203.001
484.5	0	0	0	0.292947	7.882484	121.4064	372.9187	516.3369	614.5896	677.6502	751.2085	808.6314	886.2556	951.5839	1007.106	1071.36	1138.754	1201.302
484.6	0	0	0	0.292947	7.823659	121.4064	372.2881	515.8927	614.392	677.5414	750.0203	808.6314	886.6721	950.2444	1005.836	1072.88	1138.576	1202.057
484.7	0	0	0	0.292947	7.823659	121.0623	372.8399	516.0704	614.4908	677.8679	749.9014	808.2449	887.0886	949.5004	1005.836	1073.217	1140.364	1203.001
484.8	0	0	0	0.292947	7.882484	120.9935	372.9187	515.6263	614.5896	678.412	750.7332	807.9873	886.2556	949.798	1005.518	1072.711	1141.079	1201.302
484.9	0	0	0	0.292947	7.941308	120.9247	373.4705	514.8268	615.3802	677.9767	750.4956	806.8279	886.2556	948.7562	1004.724	1072.711	1142.51	1202.057
485	0	0	0	0.292947	7.941308	120.5117	373.3917	515.4486	615.1826	678.0855	749.1885	806.699	885.7003	949.798	1004.247	1072.373	1142.331	1202.812
485.1	0	0	0	0.292947	7.941308	120.6494	373.0764	515.7151	614.2932	677.759	749.1885	806.4414	884.1733	948.6074	1004.406	1073.386	1142.689	1202.434
485.2	0	0	0	0.3417715	7.882484	120.8558	373.3129	515.8927	613.9966	677.8679	749.3073	806.0549	885.7003	948.1609	1004.406	1073.555	1141.973	1202.623
485.3	0	0	0	0.3417715	7.882484	120.787	373.4705	515.9816	614.0955	676.6708	749.3073	807.2144	885.2839	948.3098	1002.659	1074.23	1142.51	1201.302
485.4	0	0	0	0.3417715	7.882484	120.9935	373.3917	516.4257	613.9966	676.6708	750.0203	807.8585	885.145	948.6074	1001.23	1072.711	1141.794	1200.924
485.5	0	0	0	0.3417715	7.941308	120.8558	372.9187	516.4257	614.2932	677.4326	751.0897	806.8279	885.2839	949.0539	1002.5	1072.373	1141.794	1202.623
485.6	0	0	0	0.3417715	7.941308	120.787	373.234	516.3369	613.8978	677.3237	749.9014	806.1838	885.2839	948.4586	1003.136	1072.542	1141.616	1202.812
485.7	0	0	0	0.3417715	7.882484	120.9935	373.0764	516.248	613.6014	677.5414	748.9509	807.0855	885.4227	947.4168	1003.612	1072.542	1141.079	1203.19
485.8	0	0	0	0.3417715	7.764835	121.4064	372.9976	516.5145	613.9966	677.4326	748.3568	807.8585	885.4227	946.0774	1004.565	1071.698	1142.331	1203.567
485.9	0	0	0	0.3417715	7.70601	121.7505	372.7611	516.8698	613.4037	677.4326	747.7626	807.2144	885.4227	946.8215	1004.883	1074.062	1142.331	1204.889
486	0	0	0	0.3417715	7.70601	122.1635	372.4458	516.6033	612.5143	677.8679	749.3073	805.1531	885.978	946.9703	1005.518	1073.555	1141.794	1204.134
486.1	0	0	0	0.3417715	7.764835	122.1635	373.1552	516.1592	612.119	678.5208	749.545	805.6685	886.2556	946.2262	1005.677	1074.23	1140.9	1202.812
486.2	0	0	0	0.3417715	7.764835	122.4388	373.1552	515.8039	612.4155	678.412	748.7132	805.7973	887.3662	946.375	1004.247	1074.23	1140.006	1203.379
486.3	0	0	0	0.3417715	7.823659	122.7141	372.9187	515.6263	611.9213	678.5208	747.7626	806.1838	886.6721	946.0774	1004.565	1074.23	1139.649	1202.812
486.4	0	0	0	0.3417715	7.823659	122.6453	373.0764	515.9816	611.2296	678.3032	748.7132	807.0855	886.8109	946.6727	1002.183	1074.062	1139.112	1202.623
486.5	0	0	0	0.3417715	7.823659	122.6453	373.234	516.5145	610.8343	679.0649	747.6438	807.0855	885.4227	947.1191	1002.5	1072.373	1137.682	1202.057
486.6	0	0	0	0.3417715	7.764835	122.6453	373.0764	516.248	610.6366	678.7385	747.525	807.7297	885.978	946.6727	1002.659	1072.542	1137.86	1202.434
486.7	0	0	0	0.3417715	7.823659	122.5764	373.3129	516.0704	609.5496	678.8473	747.4061	807.7297	885.5615	946.0774	1002.977	1071.36	1136.609	1203.001
486.8	0	0	0	0.3417715	7.823659	122.5076	372.8399	516.3369	609.5496	678.5208	746.6932	807.0855	886.3945	944.8868	1002.5	1071.529	1137.86	1204.134
486.9	0	0	0	0.3417715	7.823659	122.37	373.234	516.5145	609.4507	677.4326	747.525	806.8279	886.1168	945.0356	1003.294	1071.529	1136.787	1203.379
487	0	0	0	0.3417715	7.882484	122.4388	372.6823	516.9586	609.7472	676.9973	746.5743	807.0855	885.7003	945.4821	1003.136	1070.347	1136.609	1203.945
487.1	0	0	0	0.3417715	7.882484	122.5764	373.234	517.1363	609.5496	677.4326	746.812	806.9567	886.8109	944.5891	1002.818	1072.204	1137.324	1204.134
487.2	0	0	0	0.3417715	7.882484	122.2323	373.3129	516.9586	609.6484	677.2149	746.9308	806.4414	886.3945	945.0356	1001.547	1073.049	1137.324	1203.19
487.3	0	0	0	0.3417715	7.882484	122.2323	373.1552	516.248	609.3519	678.412	746.812	807.6008	887.0886	945.7797	1001.865	1073.724	1137.503	1202.623
487.4	0	0	0	0.3417715	7.941308	122.4388	373.1552	516.6921	609.4507	677.8679	746.2179	806.5703	887.0886	945.4821	1002.024	1072.711	1137.86	1203.19
487.5	0	0	0	0.3417715	7.941308	122.2323	373.5493	516.4257	609.1542	677.5414	746.6932	807.2144	887.7827	944.8868	1001.706	1072.542	1138.397	1203.945
487.6	0	0	0	0.3417715	7.941308	122.4388	374.1799	515.8927	608.8578	677.5414	745.2673	806.8279	886.8109	946.375	1002.659	1072.373	1137.682	1203.945
487.7	0	0	0	0.3417715	7.941308	121.8194	374.1011	515.1821	609.5496	677.9767	745.0297	806.4414	886.5333	947.4168	1002.818	1072.204	1135.357	1203.379
487.8	0	0	0	0.3417715	7.882484	122.0258	373.8646	514.738	609.1542	677.3237	744.5543	806.4414	885.0062	947.7145	1002.341	1070.854	1135.536	1203.567
487.9	0	0	0	0.3417715	7.941308	121.957	373.8646	514.6492	608.6602	677.3237	743.8414	806.4414	885.8392	948.3098	1003.453	1070.854	1135.536	1203.001
488	0	0	0	0.3417715	7.941308	121.957	373.4705	514.8268	609.3519	677.6502	743.8414	807.7297	884.8674	947.4168	1004.565	1070.179	1136.609	1201.868
488.1	0	0	0	0.3417715	7.882484	121.957	373.6281	514.9156	607.9684	677.1061	743.7226	808.1161	883.8956	946.8215	1004.089	1069.841	1135.357	1202.623
488.2	0	0	0	0.3417715	7.882484	121.7505	374.3376	514.9156	607.5731	676.8884	742.1779	807.0855	883.3403	945.4821	1003.453	1070.01	1134.999	1202.623
488.3	0	0	0	0.3417715	7.882484	122.0258	373.5493	514.8268	606.9801	675.6913	742.2967	807.9873	883.618	945.9285	1004.089	1070.01	1134.82	1201.679
488.4	0	0	0	0.3417715	7.882484	121.8882	374.1799	515.0045	607.0789	676.2355	741.7026	807.7297	884.4509	945.1844	1004.089	1070.516	1134.641	1202.057
488.5	0	0	0	0.3417715	7.882484	121.8194	374.574	515.0933	606.7825	677.2149	742.4155	807.9873	884.3121	946.6727	1004.565	1069.334	1135.178	1201.679
488.6	0	0	0	0.3417715	7.882484	121.4064	374.1799	514.8268	607.0789	677.6502	742.5344	807.472	884.1733	946.375	1004.724	1068.997	1133.568	1202.057
488.7	0	0	0	0.3417715	7.882484	121.1311	373.4705	515.2709	606.8813	678.1943	742.772	807.7297	883.8956	946.0774	1004.247	1067.14	1134.284	1201.302
488.8	0	0	0	0.3417715	7.764835	121.2	373.1552	515.8039	607.4742	678.412	742.5344	807.9873	883.2015	945.9285	1003.294	1067.646	1132.853	1200.546
488.9	0	0	0	0.3417715	7.823659	120.9935	373.3129	515.5374	607.0789	678.6296	742.5344	808.2449	883.2015	946.0774	1004.883	1066.464	1132.317	1199.791
489	0	0	0	0.3417715	7.882484	120.8558	373.3917	515.5374	607.5731	677.5414	743.7226	807.472	882.5074	946.0774	1005.2	1065.789	1130.886	1198.847
489.1	0	0	0	0.3417715	7.882484	121.4064	373.0764	515.0045	608.2648	677.8679	742.1779	806.3126	882.3685	946.5239	1002.818	1065.789	1131.065	1199.224
489.2	0	0	0	0.3417715	7.823659	121.1311	373.1552	514.9156	607.7707	676.8884	742.6531	806.5703	882.6462	947.268	1004.089	1065.62	1130.707	1198.658
489.3	0	0	0	0.3417715	7.823659	121.2688	373.6281	513.9386	608.166	676.9973	742.059	805.7973	882.5074	946.6727	1005.2	1065.283	1131.601	1197.525
489.4	0	0	0	0.3417715	7.823659	121.4064	373.4705	513.8498	608.759	677.5414	742.8908	805.7973	882.2297	947.7145	1004.406	1066.127	1132.317	1197.336
489.5	0	0	0	0.3417715	7.764835	121.0623	373.707	513.8498	608.8578	677.4326	742.8908	805.9261	883.2015	946.6727	1003.136	1065.789	1132.317	1198.658
489.6	0	0	0	0.3417715	7.823659	120.9935	373.6281	514.4716	608.3636	676.562	743.8414	804.8955	882.5074	945.7797	1003.612	1066.127	1133.211	1198.847
489.7	0	0	0	0.3417715	7.764835	121.0623	372.9976	513.5833	608.3636	677.3237	744.4355	804.7667	881.9521	944.5891	1004.247	1065.451	1132.496	1197.525
489.8	0	0	0	0.3417715	7.764835	120.9247	373.5493	513.5833	608.0672	677.8679	743.2473	804.6379	881.8132	945.1844	1006.312	1066.464	1132.496	1197.147
489.9	0	0	0	0.3417715	7.882484	121.2	373.707	513.4056	607.8695	677.5414	743.1285	804.6379	881.8132	945.4821	1004.406	1064.945	1131.423	1196.958
490	0	0	0	0.3417715	7.882484	121.3376	373.7858	513.3168	608.0672	677.1061	743.2473	804.2514	883.3403	946.5239	1004.089	1063.763	1129.456	1196.203
490.1	0	0	0	0.3417715	7.882484	121.4753	373.9435	512.7839	608.759	676.1266	743.4849	805.6685	882.9238	946.8215	1003.612	1062.75	1129.813	1196.392
490.2	0	0	0	0.3417715	7.941308	121.5441	373.5493	513.228	608.6602	675.6913	743.3661	804.509	882.3685	948.7562	1003.612	1061.906	1130.886	1197.903
490.3	0	0	0	0.3417715	7.941308	121.4753	373.5493	513.228	608.4625	675.3649	743.2473	804.7667	883.0627	948.1609	1003.93	1061.231	1130.171	1197.336
490.4	0	0	0	0.3417715	7.941308	121.5441	373.8646	512.7839	608.166	674.3854	743.6038	804.1226	882.6462	947.7145	1003.453	1060.556	1130.707	1198.847
490.5	0	0	0	0.3417715	7.941308	121.7505	374.1011	512.3397	607.7707	674.7119	743.2473	803.3496	883.0627	947.1191	1002.5	1059.88	1131.065	1199.791
490.6	0	0	0	0.3417715	7.941308	121.7505	374.4952	512.0733	607.5731	674.6031	743.3661	802.5767	882.2297	946.375	1002.818	1058.867	1130.707	1198.28
490.7	0	0	0	0.3417715	7.941308	121.957	374.9682	512.6062	607.7707	674.059	742.772	802.319	882.5074	945.0356	1001.547	1059.036	1130.171	1197.336
490.8	0	0	0	0.3417715	7.941308	122.0947	374.8893	512.5174	608.0672	673.7325	743.7226	801.4172	882.785	943.9938	1001.071	1057.179	1130.886	1197.714
490.9	0	0	0	0.3417715	7.941308	122.0947	375.2047	513.1392	608.2648	673.1884	743.8414	801.2885	882.9238	943.845	1001.706	1056.841	1131.244	1199.036
491	0	0	0	0.3417715	7.823659	122.1635	375.3623	513.5833	608.2648	673.0796	742.6531	801.1596	881.5356	942.9521	1000.594	1056.335	1132.853	1200.735
491.1	0	0	0	0.3417715	7.764835	122.0947	375.2835	513.4056	608.166	672.8619	742.1779	801.6749	880.7026	942.2079	1000.753	1057.517	1131.78	1200.546
491.2	0	0	0	0.3417715	7.764835	122.4388	375.047	513.6721	608.0672	673.4061	741.7026	801.4172	881.9521	942.5056	1000.912	1056.841	1130.707	1200.357
491.3	0	0	0	0.3417715	7.764835	122.1635	375.1258	513.1392	608.0672	674.059	740.5143	801.8037	882.5074	942.2079	999.6414	1059.036	1131.959	1200.169
491.4	0	0	0	0.3417715	7.764835	122.2323	374.6529	512.7839	608.2648	674.7119	740.3955	802.7055	882.5074	943.2497	999.8002	1059.711	1131.065	1200.169
491.5	0	0	0	0.3417715	7.70601	122.2323	373.7858	512.2509	607.5731	674.9296	740.3955	802.5767	882.0909	943.2497	999.0062	1059.374	1131.423	1200.735
491.6	0	0	0	0.3417715	7.70601	122.5076	374.1011	512.6951	607.9684	675.4737	741.2273	800.5155	881.8132	942.6544	1000.118	1058.867	1132.496	1199.98
491.7	0	0	0	0.3417715	7.764835	122.5076	373.3129	512.7839	608.2648	675.0384	741.2273	801.5461	882.6462	942.6544	999.0062	1058.698	1131.601	1200.924
491.8	0	0	0	0.3417715	7.764835	122.4388	373.6281	513.5833	607.7707	674.6031	741.9402	800.6443	882.3685	942.6544	999.8002	1060.387	1133.39	1201.679
491.9	0	0	0	0.3417715	7.823659	122.3011	373.4705	513.8498	608.3636	674.059	740.8708	800.5155	883.0627	942.5056	998.5297	1059.205	1133.211	1201.302
492	0	0	0	0.3417715	7.823659	122.37	373.234	513.4056	608.2648	673.8413	740.9896	800.2578	882.9238	940.5709	998.3708	1058.361	1133.211	1199.224
492.1	0	0	0	0.3417715	7.823659	122.5076	373.9435	513.8498	607.7707	673.8413	741.1085	799.2272	882.3685	940.5709	998.3708	1059.711	1133.211	1197.336
492.2	0	0	0	0.3417715	7.882484	122.4388	374.1799	513.7609	607.3754	672.3178	741.3461	799.2272	882.3685	940.2733	998.6885	1060.387	1131.959	1195.826
492.3	0	0	0	0.3417715	7.882484	122.7141	374.1799	513.5833	607.9684	671.6649	741.9402	800.129	883.2015	940.2733	998.6885	1060.724	1131.959	1195.448
492.4	0	0	0	0.3417715	7.882484	122.7141	373.7858	513.228	607.7707	671.1207	741.9402	800.0002	883.3403	941.4638	998.5297	1060.387	1133.032	1196.392
492.5	0	0	0	0.3417715	7.882484	123.0582	375.2047	513.6721	607.6719	670.9031	741.4649	798.5831	881.9521	941.7615	998.5297	1060.218	1133.39	1196.392
492.6	0	0	0	0.3417715	7.882484	122.9206	375.2835	514.0274	606.486	670.5766	741.5837	797.939	880.2862	940.7197	997.4179	1058.698	1132.496	1195.448
492.7	0	0	0	0.3417715	7.882484	123.1959	374.9682	514.1162	605.6954	670.7943	740.8708	798.0678	881.1191	940.5709	999.4826	1060.556	1131.78	1195.448
492.8	0	0	0	0.3417715	7.882484	122.9894	375.4411	514.3827	605.3989	670.9031	741.2273	798.0678	880.7026	939.5291	998.8473	1059.374	1131.959	1196.203
492.9	0	0	0	0.3417715	7.823659	123.127	375.5988	514.4716	604.7072	670.7943	740.8708	799.2272	880.2862	940.2733	999.165	1058.867	1131.423	1196.581
493	0	0	0	0.3417715	7.823659	123.4023	375.2047	515.0045	604.7072	670.3589	741.2273	799.3561	881.2579	940.5709	999.165	1060.049	1130.171	1194.504
493.1	0	0	0	0.292947	7.823659	123.2647	375.2835	514.8268	604.3118	671.1207	741.9402	799.0984	881.1191	942.0591	998.0532	1060.218	1129.813	1195.448
493.2	0	0	0	0.2441225	7.823659	123.127	375.2047	515.4486	603.8177	670.6854	741.8214	798.7119	880.5638	942.5056	997.7355	1061.737	1130.171	1196.014
493.3	0	0	0	0.2441225	7.823659	123.0582	374.7317	515.0933	604.4107	670.6854	741.7026	798.5831	880.7026	941.9103	997.5767	1060.724	1130.707	1196.77
493.4	0	0	0	0.2441225	7.882484	122.9206	374.4952	514.6492	605.0036	670.5766	741.3461	799.3561	881.2579	941.9103	995.6708	1061.4	1129.813	1196.014
493.5	0	0	0	0.292947	7.882484	123.1959	374.3376	513.9386	605.0036	670.5766	740.6331	798.0678	880.5638	941.9103	995.9885	1061.062	1129.992	1197.147
493.6	0	0	0	0.292947	7.941308	123.0582	374.4164	514.4716	605.2013	671.6649	741.4649	798.4543	879.3144	940.7197	994.8767	1060.218	1130.171	1195.826
493.7	0	0	0	0.292947	7.941308	122.7829	374.1011	514.9156	604.7072	671.556	740.8708	797.5525	880.5638	941.315	995.0355	1060.556	1132.317	1195.826
493.8	0	0	0	0.292947	7.823659	122.5764	374.4164	515.2709	605.3989	671.2296	740.5143	798.0678	879.8697	940.4221	994.8767	1060.556	1131.601	1194.315
493.9	0	0	0	0.292947	7.823659	122.2323	374.8105	515.3598	605.8931	670.9031	740.039	797.2949	879.7309	940.2733	995.3531	1060.893	1132.317	1196.581
494	0	0	0	0.292947	7.882484	122.0947	374.8893	514.5604	605.6954	670.9031	740.5143	796.9084	879.3144	940.2733	995.9885	1060.724	1132.674	1194.504
494.1	0	0	0	0.292947	7.882484	122.0947	374.7317	514.2939	605.5966	669.8148	740.2767	797.166	878.065	939.5291	995.512	1061.062	1132.496	1194.315
494.2	0	0	0	0.292947	7.882484	121.8882	374.4164	514.5604	604.6083	670.0325	740.6331	797.6813	876.6768	939.8268	997.2591	1060.724	1132.317	1194.693
494.3	0	0	0	0.292947	7.882484	121.8882	374.8105	514.5604	604.0154	670.2501	740.9896	796.7795	876.2603	939.9756	996.7826	1061.062	1131.959	1193.56
494.4	0	0	0	0.292947	7.941308	121.8194	374.8105	514.3827	605.0036	670.1413	740.752	797.4237	875.9826	940.1244	995.9885	1060.724	1130.171	1194.126
494.5	0	0	0	0.292947	7.941308	121.4064	375.4411	513.8498	604.213	668.9442	740.2767	796.9084	875.4273	939.3802	996.1473	1061.062	1129.992	1193.56
494.6	0	0	0	0.292947	8.000133	121.4064	375.52	513.5833	604.4107	668.1824	740.1578	797.2949	875.4273	939.6779	996.6238	1061.062	1128.383	1194.504
494.7	0	0	0	0.292947	7.941308	121.7505	375.52	513.8498	605.6954	667.5295	740.6331	796.0066	875.2885	940.7197	995.6708	1062.075	1127.667	1193.749
494.8	0	0	0	0.292947	7.882484	121.4753	375.52	513.1392	605.4977	669.053	740.6331	796.2643	876.1215	940.5709	996.465	1062.581	1127.846	1193.937
494.9	0	0	0	0.292947	7.941308	121.5441	376.1505	514.2051	604.3118	668.5089	739.9202	795.8778	876.5379	941.315	996.7826	1062.919	1128.561	1194.881
495	0	0	0	0.292947	7.941308	121.4753	376.4659	514.2939	604.9048	668.4001	739.4449	797.0372	877.3708	941.9103	996.9414	1062.075	1129.992	1194.315
495.1	0	0	0	0.292947	7.882484	121.2688	376.7023	514.8268	604.4107	669.2707	740.039	796.5219	876.6768	942.3568	996.9414	1061.4	1129.992	1193.56
495.2	0	0	0	0.292947	7.823659	121.0623	376.5447	514.2939	603.9166	669.706	740.039	795.6201	876.3991	940.5709	996.7826	1061.4	1129.098	1192.049
495.3	0	0	0	0.292947	7.823659	121.2688	376.2294	514.738	603.8177	670.2501	739.0884	796.6508	877.3708	940.7197	997.7355	1061.231	1129.634	1192.049
495.4	0	0	0	0.292947	7.764835	121.2688	375.5988	514.2051	603.6201	670.0325	738.7319	795.749	877.7874	939.3802	998.6885	1061.062	1129.992	1192.049
495.5	0	0	0	0.292947	7.70601	121.4064	375.5988	514.4716	604.1142	669.706	739.5637	796.7795	877.9261	939.3802	999.0062	1061.737	1128.025	1189.594
495.6	0	0	0	0.292947	7.70601	121.4753	374.4952	515.0045	604.5095	670.2501	738.9696	797.2949	877.0932	939.2314	997.8943	1060.387	1126.952	1190.538
495.7	0	0	0	0.292947	7.764835	121.7505	375.3623	514.9156	604.4107	670.2501	738.9696	796.0066	876.5379	939.8268	997.4179	1059.374	1126.773	1190.727
495.8	0	0	0	0.292947	7.823659	122.2323	375.6776	513.9386	605.1024	670.0325	738.6131	797.0372	875.705	940.1244	995.512	1058.53	1126.594	1190.916
495.9	0	0	0	0.292947	7.823659	122.2323	375.1258	514.4716	605.0036	670.0325	738.2567	798.5831	875.2885	939.8268	996.465	1058.53	1125.7	1189.406
496	0	0	0	0.292947	7.941308	122.5764	375.2047	514.0274	605.4977	670.5766	739.6826	798.9696	876.2603	938.9338	996.9414	1058.867	1125.164	1190.727
496.1	0	0	0	0.292947	7.882484	122.37	375.2047	514.2051	604.6083	671.1207	740.1578	798.3254	875.9826	939.0826	998.212	1059.205	1124.627	1190.161
496.2	0	0	0	0.292947	7.941308	122.5076	375.3623	514.8268	604.213	670.6854	740.8708	797.8102	876.3991	938.1897	999.0062	1058.867	1123.912	1191.672
496.3	0	0	0	0.292947	7.941308	122.7141	375.047	515.1821	604.5095	670.6854	740.8708	797.2949	875.2885	938.6362	998.0532	1058.023	1125.164	1192.616
496.4	0	0	0	0.292947	7.941308	122.9206	374.4952	514.9156	604.4107	671.0119	741.1085	798.5831	876.9544	939.5291	997.5767	1057.517	1125.879	1192.804
496.5	0	0	0	0.292947	7.882484	123.0582	374.3376	514.5604	604.4107	671.1207	740.039	798.8408	876.9544	939.2314	997.1002	1057.179	1126.594	1193.937
496.6	0	0	0	0.292947	7.823659	123.127	374.4164	514.2051	604.9048	670.2501	739.6826	797.939	877.6485	938.785	996.1473	1057.686	1126.594	1193.56
496.7	0	0	0	0.292947	7.70601	122.9894	374.7317	513.8498	605.0036	670.6854	739.9202	798.9696	877.3708	938.9338	995.512	1055.828	1127.31	1193.937
496.8	0	0	0	0.292947	7.70601	122.6453	374.6529	514.0274	605.9919	670.5766	740.2767	798.8408	877.3708	939.9756	996.465	1056.166	1126.237	1194.126
496.9	0	0	0	0.292947	7.588361	122.5764	374.4952	514.2939	605.0036	670.4678	739.5637	799.2272	876.5379	938.6362	995.8297	1055.66	1128.204	1194.315
497	0	0	0	0.292947	7.588361	123.0582	374.7317	514.9156	605.2013	670.5766	740.2767	799.4849	876.1215	939.8268	995.512	1055.153	1128.383	1194.126
497.1	0	0	0	0.292947	7.588361	123.0582	374.4952	515.2709	604.806	670.3589	740.6331	798.7119	875.1497	939.9756	994.7179	1054.478	1128.74	1192.616
497.2	0	0	0	0.292947	7.70601	123.0582	374.8893	515.6263	605.8931	668.8354	740.9896	798.3254	873.9003	939.8268	994.7179	1054.309	1127.489	1192.238
497.3	0	0	0	0.292947	7.70601	122.9894	374.9682	516.248	606.1895	668.8354	740.2767	797.5525	874.5944	940.1244	995.0355	1055.828	1127.31	1192.238
497.4	0	0	0	0.292947	7.70601	123.127	375.3623	515.8927	605.3989	668.7266	739.5637	797.2949	876.1215	940.1244	994.5591	1055.828	1127.489	1193.182
497.5	0	0	0	0.292947	7.70601	122.9894	374.8893	515.0933	604.5095	669.053	739.5637	797.2949	875.4273	939.9756	995.512	1055.153	1126.952	1193.182
497.6	0	0	0	0.292947	7.764835	123.0582	374.0223	515.1821	605.1024	669.706	738.9696	798.0678	874.5944	938.9338	995.3531	1055.828	1127.131	1192.993
497.7	0	0	0	0.292947	7.764835	122.7829	373.1552	515.3598	605.2013	669.3795	739.0884	798.9696	875.0109	938.4873	995.6708	1056.166	1126.952	1192.804
497.8	0	0	0	0.292947	7.764835	122.8517	373.4705	515.8927	605.3989	669.9236	739.0884	798.3254	875.705	938.3385	996.9414	1057.348	1128.025	1191.86
497.9	0	0	0	0.292947	7.764835	123.2647	373.5493	515.2709	605.2013	669.9236	738.019	798.0678	875.705	936.8503	996.1473	1057.01	1127.667	1190.916
498	0	0	0	0.292947	7.764835	123.0582	373.234	515.0933	605.0036	670.1413	738.8508	798.0678	875.2885	936.2549	995.1943	1055.828	1127.489	1189.783
498.1	0	0	0	0.292947	7.764835	123.2647	373.6281	514.3827	604.3118	670.2501	738.4943	797.6813	875.5662	937.5944	996.7826	1055.828	1127.489	1189.783
498.2	0	0	0	0.292947	7.764835	123.127	373.6281	514.2939	603.0272	670.0325	738.2567	796.2643	875.9826	937.4456	996.9414	1055.322	1126.952	1190.727
498.3	0	0	0	0.292947	7.70601	123.0582	374.0223	514.0274	602.4342	670.3589	738.4943	796.7795	876.2603	937.2968	997.5767	1055.66	1126.237	1191.105
498.4	0	0	0	0.292947	7.70601	122.8517	373.5493	513.6721	602.7307	670.1413	738.8508	797.5525	876.1215	936.2549	995.512	1054.478	1126.594	1192.238
498.5	0	0	0	0.292947	7.70601	122.6453	373.5493	513.7609	601.7424	670.6854	738.8508	797.939	877.5097	936.1061	995.0355	1053.296	1125.879	1191.672
498.6	0	0	0	0.292947	7.764835	122.8517	373.6281	514.0274	601.0507	670.5766	738.019	797.8102	877.6485	936.4038	996.465	1053.971	1125.879	1190.916
498.7	0	0	0	0.292947	7.823659	122.1635	373.234	513.5833	600.7542	670.3589	737.7814	798.3254	878.065	936.2549	995.0355	1053.803	1126.416	1191.483
498.8	0	0	0	0.292947	7.764835	122.1635	372.6034	513.5833	600.4577	669.5972	737.4249	798.9696	876.3991	936.2549	995.3531	1054.14	1125.164	1192.993
498.9	0	0	0	0.292947	7.70601	122.0947	373.3917	513.0504	600.1612	668.4001	738.019	799.6137	874.4556	937.1479	996.3062	1052.79	1126.058	1192.049
499	0	0	0	0.292947	7.70601	121.8194	373.234	513.1392	601.0507	667.6384	737.1873	799.7426	872.6508	935.5109	995.8297	1052.79	1126.058	1191.105
499.1	0	0	0	0.292947	7.70601	121.6129	373.1552	512.6062	601.1495	668.0737	738.3755	799.6137	873.0673	934.6179	996.1473	1052.958	1127.131	1190.538
499.2	0	0	0	0.292947	7.70601	121.6129	372.6034	513.0504	601.0507	668.2913	738.4943	799.7426	873.345	935.362	994.7179	1053.296	1126.773	1190.538
499.3	0	0	0	0.292947	7.764835	121.4064	372.2093	513.228	601.1495	669.053	738.4943	799.7426	872.7897	933.8738	994.4002	1053.296	1125.164	1192.049
499.4	0	0	0	0.292947	7.764835	121.2	370.9481	513.3168	601.0507	669.5972	738.9696	799.2272	873.7614	934.3203	994.2414	1052.114	1124.627	1190.916
499.5	0	0	0	0.292947	7.764835	121.2688	370.9481	513.7609	600.9518	669.053	738.3755	797.939	875.0109	936.4038	994.4002	1052.958	1123.197	1189.406
499.6	0	0	0	0.292947	7.70601	121.4064	370.2387	513.4944	601.7424	669.8148	737.5437	797.4237	875.4273	936.2549	992.9708	1051.777	1122.124	1188.461
499.7	0	0	0	0.292947	7.764835	121.2688	370.2387	513.4056	602.4342	670.1413	737.6625	796.5219	872.9285	935.8085	993.765	1051.27	1124.091	1187.14
499.8	0	0	0	0.292947	7.764835	120.9247	370.4752	514.2939	602.7307	669.706	737.7814	795.4913	872.512	936.8503	993.4473	1051.439	1124.627	1187.895
499.9	0	0	0	0.292947	7.764835	121.4064	370.7905	514.9156	602.1377	669.1619	737.6625	795.1049	874.0391	936.5526	993.765	1053.803	1125.343	1188.65
500	0	0	0	0.292947	7.764835	121.6129	371.1846	515.0933	602.6318	668.8354	736.9496	794.0743	874.7332	935.6597	994.0826	1054.647	1125.521	1188.839
500.1	0	0	0	0.292947	7.764835	121.7505	370.6328	514.4716	601.9401	668.2913	736.8307	793.3013	874.7332	936.4038	993.9238	1055.828	1124.627	1189.028
500.2	0	0	0	0.292947	7.764835	121.8194	370.3175	514.6492	601.8412	666.8766	736.8307	794.8472	874.872	937.1479	992.812	1054.984	1122.66	1188.461
500.3	0	0	0	0.292947	7.764835	122.1635	371.1058	514.2939	602.6318	667.5295	737.306	794.2031	874.1779	936.8503	992.812	1054.647	1123.197	1189.028
500.4	0	0	0	0.292947	7.70601	122.0947	371.4211	513.3168	602.3354	667.4207	738.019	795.3625	874.7332	936.5526	991.0649	1055.997	1123.375	1189.783
500.5	0	0	0	0.292947	7.647186	121.8194	370.9481	513.4056	601.5447	667.6384	738.6131	795.1049	874.0391	937.2968	990.5884	1054.816	1122.66	1189.406
500.6	0	0	0	0.292947	7.647186	121.6129	371.0269	513.228	600.4577	667.2031	738.2567	795.3625	874.3167	937.5944	989.6355	1053.127	1121.945	1189.028
500.7	0	0	0	0.292947	7.70601	121.7505	370.8693	512.6951	599.8647	666.9854	738.1378	795.749	874.4556	936.7014	987.5708	1051.439	1121.587	1189.406
500.8	0	0	0	0.292947	7.647186	121.5441	370.7116	513.228	599.5683	666.5501	738.019	796.1354	874.4556	936.7014	986.3002	1051.27	1123.197	1188.839
500.9	0	0	0	0.292947	7.647186	121.4753	370.0022	514.1162	599.7659	667.2031	736.5931	795.749	873.345	934.6179	985.8237	1050.257	1123.375	1187.328
501	0	0	0	0.292947	7.647186	121.2	369.4505	513.1392	600.1612	667.0942	735.4048	795.8778	875.4273	934.9155	985.8237	1050.257	1120.872	1187.14
501.1	0	0	0	0.292947	7.647186	121.3376	369.2928	513.3168	598.8765	666.4413	734.8107	795.6201	876.2603	935.0644	985.0296	1049.751	1121.23	1187.328
501.2	0	0	0	0.292947	7.529537	120.9935	369.3716	512.6062	599.9636	666.1148	734.0978	794.4608	875.5662	934.7667	985.3472	1050.257	1120.693	1187.14
501.3	0	0	0	0.292947	7.470712	120.9247	369.6869	512.4286	599.6671	666.7678	735.4048	795.2336	874.5944	933.4273	986.6178	1051.101	1121.945	1186.384
501.4	0	0	0	0.292947	7.470712	120.787	369.8446	511.9844	599.3706	666.6589	735.0484	795.4913	873.4838	933.1296	986.459	1050.932	1120.693	1185.818
501.5	0	0	0	0.292947	7.470712	120.9247	369.7657	512.3397	599.173	666.5501	734.9296	794.976	874.0391	934.4691	986.7767	1051.101	1120.693	1186.007
501.6	0	0	0	0.292947	7.411888	120.9935	369.3716	512.6062	598.6788	666.1148	734.8107	795.6201	875.0109	934.4691	986.459	1050.932	1118.905	1185.818
501.7	0	0	0	0.292947	7.353063	121.2	368.8987	512.9615	599.2718	665.7883	733.8602	795.749	874.872	933.8738	985.3472	1051.439	1119.084	1185.44
501.8	0	0	0	0.292947	7.353063	121.2688	368.5834	512.1621	599.173	665.7883	734.2166	796.5219	874.1779	934.4691	986.9355	1051.777	1118.368	1185.818
501.9	0	0	0	0.292947	7.353063	121.2688	368.5834	511.8956	600.1612	666.2236	735.999	796.3931	872.7897	934.4691	987.0943	1051.608	1118.368	1184.307
502	0	0	0	0.292947	7.235414	121.0623	368.8987	511.8068	599.3706	665.0266	736.5931	797.166	873.2061	934.6179	989.159	1051.101	1118.726	1185.629
502.1	0	0	0	0.292947	7.235414	121.4753	369.3716	511.8068	600.0624	665.1354	735.7614	796.9084	872.512	934.0226	989.3179	1051.101	1118.011	1185.251
502.2	0	0	0	0.292947	7.294239	121.4753	369.3716	512.4286	600.853	665.5707	735.999	796.6508	874.1779	933.8738	989.6355	1051.439	1116.938	1185.44
502.3	0	0	0	0.292947	7.294239	121.2688	369.1352	511.5403	601.6436	665.1354	736.2366	795.8778	873.7614	934.4691	989.159	1052.79	1117.296	1186.007
502.4	0	0	0	0.292947	7.411888	120.9247	369.6869	511.4515	602.2365	664.5912	735.999	796.0066	873.7614	934.0226	988.5237	1050.764	1118.19	1186.007
502.5	0	0	0	0.292947	7.353063	121.2688	370.0811	511.4515	602.2365	664.2648	737.5437	794.976	873.0673	935.2132	989.4767	1050.595	1118.011	1186.007
502.6	0	0	0	0.292947	7.353063	120.9935	369.2928	511.0962	602.9283	664.2648	737.6625	794.3319	873.4838	935.5109	987.8884	1051.777	1116.044	1186.196
502.7	0	0	0	0.292947	7.353063	121.2	369.4505	511.185	602.533	665.2442	737.5437	794.0743	873.0673	935.5109	988.2061	1053.465	1115.865	1186.762
502.8	0	0	0	0.292947	7.294239	121.957	370.0811	511.0962	602.1377	664.9177	738.1378	794.8472	873.4838	936.1061	988.2061	1054.478	1116.938	1186.196
502.9	0	0	0	0.292947	7.294239	121.8882	370.0811	511.5403	602.0389	665.2442	736.8307	793.559	872.0955	936.4038	987.5708	1053.803	1116.938	1187.14
503	0	0	0	0.292947	7.294239	121.8194	370.4752	511.4515	601.9401	665.353	735.7614	794.7184	870.4296	935.9573	986.6178	1052.958	1116.401	1186.951
503.1	0	0	0	0.292947	7.235414	121.8194	370.6328	511.0074	603.0272	664.3736	735.5237	794.2031	870.4296	934.7667	987.7296	1052.958	1116.223	1185.063
503.2	0	0	0	0.292947	7.294239	121.6817	371.4211	510.1191	603.6201	664.1559	736.3555	794.7184	870.5685	935.2132	988.8414	1052.958	1118.011	1185.063
503.3	0	0	0	0.292947	7.294239	121.7505	371.7364	510.2968	604.3118	664.3736	736.3555	794.3319	870.152	934.9155	989.7943	1051.439	1118.726	1184.874
503.4	0	0	0	0.292947	7.294239	121.6817	372.2881	510.1191	604.1142	664.8089	735.7614	793.9454	868.6249	934.9155	990.1119	1052.283	1119.62	1182.985
503.5	0	0	0	0.292947	7.353063	121.4753	371.6575	509.8527	604.0154	664.5912	734.8107	793.9454	868.7637	934.3203	991.859	1051.777	1120.157	1184.119
503.6	0	0	0	0.292947	7.353063	121.2688	371.1846	509.4085	604.213	663.8295	733.7413	794.0743	868.0696	934.1714	992.1767	1050.426	1119.263	1184.874
503.7	0	0	0	0.2441225	7.294239	121.1311	371.4211	510.0303	604.3118	663.8295	734.4543	794.2031	869.0414	934.1714	991.7002	1047.556	1119.799	1184.119
503.8	0	0	0	0.2441225	7.353063	121.1311	371.5787	509.5862	604.6083	664.9177	734.5731	792.3995	868.6249	933.2785	990.9061	1048.907	1121.23	1184.496
503.9	0	0	0	0.2441225	7.411888	121.2688	371.7364	508.9644	604.213	664.8089	733.7413	793.3013	867.9308	933.1296	991.3826	1049.075	1121.408	1183.363
504	0	0	0	0.2441225	7.411888	121.4064	371.894	508.5203	604.3118	665.8972	734.0978	792.786	867.5143	933.725	991.3826	1049.413	1120.693	1182.041
504.1	0	0	0	0.2441225	7.411888	121.2	371.4999	507.9873	603.3236	666.5501	732.5531	791.7554	867.9308	932.3855	989.3179	1049.582	1120.514	1182.797
504.2	0	0	0	0.2441225	7.411888	121.0623	371.894	508.6979	602.0389	666.3325	732.7907	792.1419	868.2084	933.8738	989.0002	1050.595	1120.336	1180.153
504.3	0	0	0	0.2441225	7.353063	120.8558	371.9728	508.165	601.5447	665.5707	732.6719	792.3995	868.6249	931.939	988.8414	1049.582	1119.799	1179.964
504.4	0	0	0	0.2441225	7.353063	121.1311	371.6575	508.8756	602.1377	665.353	732.0778	792.6572	868.2084	930.4508	988.8414	1048.738	1119.62	1179.02
504.5	0	0	0	0.2441225	7.353063	120.8558	371.7364	508.4315	601.7424	664.7001	732.7907	793.559	867.5143	930.4508	988.2061	1048.738	1118.011	1179.964
504.6	0	0	0	0.2441225	7.411888	120.7182	372.1305	508.5203	601.0507	664.5912	732.4343	793.6878	867.9308	930.7485	988.3649	1049.244	1117.832	1179.587
504.7	0	0	0	0.2441225	7.353063	120.9247	372.1305	508.165	600.7542	664.2648	732.0778	792.5284	868.2084	931.0461	989.159	1049.582	1118.368	1180.72
504.8	0	0	0	0.2441225	7.294239	120.9247	372.2881	507.632	601.1495	663.6118	731.7213	792.9149	868.3473	930.4508	988.5237	1048.738	1120.157	1179.964
504.9	0	0	0	0.2441225	7.353063	120.9935	373.0764	506.8326	600.9518	663.7206	731.7213	792.2707	867.2367	930.8973	988.5237	1048.4	1120.157	1181.286
505	0	0	0	0.2441225	7.353063	120.9247	373.3129	507.4544	600.4577	663.7206	731.0084	791.6266	866.5425	929.5579	989.4767	1048.907	1119.62	1181.097
505.1	0	0	0	0.2441225	7.353063	120.787	373.4705	507.7209	601.1495	663.8295	730.7707	793.0436	867.0978	930.4508	988.0472	1048.231	1119.799	1179.776
505.2	0	0	0	0.2441225	7.353063	120.6494	372.9187	507.632	600.7542	664.1559	730.4142	793.8166	867.9308	931.0461	986.9355	1047.725	1119.441	1179.964
505.3	0	0	0	0.195298	7.353063	120.3741	372.5246	507.9873	600.2601	665.1354	729.8201	794.7184	867.6531	930.7485	987.7296	1048.063	1119.441	1180.72
505.4	0	0	0	0.195298	7.353063	120.1676	372.5246	507.9873	600.1612	664.5912	729.3448	794.7184	868.7637	931.939	987.5708	1048.4	1119.084	1180.908
505.5	0	0	0	0.195298	7.294239	119.8235	372.7611	507.632	599.5683	664.3736	729.7013	795.3625	868.9026	932.5344	985.3472	1048.063	1117.653	1180.72
505.6	0	0	0	0.195298	7.294239	119.7546	372.367	507.4544	599.3706	663.3942	728.6319	795.3625	870.2908	931.0461	984.7119	1048.063	1117.653	1181.853
505.7	0	0	0	0.195298	7.235414	119.5482	372.2881	507.9873	599.8647	662.5236	729.8201	793.9454	870.0132	930.7485	983.9178	1047.05	1118.368	1182.041
505.8	0	0	0	0.195298	7.176589	119.3417	371.894	507.5432	599.5683	663.2853	730.7707	794.0743	869.4579	931.0461	983.1237	1047.556	1117.832	1182.041
505.9	0	0	0	0.195298	7.176589	119.4105	371.5787	507.5432	599.0742	662.9589	730.2954	794.0743	869.0414	931.1949	983.6002	1047.894	1118.011	1181.853
506	0	0	0	0.195298	7.294239	119.6858	371.3423	506.7438	599.173	662.7412	731.3648	794.976	869.1802	930.5996	984.5531	1046.712	1117.832	1181.097
506.1	0	0	0	0.195298	7.294239	119.6858	371.894	506.7438	599.3706	662.6324	730.5331	795.3625	869.1802	930.5996	984.5531	1045.024	1116.401	1182.041
506.2	0	0	0	0.195298	7.294239	119.8235	371.894	506.8326	599.5683	662.5236	729.4636	794.4608	868.0696	931.0461	983.1237	1045.193	1116.401	1182.23
506.3	0	0	0	0.195298	7.294239	119.617	371.894	507.1879	599.173	662.1971	729.1072	793.9454	866.1261	932.0879	983.759	1045.53	1115.507	1182.419
506.4	0	0	0	0.195298	7.294239	119.7546	372.0517	507.4544	598.58	661.8707	730.4142	793.1725	863.9049	932.2367	982.4884	1047.387	1115.328	1181.853
506.5	0	0	0	0.195298	7.235414	119.8923	371.4999	507.5432	598.6788	662.4148	730.0577	792.2707	863.3496	931.4926	982.6472	1047.05	1114.077	1182.608
506.6	0	0	0	0.195298	7.235414	119.617	371.894	507.5432	597.8882	662.85	730.7707	792.6572	861.6837	930.5996	981.6943	1048.907	1114.971	1183.174
506.7	0	0	0	0.195298	7.235414	119.6858	371.4999	507.3656	598.1848	662.5236	732.0778	791.7554	861.9614	930.4508	981.3766	1047.218	1115.686	1182.608
506.8	0	0	0	0.195298	7.235414	119.9611	372.1305	507.9873	598.7776	663.1765	733.9789	791.6266	862.1002	930.0043	980.5825	1047.05	1115.328	1182.608
506.9	0	0	0	0.195298	7.176589	119.3417	371.9728	508.8756	598.6788	662.306	734.8107	791.369	862.1002	930.4508	980.9001	1047.218	1115.507	1182.985
507	0	0	0	0.195298	7.235414	119.204	372.4458	508.6979	597.7894	661.8707	735.4048	791.2401	862.9331	931.1949	981.5355	1047.894	1114.077	1182.985
507.1	0	0	0	0.195298	7.235414	119.204	372.2093	508.0762	597.5918	662.9589	734.5731	790.4672	863.2108	930.0043	980.9001	1046.881	1114.077	1183.174
507.2	0	0	0	0.195298	7.235414	118.9976	371.894	507.9873	598.4812	662.7412	733.3848	790.2095	863.6273	930.4508	980.9001	1047.894	1114.971	1183.552
507.3	0	0	0	0.195298	7.235414	119.204	371.894	507.2768	598.1848	663.0677	732.3154	790.4672	862.6555	930.8973	981.6943	1048.231	1114.255	1184.119
507.4	0	0	0	0.195298	7.235414	119.4793	371.4211	507.0103	598.1848	663.0677	731.8401	790.8536	862.9331	931.3438	981.2178	1049.582	1113.182	1182.985
507.5	0	0	0	0.195298	7.235414	119.204	371.8152	507.0991	598.0859	663.3942	731.4836	790.0807	863.072	930.302	980.106	1049.413	1113.54	1184.119
507.6	0	0	0	0.195298	7.235414	118.8599	372.1305	506.8326	597.8882	663.1765	731.9589	791.2401	864.1826	930.302	979.9472	1050.257	1112.825	1183.741
507.7	0	0	0	0.195298	7.235414	118.9287	372.4458	506.7438	598.6788	661.9795	732.0778	790.0807	864.599	930.1531	980.4236	1049.751	1112.646	1183.93
507.8	0	0	0	0.195298	7.235414	118.9287	372.1305	507.0103	598.6788	661.0001	731.9589	789.8231	866.5425	929.4091	980.106	1048.738	1110.5	1182.608
507.9	0	0	0	0.195298	7.235414	118.6535	371.4211	506.9214	598.2836	661.5442	731.3648	791.2401	867.2367	928.2184	979.3119	1049.92	1111.394	1181.286
508	0	0	0	0.195298	7.235414	118.6535	371.7364	507.0103	597.2953	661.2177	731.6025	791.4977	866.8202	927.6232	980.4236	1048.907	1111.573	1179.964
508.1	0	0	0	0.195298	7.235414	118.7911	372.6034	507.0103	596.9	661.3265	731.246	790.9825	867.0978	927.1767	980.9001	1048.738	1111.752	1179.776
508.2	0	0	0	0.195298	7.294239	119.0664	372.1305	507.0103	596.9	661.5442	730.4142	791.369	866.959	926.7302	982.1707	1048.738	1111.573	1179.964
508.3	0	0	0	0.195298	7.294239	118.7223	371.894	506.655	597.2953	660.8912	731.1272	791.7554	867.5143	926.2838	983.4413	1048.569	1111.752	1179.964
508.4	0	0	0	0.195298	7.294239	118.5846	371.9728	507.0103	597.1965	661.5442	730.5331	792.786	866.4037	924.349	983.1237	1048.569	1111.037	1181.097
508.5	0	0	0	0.195298	7.353063	118.1717	371.6575	506.8326	596.5047	660.7824	731.1272	792.1419	866.1261	924.4978	981.8531	1047.218	1112.11	1182.419
508.6	0	0	0	0.195298	7.353063	118.034	371.5787	507.5432	596.9988	659.803	730.7707	792.6572	867.0978	925.2419	982.1707	1047.05	1112.825	1182.419
508.7	0	0	0	0.195298	7.235414	117.8964	371.5787	508.0762	597.8882	660.4559	731.6025	793.1725	866.959	924.7955	980.7413	1046.712	1112.646	1181.475
508.8	0	0	0	0.195298	7.294239	117.8964	371.894	508.3427	597.8882	661.0001	731.8401	793.6878	866.959	925.3907	980.2648	1045.53	1113.182	1180.908
508.9	0	0	0	0.195298	7.294239	118.1717	371.9728	508.0762	598.1848	660.8912	731.6025	793.3013	868.3473	925.3907	979.7884	1045.024	1113.719	1181.286
509	0	0	0	0.195298	7.294239	118.034	372.0517	507.2768	598.1848	660.6736	732.4343	793.6878	868.3473	926.7302	979.1531	1044.348	1113.54	1179.964
509.1	0	0	0	0.195298	7.235414	117.6899	371.894	506.7438	596.9988	659.15	733.2661	793.559	867.792	927.9208	978.6766	1044.686	1114.077	1179.209
509.2	0	0	0	0.195298	7.235414	117.5523	372.2093	507.0991	597.3942	659.0412	732.1966	792.6572	867.792	927.3255	978.5178	1045.361	1114.255	1179.587
509.3	0	0	0	0.195298	7.235414	118.1717	372.6823	507.8097	596.6035	659.15	732.3154	790.9825	866.6814	927.9208	979.1531	1046.205	1113.54	1180.72
509.4	0	0	0	0.195298	7.176589	118.5846	372.6034	507.4544	596.6035	659.0412	732.0778	791.6266	866.1261	927.3255	980.5825	1046.712	1114.613	1178.831
509.5	0	0	0	0.195298	7.176589	118.6535	372.367	506.8326	596.0106	660.1295	732.6719	790.8536	866.2649	928.0696	982.0119	1046.037	1115.686	1178.454
509.6	0	0	0	0.195298	7.117765	118.8599	372.7611	506.7438	595.5165	661.5442	733.9789	790.7248	867.0978	926.7302	983.9178	1044.686	1115.865	1179.398
509.7	0	0	0	0.195298	7.117765	118.7911	371.9728	506.655	595.1212	661.3265	733.7413	790.596	867.2367	926.4326	983.2825	1046.205	1115.865	1178.454
509.8	0	0	0	0.195298	7.117765	118.9976	372.2093	506.5662	594.6271	661.2177	733.9789	790.8536	866.4037	926.7302	984.7119	1045.699	1116.759	1178.076
509.9	0	0	0	0.195298	7.176589	118.7223	372.6823	506.5662	593.9353	661.5442	732.9095	791.1113	866.1261	925.5396	985.0296	1043.842	1115.507	1177.51
510	0	0	0	0.195298	7.235414	118.5158	373.1552	507.1879	593.54	661.5442	731.9589	790.8536	866.959	925.6884	983.4413	1044.686	1113.719	1177.51
510.1	0	0	0	0.195298	7.353063	118.5158	373.3917	507.8985	593.4412	661.9795	732.3154	790.4672	866.1261	925.3907	984.0767	1046.037	1114.077	1178.265
510.2	0	0	0	0.195298	7.470712	118.6535	372.6823	508.4315	593.1447	662.6324	732.4343	788.7924	865.9872	924.6467	983.2825	1044.517	1111.931	1177.887
510.3	0	0	0	0.195298	7.470712	118.6535	372.9976	508.3427	593.4412	662.306	731.8401	789.5654	865.8484	924.7955	983.759	1043.335	1112.11	1177.887
510.4	0	0	0	0.195298	7.411888	118.447	373.1552	508.0762	593.9353	662.0883	732.1966	789.9518	864.8766	925.0931	982.806	1042.829	1111.573	1175.621
510.5	0	0	0	0.195298	7.353063	118.3093	373.3129	507.1879	594.5282	662.6324	731.6025	790.0807	865.8484	925.2419	982.4884	1042.998	1111.573	1176.566
510.6	0	0	0	0.195298	7.411888	118.3782	372.6034	507.4544	593.9353	663.3942	731.0084	789.6942	866.1261	925.9861	982.1707	1043.673	1109.964	1177.132
510.7	0	0	0	0.195298	7.411888	118.1717	372.6034	507.632	593.54	662.4148	731.0084	789.9518	866.1261	926.1349	983.2825	1044.011	1109.606	1176.566
510.8	0	0	0	0.195298	7.411888	118.5846	372.7611	507.7209	594.0341	662.7412	729.7013	789.6942	864.599	927.3255	983.1237	1044.517	1108.354	1177.698
510.9	0	0	0	0.195298	7.470712	118.5158	372.9976	507.632	594.3306	661.8707	727.3248	789.5654	864.0437	926.1349	982.3296	1044.011	1107.46	1178.454
511	0	0	0	0.195298	7.353063	118.9976	372.9187	507.8097	594.3306	661.3265	726.6119	789.3077	864.3214	927.0278	982.9648	1044.18	1108.175	1179.02
511.1	0	0	0	0.195298	7.294239	118.6535	373.3129	507.4544	595.22	662.4148	726.8495	789.3077	864.3214	926.4326	982.3296	1044.18	1106.387	1179.964
511.2	0	0	0	0.195298	7.235414	118.5846	372.9187	506.5662	594.7259	661.9795	727.4436	790.2095	864.7379	926.879	981.6943	1043.842	1106.208	1180.531
511.3	0	0	0	0.195298	7.235414	118.447	372.5246	506.5662	594.8247	662.306	727.3248	790.4672	865.1543	926.5814	982.0119	1044.517	1105.851	1178.076
511.4	0	0	0	0.195298	7.235414	118.3782	372.2093	506.5662	594.6271	661.4354	726.493	790.3383	863.4884	926.5814	980.5825	1043.504	1106.03	1178.831
511.5	0	0	0	0.195298	7.294239	118.1717	371.8152	506.9214	594.0341	661.5442	726.8495	789.3077	862.7943	925.9861	979.1531	1042.829	1105.851	1178.265
511.6	0	0	0	0.195298	7.294239	118.3093	371.894	507.0103	593.9353	661.8707	726.6119	788.9213	863.9049	925.8372	978.3589	1043.335	1105.672	1176.943
511.7	0	0	0	0.195298	7.353063	118.034	371.8152	506.3885	595.0223	661.4354	725.4236	787.8907	864.3214	925.9861	977.7236	1042.491	1106.745	1176.377
511.8	0	0	0	0.195298	7.353063	118.3782	371.9728	505.9444	595.0223	661.8707	725.5424	787.3754	864.7379	925.9861	979.6296	1043.673	1108.354	1177.51
511.9	0	0	0	0.195298	7.353063	118.447	371.9728	505.5003	595.4177	661.5442	724.9483	786.3448	862.7943	926.4326	977.5648	1043.335	1108.712	1177.132
512	0	0	0	0.195298	7.411888	118.2405	371.5787	504.8785	594.8247	660.4559	725.6613	786.0872	861.9614	925.2419	976.1354	1042.829	1109.248	1175.244
512.1	0	0	0	0.195298	7.411888	118.2405	371.8152	503.8126	594.0341	659.6942	725.7801	786.4736	861.5449	925.9861	977.0884	1041.647	1109.427	1174.677
512.2	0	0	0	0.195298	7.411888	118.1717	371.894	504.1679	594.4294	659.803	725.0671	786.6024	861.1284	925.6884	976.4531	1040.972	1108.533	1175.244
512.3	0	0	0	0.195298	7.411888	118.5158	371.8152	503.3685	593.7376	660.4559	725.4236	786.6024	861.6837	925.5396	976.6119	1039.79	1107.639	1174.866
512.4	0	0	0	0.195298	7.411888	118.7223	371.6575	503.2797	594.4294	660.0206	725.4236	785.5718	862.1002	925.0931	976.7707	1038.946	1106.924	1173.544
512.5	0	0	0	0.195298	7.529537	118.447	371.1846	503.2797	594.3306	659.15	726.2554	785.9583	861.6837	923.9025	977.406	1038.608	1107.103	1173.922
512.6	0	0	0	0.195298	7.529537	118.3093	371.0269	502.1249	594.4294	658.6059	726.1365	786.7313	861.8225	924.7955	978.2001	1039.284	1108.712	1173.922
512.7	0	0	0	0.195298	7.470712	118.3782	370.8693	502.8355	594.3306	658.0618	727.4436	785.5718	863.072	923.7537	977.8825	1040.128	1107.997	1174.866
512.8	0	0	0	0.195298	7.411888	118.034	371.3423	502.4802	594.4294	658.3882	727.4436	784.7989	862.5167	922.7119	980.106	1039.959	1110.143	1175.244
512.9	0	0	0	0.195298	7.411888	117.9652	371.1846	503.7238	594.2318	659.0412	728.3942	784.7989	861.9614	923.3073	978.8354	1040.128	1110.321	1173.922
513	0	0	0	0.195298	7.411888	117.7587	371.4999	503.2797	593.7376	658.7147	727.9189	785.7007	861.1284	923.3073	978.2001	1039.79	1110.321	1172.411
513.1	0	0	0	0.195298	7.411888	117.6899	371.3423	503.2797	593.2435	658.7147	728.3942	785.7007	860.7119	923.6049	978.5178	1040.634	1109.07	1174.866
513.2	0	0	0	0.195298	7.353063	117.7587	371.4999	503.2797	593.4412	658.2794	728.8695	786.2159	861.1284	923.6049	979.3119	1041.141	1108.712	1174.111
513.3	0	0	0	0.195298	7.411888	117.8964	371.5787	503.5461	594.5282	659.0412	727.5624	786.3448	861.6837	924.0513	979.4707	1041.31	1109.427	1175.055
513.4	0	0	0	0.195298	7.411888	117.8276	371.8152	502.9243	594.4294	658.2794	727.5624	785.3142	861.5449	924.6467	979.6296	1040.634	1107.818	1173.167
513.5	0	0	0	0.195298	7.411888	118.034	371.7364	502.6579	594.8247	657.7353	727.4436	785.0565	862.9331	923.0096	978.5178	1040.465	1107.103	1173.355
513.6	0	0	0	0.195298	7.411888	118.1029	372.367	502.9243	595.6153	658.2794	728.0377	785.3142	863.3496	922.7119	977.7236	1040.465	1106.387	1172.034
513.7	0	0	0	0.195298	7.411888	118.1029	372.1305	502.8355	596.7024	658.2794	727.5624	785.0565	862.7943	922.7119	979.7884	1040.128	1106.924	1171.656
513.8	0	0	0	0.195298	7.411888	118.1717	372.2093	502.9243	596.4059	658.3882	727.4436	785.7007	863.072	923.1584	979.9472	1039.621	1106.387	1172.789
513.9	0	0	0	0.195298	7.353063	118.1717	372.367	502.8355	596.6035	659.15	727.8001	786.4736	861.8225	922.7119	978.9943	1040.128	1106.208	1172.223
514	0	0	0	0.195298	7.353063	118.034	372.5246	503.102	595.8129	659.4765	727.5624	785.9583	861.9614	922.5631	979.7884	1038.946	1106.566	1172.223
514.1	0	0	0	0.195298	7.353063	117.9652	373.0764	503.102	595.0223	659.4765	727.8001	785.9583	861.4061	920.926	978.5178	1037.427	1107.46	1173.733
514.2	0	0	0	0.195298	7.294239	118.1717	372.9976	504.7008	595.0223	658.8235	726.8495	786.2159	860.1566	922.2654	978.0413	1038.44	1107.281	1174.488
514.3	0	0	0	0.195298	7.235414	118.1717	372.7611	504.8785	594.3306	659.15	727.4436	785.9583	861.1284	922.7119	976.2943	1038.946	1106.924	1174.3
514.4	0	0	0	0.195298	7.235414	118.3093	372.2093	504.2567	594.8247	659.5853	727.0872	785.7007	860.5731	922.4143	976.6119	1038.271	1106.387	1173.733
514.5	0	0	0	0.195298	7.176589	117.9652	372.6034	503.9902	594.9235	659.6942	727.206	785.1854	859.6013	921.819	976.6119	1038.777	1107.46	1174.3
514.6	0	0	0	0.195298	7.176589	118.034	372.6823	503.7238	594.8247	659.803	726.493	784.9277	859.1849	922.4143	976.4531	1038.946	1106.566	1172.789
514.7	0	0	0	0.195298	7.176589	118.1029	373.1552	503.6349	596.0106	660.2383	726.0177	784.67	859.1849	922.4143	975.6589	1039.959	1106.387	1172.978
514.8	0	0	0	0.195298	7.235414	117.8964	372.9187	503.9014	595.6153	659.803	725.0671	785.443	858.2131	921.819	977.0884	1039.453	1105.851	1173.922
514.9	0	0	0	0.195298	7.235414	118.1029	372.7611	503.7238	595.22	660.4559	724.2354	785.5718	859.046	921.5214	975.3413	1039.79	1107.281	1174.3
515	0	0	0	0.195298	7.176589	118.447	372.9976	503.7238	595.0223	659.3677	724.7106	785.3142	859.3237	923.6049	975.8177	1039.959	1106.03	1172.034
515.1	0	0	0	0.195298	7.294239	118.5846	372.9976	503.8126	594.6271	659.0412	723.9977	785.7007	859.6013	922.7119	976.1354	1041.141	1106.208	1170.712
515.2	0	0	0	0.195298	7.176589	118.6535	373.3917	503.5461	594.4294	658.3882	723.166	785.7007	860.1566	921.5214	977.406	1040.465	1104.778	1169.579
515.3	0	0	0	0.195298	7.117765	118.447	373.6281	503.102	593.7376	658.6059	723.9977	785.3142	860.4343	921.6702	976.2943	1039.959	1106.566	1169.39
515.4	0	0	0	0.195298	7.117765	118.1029	373.3129	503.1908	594.1329	658.7147	724.2354	786.6024	860.2955	921.2237	976.7707	1039.621	1105.672	1169.201
515.5	0	0	0	0.195298	7.058941	118.1029	373.3129	503.9902	594.0341	657.9529	723.7601	786.7313	860.4343	920.4796	978.8354	1039.284	1104.778	1169.768
515.6	0	0	0	0.195298	7.000116	117.9652	374.1011	504.0791	593.8364	658.1706	722.8094	785.5718	860.7119	921.2237	978.5178	1037.595	1104.241	1170.523
515.7	0	0	0	0.195298	7.058941	118.1717	374.0223	503.9014	594.6271	658.6059	722.6906	786.3448	860.9896	921.6702	979.4707	1036.583	1104.42	1171.467
515.8	0	0	0	0.195298	7.058941	118.1029	373.8646	503.8126	595.22	659.15	722.6906	787.1177	862.1002	922.5631	978.2001	1036.414	1103.168	1170.146
515.9	0	0	0	0.195298	7.058941	117.8276	373.234	503.3685	593.9353	660.4559	724.2354	786.8601	862.6555	922.2654	977.8825	1035.907	1104.063	1171.09
516	0	0	0	0.2441225	7.117765	117.7587	373.3917	504.3456	594.6271	659.803	724.9483	787.2466	862.5167	922.7119	975.8177	1035.738	1102.99	1172.411
516.1	0	0	0	0.2441225	7.117765	117.2081	373.6281	504.612	594.4294	659.5853	723.9977	786.6024	863.2108	923.0096	975.9766	1035.401	1104.957	1171.278
516.2	0	0	0	0.2441225	7.058941	117.277	373.5493	504.4344	594.8247	660.0206	724.8295	786.6024	863.6273	923.6049	975.6589	1034.05	1103.884	1170.712
516.3	0	0	0	0.2441225	7.117765	117.4146	372.6034	504.7897	595.0223	658.1706	723.9977	786.6024	861.8225	923.3073	975.8177	1035.063	1102.453	1170.712
516.4	0	0	0	0.2441225	7.000116	117.0017	372.8399	504.7008	594.4294	658.1706	723.8789	786.8601	861.9614	923.6049	976.1354	1035.569	1102.095	1171.278
516.5	0	0	0	0.2441225	7.000116	116.864	373.3917	504.612	594.9235	658.2794	725.3048	785.9583	861.9614	923.3073	976.7707	1035.401	1102.453	1171.278
516.6	0	0	0	0.2441225	7.000116	116.864	373.0764	503.9902	594.6271	657.4088	726.493	784.67	861.6837	923.0096	976.7707	1034.725	1102.453	1172.034
516.7	0	0	0	0.2441225	7.000116	117.0705	372.367	503.3685	594.5282	657.4088	726.9683	784.67	861.6837	922.5631	976.4531	1035.907	1100.307	1172.789
516.8	0	0	0	0.2441225	7.000116	117.3458	372.4458	502.7467	594.1329	658.7147	726.9683	783.3818	861.9614	921.819	976.9295	1036.245	1102.632	1172.223
516.9	0	0	0	0.2441225	7.058941	117.1393	371.9728	502.9243	593.9353	658.2794	727.5624	782.9954	860.2955	921.2237	976.4531	1035.907	1104.063	1170.901
517	0	0	0	0.2441225	7.000116	117.1393	371.2634	502.6579	593.0458	658.8235	726.493	782.8665	859.4625	921.3725	976.4531	1035.907	1104.241	1170.523
517.1	0	0	0	0.2441225	7.000116	116.6575	371.1058	502.9243	592.947	659.803	726.0177	783.3818	859.7402	921.2237	976.7707	1036.751	1102.811	1170.712
517.2	0	0	0	0.2441225	7.000116	116.6575	371.3423	503.1908	593.6388	660.1295	725.8989	784.5413	860.1566	920.926	975.3413	1036.414	1102.095	1170.146
517.3	0	0	0	0.2441225	7.117765	116.864	371.1058	503.0132	593.6388	659.2589	725.5424	784.1548	859.3237	920.4796	973.2766	1035.569	1103.347	1171.09
517.4	0	0	0	0.2441225	7.176589	116.7952	371.4999	503.4573	593.8364	659.15	723.6412	784.4124	859.1849	920.4796	975.0236	1035.907	1104.42	1171.467
517.5	0	0	0	0.2441225	7.235414	116.3822	371.1058	502.2137	592.8482	658.2794	723.0471	784.2836	858.0743	920.6284	973.2766	1035.401	1104.778	1171.467
517.6	0	0	0	0.2441225	7.235414	116.1758	371.2634	503.1908	592.947	658.0618	723.2848	784.2836	857.9354	920.3307	972.3236	1035.738	1104.957	1171.467
517.7	0	0	0	0.2441225	7.235414	115.9005	370.7116	502.4802	592.7494	658.1706	724.3542	783.8971	858.2131	919.7355	971.8472	1036.751	1105.672	1169.957
517.8	0	0	0	0.2441225	7.235414	116.0381	370.554	503.0132	593.0458	657.8441	723.5224	782.9954	856.5472	920.4796	972.8001	1036.92	1105.493	1168.257
517.9	0	0	0	0.2441225	7.235414	116.1758	370.554	502.2137	593.0458	658.1706	724.3542	782.6089	856.2695	919.5866	972.8001	1036.751	1104.778	1168.635
518	0	0	0	0.2441225	7.235414	116.3822	370.7905	502.2137	592.5518	657.6265	724.2354	782.3512	855.9919	920.926	974.3884	1037.764	1104.241	1166.558
518.1	0	0	0	0.2441225	7.235414	116.4511	371.3423	501.3255	592.0576	657.8441	723.5224	781.9647	855.1589	920.0331	974.8648	1038.102	1105.135	1166.369
518.2	0	0	0	0.292947	7.235414	116.5887	371.5787	501.8585	592.1564	657.8441	723.8789	782.3512	856.686	920.1819	973.7531	1037.764	1105.851	1166.369
518.3	0	0	0	0.292947	7.235414	116.6575	372.4458	501.9473	592.7494	656.5383	722.9283	782.2224	855.2978	920.3307	974.3884	1037.427	1105.493	1166.935
518.4	0	0	0	0.292947	7.235414	116.6575	372.8399	501.592	592.5518	657.3	721.9777	782.8665	855.5754	920.7772	975.5001	1037.595	1106.03	1166.18
518.5	0	0	0	0.292947	7.235414	116.1069	372.367	501.7696	593.4412	657.4088	722.5718	783.3818	853.9095	920.4796	975.3413	1036.751	1102.811	1166.369
518.6	0	0	0	0.292947	7.235414	116.1069	372.367	501.2367	594.0341	657.1912	722.2153	783.5106	854.8813	920.6284	975.6589	1037.427	1103.168	1165.236
518.7	0	0	0	0.292947	7.235414	116.2446	372.6823	501.4143	593.8364	656.8647	720.3141	782.8665	855.7142	921.6702	976.1354	1036.751	1103.526	1165.425
518.8	0	0	0	0.292947	7.235414	116.3822	372.9976	501.4143	593.2435	657.0823	721.0271	784.1548	855.0201	921.0749	975.9766	1036.076	1102.453	1165.047
518.9	0	0	0	0.292947	7.235414	116.5887	373.4705	501.5031	592.3541	657.6265	720.6707	783.5106	854.6036	919.8843	976.1354	1036.751	1101.917	1166.18
519	0	0	0	0.292947	7.235414	116.7264	373.707	501.1479	592.7494	656.9735	721.3835	784.0259	855.2978	919.1401	975.6589	1037.258	1099.592	1165.991
519.1	0	0	0	0.292947	7.176589	116.6575	373.3917	501.1479	592.7494	656.5383	721.7401	783.6395	854.6036	918.9913	974.8648	1036.583	1099.234	1166.747
519.2	0	0	0	0.292947	7.117765	116.3822	373.1552	501.1479	592.8482	656.2118	721.7401	782.7377	854.326	920.3307	975.0236	1037.427	1097.982	1165.802
519.3	0	0	0	0.292947	7.117765	116.3822	373.234	501.3255	592.4529	656.103	722.8094	784.2836	853.3542	919.4378	974.5472	1036.245	1097.804	1164.292
519.4	0	0	0	0.292947	7.058941	116.3134	373.3917	500.5261	592.4529	655.7765	721.6212	784.5413	853.6319	919.1401	973.1177	1035.232	1098.34	1162.593
519.5	0	0	0	0.292947	7.058941	116.3822	373.3129	500.4373	591.86	656.5383	722.8094	784.67	854.4648	917.6519	973.5942	1034.725	1097.982	1161.648
519.6	0	0	0	0.292947	7.058941	116.1069	372.8399	499.9931	592.1564	656.3206	722.3342	784.4124	854.0483	917.2054	973.1177	1035.738	1098.161	1162.781
519.7	0	0	0	0.292947	7.117765	116.1758	372.2881	499.9043	591.6623	655.8853	722.453	784.9277	854.0483	917.8007	973.4354	1035.738	1095.837	1164.481
519.8	0	0	0	0.292947	7.058941	116.1069	372.1305	500.1708	591.6623	654.9059	722.0965	784.0259	855.1589	918.5449	973.7531	1034.725	1096.015	1163.725
519.9	0	0	0	0.292947	7.000116	115.9693	371.8152	500.1708	591.86	655.2324	721.9777	783.1241	855.1589	917.6519	972.6413	1036.751	1096.015	1162.97
520	0	0	0	0.292947	7.000116	116.2446	371.5787	500.1708	592.1564	655.8853	721.9777	782.6089	855.0201	917.2054	972.3236	1035.907	1095.121	1163.725
520.1	0	0	0	0.292947	7.000116	116.5199	371.2634	500.6149	592.3541	655.3412	720.6707	781.8359	854.8813	916.9078	971.6884	1035.907	1094.764	1164.103
520.2	0	0	0	0.292947	7.000116	116.4511	370.9481	500.9702	593.4412	654.7971	720.3141	782.6089	854.7425	916.0148	970.8942	1036.92	1095.3	1165.236
520.3	0	0	0	0.292947	7.000116	116.3822	371.8152	502.0361	593.6388	654.6882	719.3636	784.0259	854.1872	916.759	971.2119	1035.738	1096.373	1165.047
520.4	0	0	0	0.292947	7.058941	116.4511	371.9728	502.2137	594.1329	654.6882	719.9577	784.1548	853.7707	916.0148	972.3236	1035.738	1097.804	1164.858
520.5	0	0	0	0.292947	7.058941	116.5887	371.4211	501.8585	593.4412	654.5794	719.6012	783.6395	854.326	916.1636	972.006	1036.583	1100.844	1166.747
520.6	0	0	0	0.292947	7.058941	116.7264	371.6575	502.1249	592.4529	655.1235	719.4824	782.6089	854.326	915.7172	971.3707	1036.076	1100.307	1165.614
520.7	0	0	0	0.292947	7.058941	116.4511	371.9728	502.1249	591.4647	654.6882	720.3141	782.8665	854.4648	914.8242	971.3707	1036.245	1099.234	1164.292
520.8	0	0	0	0.292947	7.117765	116.5887	372.6823	501.5031	591.86	655.6677	720.433	782.9954	854.4648	914.2289	970.2589	1035.738	1101.201	1164.858
520.9	0	0	0	0.292947	7.176589	116.6575	372.6034	500.9702	591.1682	655.6677	720.9083	782.2224	853.493	912.8895	972.1648	1034.725	1100.486	1165.991
521	0	0	0	0.292947	7.176589	116.5887	372.2881	501.059	591.5635	657.0823	720.3141	780.1612	852.6601	912.8895	971.053	1035.063	1100.844	1165.991
521.1	0	0	0	0.292947	7.176589	116.3822	372.2093	501.5031	590.4764	656.3206	720.1953	780.8053	852.9377	913.336	969.9413	1033.881	1100.307	1165.047
521.2	0	0	0	0.292947	7.117765	116.2446	371.3423	501.4143	589.587	656.103	720.5518	781.063	853.9095	913.0383	971.053	1034.05	1100.307	1165.614
521.3	0	0	0	0.292947	7.117765	116.2446	371.4999	501.5031	588.9941	657.5176	719.6012	780.6765	853.2154	912.5919	970.5765	1035.063	1100.128	1164.103
521.4	0	0	0	0.292947	7.117765	116.3822	371.5787	500.6149	588.9941	657.6265	719.0071	781.3206	853.2154	911.9966	971.053	1034.557	1098.519	1165.236
521.5	0	0	0	0.292947	7.117765	116.4511	371.7364	501.1479	589.2905	656.8647	717.5812	781.3206	853.2154	913.4848	971.5295	1034.557	1098.877	1165.236
521.6	0	0	0	0.2441225	7.000116	116.2446	371.4999	501.059	589.7847	656.4294	718.0565	780.4189	852.799	914.2289	971.3707	1034.219	1098.698	1165.425
521.7	0	0	0	0.2441225	6.941292	116.1758	371.7364	501.4143	590.0811	655.3412	718.2941	780.1612	851.966	914.6754	972.1648	1033.544	1097.625	1165.236
521.8	0	0	0	0.2441225	6.941292	116.3822	371.4999	501.592	589.8835	655.2324	718.8882	780.4189	851.8271	913.7825	971.053	1034.725	1097.267	1167.88
521.9	0	0	0	0.2441225	7.000116	116.5887	371.7364	501.592	588.5988	655.1235	718.8882	780.8053	851.6884	913.6337	970.7354	1033.712	1096.194	1166.935
522	0	0	0	0.2441225	7.000116	116.864	371.894	502.3026	587.907	654.7971	719.0071	781.8359	851.966	913.1872	969.9413	1032.531	1096.731	1165.047
522.1	0	0	0	0.2441225	6.941292	117.0017	372.0517	501.3255	587.5117	654.3618	718.8882	781.5782	852.5213	912.8895	968.9883	1033.037	1096.373	1165.614
522.2	0	0	0	0.2441225	6.823643	117.0705	372.2093	500.082	587.4128	653.6	718.6506	781.8359	852.799	912.5919	969.306	1032.193	1095.121	1166.18
522.3	0	0	0	0.2441225	6.823643	117.2081	371.6575	499.9043	587.2152	653.6	719.72	782.2224	853.493	912.8895	969.6236	1032.868	1093.691	1165.802
522.4	0	0	0	0.2441225	6.823643	117.4834	371.2634	500.1708	586.9188	653.2735	719.4824	780.9341	852.6601	913.1872	969.4648	1032.531	1093.333	1165.991
522.5	0	0	0	0.2441225	6.823643	117.277	370.6328	500.2596	586.4246	653.4911	719.3636	780.29	853.0766	914.5266	967.8765	1032.362	1095.658	1165.991
522.6	0	0	0	0.2441225	6.823643	117.277	370.7116	500.3484	586.7211	653.8176	719.3636	780.1612	853.6319	914.5266	968.6707	1031.855	1097.088	1166.747
522.7	0	0	0	0.2441225	6.882467	117.0705	371.1846	500.8814	587.5117	653.0558	717.9377	779.2595	853.493	914.3777	966.606	1031.349	1097.446	1166.18
522.8	0	0	0	0.2441225	6.823643	117.0017	371.1846	500.6149	587.4128	653.1647	717.9377	779.9036	853.0766	914.2289	966.1295	1032.193	1097.625	1166.18
522.9	0	0	0	0.2441225	6.823643	117.0017	371.8152	501.3255	587.8082	652.7294	717.8188	780.6765	853.6319	914.5266	965.9706	1030.674	1097.267	1165.047
523	0	0	0	0.2441225	6.882467	116.9328	372.367	501.4143	588.3023	652.6205	718.5318	781.9647	853.493	914.8242	966.2883	1030.842	1098.161	1165.991
523.1	0	0	0	0.2441225	6.941292	116.7952	372.4458	500.3484	588.4999	652.6205	718.413	781.7071	852.799	913.9313	966.2883	1031.011	1096.731	1166.18
523.2	0	0	0	0.2441225	7.000116	116.5887	371.7364	500.082	588.4999	652.8382	717.8188	780.6765	852.3824	914.3777	965.4941	1030.505	1097.446	1165.047
523.3	0	0	0	0.2441225	6.941292	116.4511	371.6575	499.2825	588.5988	653.6	717.1059	781.063	852.1048	914.9731	965.1765	1031.855	1097.088	1165.425
523.4	0	0	0	0.2441225	6.823643	116.1758	371.9728	499.4602	588.8952	654.2529	717.1059	781.9647	852.6601	914.6754	965.9706	1030.842	1097.088	1165.614
523.5	0	0	0	0.2441225	7.000116	116.5199	371.894	500.5261	587.4128	654.4706	717.3436	782.0936	853.493	916.1636	965.653	1030.336	1096.731	1165.236
523.6	0	0	0	0.2441225	6.941292	116.5199	372.2093	499.9931	587.8082	654.4706	718.6506	782.3512	852.9377	914.3777	963.5883	1030.842	1096.373	1165.991
523.7	0	0	0	0.2441225	6.941292	116.7264	372.2881	499.7267	587.6105	653.8176	718.413	782.3512	853.7707	915.866	963.5883	1030.167	1096.015	1165.802
523.8	0	0	0	0.195298	6.941292	117.0017	371.9728	500.082	588.4999	653.3823	718.0565	781.7071	853.0766	915.7172	965.1765	1030.674	1095.658	1166.369
523.9	0	0	0	0.195298	6.941292	117.0705	371.7364	500.082	588.7964	654.1441	718.7694	781.8359	851.6884	916.3125	965.1765	1030.674	1094.943	1167.313
524	0	0	0	0.195298	6.941292	117.0017	371.3423	500.4373	589.1917	653.7088	718.7694	782.0936	851.8271	916.759	963.2706	1031.18	1094.764	1166.935
524.1	0	0	0	0.195298	6.941292	116.5887	371.0269	499.7267	589.2905	652.7294	717.4623	782.3512	850.8554	915.7172	963.7471	1032.868	1093.87	1165.991
524.2	0	0	0	0.195298	6.941292	116.7952	370.9481	499.7267	589.7847	653.0558	718.2941	781.4495	850.9942	916.0148	963.7471	1032.024	1094.764	1164.103
524.3	0	0	0	0.195298	6.941292	116.5887	369.9234	500.5261	589.2905	653.1647	718.1753	780.9341	851.2719	915.5684	964.2236	1032.868	1093.333	1162.97
524.4	0	0	0	0.195298	6.941292	116.5887	369.3716	500.082	588.5988	653.2735	717.5812	781.7071	851.4107	915.5684	965.0177	1033.712	1093.333	1163.914
524.5	0	0	0	0.195298	6.882467	116.5199	369.8446	500.2596	588.4999	654.1441	718.7694	780.4189	851.4107	914.6754	966.7648	1032.362	1092.618	1162.97
524.6	0	0	0	0.195298	6.882467	116.6575	369.4505	500.8814	587.7094	654.4706	717.5812	779.5171	852.9377	915.2707	965.9706	1031.518	1092.26	1161.271
524.7	0	0	0	0.195298	6.823643	116.6575	369.9234	500.1708	587.907	654.1441	718.6506	779.6459	853.3542	915.5684	964.8589	1031.855	1091.724	1160.327
524.8	0	0	0	0.195298	6.823643	116.7264	369.3716	500.4373	587.7094	653.6	719.4824	779.0018	853.2154	916.759	964.0648	1031.18	1091.187	1159.76
524.9	0	0	0	0.195298	6.823643	116.864	369.6081	499.8155	588.8952	653.1647	719.8389	779.1306	852.3824	916.6101	964.8589	1032.531	1092.26	1159.949
525	0	0	0	0.195298	6.823643	116.864	369.4505	499.4602	589.2905	652.6205	719.9577	779.0018	851.6884	915.4196	963.9059	1033.206	1090.829	1161.271
525.1	0	0	0	0.195298	6.705994	117.1393	369.6081	499.7267	589.0929	652.4029	718.7694	778.4865	850.7166	915.7172	965.1765	1032.699	1090.651	1161.271
525.2	0	0	0	0.195298	6.705994	117.0017	369.6869	499.2825	588.9941	653.3823	717.7	778.7441	850.8554	914.0801	964.2236	1033.881	1091.008	1162.026
525.3	0	0	0	0.195298	6.647169	117.2081	369.8446	498.7496	589.0929	653.7088	718.413	778.2288	851.2719	914.3777	963.4294	1032.362	1091.008	1161.648
525.4	0	0	0	0.195298	6.647169	117.3458	369.6869	498.3943	589.6859	653.4911	717.2247	779.3882	851.1331	914.3777	964.0648	1031.687	1090.114	1161.837
525.5	0	0	0	0.195298	6.588345	117.277	368.741	498.6608	589.2905	653.0558	717.8188	777.9712	850.3001	913.6337	963.5883	1032.024	1090.114	1160.893
525.6	0	0	0	0.195298	6.588345	117.277	368.9775	498.3055	589.1917	652.7294	718.2941	777.9712	849.0507	913.9313	964.5412	1032.531	1090.651	1160.893
525.7	0	0	0	0.195298	6.588345	117.4146	368.8987	498.3943	590.5753	652.2941	719.1259	777.1982	849.8836	913.7825	964.2236	1033.037	1092.26	1160.327
525.8	0	0	0	0.195298	6.647169	117.0705	368.1893	497.5949	590.3776	652.1852	718.413	776.6829	849.7448	914.0801	965.0177	1033.544	1091.724	1160.704
525.9	0	0	0	0.195298	6.647169	117.4834	368.3469	498.2166	590.5753	652.1852	717.9377	776.2964	848.773	914.8242	965.0177	1034.05	1091.366	1160.138
526	0	0	0	0.195298	6.705994	117.277	367.7163	499.0161	590.7729	652.5117	717.4623	776.2964	848.2177	914.6754	966.1295	1034.557	1090.293	1158.438
526.1	0	0	0	0.195298	6.705994	117.4834	367.4799	499.1049	590.8717	651.8588	718.1753	776.1677	848.3566	915.4196	965.4941	1033.037	1091.187	1159.571
526.2	0	0	0	0.195298	6.764818	117.277	367.4799	498.3943	592.0576	651.4235	716.7494	775.91	848.0789	915.1219	964.8589	1032.362	1091.187	1158.816
526.3	0	0	0	0.195298	6.764818	117.4146	367.0857	498.2166	591.3658	652.947	716.1553	774.7505	847.3848	914.9731	965.4941	1030.505	1090.651	1157.494
526.4	0	0	0	0.195298	6.764818	117.6211	366.6128	498.3055	590.0811	653.1647	716.8682	774.4929	848.2177	915.4196	965.8118	1029.323	1089.757	1159.949
526.5	0	0	0	0.195298	6.705994	117.5523	366.7704	498.2166	590.0811	653.2735	716.6306	774.2353	848.6342	915.1219	965.9706	1028.817	1090.114	1159.949
526.6	0	0	0	0.195298	6.705994	117.4834	366.6916	498.2166	589.7847	652.947	717.2247	775.7812	847.5236	914.6754	966.2883	1030.167	1090.293	1159.571
526.7	0	0	0	0.195298	6.647169	117.4834	366.1398	498.3943	589.4882	651.6411	716.9871	776.1677	847.9401	914.5266	966.2883	1029.323	1090.114	1157.305
526.8	0	0	0	0.195298	6.588345	117.4146	365.8245	497.8614	589.587	651.6411	717.4623	777.0694	847.6624	913.9313	965.4941	1028.817	1090.472	1157.494
526.9	0	0	0	0.195298	6.588345	116.9328	365.6669	497.9502	589.587	651.8588	717.7	776.9406	848.3566	913.7825	965.1765	1029.829	1090.293	1158.816
527	0	0	0	0.195298	6.588345	117.0017	365.5092	497.9502	589.587	650.8794	716.8682	777.4559	849.4672	914.0801	965.9706	1029.492	1090.114	1156.928
527.1	0	0	0	0.195298	6.588345	117.1393	365.7457	497.6837	590.4764	650.9882	716.7494	776.6829	850.1613	913.9313	966.2883	1029.492	1090.651	1157.683
527.2	0	0	0	0.195298	6.588345	117.4146	365.5092	497.4172	589.2905	650.3353	716.9871	777.1982	850.1613	912.7407	966.9236	1029.154	1091.902	1157.305
527.3	0	0	0	0.195298	6.647169	117.3458	365.9822	497.506	589.7847	650.3353	716.3929	777.0694	850.9942	911.2524	967.2412	1029.492	1092.26	1157.494
527.4	0	0	0	0.195298	6.705994	117.9652	365.9822	497.6837	590.4764	649.6823	716.0365	777.0694	852.5213	911.5501	967.0824	1029.492	1092.439	1157.117
527.5	0	0	0	0.195298	6.705994	117.7587	366.4551	498.1278	590.3776	649.247	715.9177	777.5847	851.6884	912.4431	966.9236	1029.154	1092.26	1157.872
527.6	0	0	0	0.195298	6.764818	117.9652	366.2975	496.7066	589.7847	649.5735	717.1059	777.8423	851.2719	912.5919	966.9236	1031.518	1091.545	1159.005
527.7	0	0	0	0.195298	6.764818	118.1717	366.3763	496.2625	589.2905	649.7911	717.4623	777.9712	851.5495	912.8895	966.2883	1030.674	1093.512	1158.438
527.8	0	0	0	0.195298	6.764818	118.034	366.4551	495.5519	589.2905	649.5735	717.3436	777.9712	852.1048	913.7825	965.4941	1030.336	1093.512	1157.872
527.9	0	0	0	0.195298	6.823643	118.034	366.6128	494.7525	589.9823	650.0088	715.3235	778.4865	851.4107	914.6754	966.4471	1029.998	1094.048	1158.816
528	0	0	0	0.195298	6.823643	117.5523	366.7704	495.1078	589.7847	649.9	715.5612	779.3882	851.4107	914.0801	966.7648	1029.492	1094.585	1159.76
528.1	0	0	0	0.195298	6.882467	117.8964	366.6128	495.4631	589.3893	649.6823	714.4918	779.6459	850.7166	914.2289	967.2412	1028.817	1094.585	1161.271
528.2	0	0	0	0.195298	6.882467	117.7587	366.6128	495.1966	588.4999	650.2264	714.6106	778.7441	850.3001	914.0801	966.606	1027.297	1093.87	1160.893
528.3	0	0	0	0.195298	6.823643	117.1393	366.1398	495.5519	588.2034	650.1176	714.8482	777.8423	850.8554	914.3777	964.8589	1027.297	1092.439	1160.515
528.4	0	0	0	0.195298	6.823643	117.2081	365.6669	495.6407	588.4011	650.6617	714.4918	777.5847	850.1613	913.6337	962.953	1027.128	1093.333	1159.382
528.5	0	0	0	0.195298	6.764818	117.277	364.6422	495.9072	589.2905	650.4441	714.7294	776.8118	850.7166	913.336	964.2236	1026.622	1092.439	1158.816
528.6	0	0	0	0.195298	6.823643	117.6211	365.1151	496.4402	589.7847	650.1176	713.66	775.7812	850.5778	912.2942	964.8589	1027.297	1091.366	1158.438
528.7	0	0	0	0.195298	6.764818	117.6899	365.6669	495.996	590.3776	649.5735	713.3035	775.6523	850.5778	911.8477	965.0177	1027.635	1090.114	1158.438
528.8	0	0	0	0.195298	6.764818	117.5523	365.9034	496.1737	591.267	649.5735	712.7094	775.5235	850.7166	910.806	963.9059	1026.284	1090.472	1157.872
528.9	0	0	0	0.195298	6.705994	117.6899	366.2187	496.4402	591.3658	649.7911	712.5906	775.0082	850.5778	910.6572	964.8589	1026.284	1090.651	1158.25
529	0	0	0	0.195298	6.705994	117.4146	366.1398	496.7066	591.3658	650.0088	712.5906	774.3641	851.6884	910.5083	965.1765	1027.128	1091.187	1158.25
529.1	0	0	0	0.195298	6.764818	117.277	366.2975	496.1737	590.7729	650.5529	712.3529	773.9776	853.0766	909.913	964.5412	1026.622	1089.935	1159.194
529.2	0	0	0	0.195298	6.764818	117.4146	366.6916	496.2625	590.4764	650.6617	712.3529	775.7812	853.493	909.3177	965.0177	1027.297	1090.472	1158.816
529.3	0	0	0	0.195298	6.823643	117.3458	366.5339	496.1737	590.6741	651.3146	711.9965	775.5235	851.8271	909.1689	964.3824	1027.804	1088.862	1159.005
529.4	0	0	0	0.195298	6.764818	117.4834	366.6916	496.2625	590.0811	650.9882	712.5906	775.2659	851.1331	909.6154	964.0648	1026.622	1087.611	1158.438
529.5	0	0	0	0.195298	6.764818	117.4146	366.1398	496.1737	590.0811	650.7706	713.3035	775.91	850.8554	908.2759	963.7471	1025.778	1086.717	1159.949
529.6	0	0	0	0.195298	6.705994	117.4834	366.061	496.3513	590.0811	649.6823	713.7788	775.91	851.4107	909.1689	964.8589	1025.44	1087.789	1159.005
529.7	0	0	0	0.195298	6.705994	117.3458	366.4551	497.1508	589.1917	649.247	714.3729	775.7812	850.9942	908.5736	964.0648	1025.102	1086.717	1158.25
529.8	0	0	0	0.195298	6.764818	117.3458	366.2975	497.3284	588.3023	648.5941	713.4223	776.0388	850.5778	907.2342	962.3177	1024.596	1087.968	1158.627
529.9	0	0	0	0.195298	6.764818	117.5523	365.1151	497.9502	588.0058	648.5941	713.3035	776.2964	850.0225	906.3412	962.6353	1025.102	1087.789	1158.438
530	0	0	0	0.195298	6.882467	117.6899	365.8245	497.2396	588.3023	647.9411	712.4717	775.5235	849.7448	906.6389	962.7941	1026.453	1086.359	1157.683
530.1	0	0	0	0.195298	6.823643	117.6899	365.7457	497.1508	588.3023	646.744	712.4717	776.1677	850.1613	906.4901	962	1026.959	1086.18	1156.928
530.2	0	0	0	0.195298	6.882467	117.6899	366.1398	496.4402	587.5117	646.5264	711.8776	776.2964	851.1331	907.6807	963.7471	1025.778	1086.717	1156.55
530.3	0	0	0	0.195298	6.882467	117.8964	366.4551	496.6178	587.0176	646.744	711.64	776.2964	850.4389	907.8295	964.7001	1024.765	1086.895	1156.55
530.4	0	0	0	0.195298	6.882467	118.034	366.4551	497.2396	586.7211	645.9822	711.0458	775.3947	850.4389	908.1271	963.7471	1025.44	1086.538	1155.984
530.5	0	0	0	0.195298	6.823643	118.034	366.7704	496.0849	586.9188	646.3087	711.64	775.3947	850.5778	906.9365	964.8589	1025.609	1087.968	1156.172
530.6	0	0	0	0.195298	6.823643	117.8276	366.8492	495.1078	586.4246	646.744	710.5706	775.0082	850.0225	908.2759	963.9059	1025.609	1088.684	1158.627
530.7	0	0	0	0.195298	6.823643	117.5523	366.7704	495.1966	585.8317	646.6352	711.0458	775.0082	849.3283	907.6807	962.4765	1027.297	1089.757	1156.739
530.8	0	0	0	0.195298	6.823643	117.4834	367.401	494.9301	585.5352	646.8528	711.7588	773.9776	850.3001	906.7877	962.4765	1027.297	1088.862	1156.739
530.9	0	0	0	0.195298	6.823643	117.4146	367.1646	494.8413	585.7328	646.744	710.6894	773.0759	849.0507	906.7877	961.6824	1027.297	1090.114	1158.061
531	0	0	0	0.195298	6.823643	117.4146	367.401	495.3743	586.5234	647.8323	710.2141	773.0759	849.0507	906.6389	961.2059	1025.778	1089.399	1157.305
531.1	0	0	0	0.195298	6.823643	117.4146	367.4799	495.8184	586.4246	648.2676	710.3329	773.5911	848.9119	906.7877	960.0941	1026.791	1089.935	1156.361
531.2	0	0	0	0.195298	6.823643	117.3458	367.5587	495.7296	586.3258	647.8323	710.4517	773.3335	847.5236	907.9783	961.0471	1026.959	1088.326	1155.04
531.3	0	0	0	0.195298	6.882467	117.2081	367.2434	495.7296	586.1281	648.3764	710.927	773.0759	848.773	908.4248	961.0471	1027.635	1086.717	1155.04
531.4	0	0	0	0.195298	6.882467	117.1393	366.9281	495.2854	586.227	647.7234	710.8082	773.3335	847.3848	908.4248	960.8882	1026.622	1088.147	1153.151
531.5	0	0	0	0.195298	6.823643	117.5523	366.2975	495.4631	586.5234	647.8323	712.3529	773.4623	848.0789	907.9783	961.5236	1026.284	1086.538	1152.207
531.6	0	0	0	0.195298	6.823643	117.2081	366.2975	495.9072	586.1281	647.2881	712.8282	772.4318	849.0507	906.9365	960.8882	1025.44	1084.928	1153.906
531.7	0	0	0	0.195298	6.882467	117.277	365.9822	495.996	586.5234	647.0705	713.7788	773.2047	847.5236	906.9365	961.3647	1025.609	1084.213	1153.718
531.8	0	0	0	0.195298	6.882467	117.4146	365.6669	495.6407	585.634	648.0499	713.3035	772.4318	848.4954	907.383	961.6824	1024.934	1083.319	1153.529
531.9	0	0	0	0.195298	6.823643	117.7587	366.6916	496.0849	584.8434	649.0294	713.4223	772.0453	847.1071	906.6389	960.2529	1024.934	1082.425	1152.962
532	0	0	0	0.195298	6.764818	117.8276	366.3763	495.9072	584.8434	649.1382	714.3729	772.0453	846.6907	907.6807	960.4118	1023.752	1083.677	1153.529
532.1	0	0	0	0.195298	6.764818	117.7587	366.8492	495.7296	584.4481	649.1382	713.3035	772.6894	846.9683	907.6807	960.4118	1024.427	1083.498	1154.473
532.2	0	0	0	0.195298	6.882467	117.4834	367.2434	495.7296	583.6575	649.247	714.0165	773.2047	846.6907	907.8295	959.6177	1023.752	1082.067	1154.473
532.3	0	0	0	0.195298	6.882467	117.4834	367.4799	495.996	583.8552	648.3764	713.4223	774.1064	845.9965	907.383	958.6647	1023.076	1082.246	1153.718
532.4	0	0	0	0.195298	7.000116	117.5523	367.874	495.9072	584.0529	649.6823	713.1847	775.137	845.5801	906.1924	959.4589	1022.57	1082.782	1153.718
532.5	0	0	0	0.195298	7.000116	117.6899	367.6375	496.0849	583.4599	649.6823	712.4717	774.4929	845.8577	907.5319	959.3	1022.064	1083.855	1153.529
532.6	0	0	0	0.195298	7.000116	117.6211	367.401	496.529	583.5587	648.9205	711.9965	774.7505	845.7189	907.2342	959.3	1020.375	1084.034	1153.34
532.7	0	0	0	0.195298	7.000116	117.5523	367.7951	496.8843	583.3611	648.7029	711.9965	774.1064	846.6907	907.5319	959.3	1021.388	1084.034	1153.906
532.8	0	0	0	0.195298	7.000116	117.0017	367.5587	496.7066	583.0646	648.4852	712.1152	773.5911	847.3848	907.0854	959.3	1021.051	1082.782	1153.34
532.9	0	0	0	0.2441225	6.882467	116.7264	367.5587	496.7955	583.0646	648.2676	712.3529	773.5911	846.8295	907.0854	959.1412	1021.895	1082.782	1154.284
533	0	0	0	0.2441225	6.882467	116.7264	367.7163	496.2625	581.8787	647.2881	712.3529	775.137	845.9965	907.9783	959.6177	1022.57	1083.498	1152.962
533.1	0	0	0	0.2441225	6.882467	116.7264	367.401	495.7296	581.5822	647.397	712.5906	775.0082	845.5801	908.5736	959.4589	1022.908	1082.246	1152.962
533.2	0	0	0	0.2441225	6.882467	116.5887	367.1646	495.2854	581.681	647.6146	712.3529	774.2353	845.9965	907.6807	959.1412	1023.076	1083.319	1152.585
533.3	0	0	0	0.2441225	6.764818	116.5887	366.7704	494.9301	582.1752	647.0705	711.4023	773.3335	845.8577	908.5736	958.8235	1025.271	1085.107	1154.095
533.4	0	0	0	0.2441225	6.764818	116.864	366.7704	494.1307	582.6693	647.1793	711.4023	773.8488	846.5518	907.2342	958.1882	1024.258	1085.644	1152.774
533.5	0	0	0	0.2441225	6.764818	116.7952	366.8492	493.3313	581.8787	647.1793	712.3529	773.72	846.413	906.3412	957.0765	1022.57	1084.749	1154.662
533.6	0	0	0	0.2441225	6.764818	116.6575	366.5339	492.8872	582.0764	646.6352	712.3529	773.5911	846.6907	905.7459	955.647	1022.401	1084.034	1155.04
533.7	0	0	0	0.2441225	6.764818	116.3134	366.7704	493.5089	582.4716	646.5264	711.2835	774.2353	847.8013	906.3412	955.647	1022.064	1083.677	1154.662
533.8	0	0	0	0.2441225	6.764818	116.3822	366.7704	493.3313	582.7681	647.0705	710.3329	773.9776	846.1354	906.7877	956.1235	1022.232	1083.498	1154.662
533.9	0	0	0	0.2441225	6.705994	116.0381	366.3763	492.7984	582.9658	647.2881	709.5011	773.4623	845.5801	906.9365	956.7589	1021.388	1082.961	1154.662
534	0	0	0	0.2441225	6.764818	116.0381	366.061	492.7984	582.6693	646.5264	709.8576	773.3335	845.0248	906.0436	956.9177	1021.557	1081.352	1153.34
534.1	0	0	0	0.2441225	6.764818	115.9005	366.2187	492.6207	582.6693	646.8528	710.5706	773.4623	845.3024	905.7459	957.7118	1021.726	1081.709	1152.962
534.2	0	0	0	0.2441225	6.764818	115.694	366.2187	492.6207	583.4599	646.9617	710.4517	773.8488	845.5801	907.383	956.9177	1022.064	1080.636	1152.962
534.3	0	0	0	0.2441225	6.705994	115.7628	366.2187	493.0648	583.3611	647.1793	710.5706	773.72	845.4412	907.8295	957.7118	1021.895	1080.994	1151.829
534.4	0	0	0	0.2441225	6.705994	115.2122	366.6916	493.4201	584.0529	646.744	710.927	773.3335	846.2742	907.5319	958.1882	1021.388	1081.352	1153.151
534.5	0	0	0	0.2441225	6.705994	115.1434	366.6128	494.3972	583.2622	646.5264	710.4517	772.3029	845.8577	908.1271	958.347	1021.895	1081.173	1154.095
534.6	0	0	0	0.2441225	6.705994	115.2122	366.2187	494.3972	583.0646	646.1999	710.4517	772.947	845.9965	907.6807	956.9177	1022.739	1082.067	1154.473
534.7	0	0	0	0.2441225	6.705994	115.5563	365.8245	494.6637	582.8669	645.8734	711.0458	773.0759	847.3848	907.8295	956.4412	1022.57	1082.246	1153.718
534.8	0	0	0	0.2441225	6.764818	116.0381	364.9575	495.1078	583.0646	646.3087	710.927	772.3029	846.2742	908.2759	955.4882	1022.739	1081.888	1152.962
534.9	0	0	0	0.2441225	6.705994	116.1758	364.5633	496.1737	583.7563	647.0705	710.927	771.9164	846.6907	907.9783	956.4412	1022.739	1082.604	1153.529
535	0	0	0	0.2441225	6.764818	116.1758	364.0904	496.0849	584.6458	646.4175	709.8576	771.7876	845.9965	907.9783	955.8058	1022.232	1082.604	1152.774
535.1	0	0	0	0.2441225	6.764818	116.5887	363.7751	495.996	584.6458	647.1793	708.6694	772.0453	845.4412	906.6389	956.2823	1021.895	1083.14	1152.962
535.2	0	0	0	0.2441225	6.647169	116.7264	364.1692	495.3743	583.8552	646.3087	708.4317	772.3029	845.7189	905.5971	956.2823	1021.557	1083.319	1151.829
535.3	0	0	0	0.2441225	6.705994	116.4511	363.9327	495.4631	583.2622	646.744	708.907	771.4011	845.9965	905.2994	956.4412	1022.064	1084.034	1152.774
535.4	0	0	0	0.2441225	6.823643	116.1069	363.9327	496.0849	582.3728	646.3087	709.9764	770.3705	845.4412	905.1506	955.9647	1021.388	1085.286	1151.641
535.5	0	0	0	0.2441225	6.823643	115.7628	363.381	496.0849	582.3728	646.4175	709.5011	770.1129	845.7189	905.5971	956.1235	1020.544	1084.571	1151.452
535.6	0	0	0	0.292947	6.823643	115.7628	363.381	495.7296	582.274	646.5264	709.7388	770.2417	845.9965	904.7042	955.3294	1021.388	1084.034	1149.375
535.7	0	0	0	0.292947	6.823643	115.6252	363.2233	495.6407	582.0764	645.5469	708.5505	769.7264	846.1354	905.5971	954.6941	1019.362	1083.498	1150.697
535.8	0	0	0	0.292947	6.823643	116.0381	363.0657	495.3743	582.0764	644.894	707.2435	769.4688	847.1071	905.4483	955.4882	1018.856	1082.782	1150.13
535.9	0	0	0	0.292947	6.823643	116.0381	363.0657	495.6407	580.6928	644.1323	706.2928	768.4382	846.6907	904.2577	957.0765	1018.518	1083.498	1150.508
536	0	0	0	0.292947	6.823643	116.1758	363.5386	495.3743	582.0764	644.1323	707.2435	768.1805	845.9965	905.5971	957.7118	1017.505	1083.498	1150.13
536.1	0	0	0	0.292947	6.823643	116.1069	363.6963	495.3743	582.4716	644.0234	707.2435	768.6958	845.3024	905.4483	957.3941	1016.83	1083.498	1150.13
536.2	0	0	0	0.292947	6.823643	115.9693	364.0116	495.3743	582.5704	644.0234	706.5305	768.4382	843.9142	906.0436	956.6	1017.674	1083.319	1149.752
536.3	0	0	0	0.292947	6.823643	116.0381	364.248	494.9301	582.9658	643.3705	706.887	767.9229	842.5259	904.7042	955.0118	1016.999	1084.392	1150.319
536.4	0	0	0	0.292947	6.764818	116.1758	363.5386	494.0419	582.274	643.9146	707.0058	767.9229	841.9706	904.853	955.0118	1017.843	1085.465	1149.186
536.5	0	0	0	0.292947	6.764818	116.4511	363.6963	493.5978	582.6693	644.1323	707.1246	768.6958	842.2483	905.7459	954.5353	1018.181	1085.107	1148.053
536.6	0	0	0	0.292947	6.764818	116.4511	364.248	493.4201	581.8787	644.5676	706.6494	767.1499	841.8318	906.4901	954.2177	1017.843	1084.571	1147.675
536.7	0	0	0	0.292947	6.705994	116.2446	364.3269	493.0648	582.4716	644.5676	706.6494	767.0211	842.8036	906.9365	953.9	1019.531	1084.571	1147.675
536.8	0	0	0	0.292947	6.647169	116.2446	364.4845	492.6207	582.274	645.1117	706.7682	767.4076	842.1094	906.6389	955.4882	1018.518	1084.392	1148.997
536.9	0	0	0	0.292947	6.647169	116.1758	364.3269	493.0648	582.7681	645.4382	708.3129	767.0211	841.8318	907.0854	954.8529	1019.531	1083.677	1150.319
537	0	0	0	0.292947	6.647169	116.2446	363.6963	492.4431	582.6693	645.1117	707.8376	766.8923	842.3871	905.8948	955.0118	1019.531	1083.677	1151.263
537.1	0	0	0	0.292947	6.705994	116.2446	364.4057	492.5319	581.7798	644.1323	707.5999	765.7328	844.1918	904.5554	954.3765	1020.375	1084.034	1150.508
537.2	0	0	0	0.292947	6.705994	115.9693	365.1939	492.5319	581.4834	644.0234	707.4811	766.7634	844.4695	904.2577	955.647	1021.051	1083.14	1151.074
537.3	0	0	0	0.292947	6.705994	116.0381	365.1939	492.0878	581.2858	643.4793	708.5505	765.9905	844.053	904.2577	954.3765	1019.869	1082.604	1148.808
537.4	0	0	0	0.292947	6.705994	116.1069	364.8786	491.9989	580.4951	643.8058	708.194	764.9599	843.3589	901.8765	953.9	1019.869	1081.531	1149.941
537.5	0	0	0	0.292947	6.705994	116.1758	365.1939	491.5548	580.1987	642.8264	709.3823	764.4446	843.6365	902.7695	955.1706	1020.375	1080.636	1148.242
537.6	0	0	0	0.292947	6.705994	116.0381	364.8786	491.9989	580.3963	643.044	708.907	763.9293	843.22	900.6859	955.4882	1019.531	1080.458	1147.675
537.7	0	0	0	0.292947	6.705994	115.9693	364.6422	492.1766	580.3963	643.2617	708.907	764.4446	842.2483	900.3882	954.2177	1018.518	1079.742	1147.864
537.8	0	0	0	0.292947	6.647169	116.1069	364.0904	491.9101	579.9022	643.4793	708.4317	764.9599	841.693	899.1976	954.2177	1019.194	1080.1	1148.62
537.9	0	0	0	0.292947	6.647169	116.5199	364.248	490.8442	579.7045	642.6087	708.7881	764.8311	842.2483	898.4536	953.7411	1017.505	1080.279	1148.431
538	0	0	0	0.292947	6.705994	116.4511	364.248	490.933	580.594	642.7175	707.7188	763.5428	843.0812	898.1559	954.0588	1016.83	1079.385	1148.242
538.1	0	0	0	0.292947	6.705994	116.2446	364.0116	491.1107	580.001	642.2822	707.5999	764.0582	842.6647	898.0071	953.5823	1018.518	1078.848	1147.675
538.2	0	0	0	0.292947	6.705994	116.3134	362.9868	490.933	579.5069	642.6087	706.887	764.8311	842.3871	898.6024	953.7411	1018.687	1078.669	1146.92
538.3	0	0	0	0.292947	6.647169	116.1758	363.1445	490.1336	579.5069	642.2822	707.4811	765.8617	841.8318	897.4117	954.2177	1017.505	1078.312	1146.92
538.4	0	0	0	0.292947	6.647169	116.0381	363.4598	490.4889	579.6057	642.3911	707.1246	765.9905	842.1094	897.4117	952.947	1018.181	1079.027	1146.731
538.5	0	0	0	0.292947	6.647169	115.9693	364.0116	489.956	579.5069	642.7175	707.3623	764.8311	840.86	896.8165	955.0118	1018.012	1080.458	1145.976
538.6	0	0	0	0.292947	6.647169	116.1069	363.6963	489.2454	579.7045	643.044	707.2435	765.4752	842.2483	897.1141	956.1235	1017.336	1079.921	1146.542
538.7	0	0	0	0.292947	6.705994	116.4511	363.6963	490.1336	579.8033	644.3499	707.9564	765.2176	842.2483	895.7747	955.0118	1017.336	1079.921	1146.165
538.8	0	0	0	0.292947	6.647169	116.1069	363.6174	490.5778	579.3093	644.1323	708.5505	765.8617	843.22	895.0306	955.1706	1016.661	1079.742	1144.088
538.9	0	0	0	0.292947	6.647169	116.1069	363.4598	490.1336	579.8033	644.4587	708.5505	765.6041	843.22	896.0723	954.6941	1016.492	1079.742	1143.332
539	0	0	0	0.292947	6.647169	116.0381	363.3022	489.3342	580.001	643.9146	707.3623	765.9905	843.3589	896.5188	955.1706	1016.999	1080.994	1143.521
539.1	0	0	0	0.292947	6.647169	115.9693	362.908	490.1336	580.1987	644.5676	706.887	765.9905	842.8036	896.0723	954.3765	1017.336	1080.636	1144.654
539.2	0	0	0	0.292947	6.647169	115.8316	362.7504	490.2224	579.6057	645.0029	706.174	766.8923	843.4977	896.6677	954.3765	1017.843	1080.1	1144.843
539.3	0	0	0	0.292947	6.705994	115.8316	362.9868	490.4889	579.5069	645.1117	706.2928	767.1499	843.22	896.9653	953.5823	1016.83	1079.921	1142.766
539.4	0	0	0	0.292947	6.705994	115.694	362.908	490.5778	579.6057	645.6558	706.4117	765.8617	842.5259	896.37	953.4235	1017.674	1080.815	1142.955
539.5	0	0	0	0.292947	6.647169	116.0381	363.0657	490.0448	580.0999	645.3293	706.4117	766.6346	841.8318	898.1559	952.6294	1017.168	1080.636	1143.71
539.6	0	0	0	0.292947	6.647169	115.9693	361.6468	489.3342	580.1987	644.894	706.6494	766.7634	840.7212	897.2629	951.9941	1015.479	1079.385	1142.577
539.7	0	0	0	0.292947	6.647169	116.4511	361.7256	489.956	580.1987	644.894	707.8376	767.5364	840.1659	897.5606	952.7882	1015.817	1078.848	1141.444
539.8	0	0	0	0.292947	6.705994	116.864	361.568	490.5778	579.3093	644.1323	708.3129	767.6652	840.86	897.8582	952.4706	1016.324	1079.564	1141.822
539.9	0	0	0	0.292947	6.705994	116.7264	361.4104	490.4889	579.5069	643.9146	708.3129	768.0517	839.3329	896.9653	952.947	1016.83	1078.848	1142.766
540	0	0	0	0.292947	6.764818	117.1393	360.9374	489.5118	578.7163	643.697	708.3129	768.3093	839.4718	898.1559	953.5823	1018.181	1077.775	1142.388
540.1	0	0	0	0.292947	6.764818	117.0017	360.7009	489.5118	579.4081	643.9146	707.7188	768.567	840.1659	897.7094	952.4706	1016.83	1078.312	1142.955
540.2	0	0	0	0.292947	6.764818	117.0017	360.3068	489.7783	579.7045	644.3499	708.194	769.5976	839.4718	897.1141	952.947	1018.856	1079.206	1143.144
540.3	0	0	0	0.292947	6.764818	117.1393	360.228	489.8672	578.321	644.7852	707.5999	768.4382	839.3329	896.5188	953.9	1018.349	1077.954	1144.276
540.4	0	0	0	0.292947	6.823643	117.2081	360.3068	489.956	578.5187	644.7852	707.2435	768.0517	839.4718	897.7094	952.947	1018.012	1076.702	1145.787
540.5	0	0	0	0.292947	6.823643	117.2081	360.6221	489.3342	578.2222	645.1117	707.5999	768.4382	840.7212	897.5606	954.3765	1018.181	1075.987	1146.542
540.6	0	0	0	0.292947	6.823643	117.2081	360.3857	488.1795	578.2222	645.6558	707.0058	768.1805	840.7212	898.0071	954.2177	1016.661	1075.808	1147.109
540.7	0	0	0	0.292947	6.941292	117.3458	360.6221	488.2683	578.5187	645.1117	707.9564	768.3093	840.5824	898.1559	952.6294	1017.336	1074.02	1146.731
540.8	0	0	0	0.292947	7.000116	117.4834	360.3857	487.6465	579.1116	645.9822	706.6494	767.5364	839.8882	898.3047	954.0588	1017.505	1074.914	1145.598
540.9	0	0	0	0.292947	7.058941	117.277	360.4645	487.913	579.3093	645.3293	707.1246	767.6652	839.3329	897.5606	953.4235	1018.012	1074.556	1145.598
541	0	0	0	0.292947	7.117765	117.6899	360.228	487.6465	579.1116	645.6558	706.174	768.3093	839.0553	897.7094	954.5353	1017.843	1074.735	1144.276
541.1	0	0	0	0.292947	7.000116	117.7587	359.755	487.4689	579.0128	644.6764	705.6987	768.0517	839.0553	897.7094	953.7411	1016.492	1074.199	1144.465
541.2	0	0	0	0.292947	7.058941	117.5523	359.6762	487.7354	579.3093	643.2617	704.8669	766.1193	839.4718	898.0071	954.2177	1016.155	1074.02	1144.465
541.3	0	0	0	0.292947	7.117765	117.0705	359.9127	488.2683	579.5069	642.4999	704.0352	766.7634	839.7495	898.4536	954.0588	1016.492	1074.914	1144.843
541.4	0	0	0	0.292947	7.117765	117.1393	360.0703	488.9789	580.0999	642.6087	703.7975	765.9905	840.5824	898.4536	953.7411	1015.986	1074.735	1143.71
541.5	0	0	0	0.292947	7.117765	117.0705	360.1492	489.0677	579.5069	642.3911	703.0846	765.2176	840.5824	899.3465	953.1058	1016.155	1074.735	1141.633
541.6	0	0	0	0.292947	7.176589	116.864	359.9915	488.9789	580.594	642.8264	702.6093	764.8311	839.4718	899.1976	952.6294	1015.817	1075.808	1141.633
541.7	0	0	0	0.292947	7.176589	116.7264	359.5974	488.7124	579.8033	642.3911	702.4905	764.0582	839.3329	898.3047	952.7882	1014.973	1075.272	1140.311
541.8	0	0	0	0.292947	7.176589	116.864	359.6762	488.8901	579.8033	643.1528	702.3716	762.8987	838.6389	897.1141	953.1058	1015.142	1075.808	1138.989
541.9	0	0	0	0.292947	7.176589	116.864	359.9915	488.3571	579.8033	642.7175	702.8469	763.9293	837.8059	897.4117	951.9941	1014.804	1074.914	1141.067
542	0	0	0	0.292947	7.176589	116.6575	360.4645	488.2683	579.2104	642.6087	703.3223	763.5428	837.3894	896.2212	952.3117	1014.804	1074.199	1141.067
542.1	0	0	0	0.292947	7.117765	116.7264	360.1492	487.913	578.8151	642.7175	703.2034	763.6717	837.6671	896.0723	952.3117	1014.804	1074.02	1139.556
542.2	0	0	0	0.292947	7.058941	116.5199	359.6762	488.5348	578.1234	641.6293	702.4905	763.9293	838.6389	895.9235	951.0411	1014.298	1072.589	1139.745
542.3	0	0	0	0.292947	7.058941	116.1758	360.6221	488.8901	578.4199	642.0646	703.4411	763.2852	838.3612	894.4353	950.8823	1014.466	1072.232	1141.255
542.4	0	0	0	0.292947	7.058941	116.0381	360.0703	488.8012	578.5187	641.8469	704.3917	764.187	838.3612	895.0306	953.2647	1013.285	1071.874	1141.633
542.5	0	0	0	0.292947	7.058941	116.1069	360.3857	489.1566	578.321	641.7381	703.5599	764.8311	838.0836	894.2864	952.6294	1013.622	1071.874	1140.122
542.6	0	0	0	0.292947	7.117765	116.7264	360.3857	489.6007	578.5187	642.2822	702.2528	764.9599	837.5283	893.0959	952.6294	1012.947	1071.338	1141.067
542.7	0	0	0	0.292947	7.058941	116.6575	360.9374	489.2454	577.9257	642.4999	702.6093	764.9599	836.8341	891.7564	954.6941	1013.116	1072.589	1143.71
542.8	0	0	0	0.292947	7.058941	116.3134	360.3068	489.3342	578.2222	642.8264	702.7281	764.4446	836.4177	892.5005	954.8529	1012.103	1073.662	1145.221
542.9	0	0	0	0.292947	7.000116	116.3822	360.7798	488.8012	577.3328	642.3911	702.4905	763.9293	836.8341	892.2029	953.9	1012.272	1074.199	1144.465
543	0	0	0	0.292947	7.000116	116.2446	361.0951	489.0677	577.4316	642.4999	703.2034	762.3834	837.3894	892.3517	954.2177	1013.791	1072.947	1145.221
543.1	0	0	0	0.292947	7.000116	116.5199	361.8045	488.8012	577.3328	641.6293	703.2034	762.7699	836.973	892.0541	953.5823	1014.804	1072.053	1144.465
543.2	0	0	0	0.292947	7.000116	116.6575	361.2527	488.8012	576.5422	641.3028	702.7281	762.2546	837.5283	891.9053	953.7411	1014.635	1072.768	1142.955
543.3	0	0	0	0.292947	6.941292	116.864	360.8586	488.9789	576.7398	641.194	703.0846	762.1258	838.5	892.3517	953.4235	1014.129	1071.159	1143.521
543.4	0	0	0	0.292947	6.941292	117.0017	360.6221	489.423	576.9374	642.0646	703.4411	762.2546	837.9447	893.2447	953.2647	1013.791	1072.411	1143.71
543.5	0	0	0	0.292947	6.941292	117.0705	361.3315	489.956	577.3328	642.9352	703.3223	761.7393	839.6106	892.947	952.6294	1011.934	1073.484	1143.71
543.6	0	0	0	0.292947	6.941292	116.9328	360.6221	489.6895	577.0363	642.3911	704.0352	761.9969	839.0553	891.9053	950.7235	1012.778	1073.305	1143.71
543.7	0	0	0	0.292947	6.941292	117.0017	360.7798	489.3342	577.0363	643.044	703.3223	762.3834	838.6389	891.0123	949.9294	1012.947	1074.914	1142.766
543.8	0	0	0	0.292947	6.941292	117.0017	360.9374	488.9789	576.8386	642.1734	702.7281	761.8681	839.4718	891.9053	949.1353	1013.622	1073.841	1143.71
543.9	0	0	0	0.292947	6.941292	116.5887	361.4892	488.6236	578.0245	643.1528	703.0846	762.7699	838.6389	891.9053	948.8176	1011.428	1074.914	1143.899
544	0	0	0	0.292947	6.941292	116.1069	361.1739	488.446	576.7398	642.2822	703.9164	763.2852	838.7776	892.7982	949.2941	1011.09	1073.484	1143.521
544.1	0	0	0	0.292947	6.941292	116.2446	361.6468	488.7124	577.0363	641.6293	703.0846	763.0275	837.9447	892.5005	949.4529	1010.246	1072.768	1143.521
544.2	0	0	0	0.292947	7.058941	116.1069	360.5433	489.1566	576.8386	641.7381	703.3223	762.6411	837.6671	891.9053	949.4529	1010.246	1074.199	1142.388
544.3	0	0	0	0.292947	7.058941	116.4511	360.3857	489.6895	576.4434	642.0646	702.6093	763.2852	836.6953	892.0541	948.8176	1009.739	1075.093	1142.577
544.4	0	0	0	0.292947	7.058941	116.3134	360.7798	489.6007	575.8504	640.8675	702.0152	762.8987	838.2224	892.3517	949.7706	1009.571	1075.093	1142.577
544.5	0	0	0	0.292947	7.058941	116.5199	360.5433	489.423	575.7516	640.541	702.134	762.7699	838.0836	891.7564	949.1353	1009.908	1074.02	1142.011
544.6	0	0	0	0.292947	7.058941	116.7952	360.228	489.423	576.3445	640.9763	702.8469	763.2852	837.3894	891.7564	948.3411	1010.415	1072.947	1141.633
544.7	0	0	0	0.292947	7.058941	116.7264	360.1492	490.0448	576.5422	641.0851	703.3223	761.8681	837.6671	891.4588	948.3411	1010.583	1072.947	1141.633
544.8	0	0	0	0.292947	7.000116	116.7264	360.4645	489.5118	576.641	641.9557	702.9658	760.7087	838.3612	891.6076	948.1823	1012.103	1073.126	1140.689
544.9	0	0	0	0.292947	7.000116	116.7264	360.5433	489.7783	576.8386	640.4322	703.0846	761.4816	837.3894	890.8635	949.2941	1012.441	1072.589	1140.878
545	0	0	0	0.292947	6.941292	116.9328	360.5433	488.5348	576.2457	640.3234	702.9658	760.9664	836.5565	890.7147	949.4529	1012.947	1073.841	1141.255
545.1	0	0	0	0.292947	6.941292	116.9328	360.228	488.3571	576.3445	640.8675	702.9658	761.3528	836.5565	891.1611	948.8176	1012.778	1073.484	1141.633
545.2	0	0	0	0.292947	6.941292	116.864	360.1492	487.913	575.5539	639.9969	703.5599	760.8375	835.5847	892.2029	948.3411	1011.428	1073.662	1141.822
545.3	0	0	0	0.292947	6.941292	116.9328	359.2821	487.2024	575.4551	639.9969	703.4411	760.9664	835.5847	891.6076	947.547	1010.752	1074.02	1142.955
545.4	0	0	0	0.292947	6.941292	116.9328	359.1245	487.2024	575.7516	640.1057	703.4411	760.5799	836.0012	891.6076	947.3882	1011.428	1074.556	1141.822
545.5	0	0	0	0.292947	6.941292	117.0705	359.2821	487.5577	575.2574	640.4322	703.5599	760.3222	836.5565	891.6076	947.8646	1010.752	1075.451	1142.011
545.6	0	0	0	0.292947	6.823643	117.4146	359.4398	487.7354	575.8504	639.6705	703.7975	760.451	836.14	891.7564	947.547	1010.077	1075.272	1141.633
545.7	0	0	0	0.292947	6.823643	117.3458	359.5186	488.446	575.1586	639.4528	705.1046	761.4816	836.5565	891.6076	946.4352	1010.583	1074.02	1140.689
545.8	0	0	0	0.292947	6.823643	117.277	359.6762	488.446	574.961	639.6705	704.0352	761.3528	836.2788	892.2029	945.7999	1010.921	1073.841	1138.612
545.9	0	0	0	0.292947	6.823643	117.4834	359.9127	488.7124	574.961	639.9969	703.5599	761.0952	834.4741	891.3099	944.847	1011.765	1073.126	1138.801
546	0	0	0	0.292947	6.941292	117.4146	360.5433	488.8901	575.2574	640.1057	703.0846	760.5799	834.6129	892.0541	943.4175	1010.921	1073.126	1138.801
546.1	0	0	0	0.292947	6.941292	117.3458	360.3857	488.8901	575.7516	639.8881	702.7281	759.9357	834.8906	891.7564	943.894	1011.765	1072.589	1139.178
546.2	0	0	0	0.292947	6.941292	117.6211	360.228	488.7124	576.8386	639.344	701.1834	759.4205	836.0012	891.1611	944.847	1010.921	1071.516	1139.934
546.3	0	0	0	0.292947	6.941292	117.5523	359.755	489.5118	576.4434	640.8675	700.8269	759.5493	835.8624	891.3099	946.1176	1010.415	1070.265	1139.745
546.4	0	0	0	0.292947	7.000116	117.1393	360.1492	489.956	576.9374	641.6293	700.7081	759.6781	835.5847	891.4588	945.7999	1011.09	1070.265	1140.5
546.5	0	0	0	0.292947	6.941292	116.864	359.9127	490.0448	577.1351	641.5204	701.4211	759.5493	835.3071	891.1611	943.894	1011.934	1069.728	1140.878
546.6	0	0	0	0.292947	7.000116	117.1393	360.0703	489.423	576.7398	641.5204	702.3716	759.034	834.3353	891.0123	943.2587	1011.934	1069.37	1141.822
546.7	0	0	0	0.292947	7.000116	117.2081	360.0703	489.6895	576.8386	641.4116	701.8964	759.8069	834.7518	891.3099	941.8293	1011.765	1070.265	1140.689
546.8	0	0	0	0.292947	7.000116	117.3458	359.8339	489.423	576.8386	640.8675	701.7775	758.9052	834.0576	891.6076	940.8763	1010.921	1070.801	1141.067
546.9	0	0	0	0.292947	7.000116	117.6899	360.3857	488.7124	576.4434	640.7587	701.6587	759.1628	833.9188	890.8635	940.7175	1011.259	1070.086	1140.5
547	0	0	0	0.292947	6.941292	117.6211	360.7798	488.446	576.2457	640.3234	700.8269	759.4205	833.9188	890.2682	941.8293	1011.428	1070.622	1140.5
547.1	0	0	0	0.292947	6.941292	117.6211	360.4645	487.913	575.6528	640.2145	700.9457	760.5799	833.9188	890.7147	942.7823	1012.272	1068.476	1139.178
547.2	0	0	0	0.292947	6.941292	117.4834	360.7798	487.0247	575.2574	640.3234	700.3516	759.5493	833.2247	890.5659	943.2587	1012.272	1068.655	1138.989
547.3	0	0	0	0.292947	6.941292	117.8276	360.3857	487.2912	575.6528	639.8881	699.8763	759.034	833.2247	890.7147	944.0529	1010.752	1069.192	1138.989
547.4	0	0	0	0.292947	7.000116	117.8276	360.6221	486.5806	574.368	640.2145	699.9952	759.9357	832.8082	891.1611	942.6234	1009.402	1067.94	1140.122
547.5	0	0	0	0.292947	7.000116	117.8276	360.4645	486.3142	574.8621	640.2145	699.7575	760.0646	831.6976	889.6729	942.6234	1009.908	1067.582	1139.934
547.6	0	0	0	0.292947	7.000116	118.034	360.1492	485.8701	575.4551	640.3234	699.1634	759.4205	831.42	889.8217	940.0823	1009.908	1067.761	1140.878
547.7	0	0	0	0.292947	6.941292	117.7587	360.3857	486.0477	575.8504	639.8881	698.6881	759.1628	832.5306	889.9705	940.3999	1009.739	1069.549	1140.122
547.8	0	0	0	0.292947	6.941292	117.5523	359.8339	486.0477	575.1586	640.2145	697.9752	758.261	831.1423	887.7382	941.194	1008.558	1068.834	1140.5
547.9	0	0	0	0.292947	6.882467	117.7587	359.9915	485.7812	574.4669	639.8881	697.4998	757.8746	830.4482	888.0358	941.6705	1009.064	1069.37	1140.122
548	0	0	0	0.292947	6.882467	117.4146	360.228	486.1365	575.3563	640.1057	696.6681	757.7457	831.6976	887.887	942.6234	1008.895	1070.265	1139.556
548.1	0	0	0	0.292947	6.764818	117.277	359.755	485.9589	575.1586	638.9087	696.9057	758.261	833.2247	889.6729	943.0999	1007.714	1069.013	1142.011
548.2	0	0	0	0.292947	6.764818	117.277	359.5974	486.2253	574.961	638.9087	696.1927	759.4205	832.3917	888.78	944.0529	1008.389	1070.622	1140.5
548.3	0	0	0	0.292947	6.764818	117.2081	359.5186	486.5806	574.4669	637.8204	696.7869	759.1628	832.1141	890.2682	943.2587	1007.545	1070.086	1139.367
548.4	0	0	0	0.292947	6.764818	116.9328	359.2033	486.4918	573.9727	636.841	696.074	758.3899	830.8647	889.9705	941.3528	1006.363	1070.98	1139.178
548.5	0	0	0	0.292947	6.764818	117.277	359.2033	486.2253	574.2692	636.841	696.074	759.2916	830.3094	890.8635	941.194	1006.363	1072.053	1138.234
548.6	0	0	0	0.292947	6.764818	117.2081	359.4398	486.403	573.3798	637.494	696.6681	759.6781	830.0317	890.1194	941.5117	1006.532	1071.695	1137.101
548.7	0	0	0	0.292947	6.764818	117.0705	359.9127	486.3142	573.2809	636.7322	696.6681	758.3899	829.6152	889.6729	941.9882	1006.532	1072.411	1135.402
548.8	0	0	0	0.292947	6.823643	116.7264	360.0703	486.5806	572.9845	636.7322	696.6681	758.5187	830.4482	889.8217	941.3528	1005.856	1071.695	1134.269
548.9	0	0	0	0.292947	6.764818	116.9328	360.3857	486.5806	573.6763	636.9498	697.1434	758.1322	831.2811	889.8217	941.6705	1006.701	1071.338	1135.024
549	0	0	0	0.292947	6.705994	116.9328	360.0703	485.7812	573.9727	636.841	697.381	758.5187	831.5588	890.5659	942.147	1007.207	1072.589	1134.835
549.1	0	0	0	0.292947	6.705994	117.1393	360.7009	485.2483	573.7751	636.188	698.2128	757.7457	830.7258	891.4588	942.3058	1007.714	1071.874	1135.591
549.2	0	0	0	0.292947	6.705994	117.0705	360.5433	485.6036	573.3798	635.5351	698.094	757.7457	829.4764	890.5659	940.7175	1007.038	1072.232	1135.402
549.3	0	0	0	0.292947	6.705994	117.0705	360.5433	485.8701	573.2809	634.6645	697.9752	756.9728	829.6152	889.2264	940.2411	1006.869	1072.589	1135.402
549.4	0	0	0	0.292947	6.764818	116.864	360.228	486.0477	573.1821	634.338	697.9752	756.1998	830.1705	889.9705	941.3528	1007.545	1072.589	1134.269
549.5	0	0	0	0.292947	6.764818	116.6575	360.0703	486.0477	574.5657	634.4468	698.5693	756.7151	831.0035	890.2682	941.8293	1007.545	1071.516	1133.702
549.6	0	0	0	0.292947	6.764818	116.6575	360.3857	485.9589	574.961	635.3174	699.4011	756.844	831.5588	889.9705	941.9882	1008.726	1070.086	1133.136
549.7	0	0	0	0.292947	6.764818	116.3822	359.2033	485.8701	575.3563	634.991	698.9257	756.071	831.1423	889.524	943.4175	1008.051	1069.907	1133.136
549.8	0	0	0	0.292947	6.764818	116.3822	359.2033	485.7812	575.7516	635.3174	699.9952	755.6846	830.4482	889.9705	943.2587	1007.207	1070.086	1133.514
549.9	0	0	0	0.292947	6.764818	116.3822	359.0456	486.0477	575.6528	634.991	699.7575	755.8134	830.1705	889.0776	941.8293	1007.545	1068.119	1133.136
550	0	0	0	0.292947	6.705994	116.2446	359.0456	485.9589	575.0598	635.2086	699.6387	755.8134	831.2811	889.9705	941.8293	1007.376	1067.582	1133.136
550.1	0	0	0	-0.127053	-2.414006	-35.596	-95.98852	-115.3641	-122.8602	-123.0296	-124.3425	-124.0672	-126.4601	-126.2695	-125.0625	-126.1424	-126.2059	-126.7142
550.2	0	0	0	-0.127053	-2.392831	-35.46895	-95.56501	-114.9829	-122.5214	-122.6485	-123.8766	-123.6861	-126.1001	-125.9095	-124.5754	-125.6977	-125.7189	-126.2906
550.3	0	0	0	-0.127053	-2.392831	-35.40543	-95.33208	-114.6441	-122.1614	-122.0555	-123.5378	-123.4108	-125.8883	-125.4436	-124.1519	-125.3166	-125.2742	-125.9942
550.4	0	0	0	-0.127053	-2.371655	-35.3419	-95.12032	-114.3265	-121.6532	-121.5473	-123.0508	-122.7967	-125.5283	-125.1048	-123.8343	-124.8719	-124.766	-125.6977
550.5	0	0	0	-0.127053	-2.371655	-35.23602	-94.88739	-113.8606	-121.2932	-121.1238	-122.6485	-122.3097	-125.0836	-124.7025	-123.5167	-124.3002	-124.2578	-125.2531
550.6	0	0	0	-0.127053	-2.371655	-35.15132	-94.67564	-113.5218	-121.0603	-120.7638	-122.2461	-122.0132	-124.406	-124.3425	-123.072	-123.7284	-123.8131	-124.7025
550.7	0	0	0	-0.127053	-2.35048	-35.04544	-94.29448	-113.1195	-120.6368	-120.4674	-121.8438	-121.6532	-123.7708	-124.046	-122.6908	-123.3049	-123.3261	-124.3002
550.8	0	0	0	-0.127053	-2.329304	-34.96074	-94.04037	-112.8442	-120.2768	-120.0651	-121.5685	-121.0815	-123.3896	-123.7072	-122.3097	-122.9449	-122.8179	-123.6861
550.9	0	0	0	-0.127053	-2.329304	-34.91839	-93.72274	-112.4842	-119.9168	-119.6839	-121.2297	-120.6368	-122.9026	-123.3049	-121.9073	-122.6061	-122.4791	-123.3473
551	0	0	0	-0.127053	-2.329304	-34.74899	-93.34158	-112.1242	-119.5992	-119.3874	-120.9121	-120.2556	-122.6273	-122.9449	-121.5262	-122.3097	-122.1403	-122.8814
551.1	0	0	0	-0.127053	-2.308129	-34.60076	-93.17217	-111.6372	-119.1757	-118.9639	-120.4886	-119.7262	-122.3944	-122.5426	-120.9333	-121.9285	-121.7379	-122.4791
551.2	0	0	0	-0.127053	-2.308129	-34.51606	-92.8969	-111.3831	-118.7098	-118.5404	-120.0015	-119.2816	-121.9285	-121.8226	-120.6156	-121.4626	-121.4203	-122.0555
551.3	0	0	0	-0.127053	-2.308129	-34.47371	-92.68514	-110.9808	-118.3287	-117.9687	-119.6415	-118.8369	-121.3991	-121.505	-120.298	-121.2509	-120.9544	-121.8438
551.4	0	0	0	-0.1058775	-2.308129	-34.34665	-92.40986	-110.6208	-117.9052	-117.5875	-119.1757	-118.4345	-120.9968	-121.1874	-119.9168	-120.7427	-120.5944	-121.632
551.5	0	0	0	-0.1058775	-2.308129	-34.2196	-91.96517	-110.3243	-117.4393	-117.2064	-118.9004	-118.1169	-120.7003	-120.8697	-119.578	-120.5097	-120.1921	-121.2509
551.6	0	0	0	-0.1058775	-2.308129	-34.07137	-91.56284	-109.9855	-116.9734	-116.8464	-118.5616	-117.8628	-120.3192	-120.7003	-119.218	-120.2133	-119.8533	-120.7638
551.7	0	0	0	-0.1058775	-2.308129	-33.98667	-91.28756	-109.7526	-116.5287	-116.5076	-118.3075	-117.5663	-119.8745	-120.4039	-118.7733	-119.811	-119.4086	-120.5309
551.8	0	0	0	-0.1058775	-2.308129	-33.85962	-91.05463	-109.3291	-116.1899	-116.1264	-117.9263	-116.9946	-119.3027	-120.0227	-118.2228	-119.578	-119.0063	-120.1074
551.9	0	0	0	-0.1058775	-2.308129	-33.73256	-90.60994	-109.0538	-115.8723	-115.7453	-117.5028	-116.5287	-118.8792	-119.7474	-117.9052	-119.1122	-118.5192	-119.7262
552	0	0	0	-0.1058775	-2.308129	-33.58434	-90.33466	-108.8209	-115.4911	-115.2159	-117.1852	-116.2958	-118.4134	-119.3239	-117.4816	-118.8369	-118.1381	-119.3874
552.1	0	0	0	-0.1058775	-2.308129	-33.56316	-89.97468	-108.5244	-115.237	-114.7924	-116.6134	-115.8935	-117.8416	-118.9427	-117.1852	-118.6039	-117.7569	-118.9216
552.2	0	0	0	-0.1058775	-2.286953	-33.45728	-89.65704	-108.1644	-115.0041	-114.4112	-116.3382	-115.5123	-117.4816	-118.6251	-116.677	-118.2228	-117.2064	-118.731
552.3	0	0	0	-0.1058775	-2.286953	-33.33023	-89.31824	-107.8044	-114.5382	-114.03	-115.9782	-115.2794	-117.1217	-118.2228	-116.4652	-117.7993	-116.9523	-118.3922
552.4	0	0	0	-0.1058775	-2.286953	-33.28788	-89.02178	-107.5503	-114.0936	-113.5854	-115.5335	-114.8347	-116.7829	-117.7357	-116.1476	-117.2911	-116.677	-118.0322
552.5	0	0	0	-0.1058775	-2.286953	-33.16082	-88.70415	-107.1904	-113.8818	-113.2889	-115.1523	-114.4535	-116.4229	-117.2911	-115.83	-116.7617	-116.3805	-117.6722
552.6	0	0	0	-0.1058775	-2.286953	-33.07612	-88.38651	-106.788	-113.6489	-112.7807	-114.6653	-114.0089	-115.8723	-116.8887	-115.597	-116.4017	-115.9782	-117.3122
552.7	0	0	0	-0.1058775	-2.286953	-33.0126	-88.09006	-106.4492	-113.3101	-112.4631	-114.4112	-113.6701	-115.5123	-116.4864	-115.1523	-115.9782	-115.47	-117.0158
552.8	0	0	0	-0.1058775	-2.286953	-32.97025	-87.85712	-106.0469	-112.9501	-111.9548	-114.03	-113.4371	-115.0465	-116.0417	-114.75	-115.6817	-115.0465	-116.7617
552.9	0	0	0	-0.1058775	-2.286953	-32.88554	-87.5395	-105.7081	-112.5054	-111.6584	-113.6489	-112.9713	-114.4959	-115.6817	-114.4959	-115.11	-114.7924	-116.2958
553	0	0	0	-0.1058775	-2.244602	-32.75849	-87.26421	-105.3481	-112.1878	-111.1925	-113.2677	-112.5689	-114.1571	-115.2582	-114.1783	-114.7712	-114.3477	-115.9147
553.1	0	0	0	-0.1058775	-2.244602	-32.73732	-87.11598	-104.9881	-111.8278	-110.7478	-112.9501	-112.2089	-113.7759	-114.9406	-113.903	-114.3688	-114.0512	-115.3641
553.2	0	0	0	-0.1058775	-2.244602	-32.67379	-86.6713	-104.5646	-111.489	-110.5149	-112.6325	-111.7854	-113.6277	-114.3477	-113.4795	-114.0936	-113.7124	-114.9618
553.3	0	0	0	-0.1058775	-2.223427	-32.56791	-86.41719	-104.1623	-111.1502	-110.2396	-112.336	-111.3831	-113.2465	-114.0089	-113.1195	-113.5218	-113.3736	-114.5171
553.4	0	0	0	-0.1058775	-2.202251	-32.37733	-86.07838	-103.8446	-110.8325	-109.9855	-111.9337	-110.8537	-112.9501	-113.6912	-112.7383	-113.1407	-113.0136	-114.0512
553.5	0	0	0	-0.1058775	-2.202251	-32.27145	-85.8031	-103.5905	-110.3879	-109.5197	-111.5737	-110.5573	-112.696	-113.3101	-112.3995	-112.8442	-112.7172	-113.4795
553.6	0	0	0	-0.1058775	-2.202251	-32.16558	-85.61253	-103.2517	-110.0279	-109.0961	-111.1925	-110.1973	-112.3148	-113.0136	-111.976	-112.4207	-112.2936	-113.0348
553.7	0	0	0	-0.1058775	-2.202251	-32.03852	-85.40077	-103.0188	-109.6891	-108.7362	-110.8114	-109.7949	-111.7854	-112.6325	-111.6796	-112.0184	-111.9337	-112.5266
553.8	0	0	0	-0.1058775	-2.181076	-31.91147	-85.08314	-102.5953	-109.2655	-108.3974	-110.4302	-109.5832	-111.4466	-112.3995	-111.3831	-111.616	-111.6372	-112.1242
553.9	0	0	0	-0.1058775	-2.138725	-31.74207	-84.87138	-102.1506	-108.9903	-108.1644	-109.922	-109.1808	-111.1078	-112.1454	-111.0443	-111.2137	-111.2984	-111.7643
554	0	0	0	-0.1058775	-2.117549	-31.65736	-84.5961	-101.7483	-108.6303	-107.868	-109.5832	-108.8844	-110.642	-111.7431	-110.5149	-110.9384	-110.9384	-111.2561
554.1	0	0	0	-0.1058775	-2.117549	-31.59384	-84.342	-101.4094	-108.1432	-107.635	-109.075	-108.5032	-110.2396	-111.3831	-110.2185	-110.6208	-110.7055	-110.8537
554.2	0	0	0	-0.1058775	-2.117549	-31.53031	-83.93966	-101.0706	-107.635	-107.2115	-108.7362	-108.0797	-110.0067	-110.9384	-109.8796	-110.3032	-110.3243	-110.3243
554.3	0	0	0	-0.1058775	-2.117549	-31.42443	-83.6432	-100.7954	-107.2539	-106.788	-108.3338	-107.8468	-109.5832	-110.5361	-109.4561	-109.9855	-110.0279	-110.0067
554.4	0	0	0	-0.1058775	-2.096374	-31.31856	-83.36792	-100.4989	-106.9786	-106.428	-107.8891	-107.5927	-109.3079	-110.1973	-108.9903	-109.5832	-109.6467	-109.7738
554.5	0	0	0	-0.1058775	-2.096374	-31.21268	-82.94441	-100.0754	-106.7245	-106.0681	-107.4021	-107.3386	-109.0538	-109.9432	-108.5456	-109.3291	-109.4138	-109.435
554.6	0	0	0	-0.1058775	-2.075198	-31.14915	-82.75383	-99.84245	-106.3433	-105.6234	-107.0633	-107.0421	-108.8844	-109.435	-108.228	-108.8632	-109.075	-109.0961
554.7	0	0	0	-0.1058775	-2.075198	-30.97975	-82.62678	-99.37659	-105.9622	-105.2634	-106.6821	-106.7457	-108.7573	-109.0114	-107.8468	-108.6515	-108.5244	-108.715
554.8	0	0	0	-0.1058775	-2.075198	-30.87387	-82.33032	-99.01661	-105.5387	-104.861	-106.428	-106.4069	-108.3974	-108.6303	-107.4656	-108.2491	-108.2703	-108.2068
554.9	0	0	0	-0.1058775	-2.075198	-30.76799	-82.07622	-98.82603	-105.1575	-104.5222	-106.2163	-106.0045	-107.9527	-108.3127	-107.1268	-107.7833	-107.995	-107.6774
555	0	0	0	-0.1058775	-2.054023	-30.59859	-81.86446	-98.52958	-104.7975	-104.1411	-105.8987	-105.5175	-107.635	-107.995	-106.8727	-107.508	-107.5715	-107.2962
555.1	0	0	0	-0.1058775	-2.054023	-30.36566	-81.4833	-98.27547	-104.4164	-103.7811	-105.6445	-105.0093	-107.1904	-107.635	-106.5339	-107.2327	-107.1268	-107.021
555.2	0	0	0	-0.1058775	-2.054023	-30.1539	-81.12332	-97.87314	-104.1623	-103.4211	-105.221	-104.6916	-106.9574	-107.2751	-106.1528	-106.9151	-106.8092	-106.428
555.3	0	0	0	-0.1058775	-2.032847	-29.94215	-80.82687	-97.66138	-103.7599	-103.0611	-104.8822	-104.3317	-106.5339	-106.9362	-105.8563	-106.6186	-106.4916	-106.0045
555.4	0	0	0	-0.1058775	-2.032847	-29.8998	-80.59393	-97.2167	-103.2517	-102.8494	-104.6493	-103.9717	-106.1316	-106.5339	-105.5387	-106.4069	-106.1739	-105.7081
555.5	0	0	0	-0.1058775	-2.032847	-29.8151	-80.33983	-96.92023	-102.9129	-102.4259	-104.3317	-103.6329	-105.7716	-106.4492	-105.2634	-106.0681	-105.8987	-105.4751
555.6	0	0	0	-0.1058775	-2.032847	-29.68804	-80.02219	-96.53908	-102.6588	-102.1294	-103.8658	-103.2305	-105.4116	-106.1316	-104.8187	-105.7292	-105.6657	-105.1363
555.7	0	0	0	-0.1058775	-2.032847	-29.51864	-79.66221	-96.2638	-102.3835	-101.6847	-103.4635	-102.9764	-105.0516	-105.7504	-104.5858	-105.3904	-105.2422	-104.8822
555.8	0	0	0	-0.1058775	-2.032847	-29.41276	-79.42928	-95.98852	-102.1718	-101.3671	-103.2517	-102.6164	-104.6705	-105.5387	-104.2258	-105.0093	-105.1152	-104.5222
555.9	0	0	0	-0.1058775	-2.032847	-29.39159	-79.25987	-95.60736	-101.9812	-100.9436	-103.04	-102.2776	-104.4375	-105.1999	-104.014	-104.5858	-104.6281	-104.2258
556	0	0	0	-0.1058775	-2.032847	-29.26453	-78.96342	-95.26855	-101.6636	-100.5624	-102.8282	-101.8965	-104.0776	-104.8187	-103.6964	-104.1623	-104.3528	-103.9081
556.1	0	0	0	-0.1058775	-2.032847	-29.13748	-78.62461	-94.90857	-101.3247	-100.1389	-102.4894	-101.6	-103.8234	-104.4799	-103.3999	-103.9505	-103.9929	-103.654
556.2	0	0	0	-0.1058775	-2.011672	-29.07395	-78.45521	-94.61211	-101.0918	-99.8001	-102.1929	-101.3671	-103.3788	-104.1623	-103.1247	-103.6117	-103.6117	-103.3364
556.3	0	0	0	-0.1058775	-2.011672	-28.98925	-78.17992	-94.40035	-100.9012	-99.39777	-101.7271	-101.0071	-103.04	-103.9929	-102.8494	-103.3364	-103.2517	-103.0823
556.4	0	0	0	-0.1058775	-2.011672	-28.8622	-77.96817	-94.1886	-100.626	-99.05896	-101.5153	-100.626	-102.6588	-103.5482	-102.5106	-102.9129	-102.9129	-102.7647
556.5	0	0	0	-0.1058775	-1.969321	-28.81985	-77.73524	-93.80744	-100.2871	-98.7625	-101.2189	-100.1813	-102.3623	-103.2305	-102.0871	-102.4682	-102.5106	-102.4894
556.6	0	0	0	-0.1058775	-1.969321	-28.73515	-77.54466	-93.55334	-99.90598	-98.5931	-100.9648	-99.88481	-102.1082	-102.9341	-101.9177	-102.2776	-102.2353	-102.1929
556.7	0	0	0	-0.1058775	-1.948146	-28.69279	-77.26938	-93.27805	-99.58835	-98.38135	-100.6471	-99.41895	-101.7271	-102.4894	-101.5365	-101.9177	-101.8965	-101.9812
556.8	0	0	0	-0.1058775	-1.92697	-28.65044	-76.90939	-92.85455	-99.35542	-98.27547	-100.3295	-99.14367	-101.3247	-102.1294	-101.1342	-101.5153	-101.6424	-101.6636
556.9	0	0	0	-0.1058775	-1.905795	-28.52339	-76.65529	-92.60044	-98.95309	-97.93666	-100.0966	-98.6778	-101.0071	-101.7483	-100.7742	-101.0706	-101.1765	-101.2189
557	0	0	0	-0.1058775	-1.905795	-28.41751	-76.46471	-92.32516	-98.5931	-97.40727	-99.84245	-98.36017	-100.7318	-101.5153	-100.4989	-100.753	-100.8801	-100.8801
557.1	0	0	0	-0.1058775	-1.905795	-28.22693	-76.27413	-92.0287	-98.31782	-97.15317	-99.48248	-98.12724	-100.2024	-101.1553	-100.1601	-100.4142	-100.6048	-100.6683
557.2	0	0	0	-0.1058775	-1.905795	-28.16341	-76.1259	-91.79577	-98.00019	-96.77201	-99.27072	-97.80961	-99.96951	-100.7954	-99.88481	-100.0754	-100.2024	-100.5201
557.3	0	0	0	-0.1058775	-1.905795	-28.05753	-75.91415	-91.39343	-97.59785	-96.39085	-99.05896	-97.5555	-99.6307	-100.3295	-99.73658	-99.77893	-100.0542	-100.1813
557.4	0	0	0	-0.1058775	-1.905795	-27.88813	-75.59651	-91.20286	-97.36492	-96.00969	-98.6778	-97.25905	-99.27072	-99.94833	-99.37659	-99.4613	-99.65188	-99.90598
557.5	0	0	0	-0.1058775	-1.905795	-27.8246	-75.34241	-90.96992	-96.89906	-95.84029	-98.4237	-96.85671	-99.12249	-99.65188	-99.05896	-99.14367	-99.4613	-99.58835
557.6	0	0	0	-0.1058775	-1.905795	-27.76107	-74.85537	-90.65229	-96.58143	-95.60736	-98.08489	-96.62378	-98.74133	-99.31307	-98.69898	-98.80486	-98.95309	-99.37659
557.7	0	0	0	-0.1058775	-1.905795	-27.57049	-74.53774	-90.35583	-96.05204	-95.37443	-97.68256	-96.28497	-98.38135	-98.97426	-98.27547	-98.5931	-98.6778	-99.08014
557.8	0	0	0	-0.1058775	-1.905795	-27.44344	-74.30481	-90.01703	-95.62853	-95.07797	-97.40727	-96.03087	-98.19077	-98.63545	-98.00019	-98.21194	-98.4237	-98.78368
557.9	0	0	0	-0.1058775	-1.905795	-27.33756	-74.00835	-89.72057	-95.3956	-94.78152	-96.96259	-95.71323	-97.83079	-98.36017	-97.53432	-97.87314	-98.19077	-98.46605
558	0	0	0	-0.1058775	-1.905795	-27.25286	-73.69072	-89.38176	-95.09914	-94.2733	-96.68731	-95.33208	-97.42845	-98.04254	-97.23787	-97.68256	-97.91549	-98.08489
558.1	0	0	0	-0.1058775	-1.863443	-27.14698	-73.43661	-89.04295	-94.67564	-93.80744	-96.28497	-95.05679	-97.17435	-97.76726	-96.85671	-97.32257	-97.66138	-97.66138
558.2	0	0	0	-0.1058775	-1.863443	-27.01993	-73.20368	-88.59827	-94.33683	-93.55334	-96.09439	-94.61211	-96.92023	-97.51315	-96.51791	-96.96259	-97.34375	-97.40727
558.3	0	0	0	-0.1058775	-1.863443	-26.89288	-72.97076	-88.32299	-94.08273	-93.3204	-95.92499	-94.33683	-96.70848	-97.06847	-96.03087	-96.64496	-97.04729	-97.04729
558.4	0	0	0	-0.1058775	-1.863443	-26.85053	-72.56842	-88.13241	-93.84979	-92.85455	-95.69206	-94.04037	-96.36967	-96.79318	-95.71323	-96.41203	-96.62378	-96.56026
558.5	0	0	0	-0.1058775	-1.842268	-26.76583	-72.14491	-87.8783	-93.51099	-92.49456	-95.3956	-93.65921	-95.98852	-96.4332	-95.52266	-96.24262	-96.30615	-96.17909
558.6	0	0	0	-0.1058775	-1.842268	-26.7023	-71.93315	-87.58185	-93.10865	-92.13457	-95.26855	-93.46864	-95.69206	-95.88264	-95.12032	-95.96734	-96.03087	-95.92499
558.7	0	0	0	-0.1058775	-1.842268	-26.6176	-71.70023	-87.32774	-92.76984	-91.88047	-95.05679	-93.08747	-95.41678	-95.48031	-94.73917	-95.60736	-95.75558	-95.64971
558.8	0	0	0	-0.1058775	-1.842268	-26.49054	-71.48847	-87.09481	-92.47338	-91.60519	-94.73917	-92.91807	-95.24738	-95.12032	-94.50623	-95.3109	-95.3956	-95.41678
558.9	0	0	0	-0.1058775	-1.821092	-26.42702	-71.27672	-86.79836	-92.04987	-91.35108	-94.42153	-92.70631	-94.84504	-94.88739	-94.1039	-94.92974	-95.05679	-95.09914
559	0	0	0	-0.1058775	-1.821092	-26.36349	-71.04379	-86.54424	-91.60519	-90.88522	-94.20978	-92.40986	-94.48505	-94.50623	-93.91331	-94.5274	-94.71799	-94.90857
559.1	0	0	0	-0.1058775	-1.821092	-26.27879	-70.9379	-86.29014	-91.32991	-90.52524	-93.91331	-92.1134	-94.12508	-94.25213	-93.61686	-94.1886	-94.46388	-94.42153
559.2	0	0	0	-0.1058775	-1.799917	-26.23644	-70.62028	-86.01486	-90.96992	-90.14408	-93.55334	-91.90165	-93.87096	-94.0192	-93.42628	-93.82861	-94.1886	-94.12508
559.3	0	0	0	-0.1058775	-1.799917	-26.13056	-70.40852	-85.65488	-90.56759	-89.80527	-93.2357	-91.66872	-93.61686	-93.70156	-93.08747	-93.48981	-93.68039	-93.74391
559.4	0	0	0	-0.1058775	-1.799917	-26.06703	-70.15441	-85.35842	-90.2076	-89.59352	-92.8969	-91.32991	-93.44746	-93.38393	-92.79102	-93.27805	-93.19335	-93.53216
559.5	0	0	0	-0.1058775	-1.799917	-25.93998	-69.79443	-84.93491	-89.91115	-89.36059	-92.38868	-91.09698	-93.0663	-93.10865	-92.40986	-93.00277	-92.85455	-93.12982
559.6	0	0	0	-0.1058775	-1.778742	-25.81293	-69.43445	-84.65963	-89.65704	-89.21236	-92.04987	-90.82169	-92.72749	-92.85455	-92.21928	-92.68514	-92.68514	-92.66396
559.7	0	0	0	-0.1058775	-1.778742	-25.77058	-69.11681	-84.36317	-89.40294	-88.97943	-91.83812	-90.56759	-92.32516	-92.40986	-91.75342	-92.26163	-92.49456	-92.36751
559.8	0	0	0	-0.1058775	-1.757566	-25.72823	-68.96858	-84.10906	-89.10648	-88.7465	-91.52048	-90.31348	-91.98635	-92.04987	-91.41461	-91.98635	-92.30398	-92.0287
559.9	0	0	0	-0.1058775	-1.757566	-25.64352	-68.58743	-83.83379	-88.85237	-88.51357	-91.28756	-89.97468	-91.64754	-91.56284	-91.03345	-91.64754	-91.8593	-91.79577
560	0	0	0	-0.1058775	-1.736391	-25.62235	-68.26979	-83.57967	-88.32299	-87.94183	-90.84287	-89.76292	-91.39343	-91.30873	-90.75817	-91.37226	-91.58401	-91.39343
560.1	0	0	0	-0.1058775	-1.736391	-25.47412	-68.05804	-83.36792	-87.94183	-87.5395	-90.65229	-89.57234	-91.05463	-90.96992	-90.52524	-91.03345	-91.22403	-90.96992
560.2	0	0	0	-0.1058775	-1.715215	-25.36824	-67.82511	-83.07146	-87.6242	-87.30656	-90.31348	-89.21236	-90.84287	-90.73699	-90.14408	-90.67347	-90.94875	-90.56759
560.3	0	0	0	-0.1058775	-1.715215	-25.30472	-67.52865	-82.90206	-87.24303	-86.96776	-90.05938	-88.97943	-90.58877	-90.48289	-89.80527	-90.2923	-90.73699	-90.2076
560.4	0	0	0	-0.1058775	-1.69404	-25.22001	-67.35925	-82.69031	-87.05246	-86.73483	-89.76292	-88.68297	-90.31348	-90.33466	-89.59352	-90.0382	-90.37701	-89.84763
560.5	0	0	0	-0.1058775	-1.69404	-25.22001	-67.21102	-82.39385	-86.73483	-86.39602	-89.44529	-88.38651	-90.1229	-89.88998	-89.25471	-89.80527	-90.01703	-89.52999
560.6	0	0	0	-0.1058775	-1.672864	-25.13531	-66.99927	-82.07622	-86.48072	-86.03603	-89.17001	-88.11123	-89.7841	-89.67822	-89.02178	-89.63587	-89.7841	-89.0853
560.7	0	0	0	-0.1058775	-1.672864	-25.02943	-66.78751	-81.80093	-86.26897	-85.84545	-88.95825	-87.89948	-89.65704	-89.40294	-88.78885	-89.33941	-89.40294	-88.64062
560.8	0	0	0	-0.1058775	-1.672864	-24.88121	-66.55458	-81.63153	-85.8878	-85.65488	-88.6618	-87.66655	-89.33941	-89.19118	-88.45004	-89.06413	-88.93708	-88.34416
560.9	0	0	0	-0.1058775	-1.672864	-24.75415	-66.30048	-81.3986	-85.549	-85.29489	-88.42886	-87.43362	-89.17001	-88.81002	-88.13241	-88.85237	-88.61945	-88.04771
561	0	0	0	-0.1058775	-1.672864	-24.6271	-65.98284	-80.95392	-85.40077	-85.10431	-88.13241	-87.05246	-88.87355	-88.53474	-87.68772	-88.53474	-88.23829	-87.75125
561.1	0	0	0	-0.1058775	-1.651689	-24.56357	-65.66521	-80.63628	-85.01961	-84.6808	-87.96301	-86.84071	-88.55592	-88.32299	-87.34892	-88.28064	-87.83595	-87.43362
561.2	0	0	0	-0.1058775	-1.651689	-24.47887	-65.36875	-80.40335	-84.78668	-84.27847	-87.68772	-86.60777	-88.28064	-87.96301	-87.13716	-87.96301	-87.6242	-87.22186
561.3	0	0	0	-0.1058775	-1.651689	-24.33064	-65.26287	-80.14925	-84.44787	-84.00319	-87.32774	-86.31132	-87.98418	-87.7089	-86.86188	-87.6242	-87.32774	-86.88306
561.4	0	0	0	-0.1058775	-1.651689	-24.30947	-65.13582	-79.83161	-84.10906	-83.6432	-87.01011	-85.90898	-87.85712	-87.4548	-86.62894	-87.28539	-86.96776	-86.58659
561.5	0	0	0	-0.1058775	-1.651689	-24.22477	-64.96642	-79.61986	-83.68555	-83.43145	-86.81953	-85.65488	-87.56067	-87.20068	-86.45954	-86.96776	-86.756	-86.39602
561.6	0	0	0	-0.1058775	-1.651689	-24.16124	-64.79701	-79.36575	-83.3044	-83.3044	-86.45954	-85.42194	-87.32774	-86.88306	-86.18427	-86.6713	-86.39602	-86.09956
561.7	0	0	0	-0.1058775	-1.609338	-24.11889	-64.56408	-79.11165	-82.98676	-83.05029	-86.22662	-85.10431	-87.13716	-86.58659	-85.69723	-86.41719	-86.05721	-85.8878
561.8	0	0	0	-0.1058775	-1.609338	-24.01301	-64.35233	-78.77284	-82.77501	-82.88088	-85.90898	-84.91373	-86.84071	-86.35367	-85.48547	-86.22662	-85.73958	-85.65488
561.9	0	0	0	-0.1058775	-1.609338	-23.90713	-64.18292	-78.51873	-82.54208	-82.60561	-85.73958	-84.55375	-86.48072	-86.09956	-85.29489	-85.97251	-85.549	-85.37959
562	0	0	0	-0.1058775	-1.609338	-23.80126	-63.97117	-78.26463	-82.33032	-82.37267	-85.52782	-84.19376	-86.24779	-85.69723	-85.04079	-85.8031	-85.27372	-84.99844
562.1	0	0	0	-0.1058775	-1.609338	-23.75891	-63.65354	-77.90465	-82.01269	-82.09739	-85.18902	-83.83379	-85.8031	-85.46429	-84.74433	-85.549	-84.95609	-84.65963
562.2	0	0	0	-0.1058775	-1.609338	-23.71655	-63.44178	-77.60818	-81.50448	-81.84328	-85.04079	-83.5585	-85.52782	-85.27372	-84.36317	-85.37959	-84.74433	-84.4267
562.3	0	0	0	-0.1058775	-1.588162	-23.5895	-63.23003	-77.31173	-81.18684	-81.63153	-84.89256	-83.36792	-85.27372	-85.10431	-84.15141	-85.10431	-84.40552	-84.25729
562.4	0	0	0	-0.1058775	-1.588162	-23.52597	-63.10297	-77.03645	-80.91157	-81.18684	-84.63845	-83.07146	-85.12549	-84.82903	-83.89731	-84.8502	-84.19376	-83.96084
562.5	0	0	0	-0.1058775	-1.588162	-23.44127	-62.95475	-76.80352	-80.55158	-80.91157	-84.36317	-82.92323	-84.8502	-84.53258	-83.6432	-84.63845	-83.96084	-83.57967
562.6	0	0	0	-0.1058775	-1.588162	-23.31422	-62.78534	-76.54942	-80.31865	-80.6151	-84.15141	-82.64796	-84.5961	-84.17259	-83.32557	-84.46905	-83.5585	-83.34675
562.7	0	0	0	-0.1058775	-1.588162	-23.20834	-62.53123	-76.18943	-80.12807	-80.42453	-83.96084	-82.4362	-84.27847	-83.91849	-83.07146	-84.27847	-83.36792	-83.09264
562.8	0	0	0	-0.1058775	-1.588162	-23.12364	-62.25595	-75.82944	-79.85279	-80.12807	-83.62202	-82.03387	-84.04554	-83.70673	-82.75383	-84.08789	-83.07146	-82.90206
562.9	0	0	0	-0.1058775	-1.588162	-23.06011	-62.06538	-75.46946	-79.57751	-79.91631	-83.3891	-81.84328	-83.74908	-83.34675	-82.47855	-83.85496	-82.81736	-82.5209
563	0	0	0	-0.1058775	-1.566987	-22.97541	-61.81127	-75.21535	-79.34458	-79.57751	-83.07146	-81.56801	-83.43145	-83.17735	-82.22444	-83.62202	-82.60561	-82.33032
563.1	0	0	0	-0.1058775	-1.566987	-22.97541	-61.62069	-74.94008	-79.154	-79.28105	-82.85971	-81.3139	-82.98676	-82.88088	-81.94917	-83.41027	-82.2668	-82.07622
563.2	0	0	0	-0.1058775	-1.566987	-22.84836	-61.40894	-74.62244	-78.94225	-79.00577	-82.58443	-81.05979	-82.58443	-82.58443	-81.50448	-83.24087	-82.09739	-81.82211
563.3	0	0	0	-0.1058775	-1.524636	-22.78483	-61.32423	-74.36834	-78.66696	-78.77284	-82.20327	-80.82687	-82.3515	-82.37267	-81.16567	-82.98676	-81.80093	-81.63153
563.4	0	0	0	-0.1058775	-1.50346	-22.72131	-61.176	-74.09306	-78.51873	-78.49756	-81.94917	-80.50923	-82.01269	-82.18209	-80.89039	-82.66913	-81.41978	-81.27155
563.5	0	0	0	-0.1058775	-1.482285	-22.67896	-60.94307	-73.98717	-78.24345	-78.15875	-81.63153	-80.17043	-81.82211	-81.97034	-80.63628	-82.39385	-81.10214	-81.05979
563.6	0	0	0	-0.1058775	-1.461109	-22.6366	-60.73132	-73.77542	-77.90465	-77.96817	-81.41978	-79.83161	-81.58918	-81.75858	-80.33983	-82.18209	-80.69981	-80.82687
563.7	0	0	0	-0.1058775	-1.461109	-22.61543	-60.45604	-73.47897	-77.62936	-77.73524	-81.25037	-79.53516	-81.3986	-81.4833	-80.14925	-81.90681	-80.48805	-80.55158
563.8	0	0	0	-0.1058775	-1.461109	-22.59425	-60.30781	-73.22486	-77.22703	-77.52348	-80.91157	-79.2387	-81.22919	-81.12332	-79.74691	-81.65271	-80.2763	-80.361
563.9	0	0	0	-0.1058775	-1.461109	-22.5519	-60.1384	-72.94958	-77.03645	-77.29056	-80.57275	-78.85754	-80.84804	-80.80569	-79.53516	-81.33508	-80.02219	-80.02219
564	0	0	0	-0.1058775	-1.461109	-22.48837	-59.969	-72.69547	-76.80352	-77.14233	-80.38218	-78.73049	-80.6151	-80.55158	-79.25987	-81.05979	-79.68339	-79.89514
564.1	0	0	0	-0.1058775	-1.461109	-22.44602	-59.84195	-72.42019	-76.52824	-76.86704	-80.12807	-78.49756	-80.31865	-80.2763	-79.04812	-80.72099	-79.4081	-79.53516
564.2	0	0	0	-0.1058775	-1.439934	-22.36132	-59.65137	-72.20844	-76.40118	-76.50706	-79.83161	-78.30698	-79.95866	-80.06454	-78.85754	-80.4457	-79.19635	-79.25987
564.3	0	0	0	-0.1058775	-1.439934	-22.34015	-59.41844	-71.91198	-76.16825	-76.2953	-79.59869	-77.96817	-79.72574	-79.76809	-78.66696	-80.23395	-78.92107	-78.9846
564.4	0	0	0	-0.1058775	-1.439934	-22.27662	-59.24903	-71.57317	-75.82944	-76.08355	-79.34458	-77.75642	-79.57751	-79.64104	-78.39168	-79.93749	-78.62461	-78.83636
564.5	0	0	0	-0.1058775	-1.439934	-22.21309	-59.0161	-71.25554	-75.49064	-75.80827	-79.0693	-77.58701	-79.47163	-79.21752	-78.09522	-79.78926	-78.43403	-78.56108
564.6	0	0	0	-0.1058775	-1.439934	-22.17074	-58.71965	-71.00143	-75.15183	-75.55416	-78.64579	-77.33291	-79.19635	-78.89989	-77.81994	-79.64104	-78.2858	-78.41286
564.7	0	0	0	-0.1058775	-1.439934	-22.10722	-58.52907	-70.81085	-74.96125	-75.32124	-78.39168	-77.01527	-78.87872	-78.70931	-77.54466	-79.42928	-78.13757	-78.13757
564.8	0	0	0	-0.1058775	-1.439934	-22.02251	-58.33849	-70.72615	-74.7495	-75.0883	-78.09522	-76.80352	-78.68814	-78.58226	-77.24821	-79.2387	-77.79877	-77.947
564.9	0	0	0	-0.1058775	-1.439934	-21.93781	-58.12673	-70.49322	-74.47421	-74.85537	-77.8623	-76.59177	-78.39168	-78.34933	-77.05762	-79.0693	-77.54466	-77.69289
565	0	0	0	-0.1058775	-1.439934	-21.87429	-57.95733	-70.34499	-74.17776	-74.62244	-77.52348	-76.40118	-78.17992	-78.05287	-76.73999	-78.92107	-77.31173	-77.41761
565.1	0	0	0	-0.1058775	-1.397583	-21.85311	-57.78793	-70.11206	-73.7966	-74.30481	-77.26938	-76.16825	-78.01052	-77.73524	-76.48589	-78.75166	-76.90939	-77.24821
565.2	0	0	0	-0.1058775	-1.376407	-21.83193	-57.63969	-69.87914	-73.5425	-73.94482	-77.01527	-75.93533	-77.73524	-77.48113	-76.18943	-78.41286	-76.57059	-76.97292
565.3	0	0	0	-0.1058775	-1.376407	-21.74723	-57.38559	-69.70972	-73.41544	-73.58485	-76.86704	-75.63887	-77.37526	-77.35408	-75.97768	-78.2011	-76.27413	-76.76117
565.4	0	0	0	-0.1058775	-1.376407	-21.64136	-57.11031	-69.49797	-73.16133	-73.39426	-76.59177	-75.44829	-77.12115	-77.0788	-75.76592	-77.88347	-76.02003	-76.40118
565.5	0	0	0	-0.1058775	-1.376407	-21.55665	-56.96208	-69.32857	-72.8437	-73.20368	-76.33765	-75.27888	-76.78234	-76.80352	-75.51181	-77.60818	-75.82944	-76.14708
565.6	0	0	0	-0.1058775	-1.355232	-21.45078	-56.83503	-68.94741	-72.50489	-72.94958	-75.9565	-75.13065	-76.61294	-76.59177	-75.19418	-77.35408	-75.53299	-75.82944
565.7	0	0	0	-0.1058775	-1.355232	-21.40842	-56.58092	-68.77801	-72.29314	-72.65312	-75.78709	-74.8342	-76.44353	-76.40118	-74.85537	-77.09998	-75.42711	-75.68122
565.8	0	0	0	-0.1058775	-1.355232	-21.30255	-56.39034	-68.46037	-72.10256	-72.44137	-75.59651	-74.64362	-76.2106	-76.14708	-74.55891	-76.88822	-75.173	-75.27888
565.9	0	0	0	-0.1058775	-1.355232	-21.21785	-56.28447	-68.26979	-71.95433	-72.12373	-75.38476	-74.32599	-75.97768	-75.91415	-74.09306	-76.57059	-74.89772	-74.98243
566	0	0	0	-0.1058775	-1.355232	-21.1755	-56.11506	-68.07922	-71.76375	-71.93315	-75.0036	-74.0507	-75.68122	-75.66004	-73.8813	-76.33765	-74.68597	-74.7495
566.1	0	0	0	-0.1058775	-1.355232	-21.11197	-55.94566	-67.80393	-71.48847	-71.59435	-74.8342	-73.92365	-75.42711	-75.42711	-73.58485	-76.14708	-74.41069	-74.55891
566.2	0	0	0	-0.1058775	-1.334056	-21.06962	-55.67038	-67.61336	-71.27672	-71.38259	-74.62244	-73.73307	-75.173	-75.173	-73.39426	-75.78709	-74.19894	-74.30481
566.3	0	0	0	-0.1058775	-1.334056	-20.96374	-55.37392	-67.4016	-71.17084	-71.14966	-74.36834	-73.47897	-74.85537	-74.87655	-73.18251	-75.55416	-73.94482	-74.11423
566.4	0	0	0	-0.1058775	-1.334056	-20.85786	-55.18334	-67.14749	-70.9379	-70.87438	-74.28364	-73.14016	-74.7495	-74.72832	-72.71665	-75.34241	-73.6272	-73.86012
566.5	0	0	0	-0.1058775	-1.334056	-20.81551	-55.01394	-66.93574	-70.78968	-70.47205	-74.0507	-72.759	-74.49539	-74.43186	-72.48372	-75.04595	-73.37309	-73.58485
566.6	0	0	0	-0.1058775	-1.334056	-20.77316	-54.88688	-66.7028	-70.4297	-70.30264	-73.7119	-72.50489	-74.30481	-74.07188	-72.22961	-74.87655	-73.03428	-73.33073
566.7	0	0	0	-0.1058775	-1.334056	-20.77316	-54.65395	-66.40635	-70.19676	-69.96384	-73.52132	-72.14491	-74.07188	-73.90247	-71.8908	-74.51656	-72.78017	-73.07663
566.8	0	0	0	-0.1058775	-1.334056	-20.68846	-54.48455	-66.2793	-69.85796	-69.70972	-73.28838	-71.8908	-73.86012	-73.66955	-71.65788	-74.28364	-72.58959	-72.80135
566.9	0	0	0	-0.1058775	-1.334056	-20.64611	-54.25162	-66.00401	-69.58267	-69.4768	-73.05546	-71.7214	-73.64837	-73.35191	-71.44612	-74.0507	-72.35667	-72.67429
567	0	0	0	-0.1058775	-1.334056	-20.62493	-54.10339	-65.74991	-69.32857	-69.07446	-72.88605	-71.46729	-73.45779	-73.05546	-71.17084	-73.8813	-72.18726	-72.50489
567.1	0	0	0	-0.1058775	-1.334056	-20.51905	-53.97634	-65.4958	-69.03211	-68.77801	-72.73782	-71.25554	-73.20368	-72.88605	-70.9379	-73.52132	-71.95433	-72.29314
567.2	0	0	0	-0.1058775	-1.334056	-20.43435	-53.87046	-65.4111	-68.88388	-68.58743	-72.46254	-71.08614	-72.8437	-72.56842	-70.72615	-73.26721	-71.76375	-72.08138
567.3	0	0	0	-0.1058775	-1.334056	-20.3073	-53.76458	-65.13582	-68.62978	-68.33332	-72.27197	-70.89555	-72.56842	-72.25079	-70.5991	-73.14016	-71.57317	-71.84845
567.4	0	0	0	-0.1058775	-1.334056	-20.20142	-53.61635	-64.90289	-68.5239	-68.01569	-72.10256	-70.66263	-72.33549	-71.99668	-70.38734	-72.88605	-71.38259	-71.65788
567.5	0	0	0	-0.1058775	-1.334056	-20.11672	-53.42577	-64.83936	-68.31215	-67.82511	-71.84845	-70.4297	-72.18726	-71.7214	-70.13324	-72.54724	-71.17084	-71.40377
567.6	0	0	0	-0.1058775	-1.334056	-20.09554	-53.25637	-64.60643	-68.16392	-67.67688	-71.6367	-70.23911	-72.01786	-71.38259	-69.83678	-72.27197	-70.95908	-71.17084
567.7	0	0	0	-0.1058775	-1.334056	-20.05319	-53.08696	-64.30997	-68.07922	-67.38042	-71.42494	-69.98501	-71.86963	-71.29789	-69.75208	-71.95433	-70.78968	-70.98026
567.8	0	0	0	-0.1058775	-1.334056	-20.01084	-52.91756	-64.16175	-67.80393	-67.31689	-71.21319	-69.75208	-71.55199	-71.00143	-69.51915	-71.74258	-70.62028	-70.72615
567.9	0	0	0	-0.1058775	-1.312881	-19.98967	-52.66346	-63.92882	-67.54983	-67.10514	-71.14966	-69.45562	-71.40377	-70.72615	-69.24387	-71.53082	-70.53558	-70.4297
568	0	0	0	-0.1058775	-1.312881	-19.84144	-52.59993	-63.71706	-67.29572	-66.99927	-70.95908	-69.26505	-71.12849	-70.47205	-69.05329	-71.31907	-70.21794	-70.06971
568.1	0	0	0	-0.1058775	-1.312881	-19.79909	-52.367	-63.44178	-67.08397	-66.80869	-70.62028	-69.03211	-71.02261	-70.23911	-68.71448	-71.06496	-70.06971	-69.83678
568.2	0	0	0	-0.1058775	-1.312881	-19.67204	-52.13407	-63.18768	-66.87222	-66.59693	-70.40852	-68.79918	-70.7685	-70.02736	-68.46037	-70.91673	-69.90031	-69.62502
568.3	0	0	0	-0.1058775	-1.312881	-19.62968	-51.87996	-62.89122	-66.74516	-66.364	-70.13324	-68.6086	-70.53558	-69.66737	-68.26979	-70.81085	-69.66737	-69.3921
568.4	0	0	0	-0.1058775	-1.312881	-19.50263	-51.77409	-62.57359	-66.42753	-66.23695	-69.85796	-68.29097	-70.36617	-69.45562	-68.05804	-70.5991	-69.45562	-69.18034
568.5	0	0	0	-0.1058775	-1.312881	-19.46028	-51.60468	-62.44653	-66.25813	-66.06754	-69.5615	-68.01569	-70.09089	-69.18034	-67.88863	-70.40852	-69.18034	-69.05329
568.6	0	0	0	-0.1058775	-1.312881	-19.37558	-51.35057	-62.36183	-65.89814	-65.77109	-69.28622	-67.76158	-69.75208	-68.90506	-67.71923	-70.26029	-68.88388	-68.77801
568.7	0	0	0	-0.1058775	-1.312881	-19.2697	-51.2447	-62.08655	-65.58051	-65.64404	-69.01093	-67.46513	-69.4768	-68.73566	-67.63453	-69.94266	-68.67213	-68.5239
568.8	0	0	0	-0.1058775	-1.291705	-19.14265	-51.13882	-61.93832	-65.43228	-65.51698	-68.71448	-67.25337	-69.24387	-68.5239	-67.33807	-69.7309	-68.48155	-68.31215
568.9	0	0	0	-0.1058775	-1.291705	-19.05795	-51.01176	-61.66304	-65.157	-65.3264	-68.46037	-67.10514	-68.94741	-68.24862	-67.02044	-69.5615	-68.26979	-68.12157
569	0	0	0	-0.1058775	-1.291705	-18.93089	-50.86354	-61.55716	-64.96642	-65.11465	-68.26979	-66.78751	-68.69331	-68.03687	-66.89339	-69.34975	-67.99451	-67.97334
569.1	0	0	0	-0.1058775	-1.291705	-18.88854	-50.67296	-61.38776	-64.73349	-64.92406	-68.05804	-66.6181	-68.56625	-67.82511	-66.4487	-69.09564	-67.67688	-67.80393
569.2	0	0	0	-0.1058775	-1.291705	-18.80384	-50.50356	-61.2607	-64.54291	-64.81819	-67.82511	-66.34283	-68.3545	-67.4863	-66.30048	-68.94741	-67.50748	-67.61336
569.3	0	0	0	-0.1058775	-1.291705	-18.78266	-50.35533	-60.98542	-64.3735	-64.50056	-67.65571	-66.08871	-68.20627	-67.38042	-66.13107	-68.58743	-67.25337	-67.46513
569.4	0	0	0	-0.1058775	-1.291705	-18.74031	-50.12239	-60.79485	-64.1194	-64.33115	-67.4863	-65.98284	-67.90981	-67.16867	-65.85579	-68.4392	-66.97809	-67.31689
569.5	0	0	0	-0.1058775	-1.291705	-18.65561	-49.93182	-60.62544	-63.78059	-63.94999	-67.06279	-65.85579	-67.74041	-66.93574	-65.62286	-68.16392	-66.7028	-66.99927
569.6	0	0	0	-0.1058775	-1.291705	-18.61326	-49.72006	-60.43486	-63.52649	-63.78059	-66.87222	-65.58051	-67.54983	-66.76633	-65.34757	-67.97334	-66.5334	-66.80869
569.7	0	0	0	-0.1058775	-1.291705	-18.59208	-49.59301	-60.07488	-63.35708	-63.54766	-66.74516	-65.26287	-67.33807	-66.57575	-65.13582	-67.80393	-66.30048	-66.57575
569.8	0	0	0	-0.1058775	-1.291705	-18.54973	-49.44478	-59.8843	-63.1665	-63.37825	-66.49105	-64.96642	-67.21102	-66.38518	-65.00877	-67.74041	-66.13107	-66.38518
569.9	0	0	0	-0.1058775	-1.291705	-18.52856	-49.19067	-59.73607	-62.95475	-63.0818	-66.1946	-64.77584	-67.02044	-66.15224	-64.77584	-67.67688	-65.87696	-66.15224
570	0	0	0	-0.1058775	-1.27053	-18.48621	-49.06362	-59.50314	-62.80652	-62.93357	-65.89814	-64.60643	-66.78751	-65.94049	-64.60643	-67.50748	-65.66521	-66.06754
570.1	0	0	0	-0.1058775	-1.27053	-18.42268	-48.89422	-59.35491	-62.51006	-62.67946	-65.77109	-64.39468	-66.57575	-65.77109	-64.43703	-67.27454	-65.4958	-65.87696
570.2	0	0	0	-0.1058775	-1.27053	-18.38033	-48.76716	-59.29139	-62.29831	-62.44653	-65.60168	-64.2041	-66.51223	-65.51698	-64.24645	-66.99927	-65.2417	-65.70756
570.3	0	0	0	-0.1058775	-1.27053	-18.33798	-48.55541	-59.16433	-62.06538	-62.23478	-65.4111	-64.05587	-66.32165	-65.4111	-64.07705	-66.78751	-65.05112	-65.53815
570.4	0	0	0	-0.1058775	-1.27053	-18.3168	-48.32248	-58.97375	-61.83244	-62.02302	-65.11465	-63.82294	-65.96166	-65.17817	-63.82294	-66.5334	-64.79701	-65.34757
570.5	0	0	0	-0.1058775	-1.27053	-18.29563	-48.19543	-58.69847	-61.57834	-61.85362	-64.83936	-63.67471	-65.74991	-64.94524	-63.54766	-66.17342	-64.64879	-65.13582
570.6	0	0	0	-0.1058775	-1.27053	-18.21093	-47.96249	-58.52907	-61.45129	-61.62069	-64.69114	-63.31473	-65.53815	-64.71231	-63.35708	-65.91931	-64.43703	-64.94524
570.7	0	0	0	-0.1058775	-1.27053	-18.1474	-47.79309	-58.35966	-61.23953	-61.21835	-64.50056	-62.97592	-65.3264	-64.52173	-63.1665	-65.60168	-64.26762	-64.71231
570.8	0	0	0	-0.1058775	-1.27053	-18.08387	-47.64486	-58.16908	-61.07013	-61.02777	-64.24645	-62.78534	-64.98759	-64.24645	-63.0818	-65.4111	-64.14057	-64.54291
570.9	0	0	0	-0.1058775	-1.27053	-18.08387	-47.51781	-58.08438	-60.96425	-60.85837	-63.97117	-62.59476	-64.62761	-64.1194	-62.84887	-65.19935	-63.97117	-64.33115
571	0	0	0	-0.1058775	-1.27053	-17.99917	-47.47546	-57.8091	-60.87955	-60.62544	-63.71706	-62.34066	-64.39468	-63.92882	-62.72181	-65.11465	-63.73824	-64.16175
571.1	0	0	0	-0.1058775	-1.27053	-17.93564	-47.30605	-57.57617	-60.54074	-60.41368	-63.48413	-62.10773	-64.18292	-63.61119	-62.51006	-64.94524	-63.61119	-63.88647
571.2	0	0	0	-0.1058775	-1.27053	-17.89329	-47.20018	-57.32206	-60.26546	-60.24428	-63.37825	-61.91714	-63.99234	-63.44178	-62.25595	-64.66996	-63.48413	-63.52649
571.3	0	0	0	-0.1058775	-1.27053	-17.87212	-47.05195	-57.11031	-60.01135	-60.07488	-63.14532	-61.74774	-63.84412	-63.06062	-62.1289	-64.45821	-63.29355	-63.3359
571.4	0	0	0	-0.1058775	-1.27053	-17.87212	-46.94607	-56.91973	-59.90548	-59.8843	-62.9124	-61.62069	-63.59001	-62.76416	-61.9595	-64.22527	-62.95475	-63.12415
571.5	0	0	0	-0.1058775	-1.27053	-17.78741	-46.84019	-56.7715	-59.69372	-59.67254	-62.76416	-61.40894	-63.3359	-62.57359	-61.83244	-64.05587	-62.84887	-62.87004
571.6	0	0	0	-0.1058775	-1.27053	-17.70271	-46.69197	-56.64445	-59.46079	-59.50314	-62.59476	-61.30305	-63.06062	-62.34066	-61.51481	-63.80177	-62.76416	-62.57359
571.7	0	0	0	-0.1058775	-1.27053	-17.68154	-46.58609	-56.45387	-59.33374	-59.16433	-62.29831	-61.11248	-62.89122	-62.1289	-61.36658	-63.56884	-62.55241	-62.42536
571.8	0	0	0	-0.1058775	-1.27053	-17.66036	-46.39551	-56.07271	-59.14316	-58.95258	-62.1289	-60.90072	-62.76416	-61.93832	-61.23953	-63.48413	-62.46771	-62.23478
571.9	0	0	0	-0.1058775	-1.27053	-17.63919	-46.31081	-55.88213	-58.95258	-58.762	-61.89597	-60.60427	-62.53123	-61.68422	-61.0066	-63.23003	-62.34066	-62.15008
572	0	0	0	-0.1058775	-1.249354	-17.55449	-46.20493	-55.71273	-58.8467	-58.63494	-61.62069	-60.28663	-62.25595	-61.43011	-60.77367	-63.12415	-62.23478	-61.89597
572.1	0	0	0	-0.1058775	-1.249354	-17.42743	-46.0567	-55.52215	-58.59259	-58.48672	-61.38776	-59.969	-62.0442	-61.23953	-60.54074	-62.87004	-62.00185	-61.74774
572.2	0	0	0	-0.1058775	-1.249354	-17.38508	-45.88729	-55.39509	-58.40202	-58.27496	-61.28188	-59.75724	-61.87479	-61.07013	-60.30781	-62.70064	-61.83244	-61.62069
572.3	0	0	0	-0.1058775	-1.249354	-17.32155	-45.65437	-55.22569	-58.19026	-58.04203	-61.11248	-59.46079	-61.64186	-60.90072	-60.09605	-62.34066	-61.59951	-61.49364
572.4	0	0	0	-0.1058775	-1.249354	-17.25803	-45.50614	-55.01394	-57.91498	-57.87263	-60.98542	-59.31256	-61.45129	-60.66779	-59.94783	-62.2136	-61.34541	-61.34541
572.5	0	0	0	-0.1058775	-1.249354	-17.13098	-45.35791	-54.78101	-57.7244	-57.49147	-60.87955	-59.1008	-61.28188	-60.32898	-59.75724	-62.00185	-61.19718	-61.176
572.6	0	0	0	-0.1058775	-1.249354	-17.1098	-45.20968	-54.67513	-57.49147	-57.38559	-60.71014	-58.82552	-61.07013	-60.15958	-59.60902	-61.87479	-60.98542	-60.94307
572.7	0	0	0	-0.1058775	-1.249354	-17.1098	-45.04028	-54.5269	-57.27971	-57.08913	-60.49839	-58.6773	-60.9219	-59.99018	-59.41844	-61.68422	-60.87955	-60.87955
572.8	0	0	0	-0.1058775	-1.228179	-17.0251	-44.87087	-54.39985	-57.06796	-56.87738	-60.32898	-58.52907	-60.8372	-59.73607	-59.20668	-61.53599	-60.68897	-60.58309
572.9	0	0	0	-0.1058775	-1.228179	-16.96157	-44.70147	-54.20927	-56.96208	-56.62327	-60.18076	-58.42319	-60.77367	-59.54549	-59.07963	-61.40894	-60.49839	-60.39251
573	0	0	0	-0.1058775	-1.228179	-16.87687	-44.53207	-54.10339	-56.83503	-56.43269	-60.1384	-58.23261	-60.54074	-59.29139	-58.82552	-61.15483	-60.20193	-60.15958
573.1	0	0	0	-0.1058775	-1.228179	-16.85569	-44.40501	-53.82811	-56.70797	-56.22094	-59.84195	-58.10556	-60.45604	-59.16433	-58.63494	-60.87955	-60.01135	-59.94783
573.2	0	0	0	-0.1058775	-1.228179	-16.83452	-44.23561	-53.6587	-56.55975	-55.98801	-59.60902	-57.8938	-60.32898	-58.9314	-58.35966	-60.79485	-59.79959	-59.67254
573.3	0	0	0	-0.1058775	-1.207003	-16.83452	-44.12973	-53.55283	-56.34799	-55.79743	-59.39726	-57.68205	-60.18076	-58.74082	-58.21143	-60.60427	-59.67254	-59.54549
573.4	0	0	0	-0.1058775	-1.207003	-16.77099	-44.00268	-53.36225	-56.19976	-55.60685	-59.24903	-57.55499	-59.92665	-58.52907	-57.85145	-60.37133	-59.52431	-59.48196
573.5	0	0	0	-0.1058775	-1.207003	-16.72864	-43.93915	-53.15049	-56.05153	-55.50097	-59.03728	-57.38559	-59.60902	-58.29613	-57.63969	-60.15958	-59.27021	-59.39726
573.6	0	0	0	-0.1058775	-1.207003	-16.62276	-43.79092	-53.02344	-55.88213	-55.37392	-58.74082	-57.25854	-59.48196	-58.10556	-57.49147	-59.8843	-59.07963	-59.20668
573.7	0	0	0	-0.1058775	-1.207003	-16.58041	-43.68504	-52.89639	-55.6492	-55.14099	-58.48672	-57.04678	-59.35491	-57.9785	-57.23736	-59.73607	-58.97375	-59.05845
573.8	0	0	0	-0.1058775	-1.207003	-16.49571	-43.57917	-52.68463	-55.35274	-54.82336	-58.31731	-56.94091	-59.16433	-57.83028	-57.11031	-59.56667	-58.762	-58.88905
573.9	0	0	0	-0.1058775	-1.207003	-16.43218	-43.55799	-52.40935	-55.16216	-54.67513	-58.16908	-56.79268	-58.99493	-57.7244	-56.89855	-59.31256	-58.55024	-58.65612
574	0	0	0	-0.1058775	-1.207003	-16.43218	-43.36741	-52.23994	-55.01394	-54.46337	-57.95733	-56.62327	-58.80435	-57.55499	-56.66562	-59.24903	-58.29613	-58.52907
574.1	0	0	0	-0.1058775	-1.207003	-16.36866	-43.24036	-52.02819	-54.95041	-54.18809	-57.8091	-56.39034	-58.6773	-57.38559	-56.5174	-59.12198	-58.16908	-58.27496
574.2	0	0	0	-0.1058775	-1.207003	-16.36866	-43.13448	-51.81644	-54.82336	-54.03986	-57.61852	-56.26329	-58.59259	-57.17384	-56.30564	-58.91022	-57.9785	-57.99968
574.3	0	0	0	-0.1058775	-1.185828	-16.19925	-43.00743	-51.62585	-54.59042	-53.7434	-57.42794	-56.13623	-58.48672	-57.02561	-56.13623	-58.69847	-57.8938	-57.8938
574.4	0	0	0	-0.1058775	-1.185828	-16.17808	-42.81685	-51.56233	-54.35749	-53.55283	-57.30089	-55.90331	-58.33849	-56.87738	-55.94566	-58.44437	-57.66087	-57.74557
574.5	0	0	0	-0.1058775	-1.185828	-16.13573	-42.58392	-51.35057	-54.25162	-53.42577	-57.13148	-55.75508	-58.19026	-56.6021	-55.75508	-58.21143	-57.55499	-57.55499
574.6	0	0	0	-0.1058775	-1.185828	-16.09338	-42.47804	-51.20235	-54.08221	-53.19284	-56.98326	-55.58567	-58.02085	-56.41152	-55.58567	-58.14791	-57.30089	-57.36441
574.7	0	0	0	-0.1058775	-1.185828	-16.09338	-42.28746	-51.07529	-53.89163	-53.06579	-56.8562	-55.41627	-57.8938	-56.22094	-55.39509	-57.87263	-57.15266	-56.98326
574.8	0	0	0	-0.1058775	-1.164652	-16.02985	-42.07571	-50.92706	-53.7434	-52.81168	-56.66562	-55.26804	-57.7244	-56.03036	-55.14099	-57.70322	-56.96208	-56.66562
574.9	0	0	0	-0.1058775	-1.164652	-16.00867	-41.86395	-50.77884	-53.51048	-52.64228	-56.39034	-54.90806	-57.53382	-55.88213	-54.90806	-57.51264	-56.83503	-56.45387
575	0	0	0	-0.1058775	-1.143477	-15.94515	-41.77925	-50.67296	-53.29872	-52.5364	-56.22094	-54.80218	-57.23736	-55.8186	-54.86571	-57.36441	-56.6021	-56.17859
575.1	0	0	0	-0.1058775	-1.143477	-15.88162	-41.67337	-50.54591	-53.04461	-52.40935	-56.00918	-54.54807	-57.02561	-55.58567	-54.63277	-57.13148	-56.45387	-55.96683
575.2	0	0	0	-0.1058775	-1.122301	-15.79692	-41.54632	-50.39768	-52.83286	-52.30347	-55.86095	-54.33632	-56.7715	-55.41627	-54.35749	-56.96208	-56.28447	-55.69155
575.3	0	0	0	-0.1058775	-1.122301	-15.73339	-41.44044	-50.24945	-52.64228	-52.13407	-55.67038	-54.12457	-56.62327	-55.31039	-54.12457	-56.83503	-56.11506	-55.45862
575.4	0	0	0	-0.1058775	-1.122301	-15.66987	-41.37691	-50.12239	-52.5364	-51.96466	-55.52215	-53.89163	-56.43269	-55.18334	-53.97634	-56.66562	-56.00918	-55.22569
575.5	0	0	0	-0.1058775	-1.122301	-15.64869	-41.33456	-50.03769	-52.40935	-51.92231	-55.37392	-53.76458	-56.15741	-55.03511	-53.87046	-56.41152	-55.86095	-55.03511
575.6	0	0	0	-0.1058775	-1.122301	-15.58516	-41.22869	-49.78359	-52.19759	-51.75291	-55.20451	-53.53165	-56.03036	-54.6963	-53.67988	-56.24212	-55.60685	-54.80218
575.7	0	0	0	-0.1058775	-1.122301	-15.52164	-41.10163	-49.74124	-52.04937	-51.4988	-54.95041	-53.23519	-55.92448	-54.56925	-53.44695	-56.05153	-55.35274	-54.54807
575.8	0	0	0	-0.1058775	-1.122301	-15.47929	-40.84753	-49.55066	-51.94349	-51.35057	-54.82336	-53.12931	-55.67038	-54.27279	-53.25637	-55.92448	-55.18334	-54.33632
575.9	0	0	0	-0.1058775	-1.122301	-15.45811	-40.784	-49.44478	-51.83761	-51.09647	-54.65395	-52.91756	-55.43744	-53.95516	-53.19284	-55.75508	-54.99276	-54.18809
576	0	0	0	-0.1058775	-1.101126	-15.41576	-40.67812	-49.1695	-51.64703	-50.82119	-54.5269	-52.72698	-55.26804	-53.78576	-52.98109	-55.54332	-54.6963	-54.06104
576.1	0	0	0	-0.1058775	-1.101126	-15.35223	-40.59342	-48.97892	-51.47763	-50.71531	-54.33632	-52.51523	-55.01394	-53.61635	-52.83286	-55.39509	-54.59042	-53.99751
576.2	0	0	0	-0.1058775	-1.101126	-15.24636	-40.48755	-48.83069	-51.39293	-50.54591	-54.16692	-52.38817	-54.88688	-53.53165	-52.72698	-55.22569	-54.48455	-53.76458
576.3	0	0	0	-0.1058775	-1.07995	-15.16165	-40.29697	-48.66129	-51.16	-50.3765	-54.03986	-52.19759	-54.71748	-53.36225	-52.5364	-55.09864	-54.35749	-53.61635
576.4	0	0	0	-0.1058775	-1.07995	-15.1193	-40.10639	-48.53423	-51.01176	-50.24945	-53.93398	-52.00702	-54.56925	-53.3199	-52.30347	-54.92923	-54.12457	-53.3199
576.5	0	0	0	-0.1058775	-1.058775	-15.0346	-40.00051	-48.34365	-50.82119	-50.10122	-53.76458	-51.81644	-54.46337	-53.17167	-52.09172	-54.73866	-53.91281	-53.15049
576.6	0	0	0	-0.1058775	-1.058775	-14.99225	-39.80993	-48.19543	-50.60943	-49.93182	-53.67988	-51.71056	-54.23044	-52.98109	-51.90114	-54.5269	-53.67988	-53.00226
576.7	0	0	0	-0.1058775	-1.016424	-14.9499	-39.68288	-48.0472	-50.41885	-49.80476	-53.53165	-51.4988	-53.99751	-52.74816	-51.77409	-54.31514	-53.51048	-52.81168
576.8	0	0	0	-0.1058775	-1.016424	-14.92872	-39.53465	-47.94132	-50.33415	-49.61419	-53.34107	-51.35057	-53.89163	-52.55758	-51.4988	-54.12457	-53.36225	-52.55758
576.9	0	0	0	-0.1058775	-1.016424	-14.90755	-39.4076	-47.72956	-50.16475	-49.44478	-53.19284	-51.26587	-53.59518	-52.38817	-51.26587	-53.97634	-53.10814	-52.367
577	0	0	0	-0.1058775	-1.016424	-14.82285	-39.28054	-47.62369	-49.99534	-49.38125	-53.02344	-51.01176	-53.4046	-52.13407	-51.11765	-53.84928	-52.95991	-52.21877
577.1	0	0	0	-0.1058775	-0.9952483	-14.7805	-39.08996	-47.45428	-49.67771	-49.23302	-52.83286	-50.90589	-53.10814	-51.98584	-50.99059	-53.63753	-52.81168	-52.13407
577.2	0	0	0	-0.1058775	-0.9952483	-14.71697	-38.94173	-47.32723	-49.38125	-49.0001	-52.66346	-50.80001	-52.85403	-51.71056	-50.82119	-53.36225	-52.55758	-52.00702
577.3	0	0	0	-0.1058775	-0.9952483	-14.67462	-38.79351	-47.179	-49.1695	-48.89422	-52.51523	-50.60943	-52.64228	-51.60468	-50.63061	-53.06579	-52.38817	-51.81644
577.4	0	0	0	-0.1058775	-0.9952483	-14.65344	-38.58175	-47.03077	-49.06362	-48.68246	-52.34582	-50.54591	-52.51523	-51.51998	-50.56708	-52.87521	-52.26112	-51.62585
577.5	0	0	0	-0.1058775	-0.9952483	-14.65344	-38.47587	-46.9249	-48.97892	-48.55541	-51.98584	-50.33415	-52.2823	-51.4141	-50.3765	-52.62111	-51.94349	-51.43528
577.6	0	0	0	-0.1058775	-0.9952483	-14.65344	-38.32764	-46.75549	-48.80951	-48.34365	-51.85879	-50.16475	-52.19759	-51.18117	-50.2071	-52.55758	-51.77409	-51.2447
577.7	0	0	0	-0.1058775	-0.9952483	-14.58992	-38.11589	-46.60726	-48.68246	-48.23778	-51.66821	-49.95299	-51.98584	-51.01176	-50.10122	-52.32465	-51.45645	-51.18117
577.8	0	0	0	-0.1058775	-0.9952483	-14.52639	-38.01001	-46.37433	-48.49188	-47.96249	-51.47763	-49.86829	-51.83761	-50.88471	-49.95299	-52.15524	-51.28705	-50.92706
577.9	0	0	0	-0.1058775	-0.9952483	-14.52639	-37.94649	-46.2261	-48.2166	-47.81427	-51.3294	-49.74124	-51.62585	-50.71531	-49.78359	-51.94349	-51.07529	-50.73648
578	0	0	0	-0.1058775	-0.9952483	-14.50521	-37.86179	-45.95082	-48.02602	-47.60251	-51.13882	-49.61419	-51.54115	-50.54591	-49.52948	-51.73173	-50.90589	-50.65178
578.1	0	0	0	-0.1058775	-0.9740728	-14.48404	-37.73473	-45.78142	-47.89897	-47.45428	-50.86354	-49.46595	-51.45645	-50.35533	-49.40243	-51.62585	-50.71531	-50.50356
578.2	0	0	0	-0.1058775	-0.9740728	-14.39934	-37.62885	-45.56966	-47.83544	-47.20018	-50.73648	-49.27538	-51.37175	-50.2071	-49.27538	-51.43528	-50.56708	-50.33415
578.3	0	0	0	-0.1058775	-0.9740728	-14.35699	-37.52298	-45.42144	-47.72956	-47.11547	-50.52473	-49.10597	-51.20235	-50.10122	-49.06362	-51.26587	-50.31298	-50.18592
578.4	0	0	0	-0.1058775	-0.9740728	-14.27228	-37.37475	-45.35791	-47.58134	-47.0096	-50.39768	-48.91539	-51.03294	-49.99534	-48.97892	-50.94824	-50.18592	-50.03769
578.5	0	0	0	-0.1058775	-0.9740728	-14.22993	-37.29005	-45.1038	-47.39076	-46.84019	-50.31298	-48.76716	-50.86354	-49.82594	-48.80951	-50.69413	-49.97417	-49.93182
578.6	0	0	0	-0.1058775	-0.9740728	-14.16641	-37.12064	-44.89205	-47.179	-46.67079	-50.05887	-48.53423	-50.73648	-49.63536	-48.49188	-50.48238	-49.82594	-49.76241
578.7	0	0	0	-0.1058775	-0.9740728	-14.14523	-36.93006	-44.78617	-47.03077	-46.56491	-50.03769	-48.23778	-50.63061	-49.44478	-48.38601	-50.2918	-49.67771	-49.59301
578.8	0	0	0	-0.1058775	-0.9740728	-14.01818	-36.80301	-44.65912	-46.90372	-46.41668	-49.86829	-48.06837	-50.52473	-49.31773	-48.17425	-50.01652	-49.59301	-49.40243
578.9	0	0	0	-0.1058775	-0.9740728	-13.97583	-36.71831	-44.44736	-46.86137	-46.31081	-49.69889	-47.89897	-50.35533	-49.12715	-48.02602	-49.88947	-49.46595	-49.27538
579	0	0	0	-0.1058775	-0.9740728	-13.93348	-36.57008	-44.32031	-46.64962	-46.1414	-49.57183	-47.75074	-50.2918	-49.0001	-47.92014	-49.72006	-49.21185	-49.04245
579.1	0	0	0	-0.1058775	-0.9740728	-13.89112	-36.44303	-44.21443	-46.56491	-46.0567	-49.4236	-47.58134	-50.05887	-48.91539	-47.79309	-49.65654	-49.02127	-48.91539
579.2	0	0	0	-0.1058775	-0.9740728	-13.84877	-36.33715	-44.02385	-46.48021	-45.88729	-49.2542	-47.45428	-49.84711	-48.70364	-47.70839	-49.48713	-48.91539	-48.66129
579.3	0	0	0	-0.1058775	-0.9740728	-13.78525	-36.18892	-43.96033	-46.28963	-45.69672	-49.10597	-47.36958	-49.67771	-48.57658	-47.62369	-49.4236	-48.74599	-48.44953
579.4	0	0	0	-0.1058775	-0.9740728	-13.7429	-36.14657	-43.83327	-46.2261	-45.59084	-48.95774	-47.28488	-49.40243	-48.49188	-47.49664	-49.21185	-48.61893	-48.36483
579.5	0	0	0	-0.1058775	-0.9740728	-13.70055	-35.99834	-43.7274	-46.12023	-45.42144	-48.80951	-47.179	-49.14832	-48.25895	-47.41193	-49.06362	-48.53423	-48.28013
579.6	0	0	0	-0.1058775	-0.9740728	-13.67937	-35.91364	-43.57917	-46.07788	-45.27321	-48.53423	-47.03077	-48.93657	-48.11073	-47.32723	-48.97892	-48.23778	-48.11073
579.7	0	0	0	-0.1058775	-0.9740728	-13.61584	-35.76541	-43.51564	-45.95082	-45.16733	-48.36483	-46.81902	-48.85187	-47.96249	-47.07312	-48.80951	-48.11073	-47.98367
579.8	0	0	0	-0.1058775	-0.9740728	-13.61584	-35.68071	-43.34624	-45.86612	-45.04028	-48.15308	-46.62844	-48.68246	-47.81427	-46.90372	-48.64011	-47.94132	-47.79309
579.9	0	0	0	-0.1058775	-0.9740728	-13.57349	-35.61718	-43.17683	-45.76024	-44.89205	-47.98367	-46.41668	-48.64011	-47.70839	-46.86137	-48.51306	-47.75074	-47.68721
580	0	0	0	-0.1058775	-0.9740728	-13.53114	-35.40543	-43.07096	-45.63319	-44.68029	-47.85662	-46.28963	-48.47071	-47.56016	-46.71314	-48.23778	-47.58134	-47.51781
580.1	0	0	0	-0.1058775	-0.9740728	-13.50997	-35.2572	-43.00743	-45.42144	-44.55324	-47.75074	-46.1414	-48.32248	-47.43311	-46.64962	-48.17425	-47.49664	-47.2637
580.2	0	0	0	-0.1058775	-0.9740728	-13.44644	-35.13015	-42.90155	-45.27321	-44.48972	-47.68721	-46.03553	-48.17425	-47.3484	-46.52256	-48.0472	-47.179	-47.05195
580.3	0	0	0	-0.1058775	-0.9740728	-13.36174	-35.06662	-42.79567	-45.12498	-44.40501	-47.53899	-45.88729	-48.00484	-47.30605	-46.48021	-47.81427	-47.05195	-46.84019
580.4	0	0	0	-0.1058775	-0.9740728	-13.36174	-34.98192	-42.60509	-44.97675	-44.25678	-47.36958	-45.76024	-47.87779	-47.20018	-46.33198	-47.66604	-46.90372	-46.69197
580.5	0	0	0	-0.1058775	-0.9740728	-13.34056	-34.85486	-42.54157	-44.78617	-44.12973	-47.179	-45.59084	-47.72956	-47.05195	-46.16258	-47.47546	-46.81902	-46.52256
580.6	0	0	0	-0.1058775	-0.9740728	-13.23468	-34.77016	-42.39334	-44.72264	-44.0662	-47.11547	-45.50614	-47.53899	-46.98842	-46.01435	-47.39076	-46.60726	-46.43786
580.7	0	0	0	-0.1058775	-0.9740728	-13.21351	-34.66428	-42.20276	-44.63794	-43.8968	-46.98842	-45.33673	-47.41193	-46.88255	-45.95082	-47.30605	-46.56491	-46.24728
580.8	0	0	0	-0.1058775	-0.9740728	-13.19233	-34.60076	-42.11806	-44.53207	-43.74857	-46.88255	-44.99792	-47.28488	-46.64962	-45.82377	-47.20018	-46.48021	-46.1414
580.9	0	0	0	-0.1058775	-0.9740728	-13.17116	-34.45253	-41.991	-44.40501	-43.62152	-46.64962	-44.80735	-47.11547	-46.48021	-45.63319	-47.0943	-46.35316	-45.972
581	0	0	0	-0.1058775	-0.9740728	-13.14998	-34.34665	-41.67337	-44.25678	-43.51564	-46.43786	-44.68029	-47.0096	-46.24728	-45.52731	-46.90372	-46.16258	-45.92965
581.1	0	0	0	-0.1058775	-0.9740728	-13.10763	-34.26195	-41.54632	-43.9815	-43.32506	-46.24728	-44.55324	-46.86137	-46.1414	-45.35791	-46.75549	-46.0567	-45.80259
581.2	0	0	0	-0.1058775	-0.9740728	-13.10763	-34.17725	-41.39809	-43.85445	-43.17683	-46.12023	-44.40501	-46.77667	-45.99318	-45.14615	-46.58609	-45.86612	-45.61201
581.3	0	0	0	-0.1058775	-0.9740728	-13.06528	-34.02902	-41.33456	-43.85445	-42.98626	-45.95082	-44.12973	-46.67079	-45.90847	-44.97675	-46.39551	-45.73907	-45.44261
581.4	0	0	0	-0.1058775	-0.9740728	-13.06528	-34.00784	-41.33456	-43.7274	-42.7745	-45.71789	-43.91798	-46.48021	-45.76024	-44.78617	-46.28963	-45.48496	-45.35791
581.5	0	0	0	-0.1058775	-0.9740728	-12.9594	-33.92314	-41.18634	-43.53682	-42.58392	-45.61201	-43.79092	-46.33198	-45.52731	-44.59559	-46.24728	-45.29438	-45.27321
581.6	0	0	0	-0.1058775	-0.9740728	-12.9594	-33.85962	-40.91106	-43.40976	-42.45687	-45.42144	-43.64269	-46.18375	-45.40026	-44.42619	-46.12023	-45.16733	-45.12498
581.7	0	0	0	-0.1058775	-0.9740728	-12.89588	-33.77491	-40.76283	-43.26154	-42.26629	-45.33673	-43.51564	-45.99318	-45.23086	-44.32031	-45.99318	-45.1038	-44.97675
581.8	0	0	0	-0.1058775	-0.9740728	-12.81117	-33.66904	-40.65695	-43.04978	-42.07571	-45.14615	-43.43094	-45.84494	-45.1038	-44.15091	-45.82377	-45.04028	-44.80735
581.9	0	0	0	-0.1058775	-0.9740728	-12.79	-33.54198	-40.48755	-42.90155	-41.94865	-45.04028	-43.21918	-45.67554	-44.87087	-43.8968	-45.63319	-44.87087	-44.70147
582	0	0	0	-0.1058775	-0.9528973	-12.76882	-33.47846	-40.27579	-42.73215	-41.80043	-44.91322	-43.00743	-45.54849	-44.82852	-43.7274	-45.46379	-44.68029	-44.59559
582.1	0	0	0	-0.1058775	-0.9528973	-12.76882	-33.30905	-40.16991	-42.60509	-41.69455	-44.74382	-42.9439	-45.35791	-44.61677	-43.57917	-45.29438	-44.51089	-44.48972
582.2	0	0	0	-0.1058775	-0.9528973	-12.74765	-33.28788	-40.08521	-42.47804	-41.60985	-44.63794	-42.83802	-45.18851	-44.53207	-43.49446	-45.14615	-44.40501	-44.27796
582.3	0	0	0	-0.1058775	-0.9528973	-12.72647	-33.11847	-39.91581	-42.28746	-41.46162	-44.55324	-42.71097	-45.04028	-44.32031	-43.36741	-45.06145	-44.34148	-44.0662
582.4	0	0	0	-0.1058775	-0.9528973	-12.68412	-33.07612	-39.78875	-42.11806	-41.20751	-44.38383	-42.52039	-44.99792	-44.23561	-43.24036	-44.8497	-44.12973	-43.87563
582.5	0	0	0	-0.08470198	-0.9528973	-12.66295	-32.99142	-39.64053	-41.88513	-41.08046	-44.23561	-42.41452	-44.80735	-44.12973	-43.13448	-44.63794	-43.8968	-43.70622
582.6	0	0	0	-0.08470198	-0.9528973	-12.64177	-32.92789	-39.36525	-41.75808	-40.95341	-44.04503	-42.35099	-44.72264	-44.04503	-43.02861	-44.42619	-43.79092	-43.62152
582.7	0	0	0	-0.08470198	-0.9317217	-12.55707	-32.80084	-39.15349	-41.54632	-40.84753	-43.9815	-42.24511	-44.59559	-43.83327	-42.81685	-44.15091	-43.68504	-43.43094
582.8	0	0	0	-0.06352648	-0.9317217	-12.51472	-32.75849	-38.98409	-41.37691	-40.6146	-43.8121	-42.09688	-44.40501	-43.68504	-42.6898	-43.91798	-43.47329	-43.30389
582.9	0	0	0	-0.06352648	-0.9317217	-12.49354	-32.67379	-38.92056	-41.27104	-40.50872	-43.68504	-41.92748	-44.25678	-43.62152	-42.58392	-43.74857	-43.32506	-43.15566
583	0	0	0	-0.06352648	-0.9317217	-12.47237	-32.52556	-38.83586	-41.03811	-40.40284	-43.60034	-41.77925	-44.08738	-43.47329	-42.45687	-43.55799	-43.19801	-43.07096
583.1	0	0	0	-0.06352648	-0.9317217	-12.47237	-32.37733	-38.70881	-40.97458	-40.33932	-43.45211	-41.60985	-43.91798	-43.40976	-42.26629	-43.40976	-43.02861	-42.9439
583.2	0	0	0	-0.06352648	-0.9317217	-12.45119	-32.33498	-38.58175	-40.88988	-40.23344	-43.32506	-41.41927	-43.79092	-43.24036	-42.07571	-43.30389	-42.90155	-42.81685
583.3	0	0	0	-0.06352648	-0.9317217	-12.38766	-32.2291	-38.4547	-40.76283	-40.10639	-43.24036	-41.29221	-43.64269	-43.11331	-41.991	-43.24036	-42.7745	-42.81685
583.4	0	0	0	-0.06352648	-0.9317217	-12.36649	-32.20793	-38.28529	-40.65695	-39.97933	-43.13448	-41.10163	-43.55799	-43.00743	-41.80043	-43.13448	-42.60509	-42.73215
583.5	0	0	0	-0.04235099	-0.9317217	-12.30296	-32.10205	-38.15824	-40.55107	-39.87346	-43.00743	-40.95341	-43.49446	-42.81685	-41.60985	-43.00743	-42.56274	-42.56274
583.6	0	0	0	-0.04235099	-0.9105462	-12.26061	-31.95382	-38.09472	-40.42402	-39.78875	-42.81685	-40.95341	-43.32506	-42.62627	-41.44044	-42.88037	-42.52039	-42.52039
583.7	0	0	0	-0.04235099	-0.8893708	-12.21826	-31.74207	-38.07354	-40.29697	-39.68288	-42.58392	-40.88988	-43.24036	-42.54157	-41.35574	-42.83802	-42.37217	-42.30864
583.8	0	0	0	-0.04235099	-0.8893708	-12.15473	-31.65736	-38.03119	-40.16991	-39.51347	-42.39334	-40.82635	-43.07096	-42.41452	-41.08046	-42.6898	-42.24511	-42.13923
583.9	0	0	0	-0.04235099	-0.8893708	-12.09121	-31.59384	-37.88296	-40.06404	-39.44995	-42.20276	-40.65695	-42.88037	-42.32981	-40.95341	-42.52039	-42.11806	-42.05453
584	0	0	0	-0.04235099	-0.8893708	-12.04886	-31.44561	-37.77708	-39.97933	-39.36525	-42.11806	-40.55107	-42.66862	-42.16041	-40.84753	-42.30864	-41.96983	-41.92748
584.1	0	0	0	-0.04235099	-0.8893708	-12.00651	-31.29738	-37.6712	-39.76758	-39.23819	-42.03336	-40.48755	-42.58392	-42.03336	-40.72047	-42.26629	-41.69455	-41.71572
584.2	0	0	0	-0.04235099	-0.8893708	-11.94298	-31.1915	-37.60768	-39.6617	-39.06879	-41.92748	-40.31814	-42.45687	-41.84278	-40.65695	-42.07571	-41.58867	-41.54632
584.3	0	0	0	-0.04235099	-0.8893708	-11.87945	-31.08563	-37.43827	-39.577	-38.96291	-41.84278	-40.12756	-42.24511	-41.58867	-40.44519	-41.96983	-41.48279	-41.33456
584.4	0	0	0	-0.04235099	-0.8681953	-11.81593	-31.04328	-37.26887	-39.4076	-38.83586	-41.75808	-39.91581	-42.16041	-41.50397	-40.33932	-41.86395	-41.37691	-41.10163
584.5	0	0	0	-0.04235099	-0.8681953	-11.71005	-30.9374	-37.18417	-39.25937	-38.64528	-41.6522	-39.78875	-42.03336	-41.41927	-40.25462	-41.77925	-41.27104	-41.03811
584.6	0	0	0	-0.04235099	-0.8681953	-11.6677	-30.81034	-37.01476	-39.11114	-38.51822	-41.5675	-39.6617	-41.96983	-41.29221	-40.14874	-41.63102	-41.16516	-40.86871
584.7	0	0	0	-0.04235099	-0.8681953	-11.6677	-30.70447	-36.90889	-39.02644	-38.4547	-41.50397	-39.4923	-41.88513	-41.16516	-40.04286	-41.54632	-41.03811	-40.80518
584.8	0	0	0	-0.04235099	-0.8681953	-11.64652	-30.57741	-36.73948	-38.96291	-38.28529	-41.44044	-39.38642	-41.77925	-41.12281	-39.89463	-41.27104	-40.97458	-40.6146
584.9	0	0	0	-0.04235099	-0.8470198	-11.583	-30.42919	-36.57008	-38.77233	-38.15824	-41.31339	-39.28054	-41.67337	-41.01693	-39.8311	-41.08046	-40.93223	-40.48755
585	0	0	0	-0.04235099	-0.8470198	-11.51947	-30.32331	-36.50655	-38.6241	-38.05236	-41.22869	-39.19584	-41.5675	-40.91106	-39.70405	-40.86871	-40.84753	-40.33932
585.1	0	0	0	-0.04235099	-0.8470198	-11.47712	-30.28096	-36.40068	-38.51822	-37.90414	-41.10163	-39.02644	-41.50397	-40.82635	-39.59818	-40.80518	-40.74165	-40.27579
585.2	0	0	0	-0.04235099	-0.8470198	-11.35007	-30.21743	-36.33715	-38.32764	-37.75591	-40.97458	-38.85703	-41.39809	-40.65695	-39.47112	-40.65695	-40.55107	-40.19109
585.3	0	0	0	-0.04235099	-0.8470198	-11.28654	-30.13273	-36.12539	-38.17942	-37.71355	-40.82635	-38.68763	-41.31339	-40.48755	-39.30172	-40.46637	-40.50872	-40.02169
585.4	0	0	0	-0.04235099	-0.8470198	-11.24419	-30.0692	-35.97717	-38.05236	-37.65003	-40.72047	-38.58175	-41.22869	-40.31814	-39.11114	-40.40284	-40.36049	-40.00051
585.5	0	0	0	-0.04235099	-0.8258443	-11.22301	-30.02685	-35.76541	-37.90414	-37.54415	-40.5299	-38.51822	-41.08046	-40.19109	-38.94173	-40.27579	-40.19109	-39.78875
585.6	0	0	0	-0.04235099	-0.8046688	-11.20184	-29.79392	-35.65953	-37.81944	-37.4171	-40.48755	-38.47587	-40.97458	-40.12756	-38.83586	-40.04286	-40.10639	-39.53465
585.7	0	0	0	-0.04235099	-0.8046688	-11.15949	-29.73039	-35.5113	-37.71355	-37.35357	-40.31814	-38.39117	-40.86871	-39.89463	-38.70881	-39.97933	-39.93698	-39.4923
585.8	0	0	0	-0.04235099	-0.8046688	-11.15949	-29.66687	-35.36308	-37.56533	-37.22652	-40.14874	-38.26412	-40.74165	-39.78875	-38.58175	-39.87346	-39.80993	-39.4076
585.9	0	0	0	-0.04235099	-0.8046688	-11.09596	-29.58217	-35.2572	-37.52298	-37.14182	-40.04286	-38.03119	-40.50872	-39.64053	-38.4547	-39.72523	-39.76758	-39.3229
586	0	0	0	-0.04235099	-0.8046688	-11.09596	-29.47629	-35.15132	-37.37475	-37.01476	-39.93698	-37.81944	-40.42402	-39.47112	-38.34882	-39.577	-39.70405	-39.17466
586.1	0	0	0	-0.04235099	-0.8046688	-11.09596	-29.39159	-34.98192	-37.14182	-36.88771	-39.85228	-37.69238	-40.38167	-39.34407	-38.17942	-39.4923	-39.64053	-39.06879
586.2	0	0	0	-0.04235099	-0.8046688	-11.05361	-29.28571	-34.91839	-36.99359	-36.76066	-39.6617	-37.54415	-40.31814	-39.15349	-38.01001	-39.36525	-39.42877	-38.87821
586.3	0	0	0	-0.04235099	-0.8046688	-11.03243	-29.09513	-34.85486	-36.88771	-36.57008	-39.42877	-37.4171	-40.19109	-39.08996	-37.84061	-39.19584	-39.30172	-38.70881
586.4	0	0	0	-0.04235099	-0.7834933	-11.01126	-28.96808	-34.68546	-36.80301	-36.44303	-39.30172	-37.3324	-40.06404	-38.96291	-37.65003	-39.00526	-39.13231	-38.6241
586.5	0	0	0	-0.04235099	-0.7834933	-10.96891	-28.8622	-34.64311	-36.67596	-36.25245	-39.19584	-37.18417	-39.97933	-38.85703	-37.54415	-38.87821	-39.02644	-38.5394
586.6	0	0	0	-0.04235099	-0.7834933	-10.90538	-28.7775	-34.62193	-36.48538	-36.10422	-39.00526	-37.07829	-39.89463	-38.72998	-37.45945	-38.75116	-38.83586	-38.49705
586.7	0	0	0	-0.04235099	-0.7834933	-10.84185	-28.75632	-34.53723	-36.3795	-35.93481	-38.85703	-36.95124	-39.85228	-38.64528	-37.35357	-38.60293	-38.70881	-38.41235
586.8	0	0	0	-0.04235099	-0.7834933	-10.77833	-28.69279	-34.41018	-36.2948	-35.80776	-38.77233	-36.84536	-39.76758	-38.5394	-37.20535	-38.41235	-38.5394	-38.26412
586.9	0	0	0	-0.04235099	-0.7834933	-10.73598	-28.54457	-34.24078	-36.10422	-35.61718	-38.68763	-36.71831	-39.64053	-38.41235	-37.12064	-38.26412	-38.24294	-38.13707
587	0	0	0	-0.04235099	-0.7834933	-10.7148	-28.50222	-34.07137	-35.99834	-35.5113	-38.49705	-36.5489	-39.51347	-38.26412	-36.99359	-38.11589	-38.13707	-38.05236
587.1	0	0	0	-0.04235099	-0.7834933	-10.67245	-28.39634	-33.96549	-35.93481	-35.38425	-38.34882	-36.44303	-39.47112	-38.09472	-36.95124	-37.88296	-37.98884	-37.96766
587.2	0	0	0	-0.04235099	-0.7834933	-10.65127	-28.35399	-33.83844	-35.82894	-35.21485	-38.17942	-36.40068	-39.36525	-38.01001	-36.80301	-37.71355	-37.77708	-37.84061
587.3	0	0	0	-0.04235099	-0.7834933	-10.60892	-28.24811	-33.73256	-35.65953	-34.96074	-38.09472	-36.2948	-39.28054	-37.90414	-36.69713	-37.60768	-37.56533	-37.73473
587.4	0	0	0	-0.04235099	-0.7834933	-10.58775	-28.20576	-33.60551	-35.5113	-34.85486	-37.98884	-36.12539	-39.21701	-37.84061	-36.57008	-37.52298	-37.35357	-37.60768
587.5	0	0	0	-0.04235099	-0.7834933	-10.5454	-28.16341	-33.47846	-35.46895	-34.70663	-37.79826	-35.95599	-39.02644	-37.69238	-36.42185	-37.45945	-37.26887	-37.39592
587.6	0	0	0	-0.04235099	-0.7834933	-10.5454	-28.12106	-33.41493	-35.40543	-34.60076	-37.6712	-35.78659	-38.85703	-37.56533	-36.33715	-37.29005	-37.16299	-37.26887
587.7	0	0	0	-0.04235099	-0.7834933	-10.50305	-28.0787	-33.2667	-35.29955	-34.51606	-37.56533	-35.63836	-38.77233	-37.45945	-36.18892	-37.20535	-37.09947	-37.14182
587.8	0	0	0	-0.04235099	-0.7834933	-10.48187	-27.994	-33.22435	-35.21485	-34.43135	-37.43827	-35.55365	-38.60293	-37.2477	-36.01952	-37.14182	-36.99359	-37.05711
587.9	0	0	0	-0.04235099	-0.7834933	-10.48187	-27.80342	-33.11847	-35.00309	-34.1349	-37.35357	-35.38425	-38.43352	-37.07829	-35.89246	-37.07829	-36.82418	-36.84536
588	0	0	0	-0.04235099	-0.7623178	-10.43952	-27.7399	-32.94907	-34.96074	-34.11372	-37.31122	-35.27837	-38.24294	-36.95124	-35.85011	-37.07829	-36.67596	-36.65478
588.1	0	0	0	-0.04235099	-0.7623178	-10.43952	-27.63402	-32.86437	-34.85486	-33.90197	-37.18417	-35.15132	-38.15824	-36.90889	-35.68071	-36.97241	-36.5489	-36.52773
588.2	0	0	0	-0.04235099	-0.7623178	-10.41834	-27.52814	-32.75849	-34.70663	-33.79609	-37.03594	-35.04544	-38.03119	-36.86654	-35.44778	-36.76066	-36.52773	-36.4642
588.3	0	0	0	-0.04235099	-0.7623178	-10.39717	-27.52814	-32.67379	-34.64311	-33.71139	-36.95124	-34.93957	-37.90414	-36.73948	-35.38425	-36.67596	-36.42185	-36.33715
588.4	0	0	0	-0.04235099	-0.7623178	-10.39717	-27.48579	-32.56791	-34.51606	-33.54198	-36.84536	-34.79134	-37.77708	-36.63361	-35.3419	-36.5489	-36.33715	-36.23127
588.5	0	0	0	-0.04235099	-0.7623178	-10.35482	-27.42227	-32.48321	-34.43135	-33.39375	-36.76066	-34.74899	-37.6712	-36.4642	-35.2572	-36.52773	-36.12539	-36.14657
588.6	0	0	0	-0.04235099	-0.7623178	-10.29129	-27.31639	-32.39851	-34.36783	-33.30905	-36.63361	-34.64311	-37.56533	-36.23127	-35.13015	-36.4642	-36.04069	-35.99834
588.7	0	0	0	-0.04235099	-0.7623178	-10.29129	-27.23169	-32.29263	-34.2196	-33.20317	-36.52773	-34.51606	-37.4171	-35.99834	-34.91839	-36.35833	-35.89246	-35.82894
588.8	0	0	0	-0.04235099	-0.7199668	-10.27011	-27.23169	-32.1444	-34.09254	-33.05495	-36.40068	-34.36783	-37.2477	-35.85011	-34.83369	-36.27362	-35.78659	-35.68071
588.9	0	0	0	-0.04235099	-0.7199668	-10.22776	-27.16816	-31.95382	-34.00784	-32.90672	-36.2948	-34.24078	-37.14182	-35.70189	-34.62193	-36.21009	-35.72306	-35.596
589	0	0	0	-0.04235099	-0.7199668	-10.20659	-27.10463	-31.8903	-33.96549	-32.80084	-36.14657	-34.05019	-37.01476	-35.596	-34.53723	-36.04069	-35.5113	-35.55365
589.1	0	0	0	-0.04235099	-0.7199668	-10.16424	-26.99876	-31.80559	-33.88079	-32.69497	-36.04069	-34.00784	-36.93006	-35.44778	-34.41018	-35.97717	-35.40543	-35.38425
589.2	0	0	0	-0.04235099	-0.7199668	-10.14306	-26.82935	-31.59384	-33.79609	-32.61026	-35.93481	-33.90197	-36.78183	-35.27837	-34.389	-35.87129	-35.29955	-35.27837
589.3	0	0	0	-0.04235099	-0.7199668	-10.10071	-26.7023	-31.55149	-33.66904	-32.54673	-35.78659	-33.83844	-36.65478	-35.10897	-34.34665	-35.74424	-35.21485	-35.13015
589.4	0	0	0	-0.04235099	-0.7199668	-10.07954	-26.59642	-31.44561	-33.58434	-32.41968	-35.57483	-33.64786	-36.44303	-34.98192	-34.19843	-35.65953	-35.02427	-34.98192
589.5	0	0	0	-0.04235099	-0.7199668	-10.07954	-26.53289	-31.36091	-33.3514	-32.39851	-35.4266	-33.49963	-36.35833	-34.89722	-34.07137	-35.55365	-34.98192	-34.83369
589.6	0	0	0	-0.04235099	-0.6987913	-10.07954	-26.40584	-31.25503	-33.24553	-32.27145	-35.3419	-33.39375	-36.2948	-34.81251	-33.96549	-35.4266	-34.83369	-34.66428
589.7	0	0	0	-0.04235099	-0.6987913	-10.05836	-26.29996	-31.1915	-33.20317	-32.16558	-35.1725	-33.24553	-36.18892	-34.68546	-33.77491	-35.29955	-34.77016	-34.51606
589.8	0	0	0	-0.04235099	-0.6987913	-9.994833	-26.23644	-31.14915	-33.05495	-31.99617	-35.02427	-33.13965	-35.97717	-34.60076	-33.64786	-35.1725	-34.68546	-34.41018
589.9	0	0	0	-0.04235099	-0.6776158	-9.994833	-26.13056	-31.0221	-33.0126	-31.91147	-34.87604	-33.05495	-35.72306	-34.57958	-33.47846	-35.0878	-34.53723	-34.3043
590	0	0	0	-0.04235099	-0.6776158	-9.973658	-26.10938	-30.91622	-32.88554	-31.72089	-34.77016	-33.0126	-35.61718	-34.51606	-33.41493	-34.83369	-34.51606	-34.26195
590.1	0	0	0	-0.04235099	-0.6776158	-9.931307	-25.98233	-30.76799	-32.84319	-31.61501	-34.66428	-32.84319	-35.49013	-34.45253	-33.2667	-34.74899	-34.43135	-34.17725
590.2	0	0	0	-0.04235099	-0.6776158	-9.846605	-25.87645	-30.66212	-32.75849	-31.48796	-34.55841	-32.73732	-35.4266	-34.34665	-33.16082	-34.66428	-34.34665	-34.09254
590.3	0	0	0	-0.04235099	-0.6776158	-9.82543	-25.81293	-30.51389	-32.71614	-31.33973	-34.41018	-32.56791	-35.29955	-34.28313	-33.07612	-34.51606	-34.26195	-34.05019
590.4	0	0	0	-0.04235099	-0.6776158	-9.761903	-25.72823	-30.36566	-32.63144	-31.25503	-34.28313	-32.44086	-35.15132	-34.09254	-33.0126	-34.36783	-34.15607	-33.88079
590.5	0	0	0	-0.04235099	-0.6776158	-9.740727	-25.6647	-30.32331	-32.54673	-31.1915	-34.17725	-32.33498	-35.0878	-34.00784	-32.90672	-34.2196	-34.07137	-33.79609
590.6	0	0	0	-0.04235099	-0.6352648	-9.656026	-25.55882	-30.19625	-32.39851	-31.08563	-34.09254	-32.25028	-34.93957	-33.92314	-32.75849	-34.02902	-34.02902	-33.71139
590.7	0	0	0	-0.04235099	-0.6140894	-9.613674	-25.51647	-30.04803	-32.27145	-30.9374	-33.98667	-32.12323	-34.79134	-33.88079	-32.71614	-33.92314	-33.90197	-33.60551
590.8	0	0	0	-0.04235099	-0.6140894	-9.571323	-25.49529	-29.94215	-32.10205	-30.91622	-33.81726	-31.93265	-34.66428	-33.73256	-32.61026	-33.81726	-33.83844	-33.43611
590.9	0	0	0	-0.04235099	-0.6140894	-9.550148	-25.32589	-29.77275	-32.0597	-30.78917	-33.75374	-31.86912	-34.62193	-33.64786	-32.50438	-33.71139	-33.71139	-33.33023
591	0	0	0	-0.04235099	-0.6140894	-9.528973	-25.19884	-29.66687	-32.01735	-30.72564	-33.69021	-31.76324	-34.43135	-33.43611	-32.41968	-33.60551	-33.60551	-33.28788
591.1	0	0	0	-0.04235099	-0.6140894	-9.507797	-25.15649	-29.51864	-31.95382	-30.64094	-33.64786	-31.74207	-34.17725	-33.39375	-32.27145	-33.45728	-33.41493	-33.182
591.2	0	0	0	-0.04235099	-0.6140894	-9.44427	-25.09296	-29.39159	-31.76324	-30.59859	-33.49963	-31.69971	-33.90197	-33.28788	-32.20793	-33.3514	-33.30905	-33.07612
591.3	0	0	0	-0.04235099	-0.6140894	-9.401919	-25.02943	-29.26453	-31.65736	-30.49271	-33.33023	-31.53031	-33.85962	-33.22435	-32.03852	-33.16082	-33.13965	-33.03377
591.4	0	0	0	-0.04235099	-0.6140894	-9.401919	-24.92356	-29.22218	-31.61501	-30.40801	-33.20317	-31.50914	-33.79609	-33.0973	-31.93265	-33.05495	-32.88554	-32.86437
591.5	0	0	0	-0.04235099	-0.6140894	-9.401919	-24.86003	-29.0316	-31.48796	-30.36566	-33.11847	-31.40326	-33.73256	-32.94907	-31.84794	-32.80084	-32.73732	-32.82202
591.6	0	0	0	-0.04235099	-0.6140894	-9.380744	-24.7965	-28.90455	-31.33973	-30.28096	-32.97025	-31.29738	-33.60551	-32.86437	-31.65736	-32.71614	-32.69497	-32.67379
591.7	0	0	0	-0.04235099	-0.6140894	-9.359569	-24.69063	-28.7775	-31.21268	-30.21743	-32.86437	-31.1915	-33.37258	-32.75849	-31.53031	-32.71614	-32.58908	-32.48321
591.8	0	0	0	-0.04235099	-0.6140894	-9.338393	-24.58475	-28.65044	-31.00092	-30.13273	-32.80084	-31.04328	-33.22435	-32.65261	-31.46679	-32.56791	-32.39851	-32.37733
591.9	0	0	0	-0.04235099	-0.6140894	-9.338393	-24.39417	-28.62927	-30.8527	-30.09038	-32.67379	-31.0221	-33.16082	-32.52556	-31.40326	-32.48321	-32.29263	-32.2291
592	0	0	0	-0.04235099	-0.6140894	-9.338393	-24.30947	-28.52339	-30.72564	-30.04803	-32.56791	-30.89505	-33.07612	-32.44086	-31.31856	-32.33498	-32.18675	-32.12323
592.1	0	0	0	-0.04235099	-0.6140894	-9.317218	-24.26712	-28.41751	-30.61976	-29.8998	-32.48321	-30.83152	-32.90672	-32.35616	-31.23385	-32.2291	-32.12323	-32.01735
592.2	0	0	0	-0.04235099	-0.6140894	-9.253691	-24.22477	-28.29046	-30.47154	-29.77275	-32.27145	-30.70447	-32.84319	-32.25028	-31.1068	-32.08088	-31.99617	-31.84794
592.3	0	0	0	-0.04235099	-0.6140894	-9.232515	-24.18242	-28.20576	-30.40801	-29.68804	-32.20793	-30.61976	-32.73732	-32.01735	-30.91622	-32.01735	-31.8903	-31.76324
592.4	0	0	0	-0.04235099	-0.6140894	-9.232515	-24.11889	-28.0787	-30.25978	-29.62452	-32.01735	-30.47154	-32.56791	-31.91147	-30.81034	-31.86912	-31.78442	-31.57266
592.5	0	0	0	-0.04235099	-0.6140894	-9.232515	-24.03419	-28.05753	-30.17508	-29.53981	-31.93265	-30.28096	-32.50438	-31.82677	-30.57741	-31.80559	-31.72089	-31.53031
592.6	0	0	0	-0.04235099	-0.6140894	-9.21134	-23.92831	-27.95165	-30.09038	-29.39159	-31.84794	-30.21743	-32.39851	-31.76324	-30.42919	-31.63619	-31.63619	-31.40326
592.7	0	0	0	-0.04235099	-0.6140894	-9.21134	-23.86478	-27.88813	-30.02685	-29.26453	-31.67854	-30.1539	-32.2291	-31.53031	-30.38684	-31.57266	-31.46679	-31.25503
592.8	0	0	0	-0.04235099	-0.6140894	-9.126638	-23.80126	-27.78225	-29.85745	-29.13748	-31.57266	-30.11155	-32.1444	-31.29738	-30.32331	-31.40326	-31.33973	-31.04328
592.9	0	0	0	-0.04235099	-0.5929139	-9.105463	-23.73773	-27.71872	-29.75157	-29.07395	-31.44561	-29.9845	-31.99617	-31.12798	-30.28096	-31.38208	-31.29738	-30.95857
593	0	0	0	-0.04235099	-0.5929139	-9.063111	-23.69538	-27.61284	-29.70922	-29.0316	-31.38208	-29.83627	-31.975	-31.06445	-30.1539	-31.25503	-31.17033	-30.81034
593.1	0	0	0	-0.04235099	-0.5929139	-8.97841	-23.65303	-27.57049	-29.64569	-28.92573	-31.27621	-29.66687	-31.91147	-30.97975	-30.11155	-31.12798	-31.04328	-30.64094
593.2	0	0	0	-0.04235099	-0.5929139	-8.957234	-23.52597	-27.48579	-29.43394	-28.84102	-31.25503	-29.56099	-31.80559	-30.91622	-30.04803	-31.12798	-30.91622	-30.51389
593.3	0	0	0	-0.04235099	-0.5929139	-8.936059	-23.4201	-27.37992	-29.39159	-28.69279	-31.14915	-29.56099	-31.69971	-30.74682	-30.02685	-30.95857	-30.78917	-30.45036
593.4	0	0	0	-0.04235099	-0.5929139	-8.893707	-23.37775	-27.29521	-29.22218	-28.65044	-31.04328	-29.47629	-31.69971	-30.64094	-29.92097	-30.87387	-30.68329	-30.28096
593.5	0	0	0	-0.04235099	-0.5717384	-8.872532	-23.3354	-27.10463	-29.15866	-28.60809	-30.9374	-29.32806	-31.55149	-30.55624	-29.85745	-30.78917	-30.64094	-30.21743
593.6	0	0	0	-0.04235099	-0.5717384	-8.872532	-23.25069	-26.9564	-28.98925	-28.45987	-30.78917	-29.22218	-31.46679	-30.40801	-29.77275	-30.74682	-30.57741	-30.13273
593.7	0	0	0	-0.04235099	-0.5717384	-8.830181	-23.18717	-26.85053	-28.92573	-28.35399	-30.74682	-29.15866	-31.29738	-30.34448	-29.70922	-30.57741	-30.51389	-29.96333
593.8	0	0	0	-0.04235099	-0.5717384	-8.809006	-23.08129	-26.7023	-28.84102	-28.16341	-30.66212	-29.01043	-31.21268	-30.23861	-29.62452	-30.49271	-30.32331	-29.85745
593.9	0	0	0	-0.04235099	-0.5717384	-8.766655	-22.99659	-26.55407	-28.73515	-28.03635	-30.53506	-28.92573	-31.0221	-30.19625	-29.58217	-30.36566	-30.21743	-29.8151
594	0	0	0	-0.04235099	-0.5717384	-8.766655	-22.93306	-26.44819	-28.67162	-27.9093	-30.42919	-28.84102	-30.95857	-30.0692	-29.53981	-30.19625	-30.13273	-29.70922
594.1	0	0	0	-0.04235099	-0.5717384	-8.724304	-22.93306	-26.36349	-28.62927	-27.8246	-30.34448	-28.71397	-30.8527	-30.02685	-29.45511	-30.13273	-30.04803	-29.68804
594.2	0	0	0	-0.04235099	-0.5505629	-8.724304	-22.84836	-26.27879	-28.56574	-27.78225	-30.13273	-28.60809	-30.70447	-29.92097	-29.41276	-30.04803	-29.8998	-29.51864
594.3	0	0	0	-0.04235099	-0.5505629	-8.703128	-22.74248	-26.23644	-28.50222	-27.67637	-30.00568	-28.50222	-30.55624	-29.87862	-29.32806	-29.9845	-29.70922	-29.49746
594.4	0	0	0	-0.04235099	-0.5505629	-8.681952	-22.72131	-26.15174	-28.35399	-27.59167	-29.83627	-28.39634	-30.47154	-29.79392	-29.26453	-29.87862	-29.47629	-29.41276
594.5	0	0	0	-0.04235099	-0.5505629	-8.681952	-22.65778	-26.06703	-28.29046	-27.37992	-29.79392	-28.29046	-30.40801	-29.73039	-29.22218	-29.83627	-29.37041	-29.39159
594.6	0	0	0	-0.04235099	-0.5505629	-8.681952	-22.59425	-26.02468	-28.16341	-27.33756	-29.70922	-28.20576	-30.30213	-29.58217	-29.07395	-29.70922	-29.30688	-29.15866
594.7	0	0	0	-0.04235099	-0.5505629	-8.660777	-22.59425	-25.96116	-28.14223	-27.18933	-29.62452	-28.16341	-30.25978	-29.39159	-28.96808	-29.60334	-29.22218	-28.90455
594.8	0	0	0	-0.04235099	-0.5505629	-8.639602	-22.59425	-25.79175	-28.05753	-27.10463	-29.58217	-28.12106	-30.02685	-29.32806	-28.92573	-29.45511	-29.13748	-28.84102
594.9	0	0	0	-0.04235099	-0.5505629	-8.639602	-22.5519	-25.77058	-27.97283	-26.99876	-29.37041	-27.97283	-29.94215	-29.28571	-28.81985	-29.24336	-29.05278	-28.79867
595	0	0	0	-0.04235099	-0.5505629	-8.618426	-22.48837	-25.68587	-27.88813	-26.89288	-29.34924	-27.8246	-29.77275	-29.07395	-28.75632	-29.20101	-28.90455	-28.71397
595.1	0	0	0	-0.04235099	-0.5505629	-8.618426	-22.44602	-25.55882	-27.86695	-26.82935	-29.22218	-27.71872	-29.68804	-28.98925	-28.65044	-29.13748	-28.81985	-28.65044
595.2	0	0	0	-0.04235099	-0.5293874	-8.618426	-22.42485	-25.32589	-27.84578	-26.787	-29.07395	-27.67637	-29.64569	-28.92573	-28.60809	-29.01043	-28.69279	-28.58692
595.3	0	0	0	-0.04235099	-0.5293874	-8.597251	-22.36132	-25.26237	-27.71872	-26.65995	-28.92573	-27.6552	-29.51864	-28.7775	-28.54457	-28.96808	-28.56574	-28.48104
595.4	0	0	0	-0.04235099	-0.5293874	-8.597251	-22.31897	-25.24119	-27.67637	-26.51172	-28.84102	-27.54932	-29.45511	-28.73515	-28.43869	-28.79867	-28.45987	-28.43869
595.5	0	0	0	-0.04235099	-0.5293874	-8.576076	-22.27662	-25.07178	-27.61284	-26.44819	-28.69279	-27.50697	-29.34924	-28.60809	-28.37516	-28.58692	-28.37516	-28.22693
595.6	0	0	0	-0.04235099	-0.5293874	-8.533724	-22.21309	-25.05061	-27.37992	-26.38467	-28.60809	-27.46462	-29.30688	-28.58692	-28.24811	-28.50222	-28.35399	-28.16341
595.7	0	0	0	-0.04235099	-0.5293874	-8.533724	-22.19192	-24.96591	-27.25286	-26.25761	-28.43869	-27.33756	-29.13748	-28.52339	-28.20576	-28.45987	-28.33281	-28.0787
595.8	0	0	0	-0.04235099	-0.5293874	-8.512548	-22.19192	-24.92356	-27.04111	-26.21526	-28.33281	-27.23169	-29.09513	-28.43869	-28.14223	-28.33281	-28.26929	-27.97283
595.9	0	0	0	-0.04235099	-0.5293874	-8.470198	-22.17074	-24.81768	-26.99876	-26.10938	-28.29046	-27.16816	-29.05278	-28.33281	-28.03635	-28.31164	-28.22693	-27.80342
596	0	0	0	-0.04235099	-0.5293874	-8.449022	-22.12839	-24.75415	-26.9564	-26.04586	-28.16341	-27.12581	-28.9469	-28.22693	-27.9093	-28.18458	-28.16341	-27.71872
596.1	0	0	0	-0.04235099	-0.5293874	-8.427847	-22.10722	-24.66945	-26.89288	-26.02468	-28.03635	-26.99876	-28.8622	-28.16341	-27.84578	-28.14223	-28.09988	-27.6552
596.2	0	0	0	-0.04235099	-0.5082119	-8.385496	-22.02251	-24.56357	-26.80818	-25.89763	-27.97283	-26.91405	-28.79867	-28.03635	-27.69755	-28.05753	-28.05753	-27.57049
596.3	0	0	0	-0.04235099	-0.5082119	-8.321969	-21.93781	-24.4577	-26.74465	-25.8341	-27.93048	-26.8717	-28.67162	-27.95165	-27.59167	-27.994	-27.95165	-27.48579
596.4	0	0	0	-0.04235099	-0.5082119	-8.258443	-21.87429	-24.37299	-26.63877	-25.77058	-27.84578	-26.787	-28.62927	-27.86695	-27.52814	-27.95165	-27.9093	-27.40109
596.5	0	0	0	-0.04235099	-0.5082119	-8.216092	-21.78958	-24.30947	-26.53289	-25.60117	-27.6552	-26.63877	-28.54457	-27.7399	-27.40109	-27.88813	-27.78225	-27.33756
596.6	0	0	0	-0.04235099	-0.5082119	-8.194917	-21.70488	-24.22477	-26.36349	-25.49529	-27.50697	-26.53289	-28.41751	-27.6552	-27.29521	-27.71872	-27.69755	-27.25286
596.7	0	0	0	-0.04235099	-0.4870364	-8.152565	-21.599	-24.14006	-26.23644	-25.38942	-27.42227	-26.49054	-28.33281	-27.57049	-27.18933	-27.59167	-27.57049	-27.16816
596.8	0	0	0	-0.04235099	-0.4446854	-8.110214	-21.49313	-24.07654	-26.17291	-25.26237	-27.33756	-26.38467	-28.31164	-27.52814	-27.08346	-27.44344	-27.52814	-27.01993
596.9	0	0	0	-0.04235099	-0.4446854	-8.067863	-21.40842	-23.94948	-26.00351	-25.15649	-27.27404	-26.27879	-28.26929	-27.40109	-26.91405	-27.33756	-27.44344	-26.9564
597	0	0	0	-0.04235099	-0.4235099	-8.046688	-21.3449	-23.94948	-25.96116	-25.05061	-27.08346	-26.23644	-28.14223	-27.33756	-26.85053	-27.21051	-27.42227	-26.787
597.1	0	0	0	-0.04235099	-0.4023344	-8.004337	-21.32372	-23.84361	-25.85528	-24.94473	-27.01993	-26.15174	-28.01518	-27.27404	-26.82935	-27.16816	-27.33756	-26.68112
597.2	0	0	0	-0.04235099	-0.4023344	-7.983161	-21.2602	-23.80126	-25.79175	-24.90238	-26.97758	-26.13056	-27.93048	-27.23169	-26.76583	-27.06228	-27.21051	-26.57524
597.3	0	0	0	-0.04235099	-0.4023344	-7.983161	-21.23902	-23.71655	-25.68587	-24.7965	-26.89288	-25.96116	-27.86695	-27.18933	-26.68112	-26.9564	-27.10463	-26.49054
597.4	0	0	0	-0.04235099	-0.4023344	-7.983161	-21.15432	-23.65303	-25.58	-24.73298	-26.85053	-25.81293	-27.7399	-27.01993	-26.57524	-26.85053	-26.97758	-26.44819
597.5	0	0	0	-0.04235099	-0.4023344	-7.983161	-21.15432	-23.52597	-25.55882	-24.6271	-26.7023	-25.79175	-27.63402	-26.97758	-26.46937	-26.74465	-26.85053	-26.40584
597.6	0	0	0	-0.04235099	-0.4023344	-7.983161	-21.11197	-23.37775	-25.41059	-24.5424	-26.6176	-25.68587	-27.50697	-26.89288	-26.34232	-26.72347	-26.76583	-26.38467
597.7	0	0	0	-0.04235099	-0.4023344	-7.919635	-20.98491	-23.31422	-25.30472	-24.50005	-26.59642	-25.55882	-27.35874	-26.8717	-26.27879	-26.68112	-26.65995	-26.36349
597.8	0	0	0	-0.04235099	-0.4023344	-7.877284	-20.90021	-23.27187	-25.22001	-24.43652	-26.53289	-25.51647	-27.21051	-26.68112	-26.23644	-26.55407	-26.55407	-26.32114
597.9	0	0	0	-0.04235099	-0.3599834	-7.856109	-20.85786	-23.14482	-25.17766	-24.37299	-26.46937	-25.28354	-27.12581	-26.6176	-26.23644	-26.49054	-26.46937	-26.23644
598	0	0	0	-0.04235099	-0.3599834	-7.834933	-20.77316	-23.03894	-25.11414	-24.35182	-26.27879	-25.19884	-26.9564	-26.44819	-26.06703	-26.40584	-26.38467	-26.21526
598.1	0	0	0	-0.04235099	-0.3599834	-7.813757	-20.70963	-23.01776	-25.05061	-24.26712	-26.15174	-25.07178	-26.91405	-26.36349	-25.98233	-26.36349	-26.25761	-26.17291
598.2	0	0	0	-0.04235099	-0.3599834	-7.771407	-20.58258	-22.95424	-24.98708	-24.20359	-26.06703	-24.96591	-26.80818	-26.27879	-25.93998	-26.27879	-26.10938	-26.13056
598.3	0	0	0	-0.04235099	-0.3599834	-7.729055	-20.54023	-22.89071	-24.90238	-24.20359	-26.02468	-24.75415	-26.72347	-26.21526	-25.8341	-26.25761	-25.93998	-26.04586
598.4	0	0	0	-0.04235099	-0.3599834	-7.70788	-20.45553	-22.82718	-24.73298	-24.14006	-25.93998	-24.66945	-26.6176	-26.19409	-25.70705	-26.17291	-25.77058	-25.89763
598.5	0	0	0	-0.04235099	-0.3599834	-7.70788	-20.392	-22.78483	-24.58475	-23.99183	-25.79175	-24.58475	-26.49054	-26.08821	-25.62235	-26.08821	-25.70705	-25.87645
598.6	0	0	0	-0.04235099	-0.3599834	-7.70788	-20.34965	-22.70013	-24.4577	-23.92831	-25.68587	-24.56357	-26.44819	-25.91881	-25.55882	-26.00351	-25.64352	-25.72823
598.7	0	0	0	-0.04235099	-0.3599834	-7.665529	-20.20142	-22.67896	-24.33064	-23.84361	-25.62235	-24.47887	-26.25761	-25.7494	-25.47412	-25.96116	-25.55882	-25.68587
598.8	0	0	0	-0.04235099	-0.3599834	-7.644353	-20.11672	-22.6366	-24.24594	-23.80126	-25.58	-24.37299	-26.17291	-25.6647	-25.34707	-25.8341	-25.47412	-25.64352
598.9	0	0	0	-0.04235099	-0.3599834	-7.559651	-20.07437	-22.61543	-24.20359	-23.73773	-25.51647	-24.30947	-26.10938	-25.62235	-25.24119	-25.77058	-25.30472	-25.49529
599	0	0	0	-0.04235099	-0.3599834	-7.496125	-19.88379	-22.53073	-24.14006	-23.6742	-25.45294	-24.26712	-26.02468	-25.55882	-25.17766	-25.62235	-25.22001	-25.38942
599.1	0	0	0	-0.04235099	-0.3599834	-7.496125	-19.77791	-22.48837	-24.07654	-23.5895	-25.38942	-24.11889	-25.98233	-25.49529	-25.17766	-25.47412	-25.02943	-25.38942
599.2	0	0	0	-0.04235099	-0.3599834	-7.496125	-19.71439	-22.44602	-23.99183	-23.54715	-25.22001	-24.01301	-25.87645	-25.41059	-25.05061	-25.41059	-24.92356	-25.28354
599.3	0	0	0	-0.04235099	-0.3599834	-7.432599	-19.67204	-22.3825	-23.94948	-23.48362	-25.07178	-23.94948	-25.81293	-25.26237	-24.96591	-25.34707	-24.86003	-25.17766
599.4	0	0	0	-0.04235099	-0.3599834	-7.432599	-19.54498	-22.2978	-23.90713	-23.39892	-25.00826	-23.84361	-25.64352	-25.15649	-24.92356	-25.30472	-24.73298	-25.11414
599.5	0	0	0	-0.04235099	-0.3388079	-7.390248	-19.50263	-22.17074	-23.80126	-23.37775	-24.92356	-23.80126	-25.51647	-25.05061	-24.81768	-25.24119	-24.6271	-25.05061
599.6	0	0	0	-0.04235099	-0.3388079	-7.369072	-19.41793	-22.10722	-23.80126	-23.27187	-24.83886	-23.61068	-25.45294	-24.94473	-24.64828	-25.17766	-24.47887	-25.02943
599.7	0	0	0	-0.04235099	-0.3388079	-7.305546	-19.3544	-22.08604	-23.6742	-23.22952	-24.73298	-23.56833	-25.41059	-24.90238	-24.5424	-25.05061	-24.33064	-24.88121
599.8	0	0	0	-0.04235099	-0.3388079	-7.28437	-19.24852	-22.00134	-23.5895	-23.18717	-24.66945	-23.4201	-25.26237	-24.83886	-24.4577	-25.00826	-24.26712	-24.86003
599.9	0	0	0	-0.04235099	-0.3388079	-7.263195	-19.185	-21.95899	-23.5048	-23.12364	-24.60592	-23.3354	-25.19884	-24.69063	-24.37299	-24.98708	-24.11889	-24.7965
600	0	0	0	-0.04235099	-0.3388079	-7.220844	-19.14265	-21.85311	-23.48362	-23.03894	-24.50005	-23.29304	-25.09296	-24.56357	-24.24594	-24.88121	-24.01301	-24.75415
600.1	0	0	0	-0.04235099	-0.3388079	-7.220844	-19.12147	-21.78958	-23.37775	-22.97541	-24.47887	-23.20834	-25.05061	-24.41534	-24.22477	-24.77533	-23.90713	-24.58475
600.2	0	0	0	-0.04235099	-0.3388079	-7.220844	-19.07912	-21.72606	-23.25069	-22.93306	-24.39417	-23.06011	-25.00826	-24.35182	-24.18242	-24.73298	-23.88596	-24.52122
600.3	0	0	0	-0.04235099	-0.3388079	-7.199668	-18.93089	-21.64136	-23.22952	-22.84836	-24.28829	-22.93306	-24.88121	-24.33064	-24.11889	-24.60592	-23.82243	-24.33064
600.4	0	0	0	-0.04235099	-0.3388079	-7.178493	-18.88854	-21.599	-23.18717	-22.74248	-24.16124	-22.82718	-24.77533	-24.26712	-24.05536	-24.56357	-23.71655	-24.24594
600.5	0	0	0	-0.04235099	-0.3388079	-7.178493	-18.82501	-21.55665	-23.12364	-22.6366	-24.07654	-22.82718	-24.7118	-24.14006	-23.99183	-24.52122	-23.69538	-24.24594
600.6	0	0	0	-0.04235099	-0.3388079	-7.178493	-18.76149	-21.49313	-23.10246	-22.59425	-23.97066	-22.76366	-24.66945	-24.07654	-23.92831	-24.47887	-23.61068	-24.11889
600.7	0	0	0	-0.04235099	-0.3388079	-7.178493	-18.67679	-21.45078	-23.01776	-22.48837	-23.90713	-22.65778	-24.5424	-24.01301	-23.78008	-24.39417	-23.46245	-23.97066
600.8	0	0	0	-0.04235099	-0.3388079	-7.178493	-18.59208	-21.40842	-22.93306	-22.48837	-23.84361	-22.53073	-24.50005	-23.90713	-23.69538	-24.39417	-23.37775	-23.92831
600.9	0	0	0	-0.04235099	-0.3388079	-7.157317	-18.52856	-21.3449	-22.91188	-22.2978	-23.78008	-22.40367	-24.39417	-23.82243	-23.61068	-24.28829	-23.3354	-23.82243
601	0	0	0	-0.02117549	-0.3388079	-7.157317	-18.48621	-21.28137	-22.86953	-22.25545	-23.65303	-22.2978	-24.30947	-23.61068	-23.52597	-24.24594	-23.27187	-23.80126
601.1	0	0	0	-0.02117549	-0.3388079	-7.157317	-18.42268	-21.1755	-22.70013	-22.17074	-23.52597	-22.21309	-24.30947	-23.54715	-23.44127	-24.11889	-23.20834	-23.71655
601.2	0	0	0	-0.02117549	-0.3388079	-7.05144	-18.38033	-21.1755	-22.57308	-22.08604	-23.48362	-22.08604	-24.26712	-23.37775	-23.25069	-24.05536	-23.16599	-23.63185
601.3	0	0	0	-0.02117549	-0.3388079	-7.05144	-18.33798	-21.02727	-22.4672	-22.02251	-23.37775	-21.98016	-24.18242	-23.27187	-23.16599	-23.97066	-23.08129	-23.54715
601.4	0	0	0	-0.02117549	-0.3388079	-7.030264	-18.25328	-20.96374	-22.36132	-22.00134	-23.25069	-21.89546	-24.14006	-23.22952	-23.10246	-23.92831	-22.97541	-23.54715
601.5	0	0	0	-0.02117549	-0.3388079	-6.987913	-18.16857	-20.92139	-22.34015	-21.89546	-23.14482	-21.89546	-24.05536	-23.12364	-23.03894	-23.86478	-22.91188	-23.48362
601.6	0	0	0	-0.02117549	-0.3388079	-6.966738	-18.12622	-20.81551	-22.25545	-21.83193	-22.95424	-21.81076	-23.99183	-23.08129	-22.99659	-23.80126	-22.80601	-23.44127
601.7	0	0	0	-0.02117549	-0.3388079	-6.966738	-18.10505	-20.81551	-22.19192	-21.74723	-22.89071	-21.76841	-23.92831	-23.03894	-22.93306	-23.71655	-22.72131	-23.29304
601.8	0	0	0	-0.02117549	-0.3388079	-6.945562	-18.0627	-20.79434	-22.17074	-21.66253	-22.78483	-21.70488	-23.84361	-22.91188	-22.84836	-23.63185	-22.57308	-23.20834
601.9	0	0	0	-0.02117549	-0.3388079	-6.945562	-18.04152	-20.75199	-22.10722	-21.53548	-22.67896	-21.66253	-23.73773	-22.82718	-22.76366	-23.5895	-22.5519	-23.18717
602	0	0	0	-0.02117549	-0.3388079	-6.903211	-17.97799	-20.64611	-21.98016	-21.47195	-22.59425	-21.62018	-23.69538	-22.78483	-22.74248	-23.48362	-22.4672	-23.06011
602.1	0	0	0	-0.02117549	-0.3388079	-6.903211	-17.87212	-20.56141	-21.89546	-21.4296	-22.5519	-21.599	-23.65303	-22.67896	-22.70013	-23.4201	-22.40367	-22.99659
602.2	0	0	0	-0.02117549	-0.3388079	-6.86086	-17.85094	-20.49788	-21.81076	-21.3449	-22.4672	-21.55665	-23.56833	-22.61543	-22.61543	-23.37775	-22.34015	-22.91188
602.3	0	0	0	-0.02117549	-0.3176324	-6.839685	-17.74506	-20.4767	-21.78958	-21.28137	-22.34015	-21.47195	-23.52597	-22.57308	-22.50955	-23.29304	-22.31897	-22.84836
602.4	0	0	0	-0.02117549	-0.3176324	-6.839685	-17.72389	-20.41318	-21.72606	-21.15432	-22.27662	-21.40842	-23.48362	-22.48837	-22.4672	-23.25069	-22.25545	-22.76366
602.5	0	0	0	-0.02117549	-0.3176324	-6.839685	-17.70271	-20.34965	-21.68371	-21.09079	-22.23427	-21.32372	-23.35657	-22.40367	-22.3825	-23.22952	-22.19192	-22.70013
602.6	0	0	0	-0.02117549	-0.3176324	-6.818509	-17.59684	-20.3073	-21.55665	-21.09079	-22.14957	-21.21785	-23.31422	-22.36132	-22.2978	-23.08129	-22.14957	-22.6366
602.7	0	0	0	-0.02117549	-0.3176324	-6.754983	-17.53331	-20.24377	-21.47195	-21.00609	-22.02251	-21.11197	-23.20834	-22.25545	-22.25545	-22.97541	-22.10722	-22.61543
602.8	0	0	0	-0.02117549	-0.2964569	-6.712632	-17.49096	-20.09554	-21.45078	-20.85786	-21.93781	-21.09079	-23.10246	-22.19192	-22.25545	-22.91188	-22.08604	-22.53073
602.9	0	0	0	-0.02117549	-0.2964569	-6.712632	-17.42743	-20.05319	-21.45078	-20.81551	-21.91664	-20.98491	-23.03894	-22.12839	-22.21309	-22.82718	-22.06487	-22.48837
603	0	0	0	-0.02117549	-0.2964569	-6.691456	-17.3639	-19.92614	-21.45078	-20.75199	-21.83193	-20.96374	-22.91188	-22.00134	-22.14957	-22.78483	-22.00134	-22.34015
603.1	0	0	0	-0.02117549	-0.2964569	-6.691456	-17.3639	-19.90496	-21.36607	-20.73081	-21.76841	-20.92139	-22.86953	-21.95899	-22.12839	-22.72131	-21.93781	-22.34015
603.2	0	0	0	-0.02117549	-0.2964569	-6.670281	-17.34273	-19.86261	-21.2602	-20.64611	-21.68371	-20.83669	-22.67896	-21.93781	-21.98016	-22.6366	-21.87429	-22.2978
603.3	0	0	0	-0.02117549	-0.2964569	-6.649105	-17.34273	-19.79909	-21.1755	-20.58258	-21.64136	-20.77316	-22.57308	-21.83193	-21.93781	-22.57308	-21.85311	-22.23427
603.4	0	0	0	-0.02117549	-0.2964569	-6.62793	-17.2792	-19.77791	-21.06962	-20.51905	-21.599	-20.73081	-22.48837	-21.76841	-21.89546	-22.50955	-21.78958	-22.23427
603.5	0	0	0	-0.02117549	-0.2964569	-6.62793	-17.23685	-19.69321	-20.96374	-20.43435	-21.49313	-20.62493	-22.40367	-21.70488	-21.78958	-22.4672	-21.66253	-22.12839
603.6	0	0	0	-0.02117549	-0.2964569	-6.606754	-17.17333	-19.60851	-20.90021	-20.34965	-21.47195	-20.56141	-22.2978	-21.64136	-21.78958	-22.40367	-21.62018	-22.08604
603.7	0	0	0	-0.02117549	-0.2964569	-6.606754	-17.08862	-19.56616	-20.81551	-20.26495	-21.40842	-20.49788	-22.19192	-21.599	-21.74723	-22.27662	-21.62018	-22.00134
603.8	0	0	0	-0.02117549	-0.2964569	-6.585579	-17.08862	-19.52381	-20.70963	-20.26495	-21.30255	-20.45553	-22.14957	-21.5143	-21.57783	-22.27662	-21.57783	-21.91664
603.9	0	0	0	-0.02117549	-0.2964569	-6.585579	-17.0251	-19.46028	-20.62493	-20.18025	-21.21785	-20.392	-22.00134	-21.38725	-21.45078	-22.23427	-21.49313	-21.87429
604	0	0	0	-0.02117549	-0.2964569	-6.564404	-16.85569	-19.39675	-20.56141	-20.15907	-21.1755	-20.26495	-21.95899	-21.2602	-21.40842	-22.17074	-21.47195	-21.85311
604.1	0	0	0	-0.02117549	-0.2964569	-6.543228	-16.81334	-19.37558	-20.45553	-20.09554	-21.09079	-20.24377	-21.87429	-21.19667	-21.3449	-22.10722	-21.38725	-21.74723
604.2	0	0	0	-0.02117549	-0.2964569	-6.522052	-16.77099	-19.31205	-20.37082	-20.01084	-21.02727	-20.11672	-21.87429	-21.09079	-21.2602	-22.08604	-21.3449	-21.62018
604.3	0	0	0	-0.02117549	-0.2964569	-6.458526	-16.72864	-19.2697	-20.28612	-19.98967	-20.96374	-20.05319	-21.70488	-21.04844	-21.19667	-22.02251	-21.30255	-21.49313
604.4	0	0	0	-0.02117549	-0.2964569	-6.458526	-16.68629	-19.24852	-20.18025	-19.90496	-20.90021	-20.01084	-21.68371	-21.04844	-21.11197	-21.93781	-21.28137	-21.45078
604.5	0	0	0	-0.02117549	-0.2964569	-6.458526	-16.64394	-19.22735	-20.1379	-19.88379	-20.83669	-19.92614	-21.64136	-20.94256	-20.94256	-21.85311	-21.19667	-21.40842
604.6	0	0	0	-0.02117549	-0.2964569	-6.416175	-16.58041	-19.185	-20.01084	-19.79909	-20.79434	-19.86261	-21.53548	-20.87904	-20.85786	-21.78958	-21.09079	-21.36607
604.7	0	0	0	-0.02117549	-0.2964569	-6.395	-16.47453	-19.14265	-19.94732	-19.73556	-20.70963	-19.79909	-21.5143	-20.79434	-20.83669	-21.68371	-21.04844	-21.28137
604.8	0	0	0	-0.02117549	-0.2964569	-6.373824	-16.41101	-19.1003	-19.84144	-19.67204	-20.66728	-19.79909	-21.49313	-20.73081	-20.79434	-21.62018	-20.98491	-21.19667
604.9	0	0	0	-0.02117549	-0.2964569	-6.373824	-16.36866	-19.07912	-19.77791	-19.56616	-20.56141	-19.71439	-21.4296	-20.56141	-20.77316	-21.53548	-20.87904	-21.11197
605	0	0	0	-0.02117549	-0.2964569	-6.331473	-16.30513	-19.07912	-19.71439	-19.52381	-20.51905	-19.67204	-21.3449	-20.49788	-20.73081	-21.47195	-20.75199	-21.11197
605.1	0	0	0	-0.02117549	-0.2964569	-6.310297	-16.19925	-19.05795	-19.62968	-19.46028	-20.49788	-19.62968	-21.3449	-20.4767	-20.62493	-21.4296	-20.68846	-21.06962
605.2	0	0	0	-0.02117549	-0.2964569	-6.267946	-16.13573	-18.97324	-19.58733	-19.3544	-20.41318	-19.60851	-21.30255	-20.34965	-20.56141	-21.38725	-20.56141	-21.00609
605.3	0	0	0	-0.02117549	-0.2964569	-6.246771	-16.09338	-18.84619	-19.48145	-19.2697	-20.392	-19.52381	-21.2602	-20.3073	-20.54023	-21.30255	-20.51905	-20.92139
605.4	0	0	0	-0.02117549	-0.2964569	-6.20442	-16.05103	-18.80384	-19.46028	-19.20617	-20.34965	-19.50263	-21.15432	-20.18025	-20.43435	-21.19667	-20.4767	-20.85786
605.5	0	0	0	-0.02117549	-0.2964569	-6.20442	-15.96632	-18.76149	-19.41793	-19.16382	-20.3073	-19.4391	-21.11197	-19.98967	-20.34965	-21.13314	-20.392	-20.81551
605.6	0	0	0	-0.02117549	-0.2964569	-6.20442	-15.88162	-18.71914	-19.39675	-19.1003	-20.24377	-19.3544	-21.06962	-19.92614	-20.28612	-21.11197	-20.32847	-20.75199
605.7	0	0	0	-0.02117549	-0.2964569	-6.183244	-15.83927	-18.67679	-19.31205	-18.99442	-20.18025	-19.2697	-21.02727	-19.79909	-20.28612	-21.00609	-20.3073	-20.73081
605.8	0	0	0	-0.02117549	-0.2964569	-6.140893	-15.79692	-18.65561	-19.22735	-18.90972	-20.11672	-19.20617	-20.87904	-19.71439	-20.20142	-20.96374	-20.24377	-20.66728
605.9	0	0	0	-0.02117549	-0.2964569	-6.140893	-15.77574	-18.54973	-19.12147	-18.88854	-20.07437	-19.16382	-20.83669	-19.62968	-20.1379	-20.90021	-20.09554	-20.56141
606	0	0	0	-0.02117549	-0.2964569	-6.140893	-15.66987	-18.52856	-19.05795	-18.86736	-19.98967	-19.05795	-20.79434	-19.56616	-20.07437	-20.81551	-20.03202	-20.51905
606.1	0	0	0	-0.02117549	-0.2964569	-6.098542	-15.56399	-18.50738	-19.03677	-18.78266	-19.94732	-19.01559	-20.73081	-19.4391	-19.98967	-20.75199	-19.98967	-20.45553
606.2	0	0	0	-0.02117549	-0.2964569	-6.098542	-15.52164	-18.50738	-18.97324	-18.67679	-19.94732	-18.97324	-20.64611	-19.39675	-19.96849	-20.73081	-19.92614	-20.41318
606.3	0	0	0	-0.02117549	-0.2964569	-6.035016	-15.47929	-18.50738	-18.95207	-18.63444	-19.88379	-18.88854	-20.56141	-19.2697	-19.88379	-20.68846	-19.90496	-20.34965
606.4	0	0	0	-0.02117549	-0.2964569	-5.992665	-15.47929	-18.48621	-18.93089	-18.59208	-19.79909	-18.76149	-20.54023	-19.22735	-19.79909	-20.66728	-19.84144	-20.3073
606.5	0	0	0	-0.02117549	-0.2964569	-5.971489	-15.43694	-18.38033	-18.88854	-18.54973	-19.73556	-18.71914	-20.49788	-19.12147	-19.73556	-20.54023	-19.82026	-20.20142
606.6	0	0	0	-0.02117549	-0.2964569	-5.950314	-15.41576	-18.35915	-18.86736	-18.42268	-19.62968	-18.67679	-20.34965	-19.03677	-19.73556	-20.41318	-19.73556	-20.15907
606.7	0	0	0	-0.02117549	-0.2964569	-5.950314	-15.37341	-18.3168	-18.76149	-18.38033	-19.56616	-18.59208	-20.28612	-18.95207	-19.69321	-20.37082	-19.71439	-20.09554
606.8	0	0	0	-0.02117549	-0.2964569	-5.865612	-15.28871	-18.2321	-18.67679	-18.3168	-19.50263	-18.50738	-20.24377	-18.86736	-19.65086	-20.34965	-19.65086	-20.05319
606.9	0	0	0	-0.02117549	-0.2964569	-5.865612	-15.24636	-18.16857	-18.57091	-18.21093	-19.37558	-18.38033	-20.20142	-18.74031	-19.58733	-20.32847	-19.56616	-19.98967
607	0	0	0	-0.02117549	-0.2964569	-5.844437	-15.20401	-18.1474	-18.52856	-18.16857	-19.31205	-18.33798	-20.11672	-18.69796	-19.50263	-20.32847	-19.48145	-19.94732
607.1	0	0	0	-0.02117549	-0.2964569	-5.823261	-15.1193	-18.12622	-18.48621	-18.1474	-19.29088	-18.3168	-20.03202	-18.63444	-19.4391	-20.24377	-19.4391	-19.90496
607.2	0	0	0	-0.02117549	-0.2964569	-5.823261	-15.05578	-18.10505	-18.48621	-18.0627	-19.185	-18.3168	-19.92614	-18.54973	-19.37558	-20.15907	-19.31205	-19.82026
607.3	0	0	0	-0.02117549	-0.2964569	-5.802085	-15.01343	-18.0627	-18.44386	-18.02035	-19.14265	-18.25328	-19.86261	-18.42268	-19.33323	-20.11672	-19.2697	-19.69321
607.4	0	0	0	-0.02117549	-0.2964569	-5.738559	-14.99225	-18.02035	-18.4015	-17.97799	-19.1003	-18.10505	-19.79909	-18.38033	-19.2697	-20.07437	-19.22735	-19.62968
607.5	0	0	0	-0.02117549	-0.2964569	-5.738559	-14.9499	-17.89329	-18.4015	-17.89329	-19.01559	-18.04152	-19.73556	-18.35915	-19.24852	-20.03202	-19.16382	-19.54498
607.6	0	0	0	-0.02117549	-0.2964569	-5.738559	-14.84402	-17.82977	-18.38033	-17.87212	-18.95207	-17.99917	-19.69321	-18.3168	-19.16382	-19.96849	-19.07912	-19.50263
607.7	0	0	0	-0.02117549	-0.2964569	-5.696208	-14.84402	-17.78741	-18.33798	-17.87212	-18.90972	-17.89329	-19.54498	-18.2321	-19.03677	-19.90496	-19.05795	-19.50263
607.8	0	0	0	-0.02117549	-0.2964569	-5.696208	-14.82285	-17.76624	-18.29563	-17.87212	-18.82501	-17.78741	-19.52381	-18.18975	-18.95207	-19.71439	-19.03677	-19.4391
607.9	0	0	0	-0.02117549	-0.2964569	-5.696208	-14.7805	-17.72389	-18.25328	-17.87212	-18.76149	-17.74506	-19.4391	-18.16857	-18.90972	-19.69321	-18.93089	-19.33323
608	0	0	0	-0.02117549	-0.2964569	-5.696208	-14.71697	-17.59684	-18.12622	-17.80859	-18.76149	-17.68154	-19.39675	-18.10505	-18.86736	-19.67204	-18.93089	-19.2697
608.1	0	0	0	-0.02117549	-0.2964569	-5.696208	-14.67462	-17.51213	-18.04152	-17.72389	-18.76149	-17.57566	-19.31205	-18.04152	-18.78266	-19.56616	-18.88854	-19.20617
608.2	0	0	0	-0.02117549	-0.2964569	-5.696208	-14.63227	-17.44861	-17.89329	-17.66036	-18.71914	-17.46978	-19.29088	-17.99917	-18.65561	-19.52381	-18.86736	-19.185
608.3	0	0	0	-0.02117549	-0.2964569	-5.696208	-14.61109	-17.30038	-17.82977	-17.66036	-18.61326	-17.40626	-19.22735	-17.97799	-18.61326	-19.48145	-18.78266	-19.14265
608.4	0	0	0	-0.02117549	-0.2964569	-5.675033	-14.50521	-17.25803	-17.78741	-17.63919	-18.61326	-17.3639	-19.16382	-17.91447	-18.52856	-19.37558	-18.74031	-19.1003
608.5	0	0	0	-0.02117549	-0.2964569	-5.675033	-14.44169	-17.21568	-17.78741	-17.59684	-18.57091	-17.32155	-19.1003	-17.89329	-18.48621	-19.31205	-18.65561	-19.01559
608.6	0	0	0	0	-0.2964569	-5.653857	-14.35699	-17.1945	-17.74506	-17.57566	-18.50738	-17.32155	-19.05795	-17.89329	-18.38033	-19.22735	-18.57091	-18.95207
608.7	0	0	0	0	-0.2964569	-5.632681	-14.29346	-17.1098	-17.68154	-17.49096	-18.48621	-17.25803	-19.01559	-17.80859	-18.3168	-19.07912	-18.57091	-18.84619
608.8	0	0	0	0	-0.2964569	-5.569155	-14.29346	-17.06745	-17.63919	-17.44861	-18.44386	-17.15215	-18.95207	-17.80859	-18.27445	-19.01559	-18.54973	-18.80384
608.9	0	0	0	0	-0.2964569	-5.547979	-14.22993	-17.00392	-17.57566	-17.42743	-18.4015	-17.13098	-18.95207	-17.76624	-18.18975	-18.97324	-18.44386	-18.76149
609	0	0	0	0	-0.2964569	-5.547979	-14.18758	-16.9404	-17.53331	-17.3639	-18.3168	-17.06745	-18.95207	-17.68154	-18.12622	-18.93089	-18.33798	-18.71914
609.1	0	0	0	0	-0.2964569	-5.547979	-14.16641	-16.89804	-17.49096	-17.30038	-18.2321	-17.04627	-18.90972	-17.66036	-18.02035	-18.80384	-18.29563	-18.61326
609.2	0	0	0	0	-0.2964569	-5.526804	-14.10288	-16.85569	-17.32155	-17.2792	-18.16857	-16.96157	-18.84619	-17.59684	-17.93564	-18.80384	-18.2321	-18.52856
609.3	0	0	0	0	-0.2964569	-5.505629	-14.10288	-16.77099	-17.25803	-17.21568	-18.08387	-16.96157	-18.78266	-17.53331	-17.89329	-18.71914	-18.21093	-18.4015
609.4	0	0	0	0	-0.2964569	-5.505629	-13.997	-16.72864	-17.21568	-17.17333	-17.97799	-16.85569	-18.67679	-17.46978	-17.85094	-18.65561	-18.18975	-18.4015
609.5	0	0	0	0	-0.2964569	-5.505629	-13.97583	-16.68629	-17.06745	-17.06745	-17.95682	-16.81334	-18.54973	-17.42743	-17.78741	-18.57091	-18.08387	-18.29563
609.6	0	0	0	0	-0.2964569	-5.484453	-13.95465	-16.64394	-17.0251	-17.04627	-17.80859	-16.77099	-18.48621	-17.38508	-17.74506	-18.48621	-17.99917	-18.25328
609.7	0	0	0	0	-0.2964569	-5.420927	-13.9123	-16.64394	-16.98275	-17.0251	-17.72389	-16.70747	-18.42268	-17.32155	-17.68154	-18.46503	-17.97799	-18.16857
609.8	0	0	0	0	-0.2964569	-5.399751	-13.8276	-16.58041	-16.9404	-16.89804	-17.63919	-16.62276	-18.3168	-17.32155	-17.59684	-18.33798	-17.87212	-18.10505
609.9	0	0	0	0	-0.2964569	-5.378576	-13.76407	-16.47453	-16.91922	-16.89804	-17.55449	-16.58041	-18.25328	-17.21568	-17.51213	-18.25328	-17.78741	-17.99917
610	0	0	0	0	-0.2964569	-5.336225	-13.72172	-16.41101	-16.83452	-16.83452	-17.53331	-16.49571	-18.18975	-17.17333	-17.44861	-18.21093	-17.70271	-17.93564
610.1	0	0	0	0	-0.2964569	-5.293874	-13.65819	-16.34748	-16.79217	-16.81334	-17.49096	-16.45336	-18.16857	-17.1098	-17.42743	-18.16857	-17.55449	-17.89329
610.2	0	0	0	0	-0.2964569	-5.272698	-13.61584	-16.26278	-16.70747	-16.79217	-17.42743	-16.36866	-18.0627	-17.06745	-17.3639	-18.08387	-17.46978	-17.82977
610.3	0	0	0	0	-0.2964569	-5.251523	-13.48879	-16.2416	-16.70747	-16.74982	-17.40626	-16.32631	-17.95682	-17.00392	-17.25803	-17.97799	-17.42743	-17.78741
610.4	0	0	0	0	-0.2964569	-5.230347	-13.46761	-16.17808	-16.68629	-16.68629	-17.3639	-16.26278	-17.89329	-16.98275	-17.23685	-17.89329	-17.38508	-17.78741
610.5	0	0	0	0	-0.2964569	-5.187996	-13.42526	-16.0722	-16.68629	-16.60159	-17.25803	-16.19925	-17.80859	-16.9404	-17.21568	-17.85094	-17.32155	-17.70271
610.6	0	0	0	0	-0.2964569	-5.166821	-13.31939	-16.02985	-16.62276	-16.53806	-17.21568	-16.1569	-17.76624	-16.87687	-17.17333	-17.78741	-17.32155	-17.66036
610.7	0	0	0	0	-0.2964569	-5.166821	-13.27703	-15.9875	-16.49571	-16.51689	-17.1098	-16.05103	-17.68154	-16.79217	-17.15215	-17.70271	-17.2792	-17.57566
610.8	0	0	0	0	-0.2964569	-5.12447	-13.27703	-15.92397	-16.45336	-16.49571	-17.04627	-15.96632	-17.55449	-16.70747	-17.13098	-17.59684	-17.25803	-17.55449
610.9	0	0	0	0	-0.2964569	-5.082119	-13.27703	-15.86045	-16.38983	-16.43218	-16.98275	-15.92397	-17.49096	-16.64394	-17.08862	-17.59684	-17.21568	-17.46978
611	0	0	0	0	-0.2964569	-5.060943	-13.21351	-15.79692	-16.32631	-16.36866	-16.9404	-15.77574	-17.42743	-16.53806	-17.0251	-17.57566	-17.21568	-17.38508
611.1	0	0	0	0	-0.2964569	-5.060943	-13.21351	-15.73339	-16.32631	-16.32631	-16.89804	-15.73339	-17.25803	-16.51689	-16.96157	-17.55449	-17.15215	-17.30038
611.2	0	0	0	0	-0.2964569	-5.039768	-13.19233	-15.73339	-16.26278	-16.26278	-16.74982	-15.62751	-17.17333	-16.51689	-16.91922	-17.51213	-17.08862	-17.25803
611.3	0	0	0	0	-0.2964569	-5.039768	-13.14998	-15.64869	-16.19925	-16.2416	-16.66511	-15.58516	-17.08862	-16.45336	-16.83452	-17.49096	-17.00392	-17.21568
611.4	0	0	0	0	-0.2964569	-5.039768	-13.10763	-15.60634	-16.19925	-16.1569	-16.58041	-15.54281	-17.0251	-16.45336	-16.74982	-17.44861	-16.96157	-17.17333
611.5	0	0	0	0	-0.2964569	-5.039768	-13.08646	-15.54281	-16.1569	-16.00867	-16.53806	-15.43694	-16.98275	-16.38983	-16.64394	-17.3639	-16.85569	-17.15215
611.6	0	0	0	0	-0.2964569	-5.018592	-13.06528	-15.47929	-16.11455	-15.92397	-16.49571	-15.37341	-16.96157	-16.36866	-16.55924	-17.32155	-16.79217	-17.13098
611.7	0	0	0	0	-0.2964569	-4.997416	-13.02293	-15.39458	-15.9875	-15.86045	-16.43218	-15.30988	-16.85569	-16.30513	-16.53806	-17.1945	-16.77099	-17.04627
611.8	0	0	0	0	-0.2964569	-4.955066	-12.93823	-15.33106	-15.94515	-15.79692	-16.36866	-15.28871	-16.81334	-16.26278	-16.51689	-17.15215	-16.72864	-16.96157
611.9	0	0	0	0	-0.2964569	-4.955066	-12.91705	-15.24636	-15.88162	-15.71222	-16.36866	-15.22518	-16.77099	-16.22043	-16.45336	-17.1098	-16.66511	-16.91922
612	0	0	0	0	-0.2964569	-4.955066	-12.85353	-15.20401	-15.81809	-15.71222	-16.36866	-15.18283	-16.72864	-16.17808	-16.36866	-17.1098	-16.64394	-16.83452
612.1	0	0	0	0	-0.2752814	-4.955066	-12.81117	-15.16165	-15.77574	-15.66987	-16.36866	-15.18283	-16.64394	-16.17808	-16.34748	-17.08862	-16.53806	-16.81334
612.2	0	0	0	0	-0.2752814	-4.93389	-12.79	-15.05578	-15.71222	-15.60634	-16.30513	-15.14048	-16.62276	-16.13573	-16.28395	-17.06745	-16.43218	-16.79217
612.3	0	0	0	0	-0.2752814	-4.93389	-12.7053	-15.05578	-15.66987	-15.56399	-16.28395	-15.09813	-16.58041	-16.00867	-16.19925	-17.0251	-16.36866	-16.74982
612.4	0	0	0	0	-0.2541059	-4.93389	-12.68412	-14.99225	-15.56399	-15.54281	-16.2416	-15.0346	-16.51689	-15.94515	-16.09338	-16.96157	-16.26278	-16.68629
612.5	0	0	0	0	-0.2541059	-4.93389	-12.62059	-14.97108	-15.54281	-15.37341	-16.19925	-14.92872	-16.47453	-15.92397	-16.02985	-16.89804	-16.17808	-16.68629
612.6	0	0	0	0	-0.2541059	-4.912715	-12.57824	-14.97108	-15.50046	-15.35223	-16.09338	-14.88637	-16.43218	-15.88162	-16.00867	-16.85569	-16.09338	-16.66511
612.7	0	0	0	0	-0.2541059	-4.912715	-12.53589	-14.92872	-15.43694	-15.20401	-16.05103	-14.84402	-16.41101	-15.83927	-15.94515	-16.79217	-16.0722	-16.55924
612.8	0	0	0	0	-0.2541059	-4.891539	-12.53589	-14.90755	-15.39458	-15.18283	-16.00867	-14.73814	-16.36866	-15.77574	-15.83927	-16.70747	-15.9875	-16.49571
612.9	0	0	0	0	-0.2541059	-4.891539	-12.49354	-14.82285	-15.37341	-15.16165	-15.88162	-14.67462	-16.22043	-15.77574	-15.81809	-16.62276	-15.94515	-16.47453
613	0	0	0	0	-0.2541059	-4.870364	-12.47237	-14.82285	-15.35223	-15.09813	-15.79692	-14.67462	-16.19925	-15.73339	-15.77574	-16.62276	-15.92397	-16.43218
613.1	0	0	0	0	-0.2541059	-4.849188	-12.45119	-14.7805	-15.24636	-15.05578	-15.73339	-14.54756	-16.1569	-15.69104	-15.71222	-16.53806	-15.86045	-16.38983
613.2	0	0	0	0	-0.2541059	-4.849188	-12.43002	-14.71697	-15.07695	-15.01343	-15.64869	-14.50521	-16.05103	-15.66987	-15.62751	-16.45336	-15.83927	-16.32631
613.3	0	0	0	0	-0.2541059	-4.849188	-12.38766	-14.65344	-15.01343	-14.99225	-15.62751	-14.48404	-16.02985	-15.56399	-15.52164	-16.43218	-15.77574	-16.28395
613.4	0	0	0	0	-0.2541059	-4.828013	-12.38766	-14.58992	-14.90755	-14.97108	-15.58516	-14.44169	-16.00867	-15.56399	-15.47929	-16.28395	-15.75457	-16.19925
613.5	0	0	0	0	-0.2541059	-4.806837	-12.34531	-14.46286	-14.84402	-14.97108	-15.50046	-14.39934	-15.9875	-15.45811	-15.45811	-16.26278	-15.66987	-16.09338
613.6	0	0	0	0	-0.2541059	-4.806837	-12.34531	-14.39934	-14.71697	-14.88637	-15.43694	-14.35699	-15.88162	-15.37341	-15.39458	-16.19925	-15.64869	-16.02985
613.7	0	0	0	0	-0.2541059	-4.785662	-12.32414	-14.37816	-14.65344	-14.8652	-15.43694	-14.29346	-15.86045	-15.35223	-15.37341	-16.09338	-15.62751	-15.9875
613.8	0	0	0	0	-0.2541059	-4.764486	-12.30296	-14.31463	-14.65344	-14.82285	-15.30988	-14.20876	-15.83927	-15.24636	-15.33106	-16.0722	-15.52164	-15.94515
613.9	0	0	0	0	-0.2541059	-4.764486	-12.28179	-14.27228	-14.58992	-14.75932	-15.22518	-14.18758	-15.81809	-15.20401	-15.28871	-16.02985	-15.50046	-15.9028
614	0	0	0	0	-0.2329304	-4.764486	-12.23944	-14.25111	-14.48404	-14.73814	-15.20401	-14.18758	-15.81809	-15.18283	-15.20401	-15.96632	-15.45811	-15.79692
614.1	0	0	0	0	-0.2329304	-4.722135	-12.17591	-14.20876	-14.46286	-14.65344	-15.16165	-14.0817	-15.77574	-15.14048	-15.16165	-15.92397	-15.43694	-15.75457
614.2	0	0	0	0	-0.2329304	-4.70096	-12.17591	-14.16641	-14.39934	-14.58992	-15.07695	-14.03935	-15.77574	-15.09813	-15.07695	-15.86045	-15.39458	-15.64869
614.3	0	0	0	0	-0.2329304	-4.658609	-12.17591	-14.16641	-14.37816	-14.50521	-15.0346	-13.997	-15.71222	-15.01343	-15.0346	-15.75457	-15.33106	-15.58516
614.4	0	0	0	0	-0.2329304	-4.658609	-12.15473	-14.12405	-14.29346	-14.42051	-14.99225	-13.95465	-15.64869	-14.9499	-14.9499	-15.66987	-15.28871	-15.54281
614.5	0	0	0	0	-0.2329304	-4.658609	-12.11238	-14.10288	-14.27228	-14.29346	-14.92872	-13.89112	-15.56399	-14.90755	-14.92872	-15.60634	-15.24636	-15.50046
614.6	0	0	0	0	-0.2329304	-4.637434	-12.07003	-14.03935	-14.25111	-14.27228	-14.90755	-13.8276	-15.45811	-14.82285	-14.90755	-15.58516	-15.16165	-15.50046
614.7	0	0	0	0	-0.2329304	-4.595082	-12.07003	-14.03935	-14.25111	-14.18758	-14.8652	-13.76407	-15.41576	-14.73814	-14.84402	-15.50046	-15.1193	-15.43694
614.8	0	0	0	0	-0.2329304	-4.552732	-11.98533	-13.97583	-14.18758	-14.16641	-14.82285	-13.72172	-15.35223	-14.71697	-14.82285	-15.45811	-15.07695	-15.33106
614.9	0	0	0	0	-0.2329304	-4.531556	-11.98533	-13.97583	-14.16641	-14.10288	-14.7805	-13.70055	-15.35223	-14.65344	-14.80167	-15.41576	-15.07695	-15.24636
615	0	0	0	0	-0.2329304	-4.531556	-11.94298	-13.95465	-14.06053	-14.03935	-14.75932	-13.63702	-15.26753	-14.58992	-14.7805	-15.35223	-14.97108	-15.24636
615.1	0	0	0	0	-0.2329304	-4.489205	-11.87945	-13.84877	-13.997	-13.997	-14.69579	-13.57349	-15.24636	-14.52639	-14.75932	-15.24636	-14.88637	-15.20401
615.2	0	0	0	0	-0.2329304	-4.489205	-11.8371	-13.84877	-13.97583	-13.93348	-14.58992	-13.57349	-15.18283	-14.46286	-14.67462	-15.24636	-14.8652	-15.18283
615.3	0	0	0	0	-0.2329304	-4.489205	-11.79475	-13.76407	-13.9123	-13.89112	-14.56874	-13.48879	-15.16165	-14.37816	-14.61109	-15.20401	-14.82285	-15.16165
615.4	0	0	0	0	-0.2329304	-4.468029	-11.77357	-13.67937	-13.84877	-13.8276	-14.50521	-13.48879	-15.16165	-14.33581	-14.54756	-15.18283	-14.73814	-15.07695
615.5	0	0	0	0	-0.2329304	-4.404503	-11.7524	-13.61584	-13.80642	-13.78525	-14.46286	-13.40409	-15.05578	-14.31463	-14.50521	-15.1193	-14.71697	-15.05578
615.6	0	0	0	0	-0.2329304	-4.404503	-11.73122	-13.57349	-13.78525	-13.7429	-14.44169	-13.36174	-14.99225	-14.29346	-14.46286	-15.07695	-14.69579	-15.0346
615.7	0	0	0	0	-0.2329304	-4.404503	-11.71005	-13.53114	-13.76407	-13.70055	-14.39934	-13.34056	-14.97108	-14.22993	-14.37816	-14.9499	-14.69579	-14.9499
615.8	0	0	0	0	-0.2329304	-4.383327	-11.68887	-13.48879	-13.67937	-13.65819	-14.35699	-13.29821	-14.97108	-14.20876	-14.33581	-14.8652	-14.63227	-14.8652
615.9	0	0	0	0	-0.2329304	-4.383327	-11.64652	-13.44644	-13.65819	-13.63702	-14.35699	-13.27703	-14.92872	-14.18758	-14.29346	-14.7805	-14.54756	-14.82285
616	0	0	0	0	-0.2329304	-4.383327	-11.62535	-13.44644	-13.63702	-13.63702	-14.35699	-13.27703	-14.84402	-14.06053	-14.16641	-14.69579	-14.52639	-14.82285
616.1	0	0	0	0	-0.2329304	-4.383327	-11.54064	-13.38291	-13.59467	-13.57349	-14.27228	-13.23468	-14.80167	-14.01818	-14.16641	-14.69579	-14.42051	-14.80167
616.2	0	0	0	0	-0.2329304	-4.383327	-11.49829	-13.36174	-13.59467	-13.53114	-14.25111	-13.23468	-14.80167	-13.997	-14.16641	-14.65344	-14.35699	-14.75932
616.3	0	0	0	0	-0.2329304	-4.340976	-11.49829	-13.34056	-13.57349	-13.48879	-14.22993	-13.21351	-14.73814	-13.9123	-14.12405	-14.61109	-14.33581	-14.71697
616.4	0	0	0	0	-0.2329304	-4.319801	-11.41359	-13.25586	-13.55232	-13.48879	-14.20876	-13.19233	-14.71697	-13.8276	-14.10288	-14.61109	-14.31463	-14.65344
616.5	0	0	0	0	-0.2329304	-4.298625	-11.41359	-13.19233	-13.48879	-13.38291	-14.18758	-13.14998	-14.67462	-13.78525	-14.03935	-14.54756	-14.25111	-14.65344
616.6	0	0	0	0	-0.2329304	-4.27745	-11.41359	-13.17116	-13.46761	-13.31939	-14.12405	-13.02293	-14.67462	-13.78525	-14.01818	-14.52639	-14.18758	-14.63227
616.7	0	0	0	0	-0.2329304	-4.256274	-11.41359	-13.17116	-13.40409	-13.25586	-14.12405	-12.98058	-14.52639	-13.65819	-13.93348	-14.52639	-14.16641	-14.61109
616.8	0	0	0	0	-0.2329304	-4.256274	-11.37124	-13.12881	-13.38291	-13.23468	-14.10288	-12.9594	-14.44169	-13.55232	-13.89112	-14.50521	-14.16641	-14.50521
616.9	0	0	0	0	-0.2329304	-4.256274	-11.37124	-13.10763	-13.34056	-13.21351	-13.95465	-12.91705	-14.39934	-13.53114	-13.80642	-14.46286	-14.14523	-14.37816
617	0	0	0	0	-0.2329304	-4.235099	-11.35007	-13.06528	-13.29821	-13.12881	-13.9123	-12.91705	-14.35699	-13.53114	-13.72172	-14.42051	-14.12405	-14.31463
617.1	0	0	0	0	-0.2329304	-4.213923	-11.26536	-13.0441	-13.23468	-13.06528	-13.86995	-12.83235	-14.29346	-13.46761	-13.72172	-14.35699	-14.0817	-14.29346
617.2	0	0	0	0	-0.2329304	-4.192748	-11.18066	-13.0441	-13.14998	-13.02293	-13.84877	-12.83235	-14.29346	-13.42526	-13.70055	-14.31463	-14.03935	-14.22993
617.3	0	0	0	0	-0.2329304	-4.171572	-11.11714	-12.98058	-13.08646	-13.00175	-13.80642	-12.76882	-14.25111	-13.38291	-13.63702	-14.27228	-13.997	-14.18758
617.4	0	0	0	0	-0.2329304	-4.171572	-11.05361	-12.8747	-13.0441	-12.98058	-13.72172	-12.72647	-14.18758	-13.36174	-13.61584	-14.20876	-13.97583	-14.16641
617.5	0	0	0	0	-0.2329304	-4.150397	-11.01126	-12.83235	-13.00175	-12.98058	-13.65819	-12.7053	-14.10288	-13.34056	-13.53114	-14.14523	-13.9123	-14.16641
617.6	0	0	0	0	-0.2329304	-4.129221	-10.99008	-12.74765	-12.9594	-12.98058	-13.61584	-12.68412	-14.01818	-13.29821	-13.50997	-14.0817	-13.86995	-14.12405
617.7	0	0	0	0	-0.2329304	-4.108046	-10.96891	-12.74765	-12.91705	-12.9594	-13.61584	-12.68412	-13.95465	-13.23468	-13.44644	-14.03935	-13.8276	-14.0817
617.8	0	0	0	0	-0.2117549	-4.086871	-10.90538	-12.68412	-12.89588	-12.89588	-13.53114	-12.64177	-13.9123	-13.19233	-13.40409	-14.03935	-13.80642	-14.06053
617.9	0	0	0	0	-0.2117549	-4.065695	-10.82068	-12.66295	-12.8747	-12.83235	-13.50997	-12.59942	-13.84877	-13.08646	-13.36174	-13.95465	-13.78525	-13.97583
618	0	0	0	0	-0.2117549	-4.065695	-10.77833	-12.64177	-12.85353	-12.76882	-13.50997	-12.55707	-13.76407	-13.06528	-13.34056	-13.93348	-13.7429	-13.93348
618.1	0	0	0	0	-0.2117549	-4.044519	-10.73598	-12.62059	-12.83235	-12.76882	-13.42526	-12.53589	-13.76407	-13.06528	-13.23468	-13.84877	-13.65819	-13.84877
618.2	0	0	0	0	-0.2117549	-4.044519	-10.73598	-12.62059	-12.81117	-12.74765	-13.38291	-12.51472	-13.72172	-12.98058	-13.23468	-13.80642	-13.61584	-13.80642
618.3	0	0	0	0	-0.2117549	-4.044519	-10.73598	-12.59942	-12.81117	-12.7053	-13.34056	-12.47237	-13.67937	-12.93823	-13.17116	-13.7429	-13.53114	-13.76407
618.4	0	0	0	0	-0.2117549	-4.044519	-10.73598	-12.53589	-12.76882	-12.62059	-13.27703	-12.45119	-13.63702	-12.93823	-13.14998	-13.70055	-13.48879	-13.72172
618.5	0	0	0	0	-0.1905794	-4.023344	-10.73598	-12.47237	-12.74765	-12.59942	-13.23468	-12.43002	-13.57349	-12.91705	-13.06528	-13.63702	-13.42526	-13.70055
618.6	0	0	0	0	-0.1905794	-4.002169	-10.6301	-12.47237	-12.68412	-12.47237	-13.19233	-12.36649	-13.48879	-12.91705	-13.02293	-13.59467	-13.42526	-13.59467
618.7	0	0	0	0	-0.1905794	-4.002169	-10.56657	-12.45119	-12.62059	-12.45119	-13.17116	-12.30296	-13.42526	-12.91705	-13.00175	-13.57349	-13.42526	-13.57349
618.8	0	0	0	0	-0.1905794	-4.002169	-10.5454	-12.36649	-12.57824	-12.36649	-13.08646	-12.30296	-13.38291	-12.89588	-12.98058	-13.53114	-13.34056	-13.46761
618.9	0	0	0	0	-0.1905794	-3.980993	-10.52422	-12.30296	-12.55707	-12.28179	-13.00175	-12.28179	-13.34056	-12.85353	-12.93823	-13.46761	-13.29821	-13.46761
619	0	0	0	0	-0.169404	-3.980993	-10.46069	-12.23944	-12.53589	-12.26061	-13.00175	-12.26061	-13.31939	-12.83235	-12.91705	-13.46761	-13.29821	-13.40409
619.1	0	0	0	0	-0.169404	-3.980993	-10.43952	-12.19708	-12.51472	-12.26061	-12.9594	-12.19708	-13.31939	-12.79	-12.81117	-13.42526	-13.23468	-13.31939
619.2	0	0	0	0	-0.169404	-3.980993	-10.27011	-12.15473	-12.51472	-12.15473	-12.89588	-12.17591	-13.25586	-12.72647	-12.81117	-13.36174	-13.21351	-13.25586
619.3	0	0	0	0	-0.169404	-3.938642	-10.27011	-12.11238	-12.45119	-12.07003	-12.85353	-12.15473	-13.19233	-12.72647	-12.74765	-13.31939	-13.17116	-13.25586
619.4	0	0	0	0	-0.169404	-3.917466	-10.27011	-12.04886	-12.40884	-12.04886	-12.83235	-12.11238	-13.12881	-12.7053	-12.74765	-13.27703	-13.14998	-13.21351
619.5	0	0	0	0	-0.169404	-3.875115	-10.22776	-12.04886	-12.38766	-12.00651	-12.76882	-12.09121	-13.08646	-12.66295	-12.66295	-13.23468	-13.14998	-13.19233
619.6	0	0	0	0	-0.169404	-3.85394	-10.22776	-12.00651	-12.34531	-12.00651	-12.72647	-12.07003	-12.98058	-12.64177	-12.66295	-13.21351	-13.06528	-13.19233
619.7	0	0	0	0	-0.169404	-3.85394	-10.16424	-11.96415	-12.32414	-11.96415	-12.66295	-12.04886	-12.9594	-12.64177	-12.57824	-13.21351	-13.00175	-13.12881
619.8	0	0	0	0	-0.169404	-3.85394	-10.14306	-11.9218	-12.28179	-11.94298	-12.64177	-12.02768	-12.89588	-12.51472	-12.55707	-13.19233	-12.98058	-13.08646
619.9	0	0	0	0	-0.169404	-3.85394	-10.14306	-11.90063	-12.28179	-11.9218	-12.62059	-11.98533	-12.83235	-12.49354	-12.51472	-13.14998	-12.93823	-13.06528
620	0	0	0	0	-0.169404	-3.85394	-10.12189	-11.8371	-12.23944	-11.9218	-12.59942	-11.96415	-12.79	-12.47237	-12.49354	-13.14998	-12.93823	-13.0441
620.1	0	0	0	0	-0.169404	-3.85394	-10.03718	-11.81593	-12.21826	-11.90063	-12.53589	-11.94298	-12.72647	-12.40884	-12.45119	-13.12881	-12.91705	-12.98058
620.2	0	0	0	0	-0.169404	-3.832765	-10.01601	-11.7524	-12.17591	-11.85828	-12.49354	-11.85828	-12.64177	-12.36649	-12.38766	-13.10763	-12.91705	-12.98058
620.3	0	0	0	0	-0.169404	-3.811589	-9.931307	-11.71005	-12.17591	-11.85828	-12.38766	-11.77357	-12.55707	-12.34531	-12.26061	-13.00175	-12.91705	-12.93823
620.4	0	0	0	0	-0.169404	-3.811589	-9.910131	-11.64652	-12.13356	-11.85828	-12.30296	-11.73122	-12.53589	-12.23944	-12.17591	-12.98058	-12.89588	-12.89588
620.5	0	0	0	0	-0.169404	-3.811589	-9.867781	-11.60417	-12.11238	-11.81593	-12.26061	-11.68887	-12.49354	-12.23944	-12.15473	-12.91705	-12.8747	-12.89588
620.6	0	0	0	0	-0.169404	-3.811589	-9.846605	-11.54064	-12.07003	-11.7524	-12.21826	-11.583	-12.45119	-12.13356	-12.09121	-12.83235	-12.76882	-12.85353
620.7	0	0	0	0	-0.169404	-3.811589	-9.82543	-11.49829	-12.02768	-11.68887	-12.17591	-11.54064	-12.45119	-12.11238	-12.04886	-12.76882	-12.72647	-12.81117
620.8	0	0	0	0	-0.169404	-3.769238	-9.804254	-11.49829	-11.98533	-11.68887	-12.11238	-11.54064	-12.40884	-12.07003	-12.02768	-12.74765	-12.62059	-12.72647
620.9	0	0	0	0	-0.169404	-3.769238	-9.783078	-11.47712	-11.90063	-11.583	-12.04886	-11.51947	-12.36649	-12.00651	-12.00651	-12.72647	-12.55707	-12.68412
621	0	0	0	0	-0.1482285	-3.769238	-9.761903	-11.45594	-11.79475	-11.56182	-12.04886	-11.47712	-12.34531	-12.00651	-11.96415	-12.68412	-12.53589	-12.62059
621.1	0	0	0	0	-0.1482285	-3.769238	-9.761903	-11.37124	-11.6677	-11.49829	-12.04886	-11.45594	-12.30296	-11.96415	-11.90063	-12.64177	-12.47237	-12.55707
621.2	0	0	0	0	-0.127053	-3.726887	-9.719552	-11.30771	-11.64652	-11.47712	-12.00651	-11.43477	-12.28179	-11.85828	-11.8371	-12.57824	-12.40884	-12.51472
621.3	0	0	0	0	-0.127053	-3.705712	-9.677201	-11.24419	-11.62535	-11.41359	-11.87945	-11.43477	-12.21826	-11.79475	-11.77357	-12.55707	-12.36649	-12.47237
621.4	0	0	0	0	-0.127053	-3.705712	-9.63485	-11.20184	-11.62535	-11.37124	-11.85828	-11.41359	-12.15473	-11.77357	-11.7524	-12.49354	-12.34531	-12.45119
621.5	0	0	0	0	-0.127053	-3.705712	-9.592499	-11.11714	-11.56182	-11.32889	-11.8371	-11.37124	-12.15473	-11.73122	-11.7524	-12.45119	-12.32414	-12.45119
621.6	0	0	0	0	-0.127053	-3.705712	-9.571323	-11.09596	-11.54064	-11.30771	-11.77357	-11.35007	-12.09121	-11.73122	-11.7524	-12.34531	-12.28179	-12.40884
621.7	0	0	0	0	-0.127053	-3.705712	-9.528973	-11.07478	-11.49829	-11.26536	-11.71005	-11.35007	-12.04886	-11.68887	-11.73122	-12.30296	-12.26061	-12.38766
621.8	0	0	0	0	-0.127053	-3.705712	-9.528973	-10.99008	-11.47712	-11.15949	-11.68887	-11.32889	-12.00651	-11.62535	-11.73122	-12.30296	-12.17591	-12.38766
621.9	0	0	0	0	-0.127053	-3.705712	-9.486622	-10.94773	-11.47712	-11.13831	-11.6677	-11.28654	-11.98533	-11.54064	-11.68887	-12.30296	-12.11238	-12.34531
622	0	0	0	0	-0.127053	-3.705712	-9.486622	-10.92656	-11.47712	-11.09596	-11.583	-11.26536	-11.96415	-11.54064	-11.62535	-12.26061	-12.09121	-12.30296
622.1	0	0	0	0	-0.127053	-3.705712	-9.44427	-10.86303	-11.47712	-11.05361	-11.49829	-11.24419	-11.90063	-11.47712	-11.54064	-12.23944	-12.04886	-12.21826
622.2	0	0	0	0	-0.127053	-3.705712	-9.423095	-10.82068	-11.45594	-11.03243	-11.45594	-11.18066	-11.87945	-11.43477	-11.49829	-12.17591	-12.02768	-12.09121
622.3	0	0	0	0	-0.127053	-3.684536	-9.380744	-10.7995	-11.37124	-11.01126	-11.39242	-11.15949	-11.85828	-11.41359	-11.49829	-12.17591	-11.94298	-12.04886
622.4	0	0	0	0	-0.127053	-3.663361	-9.380744	-10.77833	-11.35007	-10.99008	-11.35007	-11.15949	-11.79475	-11.37124	-11.47712	-12.11238	-11.90063	-12.04886
622.5	0	0	0	0	-0.127053	-3.663361	-9.338393	-10.73598	-11.26536	-10.99008	-11.30771	-11.09596	-11.79475	-11.35007	-11.41359	-12.04886	-11.85828	-12.04886
622.6	0	0	0	0	-0.127053	-3.663361	-9.296042	-10.7148	-11.11714	-10.94773	-11.22301	-11.09596	-11.77357	-11.32889	-11.37124	-12.00651	-11.8371	-11.98533
622.7	0	0	0	0	-0.127053	-3.663361	-9.296042	-10.69362	-11.01126	-10.94773	-11.18066	-10.99008	-11.7524	-11.30771	-11.37124	-11.90063	-11.81593	-11.98533
622.8	0	0	0	0	-0.127053	-3.642185	-9.274867	-10.69362	-11.01126	-10.92656	-11.15949	-10.92656	-11.71005	-11.22301	-11.37124	-11.90063	-11.81593	-11.98533
622.9	0	0	0	0	-0.127053	-3.599834	-9.21134	-10.6301	-10.96891	-10.8842	-11.15949	-10.8842	-11.6677	-11.11714	-11.32889	-11.87945	-11.77357	-11.98533
623	0	0	0	0	-0.127053	-3.578659	-9.168989	-10.60892	-10.96891	-10.86303	-11.11714	-10.84185	-11.62535	-11.07478	-11.30771	-11.85828	-11.77357	-11.87945
623.1	0	0	0	0	-0.127053	-3.557483	-9.126638	-10.56657	-10.94773	-10.86303	-11.07478	-10.82068	-11.583	-11.05361	-11.26536	-11.77357	-11.71005	-11.81593
623.2	0	0	0	0	-0.127053	-3.557483	-9.126638	-10.5454	-10.90538	-10.77833	-11.05361	-10.7995	-11.51947	-11.03243	-11.22301	-11.7524	-11.68887	-11.79475
623.3	0	0	0	0	-0.127053	-3.536308	-9.126638	-10.50305	-10.8842	-10.7148	-10.94773	-10.77833	-11.51947	-10.96891	-11.22301	-11.73122	-11.6677	-11.77357
623.4	0	0	0	0	-0.127053	-3.515132	-9.041936	-10.50305	-10.7995	-10.65127	-10.94773	-10.73598	-11.49829	-10.96891	-11.15949	-11.64652	-11.6677	-11.73122
623.5	0	0	0	0	-0.127053	-3.515132	-8.999585	-10.48187	-10.77833	-10.58775	-10.94773	-10.67245	-11.47712	-10.90538	-11.15949	-11.583	-11.64652	-11.68887
623.6	0	0	0	0	-0.127053	-3.493957	-8.97841	-10.48187	-10.73598	-10.56657	-10.86303	-10.60892	-11.41359	-10.90538	-11.11714	-11.583	-11.54064	-11.60417
623.7	0	0	0	0	-0.127053	-3.493957	-8.936059	-10.43952	-10.73598	-10.52422	-10.7995	-10.60892	-11.37124	-10.77833	-11.07478	-11.54064	-11.51947	-11.54064
623.8	0	0	0	0	-0.127053	-3.493957	-8.872532	-10.41834	-10.7148	-10.50305	-10.77833	-10.60892	-11.37124	-10.75715	-11.05361	-11.45594	-11.47712	-11.54064
623.9	0	0	0	0	-0.127053	-3.493957	-8.851357	-10.39717	-10.69362	-10.46069	-10.77833	-10.52422	-11.37124	-10.7148	-11.03243	-11.37124	-11.37124	-11.49829
624	0	0	0	0	-0.127053	-3.493957	-8.830181	-10.31247	-10.65127	-10.41834	-10.75715	-10.46069	-11.35007	-10.69362	-10.99008	-11.30771	-11.35007	-11.45594
624.1	0	0	0	0	-0.127053	-3.472781	-8.830181	-10.29129	-10.56657	-10.39717	-10.69362	-10.41834	-11.28654	-10.67245	-10.92656	-11.28654	-11.30771	-11.45594
624.2	0	0	0	0	-0.127053	-3.472781	-8.809006	-10.24894	-10.5454	-10.37599	-10.67245	-10.39717	-11.26536	-10.65127	-10.84185	-11.22301	-11.22301	-11.37124
624.3	0	0	0	0	-0.127053	-3.472781	-8.78783	-10.22776	-10.5454	-10.33364	-10.67245	-10.37599	-11.26536	-10.65127	-10.7995	-11.18066	-11.20184	-11.26536
624.4	0	0	0	0	-0.127053	-3.472781	-8.78783	-10.20659	-10.50305	-10.29129	-10.60892	-10.37599	-11.24419	-10.58775	-10.75715	-11.07478	-11.20184	-11.24419
624.5	0	0	0	0	-0.127053	-3.472781	-8.766655	-10.16424	-10.43952	-10.27011	-10.56657	-10.37599	-11.15949	-10.5454	-10.75715	-11.03243	-11.13831	-11.24419
624.6	0	0	0	0	-0.127053	-3.43043	-8.766655	-10.16424	-10.41834	-10.22776	-10.56657	-10.33364	-11.11714	-10.48187	-10.69362	-10.96891	-11.11714	-11.24419
624.7	0	0	0	0	-0.127053	-3.43043	-8.74548	-10.16424	-10.41834	-10.16424	-10.5454	-10.31247	-11.09596	-10.39717	-10.67245	-10.94773	-11.07478	-11.22301
624.8	0	0	0	0	-0.127053	-3.388079	-8.74548	-10.07954	-10.33364	-10.14306	-10.52422	-10.29129	-11.09596	-10.33364	-10.6301	-10.92656	-11.07478	-11.18066
624.9	0	0	0	0	-0.127053	-3.366904	-8.724304	-10.07954	-10.33364	-10.10071	-10.48187	-10.22776	-11.07478	-10.31247	-10.58775	-10.90538	-11.03243	-11.18066
625	0	0	0	0	-0.127053	-3.366904	-8.724304	-10.01601	-10.29129	-10.05836	-10.43952	-10.22776	-11.05361	-10.29129	-10.5454	-10.86303	-10.96891	-11.13831
625.1	0	0	0	0	-0.127053	-3.345728	-8.724304	-9.994833	-10.20659	-10.03718	-10.39717	-10.18541	-10.99008	-10.22776	-10.52422	-10.84185	-10.90538	-11.11714
625.2	0	0	0	0	-0.127053	-3.345728	-8.681952	-9.952482	-10.18541	-10.01601	-10.37599	-10.18541	-10.92656	-10.16424	-10.46069	-10.7995	-10.84185	-11.09596
625.3	0	0	0	0	-0.127053	-3.303377	-8.597251	-9.952482	-10.18541	-9.994833	-10.31247	-10.16424	-10.8842	-10.16424	-10.46069	-10.75715	-10.82068	-11.01126
625.4	0	0	0	0	-0.127053	-3.303377	-8.512548	-9.910131	-10.16424	-9.994833	-10.27011	-10.16424	-10.84185	-10.07954	-10.39717	-10.73598	-10.82068	-10.94773
625.5	0	0	0	0	-0.127053	-3.261026	-8.449022	-9.867781	-10.16424	-9.952482	-10.27011	-10.07954	-10.82068	-10.03718	-10.39717	-10.73598	-10.82068	-10.92656
625.6	0	0	0	0	-0.127053	-3.261026	-8.427847	-9.846605	-10.14306	-9.931307	-10.22776	-10.05836	-10.7995	-10.03718	-10.37599	-10.69362	-10.7995	-10.90538
625.7	0	0	0	0	-0.127053	-3.261026	-8.406672	-9.846605	-10.10071	-9.867781	-10.18541	-10.03718	-10.73598	-9.973658	-10.35482	-10.65127	-10.75715	-10.8842
625.8	0	0	0	0	-0.127053	-3.261026	-8.385496	-9.783078	-10.10071	-9.867781	-10.18541	-9.994833	-10.7148	-9.952482	-10.33364	-10.56657	-10.67245	-10.86303
625.9	0	0	0	0	-0.127053	-3.261026	-8.364321	-9.761903	-10.07954	-9.846605	-10.16424	-9.952482	-10.67245	-9.910131	-10.31247	-10.52422	-10.60892	-10.7995
626	0	0	0	0	-0.127053	-3.239851	-8.364321	-9.761903	-10.01601	-9.82543	-10.14306	-9.931307	-10.65127	-9.846605	-10.24894	-10.46069	-10.60892	-10.7995
626.1	0	0	0	0	-0.127053	-3.218675	-8.321969	-9.719552	-9.973658	-9.804254	-10.07954	-9.867781	-10.6301	-9.846605	-10.22776	-10.46069	-10.5454	-10.77833
626.2	0	0	0	0	-0.127053	-3.218675	-8.321969	-9.677201	-9.910131	-9.740727	-10.03718	-9.846605	-10.56657	-9.82543	-10.20659	-10.46069	-10.48187	-10.7148
626.3	0	0	0	0	-0.127053	-3.218675	-8.279618	-9.63485	-9.910131	-9.719552	-10.01601	-9.82543	-10.52422	-9.783078	-10.07954	-10.39717	-10.43952	-10.67245
626.4	0	0	0	0	-0.127053	-3.218675	-8.279618	-9.592499	-9.867781	-9.698377	-9.994833	-9.82543	-10.48187	-9.740727	-10.05836	-10.35482	-10.39717	-10.65127
626.5	0	0	0	0	-0.127053	-3.218675	-8.258443	-9.592499	-9.82543	-9.63485	-9.994833	-9.804254	-10.46069	-9.719552	-10.03718	-10.31247	-10.35482	-10.6301
626.6	0	0	0	0	-0.127053	-3.218675	-8.237267	-9.571323	-9.804254	-9.592499	-9.952482	-9.740727	-10.43952	-9.698377	-9.973658	-10.29129	-10.35482	-10.60892
626.7	0	0	0	0	-0.127053	-3.1975	-8.194917	-9.507797	-9.761903	-9.592499	-9.952482	-9.740727	-10.37599	-9.656026	-9.952482	-10.27011	-10.31247	-10.56657
626.8	0	0	0	0	-0.127053	-3.176324	-8.110214	-9.465446	-9.719552	-9.507797	-9.931307	-9.719552	-10.35482	-9.592499	-9.910131	-10.24894	-10.29129	-10.52422
626.9	0	0	0	0	-0.127053	-3.176324	-8.089039	-9.465446	-9.719552	-9.507797	-9.846605	-9.719552	-10.31247	-9.550148	-9.888956	-10.24894	-10.24894	-10.50305
627	0	0	0	0	-0.127053	-3.155149	-8.046688	-9.465446	-9.698377	-9.423095	-9.804254	-9.719552	-10.27011	-9.528973	-9.888956	-10.20659	-10.24894	-10.43952
627.1	0	0	0	0	-0.127053	-3.155149	-8.004337	-9.44427	-9.63485	-9.423095	-9.804254	-9.719552	-10.22776	-9.465446	-9.867781	-10.18541	-10.24894	-10.39717
627.2	0	0	0	0	-0.127053	-3.155149	-7.961986	-9.359569	-9.550148	-9.423095	-9.719552	-9.677201	-10.18541	-9.423095	-9.82543	-10.14306	-10.16424	-10.35482
627.3	0	0	0	0	-0.127053	-3.155149	-7.961986	-9.338393	-9.486622	-9.380744	-9.698377	-9.677201	-10.18541	-9.296042	-9.804254	-10.12189	-10.16424	-10.35482
627.4	0	0	0	0	-0.127053	-3.155149	-7.961986	-9.338393	-9.486622	-9.359569	-9.656026	-9.656026	-10.12189	-9.253691	-9.783078	-10.10071	-10.14306	-10.35482
627.5	0	0	0	0	-0.127053	-3.155149	-7.940811	-9.317218	-9.44427	-9.338393	-9.656026	-9.656026	-10.10071	-9.147814	-9.740727	-10.10071	-10.12189	-10.35482
627.6	0	0	0	0	-0.127053	-3.091622	-7.940811	-9.21134	-9.44427	-9.296042	-9.656026	-9.613674	-10.03718	-9.105463	-9.719552	-10.05836	-10.12189	-10.29129
627.7	0	0	0	0	-0.127053	-3.091622	-7.898459	-9.168989	-9.401919	-9.274867	-9.63485	-9.592499	-10.01601	-9.063111	-9.719552	-9.994833	-10.10071	-10.24894
627.8	0	0	0	0	-0.127053	-3.091622	-7.813757	-9.105463	-9.380744	-9.232515	-9.571323	-9.507797	-9.931307	-8.97841	-9.719552	-9.973658	-10.05836	-10.20659
627.9	0	0	0	0	-0.127053	-3.091622	-7.813757	-9.063111	-9.317218	-9.190165	-9.550148	-9.486622	-9.910131	-8.957234	-9.677201	-9.973658	-10.05836	-10.16424
628	0	0	0	0	-0.127053	-3.070447	-7.771407	-9.020761	-9.296042	-9.147814	-9.507797	-9.401919	-9.867781	-8.914884	-9.656026	-9.952482	-10.01601	-10.12189
628.1	0	0	0	0	-0.127053	-3.049271	-7.729055	-9.020761	-9.253691	-9.105463	-9.423095	-9.359569	-9.846605	-8.851357	-9.63485	-9.888956	-10.01601	-10.10071
628.2	0	0	0	0	-0.127053	-3.049271	-7.665529	-8.957234	-9.232515	-9.084287	-9.401919	-9.359569	-9.783078	-8.830181	-9.613674	-9.867781	-9.973658	-10.05836
628.3	0	0	0	0	-0.127053	-3.028096	-7.644353	-8.957234	-9.232515	-9.041936	-9.338393	-9.338393	-9.761903	-8.78783	-9.613674	-9.82543	-9.952482	-10.03718
628.4	0	0	0	0	-0.127053	-3.028096	-7.602003	-8.957234	-9.190165	-9.041936	-9.296042	-9.317218	-9.740727	-8.78783	-9.592499	-9.783078	-9.910131	-9.931307
628.5	0	0	0	0	-0.127053	-3.028096	-7.580827	-8.936059	-9.126638	-9.020761	-9.274867	-9.296042	-9.719552	-8.78783	-9.571323	-9.761903	-9.888956	-9.82543
628.6	0	0	0	0	-0.127053	-3.028096	-7.580827	-8.893707	-9.063111	-8.999585	-9.253691	-9.232515	-9.698377	-8.703128	-9.571323	-9.719552	-9.82543	-9.761903
628.7	0	0	0	0	-0.127053	-3.00692	-7.538476	-8.851357	-9.020761	-8.97841	-9.253691	-9.232515	-9.698377	-8.681952	-9.507797	-9.677201	-9.761903	-9.740727
628.8	0	0	0	0	-0.127053	-3.00692	-7.517301	-8.78783	-8.97841	-8.957234	-9.253691	-9.168989	-9.656026	-8.639602	-9.507797	-9.63485	-9.740727	-9.719552
628.9	0	0	0	0	-0.127053	-3.00692	-7.496125	-8.74548	-8.914884	-8.957234	-9.21134	-9.147814	-9.613674	-8.618426	-9.423095	-9.592499	-9.719552	-9.656026
629	0	0	0	0	-0.127053	-3.00692	-7.474949	-8.703128	-8.914884	-8.872532	-9.168989	-9.105463	-9.592499	-8.576076	-9.401919	-9.528973	-9.698377	-9.592499
629.1	0	0	0	0	-0.127053	-2.985745	-7.432599	-8.703128	-8.893707	-8.830181	-9.168989	-9.084287	-9.571323	-8.491373	-9.380744	-9.507797	-9.656026	-9.571323
629.2	0	0	0	0	-0.127053	-2.985745	-7.411423	-8.660777	-8.872532	-8.830181	-9.168989	-9.041936	-9.550148	-8.491373	-9.359569	-9.486622	-9.63485	-9.550148
629.3	0	0	0	0	-0.127053	-2.964569	-7.369072	-8.576076	-8.872532	-8.766655	-9.105463	-8.97841	-9.528973	-8.470198	-9.338393	-9.44427	-9.592499	-9.486622
629.4	0	0	0	0	-0.127053	-2.943394	-7.369072	-8.576076	-8.872532	-8.703128	-9.041936	-8.957234	-9.486622	-8.470198	-9.296042	-9.423095	-9.592499	-9.44427
629.5	0	0	0	0	-0.127053	-2.943394	-7.326721	-8.5549	-8.851357	-8.660777	-8.97841	-8.936059	-9.44427	-8.427847	-9.274867	-9.338393	-9.550148	-9.44427
629.6	0	0	0	0	-0.127053	-2.943394	-7.326721	-8.5549	-8.851357	-8.639602	-8.914884	-8.914884	-9.44427	-8.427847	-9.232515	-9.338393	-9.486622	-9.401919
629.7	0	0	0	0	-0.127053	-2.943394	-7.28437	-8.533724	-8.830181	-8.618426	-8.893707	-8.914884	-9.44427	-8.406672	-9.21134	-9.317218	-9.465446	-9.380744
629.8	0	0	0	0	-0.127053	-2.922218	-7.263195	-8.533724	-8.809006	-8.5549	-8.893707	-8.914884	-9.44427	-8.385496	-9.190165	-9.296042	-9.44427	-9.380744
629.9	0	0	0	0	-0.127053	-2.922218	-7.242019	-8.512548	-8.766655	-8.470198	-8.851357	-8.893707	-9.401919	-8.385496	-9.147814	-9.253691	-9.44427	-9.338393
630	0	0	0	0	-0.127053	-2.901043	-7.199668	-8.512548	-8.766655	-8.406672	-8.766655	-8.851357	-9.359569	-8.364321	-9.084287	-9.21134	-9.423095	-9.296042
630.1	0	0	0	0	-0.127053	-2.901043	-7.157317	-8.512548	-8.703128	-8.364321	-8.703128	-8.809006	-9.317218	-8.321969	-9.063111	-9.147814	-9.380744	-9.274867
630.2	0	0	0	0	-0.127053	-2.901043	-7.136142	-8.512548	-8.681952	-8.321969	-8.660777	-8.78783	-9.274867	-8.321969	-9.063111	-9.084287	-9.274867	-9.274867
630.3	0	0	0	0	-0.127053	-2.879867	-7.114966	-8.512548	-8.660777	-8.279618	-8.618426	-8.74548	-9.232515	-8.300794	-9.020761	-9.063111	-9.232515	-9.274867
630.4	0	0	0	0	-0.127053	-2.879867	-7.114966	-8.491373	-8.618426	-8.258443	-8.597251	-8.74548	-9.232515	-8.300794	-8.97841	-8.957234	-9.190165	-9.274867
630.5	0	0	0	0	-0.127053	-2.879867	-7.093791	-8.449022	-8.597251	-8.258443	-8.576076	-8.74548	-9.21134	-8.237267	-8.97841	-8.936059	-9.147814	-9.232515
630.6	0	0	0	0	-0.127053	-2.879867	-7.05144	-8.385496	-8.597251	-8.237267	-8.533724	-8.681952	-9.21134	-8.216092	-8.97841	-8.893707	-9.126638	-9.126638
630.7	0	0	0	0	-0.127053	-2.858692	-7.05144	-8.364321	-8.597251	-8.173741	-8.533724	-8.681952	-9.126638	-8.194917	-8.957234	-8.872532	-9.126638	-9.084287
630.8	0	0	0	0	-0.127053	-2.858692	-7.030264	-8.321969	-8.576076	-8.152565	-8.470198	-8.660777	-9.126638	-8.173741	-8.936059	-8.78783	-9.084287	-9.084287
630.9	0	0	0	0	-0.127053	-2.858692	-7.030264	-8.300794	-8.576076	-8.152565	-8.449022	-8.660777	-9.063111	-8.110214	-8.893707	-8.78783	-9.041936	-9.063111
631	0	0	0	0	-0.127053	-2.837516	-7.030264	-8.279618	-8.5549	-8.152565	-8.406672	-8.618426	-9.041936	-8.110214	-8.893707	-8.724304	-9.020761	-9.041936
631.1	0	0	0	0	-0.127053	-2.837516	-6.987913	-8.258443	-8.533724	-8.152565	-8.406672	-8.597251	-9.020761	-8.110214	-8.893707	-8.681952	-8.999585	-9.041936
631.2	0	0	0	0	-0.127053	-2.837516	-6.945562	-8.237267	-8.449022	-8.13139	-8.406672	-8.597251	-8.936059	-8.089039	-8.893707	-8.681952	-8.97841	-9.020761
631.3	0	0	0	0	-0.127053	-2.837516	-6.903211	-8.216092	-8.449022	-8.110214	-8.406672	-8.576076	-8.872532	-8.067863	-8.851357	-8.660777	-8.97841	-9.020761
631.4	0	0	0	0	-0.127053	-2.837516	-6.86086	-8.194917	-8.364321	-8.110214	-8.343144	-8.576076	-8.851357	-8.046688	-8.830181	-8.639602	-8.914884	-8.999585
631.5	0	0	0	0	-0.127053	-2.837516	-6.86086	-8.13139	-8.279618	-8.046688	-8.321969	-8.533724	-8.830181	-8.004337	-8.830181	-8.618426	-8.914884	-8.914884
631.6	0	0	0	0	-0.127053	-2.837516	-6.839685	-8.004337	-8.216092	-8.046688	-8.300794	-8.512548	-8.78783	-7.983161	-8.809006	-8.597251	-8.851357	-8.872532
631.7	0	0	0	0	-0.127053	-2.837516	-6.818509	-8.004337	-8.216092	-8.004337	-8.237267	-8.470198	-8.74548	-7.919635	-8.809006	-8.597251	-8.809006	-8.830181
631.8	0	0	0	0	-0.127053	-2.837516	-6.818509	-7.961986	-8.152565	-8.004337	-8.194917	-8.427847	-8.703128	-7.898459	-8.74548	-8.576076	-8.78783	-8.766655
631.9	0	0	0	0	-0.127053	-2.837516	-6.776158	-7.961986	-8.152565	-8.004337	-8.13139	-8.343144	-8.681952	-7.877284	-8.724304	-8.576076	-8.766655	-8.766655
632	0	0	0	0	-0.127053	-2.816341	-6.776158	-7.961986	-8.13139	-8.004337	-8.13139	-8.300794	-8.618426	-7.834933	-8.703128	-8.576076	-8.766655	-8.766655
632.1	0	0	0	0	-0.127053	-2.816341	-6.754983	-7.961986	-8.110214	-8.004337	-8.089039	-8.279618	-8.576076	-7.792582	-8.681952	-8.533724	-8.766655	-8.74548
632.2	0	0	0	0	-0.127053	-2.816341	-6.712632	-7.919635	-8.110214	-7.961986	-8.089039	-8.279618	-8.512548	-7.750231	-8.681952	-8.512548	-8.724304	-8.681952
632.3	0	0	0	0	-0.127053	-2.816341	-6.712632	-7.856109	-8.110214	-7.940811	-8.025513	-8.216092	-8.449022	-7.750231	-8.660777	-8.491373	-8.724304	-8.597251
632.4	0	0	0	0	-0.127053	-2.77399	-6.691456	-7.834933	-8.089039	-7.919635	-7.983161	-8.194917	-8.449022	-7.70788	-8.597251	-8.449022	-8.724304	-8.597251
632.5	0	0	0	0	-0.127053	-2.77399	-6.670281	-7.834933	-8.067863	-7.898459	-7.940811	-8.194917	-8.427847	-7.644353	-8.597251	-8.449022	-8.703128	-8.597251
632.6	0	0	0	0	-0.127053	-2.77399	-6.585579	-7.813757	-8.046688	-7.877284	-7.940811	-8.194917	-8.406672	-7.644353	-8.597251	-8.385496	-8.639602	-8.5549
632.7	0	0	0	0	-0.127053	-2.77399	-6.522052	-7.750231	-8.025513	-7.834933	-7.919635	-8.173741	-8.385496	-7.644353	-8.576076	-8.300794	-8.597251	-8.491373
632.8	0	0	0	0	-0.127053	-2.752814	-6.522052	-7.750231	-7.940811	-7.771407	-7.919635	-8.152565	-8.385496	-7.623178	-8.5549	-8.279618	-8.576076	-8.491373
632.9	0	0	0	0	-0.127053	-2.731639	-6.500877	-7.70788	-7.940811	-7.729055	-7.856109	-8.110214	-8.364321	-7.602003	-8.491373	-8.279618	-8.5549	-8.427847
633	0	0	0	0	-0.127053	-2.731639	-6.500877	-7.686705	-7.919635	-7.70788	-7.834933	-8.110214	-8.343144	-7.602003	-8.449022	-8.194917	-8.533724	-8.321969
633.1	0	0	0	0	-0.127053	-2.689288	-6.458526	-7.665529	-7.919635	-7.70788	-7.813757	-8.067863	-8.343144	-7.602003	-8.406672	-8.194917	-8.491373	-8.321969
633.2	0	0	0	0	-0.127053	-2.689288	-6.395	-7.665529	-7.898459	-7.665529	-7.813757	-8.067863	-8.300794	-7.538476	-8.406672	-8.194917	-8.491373	-8.300794
633.3	0	0	0	0	-0.127053	-2.668112	-6.373824	-7.665529	-7.856109	-7.623178	-7.813757	-8.025513	-8.300794	-7.538476	-8.385496	-8.173741	-8.385496	-8.258443
633.4	0	0	0	0	-0.127053	-2.668112	-6.352648	-7.644353	-7.813757	-7.580827	-7.771407	-7.983161	-8.300794	-7.538476	-8.385496	-8.152565	-8.364321	-8.237267
633.5	0	0	0	0	-0.127053	-2.668112	-6.310297	-7.623178	-7.813757	-7.517301	-7.729055	-7.983161	-8.258443	-7.432599	-8.343144	-8.13139	-8.300794	-8.173741
633.6	0	0	0	0	-0.127053	-2.646937	-6.267946	-7.623178	-7.750231	-7.496125	-7.70788	-7.919635	-8.237267	-7.432599	-8.343144	-8.089039	-8.279618	-8.110214
633.7	0	0	0	0	-0.127053	-2.646937	-6.246771	-7.580827	-7.750231	-7.474949	-7.70788	-7.898459	-8.173741	-7.411423	-8.321969	-8.067863	-8.279618	-8.067863
633.8	0	0	0	0	-0.127053	-2.625761	-6.225595	-7.538476	-7.729055	-7.474949	-7.686705	-7.898459	-8.173741	-7.390248	-8.321969	-8.025513	-8.258443	-8.046688
633.9	0	0	0	0	-0.127053	-2.58341	-6.225595	-7.538476	-7.70788	-7.453774	-7.623178	-7.898459	-8.152565	-7.390248	-8.300794	-8.025513	-8.258443	-7.961986
634	0	0	0	0	-0.127053	-2.58341	-6.20442	-7.496125	-7.686705	-7.453774	-7.623178	-7.898459	-8.13139	-7.369072	-8.258443	-7.983161	-8.237267	-7.940811
634.1	0	0	0	0	-0.127053	-2.562235	-6.183244	-7.496125	-7.623178	-7.432599	-7.559651	-7.898459	-8.13139	-7.369072	-8.237267	-7.983161	-8.216092	-7.898459
634.2	0	0	0	0	-0.127053	-2.562235	-6.140893	-7.496125	-7.602003	-7.390248	-7.517301	-7.877284	-8.13139	-7.369072	-8.216092	-7.983161	-8.216092	-7.877284
634.3	0	0	0	0	-0.127053	-2.541059	-6.140893	-7.496125	-7.602003	-7.347897	-7.496125	-7.877284	-8.089039	-7.369072	-8.216092	-7.940811	-8.194917	-7.877284
634.4	0	0	0	0	-0.127053	-2.541059	-6.119718	-7.474949	-7.559651	-7.28437	-7.474949	-7.856109	-8.089039	-7.369072	-8.194917	-7.940811	-8.110214	-7.877284
634.5	0	0	0	0	-0.127053	-2.541059	-6.098542	-7.453774	-7.496125	-7.263195	-7.369072	-7.792582	-8.025513	-7.369072	-8.194917	-7.919635	-8.110214	-7.834933
634.6	0	0	0	0	-0.127053	-2.519884	-6.077367	-7.411423	-7.474949	-7.242019	-7.347897	-7.792582	-8.004337	-7.369072	-8.13139	-7.898459	-8.067863	-7.813757
634.7	0	0	0	0	-0.127053	-2.498708	-6.077367	-7.369072	-7.453774	-7.199668	-7.28437	-7.750231	-8.004337	-7.347897	-8.110214	-7.898459	-8.067863	-7.792582
634.8	0	0	0	0	-0.127053	-2.498708	-6.035016	-7.326721	-7.453774	-7.178493	-7.28437	-7.729055	-7.940811	-7.326721	-8.110214	-7.834933	-8.004337	-7.792582
634.9	0	0	0	0	-0.127053	-2.498708	-6.035016	-7.326721	-7.411423	-7.178493	-7.263195	-7.70788	-7.940811	-7.326721	-8.089039	-7.813757	-7.983161	-7.771407
635	0	0	0	0	-0.127053	-2.498708	-6.013841	-7.263195	-7.347897	-7.072615	-7.199668	-7.686705	-7.940811	-7.305546	-8.067863	-7.813757	-7.940811	-7.750231
635.1	0	0	0	0	-0.127053	-2.498708	-5.992665	-7.263195	-7.347897	-7.072615	-7.199668	-7.665529	-7.919635	-7.28437	-8.046688	-7.771407	-7.898459	-7.686705
635.2	0	0	0	0	-0.127053	-2.477533	-5.950314	-7.199668	-7.326721	-7.030264	-7.114966	-7.644353	-7.877284	-7.28437	-8.046688	-7.750231	-7.877284	-7.644353
635.3	0	0	0	0	-0.127053	-2.477533	-5.929139	-7.157317	-7.305546	-7.030264	-7.114966	-7.623178	-7.834933	-7.263195	-8.004337	-7.750231	-7.877284	-7.644353
635.4	0	0	0	0	-0.127053	-2.477533	-5.886787	-7.136142	-7.28437	-6.987913	-7.093791	-7.580827	-7.813757	-7.263195	-7.983161	-7.750231	-7.877284	-7.602003
635.5	0	0	0	0	-0.127053	-2.477533	-5.823261	-7.136142	-7.263195	-6.987913	-7.009089	-7.580827	-7.792582	-7.199668	-7.961986	-7.750231	-7.877284	-7.602003
635.6	0	0	0	0	-0.127053	-2.477533	-5.823261	-7.114966	-7.263195	-6.987913	-6.987913	-7.559651	-7.750231	-7.178493	-7.961986	-7.750231	-7.856109	-7.580827
635.7	0	0	0	0	-0.127053	-2.477533	-5.823261	-7.093791	-7.242019	-6.945562	-6.987913	-7.538476	-7.750231	-7.136142	-7.961986	-7.70788	-7.813757	-7.559651
635.8	0	0	0	0	-0.127053	-2.477533	-5.823261	-7.072615	-7.199668	-6.903211	-6.987913	-7.517301	-7.750231	-7.093791	-7.898459	-7.70788	-7.750231	-7.517301
635.9	0	0	0	0	-0.127053	-2.456357	-5.823261	-7.05144	-7.157317	-6.882036	-6.966738	-7.496125	-7.70788	-7.072615	-7.877284	-7.686705	-7.750231	-7.517301
636	0	0	0	0	-0.127053	-2.456357	-5.823261	-7.030264	-7.114966	-6.86086	-6.945562	-7.496125	-7.665529	-7.05144	-7.877284	-7.602003	-7.750231	-7.496125
636.1	0	0	0	0	-0.127053	-2.435182	-5.802085	-7.009089	-7.072615	-6.818509	-6.945562	-7.496125	-7.644353	-7.030264	-7.834933	-7.559651	-7.729055	-7.496125
636.2	0	0	0	0	-0.127053	-2.392831	-5.738559	-7.009089	-7.05144	-6.776158	-6.924387	-7.453774	-7.602003	-6.987913	-7.834933	-7.474949	-7.70788	-7.432599
636.3	0	0	0	0	-0.127053	-2.392831	-5.696208	-7.009089	-6.966738	-6.754983	-6.924387	-7.453774	-7.602003	-6.945562	-7.792582	-7.453774	-7.686705	-7.432599
636.4	0	0	0	0	-0.127053	-2.371655	-5.675033	-7.009089	-6.924387	-6.691456	-6.882036	-7.411423	-7.580827	-6.903211	-7.771407	-7.411423	-7.602003	-7.390248
636.5	0	0	0	0	-0.1058775	-2.371655	-5.653857	-7.009089	-6.882036	-6.691456	-6.86086	-7.390248	-7.538476	-6.882036	-7.771407	-7.411423	-7.602003	-7.369072
636.6	0	0	0	0	-0.1058775	-2.371655	-5.653857	-7.009089	-6.882036	-6.670281	-6.839685	-7.347897	-7.538476	-6.839685	-7.750231	-7.411423	-7.602003	-7.347897
636.7	0	0	0	0	-0.1058775	-2.371655	-5.611506	-6.987913	-6.776158	-6.649105	-6.818509	-7.305546	-7.496125	-6.818509	-7.750231	-7.390248	-7.602003	-7.28437
636.8	0	0	0	0	-0.1058775	-2.371655	-5.611506	-6.966738	-6.754983	-6.649105	-6.797334	-7.263195	-7.453774	-6.776158	-7.729055	-7.390248	-7.559651	-7.263195
636.9	0	0	0	0	-0.1058775	-2.371655	-5.611506	-6.924387	-6.733807	-6.606754	-6.776158	-7.199668	-7.432599	-6.776158	-7.70788	-7.390248	-7.559651	-7.242019
637	0	0	0	0	-0.1058775	-2.35048	-5.590331	-6.882036	-6.712632	-6.606754	-6.754983	-7.178493	-7.411423	-6.754983	-7.686705	-7.390248	-7.559651	-7.199668
637.1	0	0	0	0	-0.08470198	-2.329304	-5.569155	-6.839685	-6.691456	-6.564404	-6.712632	-7.157317	-7.390248	-6.712632	-7.644353	-7.369072	-7.538476	-7.199668
637.2	0	0	0	0	-0.08470198	-2.329304	-5.547979	-6.818509	-6.670281	-6.564404	-6.712632	-7.157317	-7.347897	-6.691456	-7.623178	-7.347897	-7.538476	-7.136142
637.3	0	0	0	0	-0.08470198	-2.329304	-5.505629	-6.797334	-6.62793	-6.564404	-6.691456	-7.114966	-7.347897	-6.670281	-7.580827	-7.326721	-7.496125	-7.114966
637.4	0	0	0	0	-0.08470198	-2.329304	-5.505629	-6.776158	-6.62793	-6.500877	-6.62793	-7.093791	-7.326721	-6.670281	-7.580827	-7.326721	-7.496125	-7.093791
637.5	0	0	0	0	-0.08470198	-2.329304	-5.505629	-6.754983	-6.62793	-6.500877	-6.522052	-7.05144	-7.305546	-6.670281	-7.559651	-7.28437	-7.453774	-7.072615
637.6	0	0	0	0	-0.08470198	-2.286953	-5.505629	-6.733807	-6.62793	-6.458526	-6.522052	-7.05144	-7.28437	-6.606754	-7.559651	-7.263195	-7.432599	-7.05144
637.7	0	0	0	0	-0.08470198	-2.265778	-5.484453	-6.733807	-6.585579	-6.416175	-6.479702	-7.030264	-7.263195	-6.585579	-7.517301	-7.263195	-7.390248	-7.030264
637.8	0	0	0	0	-0.08470198	-2.244602	-5.463278	-6.712632	-6.585579	-6.395	-6.43735	-7.009089	-7.242019	-6.585579	-7.496125	-7.242019	-7.369072	-6.987913
637.9	0	0	0	0	-0.08470198	-2.244602	-5.442102	-6.691456	-6.585579	-6.331473	-6.395	-6.924387	-7.220844	-6.585579	-7.474949	-7.199668	-7.263195	-6.945562
638	0	0	0	0	-0.08470198	-2.244602	-5.442102	-6.670281	-6.585579	-6.267946	-6.352648	-6.924387	-7.220844	-6.564404	-7.432599	-7.178493	-7.242019	-6.882036
638.1	0	0	0	0	-0.08470198	-2.244602	-5.442102	-6.670281	-6.585579	-6.20442	-6.310297	-6.903211	-7.199668	-6.564404	-7.411423	-7.157317	-7.242019	-6.839685
638.2	0	0	0	0	-0.08470198	-2.244602	-5.442102	-6.62793	-6.543228	-6.20442	-6.310297	-6.903211	-7.157317	-6.543228	-7.390248	-7.114966	-7.199668	-6.839685
638.3	0	0	0	0	-0.08470198	-2.244602	-5.442102	-6.585579	-6.543228	-6.183244	-6.310297	-6.797334	-7.136142	-6.543228	-7.347897	-7.072615	-7.157317	-6.818509
638.4	0	0	0	0	-0.08470198	-2.244602	-5.420927	-6.543228	-6.500877	-6.183244	-6.267946	-6.776158	-7.093791	-6.522052	-7.305546	-7.072615	-7.136142	-6.754983
638.5	0	0	0	0	-0.08470198	-2.244602	-5.420927	-6.543228	-6.479702	-6.183244	-6.267946	-6.754983	-7.072615	-6.458526	-7.28437	-7.009089	-7.05144	-6.733807
638.6	0	0	0	0	-0.08470198	-2.202251	-5.399751	-6.500877	-6.479702	-6.183244	-6.246771	-6.712632	-7.05144	-6.458526	-7.199668	-6.987913	-6.987913	-6.712632
638.7	0	0	0	0	-0.08470198	-2.202251	-5.378576	-6.43735	-6.458526	-6.119718	-6.246771	-6.691456	-7.030264	-6.458526	-7.178493	-6.966738	-6.987913	-6.670281
638.8	0	0	0	0	-0.08470198	-2.181076	-5.378576	-6.416175	-6.416175	-6.098542	-6.20442	-6.649105	-7.030264	-6.43735	-7.157317	-6.945562	-6.987913	-6.670281
638.9	0	0	0	0	-0.08470198	-2.117549	-5.3574	-6.416175	-6.395	-6.056191	-6.183244	-6.606754	-6.987913	-6.43735	-7.157317	-6.924387	-6.966738	-6.670281
639	0	0	0	0	-0.08470198	-2.096374	-5.293874	-6.416175	-6.395	-6.035016	-6.183244	-6.543228	-6.966738	-6.395	-7.136142	-6.924387	-6.966738	-6.649105
639.1	0	0	0	0	-0.08470198	-2.096374	-5.293874	-6.395	-6.395	-6.013841	-6.140893	-6.500877	-6.924387	-6.352648	-7.114966	-6.924387	-6.945562	-6.606754
639.2	0	0	0	0	-0.08470198	-2.096374	-5.251523	-6.395	-6.373824	-5.950314	-6.140893	-6.500877	-6.924387	-6.310297	-7.05144	-6.882036	-6.945562	-6.585579
639.3	0	0	0	0	-0.08470198	-2.096374	-5.209172	-6.373824	-6.373824	-5.929139	-6.119718	-6.500877	-6.924387	-6.310297	-7.009089	-6.839685	-6.924387	-6.564404
639.4	0	0	0	0	-0.08470198	-2.096374	-5.187996	-6.373824	-6.310297	-5.929139	-6.098542	-6.500877	-6.924387	-6.246771	-6.987913	-6.839685	-6.924387	-6.543228
639.5	0	0	0	0	-0.08470198	-2.096374	-5.166821	-6.331473	-6.310297	-5.929139	-6.035016	-6.479702	-6.882036	-6.20442	-6.945562	-6.839685	-6.882036	-6.543228
639.6	0	0	0	0	-0.08470198	-2.096374	-5.145645	-6.289122	-6.289122	-5.907963	-5.971489	-6.43735	-6.86086	-6.20442	-6.945562	-6.776158	-6.882036	-6.543228
639.7	0	0	0	0	-0.08470198	-2.096374	-5.12447	-6.267946	-6.267946	-5.886787	-5.907963	-6.395	-6.754983	-6.20442	-6.903211	-6.733807	-6.882036	-6.479702
639.8	0	0	0	0	-0.08470198	-2.096374	-5.103294	-6.267946	-6.162069	-5.802085	-5.886787	-6.373824	-6.712632	-6.162069	-6.882036	-6.712632	-6.882036	-6.416175
639.9	0	0	0	0	-0.08470198	-2.075198	-5.082119	-6.246771	-6.119718	-5.802085	-5.844437	-6.352648	-6.712632	-6.119718	-6.86086	-6.691456	-6.882036	-6.395
640	0	0	0	0	-0.08470198	-2.054023	-5.082119	-6.225595	-6.056191	-5.802085	-5.844437	-6.331473	-6.691456	-6.119718	-6.839685	-6.691456	-6.882036	-6.395
640.1	0	0	0	0	-0.08470198	-2.032847	-5.060943	-6.225595	-6.056191	-5.78091	-5.844437	-6.331473	-6.691456	-6.119718	-6.839685	-6.649105	-6.86086	-6.373824
640.2	0	0	0	0	-0.08470198	-2.011672	-5.039768	-6.225595	-6.013841	-5.759735	-5.78091	-6.310297	-6.649105	-6.077367	-6.818509	-6.649105	-6.818509	-6.373824
640.3	0	0	0	0	-0.08470198	-2.011672	-5.039768	-6.225595	-5.992665	-5.738559	-5.78091	-6.289122	-6.606754	-6.077367	-6.818509	-6.649105	-6.776158	-6.373824
640.4	0	0	0	0	-0.08470198	-1.990497	-5.018592	-6.20442	-5.950314	-5.675033	-5.759735	-6.246771	-6.585579	-6.035016	-6.797334	-6.62793	-6.754983	-6.352648
640.5	0	0	0	0	-0.08470198	-1.990497	-4.997416	-6.162069	-5.886787	-5.611506	-5.717383	-6.140893	-6.585579	-6.013841	-6.797334	-6.543228	-6.733807	-6.310297
640.6	0	0	0	0	-0.08470198	-1.990497	-4.955066	-6.119718	-5.802085	-5.569155	-5.696208	-6.140893	-6.585579	-5.992665	-6.754983	-6.543228	-6.733807	-6.310297
640.7	0	0	0	0	-0.08470198	-1.990497	-4.955066	-6.098542	-5.802085	-5.526804	-5.696208	-6.119718	-6.564404	-5.971489	-6.733807	-6.543228	-6.712632	-6.310297
640.8	0	0	0	0	-0.08470198	-1.969321	-4.912715	-6.077367	-5.802085	-5.484453	-5.696208	-6.119718	-6.500877	-5.907963	-6.733807	-6.522052	-6.712632	-6.289122
640.9	0	0	0	0	-0.08470198	-1.969321	-4.912715	-6.056191	-5.759735	-5.420927	-5.696208	-6.119718	-6.500877	-5.865612	-6.712632	-6.458526	-6.691456	-6.289122
641	0	0	0	0	-0.08470198	-1.969321	-4.912715	-6.056191	-5.717383	-5.378576	-5.653857	-6.098542	-6.500877	-5.844437	-6.670281	-6.458526	-6.670281	-6.289122
641.1	0	0	0	0	-0.08470198	-1.92697	-4.891539	-6.013841	-5.696208	-5.378576	-5.611506	-6.098542	-6.500877	-5.78091	-6.606754	-6.458526	-6.670281	-6.267946
641.2	0	0	0	0	-0.08470198	-1.92697	-4.870364	-5.950314	-5.696208	-5.315049	-5.611506	-6.098542	-6.458526	-5.759735	-6.585579	-6.458526	-6.670281	-6.225595
641.3	0	0	0	0	-0.08470198	-1.92697	-4.870364	-5.950314	-5.675033	-5.293874	-5.569155	-6.056191	-6.416175	-5.738559	-6.500877	-6.458526	-6.62793	-6.225595
641.4	0	0	0	0	-0.08470198	-1.92697	-4.806837	-5.950314	-5.675033	-5.293874	-5.569155	-6.035016	-6.352648	-5.717383	-6.43735	-6.458526	-6.606754	-6.20442
641.5	0	0	0	0	-0.08470198	-1.92697	-4.785662	-5.844437	-5.653857	-5.293874	-5.547979	-5.992665	-6.310297	-5.675033	-6.43735	-6.458526	-6.585579	-6.183244
641.6	0	0	0	0	-0.08470198	-1.905795	-4.764486	-5.823261	-5.632681	-5.251523	-5.547979	-5.950314	-6.310297	-5.653857	-6.43735	-6.43735	-6.543228	-6.140893
641.7	0	0	0	0	-0.08470198	-1.905795	-4.743311	-5.802085	-5.632681	-5.251523	-5.547979	-5.929139	-6.289122	-5.653857	-6.43735	-6.43735	-6.500877	-6.140893
641.8	0	0	0	0	-0.08470198	-1.905795	-4.722135	-5.802085	-5.611506	-5.251523	-5.547979	-5.907963	-6.267946	-5.653857	-6.43735	-6.43735	-6.479702	-6.098542
641.9	0	0	0	0	-0.08470198	-1.905795	-4.722135	-5.802085	-5.611506	-5.251523	-5.526804	-5.907963	-6.246771	-5.611506	-6.416175	-6.43735	-6.479702	-6.056191
642	0	0	0	0	-0.08470198	-1.905795	-4.722135	-5.738559	-5.569155	-5.251523	-5.526804	-5.886787	-6.20442	-5.505629	-6.395	-6.416175	-6.458526	-5.992665
642.1	0	0	0	0	-0.08470198	-1.905795	-4.722135	-5.696208	-5.547979	-5.230347	-5.505629	-5.886787	-6.20442	-5.505629	-6.395	-6.416175	-6.43735	-5.950314
642.2	0	0	0	0	-0.08470198	-1.863443	-4.70096	-5.653857	-5.547979	-5.230347	-5.484453	-5.886787	-6.20442	-5.505629	-6.331473	-6.395	-6.416175	-5.950314
642.3	0	0	0	0	-0.08470198	-1.863443	-4.70096	-5.632681	-5.547979	-5.209172	-5.463278	-5.865612	-6.20442	-5.505629	-6.331473	-6.373824	-6.373824	-5.929139
642.4	0	0	0	0	-0.08470198	-1.863443	-4.70096	-5.632681	-5.526804	-5.209172	-5.442102	-5.865612	-6.162069	-5.505629	-6.310297	-6.373824	-6.373824	-5.907963
642.5	0	0	0	0	-0.08470198	-1.842268	-4.70096	-5.611506	-5.505629	-5.166821	-5.442102	-5.865612	-6.162069	-5.505629	-6.267946	-6.352648	-6.331473	-5.907963
642.6	0	0	0	0	-0.08470198	-1.821092	-4.679784	-5.569155	-5.484453	-5.166821	-5.420927	-5.844437	-6.162069	-5.484453	-6.267946	-6.331473	-6.289122	-5.844437
642.7	0	0	0	0	-0.08470198	-1.821092	-4.637434	-5.547979	-5.484453	-5.060943	-5.399751	-5.802085	-6.098542	-5.420927	-6.246771	-6.310297	-6.289122	-5.844437
642.8	0	0	0	0	-0.08470198	-1.799917	-4.616258	-5.505629	-5.484453	-5.039768	-5.378576	-5.78091	-6.077367	-5.399751	-6.246771	-6.289122	-6.267946	-5.823261
642.9	0	0	0	0	-0.08470198	-1.799917	-4.552732	-5.505629	-5.442102	-5.039768	-5.3574	-5.78091	-6.035016	-5.378576	-6.246771	-6.267946	-6.246771	-5.823261
643	0	0	0	0	-0.08470198	-1.757566	-4.531556	-5.484453	-5.442102	-5.018592	-5.315049	-5.759735	-6.035016	-5.336225	-6.246771	-6.225595	-6.246771	-5.823261
643.1	0	0	0	0	-0.08470198	-1.757566	-4.531556	-5.463278	-5.420927	-5.018592	-5.293874	-5.738559	-6.013841	-5.336225	-6.225595	-6.225595	-6.183244	-5.78091
643.2	0	0	0	0	-0.08470198	-1.757566	-4.489205	-5.442102	-5.420927	-5.018592	-5.272698	-5.738559	-6.013841	-5.336225	-6.225595	-6.225595	-6.162069	-5.78091
643.3	0	0	0	0	-0.08470198	-1.757566	-4.446854	-5.399751	-5.420927	-4.976241	-5.272698	-5.717383	-6.013841	-5.336225	-6.20442	-6.20442	-6.140893	-5.738559
643.4	0	0	0	0	-0.08470198	-1.757566	-4.446854	-5.399751	-5.378576	-4.955066	-5.230347	-5.675033	-5.929139	-5.315049	-6.183244	-6.20442	-6.119718	-5.717383
643.5	0	0	0	0	-0.08470198	-1.757566	-4.446854	-5.399751	-5.3574	-4.955066	-5.230347	-5.653857	-5.907963	-5.272698	-6.183244	-6.20442	-6.119718	-5.717383
643.6	0	0	0	0	-0.08470198	-1.736391	-4.446854	-5.378576	-5.3574	-4.93389	-5.230347	-5.653857	-5.865612	-5.272698	-6.183244	-6.183244	-6.098542	-5.696208
643.7	0	0	0	0	-0.08470198	-1.736391	-4.404503	-5.3574	-5.3574	-4.93389	-5.209172	-5.611506	-5.844437	-5.272698	-6.183244	-6.140893	-6.056191	-5.675033
643.8	0	0	0	0	-0.08470198	-1.715215	-4.383327	-5.336225	-5.3574	-4.93389	-5.166821	-5.611506	-5.823261	-5.251523	-6.162069	-6.119718	-6.035016	-5.653857
643.9	0	0	0	0	-0.08470198	-1.715215	-4.298625	-5.293874	-5.336225	-4.93389	-5.166821	-5.590331	-5.802085	-5.230347	-6.119718	-6.098542	-6.035016	-5.653857
644	0	0	0	0	-0.08470198	-1.715215	-4.27745	-5.187996	-5.272698	-4.912715	-5.166821	-5.547979	-5.759735	-5.209172	-6.098542	-6.098542	-6.013841	-5.653857
644.1	0	0	0	0	-0.08470198	-1.69404	-4.213923	-5.187996	-5.230347	-4.912715	-5.103294	-5.526804	-5.738559	-5.187996	-6.056191	-6.077367	-6.013841	-5.653857
644.2	0	0	0	0	-0.08470198	-1.630513	-4.213923	-5.166821	-5.209172	-4.870364	-5.082119	-5.505629	-5.717383	-5.166821	-6.035016	-6.056191	-5.992665	-5.653857
644.3	0	0	0	0	-0.08470198	-1.630513	-4.213923	-5.166821	-5.187996	-4.849188	-5.082119	-5.420927	-5.675033	-5.166821	-6.035016	-6.035016	-5.992665	-5.653857
644.4	0	0	0	0	-0.08470198	-1.609338	-4.213923	-5.12447	-5.145645	-4.849188	-5.082119	-5.399751	-5.675033	-5.166821	-6.013841	-6.035016	-5.992665	-5.632681
644.5	0	0	0	0	-0.08470198	-1.609338	-4.213923	-5.12447	-5.145645	-4.849188	-5.060943	-5.378576	-5.632681	-5.145645	-5.992665	-6.013841	-5.971489	-5.632681
644.6	0	0	0	0	-0.08470198	-1.609338	-4.213923	-5.103294	-5.145645	-4.828013	-5.060943	-5.3574	-5.632681	-5.145645	-5.971489	-6.013841	-5.971489	-5.611506
644.7	0	0	0	0	-0.08470198	-1.609338	-4.171572	-5.060943	-5.145645	-4.828013	-5.060943	-5.3574	-5.611506	-5.12447	-5.950314	-5.971489	-5.971489	-5.590331
644.8	0	0	0	0	-0.08470198	-1.609338	-4.171572	-4.997416	-5.145645	-4.828013	-5.060943	-5.3574	-5.611506	-5.12447	-5.950314	-5.929139	-5.971489	-5.590331
644.9	0	0	0	0	-0.08470198	-1.588162	-4.150397	-4.997416	-5.12447	-4.743311	-5.039768	-5.315049	-5.611506	-5.103294	-5.907963	-5.929139	-5.950314	-5.590331
645	0	0	0	0	-0.08470198	-1.588162	-4.150397	-4.997416	-5.12447	-4.743311	-5.039768	-5.315049	-5.611506	-5.103294	-5.907963	-5.929139	-5.929139	-5.590331
645.1	0	0	0	0	-0.08470198	-1.566987	-4.150397	-4.997416	-5.12447	-4.743311	-5.039768	-5.272698	-5.590331	-5.018592	-5.907963	-5.907963	-5.929139	-5.569155
645.2	0	0	0	0	-0.08470198	-1.566987	-4.150397	-4.976241	-5.103294	-4.743311	-4.997416	-5.251523	-5.590331	-5.018592	-5.865612	-5.823261	-5.929139	-5.569155
645.3	0	0	0	0	-0.08470198	-1.566987	-4.150397	-4.976241	-5.060943	-4.743311	-4.997416	-5.230347	-5.590331	-5.018592	-5.844437	-5.802085	-5.929139	-5.547979
645.4	0	0	0	0	-0.08470198	-1.566987	-4.129221	-4.955066	-5.060943	-4.70096	-4.976241	-5.230347	-5.590331	-4.976241	-5.802085	-5.759735	-5.929139	-5.547979
645.5	0	0	0	0	-0.08470198	-1.566987	-4.129221	-4.93389	-5.039768	-4.658609	-4.976241	-5.187996	-5.569155	-4.955066	-5.78091	-5.717383	-5.907963	-5.547979
645.6	0	0	0	0	-0.08470198	-1.566987	-4.129221	-4.93389	-5.018592	-4.637434	-4.976241	-5.145645	-5.484453	-4.955066	-5.78091	-5.717383	-5.886787	-5.526804
645.7	0	0	0	0	-0.08470198	-1.566987	-4.108046	-4.870364	-4.997416	-4.616258	-4.955066	-5.145645	-5.484453	-4.912715	-5.78091	-5.717383	-5.865612	-5.484453
645.8	0	0	0	0	-0.08470198	-1.566987	-4.108046	-4.870364	-4.997416	-4.531556	-4.955066	-5.12447	-5.463278	-4.912715	-5.759735	-5.696208	-5.823261	-5.463278
645.9	0	0	0	0	-0.08470198	-1.566987	-4.086871	-4.870364	-4.997416	-4.51038	-4.93389	-5.103294	-5.463278	-4.870364	-5.759735	-5.653857	-5.802085	-5.442102
646	0	0	0	0	-0.08470198	-1.566987	-4.044519	-4.828013	-4.93389	-4.468029	-4.93389	-5.103294	-5.442102	-4.870364	-5.759735	-5.653857	-5.78091	-5.378576
646.1	0	0	0	0	-0.08470198	-1.566987	-4.023344	-4.806837	-4.912715	-4.468029	-4.891539	-5.082119	-5.420927	-4.870364	-5.738559	-5.632681	-5.78091	-5.3574
646.2	0	0	0	0	-0.08470198	-1.566987	-4.023344	-4.785662	-4.891539	-4.468029	-4.891539	-5.060943	-5.3574	-4.870364	-5.738559	-5.632681	-5.759735	-5.315049
646.3	0	0	0	0	-0.08470198	-1.524636	-4.023344	-4.785662	-4.870364	-4.468029	-4.891539	-5.018592	-5.336225	-4.849188	-5.738559	-5.632681	-5.759735	-5.315049
646.4	0	0	0	0	-0.08470198	-1.524636	-4.023344	-4.764486	-4.870364	-4.446854	-4.849188	-5.018592	-5.315049	-4.849188	-5.738559	-5.632681	-5.675033	-5.315049
646.5	0	0	0	0	-0.08470198	-1.524636	-4.023344	-4.743311	-4.849188	-4.404503	-4.849188	-4.976241	-5.272698	-4.849188	-5.738559	-5.611506	-5.653857	-5.315049
646.6	0	0	0	0	-0.08470198	-1.524636	-4.023344	-4.743311	-4.849188	-4.404503	-4.828013	-4.976241	-5.209172	-4.849188	-5.738559	-5.590331	-5.632681	-5.293874
646.7	0	0	0	0	-0.08470198	-1.524636	-4.002169	-4.743311	-4.828013	-4.404503	-4.828013	-4.976241	-5.209172	-4.828013	-5.653857	-5.590331	-5.611506	-5.293874
646.8	0	0	0	0	-0.08470198	-1.524636	-4.002169	-4.743311	-4.764486	-4.404503	-4.828013	-4.93389	-5.187996	-4.785662	-5.611506	-5.569155	-5.569155	-5.251523
646.9	0	0	0	0	-0.08470198	-1.50346	-3.980993	-4.722135	-4.764486	-4.383327	-4.785662	-4.93389	-5.187996	-4.785662	-5.590331	-5.547979	-5.526804	-5.251523
647	0	0	0	0	-0.08470198	-1.50346	-3.938642	-4.658609	-4.764486	-4.362152	-4.785662	-4.912715	-5.145645	-4.764486	-5.569155	-5.526804	-5.526804	-5.230347
647.1	0	0	0	0	-0.08470198	-1.50346	-3.938642	-4.658609	-4.764486	-4.362152	-4.785662	-4.891539	-5.12447	-4.764486	-5.547979	-5.526804	-5.526804	-5.209172
647.2	0	0	0	0	-0.08470198	-1.50346	-3.917466	-4.637434	-4.764486	-4.362152	-4.785662	-4.849188	-5.12447	-4.764486	-5.526804	-5.505629	-5.484453	-5.145645
647.3	0	0	0	0	-0.08470198	-1.482285	-3.896291	-4.595082	-4.743311	-4.340976	-4.722135	-4.849188	-5.103294	-4.764486	-5.526804	-5.505629	-5.484453	-5.145645
647.4	0	0	0	0	-0.08470198	-1.461109	-3.896291	-4.552732	-4.743311	-4.340976	-4.70096	-4.806837	-5.039768	-4.764486	-5.526804	-5.484453	-5.463278	-5.145645
647.5	0	0	0	0	-0.08470198	-1.439934	-3.85394	-4.531556	-4.70096	-4.298625	-4.70096	-4.806837	-4.997416	-4.722135	-5.484453	-5.463278	-5.420927	-5.12447
647.6	0	0	0	0	-0.08470198	-1.418758	-3.832765	-4.531556	-4.679784	-4.298625	-4.70096	-4.785662	-4.997416	-4.722135	-5.420927	-5.463278	-5.420927	-5.12447
647.7	0	0	0	0	-0.08470198	-1.418758	-3.811589	-4.531556	-4.616258	-4.27745	-4.679784	-4.785662	-4.976241	-4.70096	-5.378576	-5.420927	-5.420927	-5.12447
647.8	0	0	0	0	-0.08470198	-1.418758	-3.811589	-4.51038	-4.595082	-4.27745	-4.658609	-4.764486	-4.976241	-4.658609	-5.378576	-5.399751	-5.378576	-5.103294
647.9	0	0	0	0	-0.08470198	-1.418758	-3.790414	-4.489205	-4.595082	-4.256274	-4.658609	-4.764486	-4.93389	-4.637434	-5.3574	-5.378576	-5.3574	-5.103294
648	0	0	0	0	-0.08470198	-1.418758	-3.790414	-4.489205	-4.573907	-4.256274	-4.637434	-4.70096	-4.891539	-4.637434	-5.336225	-5.378576	-5.3574	-5.082119
648.1	0	0	0	0	-0.08470198	-1.418758	-3.769238	-4.468029	-4.531556	-4.256274	-4.616258	-4.70096	-4.870364	-4.616258	-5.315049	-5.3574	-5.3574	-5.060943
648.2	0	0	0	0	-0.08470198	-1.418758	-3.769238	-4.446854	-4.531556	-4.235099	-4.595082	-4.70096	-4.849188	-4.616258	-5.272698	-5.315049	-5.336225	-5.060943
648.3	0	0	0	0	-0.08470198	-1.418758	-3.769238	-4.446854	-4.51038	-4.235099	-4.595082	-4.637434	-4.828013	-4.552732	-5.272698	-5.272698	-5.315049	-4.997416
648.4	0	0	0	0	-0.08470198	-1.397583	-3.726887	-4.446854	-4.51038	-4.213923	-4.573907	-4.616258	-4.806837	-4.531556	-5.272698	-5.272698	-5.315049	-4.997416
648.5	0	0	0	0	-0.08470198	-1.397583	-3.726887	-4.446854	-4.489205	-4.171572	-4.573907	-4.616258	-4.764486	-4.531556	-5.272698	-5.230347	-5.272698	-4.976241
648.6	0	0	0	0	-0.08470198	-1.397583	-3.726887	-4.425678	-4.468029	-4.150397	-4.552732	-4.595082	-4.743311	-4.51038	-5.251523	-5.209172	-5.230347	-4.912715
648.7	0	0	0	0	-0.08470198	-1.397583	-3.684536	-4.404503	-4.468029	-4.150397	-4.552732	-4.573907	-4.722135	-4.51038	-5.251523	-5.145645	-5.209172	-4.912715
648.8	0	0	0	0	-0.08470198	-1.376407	-3.663361	-4.404503	-4.446854	-4.150397	-4.552732	-4.531556	-4.70096	-4.51038	-5.209172	-5.12447	-5.187996	-4.870364
648.9	0	0	0	0	-0.08470198	-1.376407	-3.62101	-4.404503	-4.425678	-4.150397	-4.552732	-4.51038	-4.679784	-4.489205	-5.187996	-5.103294	-5.187996	-4.849188
649	0	0	0	0	-0.08470198	-1.376407	-3.62101	-4.383327	-4.404503	-4.150397	-4.531556	-4.468029	-4.637434	-4.489205	-5.187996	-5.060943	-5.187996	-4.849188
649.1	0	0	0	0	-0.08470198	-1.376407	-3.62101	-4.362152	-4.404503	-4.150397	-4.531556	-4.446854	-4.616258	-4.468029	-5.166821	-5.039768	-5.187996	-4.849188
649.2	0	0	0	0	-0.08470198	-1.376407	-3.599834	-4.362152	-4.404503	-4.150397	-4.531556	-4.425678	-4.573907	-4.404503	-5.166821	-5.018592	-5.145645	-4.849188
649.3	0	0	0	0	-0.08470198	-1.376407	-3.599834	-4.362152	-4.383327	-4.129221	-4.531556	-4.425678	-4.552732	-4.404503	-5.166821	-5.018592	-5.103294	-4.828013
649.4	0	0	0	0	-0.08470198	-1.376407	-3.578659	-4.340976	-4.383327	-4.108046	-4.531556	-4.383327	-4.552732	-4.404503	-5.145645	-4.976241	-5.082119	-4.806837
649.5	0	0	0	0	-0.08470198	-1.355232	-3.578659	-4.319801	-4.383327	-4.044519	-4.489205	-4.362152	-4.531556	-4.404503	-5.12447	-4.976241	-5.082119	-4.806837
649.6	0	0	0	0	-0.08470198	-1.355232	-3.578659	-4.319801	-4.319801	-4.044519	-4.489205	-4.340976	-4.51038	-4.404503	-5.082119	-4.976241	-5.039768	-4.806837
649.7	0	0	0	0	-0.08470198	-1.355232	-3.557483	-4.319801	-4.298625	-4.044519	-4.468029	-4.340976	-4.51038	-4.383327	-5.082119	-4.93389	-5.018592	-4.806837
649.8	0	0	0	0	-0.08470198	-1.334056	-3.536308	-4.319801	-4.27745	-4.044519	-4.468029	-4.298625	-4.489205	-4.362152	-5.082119	-4.912715	-5.018592	-4.785662
649.9	0	0	0	0	-0.08470198	-1.312881	-3.536308	-4.319801	-4.256274	-4.023344	-4.446854	-4.298625	-4.446854	-4.362152	-5.060943	-4.912715	-4.976241	-4.764486
650	0	0	0	0	-0.08470198	-1.312881	-3.536308	-4.298625	-4.235099	-4.023344	-4.425678	-4.298625	-4.446854	-4.340976	-5.060943	-4.912715	-4.976241	-4.743311
