Time (ms)	Sweep 1	Sweep 2	Sweep 3	Sweep 4	Sweep 5	Sweep 6	Sweep 7	Sweep 8	Sweep 9	Sweep 10	Sweep 11	Sweep 12	Sweep 13	Sweep 14	Sweep 15	Sweep 16	Sweep 17	Sweep 18	Sweep 19	Sweep 20
0	-9.665668E-13	-9.665668E-13	-9.665668E-13	-9.665668E-13	-9.665668E-13	-9.665668E-13	-9.665668E-13	-9.665668E-13	-9.665668E-13	-9.665668E-13	-9.665668E-13	-9.665668E-13	-9.665668E-13	-9.665668E-13	-9.665668E-13	-9.665668E-13	-9.665668E-13	-9.665668E-13	-9.665668E-13	-9.665668E-13
0.65	-9.850274E-13	-9.850274E-13	-9.850274E-13	-9.850274E-13	-9.850274E-13	-9.850274E-13	-9.850274E-13	-9.850274E-13	-9.850274E-13	-9.850274E-13	-9.850274E-13	-9.850274E-13	-9.850274E-13	-9.850274E-13	-9.850274E-13	-9.850274E-13	-9.850274E-13	-9.850274E-13	-9.850274E-13	-9.850274E-13
1.3	-1.00289E-12	-1.00289E-12	-1.00289E-12	-1.00289E-12	-1.00289E-12	-1.00289E-12	-1.00289E-12	-1.00289E-12	-1.00289E-12	-1.00289E-12	-1.00289E-12	-1.00289E-12	-1.00289E-12	-1.00289E-12	-1.00289E-12	-1.00289E-12	-1.00289E-12	-1.00289E-12	-1.00289E-12	-1.00289E-12
1.95	-1.020567E-12	-1.020567E-12	-1.020567E-12	-1.020567E-12	-1.020567E-12	-1.020567E-12	-1.020567E-12	-1.020567E-12	-1.020567E-12	-1.020567E-12	-1.020567E-12	-1.020567E-12	-1.020567E-12	-1.020567E-12	-1.020567E-12	-1.020567E-12	-1.020567E-12	-1.020567E-12	-1.020567E-12	-1.020567E-12
2.6	-1.038094E-12	-1.038094E-12	-1.038094E-12	-1.038094E-12	-1.038094E-12	-1.038094E-12	-1.038094E-12	-1.038094E-12	-1.038094E-12	-1.038094E-12	-1.038094E-12	-1.038094E-12	-1.038094E-12	-1.038094E-12	-1.038094E-12	-1.038094E-12	-1.038094E-12	-1.038094E-12	-1.038094E-12	-1.038094E-12
3.25	-1.055476E-12	-1.055476E-12	-1.055476E-12	-1.055476E-12	-1.055476E-12	-1.055476E-12	-1.055476E-12	-1.055476E-12	-1.055476E-12	-1.055476E-12	-1.055476E-12	-1.055476E-12	-1.055476E-12	-1.055476E-12	-1.055476E-12	-1.055476E-12	-1.055476E-12	-1.055476E-12	-1.055476E-12	-1.055476E-12
3.9	-1.072714E-12	-1.072714E-12	-1.072714E-12	-1.072714E-12	-1.072714E-12	-1.072714E-12	-1.072714E-12	-1.072714E-12	-1.072714E-12	-1.072714E-12	-1.072714E-12	-1.072714E-12	-1.072714E-12	-1.072714E-12	-1.072714E-12	-1.072714E-12	-1.072714E-12	-1.072714E-12	-1.072714E-12	-1.072714E-12
4.55	-1.089809E-12	-1.089809E-12	-1.089809E-12	-1.089809E-12	-1.089809E-12	-1.089809E-12	-1.089809E-12	-1.089809E-12	-1.089809E-12	-1.089809E-12	-1.089809E-12	-1.089809E-12	-1.089809E-12	-1.089809E-12	-1.089809E-12	-1.089809E-12	-1.089809E-12	-1.089809E-12	-1.089809E-12	-1.089809E-12
5.2	-1.106763E-12	-1.106763E-12	-1.106763E-12	-1.106763E-12	-1.106763E-12	-1.106763E-12	-1.106763E-12	-1.106763E-12	-1.106763E-12	-1.106763E-12	-1.106763E-12	-1.106763E-12	-1.106763E-12	-1.106763E-12	-1.106763E-12	-1.106763E-12	-1.106763E-12	-1.106763E-12	-1.106763E-12	-1.106763E-12
5.85	-1.123576E-12	-1.123576E-12	-1.123576E-12	-1.123576E-12	-1.123576E-12	-1.123576E-12	-1.123576E-12	-1.123576E-12	-1.123576E-12	-1.123576E-12	-1.123576E-12	-1.123576E-12	-1.123576E-12	-1.123576E-12	-1.123576E-12	-1.123576E-12	-1.123576E-12	-1.123576E-12	-1.123576E-12	-1.123576E-12
6.5	-1.140251E-12	-1.140251E-12	-1.140251E-12	-1.140251E-12	-1.140251E-12	-1.140251E-12	-1.140251E-12	-1.140251E-12	-1.140251E-12	-1.140251E-12	-1.140251E-12	-1.140251E-12	-1.140251E-12	-1.140251E-12	-1.140251E-12	-1.140251E-12	-1.140251E-12	-1.140251E-12	-1.140251E-12	-1.140251E-12
7.15	-1.156787E-12	-1.156787E-12	-1.156787E-12	-1.156787E-12	-1.156787E-12	-1.156787E-12	-1.156787E-12	-1.156787E-12	-1.156787E-12	-1.156787E-12	-1.156787E-12	-1.156787E-12	-1.156787E-12	-1.156787E-12	-1.156787E-12	-1.156787E-12	-1.156787E-12	-1.156787E-12	-1.156787E-12	-1.156787E-12
7.8	-1.173186E-12	-1.173186E-12	-1.173186E-12	-1.173186E-12	-1.173186E-12	-1.173186E-12	-1.173186E-12	-1.173186E-12	-1.173186E-12	-1.173186E-12	-1.173186E-12	-1.173186E-12	-1.173186E-12	-1.173186E-12	-1.173186E-12	-1.173186E-12	-1.173186E-12	-1.173186E-12	-1.173186E-12	-1.173186E-12
8.45	-1.189449E-12	-1.189449E-12	-1.189449E-12	-1.189449E-12	-1.189449E-12	-1.189449E-12	-1.189449E-12	-1.189449E-12	-1.189449E-12	-1.189449E-12	-1.189449E-12	-1.189449E-12	-1.189449E-12	-1.189449E-12	-1.189449E-12	-1.189449E-12	-1.189449E-12	-1.189449E-12	-1.189449E-12	-1.189449E-12
9.1	-1.205578E-12	-1.205578E-12	-1.205578E-12	-1.205578E-12	-1.205578E-12	-1.205578E-12	-1.205578E-12	-1.205578E-12	-1.205578E-12	-1.205578E-12	-1.205578E-12	-1.205578E-12	-1.205578E-12	-1.205578E-12	-1.205578E-12	-1.205578E-12	-1.205578E-12	-1.205578E-12	-1.205578E-12	-1.205578E-12
9.75	-1.221573E-12	-1.221573E-12	-1.221573E-12	-1.221573E-12	-1.221573E-12	-1.221573E-12	-1.221573E-12	-1.221573E-12	-1.221573E-12	-1.221573E-12	-1.221573E-12	-1.221573E-12	-1.221573E-12	-1.221573E-12	-1.221573E-12	-1.221573E-12	-1.221573E-12	-1.221573E-12	-1.221573E-12	-1.221573E-12
10.4	-1.237436E-12	-1.237436E-12	-1.237436E-12	-1.237436E-12	-1.237436E-12	-1.237436E-12	-1.237436E-12	-1.237436E-12	-1.237436E-12	-1.237436E-12	-1.237436E-12	-1.237436E-12	-1.237436E-12	-1.237436E-12	-1.237436E-12	-1.237436E-12	-1.237436E-12	-1.237436E-12	-1.237436E-12	-1.237436E-12
11.05	-1.253167E-12	-1.253167E-12	-1.253167E-12	-1.253167E-12	-1.253167E-12	-1.253167E-12	-1.253167E-12	-1.253167E-12	-1.253167E-12	-1.253167E-12	-1.253167E-12	-1.253167E-12	-1.253167E-12	-1.253167E-12	-1.253167E-12	-1.253167E-12	-1.253167E-12	-1.253167E-12	-1.253167E-12	-1.253167E-12
11.7	-1.268769E-12	-1.268769E-12	-1.268769E-12	-1.268769E-12	-1.268769E-12	-1.268769E-12	-1.268769E-12	-1.268769E-12	-1.268769E-12	-1.268769E-12	-1.268769E-12	-1.268769E-12	-1.268769E-12	-1.268769E-12	-1.268769E-12	-1.268769E-12	-1.268769E-12	-1.268769E-12	-1.268769E-12	-1.268769E-12
12.35	-1.284241E-12	-1.284241E-12	-1.284241E-12	-1.284241E-12	-1.284241E-12	-1.284241E-12	-1.284241E-12	-1.284241E-12	-1.284241E-12	-1.284241E-12	-1.284241E-12	-1.284241E-12	-1.284241E-12	-1.284241E-12	-1.284241E-12	-1.284241E-12	-1.284241E-12	-1.284241E-12	-1.284241E-12	-1.284241E-12
13	-1.299585E-12	-1.299585E-12	-1.299585E-12	-1.299585E-12	-1.299585E-12	-1.299585E-12	-1.299585E-12	-1.299585E-12	-1.299585E-12	-1.299585E-12	-1.299585E-12	-1.299585E-12	-1.299585E-12	-1.299585E-12	-1.299585E-12	-1.299585E-12	-1.299585E-12	-1.299585E-12	-1.299585E-12	-1.299585E-12
13.65	-1.314801E-12	-1.314801E-12	-1.314801E-12	-1.314801E-12	-1.314801E-12	-1.314801E-12	-1.314801E-12	-1.314801E-12	-1.314801E-12	-1.314801E-12	-1.314801E-12	-1.314801E-12	-1.314801E-12	-1.314801E-12	-1.314801E-12	-1.314801E-12	-1.314801E-12	-1.314801E-12	-1.314801E-12	-1.314801E-12
14.3	-1.329892E-12	-1.329892E-12	-1.329892E-12	-1.329892E-12	-1.329892E-12	-1.329892E-12	-1.329892E-12	-1.329892E-12	-1.329892E-12	-1.329892E-12	-1.329892E-12	-1.329892E-12	-1.329892E-12	-1.329892E-12	-1.329892E-12	-1.329892E-12	-1.329892E-12	-1.329892E-12	-1.329892E-12	-1.329892E-12
14.95	-1.344858E-12	-1.344858E-12	-1.344858E-12	-1.344858E-12	-1.344858E-12	-1.344858E-12	-1.344858E-12	-1.344858E-12	-1.344858E-12	-1.344858E-12	-1.344858E-12	-1.344858E-12	-1.344858E-12	-1.344858E-12	-1.344858E-12	-1.344858E-12	-1.344858E-12	-1.344858E-12	-1.344858E-12	-1.344858E-12
15.6	-1.3597E-12	-1.3597E-12	-1.3597E-12	-1.3597E-12	-1.3597E-12	-1.3597E-12	-1.3597E-12	-1.3597E-12	-1.3597E-12	-1.3597E-12	-1.3597E-12	-1.3597E-12	-1.3597E-12	-1.3597E-12	-1.3597E-12	-1.3597E-12	-1.3597E-12	-1.3597E-12	-1.3597E-12	-1.3597E-12
16.25	-1.374419E-12	-1.374419E-12	-1.374419E-12	-1.374419E-12	-1.374419E-12	-1.374419E-12	-1.374419E-12	-1.374419E-12	-1.374419E-12	-1.374419E-12	-1.374419E-12	-1.374419E-12	-1.374419E-12	-1.374419E-12	-1.374419E-12	-1.374419E-12	-1.374419E-12	-1.374419E-12	-1.374419E-12	-1.374419E-12
16.9	-1.389017E-12	-1.389017E-12	-1.389017E-12	-1.389017E-12	-1.389017E-12	-1.389017E-12	-1.389017E-12	-1.389017E-12	-1.389017E-12	-1.389017E-12	-1.389017E-12	-1.389017E-12	-1.389017E-12	-1.389017E-12	-1.389017E-12	-1.389017E-12	-1.389017E-12	-1.389017E-12	-1.389017E-12	-1.389017E-12
17.55	-1.403493E-12	-1.403493E-12	-1.403493E-12	-1.403493E-12	-1.403493E-12	-1.403493E-12	-1.403493E-12	-1.403493E-12	-1.403493E-12	-1.403493E-12	-1.403493E-12	-1.403493E-12	-1.403493E-12	-1.403493E-12	-1.403493E-12	-1.403493E-12	-1.403493E-12	-1.403493E-12	-1.403493E-12	-1.403493E-12
18.2	-1.417849E-12	-1.417849E-12	-1.417849E-12	-1.417849E-12	-1.417849E-12	-1.417849E-12	-1.417849E-12	-1.417849E-12	-1.417849E-12	-1.417849E-12	-1.417849E-12	-1.417849E-12	-1.417849E-12	-1.417849E-12	-1.417849E-12	-1.417849E-12	-1.417849E-12	-1.417849E-12	-1.417849E-12	-1.417849E-12
18.85	-1.432087E-12	-1.432087E-12	-1.432087E-12	-1.432087E-12	-1.432087E-12	-1.432087E-12	-1.432087E-12	-1.432087E-12	-1.432087E-12	-1.432087E-12	-1.432087E-12	-1.432087E-12	-1.432087E-12	-1.432087E-12	-1.432087E-12	-1.432087E-12	-1.432087E-12	-1.432087E-12	-1.432087E-12	-1.432087E-12
19.5	-1.446207E-12	-1.446207E-12	-1.446207E-12	-1.446207E-12	-1.446207E-12	-1.446207E-12	-1.446207E-12	-1.446207E-12	-1.446207E-12	-1.446207E-12	-1.446207E-12	-1.446207E-12	-1.446207E-12	-1.446207E-12	-1.446207E-12	-1.446207E-12	-1.446207E-12	-1.446207E-12	-1.446207E-12	-1.446207E-12
20.15	-1.46021E-12	-1.46021E-12	-1.46021E-12	-1.46021E-12	-1.46021E-12	-1.46021E-12	-1.46021E-12	-1.46021E-12	-1.46021E-12	-1.46021E-12	-1.46021E-12	-1.46021E-12	-1.46021E-12	-1.46021E-12	-1.46021E-12	-1.46021E-12	-1.46021E-12	-1.46021E-12	-1.46021E-12	-1.46021E-12
20.8	-1.474096E-12	-1.474096E-12	-1.474096E-12	-1.474096E-12	-1.474096E-12	-1.474096E-12	-1.474096E-12	-1.474096E-12	-1.474096E-12	-1.474096E-12	-1.474096E-12	-1.474096E-12	-1.474096E-12	-1.474096E-12	-1.474096E-12	-1.474096E-12	-1.474096E-12	-1.474096E-12	-1.474096E-12	-1.474096E-12
21.45	-1.487868E-12	-1.487868E-12	-1.487868E-12	-1.487868E-12	-1.487868E-12	-1.487868E-12	-1.487868E-12	-1.487868E-12	-1.487868E-12	-1.487868E-12	-1.487868E-12	-1.487868E-12	-1.487868E-12	-1.487868E-12	-1.487868E-12	-1.487868E-12	-1.487868E-12	-1.487868E-12	-1.487868E-12	-1.487868E-12
22.1	-1.501526E-12	-1.501526E-12	-1.501526E-12	-1.501526E-12	-1.501526E-12	-1.501526E-12	-1.501526E-12	-1.501526E-12	-1.501526E-12	-1.501526E-12	-1.501526E-12	-1.501526E-12	-1.501526E-12	-1.501526E-12	-1.501526E-12	-1.501526E-12	-1.501526E-12	-1.501526E-12	-1.501526E-12	-1.501526E-12
22.75	-1.515071E-12	-1.515071E-12	-1.515071E-12	-1.515071E-12	-1.515071E-12	-1.515071E-12	-1.515071E-12	-1.515071E-12	-1.515071E-12	-1.515071E-12	-1.515071E-12	-1.515071E-12	-1.515071E-12	-1.515071E-12	-1.515071E-12	-1.515071E-12	-1.515071E-12	-1.515071E-12	-1.515071E-12	-1.515071E-12
23.4	-1.528504E-12	-1.528504E-12	-1.528504E-12	-1.528504E-12	-1.528504E-12	-1.528504E-12	-1.528504E-12	-1.528504E-12	-1.528504E-12	-1.528504E-12	-1.528504E-12	-1.528504E-12	-1.528504E-12	-1.528504E-12	-1.528504E-12	-1.528504E-12	-1.528504E-12	-1.528504E-12	-1.528504E-12	-1.528504E-12
24.05	-1.541825E-12	-1.541825E-12	-1.541825E-12	-1.541825E-12	-1.541825E-12	-1.541825E-12	-1.541825E-12	-1.541825E-12	-1.541825E-12	-1.541825E-12	-1.541825E-12	-1.541825E-12	-1.541825E-12	-1.541825E-12	-1.541825E-12	-1.541825E-12	-1.541825E-12	-1.541825E-12	-1.541825E-12	-1.541825E-12
24.7	-1.555036E-12	-1.555036E-12	-1.555036E-12	-1.555036E-12	-1.555036E-12	-1.555036E-12	-1.555036E-12	-1.555036E-12	-1.555036E-12	-1.555036E-12	-1.555036E-12	-1.555036E-12	-1.555036E-12	-1.555036E-12	-1.555036E-12	-1.555036E-12	-1.555036E-12	-1.555036E-12	-1.555036E-12	-1.555036E-12
25.35	-1.568138E-12	-1.568138E-12	-1.568138E-12	-1.568138E-12	-1.568138E-12	-1.568138E-12	-1.568138E-12	-1.568138E-12	-1.568138E-12	-1.568138E-12	-1.568138E-12	-1.568138E-12	-1.568138E-12	-1.568138E-12	-1.568138E-12	-1.568138E-12	-1.568138E-12	-1.568138E-12	-1.568138E-12	-1.568138E-12
26	-1.581131E-12	-1.581131E-12	-1.581131E-12	-1.581131E-12	-1.581131E-12	-1.581131E-12	-1.581131E-12	-1.581131E-12	-1.581131E-12	-1.581131E-12	-1.581131E-12	-1.581131E-12	-1.581131E-12	-1.581131E-12	-1.581131E-12	-1.581131E-12	-1.581131E-12	-1.581131E-12	-1.581131E-12	-1.581131E-12
26.65	-1.594017E-12	-1.594017E-12	-1.594017E-12	-1.594017E-12	-1.594017E-12	-1.594017E-12	-1.594017E-12	-1.594017E-12	-1.594017E-12	-1.594017E-12	-1.594017E-12	-1.594017E-12	-1.594017E-12	-1.594017E-12	-1.594017E-12	-1.594017E-12	-1.594017E-12	-1.594017E-12	-1.594017E-12	-1.594017E-12
27.3	-1.606796E-12	-1.606796E-12	-1.606796E-12	-1.606796E-12	-1.606796E-12	-1.606796E-12	-1.606796E-12	-1.606796E-12	-1.606796E-12	-1.606796E-12	-1.606796E-12	-1.606796E-12	-1.606796E-12	-1.606796E-12	-1.606796E-12	-1.606796E-12	-1.606796E-12	-1.606796E-12	-1.606796E-12	-1.606796E-12
27.95	-1.619469E-12	-1.619469E-12	-1.619469E-12	-1.619469E-12	-1.619469E-12	-1.619469E-12	-1.619469E-12	-1.619469E-12	-1.619469E-12	-1.619469E-12	-1.619469E-12	-1.619469E-12	-1.619469E-12	-1.619469E-12	-1.619469E-12	-1.619469E-12	-1.619469E-12	-1.619469E-12	-1.619469E-12	-1.619469E-12
28.6	-1.632037E-12	-1.632037E-12	-1.632037E-12	-1.632037E-12	-1.632037E-12	-1.632037E-12	-1.632037E-12	-1.632037E-12	-1.632037E-12	-1.632037E-12	-1.632037E-12	-1.632037E-12	-1.632037E-12	-1.632037E-12	-1.632037E-12	-1.632037E-12	-1.632037E-12	-1.632037E-12	-1.632037E-12	-1.632037E-12
29.25	-1.644502E-12	-1.644502E-12	-1.644502E-12	-1.644502E-12	-1.644502E-12	-1.644502E-12	-1.644502E-12	-1.644502E-12	-1.644502E-12	-1.644502E-12	-1.644502E-12	-1.644502E-12	-1.644502E-12	-1.644502E-12	-1.644502E-12	-1.644502E-12	-1.644502E-12	-1.644502E-12	-1.644502E-12	-1.644502E-12
29.9	-1.656863E-12	-1.656863E-12	-1.656863E-12	-1.656863E-12	-1.656863E-12	-1.656863E-12	-1.656863E-12	-1.656863E-12	-1.656863E-12	-1.656863E-12	-1.656863E-12	-1.656863E-12	-1.656863E-12	-1.656863E-12	-1.656863E-12	-1.656863E-12	-1.656863E-12	-1.656863E-12	-1.656863E-12	-1.656863E-12
30.55	-1.669121E-12	-1.669121E-12	-1.669121E-12	-1.669121E-12	-1.669121E-12	-1.669121E-12	-1.669121E-12	-1.669121E-12	-1.669121E-12	-1.669121E-12	-1.669121E-12	-1.669121E-12	-1.669121E-12	-1.669121E-12	-1.669121E-12	-1.669121E-12	-1.669121E-12	-1.669121E-12	-1.669121E-12	-1.669121E-12
31.2	-1.681278E-12	-1.681278E-12	-1.681278E-12	-1.681278E-12	-1.681278E-12	-1.681278E-12	-1.681278E-12	-1.681278E-12	-1.681278E-12	-1.681278E-12	-1.681278E-12	-1.681278E-12	-1.681278E-12	-1.681278E-12	-1.681278E-12	-1.681278E-12	-1.681278E-12	-1.681278E-12	-1.681278E-12	-1.681278E-12
31.85	-1.693335E-12	-1.693335E-12	-1.693335E-12	-1.693335E-12	-1.693335E-12	-1.693335E-12	-1.693335E-12	-1.693335E-12	-1.693335E-12	-1.693335E-12	-1.693335E-12	-1.693335E-12	-1.693335E-12	-1.693335E-12	-1.693335E-12	-1.693335E-12	-1.693335E-12	-1.693335E-12	-1.693335E-12	-1.693335E-12
32.5	-1.705292E-12	-1.705292E-12	-1.705292E-12	-1.705292E-12	-1.705292E-12	-1.705292E-12	-1.705292E-12	-1.705292E-12	-1.705292E-12	-1.705292E-12	-1.705292E-12	-1.705292E-12	-1.705292E-12	-1.705292E-12	-1.705292E-12	-1.705292E-12	-1.705292E-12	-1.705292E-12	-1.705292E-12	-1.705292E-12
33.15	-1.717149E-12	-1.717149E-12	-1.717149E-12	-1.717149E-12	-1.717149E-12	-1.717149E-12	-1.717149E-12	-1.717149E-12	-1.717149E-12	-1.717149E-12	-1.717149E-12	-1.717149E-12	-1.717149E-12	-1.717149E-12	-1.717149E-12	-1.717149E-12	-1.717149E-12	-1.717149E-12	-1.717149E-12	-1.717149E-12
33.8	-1.728909E-12	-1.728909E-12	-1.728909E-12	-1.728909E-12	-1.728909E-12	-1.728909E-12	-1.728909E-12	-1.728909E-12	-1.728909E-12	-1.728909E-12	-1.728909E-12	-1.728909E-12	-1.728909E-12	-1.728909E-12	-1.728909E-12	-1.728909E-12	-1.728909E-12	-1.728909E-12	-1.728909E-12	-1.728909E-12
34.45	-1.740571E-12	-1.740571E-12	-1.740571E-12	-1.740571E-12	-1.740571E-12	-1.740571E-12	-1.740571E-12	-1.740571E-12	-1.740571E-12	-1.740571E-12	-1.740571E-12	-1.740571E-12	-1.740571E-12	-1.740571E-12	-1.740571E-12	-1.740571E-12	-1.740571E-12	-1.740571E-12	-1.740571E-12	-1.740571E-12
35.1	-1.752136E-12	-1.752136E-12	-1.752136E-12	-1.752136E-12	-1.752136E-12	-1.752136E-12	-1.752136E-12	-1.752136E-12	-1.752136E-12	-1.752136E-12	-1.752136E-12	-1.752136E-12	-1.752136E-12	-1.752136E-12	-1.752136E-12	-1.752136E-12	-1.752136E-12	-1.752136E-12	-1.752136E-12	-1.752136E-12
35.75	-1.763606E-12	-1.763606E-12	-1.763606E-12	-1.763606E-12	-1.763606E-12	-1.763606E-12	-1.763606E-12	-1.763606E-12	-1.763606E-12	-1.763606E-12	-1.763606E-12	-1.763606E-12	-1.763606E-12	-1.763606E-12	-1.763606E-12	-1.763606E-12	-1.763606E-12	-1.763606E-12	-1.763606E-12	-1.763606E-12
36.4	-1.774981E-12	-1.774981E-12	-1.774981E-12	-1.774981E-12	-1.774981E-12	-1.774981E-12	-1.774981E-12	-1.774981E-12	-1.774981E-12	-1.774981E-12	-1.774981E-12	-1.774981E-12	-1.774981E-12	-1.774981E-12	-1.774981E-12	-1.774981E-12	-1.774981E-12	-1.774981E-12	-1.774981E-12	-1.774981E-12
37.05	-1.786262E-12	-1.786262E-12	-1.786262E-12	-1.786262E-12	-1.786262E-12	-1.786262E-12	-1.786262E-12	-1.786262E-12	-1.786262E-12	-1.786262E-12	-1.786262E-12	-1.786262E-12	-1.786262E-12	-1.786262E-12	-1.786262E-12	-1.786262E-12	-1.786262E-12	-1.786262E-12	-1.786262E-12	-1.786262E-12
37.7	-1.797449E-12	-1.797449E-12	-1.797449E-12	-1.797449E-12	-1.797449E-12	-1.797449E-12	-1.797449E-12	-1.797449E-12	-1.797449E-12	-1.797449E-12	-1.797449E-12	-1.797449E-12	-1.797449E-12	-1.797449E-12	-1.797449E-12	-1.797449E-12	-1.797449E-12	-1.797449E-12	-1.797449E-12	-1.797449E-12
38.35	-1.808544E-12	-1.808544E-12	-1.808544E-12	-1.808544E-12	-1.808544E-12	-1.808544E-12	-1.808544E-12	-1.808544E-12	-1.808544E-12	-1.808544E-12	-1.808544E-12	-1.808544E-12	-1.808544E-12	-1.808544E-12	-1.808544E-12	-1.808544E-12	-1.808544E-12	-1.808544E-12	-1.808544E-12	-1.808544E-12
39	-1.819546E-12	-1.819546E-12	-1.819546E-12	-1.819546E-12	-1.819546E-12	-1.819546E-12	-1.819546E-12	-1.819546E-12	-1.819546E-12	-1.819546E-12	-1.819546E-12	-1.819546E-12	-1.819546E-12	-1.819546E-12	-1.819546E-12	-1.819546E-12	-1.819546E-12	-1.819546E-12	-1.819546E-12	-1.819546E-12
39.65	-1.830458E-12	-1.830458E-12	-1.830458E-12	-1.830458E-12	-1.830458E-12	-1.830458E-12	-1.830458E-12	-1.830458E-12	-1.830458E-12	-1.830458E-12	-1.830458E-12	-1.830458E-12	-1.830458E-12	-1.830458E-12	-1.830458E-12	-1.830458E-12	-1.830458E-12	-1.830458E-12	-1.830458E-12	-1.830458E-12
40.3	-1.841279E-12	-1.841279E-12	-1.841279E-12	-1.841279E-12	-1.841279E-12	-1.841279E-12	-1.841279E-12	-1.841279E-12	-1.841279E-12	-1.841279E-12	-1.841279E-12	-1.841279E-12	-1.841279E-12	-1.841279E-12	-1.841279E-12	-1.841279E-12	-1.841279E-12	-1.841279E-12	-1.841279E-12	-1.841279E-12
40.95	-1.852011E-12	-1.852011E-12	-1.852011E-12	-1.852011E-12	-1.852011E-12	-1.852011E-12	-1.852011E-12	-1.852011E-12	-1.852011E-12	-1.852011E-12	-1.852011E-12	-1.852011E-12	-1.852011E-12	-1.852011E-12	-1.852011E-12	-1.852011E-12	-1.852011E-12	-1.852011E-12	-1.852011E-12	-1.852011E-12
41.6	-1.862654E-12	-1.862654E-12	-1.862654E-12	-1.862654E-12	-1.862654E-12	-1.862654E-12	-1.862654E-12	-1.862654E-12	-1.862654E-12	-1.862654E-12	-1.862654E-12	-1.862654E-12	-1.862654E-12	-1.862654E-12	-1.862654E-12	-1.862654E-12	-1.862654E-12	-1.862654E-12	-1.862654E-12	-1.862654E-12
42.25	-1.873209E-12	-1.873209E-12	-1.873209E-12	-1.873209E-12	-1.873209E-12	-1.873209E-12	-1.873209E-12	-1.873209E-12	-1.873209E-12	-1.873209E-12	-1.873209E-12	-1.873209E-12	-1.873209E-12	-1.873209E-12	-1.873209E-12	-1.873209E-12	-1.873209E-12	-1.873209E-12	-1.873209E-12	-1.873209E-12
42.9	-1.883676E-12	-1.883676E-12	-1.883676E-12	-1.883676E-12	-1.883676E-12	-1.883676E-12	-1.883676E-12	-1.883676E-12	-1.883676E-12	-1.883676E-12	-1.883676E-12	-1.883676E-12	-1.883676E-12	-1.883676E-12	-1.883676E-12	-1.883676E-12	-1.883676E-12	-1.883676E-12	-1.883676E-12	-1.883676E-12
43.55	-1.894057E-12	-1.894057E-12	-1.894057E-12	-1.894057E-12	-1.894057E-12	-1.894057E-12	-1.894057E-12	-1.894057E-12	-1.894057E-12	-1.894057E-12	-1.894057E-12	-1.894057E-12	-1.894057E-12	-1.894057E-12	-1.894057E-12	-1.894057E-12	-1.894057E-12	-1.894057E-12	-1.894057E-12	-1.894057E-12
44.2	-1.904351E-12	-1.904351E-12	-1.904351E-12	-1.904351E-12	-1.904351E-12	-1.904351E-12	-1.904351E-12	-1.904351E-12	-1.904351E-12	-1.904351E-12	-1.904351E-12	-1.904351E-12	-1.904351E-12	-1.904351E-12	-1.904351E-12	-1.904351E-12	-1.904351E-12	-1.904351E-12	-1.904351E-12	-1.904351E-12
44.85	-1.914561E-12	-1.914561E-12	-1.914561E-12	-1.914561E-12	-1.914561E-12	-1.914561E-12	-1.914561E-12	-1.914561E-12	-1.914561E-12	-1.914561E-12	-1.914561E-12	-1.914561E-12	-1.914561E-12	-1.914561E-12	-1.914561E-12	-1.914561E-12	-1.914561E-12	-1.914561E-12	-1.914561E-12	-1.914561E-12
45.5	-1.924686E-12	-1.924686E-12	-1.924686E-12	-1.924686E-12	-1.924686E-12	-1.924686E-12	-1.924686E-12	-1.924686E-12	-1.924686E-12	-1.924686E-12	-1.924686E-12	-1.924686E-12	-1.924686E-12	-1.924686E-12	-1.924686E-12	-1.924686E-12	-1.924686E-12	-1.924686E-12	-1.924686E-12	-1.924686E-12
46.15	-1.934727E-12	-1.934727E-12	-1.934727E-12	-1.934727E-12	-1.934727E-12	-1.934727E-12	-1.934727E-12	-1.934727E-12	-1.934727E-12	-1.934727E-12	-1.934727E-12	-1.934727E-12	-1.934727E-12	-1.934727E-12	-1.934727E-12	-1.934727E-12	-1.934727E-12	-1.934727E-12	-1.934727E-12	-1.934727E-12
46.8	-1.944685E-12	-1.944685E-12	-1.944685E-12	-1.944685E-12	-1.944685E-12	-1.944685E-12	-1.944685E-12	-1.944685E-12	-1.944685E-12	-1.944685E-12	-1.944685E-12	-1.944685E-12	-1.944685E-12	-1.944685E-12	-1.944685E-12	-1.944685E-12	-1.944685E-12	-1.944685E-12	-1.944685E-12	-1.944685E-12
47.45	-1.95456E-12	-1.95456E-12	-1.95456E-12	-1.95456E-12	-1.95456E-12	-1.95456E-12	-1.95456E-12	-1.95456E-12	-1.95456E-12	-1.95456E-12	-1.95456E-12	-1.95456E-12	-1.95456E-12	-1.95456E-12	-1.95456E-12	-1.95456E-12	-1.95456E-12	-1.95456E-12	-1.95456E-12	-1.95456E-12
48.1	-1.964354E-12	-1.964354E-12	-1.964354E-12	-1.964354E-12	-1.964354E-12	-1.964354E-12	-1.964354E-12	-1.964354E-12	-1.964354E-12	-1.964354E-12	-1.964354E-12	-1.964354E-12	-1.964354E-12	-1.964354E-12	-1.964354E-12	-1.964354E-12	-1.964354E-12	-1.964354E-12	-1.964354E-12	-1.964354E-12
48.75	-1.974067E-12	-1.974067E-12	-1.974067E-12	-1.974067E-12	-1.974067E-12	-1.974067E-12	-1.974067E-12	-1.974067E-12	-1.974067E-12	-1.974067E-12	-1.974067E-12	-1.974067E-12	-1.974067E-12	-1.974067E-12	-1.974067E-12	-1.974067E-12	-1.974067E-12	-1.974067E-12	-1.974067E-12	-1.974067E-12
49.4	-1.983699E-12	-1.983699E-12	-1.983699E-12	-1.983699E-12	-1.983699E-12	-1.983699E-12	-1.983699E-12	-1.983699E-12	-1.983699E-12	-1.983699E-12	-1.983699E-12	-1.983699E-12	-1.983699E-12	-1.983699E-12	-1.983699E-12	-1.983699E-12	-1.983699E-12	-1.983699E-12	-1.983699E-12	-1.983699E-12
50.05	-1.993251E-12	-1.993251E-12	-1.993251E-12	-1.993251E-12	-1.993251E-12	-1.993251E-12	-1.993251E-12	-1.993251E-12	-1.993251E-12	-1.993251E-12	-1.993251E-12	-1.993251E-12	-1.993251E-12	-1.993251E-12	-1.993251E-12	-1.993251E-12	-1.993251E-12	-1.993251E-12	-1.993251E-12	-1.993251E-12
50.7	-2.002725E-12	-2.002725E-12	-2.002725E-12	-2.002725E-12	-2.002725E-12	-2.002725E-12	-2.002725E-12	-2.002725E-12	-2.002725E-12	-2.002725E-12	-2.002725E-12	-2.002725E-12	-2.002725E-12	-2.002725E-12	-2.002725E-12	-2.002725E-12	-2.002725E-12	-2.002725E-12	-2.002725E-12	-2.002725E-12
51.35	-2.01212E-12	-2.01212E-12	-2.01212E-12	-2.01212E-12	-2.01212E-12	-2.01212E-12	-2.01212E-12	-2.01212E-12	-2.01212E-12	-2.01212E-12	-2.01212E-12	-2.01212E-12	-2.01212E-12	-2.01212E-12	-2.01212E-12	-2.01212E-12	-2.01212E-12	-2.01212E-12	-2.01212E-12	-2.01212E-12
52	-2.021437E-12	-2.021437E-12	-2.021437E-12	-2.021437E-12	-2.021437E-12	-2.021437E-12	-2.021437E-12	-2.021437E-12	-2.021437E-12	-2.021437E-12	-2.021437E-12	-2.021437E-12	-2.021437E-12	-2.021437E-12	-2.021437E-12	-2.021437E-12	-2.021437E-12	-2.021437E-12	-2.021437E-12	-2.021437E-12
52.65	-2.030677E-12	-2.030677E-12	-2.030677E-12	-2.030677E-12	-2.030677E-12	-2.030677E-12	-2.030677E-12	-2.030677E-12	-2.030677E-12	-2.030677E-12	-2.030677E-12	-2.030677E-12	-2.030677E-12	-2.030677E-12	-2.030677E-12	-2.030677E-12	-2.030677E-12	-2.030677E-12	-2.030677E-12	-2.030677E-12
53.3	-2.039841E-12	-2.039841E-12	-2.039841E-12	-2.039841E-12	-2.039841E-12	-2.039841E-12	-2.039841E-12	-2.039841E-12	-2.039841E-12	-2.039841E-12	-2.039841E-12	-2.039841E-12	-2.039841E-12	-2.039841E-12	-2.039841E-12	-2.039841E-12	-2.039841E-12	-2.039841E-12	-2.039841E-12	-2.039841E-12
53.95	-2.048928E-12	-2.048928E-12	-2.048928E-12	-2.048928E-12	-2.048928E-12	-2.048928E-12	-2.048928E-12	-2.048928E-12	-2.048928E-12	-2.048928E-12	-2.048928E-12	-2.048928E-12	-2.048928E-12	-2.048928E-12	-2.048928E-12	-2.048928E-12	-2.048928E-12	-2.048928E-12	-2.048928E-12	-2.048928E-12
54.6	-2.057941E-12	-2.057941E-12	-2.057941E-12	-2.057941E-12	-2.057941E-12	-2.057941E-12	-2.057941E-12	-2.057941E-12	-2.057941E-12	-2.057941E-12	-2.057941E-12	-2.057941E-12	-2.057941E-12	-2.057941E-12	-2.057941E-12	-2.057941E-12	-2.057941E-12	-2.057941E-12	-2.057941E-12	-2.057941E-12
55.25	-2.066879E-12	-2.066879E-12	-2.066879E-12	-2.066879E-12	-2.066879E-12	-2.066879E-12	-2.066879E-12	-2.066879E-12	-2.066879E-12	-2.066879E-12	-2.066879E-12	-2.066879E-12	-2.066879E-12	-2.066879E-12	-2.066879E-12	-2.066879E-12	-2.066879E-12	-2.066879E-12	-2.066879E-12	-2.066879E-12
55.9	-2.075742E-12	-2.075742E-12	-2.075742E-12	-2.075742E-12	-2.075742E-12	-2.075742E-12	-2.075742E-12	-2.075742E-12	-2.075742E-12	-2.075742E-12	-2.075742E-12	-2.075742E-12	-2.075742E-12	-2.075742E-12	-2.075742E-12	-2.075742E-12	-2.075742E-12	-2.075742E-12	-2.075742E-12	-2.075742E-12
56.55	-2.084533E-12	-2.084533E-12	-2.084533E-12	-2.084533E-12	-2.084533E-12	-2.084533E-12	-2.084533E-12	-2.084533E-12	-2.084533E-12	-2.084533E-12	-2.084533E-12	-2.084533E-12	-2.084533E-12	-2.084533E-12	-2.084533E-12	-2.084533E-12	-2.084533E-12	-2.084533E-12	-2.084533E-12	-2.084533E-12
57.2	-2.09325E-12	-2.09325E-12	-2.09325E-12	-2.09325E-12	-2.09325E-12	-2.09325E-12	-2.09325E-12	-2.09325E-12	-2.09325E-12	-2.09325E-12	-2.09325E-12	-2.09325E-12	-2.09325E-12	-2.09325E-12	-2.09325E-12	-2.09325E-12	-2.09325E-12	-2.09325E-12	-2.09325E-12	-2.09325E-12
57.85	-2.101896E-12	-2.101896E-12	-2.101896E-12	-2.101896E-12	-2.101896E-12	-2.101896E-12	-2.101896E-12	-2.101896E-12	-2.101896E-12	-2.101896E-12	-2.101896E-12	-2.101896E-12	-2.101896E-12	-2.101896E-12	-2.101896E-12	-2.101896E-12	-2.101896E-12	-2.101896E-12	-2.101896E-12	-2.101896E-12
58.5	-2.11047E-12	-2.11047E-12	-2.11047E-12	-2.11047E-12	-2.11047E-12	-2.11047E-12	-2.11047E-12	-2.11047E-12	-2.11047E-12	-2.11047E-12	-2.11047E-12	-2.11047E-12	-2.11047E-12	-2.11047E-12	-2.11047E-12	-2.11047E-12	-2.11047E-12	-2.11047E-12	-2.11047E-12	-2.11047E-12
59.15	-2.118973E-12	-2.118973E-12	-2.118973E-12	-2.118973E-12	-2.118973E-12	-2.118973E-12	-2.118973E-12	-2.118973E-12	-2.118973E-12	-2.118973E-12	-2.118973E-12	-2.118973E-12	-2.118973E-12	-2.118973E-12	-2.118973E-12	-2.118973E-12	-2.118973E-12	-2.118973E-12	-2.118973E-12	-2.118973E-12
59.8	-2.127405E-12	-2.127405E-12	-2.127405E-12	-2.127405E-12	-2.127405E-12	-2.127405E-12	-2.127405E-12	-2.127405E-12	-2.127405E-12	-2.127405E-12	-2.127405E-12	-2.127405E-12	-2.127405E-12	-2.127405E-12	-2.127405E-12	-2.127405E-12	-2.127405E-12	-2.127405E-12	-2.127405E-12	-2.127405E-12
60.45	-2.135767E-12	-2.135767E-12	-2.135767E-12	-2.135767E-12	-2.135767E-12	-2.135767E-12	-2.135767E-12	-2.135767E-12	-2.135767E-12	-2.135767E-12	-2.135767E-12	-2.135767E-12	-2.135767E-12	-2.135767E-12	-2.135767E-12	-2.135767E-12	-2.135767E-12	-2.135767E-12	-2.135767E-12	-2.135767E-12
61.1	-2.144061E-12	-2.144061E-12	-2.144061E-12	-2.144061E-12	-2.144061E-12	-2.144061E-12	-2.144061E-12	-2.144061E-12	-2.144061E-12	-2.144061E-12	-2.144061E-12	-2.144061E-12	-2.144061E-12	-2.144061E-12	-2.144061E-12	-2.144061E-12	-2.144061E-12	-2.144061E-12	-2.144061E-12	-2.144061E-12
61.75	-2.152286E-12	-2.152286E-12	-2.152286E-12	-2.152286E-12	-2.152286E-12	-2.152286E-12	-2.152286E-12	-2.152286E-12	-2.152286E-12	-2.152286E-12	-2.152286E-12	-2.152286E-12	-2.152286E-12	-2.152286E-12	-2.152286E-12	-2.152286E-12	-2.152286E-12	-2.152286E-12	-2.152286E-12	-2.152286E-12
62.4	-2.160442E-12	-2.160442E-12	-2.160442E-12	-2.160442E-12	-2.160442E-12	-2.160442E-12	-2.160442E-12	-2.160442E-12	-2.160442E-12	-2.160442E-12	-2.160442E-12	-2.160442E-12	-2.160442E-12	-2.160442E-12	-2.160442E-12	-2.160442E-12	-2.160442E-12	-2.160442E-12	-2.160442E-12	-2.160442E-12
63.05	-2.168531E-12	-2.168531E-12	-2.168531E-12	-2.168531E-12	-2.168531E-12	-2.168531E-12	-2.168531E-12	-2.168531E-12	-2.168531E-12	-2.168531E-12	-2.168531E-12	-2.168531E-12	-2.168531E-12	-2.168531E-12	-2.168531E-12	-2.168531E-12	-2.168531E-12	-2.168531E-12	-2.168531E-12	-2.168531E-12
63.7	-2.176553E-12	-2.176553E-12	-2.176553E-12	-2.176553E-12	-2.176553E-12	-2.176553E-12	-2.176553E-12	-2.176553E-12	-2.176553E-12	-2.176553E-12	-2.176553E-12	-2.176553E-12	-2.176553E-12	-2.176553E-12	-2.176553E-12	-2.176553E-12	-2.176553E-12	-2.176553E-12	-2.176553E-12	-2.176553E-12
64.35	-2.184509E-12	-2.184509E-12	-2.184509E-12	-2.184509E-12	-2.184509E-12	-2.184509E-12	-2.184509E-12	-2.184509E-12	-2.184509E-12	-2.184509E-12	-2.184509E-12	-2.184509E-12	-2.184509E-12	-2.184509E-12	-2.184509E-12	-2.184509E-12	-2.184509E-12	-2.184509E-12	-2.184509E-12	-2.184509E-12
65	-2.192399E-12	-2.192399E-12	-2.192399E-12	-2.192399E-12	-2.192399E-12	-2.192399E-12	-2.192399E-12	-2.192399E-12	-2.192399E-12	-2.192399E-12	-2.192399E-12	-2.192399E-12	-2.192399E-12	-2.192399E-12	-2.192399E-12	-2.192399E-12	-2.192399E-12	-2.192399E-12	-2.192399E-12	-2.192399E-12
65.65	-2.200224E-12	-2.200224E-12	-2.200224E-12	-2.200224E-12	-2.200224E-12	-2.200224E-12	-2.200224E-12	-2.200224E-12	-2.200224E-12	-2.200224E-12	-2.200224E-12	-2.200224E-12	-2.200224E-12	-2.200224E-12	-2.200224E-12	-2.200224E-12	-2.200224E-12	-2.200224E-12	-2.200224E-12	-2.200224E-12
66.3	-2.207983E-12	-2.207983E-12	-2.207983E-12	-2.207983E-12	-2.207983E-12	-2.207983E-12	-2.207983E-12	-2.207983E-12	-2.207983E-12	-2.207983E-12	-2.207983E-12	-2.207983E-12	-2.207983E-12	-2.207983E-12	-2.207983E-12	-2.207983E-12	-2.207983E-12	-2.207983E-12	-2.207983E-12	-2.207983E-12
66.95	-2.215679E-12	-2.215679E-12	-2.215679E-12	-2.215679E-12	-2.215679E-12	-2.215679E-12	-2.215679E-12	-2.215679E-12	-2.215679E-12	-2.215679E-12	-2.215679E-12	-2.215679E-12	-2.215679E-12	-2.215679E-12	-2.215679E-12	-2.215679E-12	-2.215679E-12	-2.215679E-12	-2.215679E-12	-2.215679E-12
67.6	-2.223311E-12	-2.223311E-12	-2.223311E-12	-2.223311E-12	-2.223311E-12	-2.223311E-12	-2.223311E-12	-2.223311E-12	-2.223311E-12	-2.223311E-12	-2.223311E-12	-2.223311E-12	-2.223311E-12	-2.223311E-12	-2.223311E-12	-2.223311E-12	-2.223311E-12	-2.223311E-12	-2.223311E-12	-2.223311E-12
68.25	-2.230879E-12	-2.230879E-12	-2.230879E-12	-2.230879E-12	-2.230879E-12	-2.230879E-12	-2.230879E-12	-2.230879E-12	-2.230879E-12	-2.230879E-12	-2.230879E-12	-2.230879E-12	-2.230879E-12	-2.230879E-12	-2.230879E-12	-2.230879E-12	-2.230879E-12	-2.230879E-12	-2.230879E-12	-2.230879E-12
68.9	-2.238385E-12	-2.238385E-12	-2.238385E-12	-2.238385E-12	-2.238385E-12	-2.238385E-12	-2.238385E-12	-2.238385E-12	-2.238385E-12	-2.238385E-12	-2.238385E-12	-2.238385E-12	-2.238385E-12	-2.238385E-12	-2.238385E-12	-2.238385E-12	-2.238385E-12	-2.238385E-12	-2.238385E-12	-2.238385E-12
69.55	-2.245829E-12	-2.245829E-12	-2.245829E-12	-2.245829E-12	-2.245829E-12	-2.245829E-12	-2.245829E-12	-2.245829E-12	-2.245829E-12	-2.245829E-12	-2.245829E-12	-2.245829E-12	-2.245829E-12	-2.245829E-12	-2.245829E-12	-2.245829E-12	-2.245829E-12	-2.245829E-12	-2.245829E-12	-2.245829E-12
70.2	-2.253211E-12	-2.253211E-12	-2.253211E-12	-2.253211E-12	-2.253211E-12	-2.253211E-12	-2.253211E-12	-2.253211E-12	-2.253211E-12	-2.253211E-12	-2.253211E-12	-2.253211E-12	-2.253211E-12	-2.253211E-12	-2.253211E-12	-2.253211E-12	-2.253211E-12	-2.253211E-12	-2.253211E-12	-2.253211E-12
70.85	-2.260532E-12	-2.260532E-12	-2.260532E-12	-2.260532E-12	-2.260532E-12	-2.260532E-12	-2.260532E-12	-2.260532E-12	-2.260532E-12	-2.260532E-12	-2.260532E-12	-2.260532E-12	-2.260532E-12	-2.260532E-12	-2.260532E-12	-2.260532E-12	-2.260532E-12	-2.260532E-12	-2.260532E-12	-2.260532E-12
71.5	-2.267792E-12	-2.267792E-12	-2.267792E-12	-2.267792E-12	-2.267792E-12	-2.267792E-12	-2.267792E-12	-2.267792E-12	-2.267792E-12	-2.267792E-12	-2.267792E-12	-2.267792E-12	-2.267792E-12	-2.267792E-12	-2.267792E-12	-2.267792E-12	-2.267792E-12	-2.267792E-12	-2.267792E-12	-2.267792E-12
72.15	-2.274992E-12	-2.274992E-12	-2.274992E-12	-2.274992E-12	-2.274992E-12	-2.274992E-12	-2.274992E-12	-2.274992E-12	-2.274992E-12	-2.274992E-12	-2.274992E-12	-2.274992E-12	-2.274992E-12	-2.274992E-12	-2.274992E-12	-2.274992E-12	-2.274992E-12	-2.274992E-12	-2.274992E-12	-2.274992E-12
72.8	-2.282133E-12	-2.282133E-12	-2.282133E-12	-2.282133E-12	-2.282133E-12	-2.282133E-12	-2.282133E-12	-2.282133E-12	-2.282133E-12	-2.282133E-12	-2.282133E-12	-2.282133E-12	-2.282133E-12	-2.282133E-12	-2.282133E-12	-2.282133E-12	-2.282133E-12	-2.282133E-12	-2.282133E-12	-2.282133E-12
73.45	-2.289215E-12	-2.289215E-12	-2.289215E-12	-2.289215E-12	-2.289215E-12	-2.289215E-12	-2.289215E-12	-2.289215E-12	-2.289215E-12	-2.289215E-12	-2.289215E-12	-2.289215E-12	-2.289215E-12	-2.289215E-12	-2.289215E-12	-2.289215E-12	-2.289215E-12	-2.289215E-12	-2.289215E-12	-2.289215E-12
74.1	-2.296237E-12	-2.296237E-12	-2.296237E-12	-2.296237E-12	-2.296237E-12	-2.296237E-12	-2.296237E-12	-2.296237E-12	-2.296237E-12	-2.296237E-12	-2.296237E-12	-2.296237E-12	-2.296237E-12	-2.296237E-12	-2.296237E-12	-2.296237E-12	-2.296237E-12	-2.296237E-12	-2.296237E-12	-2.296237E-12
74.75	-2.303202E-12	-2.303202E-12	-2.303202E-12	-2.303202E-12	-2.303202E-12	-2.303202E-12	-2.303202E-12	-2.303202E-12	-2.303202E-12	-2.303202E-12	-2.303202E-12	-2.303202E-12	-2.303202E-12	-2.303202E-12	-2.303202E-12	-2.303202E-12	-2.303202E-12	-2.303202E-12	-2.303202E-12	-2.303202E-12
75.4	-2.310109E-12	-2.310109E-12	-2.310109E-12	-2.310109E-12	-2.310109E-12	-2.310109E-12	-2.310109E-12	-2.310109E-12	-2.310109E-12	-2.310109E-12	-2.310109E-12	-2.310109E-12	-2.310109E-12	-2.310109E-12	-2.310109E-12	-2.310109E-12	-2.310109E-12	-2.310109E-12	-2.310109E-12	-2.310109E-12
76.05	-2.316959E-12	-2.316959E-12	-2.316959E-12	-2.316959E-12	-2.316959E-12	-2.316959E-12	-2.316959E-12	-2.316959E-12	-2.316959E-12	-2.316959E-12	-2.316959E-12	-2.316959E-12	-2.316959E-12	-2.316959E-12	-2.316959E-12	-2.316959E-12	-2.316959E-12	-2.316959E-12	-2.316959E-12	-2.316959E-12
76.7	-2.323752E-12	-2.323752E-12	-2.323752E-12	-2.323752E-12	-2.323752E-12	-2.323752E-12	-2.323752E-12	-2.323752E-12	-2.323752E-12	-2.323752E-12	-2.323752E-12	-2.323752E-12	-2.323752E-12	-2.323752E-12	-2.323752E-12	-2.323752E-12	-2.323752E-12	-2.323752E-12	-2.323752E-12	-2.323752E-12
77.35	-2.330489E-12	-2.330489E-12	-2.330489E-12	-2.330489E-12	-2.330489E-12	-2.330489E-12	-2.330489E-12	-2.330489E-12	-2.330489E-12	-2.330489E-12	-2.330489E-12	-2.330489E-12	-2.330489E-12	-2.330489E-12	-2.330489E-12	-2.330489E-12	-2.330489E-12	-2.330489E-12	-2.330489E-12	-2.330489E-12
78	-2.33717E-12	-2.33717E-12	-2.33717E-12	-2.33717E-12	-2.33717E-12	-2.33717E-12	-2.33717E-12	-2.33717E-12	-2.33717E-12	-2.33717E-12	-2.33717E-12	-2.33717E-12	-2.33717E-12	-2.33717E-12	-2.33717E-12	-2.33717E-12	-2.33717E-12	-2.33717E-12	-2.33717E-12	-2.33717E-12
78.65	-2.343796E-12	-2.343796E-12	-2.343796E-12	-2.343796E-12	-2.343796E-12	-2.343796E-12	-2.343796E-12	-2.343796E-12	-2.343796E-12	-2.343796E-12	-2.343796E-12	-2.343796E-12	-2.343796E-12	-2.343796E-12	-2.343796E-12	-2.343796E-12	-2.343796E-12	-2.343796E-12	-2.343796E-12	-2.343796E-12
79.3	-2.350367E-12	-2.350367E-12	-2.350367E-12	-2.350367E-12	-2.350367E-12	-2.350367E-12	-2.350367E-12	-2.350367E-12	-2.350367E-12	-2.350367E-12	-2.350367E-12	-2.350367E-12	-2.350367E-12	-2.350367E-12	-2.350367E-12	-2.350367E-12	-2.350367E-12	-2.350367E-12	-2.350367E-12	-2.350367E-12
79.95	-2.356884E-12	-2.356884E-12	-2.356884E-12	-2.356884E-12	-2.356884E-12	-2.356884E-12	-2.356884E-12	-2.356884E-12	-2.356884E-12	-2.356884E-12	-2.356884E-12	-2.356884E-12	-2.356884E-12	-2.356884E-12	-2.356884E-12	-2.356884E-12	-2.356884E-12	-2.356884E-12	-2.356884E-12	-2.356884E-12
80.6	-2.363346E-12	-2.363346E-12	-2.363346E-12	-2.363346E-12	-2.363346E-12	-2.363346E-12	-2.363346E-12	-2.363346E-12	-2.363346E-12	-2.363346E-12	-2.363346E-12	-2.363346E-12	-2.363346E-12	-2.363346E-12	-2.363346E-12	-2.363346E-12	-2.363346E-12	-2.363346E-12	-2.363346E-12	-2.363346E-12
81.25	-2.369755E-12	-2.369755E-12	-2.369755E-12	-2.369755E-12	-2.369755E-12	-2.369755E-12	-2.369755E-12	-2.369755E-12	-2.369755E-12	-2.369755E-12	-2.369755E-12	-2.369755E-12	-2.369755E-12	-2.369755E-12	-2.369755E-12	-2.369755E-12	-2.369755E-12	-2.369755E-12	-2.369755E-12	-2.369755E-12
81.9	-2.376111E-12	-2.376111E-12	-2.376111E-12	-2.376111E-12	-2.376111E-12	-2.376111E-12	-2.376111E-12	-2.376111E-12	-2.376111E-12	-2.376111E-12	-2.376111E-12	-2.376111E-12	-2.376111E-12	-2.376111E-12	-2.376111E-12	-2.376111E-12	-2.376111E-12	-2.376111E-12	-2.376111E-12	-2.376111E-12
82.55	-2.382415E-12	-2.382415E-12	-2.382415E-12	-2.382415E-12	-2.382415E-12	-2.382415E-12	-2.382415E-12	-2.382415E-12	-2.382415E-12	-2.382415E-12	-2.382415E-12	-2.382415E-12	-2.382415E-12	-2.382415E-12	-2.382415E-12	-2.382415E-12	-2.382415E-12	-2.382415E-12	-2.382415E-12	-2.382415E-12
83.2	-2.388666E-12	-2.388666E-12	-2.388666E-12	-2.388666E-12	-2.388666E-12	-2.388666E-12	-2.388666E-12	-2.388666E-12	-2.388666E-12	-2.388666E-12	-2.388666E-12	-2.388666E-12	-2.388666E-12	-2.388666E-12	-2.388666E-12	-2.388666E-12	-2.388666E-12	-2.388666E-12	-2.388666E-12	-2.388666E-12
83.85	-2.394865E-12	-2.394865E-12	-2.394865E-12	-2.394865E-12	-2.394865E-12	-2.394865E-12	-2.394865E-12	-2.394865E-12	-2.394865E-12	-2.394865E-12	-2.394865E-12	-2.394865E-12	-2.394865E-12	-2.394865E-12	-2.394865E-12	-2.394865E-12	-2.394865E-12	-2.394865E-12	-2.394865E-12	-2.394865E-12
84.5	-2.401014E-12	-2.401014E-12	-2.401014E-12	-2.401014E-12	-2.401014E-12	-2.401014E-12	-2.401014E-12	-2.401014E-12	-2.401014E-12	-2.401014E-12	-2.401014E-12	-2.401014E-12	-2.401014E-12	-2.401014E-12	-2.401014E-12	-2.401014E-12	-2.401014E-12	-2.401014E-12	-2.401014E-12	-2.401014E-12
85.15	-2.407111E-12	-2.407111E-12	-2.407111E-12	-2.407111E-12	-2.407111E-12	-2.407111E-12	-2.407111E-12	-2.407111E-12	-2.407111E-12	-2.407111E-12	-2.407111E-12	-2.407111E-12	-2.407111E-12	-2.407111E-12	-2.407111E-12	-2.407111E-12	-2.407111E-12	-2.407111E-12	-2.407111E-12	-2.407111E-12
85.8	-2.413158E-12	-2.413158E-12	-2.413158E-12	-2.413158E-12	-2.413158E-12	-2.413158E-12	-2.413158E-12	-2.413158E-12	-2.413158E-12	-2.413158E-12	-2.413158E-12	-2.413158E-12	-2.413158E-12	-2.413158E-12	-2.413158E-12	-2.413158E-12	-2.413158E-12	-2.413158E-12	-2.413158E-12	-2.413158E-12
86.45	-2.419154E-12	-2.419154E-12	-2.419154E-12	-2.419154E-12	-2.419154E-12	-2.419154E-12	-2.419154E-12	-2.419154E-12	-2.419154E-12	-2.419154E-12	-2.419154E-12	-2.419154E-12	-2.419154E-12	-2.419154E-12	-2.419154E-12	-2.419154E-12	-2.419154E-12	-2.419154E-12	-2.419154E-12	-2.419154E-12
87.1	-2.425101E-12	-2.425101E-12	-2.425101E-12	-2.425101E-12	-2.425101E-12	-2.425101E-12	-2.425101E-12	-2.425101E-12	-2.425101E-12	-2.425101E-12	-2.425101E-12	-2.425101E-12	-2.425101E-12	-2.425101E-12	-2.425101E-12	-2.425101E-12	-2.425101E-12	-2.425101E-12	-2.425101E-12	-2.425101E-12
87.75	-2.430999E-12	-2.430999E-12	-2.430999E-12	-2.430999E-12	-2.430999E-12	-2.430999E-12	-2.430999E-12	-2.430999E-12	-2.430999E-12	-2.430999E-12	-2.430999E-12	-2.430999E-12	-2.430999E-12	-2.430999E-12	-2.430999E-12	-2.430999E-12	-2.430999E-12	-2.430999E-12	-2.430999E-12	-2.430999E-12
88.4	-2.436848E-12	-2.436848E-12	-2.436848E-12	-2.436848E-12	-2.436848E-12	-2.436848E-12	-2.436848E-12	-2.436848E-12	-2.436848E-12	-2.436848E-12	-2.436848E-12	-2.436848E-12	-2.436848E-12	-2.436848E-12	-2.436848E-12	-2.436848E-12	-2.436848E-12	-2.436848E-12	-2.436848E-12	-2.436848E-12
89.05	-2.442648E-12	-2.442648E-12	-2.442648E-12	-2.442648E-12	-2.442648E-12	-2.442648E-12	-2.442648E-12	-2.442648E-12	-2.442648E-12	-2.442648E-12	-2.442648E-12	-2.442648E-12	-2.442648E-12	-2.442648E-12	-2.442648E-12	-2.442648E-12	-2.442648E-12	-2.442648E-12	-2.442648E-12	-2.442648E-12
89.7	-2.448401E-12	-2.448401E-12	-2.448401E-12	-2.448401E-12	-2.448401E-12	-2.448401E-12	-2.448401E-12	-2.448401E-12	-2.448401E-12	-2.448401E-12	-2.448401E-12	-2.448401E-12	-2.448401E-12	-2.448401E-12	-2.448401E-12	-2.448401E-12	-2.448401E-12	-2.448401E-12	-2.448401E-12	-2.448401E-12
90.35	-2.454106E-12	-2.454106E-12	-2.454106E-12	-2.454106E-12	-2.454106E-12	-2.454106E-12	-2.454106E-12	-2.454106E-12	-2.454106E-12	-2.454106E-12	-2.454106E-12	-2.454106E-12	-2.454106E-12	-2.454106E-12	-2.454106E-12	-2.454106E-12	-2.454106E-12	-2.454106E-12	-2.454106E-12	-2.454106E-12
91	-2.459763E-12	-2.459763E-12	-2.459763E-12	-2.459763E-12	-2.459763E-12	-2.459763E-12	-2.459763E-12	-2.459763E-12	-2.459763E-12	-2.459763E-12	-2.459763E-12	-2.459763E-12	-2.459763E-12	-2.459763E-12	-2.459763E-12	-2.459763E-12	-2.459763E-12	-2.459763E-12	-2.459763E-12	-2.459763E-12
91.65	-2.465374E-12	-2.465374E-12	-2.465374E-12	-2.465374E-12	-2.465374E-12	-2.465374E-12	-2.465374E-12	-2.465374E-12	-2.465374E-12	-2.465374E-12	-2.465374E-12	-2.465374E-12	-2.465374E-12	-2.465374E-12	-2.465374E-12	-2.465374E-12	-2.465374E-12	-2.465374E-12	-2.465374E-12	-2.465374E-12
92.3	-2.470938E-12	-2.470938E-12	-2.470938E-12	-2.470938E-12	-2.470938E-12	-2.470938E-12	-2.470938E-12	-2.470938E-12	-2.470938E-12	-2.470938E-12	-2.470938E-12	-2.470938E-12	-2.470938E-12	-2.470938E-12	-2.470938E-12	-2.470938E-12	-2.470938E-12	-2.470938E-12	-2.470938E-12	-2.470938E-12
92.95	-2.476457E-12	-2.476457E-12	-2.476457E-12	-2.476457E-12	-2.476457E-12	-2.476457E-12	-2.476457E-12	-2.476457E-12	-2.476457E-12	-2.476457E-12	-2.476457E-12	-2.476457E-12	-2.476457E-12	-2.476457E-12	-2.476457E-12	-2.476457E-12	-2.476457E-12	-2.476457E-12	-2.476457E-12	-2.476457E-12
93.6	-2.481929E-12	-2.481929E-12	-2.481929E-12	-2.481929E-12	-2.481929E-12	-2.481929E-12	-2.481929E-12	-2.481929E-12	-2.481929E-12	-2.481929E-12	-2.481929E-12	-2.481929E-12	-2.481929E-12	-2.481929E-12	-2.481929E-12	-2.481929E-12	-2.481929E-12	-2.481929E-12	-2.481929E-12	-2.481929E-12
94.25	-2.487356E-12	-2.487356E-12	-2.487356E-12	-2.487356E-12	-2.487356E-12	-2.487356E-12	-2.487356E-12	-2.487356E-12	-2.487356E-12	-2.487356E-12	-2.487356E-12	-2.487356E-12	-2.487356E-12	-2.487356E-12	-2.487356E-12	-2.487356E-12	-2.487356E-12	-2.487356E-12	-2.487356E-12	-2.487356E-12
94.9	-2.492739E-12	-2.492739E-12	-2.492739E-12	-2.492739E-12	-2.492739E-12	-2.492739E-12	-2.492739E-12	-2.492739E-12	-2.492739E-12	-2.492739E-12	-2.492739E-12	-2.492739E-12	-2.492739E-12	-2.492739E-12	-2.492739E-12	-2.492739E-12	-2.492739E-12	-2.492739E-12	-2.492739E-12	-2.492739E-12
95.55	-2.498076E-12	-2.498076E-12	-2.498076E-12	-2.498076E-12	-2.498076E-12	-2.498076E-12	-2.498076E-12	-2.498076E-12	-2.498076E-12	-2.498076E-12	-2.498076E-12	-2.498076E-12	-2.498076E-12	-2.498076E-12	-2.498076E-12	-2.498076E-12	-2.498076E-12	-2.498076E-12	-2.498076E-12	-2.498076E-12
96.2	-2.50337E-12	-2.50337E-12	-2.50337E-12	-2.50337E-12	-2.50337E-12	-2.50337E-12	-2.50337E-12	-2.50337E-12	-2.50337E-12	-2.50337E-12	-2.50337E-12	-2.50337E-12	-2.50337E-12	-2.50337E-12	-2.50337E-12	-2.50337E-12	-2.50337E-12	-2.50337E-12	-2.50337E-12	-2.50337E-12
96.85	-2.50862E-12	-2.50862E-12	-2.50862E-12	-2.50862E-12	-2.50862E-12	-2.50862E-12	-2.50862E-12	-2.50862E-12	-2.50862E-12	-2.50862E-12	-2.50862E-12	-2.50862E-12	-2.50862E-12	-2.50862E-12	-2.50862E-12	-2.50862E-12	-2.50862E-12	-2.50862E-12	-2.50862E-12	-2.50862E-12
97.5	-2.513826E-12	-2.513826E-12	-2.513826E-12	-2.513826E-12	-2.513826E-12	-2.513826E-12	-2.513826E-12	-2.513826E-12	-2.513826E-12	-2.513826E-12	-2.513826E-12	-2.513826E-12	-2.513826E-12	-2.513826E-12	-2.513826E-12	-2.513826E-12	-2.513826E-12	-2.513826E-12	-2.513826E-12	-2.513826E-12
98.15	-2.518989E-12	-2.518989E-12	-2.518989E-12	-2.518989E-12	-2.518989E-12	-2.518989E-12	-2.518989E-12	-2.518989E-12	-2.518989E-12	-2.518989E-12	-2.518989E-12	-2.518989E-12	-2.518989E-12	-2.518989E-12	-2.518989E-12	-2.518989E-12	-2.518989E-12	-2.518989E-12	-2.518989E-12	-2.518989E-12
98.8	-2.524109E-12	-2.524109E-12	-2.524109E-12	-2.524109E-12	-2.524109E-12	-2.524109E-12	-2.524109E-12	-2.524109E-12	-2.524109E-12	-2.524109E-12	-2.524109E-12	-2.524109E-12	-2.524109E-12	-2.524109E-12	-2.524109E-12	-2.524109E-12	-2.524109E-12	-2.524109E-12	-2.524109E-12	-2.524109E-12
99.45	-2.529188E-12	-2.529188E-12	-2.529188E-12	-2.529188E-12	-2.529188E-12	-2.529188E-12	-2.529188E-12	-2.529188E-12	-2.529188E-12	-2.529188E-12	-2.529188E-12	-2.529188E-12	-2.529188E-12	-2.529188E-12	-2.529188E-12	-2.529188E-12	-2.529188E-12	-2.529188E-12	-2.529188E-12	-2.529188E-12
100.1	4.063211E-11	6.247268E-11	8.583702E-11	1.172753E-10	1.937674E-10	5.254743E-10	2.323202E-09	1.260832E-08	7.218687E-08	4.17467E-07	2.407014E-06	1.374438E-05	7.723081E-05	0.0004238838	0.002251049	0.01142488	0.05453981	0.2400215	0.9507997	3.303986
100.75	1.466633E-10	3.004103E-09	4.683885E-08	5.077576E-07	4.316909E-06	3.145941E-05	0.0002071562	0.001267076	0.007279784	0.03928661	0.1974773	0.9103261	3.76621	13.62666	41.99063	107.9554	230.0071	411.2248	635.4141	879.9415
101.4	5.80265E-10	2.590137E-08	6.688659E-07	1.030193E-05	0.0001086389	0.0008869464	0.006088828	0.03680756	0.1998033	0.9749474	4.225137	15.92492	50.90565	134.9322	293.3019	527.0918	805.5562	1089.431	1354.46	1592.837
102.05	1.174517E-09	7.229599E-08	2.597425E-06	5.271941E-05	0.0006678108	0.006016898	0.04272037	0.2541906	1.302896	5.77226	21.82977	69.03478	178.964	376.9719	652.3261	957.5187	1245.514	1495.812	1708.446	1890.575
102.7	1.807501E-09	1.31903E-07	5.940597E-06	0.0001504481	0.002237022	0.02203351	0.1611344	0.9424382	4.567307	18.46984	61.69671	167.5458	366.3794	650.3568	965.9852	1256.803	1499.63	1698.123	1863.787	2007.022
103.35	2.445405E-09	1.968572E-07	1.036272E-05	0.0003133888	0.005362564	0.05728541	0.4301822	2.471704	11.34613	42.10995	125.669	299.0931	569.5781	889.4595	1190.915	1438.763	1634.997	1794.463	1930.497	2052.171
104	3.080912E-09	2.635182E-07	1.54661E-05	0.0005390045	0.01042956	0.1199809	0.9227728	5.207182	22.68659	77.69048	209.3391	444.5113	756.5726	1073.218	1338.522	1543.807	1705.215	1839.791	1959.019	2069.655
104.65	3.712598E-09	3.304987E-07	2.095144E-05	0.000817729	0.01761503	0.2168103	1.703879	9.442383	39.12627	124.2735	305.3049	587.4709	912.829	1204.919	1431.398	1603.186	1741.305	1861.046	1971.201	2076.423
105.3	4.340219E-09	3.973205E-07	2.663137E-05	0.001137865	0.02691236	0.352285	2.823137	15.36516	60.68183	179.6518	406.0132	717.6548	1035.869	1295.703	1488.66	1636.458	1759.794	1871.003	1976.403	2079.043
105.95	4.963748E-09	4.638291E-07	3.239938E-05	0.001488458	0.03818445	0.5286569	4.311965	23.05208	86.9508	241.074	505.3067	830.2292	1129.176	1356.916	1523.618	1655.034	1769.254	1875.666	1978.624	2080.057
106.6	5.583205E-09	5.299771E-07	3.819821E-05	0.001860473	0.05121842	0.7461888	6.183996	32.48109	117.253	305.7939	598.9	924.1531	1198.243	1397.678	1544.856	1665.387	1774.092	1877.848	1979.571	2080.448
107.25	6.198613E-09	5.957515E-07	4.399817E-05	0.002246994	0.0657694	1.003583	8.43747	43.55288	150.7652	371.3982	684.2494	1000.565	1248.569	1424.63	1557.73	1671.153	1776.565	1878.869	1979.975	2080.599
107.9	6.81E-09	6.6115E-07	4.97842E-05	0.002642969	0.08159082	1.298437	11.05848	56.11435	186.6284	435.9512	760.1799	1061.62	1284.867	1442.38	1565.524	1674.364	1777.828	1879.346	1980.146	2080.656
108.55	7.417391E-09	7.261732E-07	5.554878E-05	0.003044819	0.09845255	1.627658	14.02432	69.98009	224.0219	498.0178	826.4776	1109.777	1310.871	1454.044	1570.239	1676.15	1778.473	1879.569	1980.218	2080.677
109.2	8.020812E-09	7.90823E-07	6.128826E-05	0.003450064	0.1161502	1.987793	17.30658	84.95	262.2078	556.6181	883.5405	1147.402	1329.419	1461.698	1573.091	1677.144	1778.802	1879.672	1980.248	2080.685
109.85	8.62029E-09	8.551014E-07	6.700088E-05	0.003857008	0.1345083	2.375288	20.87368	100.8227	300.5537	611.1528	932.1136	1176.597	1342.612	1466.718	1574.815	1677.696	1778.969	1879.719	1980.26	2080.687
110.5	9.21585E-09	9.190105E-07	7.268586E-05	0.004264508	0.1533799	2.786663	24.69287	117.405	338.538	661.3212	973.1047	1199.135	1351.977	1470.008	1575.856	1678.002	1779.053	1879.74	1980.264	2080.686
111.15	9.807518E-09	9.825525E-07	7.834288E-05	0.004671796	0.1726443	3.218629	28.73173	134.5176	375.7463	707.0456	1007.464	1216.47	1358.618	1472.164	1576.485	1678.171	1779.095	1879.748	1980.264	2080.685
111.8	1.039532E-08	1.045729E-06	8.397186E-05	0.00507836	0.1922032	3.668162	32.95919	151.9987	411.8613	748.4064	1036.109	1229.765	1363.322	1473.576	1576.864	1678.264	1779.115	1879.751	1980.264	2080.684
112.45	1.097928E-08	1.108543E-06	8.957282E-05	0.005483863	0.2119782	4.132528	37.34621	169.7057	446.6502	785.5912	1059.891	1239.941	1366.652	1474.5	1577.092	1678.314	1779.124	1879.752	1980.262	2080.683
113.1	1.155942E-08	1.170996E-06	9.514584E-05	0.005888081	0.2319066	4.6093	41.86611	187.5147	479.9517	818.8536	1079.568	1247.717	1369.009	1475.104	1577.228	1678.341	1779.128	1879.751	1980.261	2080.681
113.75	1.213577E-08	1.23309E-06	0.0001006911	0.006290869	0.2519389	5.096344	46.49481	205.3199	511.663	848.4847	1095.803	1253.652	1370.676	1475.498	1577.31	1678.355	1779.128	1879.749	1980.259	2080.68
114.4	1.270836E-08	1.294828E-06	0.0001062086	0.006692132	0.2720363	5.591805	51.21078	223.0326	541.7285	874.791	1109.17	1258.178	1371.855	1475.756	1577.357	1678.361	1779.127	1879.747	1980.257	2080.678
115.05	1.32772E-08	1.35621E-06	0.0001116985	0.007091812	0.2921681	6.094082	55.99501	240.579	570.1299	898.0795	1120.156	1261.626	1372.688	1475.923	1577.385	1678.363	1779.126	1879.745	1980.255	2080.677
115.7	1.384233E-08	1.41724E-06	0.000117161	0.00748987	0.3123107	6.601802	60.83081	257.899	596.8774	918.648	1129.172	1264.253	1373.275	1476.031	1577.4	1678.363	1779.124	1879.743	1980.254	2080.675
116.35	1.440376E-08	1.47792E-06	0.0001225963	0.007886284	0.3324454	7.113794	65.70367	274.9443	622.0025	936.7787	1136.562	1266.252	1373.69	1476.101	1577.408	1678.362	1779.121	1879.741	1980.252	2080.674
117	1.496152E-08	1.53825E-06	0.0001280044	0.008281043	0.352558	7.629064	70.60104	291.6765	645.5529	952.7344	1142.614	1267.772	1373.982	1476.145	1577.412	1678.36	1779.119	1879.739	1980.25	2080.672
117.65	1.551564E-08	1.598235E-06	0.0001333854	0.008674139	0.3726372	8.146771	75.51213	308.0659	667.5871	966.7566	1147.566	1268.929	1374.187	1476.173	1577.413	1678.358	1779.117	1879.737	1980.248	2080.67
118.3	1.606614E-08	1.657874E-06	0.0001387396	0.009065573	0.3926745	8.666208	80.4277	324.0905	688.1711	979.0656	1151.615	1269.808	1374.331	1476.189	1577.412	1678.355	1779.114	1879.735	1980.247	2080.669
118.95	1.661303E-08	1.717171E-06	0.000144067	0.009455346	0.4126634	9.186778	85.33986	339.7341	707.3754	989.8601	1154.924	1270.475	1374.432	1476.199	1577.41	1678.353	1779.112	1879.733	1980.245	2080.667
119.6	1.715636E-08	1.776127E-06	0.0001493678	0.009843459	0.4325987	9.707982	90.24197	354.9856	725.2729	999.3188	1157.627	1270.982	1374.501	1476.204	1577.407	1678.35	1779.11	1879.731	1980.243	2080.666
120.25	1.769613E-08	1.834744E-06	0.0001546421	0.01022992	0.4524765	10.2294	95.12836	369.8384	741.9372	1007.601	1159.833	1271.366	1374.549	1476.206	1577.405	1678.347	1779.107	1879.729	1980.241	2080.664
120.9	1.823238E-08	1.893025E-06	0.0001598901	0.01061473	0.4722939	10.75069	99.9943	384.2892	757.4409	1014.849	1161.634	1271.657	1374.582	1476.206	1577.402	1678.344	1779.105	1879.727	1980.239	2080.663
121.55	1.876512E-08	1.95097E-06	0.0001651119	0.0109979	0.4920488	11.27155	104.8358	398.3376	771.8552	1021.189	1163.104	1271.877	1374.603	1476.204	1577.398	1678.341	1779.102	1879.725	1980.238	2080.661
122.2	1.929438E-08	2.008583E-06	0.0001703075	0.01137944	0.5117393	11.79174	109.6496	411.9854	785.2493	1026.732	1164.302	1272.043	1374.617	1476.202	1577.395	1678.338	1779.1	1879.723	1980.236	2080.66
122.85	1.982018E-08	2.065865E-06	0.0001754772	0.01175934	0.5313644	12.31107	114.433	425.2365	797.6892	1031.576	1165.278	1272.168	1374.625	1476.199	1577.392	1678.336	1779.097	1879.721	1980.234	2080.658
123.5	2.034254E-08	2.122818E-06	0.0001806211	0.01213762	0.550923	12.82936	119.1836	438.0959	809.2383	1035.809	1166.074	1272.261	1374.63	1476.196	1577.389	1678.333	1779.095	1879.719	1980.232	2080.657
124.15	2.086149E-08	2.179443E-06	0.0001857392	0.01251429	0.5704145	13.34648	123.8996	450.5701	819.9566	1039.505	1166.722	1272.331	1374.632	1476.192	1577.385	1678.33	1779.093	1879.716	1980.231	2080.655
124.8	2.137705E-08	2.235743E-06	0.0001908319	0.01288935	0.5898386	13.86231	128.5796	462.6663	829.9009	1042.734	1167.249	1272.383	1374.632	1476.188	1577.382	1678.327	1779.09	1879.714	1980.229	2080.654
125.45	2.188924E-08	2.29172E-06	0.000195899	0.0132628	0.6091948	14.37676	133.2223	474.3923	839.1249	1045.552	1167.678	1272.421	1374.63	1476.185	1577.379	1678.324	1779.088	1879.712	1980.227	2080.652
126.1	2.239808E-08	2.347375E-06	0.0002009408	0.01363466	0.6284832	14.88976	137.8268	485.7567	847.6787	1048.012	1168.027	1272.448	1374.628	1476.181	1577.375	1678.321	1779.085	1879.71	1980.225	2080.651
126.75	2.29036E-08	2.40271E-06	0.0002059575	0.01400493	0.6477035	15.40123	142.3923	496.7681	855.6097	1050.158	1168.31	1272.468	1374.625	1476.177	1577.372	1678.318	1779.083	1879.708	1980.224	2080.649
127.4	2.340581E-08	2.457728E-06	0.0002109491	0.01437362	0.6668558	15.91114	146.9184	507.4354	862.962	1052.031	1168.54	1272.481	1374.621	1476.173	1577.368	1678.316	1779.08	1879.706	1980.222	2080.648
128.05	2.390474E-08	2.512429E-06	0.0002159157	0.01474073	0.68594	16.41943	151.4045	517.7679	869.7769	1053.665	1168.726	1272.49	1374.617	1476.169	1577.365	1678.313	1779.078	1879.704	1980.22	2080.646
128.7	2.440041E-08	2.566816E-06	0.0002208575	0.01510627	0.7049565	16.92607	155.8504	527.7747	876.093	1055.09	1168.876	1272.496	1374.613	1476.165	1577.362	1678.31	1779.076	1879.702	1980.218	2080.645
129.35	2.489284E-08	2.62089E-06	0.0002257746	0.01547025	0.7239052	17.43105	160.256	537.4649	881.946	1056.333	1168.997	1272.498	1374.608	1476.161	1577.358	1678.307	1779.073	1879.7	1980.216	2080.643
130	2.538205E-08	2.674654E-06	0.0002306672	0.01583268	0.7427863	17.93432	164.6211	546.8477	887.3696	1057.416	1169.095	1272.499	1374.604	1476.157	1577.355	1678.304	1779.071	1879.698	1980.215	2080.642
130.65	2.586807E-08	2.728108E-06	0.0002355353	0.01619356	0.7616	18.43589	168.9458	555.9319	892.3947	1058.361	1169.173	1272.498	1374.599	1476.153	1577.352	1678.301	1779.068	1879.696	1980.213	2080.64
131.3	2.635091E-08	2.781256E-06	0.0002403791	0.01655289	0.7803465	18.93573	173.23	564.7265	897.0503	1059.184	1169.236	1272.496	1374.595	1476.149	1577.348	1678.298	1779.066	1879.694	1980.211	2080.639
131.95	2.683059E-08	2.834098E-06	0.0002451987	0.01691069	0.799026	19.43384	177.474	573.2402	901.3634	1059.901	1169.286	1272.493	1374.59	1476.145	1577.345	1678.296	1779.063	1879.692	1980.209	2080.637
132.6	2.730714E-08	2.886637E-06	0.0002499942	0.01726696	0.8176386	19.93021	181.6779	581.4816	905.3589	1060.525	1169.325	1272.489	1374.585	1476.141	1577.342	1678.293	1779.061	1879.689	1980.208	2080.635
133.25	2.778057E-08	2.938874E-06	0.0002547658	0.01762171	0.8361846	20.42483	185.8418	589.459	909.0599	1061.069	1169.355	1272.485	1374.58	1476.137	1577.338	1678.29	1779.058	1879.687	1980.206	2080.634
133.9	2.825091E-08	2.990811E-06	0.0002595135	0.01797494	0.8546643	20.91771	189.9659	597.1805	912.4881	1061.542	1169.379	1272.48	1374.576	1476.133	1577.335	1678.287	1779.056	1879.685	1980.204	2080.633
134.55	2.871818E-08	3.042449E-06	0.0002642375	0.01832667	0.8730778	21.40884	194.0506	604.6542	915.6633	1061.954	1169.397	1272.475	1374.571	1476.129	1577.331	1678.284	1779.054	1879.683	1980.202	2080.631
135.2	2.918239E-08	3.093791E-06	0.0002689378	0.01867688	0.8914253	21.89822	198.096	611.8877	918.6042	1062.313	1169.41	1272.47	1374.566	1476.125	1577.328	1678.281	1779.051	1879.681	1980.2	2080.63
135.85	2.964357E-08	3.144838E-06	0.0002736147	0.01902561	0.9097072	22.38585	202.1025	618.8886	921.3279	1062.624	1169.419	1272.465	1374.561	1476.121	1577.325	1678.278	1779.049	1879.679	1980.199	2080.628
136.5	3.010173E-08	3.195591E-06	0.0002782683	0.01937284	0.9279236	22.87174	206.0703	625.6642	923.8503	1062.894	1169.426	1272.459	1374.556	1476.117	1577.321	1678.276	1779.046	1879.677	1980.197	2080.626
137.15	3.05569E-08	3.246053E-06	0.0002828985	0.01971859	0.9460747	23.35588	209.9998	632.2218	926.1862	1063.129	1169.43	1272.454	1374.552	1476.113	1577.318	1678.273	1779.044	1879.675	1980.195	2080.625
137.8	3.10091E-08	3.296224E-06	0.0002875057	0.02006286	0.9641608	23.83829	213.8912	638.5681	928.3492	1063.333	1169.432	1272.448	1374.547	1476.109	1577.315	1678.27	1779.042	1879.673	1980.193	2080.624
138.45	3.145833E-08	3.346108E-06	0.0002920898	0.02040566	0.9821821	24.31896	217.7449	644.7099	930.3522	1063.51	1169.432	1272.443	1374.542	1476.105	1577.311	1678.267	1779.039	1879.671	1980.192	2080.622
139.1	3.190464E-08	3.395705E-06	0.000296651	0.020747	1.000139	24.7979	221.5612	650.6537	932.2069	1063.662	1169.43	1272.437	1374.537	1476.101	1577.308	1678.264	1779.037	1879.669	1980.19	2080.62
139.75	3.234803E-08	3.445017E-06	0.0003011895	0.02108688	1.018031	25.27511	225.3405	656.4059	933.9241	1063.795	1169.428	1272.431	1374.532	1476.097	1577.305	1678.261	1779.034	1879.667	1980.188	2080.619
140.4	3.278852E-08	3.494046E-06	0.0003057052	0.0214253	1.03586	25.7506	229.0829	661.9725	935.514	1063.909	1169.425	1272.425	1374.528	1476.093	1577.301	1678.259	1779.032	1879.665	1980.186	2080.617
141.05	3.322613E-08	3.542792E-06	0.0003101984	0.02176228	1.053624	26.22437	232.789	667.3594	936.986	1064.007	1169.421	1272.419	1374.523	1476.089	1577.298	1678.256	1779.029	1879.662	1980.184	2080.616
141.7	3.366088E-08	3.591259E-06	0.0003146692	0.02209782	1.071325	26.69643	236.459	672.5726	938.3486	1064.092	1169.416	1272.414	1374.518	1476.085	1577.294	1678.253	1779.027	1879.66	1980.183	2080.615
142.35	3.409279E-08	3.639448E-06	0.0003191176	0.02243192	1.088962	27.16678	240.0932	677.6174	939.61	1064.165	1169.411	1272.408	1374.513	1476.081	1577.291	1678.25	1779.024	1879.658	1980.181	2080.613
143	3.452187E-08	3.687359E-06	0.0003235437	0.0227646	1.106536	27.63543	243.692	682.4994	940.7776	1064.227	1169.405	1272.402	1374.508	1476.077	1577.288	1678.247	1779.022	1879.656	1980.179	2080.611
143.65	3.494815E-08	3.734996E-06	0.0003279478	0.02309585	1.124047	28.10239	247.2558	687.2236	941.8583	1064.28	1169.399	1272.396	1374.504	1476.073	1577.284	1678.244	1779.02	1879.654	1980.177	2080.61
144.3	3.537165E-08	3.782358E-06	0.0003323299	0.02342569	1.141496	28.56765	250.7848	691.7953	942.8586	1064.325	1169.393	1272.39	1374.499	1476.069	1577.281	1678.241	1779.017	1879.652	1980.176	2080.608
144.95	3.579238E-08	3.829448E-06	0.00033669	0.02375412	1.158882	29.03123	254.2793	696.2193	943.7842	1064.363	1169.387	1272.384	1374.494	1476.065	1577.278	1678.239	1779.015	1879.65	1980.174	2080.607
145.6	3.621036E-08	3.876268E-06	0.0003410284	0.02408115	1.176205	29.49314	257.7397	700.5003	944.6408	1064.395	1169.38	1272.379	1374.489	1476.061	1577.274	1678.236	1779.012	1879.648	1980.172	2080.605
146.25	3.66256E-08	3.922819E-06	0.0003453451	0.02440678	1.193467	29.95337	261.1664	704.6429	945.4334	1064.422	1169.374	1272.373	1374.484	1476.057	1577.271	1678.233	1779.01	1879.646	1980.17	2080.604
146.9	3.703814E-08	3.969103E-06	0.0003496402	0.02473102	1.210667	30.41193	264.5596	708.6517	946.1667	1064.444	1169.367	1272.367	1374.48	1476.053	1577.267	1678.23	1779.007	1879.644	1980.168	2080.602
147.55	3.744798E-08	4.01512E-06	0.0003539139	0.02505387	1.227805	30.86883	267.9197	712.5308	946.8451	1064.462	1169.36	1272.361	1374.475	1476.049	1577.264	1678.227	1779.005	1879.642	1980.167	2080.601
148.2	3.785513E-08	4.060873E-06	0.0003581662	0.02537534	1.244881	31.32407	271.2469	716.2844	947.4726	1064.477	1169.353	1272.355	1374.47	1476.045	1577.261	1678.224	1779.003	1879.64	1980.165	2080.599
148.85	3.825963E-08	4.106363E-06	0.0003623973	0.02569544	1.261897	31.77767	274.5417	719.9167	948.0529	1064.489	1169.346	1272.349	1374.465	1476.041	1577.257	1678.221	1779	1879.638	1980.163	2080.598
149.5	3.866149E-08	4.151592E-06	0.0003666072	0.02601417	1.278851	32.22962	277.8043	723.4315	948.5897	1064.498	1169.339	1272.343	1374.46	1476.037	1577.254	1678.219	1778.998	1879.635	1980.161	2080.596
150.15	3.906072E-08	4.196561E-06	0.0003707961	0.02633153	1.295745	32.67993	281.0349	726.8325	949.0859	1064.504	1169.332	1272.338	1374.456	1476.033	1577.251	1678.216	1778.995	1879.633	1980.16	2080.595
150.8	3.945733E-08	4.241271E-06	0.000374964	0.02664755	1.312578	33.12861	284.2341	730.1235	949.5447	1064.509	1169.325	1272.332	1374.451	1476.029	1577.247	1678.213	1778.993	1879.631	1980.158	2080.593
151.45	3.985136E-08	4.285725E-06	0.0003791112	0.02696221	1.329351	33.57567	287.4019	733.308	949.9688	1064.511	1169.317	1272.326	1374.446	1476.025	1577.244	1678.21	1778.99	1879.629	1980.156	2080.592
152.1	4.024281E-08	4.329923E-06	0.0003832376	0.02727553	1.346063	34.0211	290.5388	736.3893	950.3607	1064.513	1169.31	1272.32	1374.441	1476.021	1577.241	1678.207	1778.988	1879.627	1980.154	2080.59
152.75	4.06317E-08	4.373867E-06	0.0003873433	0.0275875	1.362716	34.46492	293.645	739.371	950.7228	1064.513	1169.303	1272.314	1374.436	1476.017	1577.237	1678.204	1778.986	1879.625	1980.152	2080.589
153.4	4.101805E-08	4.417559E-06	0.0003914286	0.02789815	1.379309	34.90713	296.7209	742.256	951.0574	1064.511	1169.296	1272.308	1374.432	1476.013	1577.234	1678.201	1778.983	1879.623	1980.151	2080.587
154.05	4.140188E-08	4.461E-06	0.0003954935	0.02820746	1.395843	35.34773	299.7666	745.0476	951.3664	1064.509	1169.288	1272.302	1374.427	1476.009	1577.23	1678.199	1778.981	1879.621	1980.149	2080.586
154.7	4.17832E-08	4.504191E-06	0.0003995381	0.02851546	1.412317	35.78674	302.7826	747.7488	951.6517	1064.506	1169.281	1272.296	1374.422	1476.005	1577.227	1678.196	1778.978	1879.619	1980.147	2080.584
155.35	4.216202E-08	4.547134E-06	0.0004035624	0.02882214	1.428733	36.22416	305.7691	750.3624	951.9151	1064.502	1169.274	1272.291	1374.417	1476.001	1577.224	1678.193	1778.976	1879.617	1980.145	2080.583
156	4.253837E-08	4.58983E-06	0.0004075666	0.0291275	1.445089	36.65998	308.7264	752.8913	952.1581	1064.497	1169.267	1272.285	1374.412	1475.997	1577.22	1678.19	1778.973	1879.615	1980.144	2080.581
156.65	4.291227E-08	4.632282E-06	0.0004115509	0.02943156	1.461387	37.09423	311.6548	755.3382	952.3824	1064.491	1169.259	1272.279	1374.407	1475.993	1577.217	1678.187	1778.971	1879.613	1980.142	2080.58
157.3	4.328371E-08	4.674489E-06	0.0004155152	0.02973433	1.477626	37.52691	314.5545	757.7058	952.5892	1064.486	1169.252	1272.273	1374.403	1475.989	1577.214	1678.184	1778.969	1879.611	1980.14	2080.578
157.95	4.365273E-08	4.716453E-06	0.0004194597	0.0300358	1.493808	37.95801	317.4259	759.9966	952.7798	1064.479	1169.245	1272.267	1374.398	1475.985	1577.21	1678.182	1778.966	1879.609	1980.138	2080.576
158.6	4.401934E-08	4.758177E-06	0.0004233845	0.03033598	1.509931	38.38755	320.2691	762.213	952.9555	1064.473	1169.237	1272.261	1374.393	1475.981	1577.207	1678.179	1778.964	1879.606	1980.136	2080.575
159.25	4.438355E-08	4.79966E-06	0.0004272897	0.03063487	1.525996	38.81553	323.0846	764.3575	953.1173	1064.466	1169.23	1272.255	1374.388	1475.977	1577.204	1678.176	1778.961	1879.604	1980.135	2080.573
159.9	4.474538E-08	4.840906E-06	0.0004311754	0.0309325	1.542004	39.24196	325.8725	766.4325	953.2663	1064.458	1169.223	1272.25	1374.384	1475.973	1577.2	1678.173	1778.959	1879.602	1980.133	2080.572
160.55	4.510485E-08	4.881914E-06	0.0004350416	0.03122884	1.557955	39.66684	328.6331	768.44	953.4034	1064.451	1169.215	1272.244	1374.379	1475.969	1577.197	1678.17	1778.956	1879.6	1980.131	2080.571
161.2	4.546197E-08	4.922686E-06	0.0004388886	0.03152392	1.573848	40.09018	331.3667	770.3824	953.5295	1064.443	1169.208	1272.238	1374.374	1475.965	1577.193	1678.167	1778.954	1879.598	1980.129	2080.569
161.85	4.581675E-08	4.963225E-06	0.0004427163	0.03181775	1.589684	40.51199	334.0735	772.2616	953.6453	1064.435	1169.201	1272.232	1374.369	1475.961	1577.19	1678.164	1778.952	1879.596	1980.128	2080.567
162.5	4.616922E-08	5.003531E-06	0.0004465249	0.03211031	1.605464	40.93226	336.7539	774.0798	953.7517	1064.427	1169.193	1272.226	1374.364	1475.957	1577.187	1678.161	1778.949	1879.594	1980.126	2080.566
163.15	4.651938E-08	5.043605E-06	0.0004503145	0.03240163	1.621187	41.35101	339.408	775.8389	953.8494	1064.418	1169.186	1272.22	1374.359	1475.953	1577.183	1678.159	1778.947	1879.592	1980.124	2080.564
163.8	4.686725E-08	5.083448E-06	0.0004540851	0.03269169	1.636853	41.76824	342.0361	777.5407	953.9388	1064.41	1169.179	1272.214	1374.355	1475.949	1577.18	1678.156	1778.944	1879.59	1980.122	2080.563
164.45	4.721285E-08	5.123063E-06	0.0004578369	0.03298052	1.652464	42.18395	344.6385	779.1873	954.0209	1064.401	1169.172	1272.208	1374.35	1475.945	1577.177	1678.153	1778.942	1879.588	1980.121	2080.561
165.1	4.755619E-08	5.16245E-06	0.0004615699	0.03326812	1.668018	42.59816	347.2155	780.7802	954.0959	1064.392	1169.164	1272.203	1374.345	1475.941	1577.173	1678.15	1778.939	1879.586	1980.119	2080.56
165.75	4.789729E-08	5.201611E-06	0.0004652843	0.03355449	1.683517	43.01086	349.7672	782.3212	954.1645	1064.384	1169.157	1272.197	1374.34	1475.937	1577.17	1678.147	1778.937	1879.584	1980.117	2080.558
166.4	4.823615E-08	5.240547E-06	0.0004689801	0.03383963	1.69896	43.42207	352.2939	783.8121	954.2271	1064.375	1169.15	1272.191	1374.335	1475.933	1577.167	1678.144	1778.935	1879.582	1980.115	2080.557
167.05	4.857281E-08	5.279259E-06	0.0004726575	0.03412355	1.714348	43.83178	354.7958	785.2545	954.2842	1064.366	1169.142	1272.185	1374.331	1475.929	1577.163	1678.141	1778.932	1879.579	1980.114	2080.555
167.7	4.890726E-08	5.317749E-06	0.0004763165	0.03440626	1.729681	44.24001	357.2733	786.6498	954.3361	1064.357	1169.135	1272.179	1374.326	1475.925	1577.16	1678.139	1778.93	1879.577	1980.112	2080.554
168.35	4.923952E-08	5.356017E-06	0.0004799572	0.03468776	1.744959	44.64675	359.7264	787.9996	954.3834	1064.348	1169.128	1272.173	1374.321	1475.921	1577.156	1678.136	1778.927	1879.575	1980.11	2080.552
169	4.956962E-08	5.394066E-06	0.0004835797	0.03496806	1.760182	45.05201	362.1556	789.3054	954.4261	1064.339	1169.12	1272.167	1374.316	1475.917	1577.153	1678.133	1778.925	1879.573	1980.108	2080.551
169.65	4.989756E-08	5.431896E-06	0.0004871841	0.03524716	1.77535	45.45581	364.5609	790.5687	954.4648	1064.329	1169.113	1272.161	1374.311	1475.913	1577.15	1678.13	1778.922	1879.571	1980.106	2080.549
170.3	5.022335E-08	5.469509E-06	0.0004907705	0.03552507	1.790464	45.85814	366.9427	791.7906	954.4998	1064.32	1169.106	1272.156	1374.307	1475.909	1577.146	1678.127	1778.92	1879.569	1980.105	2080.548
170.95	5.054702E-08	5.506905E-06	0.000494339	0.03580179	1.805524	46.25901	369.3012	792.9727	954.5313	1064.311	1169.098	1272.15	1374.302	1475.905	1577.143	1678.124	1778.917	1879.567	1980.103	2080.546
171.6	5.086857E-08	5.544087E-06	0.0004978896	0.03607733	1.82053	46.65842	371.6365	794.1161	954.5594	1064.302	1169.091	1272.144	1374.297	1475.901	1577.14	1678.122	1778.915	1879.565	1980.101	2080.545
172.25	5.118802E-08	5.581055E-06	0.0005014226	0.03635169	1.835482	47.05639	373.9489	795.2222	954.5847	1064.293	1169.084	1272.138	1374.292	1475.897	1577.136	1678.119	1778.913	1879.563	1980.099	2080.543
172.9	5.150538E-08	5.617811E-06	0.0005049378	0.03662487	1.85038	47.4529	376.2387	796.2921	954.6071	1064.283	1169.076	1272.132	1374.287	1475.893	1577.133	1678.116	1778.91	1879.561	1980.098	2080.542
173.55	5.182067E-08	5.654355E-06	0.0005084355	0.03689689	1.865225	47.84798	378.5061	797.3269	954.627	1064.274	1169.069	1272.126	1374.283	1475.889	1577.13	1678.113	1778.908	1879.559	1980.096	2080.54
174.2	5.213389E-08	5.69069E-06	0.0005119157	0.03716775	1.880017	48.24163	380.7512	798.3279	954.6444	1064.265	1169.062	1272.12	1374.278	1475.885	1577.126	1678.11	1778.905	1879.557	1980.094	2080.539
174.85	5.244507E-08	5.726815E-06	0.0005153785	0.03743745	1.894755	48.63384	382.9743	799.2961	954.6597	1064.255	1169.054	1272.115	1374.273	1475.881	1577.123	1678.107	1778.903	1879.555	1980.092	2080.537
175.5	5.275422E-08	5.762734E-06	0.000518824	0.037706	1.909441	49.02463	385.1756	800.2325	954.6729	1064.246	1169.047	1272.109	1374.268	1475.877	1577.12	1678.104	1778.901	1879.552	1980.09	2080.536
176.15	5.306134E-08	5.798445E-06	0.0005222523	0.03797339	1.924075	49.414	387.3553	801.1383	954.6841	1064.237	1169.04	1272.103	1374.263	1475.873	1577.116	1678.102	1778.898	1879.55	1980.089	2080.534
176.8	5.336646E-08	5.833952E-06	0.0005256635	0.03823965	1.938655	49.80196	389.5136	802.0143	954.6937	1064.227	1169.032	1272.097	1374.259	1475.869	1577.113	1678.099	1778.896	1879.548	1980.087	2080.532
177.45	5.366958E-08	5.869254E-06	0.0005290576	0.03850476	1.953184	50.1885	391.6508	802.8616	954.7017	1064.218	1169.025	1272.091	1374.254	1475.865	1577.109	1678.096	1778.893	1879.546	1980.085	2080.531
178.1	5.397073E-08	5.904354E-06	0.0005324348	0.03876875	1.96766	50.57365	393.767	803.681	954.7081	1064.209	1169.018	1272.085	1374.249	1475.861	1577.106	1678.093	1778.891	1879.544	1980.083	2080.53
178.75	5.42699E-08	5.939252E-06	0.0005357951	0.0390316	1.982085	50.95739	395.8625	804.4734	954.7131	1064.199	1169.01	1272.079	1374.244	1475.857	1577.103	1678.09	1778.888	1879.542	1980.082	2080.528
179.4	5.456712E-08	5.97395E-06	0.0005391386	0.03929334	1.996457	51.33974	397.9373	805.2398	954.7168	1064.19	1169.003	1272.073	1374.239	1475.853	1577.099	1678.087	1778.886	1879.54	1980.08	2080.526
180.05	5.486239E-08	6.008448E-06	0.0005424654	0.03955395	2.010778	51.7207	399.9919	805.9809	954.7193	1064.181	1168.996	1272.068	1374.235	1475.849	1577.096	1678.084	1778.884	1879.538	1980.078	2080.525
180.7	5.515574E-08	6.042748E-06	0.0005457755	0.03981345	2.025048	52.10028	402.0262	806.6976	954.7208	1064.171	1168.988	1272.062	1374.23	1475.845	1577.093	1678.082	1778.881	1879.536	1980.076	2080.523
181.35	5.544717E-08	6.076851E-06	0.0005490692	0.04007184	2.039267	52.47848	404.0406	807.3907	954.7211	1064.162	1168.981	1272.056	1374.225	1475.841	1577.089	1678.079	1778.879	1879.534	1980.074	2080.522
182	5.57367E-08	6.110758E-06	0.0005523463	0.04032912	2.053435	52.8553	406.0353	808.0609	954.7206	1064.152	1168.974	1272.05	1374.22	1475.837	1577.086	1678.076	1778.876	1879.532	1980.073	2080.521
182.65	5.602433E-08	6.14447E-06	0.0005556071	0.04058531	2.067552	53.23075	408.0103	808.7089	954.7191	1064.143	1168.966	1272.044	1374.215	1475.833	1577.083	1678.073	1778.874	1879.53	1980.071	2080.519
183.3	5.631008E-08	6.177988E-06	0.0005588516	0.0408404	2.081618	53.60484	409.966	809.3356	954.7169	1064.134	1168.959	1272.038	1374.211	1475.829	1577.079	1678.07	1778.871	1879.528	1980.069	2080.517
183.95	5.659397E-08	6.211314E-06	0.0005620799	0.0410944	2.095634	53.97757	411.9025	809.9415	954.7138	1064.124	1168.952	1272.032	1374.206	1475.825	1577.076	1678.067	1778.869	1879.526	1980.067	2080.516
184.6	5.6876E-08	6.244449E-06	0.0005652921	0.04134732	2.109599	54.34895	413.8199	810.5273	954.7101	1064.115	1168.944	1272.027	1374.201	1475.821	1577.072	1678.065	1778.866	1879.523	1980.066	2080.514
185.25	5.715619E-08	6.277392E-06	0.0005684881	0.04159915	2.123515	54.71898	415.7186	811.0936	954.7057	1064.106	1168.937	1272.021	1374.196	1475.817	1577.069	1678.062	1778.864	1879.521	1980.064	2080.513
185.9	5.743454E-08	6.310147E-06	0.0005716683	0.04184991	2.13738	55.08766	417.5985	811.6412	954.7007	1064.096	1168.93	1272.015	1374.191	1475.813	1577.066	1678.059	1778.862	1879.519	1980.062	2080.511
186.55	5.771108E-08	6.342714E-06	0.0005748325	0.0420996	2.151196	55.455	419.4601	812.1707	954.6952	1064.087	1168.923	1272.009	1374.187	1475.809	1577.062	1678.056	1778.859	1879.517	1980.06	2080.51
187.2	5.798581E-08	6.375093E-06	0.000577981	0.04234821	2.164962	55.82101	421.3033	812.6824	954.6891	1064.077	1168.915	1272.003	1374.182	1475.805	1577.059	1678.053	1778.857	1879.515	1980.058	2080.508
187.85	5.825874E-08	6.407286E-06	0.0005811137	0.04259577	2.178679	56.18568	423.1284	813.1772	954.6826	1064.068	1168.908	1271.997	1374.177	1475.801	1577.056	1678.05	1778.854	1879.513	1980.057	2080.507
188.5	5.852989E-08	6.439295E-06	0.0005842307	0.04284227	2.192347	56.54903	424.9356	813.6554	954.6757	1064.059	1168.901	1271.991	1374.172	1475.797	1577.052	1678.047	1778.852	1879.511	1980.055	2080.505
189.15	5.879927E-08	6.471119E-06	0.0005873322	0.04308771	2.205966	56.91106	426.725	814.1177	954.6683	1064.049	1168.893	1271.985	1374.167	1475.793	1577.049	1678.045	1778.849	1879.509	1980.053	2080.504
189.8	5.906688E-08	6.502761E-06	0.0005904182	0.0433321	2.219536	57.27177	428.4969	814.5646	954.6605	1064.04	1168.886	1271.98	1374.163	1475.789	1577.046	1678.042	1778.847	1879.507	1980.051	2080.502
190.45	5.933275E-08	6.53422E-06	0.0005934887	0.04357545	2.233057	57.63118	430.2513	814.9965	954.6523	1064.03	1168.879	1271.974	1374.158	1475.785	1577.042	1678.039	1778.845	1879.505	1980.05	2080.501
191.1	5.959689E-08	6.565499E-06	0.0005965439	0.04381777	2.246529	57.98927	431.9885	815.4139	954.6439	1064.021	1168.871	1271.968	1374.153	1475.781	1577.039	1678.036	1778.842	1879.503	1980.048	2080.499
191.75	5.985929E-08	6.596599E-06	0.0005995838	0.04405904	2.259954	58.34606	433.7086	815.8173	954.6352	1064.012	1168.864	1271.962	1374.148	1475.777	1577.035	1678.033	1778.84	1879.501	1980.046	2080.498
192.4	6.011998E-08	6.627519E-06	0.0006026086	0.04429928	2.27333	58.70156	435.4117	816.2072	954.6262	1064.002	1168.857	1271.956	1374.143	1475.773	1577.032	1678.03	1778.837	1879.499	1980.044	2080.496
193.05	6.037897E-08	6.658262E-06	0.0006056182	0.0445385	2.286658	59.05576	437.0982	816.5839	954.6169	1063.993	1168.849	1271.95	1374.139	1475.769	1577.029	1678.027	1778.835	1879.496	1980.042	2080.495
193.7	6.063626E-08	6.688828E-06	0.0006086128	0.04477669	2.299939	59.40868	438.7681	816.9479	954.6074	1063.983	1168.842	1271.944	1374.134	1475.765	1577.025	1678.025	1778.833	1879.494	1980.041	2080.493
194.35	6.089187E-08	6.719219E-06	0.0006115924	0.04501386	2.313171	59.7603	440.4215	817.2997	954.5976	1063.974	1168.835	1271.939	1374.129	1475.761	1577.022	1678.022	1778.83	1879.492	1980.039	2080.492
195	6.114581E-08	6.749435E-06	0.0006145572	0.04525002	2.326357	60.11066	442.0587	817.6396	954.5876	1063.965	1168.827	1271.933	1374.124	1475.757	1577.019	1678.019	1778.828	1879.49	1980.037	2080.49
195.65	6.139809E-08	6.779477E-06	0.0006175071	0.04548518	2.339495	60.45974	443.6797	817.968	954.5775	1063.955	1168.82	1271.927	1374.119	1475.753	1577.015	1678.016	1778.825	1879.488	1980.035	2080.489
196.3	6.164872E-08	6.809347E-06	0.0006204423	0.04571932	2.352586	60.80754	445.2848	818.2853	954.5671	1063.946	1168.813	1271.921	1374.115	1475.749	1577.012	1678.013	1778.823	1879.486	1980.034	2080.487
196.95	6.189772E-08	6.839045E-06	0.0006233628	0.04595247	2.36563	61.15409	446.8741	818.5917	954.5567	1063.936	1168.805	1271.915	1374.11	1475.745	1577.009	1678.01	1778.82	1879.484	1980.032	2080.486
197.6	6.214508E-08	6.868573E-06	0.0006262687	0.04618462	2.378627	61.49937	448.4478	818.8878	954.546	1063.927	1168.798	1271.909	1374.105	1475.741	1577.005	1678.007	1778.818	1879.482	1980.03	2080.484
198.25	6.239083E-08	6.89793E-06	0.0006291601	0.04641577	2.391577	61.8434	450.006	819.1737	954.5353	1063.918	1168.791	1271.903	1374.1	1475.737	1577.002	1678.005	1778.815	1879.48	1980.028	2080.483
198.9	6.263498E-08	6.92712E-06	0.0006320371	0.04664594	2.404481	62.18617	451.5488	819.4499	954.5244	1063.908	1168.783	1271.898	1374.095	1475.733	1576.998	1678.002	1778.813	1879.478	1980.027	2080.481
199.55	6.287753E-08	6.956141E-06	0.0006348997	0.04687513	2.417339	62.5277	453.0765	819.7166	954.5133	1063.899	1168.776	1271.892	1374.091	1475.729	1576.995	1677.999	1778.811	1879.476	1980.025	2080.479
200.2	6.311849E-08	6.984996E-06	0.0006377479	0.04710333	2.430151	62.86798	454.5891	819.9741	954.5022	1063.889	1168.769	1271.886	1374.086	1475.725	1576.992	1677.996	1778.808	1879.474	1980.023	2080.478
200.85	6.335788E-08	7.013684E-06	0.0006405819	0.04733056	2.442917	63.20703	456.0868	820.2228	954.491	1063.88	1168.762	1271.88	1374.081	1475.721	1576.988	1677.993	1778.806	1879.472	1980.021	2080.477
201.5	6.359571E-08	7.042208E-06	0.0006434018	0.04755682	2.455637	63.54484	457.5697	820.463	954.4796	1063.871	1168.754	1271.874	1374.076	1475.717	1576.985	1677.99	1778.803	1879.469	1980.02	2080.475
202.15	6.383198E-08	7.070569E-06	0.0006462076	0.0477821	2.468311	63.88142	459.0381	820.6948	954.4682	1063.861	1168.747	1271.868	1374.071	1475.713	1576.982	1677.988	1778.801	1879.467	1980.018	2080.473
202.8	6.40667E-08	7.098766E-06	0.0006489994	0.04800643	2.48094	64.21678	460.4919	820.9186	954.4567	1063.852	1168.74	1271.862	1374.067	1475.709	1576.978	1677.985	1778.798	1879.465	1980.016	2080.472
203.45	6.429989E-08	7.126801E-06	0.0006517772	0.0482298	2.493523	64.55092	461.9315	821.1347	954.4451	1063.842	1168.732	1271.857	1374.062	1475.705	1576.975	1677.982	1778.796	1879.463	1980.014	2080.47
204.1	6.453156E-08	7.154675E-06	0.0006545411	0.04845221	2.506061	64.88384	463.3568	821.3433	954.4334	1063.833	1168.725	1271.851	1374.057	1475.701	1576.972	1677.979	1778.794	1879.461	1980.012	2080.469
204.75	6.476171E-08	7.182389E-06	0.0006572912	0.04867368	2.518555	65.21555	464.7682	821.5445	954.4217	1063.824	1168.718	1271.845	1374.052	1475.697	1576.968	1677.976	1778.791	1879.459	1980.011	2080.467
205.4	6.499036E-08	7.209944E-06	0.0006600276	0.04889419	2.531003	65.54606	466.1656	821.7387	954.4099	1063.814	1168.71	1271.839	1374.047	1475.693	1576.965	1677.973	1778.789	1879.457	1980.009	2080.466
206.05	6.521752E-08	7.23734E-06	0.0006627503	0.04911377	2.543407	65.87536	467.5492	821.9261	954.3981	1063.805	1168.703	1271.833	1374.042	1475.689	1576.961	1677.97	1778.786	1879.455	1980.007	2080.464
206.7	6.544319E-08	7.264579E-06	0.0006654594	0.0493324	2.555767	66.20346	468.9192	822.1069	954.3862	1063.795	1168.696	1271.827	1374.038	1475.685	1576.958	1677.968	1778.784	1879.453	1980.005	2080.463
207.35	6.566739E-08	7.291661E-06	0.000668155	0.0495501	2.568082	66.53036	470.2756	822.2813	954.3743	1063.786	1168.688	1271.821	1374.033	1475.681	1576.955	1677.965	1778.781	1879.451	1980.004	2080.461
208	6.589011E-08	7.318588E-06	0.0006708371	0.04976687	2.580353	66.85608	471.6187	822.4496	954.3622	1063.777	1168.681	1271.815	1374.028	1475.677	1576.951	1677.962	1778.779	1879.449	1980.002	2080.46
208.65	6.611139E-08	7.34536E-06	0.0006735057	0.04998271	2.592579	67.18061	472.9485	822.6118	954.3502	1063.767	1168.674	1271.81	1374.023	1475.673	1576.948	1677.959	1778.777	1879.447	1980	2080.458
209.3	6.633122E-08	7.371978E-06	0.0006761611	0.05019763	2.604762	67.50396	474.2652	822.7683	954.3382	1063.758	1168.666	1271.804	1374.019	1475.669	1576.945	1677.956	1778.774	1879.445	1979.998	2080.457
209.95	6.654961E-08	7.398444E-06	0.0006788031	0.05041163	2.616901	67.82613	475.5689	822.9192	954.3261	1063.748	1168.659	1271.798	1374.014	1475.665	1576.941	1677.953	1778.772	1879.443	1979.996	2080.455
210.6	6.676657E-08	7.424757E-06	0.000681432	0.05062472	2.628997	68.14713	476.8598	823.0646	954.314	1063.739	1168.652	1271.792	1374.009	1475.661	1576.938	1677.95	1778.769	1879.44	1979.995	2080.454
211.25	6.698212E-08	7.450919E-06	0.0006840478	0.05083689	2.641049	68.46696	478.1379	823.2048	954.3018	1063.73	1168.645	1271.786	1374.004	1475.657	1576.935	1677.948	1778.767	1879.438	1979.993	2080.452
211.9	6.719625E-08	7.476931E-06	0.0006866504	0.05104816	2.653058	68.78562	479.4034	823.34	954.2896	1063.72	1168.637	1271.78	1373.999	1475.653	1576.931	1677.945	1778.764	1879.436	1979.991	2080.451
212.55	6.7409E-08	7.502793E-06	0.0006892401	0.05125852	2.665024	69.10313	480.6563	823.4702	954.2774	1063.711	1168.63	1271.774	1373.995	1475.649	1576.928	1677.942	1778.762	1879.434	1979.989	2080.449
213.2	6.762034E-08	7.528507E-06	0.0006918168	0.05146799	2.676947	69.41947	481.8969	823.5956	954.2651	1063.701	1168.623	1271.769	1373.99	1475.645	1576.924	1677.939	1778.76	1879.432	1979.988	2080.448
213.85	6.783031E-08	7.554072E-06	0.0006943807	0.05167656	2.688828	69.73467	483.1253	823.7166	954.2529	1063.692	1168.615	1271.763	1373.985	1475.641	1576.921	1677.936	1778.757	1879.43	1979.986	2080.446
214.5	6.80389E-08	7.579491E-06	0.0006969317	0.05188424	2.700665	70.04871	484.3415	823.8329	954.2406	1063.683	1168.608	1271.757	1373.98	1475.637	1576.918	1677.933	1778.755	1879.428	1979.984	2080.445
215.15	6.824614E-08	7.604765E-06	0.0006994699	0.05209102	2.71246	70.36162	485.5457	823.9451	954.2283	1063.673	1168.601	1271.751	1373.975	1475.633	1576.914	1677.931	1778.752	1879.426	1979.982	2080.443
215.8	6.845201E-08	7.629892E-06	0.0007019956	0.05229693	2.724213	70.67338	486.738	824.053	954.216	1063.664	1168.593	1271.745	1373.971	1475.629	1576.911	1677.928	1778.75	1879.424	1979.98	2080.442
216.45	6.865654E-08	7.654876E-06	0.0007045085	0.05250196	2.735924	70.98401	487.9185	824.1569	954.2037	1063.654	1168.586	1271.739	1373.966	1475.625	1576.908	1677.925	1778.747	1879.422	1979.979	2080.44
217.1	6.885973E-08	7.679715E-06	0.0007070089	0.05270611	2.747592	71.2935	489.0873	824.2568	954.1913	1063.645	1168.579	1271.733	1373.961	1475.621	1576.904	1677.922	1778.745	1879.42	1979.977	2080.439
217.75	6.90616E-08	7.704412E-06	0.0007094968	0.05290938	2.759219	71.60187	490.2446	824.353	954.179	1063.636	1168.571	1271.728	1373.956	1475.617	1576.901	1677.919	1778.743	1879.418	1979.975	2080.437
218.4	6.926215E-08	7.728968E-06	0.0007119724	0.05311179	2.770804	71.90912	491.3904	824.4456	954.1666	1063.626	1168.564	1271.722	1373.951	1475.613	1576.898	1677.916	1778.74	1879.416	1979.973	2080.436
219.05	6.946139E-08	7.753381E-06	0.0007144355	0.05331333	2.782347	72.21524	492.5249	824.5346	954.1542	1063.617	1168.557	1271.716	1373.947	1475.609	1576.894	1677.913	1778.738	1879.413	1979.972	2080.434
219.7	6.965932E-08	7.777656E-06	0.0007168863	0.05351401	2.793849	72.52025	493.6482	824.6202	954.1418	1063.607	1168.549	1271.71	1373.942	1475.605	1576.891	1677.911	1778.735	1879.411	1979.97	2080.433
220.35	6.985596E-08	7.80179E-06	0.0007193248	0.05371384	2.80531	72.82414	494.7603	824.7025	954.1294	1063.598	1168.542	1271.704	1373.937	1475.601	1576.887	1677.908	1778.733	1879.409	1979.968	2080.431
221	7.005131E-08	7.825785E-06	0.0007217512	0.0539128	2.816729	73.12693	495.8615	824.7815	954.117	1063.589	1168.535	1271.698	1373.932	1475.597	1576.884	1677.905	1778.73	1879.407	1979.966	2080.429
221.65	7.024539E-08	7.849643E-06	0.0007241655	0.05411092	2.828108	73.42862	496.9517	824.8574	954.1046	1063.579	1168.527	1271.692	1373.927	1475.593	1576.881	1677.902	1778.728	1879.405	1979.964	2080.428
222.3	7.04382E-08	7.873364E-06	0.0007265676	0.05430819	2.839446	73.7292	498.0312	824.9304	954.0921	1063.57	1168.52	1271.687	1373.922	1475.589	1576.877	1677.899	1778.726	1879.403	1979.963	2080.427
222.95	7.062975E-08	7.896948E-06	0.0007289578	0.05450462	2.850743	74.02869	499.0999	825.0004	954.0797	1063.561	1168.513	1271.681	1373.918	1475.585	1576.874	1677.896	1778.723	1879.401	1979.961	2080.425
223.6	7.082005E-08	7.920397E-06	0.000731336	0.0547002	2.861999	74.3271	500.1581	825.0676	954.0673	1063.551	1168.505	1271.675	1373.913	1475.581	1576.871	1677.893	1778.721	1879.399	1979.959	2080.424
224.25	7.10091E-08	7.943711E-06	0.0007337024	0.05489495	2.873215	74.6244	501.2058	825.1321	954.0548	1063.542	1168.498	1271.669	1373.908	1475.577	1576.867	1677.891	1778.718	1879.397	1979.957	2080.422
224.9	7.119692E-08	7.966891E-06	0.0007360569	0.05508887	2.884391	74.92063	502.2431	825.1939	954.0423	1063.532	1168.491	1271.663	1373.903	1475.573	1576.864	1677.888	1778.716	1879.395	1979.956	2080.42
225.55	7.138352E-08	7.989938E-06	0.0007383997	0.05528196	2.895526	75.21577	503.2701	825.2532	954.0298	1063.523	1168.484	1271.657	1373.899	1475.569	1576.861	1677.885	1778.714	1879.393	1979.954	2080.419
226.2	7.156889E-08	8.012853E-06	0.0007407307	0.05547422	2.906622	75.50985	504.287	825.3101	954.0174	1063.514	1168.476	1271.651	1373.894	1475.565	1576.857	1677.882	1778.711	1879.391	1979.952	2080.417
226.85	7.175305E-08	8.035636E-06	0.0007430501	0.05566566	2.917678	75.80284	505.2937	825.3644	954.0049	1063.504	1168.469	1271.646	1373.889	1475.562	1576.854	1677.879	1778.709	1879.389	1979.95	2080.416
227.5	7.193601E-08	8.058288E-06	0.0007453579	0.05585629	2.928694	76.09477	506.2905	825.4166	953.9924	1063.495	1168.462	1271.64	1373.884	1475.557	1576.85	1677.876	1778.706	1879.386	1979.949	2080.414
228.15	7.211776E-08	8.080809E-06	0.0007476542	0.05604609	2.939671	76.38564	507.2774	825.4665	953.98	1063.485	1168.454	1271.634	1373.879	1475.553	1576.847	1677.874	1778.704	1879.384	1979.947	2080.413
228.8	7.229834E-08	8.103201E-06	0.000749939	0.05623509	2.950608	76.67545	508.2545	825.5142	953.9675	1063.476	1168.447	1271.628	1373.875	1475.549	1576.844	1677.871	1778.701	1879.382	1979.945	2080.411
229.45	7.247773E-08	8.125465E-06	0.0007522124	0.05642328	2.961506	76.96419	509.2219	825.5598	953.955	1063.467	1168.44	1271.622	1373.87	1475.546	1576.84	1677.868	1778.699	1879.38	1979.943	2080.41
230.1	7.265595E-08	8.147601E-06	0.0007544744	0.05661066	2.972365	77.25188	510.1797	825.6034	953.9425	1063.457	1168.432	1271.616	1373.865	1475.542	1576.837	1677.865	1778.696	1879.378	1979.942	2080.408
230.75	7.2833E-08	8.16961E-06	0.0007567251	0.05679724	2.983185	77.53853	511.1279	825.645	953.93	1063.448	1168.425	1271.61	1373.86	1475.537	1576.834	1677.862	1778.694	1879.376	1979.94	2080.407
231.4	7.300891E-08	8.191491E-06	0.0007589646	0.05698303	2.993966	77.82413	512.0668	825.6847	953.9175	1063.438	1168.418	1271.604	1373.855	1475.534	1576.83	1677.859	1778.692	1879.374	1979.938	2080.405
232.05	7.318366E-08	8.213248E-06	0.0007611928	0.05716802	3.004708	78.10868	512.9963	825.7226	953.905	1063.429	1168.41	1271.599	1373.851	1475.53	1576.827	1677.856	1778.689	1879.372	1979.936	2080.404
232.7	7.335726E-08	8.23488E-06	0.0007634099	0.05735222	3.015412	78.3922	513.9166	825.7587	953.8925	1063.42	1168.403	1271.593	1373.846	1475.526	1576.824	1677.854	1778.687	1879.37	1979.934	2080.402
233.35	7.352973E-08	8.256387E-06	0.000765616	0.05753563	3.026078	78.67468	514.8278	825.7931	953.88	1063.41	1168.396	1271.587	1373.841	1475.522	1576.82	1677.851	1778.684	1879.368	1979.933	2080.401
234	7.370108E-08	8.27777E-06	0.0007678111	0.05771825	3.036705	78.95613	515.7299	825.8258	953.8675	1063.401	1168.388	1271.581	1373.836	1475.518	1576.817	1677.848	1778.682	1879.366	1979.931	2080.399
234.65	7.387131E-08	8.29903E-06	0.0007699951	0.0579001	3.047293	79.23656	516.623	825.8569	953.855	1063.391	1168.381	1271.575	1373.831	1475.514	1576.813	1677.845	1778.679	1879.364	1979.929	2080.398
235.3	7.404041E-08	8.320168E-06	0.0007721683	0.05808117	3.057844	79.51596	517.5073	825.8864	953.8425	1063.382	1168.374	1271.569	1373.827	1475.51	1576.81	1677.842	1778.677	1879.362	1979.927	2080.396
235.95	7.420842E-08	8.341186E-06	0.0007743306	0.05826147	3.068357	79.79434	518.3828	825.9144	953.83	1063.373	1168.367	1271.563	1373.822	1475.506	1576.807	1677.839	1778.675	1879.359	1979.926	2080.395
236.6	7.437533E-08	8.362082E-06	0.000776482	0.05844099	3.078833	80.07171	519.2496	825.941	953.8174	1063.363	1168.359	1271.558	1373.817	1475.502	1576.803	1677.836	1778.672	1879.357	1979.924	2080.393
237.25	7.454115E-08	8.382858E-06	0.0007786228	0.05861974	3.08927	80.34806	520.1077	825.9661	953.8049	1063.354	1168.352	1271.552	1373.812	1475.498	1576.8	1677.834	1778.67	1879.355	1979.922	2080.392
237.9	7.470588E-08	8.403515E-06	0.0007807528	0.05879774	3.09967	80.62341	520.9573	825.9899	953.7924	1063.344	1168.345	1271.546	1373.807	1475.494	1576.797	1677.831	1778.667	1879.353	1979.92	2080.39
238.55	7.486954E-08	8.424053E-06	0.0007828722	0.05897496	3.110033	80.89775	521.7984	826.0123	953.7799	1063.335	1168.337	1271.54	1373.803	1475.49	1576.793	1677.828	1778.665	1879.351	1979.918	2080.389
239.2	7.503213E-08	8.444473E-06	0.0007849809	0.05915144	3.120359	81.17109	522.6312	826.0335	953.7674	1063.326	1168.33	1271.534	1373.798	1475.486	1576.79	1677.825	1778.662	1879.349	1979.917	2080.387
239.85	7.519365E-08	8.464775E-06	0.0007870792	0.05932716	3.130647	81.44343	523.4556	826.0534	953.7549	1063.316	1168.323	1271.528	1373.793	1475.482	1576.787	1677.822	1778.66	1879.347	1979.915	2080.385
240.5	7.535412E-08	8.484962E-06	0.000789167	0.05950212	3.140899	81.71478	524.2719	826.0721	953.7424	1063.307	1168.315	1271.522	1373.788	1475.478	1576.783	1677.819	1778.658	1879.345	1979.913	2080.384
241.15	7.551355E-08	8.505031E-06	0.0007912443	0.05967634	3.151114	81.98513	525.08	826.0897	953.7299	1063.297	1168.308	1271.517	1373.783	1475.474	1576.78	1677.817	1778.655	1879.343	1979.911	2080.383
241.8	7.567193E-08	8.524987E-06	0.0007933113	0.05984981	3.161292	82.25449	525.8801	826.1061	953.7173	1063.288	1168.301	1271.511	1373.779	1475.47	1576.777	1677.814	1778.653	1879.341	1979.91	2080.381
242.45	7.582927E-08	8.544826E-06	0.0007953679	0.06002254	3.171433	82.52288	526.6721	826.1215	953.7048	1063.279	1168.293	1271.505	1373.774	1475.466	1576.773	1677.811	1778.65	1879.339	1979.908	2080.38
243.1	7.598558E-08	8.564552E-06	0.0007974142	0.06019454	3.181538	82.79028	527.4563	826.1357	953.6923	1063.269	1168.286	1271.499	1373.769	1475.462	1576.77	1677.808	1778.648	1879.337	1979.906	2080.378
243.75	7.614088E-08	8.584166E-06	0.0007994503	0.06036579	3.191607	83.05671	528.2327	826.149	953.6797	1063.26	1168.279	1271.493	1373.764	1475.458	1576.766	1677.805	1778.646	1879.335	1979.904	2080.376
244.4	7.629516E-08	8.603665E-06	0.0008014763	0.06053632	3.20164	83.32217	529.0013	826.1613	953.6672	1063.251	1168.271	1271.487	1373.759	1475.454	1576.763	1677.802	1778.643	1879.333	1979.902	2080.375
245.05	7.644843E-08	8.623053E-06	0.0008034921	0.06070611	3.211637	83.58665	529.7622	826.1726	953.6547	1063.241	1168.264	1271.481	1373.755	1475.45	1576.76	1677.799	1778.641	1879.33	1979.901	2080.374
245.7	7.66007E-08	8.64233E-06	0.0008054978	0.06087518	3.221597	83.85017	530.5156	826.183	953.6422	1063.232	1168.257	1271.476	1373.75	1475.446	1576.756	1677.797	1778.638	1879.328	1979.899	2080.372
246.35	7.675197E-08	8.661495E-06	0.0008074936	0.06104353	3.231522	84.11272	531.2614	826.1925	953.6297	1063.222	1168.25	1271.47	1373.745	1475.442	1576.753	1677.794	1778.636	1879.326	1979.897	2080.37
247	7.690226E-08	8.680551E-06	0.0008094793	0.06121116	3.241412	84.37432	531.9998	826.2011	953.6172	1063.213	1168.242	1271.464	1373.74	1475.438	1576.75	1677.791	1778.633	1879.324	1979.895	2080.369
247.65	7.705156E-08	8.699498E-06	0.0008114551	0.06137807	3.251265	84.63496	532.7308	826.2089	953.6047	1063.204	1168.235	1271.458	1373.735	1475.434	1576.746	1677.788	1778.631	1879.322	1979.894	2080.367
248.3	7.719989E-08	8.718334E-06	0.000813421	0.06154426	3.261084	84.89465	533.4545	826.2159	953.5921	1063.194	1168.228	1271.452	1373.731	1475.43	1576.743	1677.785	1778.628	1879.32	1979.892	2080.366
248.95	7.734725E-08	8.737064E-06	0.0008153772	0.06170975	3.270867	85.15338	534.1709	826.2221	953.5796	1063.185	1168.22	1271.446	1373.726	1475.426	1576.74	1677.782	1778.626	1879.318	1979.89	2080.365
249.6	7.749364E-08	8.755685E-06	0.0008173235	0.06187453	3.280615	85.41118	534.8802	826.2275	953.5671	1063.176	1168.213	1271.44	1373.721	1475.422	1576.736	1677.779	1778.624	1879.316	1979.888	2080.363
250.25	7.763908E-08	8.7742E-06	0.0008192601	0.0620386	3.290328	85.66803	535.5824	826.2322	953.5546	1063.166	1168.206	1271.435	1373.716	1475.418	1576.733	1677.777	1778.621	1879.314	1979.887	2080.361
250.9	7.778357E-08	8.792607E-06	0.000821187	0.06220197	3.300006	85.92394	536.2776	826.2363	953.5421	1063.157	1168.198	1271.429	1373.711	1475.414	1576.729	1677.774	1778.619	1879.312	1979.885	2080.36
251.55	7.79271E-08	8.81091E-06	0.0008231043	0.06236465	3.309649	86.17892	536.9658	826.2396	953.5295	1063.147	1168.191	1271.423	1373.707	1475.41	1576.726	1677.771	1778.616	1879.31	1979.883	2080.358
252.2	7.806971E-08	8.829107E-06	0.000825012	0.06252662	3.319258	86.43296	537.6471	826.2422	953.517	1063.138	1168.184	1271.417	1373.702	1475.406	1576.723	1677.768	1778.614	1879.308	1979.881	2080.357
252.85	7.821139E-08	8.8472E-06	0.0008269103	0.0626879	3.328832	86.68608	538.3216	826.2442	953.5045	1063.129	1168.176	1271.411	1373.697	1475.402	1576.719	1677.765	1778.611	1879.306	1979.879	2080.355
253.5	7.835213E-08	8.865188E-06	0.000828799	0.0628485	3.338372	86.93827	538.9893	826.2455	953.492	1063.119	1168.169	1271.405	1373.692	1475.398	1576.716	1677.762	1778.609	1879.304	1979.878	2080.354
254.15	7.849196E-08	8.883073E-06	0.0008306782	0.06300841	3.347878	87.18954	539.6504	826.2463	953.4794	1063.11	1168.162	1271.399	1373.687	1475.394	1576.713	1677.76	1778.607	1879.302	1979.876	2080.352
254.8	7.863088E-08	8.900855E-06	0.0008325481	0.06316763	3.357349	87.43989	540.3048	826.2465	953.4669	1063.1	1168.155	1271.394	1373.683	1475.39	1576.709	1677.757	1778.604	1879.299	1979.874	2080.351
255.45	7.876888E-08	8.918536E-06	0.0008344086	0.06332617	3.366786	87.68932	540.9526	826.2461	953.4544	1063.091	1168.147	1271.388	1373.678	1475.386	1576.706	1677.754	1778.602	1879.297	1979.872	2080.349
256.1	7.890598E-08	8.936115E-06	0.0008362598	0.06348404	3.37619	87.93784	541.594	826.2452	953.4419	1063.082	1168.14	1271.382	1373.673	1475.382	1576.703	1677.751	1778.599	1879.295	1979.871	2080.348
256.75	7.904219E-08	8.953592E-06	0.0008381018	0.06364123	3.38556	88.18546	542.2289	826.2437	953.4294	1063.072	1168.133	1271.376	1373.668	1475.378	1576.699	1677.748	1778.597	1879.293	1979.869	2080.346
257.4	7.91775E-08	8.970969E-06	0.0008399346	0.06379775	3.394896	88.43217	542.8575	826.2418	953.4169	1063.063	1168.125	1271.37	1373.663	1475.374	1576.696	1677.745	1778.594	1879.291	1979.867	2080.345
258.05	7.931194E-08	8.988247E-06	0.0008417582	0.06395359	3.404198	88.67797	543.4797	826.2393	953.4044	1063.053	1168.118	1271.364	1373.659	1475.37	1576.693	1677.742	1778.592	1879.289	1979.865	2080.343
258.7	7.944549E-08	9.005425E-06	0.0008435727	0.06410877	3.413467	88.92287	544.0958	826.2363	953.3918	1063.044	1168.111	1271.358	1373.654	1475.366	1576.689	1677.74	1778.59	1879.287	1979.864	2080.342
259.35	7.957817E-08	9.022504E-06	0.0008453781	0.0642633	3.422703	89.16689	544.7056	826.2329	953.3793	1063.035	1168.103	1271.353	1373.649	1475.362	1576.686	1677.737	1778.587	1879.285	1979.862	2080.34
260	7.970998E-08	9.039485E-06	0.0008471744	0.06441715	3.431906	89.41	545.3092	826.229	953.3668	1063.025	1168.096	1271.347	1373.644	1475.358	1576.682	1677.734	1778.585	1879.283	1979.86	2080.339
260.65	7.984094E-08	9.056369E-06	0.0008489619	0.06457035	3.441075	89.65223	545.9069	826.2247	953.3542	1063.016	1168.089	1271.341	1373.639	1475.354	1576.679	1677.731	1778.582	1879.281	1979.858	2080.337
261.3	7.997104E-08	9.073156E-06	0.0008507404	0.0647229	3.450212	89.89357	546.4984	826.22	953.3417	1063.007	1168.081	1271.335	1373.635	1475.35	1576.676	1677.728	1778.58	1879.279	1979.856	2080.336
261.95	8.010028E-08	9.089846E-06	0.00085251	0.06487479	3.459315	90.13403	547.0841	826.2148	953.3292	1062.997	1168.074	1271.329	1373.63	1475.346	1576.672	1677.725	1778.578	1879.277	1979.855	2080.334
262.6	8.022868E-08	9.10644E-06	0.0008542707	0.06502603	3.468386	90.37361	547.6638	826.2094	953.3167	1062.988	1168.067	1271.323	1373.625	1475.342	1576.669	1677.722	1778.575	1879.275	1979.853	2080.333
263.25	8.035624E-08	9.122939E-06	0.0008560226	0.06517662	3.477425	90.61231	548.2377	826.2034	953.3042	1062.978	1168.059	1271.317	1373.62	1475.338	1576.666	1677.72	1778.573	1879.272	1979.851	2080.331
263.9	8.048298E-08	9.139343E-06	0.0008577658	0.06532658	3.486431	90.85014	548.8059	826.1971	953.2917	1062.969	1168.052	1271.312	1373.615	1475.334	1576.662	1677.717	1778.57	1879.27	1979.849	2080.33
264.55	8.060887E-08	9.155653E-06	0.0008595003	0.06547589	3.495404	91.0871	549.3683	826.1906	953.2792	1062.96	1168.045	1271.306	1373.611	1475.33	1576.659	1677.714	1778.568	1879.268	1979.848	2080.328
265.2	8.073395E-08	9.171868E-06	0.0008612262	0.06562456	3.504346	91.32319	549.925	826.1835	953.2667	1062.95	1168.038	1271.3	1373.606	1475.326	1576.656	1677.711	1778.565	1879.266	1979.846	2080.327
265.85	8.085821E-08	9.187992E-06	0.0008629434	0.06577259	3.513255	91.55841	550.4762	826.1762	953.2542	1062.941	1168.03	1271.294	1373.601	1475.322	1576.652	1677.708	1778.563	1879.264	1979.844	2080.325
266.5	8.098166E-08	9.204022E-06	0.0008646519	0.06592	3.522132	91.79278	551.0217	826.1686	953.2416	1062.932	1168.023	1271.288	1373.596	1475.318	1576.649	1677.705	1778.561	1879.262	1979.842	2080.323
267.15	8.11043E-08	9.21996E-06	0.000866352	0.06606676	3.530978	92.02628	551.5618	826.1606	953.2291	1062.922	1168.016	1271.282	1373.591	1475.314	1576.646	1677.703	1778.558	1879.26	1979.84	2080.322
267.8	8.122614E-08	9.235807E-06	0.0008680436	0.06621291	3.539791	92.25893	552.0964	826.1524	953.2166	1062.913	1168.008	1271.276	1373.587	1475.31	1576.642	1677.7	1778.556	1879.258	1979.839	2080.321
268.45	8.134718E-08	9.251562E-06	0.0008697267	0.06635842	3.548573	92.49073	552.6257	826.1439	953.2041	1062.903	1168.001	1271.271	1373.582	1475.306	1576.639	1677.697	1778.553	1879.256	1979.837	2080.319
269.1	8.146743E-08	9.267227E-06	0.0008714014	0.06650332	3.557323	92.72169	553.1495	826.135	953.1916	1062.894	1167.994	1271.265	1373.577	1475.302	1576.635	1677.694	1778.551	1879.254	1979.835	2080.317
269.75	8.15869E-08	9.282802E-06	0.0008730677	0.0666476	3.566042	92.95179	553.6681	826.1259	953.1791	1062.885	1167.986	1271.259	1373.572	1475.298	1576.632	1677.691	1778.548	1879.252	1979.833	2080.316
270.4	8.170559E-08	9.298287E-06	0.0008747257	0.06679126	3.57473	93.18105	554.1815	826.1165	953.1666	1062.875	1167.979	1271.253	1373.568	1475.294	1576.629	1677.688	1778.546	1879.25	1979.832	2080.314
271.05	8.182349E-08	9.313684E-06	0.0008763754	0.0669343	3.583386	93.40947	554.6896	826.1069	953.1541	1062.866	1167.972	1271.247	1373.563	1475.29	1576.625	1677.685	1778.543	1879.248	1979.83	2080.313
271.7	8.194063E-08	9.328992E-06	0.0008780169	0.06707674	3.592011	93.63705	555.1926	826.097	953.1415	1062.856	1167.964	1271.241	1373.558	1475.286	1576.622	1677.682	1778.541	1879.245	1979.828	2080.312
272.35	8.205701E-08	9.344212E-06	0.0008796502	0.06721856	3.600605	93.86381	555.6905	826.0869	953.129	1062.847	1167.957	1271.235	1373.553	1475.282	1576.619	1677.68	1778.539	1879.243	1979.826	2080.31
273	8.217262E-08	9.359344E-06	0.0008812753	0.06735978	3.609169	94.08973	556.1834	826.0765	953.1165	1062.838	1167.95	1271.229	1373.548	1475.278	1576.615	1677.677	1778.536	1879.241	1979.825	2080.308
273.65	8.228748E-08	9.37439E-06	0.0008828922	0.06750039	3.617701	94.31483	556.6713	826.066	953.104	1062.828	1167.943	1271.224	1373.544	1475.274	1576.612	1677.674	1778.534	1879.239	1979.823	2080.307
274.3	8.240158E-08	9.38935E-06	0.0008845011	0.0676404	3.626203	94.53909	557.1542	826.0552	953.0915	1062.819	1167.935	1271.218	1373.539	1475.27	1576.609	1677.671	1778.531	1879.237	1979.821	2080.305
274.95	8.251494E-08	9.404223E-06	0.000886102	0.06777982	3.634674	94.76254	557.6323	826.0442	953.079	1062.81	1167.928	1271.212	1373.534	1475.266	1576.605	1677.668	1778.529	1879.235	1979.819	2080.304
275.6	8.262757E-08	9.41901E-06	0.0008876948	0.06791864	3.643115	94.98517	558.1054	826.033	953.0665	1062.8	1167.921	1271.206	1373.529	1475.262	1576.602	1677.665	1778.526	1879.233	1979.817	2080.302
276.25	8.273945E-08	9.433713E-06	0.0008892798	0.06805686	3.651526	95.20698	558.5739	826.0215	953.054	1062.791	1167.913	1271.2	1373.524	1475.258	1576.599	1677.663	1778.524	1879.231	1979.816	2080.301
276.9	8.28506E-08	9.448331E-06	0.0008908567	0.06819449	3.659906	95.42798	559.0375	826.0099	953.0414	1062.781	1167.906	1271.194	1373.52	1475.254	1576.595	1677.66	1778.522	1879.229	1979.814	2080.299
277.55	8.296102E-08	9.462865E-06	0.0008924258	0.06833153	3.668256	95.64816	559.4964	825.9982	953.0289	1062.772	1167.899	1271.189	1373.515	1475.25	1576.592	1677.657	1778.519	1879.227	1979.812	2080.298
278.2	8.307073E-08	9.477316E-06	0.000893987	0.06846799	3.676576	95.86755	559.9507	825.9862	953.0164	1062.763	1167.891	1271.183	1373.51	1475.246	1576.588	1677.654	1778.517	1879.225	1979.81	2080.296
278.85	8.317971E-08	9.491684E-06	0.0008955405	0.06860386	3.684867	96.08613	560.4003	825.9741	953.0039	1062.753	1167.884	1271.177	1373.505	1475.242	1576.585	1677.651	1778.514	1879.223	1979.809	2080.295
279.5	8.328799E-08	9.505969E-06	0.0008970862	0.06873915	3.693127	96.3039	560.8454	825.9617	952.9914	1062.744	1167.877	1271.171	1373.5	1475.238	1576.582	1677.648	1778.512	1879.221	1979.807	2080.293
280.15	8.339556E-08	9.520172E-06	0.0008986241	0.06887387	3.701358	96.52087	561.2859	825.9493	952.9789	1062.734	1167.87	1271.165	1373.496	1475.234	1576.578	1677.646	1778.51	1879.219	1979.805	2080.292
280.8	8.350242E-08	9.534293E-06	0.0009001544	0.069008	3.709559	96.73706	561.722	825.9366	952.9664	1062.725	1167.862	1271.159	1373.491	1475.23	1576.575	1677.643	1778.507	1879.216	1979.803	2080.29
281.45	8.360859E-08	9.548334E-06	0.000901677	0.06914157	3.717731	96.95245	562.1536	825.9239	952.9539	1062.716	1167.855	1271.153	1373.486	1475.226	1576.572	1677.64	1778.505	1879.214	1979.802	2080.289
282.1	8.371406E-08	9.562293E-06	0.000903192	0.06927456	3.725873	97.16705	562.5809	825.9109	952.9413	1062.706	1167.848	1271.148	1373.481	1475.222	1576.568	1677.637	1778.502	1879.212	1979.8	2080.287
282.75	8.381884E-08	9.576172E-06	0.0009046994	0.06940698	3.733986	97.38086	563.0037	825.8979	952.9288	1062.697	1167.84	1271.142	1373.476	1475.218	1576.565	1677.634	1778.5	1879.21	1979.798	2080.286
283.4	8.392294E-08	9.589972E-06	0.0009061993	0.06953884	3.74207	97.59389	563.4223	825.8846	952.9163	1062.688	1167.833	1271.136	1373.472	1475.214	1576.562	1677.631	1778.497	1879.208	1979.796	2080.284
284.05	8.402636E-08	9.603692E-06	0.0009076917	0.06967013	3.750124	97.80613	563.8365	825.8713	952.9038	1062.678	1167.826	1271.13	1373.467	1475.21	1576.558	1677.628	1778.495	1879.206	1979.794	2080.283
284.7	8.41291E-08	9.617333E-06	0.0009091767	0.06980086	3.75815	98.0176	564.2466	825.8578	952.8913	1062.669	1167.818	1271.124	1373.462	1475.206	1576.555	1677.626	1778.493	1879.204	1979.793	2080.281
285.35	8.423117E-08	9.630897E-06	0.0009106541	0.06993103	3.766147	98.22829	564.6525	825.8442	952.8788	1062.659	1167.811	1271.118	1373.457	1475.202	1576.552	1677.623	1778.49	1879.202	1979.791	2080.28
286	8.433257E-08	9.644382E-06	0.0009121243	0.07006065	3.774116	98.43821	565.0543	825.8306	952.8663	1062.65	1167.804	1271.112	1373.452	1475.198	1576.548	1677.62	1778.488	1879.2	1979.789	2080.278
286.65	8.443331E-08	9.65779E-06	0.000913587	0.07018971	3.782055	98.64735	565.4518	825.8167	952.8538	1062.641	1167.796	1271.107	1373.448	1475.194	1576.545	1677.617	1778.485	1879.198	1979.787	2080.277
287.3	8.453339E-08	9.67112E-06	0.0009150425	0.07031821	3.789966	98.85574	565.8454	825.8027	952.8413	1062.631	1167.789	1271.101	1373.443	1475.19	1576.541	1677.614	1778.483	1879.196	1979.786	2080.275
287.95	8.463282E-08	9.684374E-06	0.0009164907	0.07044617	3.797849	99.06335	566.2349	825.7887	952.8288	1062.622	1167.782	1271.095	1373.438	1475.186	1576.538	1677.611	1778.48	1879.194	1979.784	2080.274
288.6	8.47316E-08	9.697552E-06	0.0009179317	0.07057358	3.805703	99.27021	566.6205	825.7745	952.8163	1062.613	1167.775	1271.089	1373.433	1475.182	1576.535	1677.609	1778.478	1879.192	1979.782	2080.272
289.25	8.482973E-08	9.710654E-06	0.0009193654	0.07070044	3.813529	99.4763	567.0021	825.7603	952.8038	1062.603	1167.767	1271.083	1373.428	1475.178	1576.531	1677.606	1778.476	1879.19	1979.78	2080.271
289.9	8.492722E-08	9.723681E-06	0.0009207921	0.07082677	3.821327	99.68164	567.3798	825.7459	952.7913	1062.594	1167.76	1271.077	1373.424	1475.174	1576.528	1677.603	1778.473	1879.188	1979.778	2080.269
290.55	8.502408E-08	9.736633E-06	0.0009222115	0.07095256	3.829097	99.88622	567.7535	825.7314	952.7788	1062.584	1167.753	1271.071	1373.419	1475.17	1576.525	1677.6	1778.471	1879.185	1979.777	2080.268
291.2	8.512029E-08	9.74951E-06	0.0009236239	0.0710778	3.836838	100.0901	568.1235	825.7169	952.7663	1062.575	1167.745	1271.066	1373.414	1475.166	1576.521	1677.597	1778.468	1879.183	1979.775	2080.266
291.85	8.521589E-08	9.762314E-06	0.0009250292	0.07120251	3.844553	100.2931	568.4897	825.7023	952.7538	1062.566	1167.738	1271.06	1373.409	1475.162	1576.518	1677.594	1778.466	1879.181	1979.773	2080.264
292.5	8.531085E-08	9.775044E-06	0.0009264274	0.07132668	3.852239	100.4955	568.8521	825.6876	952.7413	1062.556	1167.731	1271.054	1373.405	1475.158	1576.515	1677.591	1778.463	1879.179	1979.771	2080.263
293.15	8.54052E-08	9.787701E-06	0.0009278187	0.07145032	3.859897	100.6971	569.2108	825.6727	952.7288	1062.547	1167.723	1271.048	1373.4	1475.154	1576.511	1677.589	1778.461	1879.177	1979.77	2080.261
293.8	8.549893E-08	9.800285E-06	0.0009292031	0.07157344	3.867528	100.8979	569.5658	825.6578	952.7162	1062.537	1167.716	1271.042	1373.395	1475.15	1576.508	1677.586	1778.459	1879.175	1979.768	2080.26
294.45	8.559204E-08	9.812797E-06	0.0009305805	0.07169603	3.875132	101.098	569.9171	825.6429	952.7038	1062.528	1167.709	1271.036	1373.39	1475.146	1576.504	1677.583	1778.456	1879.173	1979.766	2080.259
295.1	8.568455E-08	9.825236E-06	0.000931951	0.07181809	3.882708	101.2974	570.2648	825.6279	952.6913	1062.519	1167.702	1271.031	1373.385	1475.142	1576.501	1677.58	1778.454	1879.171	1979.764	2080.257
295.75	8.577646E-08	9.837604E-06	0.0009333147	0.07193963	3.890257	101.4961	570.609	825.6127	952.6788	1062.509	1167.694	1271.025	1373.38	1475.138	1576.498	1677.577	1778.451	1879.169	1979.763	2080.255
296.4	8.586776E-08	9.849901E-06	0.0009346716	0.07206066	3.897779	101.694	570.9496	825.5975	952.6663	1062.5	1167.687	1271.019	1373.376	1475.134	1576.494	1677.574	1778.449	1879.167	1979.761	2080.254
297.05	8.595846E-08	9.862129E-06	0.0009360216	0.07218116	3.905274	101.8912	571.2867	825.5823	952.6537	1062.491	1167.68	1271.013	1373.371	1475.13	1576.491	1677.571	1778.446	1879.165	1979.759	2080.252
297.7	8.604858E-08	9.874285E-06	0.0009373649	0.07230115	3.912742	102.0877	571.6203	825.567	952.6412	1062.481	1167.672	1271.007	1373.366	1475.126	1576.488	1677.569	1778.444	1879.163	1979.757	2080.251
298.35	8.61381E-08	9.886371E-06	0.0009387016	0.07242062	3.920183	102.2834	571.9504	825.5516	952.6288	1062.472	1167.665	1271.001	1373.361	1475.122	1576.484	1677.566	1778.442	1879.161	1979.755	2080.249
299	8.622704E-08	9.898388E-06	0.0009400315	0.07253959	3.927597	102.4784	572.2772	825.5361	952.6163	1062.463	1167.658	1270.995	1373.357	1475.118	1576.481	1677.563	1778.439	1879.158	1979.754	2080.248
299.65	8.63154E-08	9.910336E-06	0.0009413548	0.07265804	3.934985	102.6727	572.6006	825.5206	952.6038	1062.453	1167.65	1270.99	1373.352	1475.115	1576.478	1677.56	1778.437	1879.156	1979.752	2080.246
300.3	8.640318E-08	9.922215E-06	0.0009426714	0.07277599	3.942346	102.8663	572.9206	825.505	952.5912	1062.444	1167.643	1270.984	1373.347	1475.11	1576.474	1677.557	1778.434	1879.154	1979.75	2080.245
300.95	8.649039E-08	9.934027E-06	0.0009439815	0.07289343	3.949681	103.0592	573.2373	825.4894	952.5788	1062.434	1167.636	1270.978	1373.342	1475.106	1576.471	1677.554	1778.432	1879.152	1979.748	2080.243
301.6	8.657702E-08	9.945769E-06	0.0009452851	0.07301038	3.956989	103.2514	573.5507	825.4737	952.5663	1062.425	1167.628	1270.972	1373.337	1475.102	1576.468	1677.552	1778.429	1879.15	1979.747	2080.242
302.25	8.666309E-08	9.957445E-06	0.0009465821	0.07312682	3.96427	103.4429	573.8609	825.458	952.5538	1062.416	1167.621	1270.966	1373.333	1475.099	1576.464	1677.549	1778.427	1879.148	1979.745	2080.24
302.9	8.67486E-08	9.969054E-06	0.0009478726	0.07324275	3.971526	103.6336	574.1679	825.4422	952.5413	1062.406	1167.614	1270.96	1373.328	1475.094	1576.461	1677.546	1778.425	1879.146	1979.743	2080.239
303.55	8.683355E-08	9.980596E-06	0.0009491567	0.0733582	3.978756	103.8237	574.4717	825.4263	952.5288	1062.397	1167.607	1270.954	1373.323	1475.09	1576.457	1677.543	1778.422	1879.144	1979.741	2080.237
304.2	8.691794E-08	9.992071E-06	0.0009504344	0.07347316	3.985959	104.0131	574.7723	825.4105	952.5163	1062.388	1167.599	1270.948	1373.318	1475.087	1576.454	1677.54	1778.42	1879.142	1979.74	2080.236
304.85	8.700179E-08	1.000348E-05	0.0009517057	0.07358762	3.993137	104.2017	575.0698	825.3945	952.5038	1062.378	1167.592	1270.943	1373.313	1475.083	1576.451	1677.537	1778.417	1879.14	1979.738	2080.234
305.5	8.708508E-08	1.001482E-05	0.0009529706	0.07370158	4.000288	104.3897	575.3642	825.3786	952.4913	1062.369	1167.585	1270.937	1373.309	1475.078	1576.447	1677.534	1778.415	1879.138	1979.736	2080.233
306.15	8.716783E-08	1.00261E-05	0.0009542292	0.07381507	4.007415	104.577	575.6556	825.3625	952.4788	1062.359	1167.577	1270.931	1373.304	1475.075	1576.444	1677.532	1778.412	1879.136	1979.734	2080.231
306.8	8.725004E-08	1.003732E-05	0.0009554815	0.07392807	4.014515	104.7636	575.9439	825.3465	952.4663	1062.35	1167.57	1270.925	1373.299	1475.071	1576.441	1677.529	1778.41	1879.134	1979.732	2080.23
307.45	8.733171E-08	1.004847E-05	0.0009567275	0.07404058	4.02159	104.9495	576.2292	825.3304	952.4538	1062.341	1167.563	1270.919	1373.294	1475.067	1576.437	1677.526	1778.408	1879.131	1979.731	2080.228
308.1	8.741285E-08	1.005955E-05	0.0009579674	0.07415261	4.02864	105.1347	576.5115	825.3143	952.4413	1062.331	1167.555	1270.913	1373.289	1475.063	1576.434	1677.523	1778.405	1879.129	1979.729	2080.227
308.75	8.749345E-08	1.007057E-05	0.000959201	0.07426417	4.035664	105.3192	576.7909	825.2981	952.4288	1062.322	1167.548	1270.908	1373.285	1475.059	1576.431	1677.52	1778.403	1879.127	1979.727	2080.225
309.4	8.757353E-08	1.008153E-05	0.0009604285	0.07437524	4.042663	105.5031	577.0674	825.2819	952.4163	1062.313	1167.541	1270.902	1373.28	1475.055	1576.427	1677.517	1778.4	1879.125	1979.725	2080.224
310.05	8.765309E-08	1.009243E-05	0.0009616498	0.07448585	4.049636	105.6863	577.3409	825.2656	952.4038	1062.303	1167.534	1270.896	1373.275	1475.051	1576.424	1677.515	1778.398	1879.123	1979.724	2080.222
310.7	8.773213E-08	1.010326E-05	0.000962865	0.07459597	4.056584	105.8688	577.6117	825.2493	952.3914	1062.294	1167.526	1270.89	1373.27	1475.047	1576.421	1677.512	1778.396	1879.121	1979.722	2080.221
311.35	8.781065E-08	1.011403E-05	0.0009640742	0.07470563	4.063508	106.0506	577.8796	825.233	952.3788	1062.284	1167.519	1270.884	1373.266	1475.043	1576.417	1677.509	1778.393	1879.119	1979.72	2080.219
312	8.788866E-08	1.012474E-05	0.0009652773	0.07481481	4.070407	106.2318	578.1447	825.2167	952.3663	1062.275	1167.512	1270.878	1373.261	1475.039	1576.414	1677.506	1778.391	1879.117	1979.718	2080.218
312.65	8.796616E-08	1.013539E-05	0.0009664744	0.07492353	4.077281	106.4123	578.407	825.2003	952.3539	1062.266	1167.504	1270.872	1373.256	1475.035	1576.41	1677.503	1778.388	1879.115	1979.716	2080.216
313.3	8.804314E-08	1.014597E-05	0.0009676655	0.07503179	4.084129	106.5921	578.6665	825.1839	952.3414	1062.256	1167.497	1270.867	1373.251	1475.031	1576.407	1677.5	1778.386	1879.113	1979.715	2080.215
313.95	8.811963E-08	1.01565E-05	0.0009688506	0.07513958	4.090954	106.7713	578.9233	825.1675	952.3289	1062.247	1167.49	1270.861	1373.246	1475.027	1576.404	1677.497	1778.383	1879.111	1979.713	2080.213
314.6	8.819562E-08	1.016696E-05	0.0009700298	0.07524691	4.097754	106.9498	579.1775	825.151	952.3164	1062.238	1167.482	1270.855	1373.241	1475.023	1576.4	1677.495	1778.381	1879.109	1979.711	2080.212
315.25	8.827111E-08	1.017737E-05	0.0009712031	0.07535378	4.104529	107.1277	579.4289	825.1345	952.3039	1062.228	1167.475	1270.849	1373.237	1475.019	1576.397	1677.492	1778.379	1879.107	1979.709	2080.21
315.9	8.834611E-08	1.018771E-05	0.0009723706	0.0754602	4.11128	107.3049	579.6777	825.118	952.2914	1062.219	1167.468	1270.843	1373.232	1475.015	1576.394	1677.489	1778.376	1879.105	1979.708	2080.208
316.55	8.842062E-08	1.0198E-05	0.0009735322	0.07556615	4.118007	107.4814	579.9239	825.1015	952.2789	1062.209	1167.461	1270.837	1373.227	1475.011	1576.39	1677.486	1778.374	1879.103	1979.706	2080.207
317.2	8.849464E-08	1.020822E-05	0.000974688	0.07567166	4.124709	107.6573	580.1675	825.0849	952.2664	1062.2	1167.453	1270.832	1373.222	1475.007	1576.387	1677.483	1778.371	1879.1	1979.704	2080.206
317.85	8.856817E-08	1.021839E-05	0.000975838	0.07577671	4.131388	107.8326	580.4085	825.0683	952.2539	1062.191	1167.446	1270.826	1373.218	1475.003	1576.384	1677.48	1778.369	1879.098	1979.702	2080.204
318.5	8.864123E-08	1.02285E-05	0.0009769824	0.07588131	4.138042	108.0072	580.647	825.0517	952.2415	1062.181	1167.439	1270.82	1373.213	1474.999	1576.38	1677.478	1778.366	1879.096	1979.701	2080.202
319.15	8.871381E-08	1.023855E-05	0.000978121	0.07598547	4.144672	108.1812	580.883	825.0351	952.2289	1062.172	1167.431	1270.814	1373.208	1474.995	1576.377	1677.475	1778.364	1879.094	1979.699	2080.201
319.8	8.878591E-08	1.024854E-05	0.0009792538	0.07608918	4.151278	108.3545	581.1165	825.0184	952.2164	1062.163	1167.424	1270.808	1373.203	1474.991	1576.374	1677.472	1778.362	1879.092	1979.697	2080.199
320.45	8.885755E-08	1.025848E-05	0.000980381	0.07619245	4.157861	108.5272	581.3474	825.0018	952.204	1062.153	1167.417	1270.802	1373.198	1474.987	1576.37	1677.469	1778.359	1879.09	1979.695	2080.198
321.1	8.892871E-08	1.026836E-05	0.0009815026	0.07629527	4.16442	108.6992	581.576	824.985	952.1915	1062.144	1167.409	1270.796	1373.194	1474.983	1576.367	1677.466	1778.357	1879.088	1979.693	2080.197
321.75	8.899941E-08	1.027818E-05	0.0009826185	0.07639766	4.170956	108.8706	581.8021	824.9683	952.179	1062.135	1167.402	1270.791	1373.189	1474.979	1576.363	1677.463	1778.354	1879.086	1979.692	2080.195
322.4	8.906965E-08	1.028795E-05	0.0009837289	0.0764996	4.177468	109.0414	582.0258	824.9516	952.1665	1062.125	1167.395	1270.785	1373.184	1474.975	1576.36	1677.46	1778.352	1879.084	1979.69	2080.193
323.05	8.913943E-08	1.029765E-05	0.0009848338	0.07660111	4.183956	109.2115	582.2472	824.9349	952.154	1062.116	1167.388	1270.779	1373.179	1474.971	1576.357	1677.458	1778.349	1879.082	1979.688	2080.192
323.7	8.920875E-08	1.030731E-05	0.0009859331	0.07670218	4.190421	109.3811	582.4662	824.9181	952.1415	1062.106	1167.38	1270.773	1373.174	1474.967	1576.353	1677.455	1778.347	1879.08	1979.686	2080.19
324.35	8.927762E-08	1.031691E-05	0.000987027	0.07680283	4.196863	109.55	582.6829	824.9013	952.129	1062.097	1167.373	1270.767	1373.17	1474.963	1576.35	1677.452	1778.345	1879.078	1979.685	2080.189
325	8.934604E-08	1.032645E-05	0.0009881153	0.07690305	4.203281	109.7182	582.8972	824.8845	952.1166	1062.088	1167.366	1270.761	1373.165	1474.959	1576.347	1677.449	1778.342	1879.076	1979.683	2080.187
325.65	8.941401E-08	1.033594E-05	0.0009891982	0.07700282	4.209677	109.8859	583.1093	824.8677	952.1041	1062.078	1167.358	1270.755	1373.16	1474.955	1576.343	1677.446	1778.34	1879.073	1979.681	2080.186
326.3	8.948154E-08	1.034537E-05	0.0009902756	0.07710218	4.21605	110.0529	583.3191	824.8509	952.0916	1062.069	1167.351	1270.75	1373.155	1474.951	1576.34	1677.443	1778.337	1879.071	1979.679	2080.184
326.95	8.954862E-08	1.035475E-05	0.0009913478	0.07720111	4.222399	110.2193	583.5267	824.834	952.0791	1062.06	1167.344	1270.744	1373.151	1474.947	1576.337	1677.44	1778.335	1879.069	1979.677	2080.183
327.6	8.961527E-08	1.036408E-05	0.0009924145	0.07729962	4.228725	110.3851	583.732	824.8171	952.0666	1062.05	1167.336	1270.738	1373.146	1474.943	1576.333	1677.438	1778.332	1879.067	1979.676	2080.181
328.25	8.968149E-08	1.037335E-05	0.000993476	0.0773977	4.23503	110.5503	583.9351	824.8003	952.0541	1062.041	1167.329	1270.732	1373.141	1474.939	1576.33	1677.435	1778.33	1879.065	1979.674	2080.18
328.9	8.974726E-08	1.038257E-05	0.0009945321	0.07749537	4.241311	110.7149	584.1361	824.7834	952.0416	1062.031	1167.322	1270.726	1373.136	1474.935	1576.327	1677.432	1778.328	1879.063	1979.672	2080.178
329.55	8.981261E-08	1.039173E-05	0.0009955829	0.07759262	4.247569	110.8789	584.335	824.7665	952.0292	1062.022	1167.315	1270.72	1373.131	1474.931	1576.323	1677.429	1778.325	1879.061	1979.67	2080.177
330.2	8.987753E-08	1.040084E-05	0.0009966285	0.07768945	4.253805	111.0423	584.5316	824.7496	952.0167	1062.013	1167.307	1270.714	1373.126	1474.927	1576.32	1677.426	1778.323	1879.059	1979.669	2080.175
330.85	8.994203E-08	1.04099E-05	0.0009976688	0.07778587	4.260019	111.205	584.7262	824.7327	952.0042	1062.003	1167.3	1270.709	1373.122	1474.923	1576.316	1677.423	1778.32	1879.057	1979.667	2080.174
331.5	9.000611E-08	1.041891E-05	0.000998704	0.07788188	4.26621	111.3672	584.9187	824.7158	951.9917	1061.994	1167.293	1270.703	1373.117	1474.919	1576.313	1677.421	1778.318	1879.055	1979.665	2080.172
332.15	9.006977E-08	1.042787E-05	0.0009997339	0.07797747	4.272379	111.5288	585.1091	824.6988	951.9792	1061.985	1167.285	1270.697	1373.112	1474.915	1576.31	1677.418	1778.315	1879.053	1979.663	2080.171
332.8	9.013301E-08	1.043677E-05	0.001000759	0.07807265	4.278525	111.6897	585.2974	824.6818	951.9667	1061.975	1167.278	1270.691	1373.107	1474.911	1576.306	1677.415	1778.313	1879.051	1979.662	2080.169
333.45	9.019583E-08	1.044563E-05	0.001001779	0.07816743	4.28465	111.8501	585.4838	824.6649	951.9543	1061.966	1167.271	1270.685	1373.103	1474.907	1576.303	1677.412	1778.311	1879.049	1979.66	2080.168
334.1	9.025825E-08	1.045443E-05	0.001002793	0.07826181	4.290752	112.0099	585.6681	824.6479	951.9418	1061.956	1167.263	1270.679	1373.098	1474.903	1576.3	1677.409	1778.308	1879.047	1979.658	2080.166
334.75	9.032026E-08	1.046318E-05	0.001003803	0.07835577	4.296833	112.1691	585.8504	824.6309	951.9293	1061.947	1167.256	1270.674	1373.093	1474.899	1576.296	1677.406	1778.306	1879.045	1979.656	2080.165
335.4	9.038187E-08	1.047189E-05	0.001004807	0.07844934	4.302892	112.3277	586.0307	824.614	951.9168	1061.938	1167.249	1270.668	1373.088	1474.895	1576.293	1677.403	1778.303	1879.042	1979.655	2080.163
336.05	9.044307E-08	1.048054E-05	0.001005807	0.07854251	4.308928	112.4857	586.2091	824.5969	951.9044	1061.928	1167.242	1270.662	1373.083	1474.891	1576.29	1677.401	1778.301	1879.04	1979.653	2080.162
336.7	9.050387E-08	1.048914E-05	0.001006801	0.07863527	4.314943	112.6432	586.3856	824.5799	951.8918	1061.919	1167.234	1270.656	1373.079	1474.887	1576.286	1677.398	1778.298	1879.038	1979.651	2080.16
337.35	9.056428E-08	1.049769E-05	0.001007791	0.07872764	4.320937	112.8	586.5601	824.5629	951.8794	1061.91	1167.227	1270.65	1373.074	1474.883	1576.283	1677.395	1778.296	1879.036	1979.649	2080.159
338	9.062428E-08	1.05062E-05	0.001008775	0.07881962	4.326909	112.9563	586.7327	824.5458	951.8669	1061.9	1167.22	1270.644	1373.069	1474.879	1576.28	1677.392	1778.294	1879.034	1979.647	2080.157
338.65	9.06839E-08	1.051465E-05	0.001009755	0.07891119	4.332859	113.112	586.9035	824.5288	951.8544	1061.891	1167.212	1270.638	1373.064	1474.875	1576.276	1677.389	1778.291	1879.032	1979.646	2080.156
339.3	9.074313E-08	1.052306E-05	0.001010729	0.07900238	4.338788	113.2671	587.0724	824.5118	951.8419	1061.882	1167.205	1270.633	1373.059	1474.871	1576.273	1677.386	1778.289	1879.03	1979.644	2080.154
339.95	9.080197E-08	1.053142E-05	0.001011699	0.07909318	4.344695	113.4217	587.2394	824.4948	951.8295	1061.872	1167.198	1270.627	1373.055	1474.867	1576.269	1677.384	1778.286	1879.028	1979.642	2080.153
340.6	9.086042E-08	1.053973E-05	0.001012664	0.07918359	4.350582	113.5756	587.4047	824.4777	951.817	1061.863	1167.19	1270.621	1373.05	1474.863	1576.266	1677.381	1778.284	1879.026	1979.64	2080.151
341.25	9.09185E-08	1.054799E-05	0.001013624	0.07927361	4.356446	113.729	587.5681	824.4606	951.8045	1061.853	1167.183	1270.615	1373.045	1474.859	1576.263	1677.378	1778.281	1879.024	1979.639	2080.149
341.9	9.097619E-08	1.05562E-05	0.00101458	0.07936325	4.36229	113.8819	587.7297	824.4435	951.792	1061.844	1167.176	1270.609	1373.04	1474.855	1576.259	1677.375	1778.279	1879.022	1979.637	2080.148
342.55	9.103351E-08	1.056437E-05	0.00101553	0.07945251	4.368113	114.0342	587.8896	824.4265	951.7795	1061.835	1167.169	1270.603	1373.036	1474.851	1576.256	1677.372	1778.277	1879.02	1979.635	2080.146
343.2	9.109045E-08	1.057249E-05	0.001016476	0.07954138	4.373915	114.1859	588.0477	824.4094	951.7671	1061.825	1167.161	1270.598	1373.031	1474.847	1576.253	1677.369	1778.274	1879.018	1979.633	2080.145
343.85	9.114702E-08	1.058056E-05	0.001017417	0.07962987	4.379696	114.337	588.204	824.3923	951.7546	1061.816	1167.154	1270.592	1373.026	1474.843	1576.249	1677.366	1778.272	1879.016	1979.631	2080.144
344.5	9.120322E-08	1.058859E-05	0.001018354	0.07971798	4.385456	114.4876	588.3587	824.3752	951.7421	1061.807	1167.147	1270.586	1373.021	1474.839	1576.246	1677.364	1778.269	1879.013	1979.63	2080.142
345.15	9.125905E-08	1.059657E-05	0.001019286	0.07980572	4.391195	114.6376	588.5117	824.3582	951.7296	1061.797	1167.139	1270.58	1373.016	1474.835	1576.243	1677.361	1778.267	1879.011	1979.628	2080.14
345.8	9.131453E-08	1.060451E-05	0.001020213	0.07989307	4.396914	114.7871	588.6629	824.341	951.7172	1061.788	1167.132	1270.574	1373.011	1474.831	1576.239	1677.358	1778.265	1879.009	1979.626	2080.139
346.45	9.136963E-08	1.06124E-05	0.001021135	0.07998006	4.402612	114.9361	588.8125	824.3239	951.7047	1061.779	1167.125	1270.568	1373.007	1474.827	1576.236	1677.355	1778.262	1879.007	1979.624	2080.137
347.1	9.142438E-08	1.062024E-05	0.001022053	0.08006667	4.408289	115.0844	588.9604	824.3068	951.6922	1061.769	1167.118	1270.562	1373.002	1474.823	1576.233	1677.352	1778.26	1879.005	1979.623	2080.136
347.75	9.147876E-08	1.062804E-05	0.001022966	0.08015291	4.413947	115.2322	589.1067	824.2897	951.6797	1061.76	1167.11	1270.557	1372.997	1474.819	1576.229	1677.349	1778.257	1879.003	1979.621	2080.135
348.4	9.153279E-08	1.06358E-05	0.001023875	0.08023879	4.419583	115.3795	589.2513	824.2726	951.6672	1061.75	1167.103	1270.551	1372.992	1474.815	1576.226	1677.347	1778.255	1879.001	1979.619	2080.133
349.05	9.158647E-08	1.064351E-05	0.001024779	0.08032429	4.4252	115.5263	589.3944	824.2554	951.6548	1061.741	1167.096	1270.545	1372.988	1474.811	1576.222	1677.344	1778.252	1878.999	1979.617	2080.131
349.7	9.16398E-08	1.065117E-05	0.001025678	0.08040943	4.430796	115.6724	589.5359	824.2383	951.6423	1061.732	1167.088	1270.539	1372.983	1474.807	1576.219	1677.341	1778.25	1878.997	1979.616	2080.13
350.35	9.169278E-08	1.06588E-05	0.001026574	0.08049421	4.436372	115.8181	589.6758	824.2212	951.6298	1061.722	1167.081	1270.533	1372.978	1474.803	1576.216	1677.338	1778.248	1878.995	1979.614	2080.128
351	9.174541E-08	1.066637E-05	0.001027464	0.08057862	4.441928	115.9632	589.8141	824.204	951.6174	1061.713	1167.074	1270.527	1372.973	1474.799	1576.212	1677.335	1778.245	1878.993	1979.612	2080.127
351.65	9.17977E-08	1.067391E-05	0.00102835	0.08066267	4.447464	116.1078	589.9509	824.187	951.6049	1061.704	1167.066	1270.521	1372.968	1474.795	1576.209	1677.332	1778.243	1878.991	1979.61	2080.125
352.3	9.184965E-08	1.06814E-05	0.001029232	0.08074636	4.45298	116.2518	590.0861	824.1698	951.5924	1061.694	1167.059	1270.516	1372.964	1474.791	1576.206	1677.329	1778.24	1878.989	1979.609	2080.124
352.95	9.190126E-08	1.068885E-05	0.001030109	0.08082969	4.458476	116.3953	590.2199	824.1526	951.58	1061.685	1167.052	1270.51	1372.959	1474.787	1576.202	1677.327	1778.238	1878.987	1979.607	2080.122
353.6	9.195253E-08	1.069625E-05	0.001030982	0.08091267	4.463952	116.5383	590.3521	824.1355	951.5674	1061.676	1167.045	1270.504	1372.954	1474.783	1576.199	1677.324	1778.235	1878.984	1979.605	2080.121
354.25	9.200346E-08	1.070361E-05	0.001031851	0.08099529	4.469408	116.6807	590.4828	824.1183	951.555	1061.666	1167.037	1270.498	1372.949	1474.779	1576.196	1677.321	1778.233	1878.982	1979.603	2080.119
354.9	9.205407E-08	1.071094E-05	0.001032715	0.08107756	4.474845	116.8226	590.6121	824.1012	951.5425	1061.657	1167.03	1270.492	1372.944	1474.776	1576.192	1677.318	1778.231	1878.98	1979.601	2080.118
355.55	9.210434E-08	1.071821E-05	0.001033575	0.08115947	4.480262	116.964	590.74	824.084	951.53	1061.647	1167.023	1270.486	1372.94	1474.771	1576.189	1677.315	1778.228	1878.978	1979.6	2080.116
356.2	9.215428E-08	1.072545E-05	0.001034431	0.08124103	4.48566	117.1049	590.8663	824.0669	951.5176	1061.638	1167.015	1270.48	1372.935	1474.767	1576.186	1677.312	1778.226	1878.976	1979.598	2080.115
356.85	9.22039E-08	1.073264E-05	0.001035282	0.08132225	4.491038	117.2452	590.9913	824.0497	951.5051	1061.629	1167.008	1270.475	1372.93	1474.764	1576.182	1677.31	1778.223	1878.974	1979.596	2080.113
357.5	9.225319E-08	1.07398E-05	0.001036129	0.08140312	4.496397	117.3851	591.1148	824.0325	951.4927	1061.619	1167.001	1270.469	1372.925	1474.76	1576.179	1677.307	1778.221	1878.972	1979.594	2080.112
358.15	9.230216E-08	1.074691E-05	0.001036972	0.08148364	4.501737	117.5244	591.2369	824.0154	951.4802	1061.61	1166.994	1270.463	1372.921	1474.755	1576.176	1677.304	1778.218	1878.97	1979.593	2080.11
358.8	9.235081E-08	1.075398E-05	0.001037811	0.08156382	4.507057	117.6631	591.3577	823.9982	951.4677	1061.601	1166.986	1270.457	1372.916	1474.752	1576.172	1677.301	1778.216	1878.968	1979.591	2080.109
359.45	9.239914E-08	1.076101E-05	0.001038645	0.08164365	4.512358	117.8014	591.4771	823.981	951.4553	1061.591	1166.979	1270.451	1372.911	1474.748	1576.169	1677.298	1778.214	1878.966	1979.589	2080.107
360.1	9.244716E-08	1.0768E-05	0.001039476	0.08172314	4.51764	117.9392	591.5951	823.9639	951.4427	1061.582	1166.972	1270.445	1372.906	1474.744	1576.165	1677.295	1778.211	1878.964	1979.587	2080.106
360.75	9.249486E-08	1.077495E-05	0.001040302	0.08180229	4.522902	118.0764	591.7117	823.9467	951.4303	1061.573	1166.964	1270.44	1372.901	1474.74	1576.162	1677.292	1778.209	1878.962	1979.585	2080.104
361.4	9.254225E-08	1.078186E-05	0.001041124	0.08188111	4.528147	118.2132	591.8271	823.9295	951.4178	1061.563	1166.957	1270.434	1372.897	1474.736	1576.159	1677.29	1778.206	1878.96	1979.584	2080.103
362.05	9.258933E-08	1.078873E-05	0.001041941	0.08195958	4.533371	118.3494	591.941	823.9124	951.4053	1061.554	1166.95	1270.428	1372.892	1474.732	1576.155	1677.287	1778.204	1878.958	1979.582	2080.101
362.7	9.26361E-08	1.079557E-05	0.001042755	0.08203772	4.538578	118.4851	592.0538	823.8951	951.3929	1061.544	1166.942	1270.422	1372.887	1474.728	1576.152	1677.284	1778.201	1878.955	1979.58	2080.1
363.35	9.268257E-08	1.080236E-05	0.001043565	0.08211552	4.543765	118.6203	592.1652	823.878	951.3804	1061.535	1166.935	1270.416	1372.882	1474.724	1576.149	1677.281	1778.199	1878.953	1979.578	2080.098
364	9.272873E-08	1.080911E-05	0.001044371	0.08219299	4.548934	118.7551	592.2753	823.8608	951.368	1061.526	1166.928	1270.41	1372.877	1474.72	1576.145	1677.278	1778.197	1878.951	1979.577	2080.097
364.65	9.27746E-08	1.081582E-05	0.001045172	0.08227013	4.554084	118.8893	592.3841	823.8436	951.3555	1061.516	1166.921	1270.405	1372.873	1474.716	1576.142	1677.275	1778.194	1878.949	1979.575	2080.095
365.3	9.282016E-08	1.08225E-05	0.00104597	0.08234694	4.559216	119.023	592.4917	823.8264	951.343	1061.507	1166.913	1270.399	1372.868	1474.712	1576.139	1677.273	1778.192	1878.947	1979.573	2080.094
365.95	9.286542E-08	1.082914E-05	0.001046764	0.08242342	4.564329	119.1562	592.598	823.8093	951.3306	1061.498	1166.906	1270.393	1372.863	1474.708	1576.135	1677.27	1778.189	1878.945	1979.571	2080.092
366.6	9.291039E-08	1.083574E-05	0.001047553	0.08249957	4.569423	119.289	592.7031	823.7921	951.3181	1061.488	1166.899	1270.387	1372.858	1474.704	1576.132	1677.267	1778.187	1878.943	1979.57	2080.091
367.25	9.295506E-08	1.08423E-05	0.001048339	0.0825754	4.5745	119.4212	592.807	823.7749	951.3056	1061.479	1166.891	1270.381	1372.854	1474.7	1576.129	1677.264	1778.184	1878.941	1979.568	2080.089
367.9	9.299944E-08	1.084882E-05	0.001049121	0.0826509	4.579557	119.5529	592.9097	823.7577	951.2932	1061.47	1166.884	1270.375	1372.849	1474.696	1576.125	1677.261	1778.182	1878.939	1979.566	2080.087
368.55	9.304354E-08	1.08553E-05	0.001049899	0.08272608	4.584597	119.6842	593.0112	823.7405	951.2807	1061.46	1166.877	1270.369	1372.844	1474.692	1576.122	1677.258	1778.18	1878.937	1979.564	2080.086
369.2	9.308734E-08	1.086175E-05	0.001050673	0.08280093	4.589618	119.815	593.1115	823.7233	951.2682	1061.451	1166.87	1270.364	1372.839	1474.688	1576.118	1677.255	1778.177	1878.935	1979.563	2080.084
369.85	9.313086E-08	1.086817E-05	0.001051443	0.08287547	4.594622	119.9453	593.2106	823.7061	951.2558	1061.442	1166.862	1270.358	1372.834	1474.684	1576.115	1677.253	1778.175	1878.933	1979.561	2080.083
370.5	9.317409E-08	1.087454E-05	0.001052209	0.08294968	4.599607	120.0751	593.3085	823.6889	951.2433	1061.432	1166.855	1270.352	1372.83	1474.68	1576.112	1677.25	1778.172	1878.931	1979.559	2080.082
371.15	9.321705E-08	1.088088E-05	0.001052972	0.08302359	4.604575	120.2044	593.4053	823.6718	951.2308	1061.423	1166.848	1270.346	1372.825	1474.676	1576.108	1677.247	1778.17	1878.929	1979.557	2080.08
371.8	9.325971E-08	1.088718E-05	0.00105373	0.08309717	4.609524	120.3332	593.501	823.6545	951.2184	1061.413	1166.84	1270.34	1372.82	1474.672	1576.105	1677.244	1778.167	1878.927	1979.555	2080.078
372.45	9.330211E-08	1.089344E-05	0.001054485	0.08317043	4.614455	120.4616	593.5955	823.6373	951.2059	1061.404	1166.833	1270.334	1372.815	1474.668	1576.102	1677.241	1778.165	1878.924	1979.554	2080.077
373.1	9.334422E-08	1.089967E-05	0.001055236	0.08324338	4.619369	120.5894	593.6889	823.6202	951.1935	1061.395	1166.826	1270.328	1372.81	1474.664	1576.098	1677.238	1778.163	1878.922	1979.552	2080.075
373.75	9.338606E-08	1.090587E-05	0.001055983	0.08331603	4.624265	120.7168	593.7812	823.603	951.181	1061.385	1166.818	1270.323	1372.806	1474.66	1576.095	1677.236	1778.16	1878.92	1979.55	2080.074
374.4	9.342762E-08	1.091202E-05	0.001056727	0.08338836	4.629144	120.8438	593.8724	823.5858	951.1685	1061.376	1166.811	1270.317	1372.801	1474.656	1576.092	1677.233	1778.158	1878.918	1979.548	2080.073
375.05	9.346892E-08	1.091815E-05	0.001057467	0.08346038	4.634005	120.9702	593.9625	823.5685	951.1561	1061.367	1166.804	1270.311	1372.796	1474.652	1576.088	1677.23	1778.155	1878.916	1979.547	2080.071
375.7	9.350994E-08	1.092423E-05	0.001058203	0.08353209	4.638848	121.0962	594.0516	823.5514	951.1436	1061.357	1166.797	1270.305	1372.791	1474.648	1576.085	1677.227	1778.153	1878.914	1979.545	2080.069
376.35	9.35507E-08	1.093029E-05	0.001058936	0.08360349	4.643673	121.2217	594.1395	823.5342	951.1312	1061.348	1166.789	1270.299	1372.786	1474.644	1576.082	1677.224	1778.151	1878.912	1979.543	2080.068
377	9.359118E-08	1.09363E-05	0.001059664	0.08367459	4.648482	121.3468	594.2264	823.517	951.1187	1061.339	1166.782	1270.293	1372.782	1474.64	1576.078	1677.221	1778.148	1878.91	1979.541	2080.066
377.65	9.363141E-08	1.094229E-05	0.001060389	0.08374538	4.653273	121.4714	594.3123	823.4998	951.1062	1061.329	1166.775	1270.288	1372.777	1474.636	1576.075	1677.219	1778.146	1878.908	1979.539	2080.065
378.3	9.367137E-08	1.094824E-05	0.001061111	0.08381588	4.658047	121.5955	594.3972	823.4826	951.0938	1061.32	1166.767	1270.282	1372.772	1474.632	1576.072	1677.216	1778.143	1878.906	1979.538	2080.063
378.95	9.371107E-08	1.095415E-05	0.001061829	0.08388606	4.662803	121.7192	594.481	823.4654	951.0813	1061.311	1166.76	1270.276	1372.767	1474.628	1576.068	1677.213	1778.141	1878.904	1979.536	2080.062
379.6	9.375051E-08	1.096003E-05	0.001062543	0.08395596	4.667542	121.8424	594.5638	823.4482	951.0688	1061.301	1166.753	1270.27	1372.762	1474.624	1576.065	1677.21	1778.138	1878.902	1979.534	2080.06
380.25	9.378969E-08	1.096588E-05	0.001063254	0.08402555	4.672265	121.9651	594.6456	823.431	951.0564	1061.292	1166.745	1270.264	1372.758	1474.62	1576.061	1677.207	1778.136	1878.9	1979.532	2080.059
380.9	9.382862E-08	1.097169E-05	0.001063961	0.08409484	4.67697	122.0874	594.7264	823.4138	951.0439	1061.282	1166.738	1270.258	1372.753	1474.616	1576.058	1677.204	1778.134	1878.897	1979.531	2080.057
381.55	9.386729E-08	1.097747E-05	0.001064665	0.08416383	4.681658	122.2092	594.8062	823.3966	951.0315	1061.273	1166.731	1270.253	1372.748	1474.612	1576.055	1677.201	1778.131	1878.895	1979.529	2080.056
382.2	9.390571E-08	1.098322E-05	0.001065365	0.08423253	4.686329	122.3306	594.885	823.3794	951.019	1061.264	1166.724	1270.247	1372.743	1474.608	1576.051	1677.199	1778.129	1878.893	1979.527	2080.054
382.85	9.394388E-08	1.098893E-05	0.001066062	0.08430094	4.690984	122.4515	594.9629	823.3622	951.0065	1061.254	1166.716	1270.241	1372.739	1474.604	1576.048	1677.196	1778.126	1878.891	1979.525	2080.053
383.5	9.39818E-08	1.099461E-05	0.001066755	0.08436905	4.695621	122.572	595.0398	823.345	950.9941	1061.245	1166.709	1270.235	1372.734	1474.6	1576.045	1677.193	1778.124	1878.889	1979.524	2080.051
384.15	9.401947E-08	1.100026E-05	0.001067445	0.08443686	4.700243	122.692	595.1157	823.3278	950.9816	1061.236	1166.702	1270.229	1372.729	1474.596	1576.041	1677.19	1778.121	1878.887	1979.522	2080.05
384.8	9.405689E-08	1.100587E-05	0.001068131	0.0845044	4.704846	122.8116	595.1908	823.3106	950.9692	1061.226	1166.694	1270.223	1372.724	1474.592	1576.038	1677.187	1778.119	1878.885	1979.52	2080.048
385.45	9.409408E-08	1.101146E-05	0.001068814	0.08457164	4.709434	122.9307	595.2649	823.2934	950.9567	1061.217	1166.687	1270.217	1372.719	1474.588	1576.035	1677.184	1778.117	1878.883	1979.518	2080.047
386.1	9.413101E-08	1.101701E-05	0.001069493	0.08463859	4.714005	123.0494	595.3381	823.2762	950.9443	1061.208	1166.68	1270.212	1372.715	1474.584	1576.031	1677.182	1778.114	1878.881	1979.516	2080.045
386.75	9.416771E-08	1.102253E-05	0.001070169	0.08470526	4.71856	123.1677	595.4103	823.259	950.9318	1061.198	1166.673	1270.206	1372.71	1474.58	1576.028	1677.179	1778.112	1878.879	1979.515	2080.044
387.4	9.420416E-08	1.102801E-05	0.001070842	0.08477163	4.723098	123.2855	595.4817	823.2418	950.9194	1061.189	1166.665	1270.2	1372.705	1474.576	1576.025	1677.176	1778.109	1878.877	1979.513	2080.042
388.05	9.424038E-08	1.103347E-05	0.001071511	0.08483773	4.72762	123.4029	595.5522	823.2246	950.9069	1061.18	1166.658	1270.194	1372.7	1474.572	1576.021	1677.173	1778.107	1878.875	1979.511	2080.041
388.7	9.427636E-08	1.103889E-05	0.001072177	0.08490355	4.732125	123.5198	595.6218	823.2075	950.8945	1061.17	1166.651	1270.188	1372.695	1474.568	1576.018	1677.17	1778.104	1878.873	1979.509	2080.039
389.35	9.431211E-08	1.104429E-05	0.00107284	0.08496907	4.736614	123.6363	595.6904	823.1902	950.882	1061.161	1166.643	1270.182	1372.691	1474.564	1576.014	1677.167	1778.102	1878.871	1979.508	2080.038
390	9.434762E-08	1.104965E-05	0.001073499	0.08503433	4.741087	123.7523	595.7583	823.173	950.8696	1061.151	1166.636	1270.177	1372.686	1474.56	1576.011	1677.164	1778.1	1878.869	1979.506	2080.036
390.65	9.43829E-08	1.105498E-05	0.001074155	0.08509929	4.745544	123.868	595.8253	823.1559	950.8571	1061.142	1166.629	1270.171	1372.681	1474.556	1576.008	1677.162	1778.097	1878.866	1979.504	2080.035
391.3	9.441795E-08	1.106028E-05	0.001074807	0.08516399	4.749985	123.9832	595.8914	823.1387	950.8447	1061.133	1166.622	1270.165	1372.676	1474.552	1576.004	1677.159	1778.095	1878.864	1979.502	2080.033
391.95	9.445277E-08	1.106555E-05	0.001075457	0.0852284	4.754409	124.0979	595.9567	823.1215	950.8322	1061.123	1166.614	1270.159	1372.672	1474.548	1576.001	1677.156	1778.092	1878.862	1979.501	2080.031
392.6	9.448736E-08	1.107079E-05	0.001076103	0.08529254	4.758818	124.2122	596.0212	823.1043	950.8198	1061.114	1166.607	1270.153	1372.667	1474.544	1575.998	1677.153	1778.09	1878.86	1979.499	2080.03
393.25	9.452173E-08	1.1076E-05	0.001076746	0.08535641	4.763211	124.3262	596.0848	823.0871	950.8073	1061.105	1166.6	1270.147	1372.662	1474.54	1575.994	1677.15	1778.088	1878.858	1979.497	2080.029
393.9	9.455587E-08	1.108118E-05	0.001077386	0.08542	4.767588	124.4396	596.1476	823.0699	950.7949	1061.095	1166.592	1270.141	1372.657	1474.536	1575.991	1677.147	1778.085	1878.856	1979.495	2080.027
394.55	9.458979E-08	1.108633E-05	0.001078022	0.08548331	4.771949	124.5527	596.2096	823.0527	950.7823	1061.086	1166.585	1270.136	1372.652	1474.532	1575.988	1677.145	1778.083	1878.854	1979.494	2080.026
395.2	9.462349E-08	1.109145E-05	0.001078656	0.08554636	4.776294	124.6653	596.2708	823.0355	950.7699	1061.077	1166.578	1270.13	1372.648	1474.528	1575.984	1677.142	1778.08	1878.852	1979.492	2080.024
395.85	9.465696E-08	1.109654E-05	0.001079286	0.08560914	4.780624	124.7776	596.3312	823.0183	950.7574	1061.067	1166.571	1270.124	1372.643	1474.524	1575.981	1677.139	1778.078	1878.85	1979.49	2080.022
396.5	9.469022E-08	1.11016E-05	0.001079913	0.08567165	4.784938	124.8894	596.3909	823.0012	950.745	1061.058	1166.563	1270.118	1372.638	1474.52	1575.978	1677.136	1778.075	1878.848	1979.488	2080.021
397.15	9.472326E-08	1.110664E-05	0.001080537	0.08573389	4.789236	125.0007	596.4497	822.9839	950.7326	1061.049	1166.556	1270.112	1372.633	1474.516	1575.974	1677.133	1778.073	1878.846	1979.486	2080.02
397.8	9.475608E-08	1.111164E-05	0.001081158	0.08579586	4.793519	125.1117	596.5078	822.9667	950.7202	1061.039	1166.549	1270.106	1372.628	1474.512	1575.971	1677.13	1778.071	1878.844	1979.485	2080.018
398.45	9.47887E-08	1.111662E-05	0.001081775	0.08585757	4.797787	125.2223	596.5651	822.9496	950.7077	1061.03	1166.541	1270.101	1372.624	1474.509	1575.968	1677.127	1778.068	1878.842	1979.483	2080.016
399.1	9.482109E-08	1.112156E-05	0.00108239	0.08591902	4.802039	125.3324	596.6216	822.9324	950.6953	1061.021	1166.534	1270.095	1372.619	1474.505	1575.964	1677.125	1778.066	1878.839	1979.481	2080.015
399.75	9.485328E-08	1.112648E-05	0.001083001	0.08598019	4.806275	125.4421	596.6774	822.9152	950.6828	1061.011	1166.527	1270.089	1372.614	1474.5	1575.961	1677.122	1778.063	1878.837	1979.479	2080.013
400.4	9.488525E-08	1.113137E-05	0.00108361	0.08604112	4.810497	125.5514	596.7325	822.898	950.6703	1061.002	1166.52	1270.083	1372.609	1474.497	1575.957	1677.119	1778.061	1878.835	1979.478	2080.012
401.05	9.491701E-08	1.113623E-05	0.001084215	0.08610177	4.814703	125.6603	596.7868	822.8808	950.6579	1060.993	1166.512	1270.077	1372.604	1474.493	1575.954	1677.116	1778.058	1878.833	1979.476	2080.01
401.7	9.494858E-08	1.114107E-05	0.001084818	0.08616217	4.818894	125.7688	596.8404	822.8636	950.6454	1060.983	1166.505	1270.071	1372.6	1474.489	1575.951	1677.113	1778.056	1878.831	1979.474	2080.009
402.35	9.497992E-08	1.114587E-05	0.001085417	0.08622231	4.82307	125.8769	596.8932	822.8464	950.633	1060.974	1166.498	1270.066	1372.595	1474.485	1575.947	1677.11	1778.054	1878.829	1979.472	2080.007
403	9.501107E-08	1.115065E-05	0.001086013	0.08628219	4.82723	125.9846	596.9454	822.8293	950.6205	1060.964	1166.49	1270.06	1372.59	1474.481	1575.944	1677.108	1778.051	1878.827	1979.47	2080.006
403.65	9.504201E-08	1.11554E-05	0.001086607	0.08634181	4.831376	126.0919	596.9969	822.8121	950.6081	1060.955	1166.483	1270.054	1372.585	1474.477	1575.941	1677.105	1778.049	1878.825	1979.469	2080.004
404.3	9.507276E-08	1.116012E-05	0.001087197	0.08640119	4.835506	126.1988	597.0477	822.7949	950.5956	1060.946	1166.476	1270.048	1372.581	1474.473	1575.937	1677.102	1778.046	1878.823	1979.467	2080.003
404.95	9.51033E-08	1.116482E-05	0.001087785	0.0864603	4.839622	126.3053	597.0977	822.7777	950.5832	1060.936	1166.469	1270.042	1372.576	1474.469	1575.934	1677.099	1778.044	1878.821	1979.465	2080.001
405.6	9.513364E-08	1.116949E-05	0.001088369	0.08651916	4.843723	126.4114	597.1471	822.7606	950.5707	1060.927	1166.461	1270.036	1372.571	1474.465	1575.931	1677.096	1778.042	1878.819	1979.463	2080
406.25	9.516378E-08	1.117413E-05	0.001088951	0.08657777	4.847809	126.5171	597.1958	822.7433	950.5583	1060.918	1166.454	1270.031	1372.566	1474.461	1575.927	1677.093	1778.039	1878.817	1979.462	2079.998
406.9	9.519372E-08	1.117875E-05	0.001089529	0.08663613	4.851881	126.6223	597.2438	822.7262	950.5458	1060.908	1166.447	1270.025	1372.561	1474.457	1575.924	1677.09	1778.037	1878.815	1979.46	2079.997
407.55	9.522347E-08	1.118334E-05	0.001090105	0.08669424	4.855937	126.7272	597.2912	822.709	950.5334	1060.899	1166.439	1270.019	1372.557	1474.453	1575.921	1677.088	1778.034	1878.813	1979.458	2079.995
408.2	9.525302E-08	1.11879E-05	0.001090678	0.08675209	4.859979	126.8318	597.3379	822.6918	950.521	1060.89	1166.432	1270.013	1372.552	1474.449	1575.917	1677.085	1778.032	1878.811	1979.456	2079.994
408.85	9.528239E-08	1.119244E-05	0.001091248	0.08680971	4.864007	126.9359	597.384	822.6746	950.5085	1060.88	1166.425	1270.007	1372.547	1474.445	1575.914	1677.082	1778.029	1878.808	1979.455	2079.992
409.5	9.531156E-08	1.119695E-05	0.001091816	0.08686707	4.86802	127.0396	597.4294	822.6575	950.4961	1060.871	1166.417	1270.001	1372.542	1474.441	1575.911	1677.079	1778.027	1878.806	1979.453	2079.991
410.15	9.534053E-08	1.120143E-05	0.00109238	0.08692419	4.872018	127.1429	597.4741	822.6403	950.4836	1060.862	1166.41	1269.995	1372.537	1474.437	1575.907	1677.076	1778.025	1878.804	1979.451	2079.989
410.8	9.536932E-08	1.120589E-05	0.001092941	0.08698107	4.876002	127.2459	597.5182	822.6231	950.4712	1060.852	1166.403	1269.99	1372.533	1474.433	1575.904	1677.073	1778.022	1878.802	1979.449	2079.988
411.45	9.539792E-08	1.121033E-05	0.0010935	0.0870377	4.879971	127.3484	597.5618	822.606	950.4587	1060.843	1166.396	1269.984	1372.528	1474.429	1575.9	1677.071	1778.02	1878.8	1979.448	2079.986
412.1	9.542634E-08	1.121473E-05	0.001094056	0.08709408	4.883926	127.4506	597.6047	822.5887	950.4463	1060.834	1166.388	1269.978	1372.523	1474.425	1575.897	1677.068	1778.017	1878.798	1979.446	2079.985
412.75	9.545457E-08	1.121912E-05	0.001094609	0.08715023	4.887867	127.5524	597.6469	822.5716	950.4338	1060.824	1166.381	1269.972	1372.518	1474.421	1575.894	1677.065	1778.015	1878.796	1979.444	2079.983
413.4	9.548261E-08	1.122347E-05	0.00109516	0.08720613	4.891794	127.6538	597.6886	822.5544	950.4214	1060.815	1166.374	1269.966	1372.514	1474.417	1575.89	1677.062	1778.012	1878.794	1979.442	2079.982
414.05	9.551047E-08	1.12278E-05	0.001095707	0.0872618	4.895706	127.7549	597.7296	822.5372	950.409	1060.806	1166.366	1269.96	1372.509	1474.413	1575.887	1677.059	1778.01	1878.792	1979.44	2079.98
414.7	9.553815E-08	1.123211E-05	0.001096252	0.08731723	4.899604	127.8555	597.7701	822.5201	950.3965	1060.796	1166.359	1269.954	1372.504	1474.409	1575.884	1677.056	1778.008	1878.79	1979.439	2079.979
415.35	9.556565E-08	1.12364E-05	0.001096794	0.08737241	4.903488	127.9558	597.8099	822.5029	950.3841	1060.787	1166.352	1269.949	1372.499	1474.405	1575.88	1677.053	1778.005	1878.788	1979.437	2079.977
416	9.559297E-08	1.124065E-05	0.001097334	0.08742737	4.907359	128.0557	597.8492	822.4857	950.3716	1060.777	1166.345	1269.943	1372.495	1474.401	1575.877	1677.051	1778.003	1878.786	1979.435	2079.976
416.65	9.56201E-08	1.124489E-05	0.001097871	0.08748209	4.911214	128.1552	597.8879	822.4686	950.3592	1060.768	1166.337	1269.937	1372.49	1474.397	1575.874	1677.048	1778	1878.784	1979.433	2079.974
417.3	9.564707E-08	1.12491E-05	0.001098405	0.08753657	4.915057	128.2544	597.9261	822.4514	950.3467	1060.759	1166.33	1269.931	1372.485	1474.393	1575.87	1677.045	1777.998	1878.782	1979.432	2079.973
417.95	9.567385E-08	1.125328E-05	0.001098936	0.08759082	4.918885	128.3532	597.9636	822.4343	950.3344	1060.75	1166.323	1269.925	1372.48	1474.389	1575.867	1677.042	1777.995	1878.78	1979.43	2079.971
418.6	9.570046E-08	1.125744E-05	0.001099465	0.08764484	4.922699	128.4516	598.0006	822.4171	950.3219	1060.74	1166.316	1269.919	1372.475	1474.385	1575.864	1677.039	1777.993	1878.777	1979.428	2079.97
419.25	9.57269E-08	1.126158E-05	0.001099991	0.08769862	4.9265	128.5496	598.037	822.3999	950.3094	1060.731	1166.308	1269.914	1372.471	1474.381	1575.86	1677.036	1777.991	1878.775	1979.426	2079.968
419.9	9.575317E-08	1.126569E-05	0.001100514	0.08775218	4.930287	128.6473	598.0729	822.3828	950.297	1060.721	1166.301	1269.908	1372.466	1474.377	1575.857	1677.034	1777.988	1878.773	1979.424	2079.967
420.55	9.577926E-08	1.126978E-05	0.001101035	0.08780551	4.93406	128.7446	598.1083	822.3656	950.2845	1060.712	1166.294	1269.902	1372.461	1474.373	1575.854	1677.031	1777.986	1878.771	1979.423	2079.965
421.2	9.580518E-08	1.127385E-05	0.001101554	0.0878586	4.93782	128.8416	598.1431	822.3484	950.2722	1060.703	1166.286	1269.896	1372.456	1474.369	1575.85	1677.028	1777.983	1878.769	1979.421	2079.964
421.85	9.583093E-08	1.127789E-05	0.001102069	0.08791147	4.941566	128.9381	598.1773	822.3312	950.2597	1060.693	1166.279	1269.89	1372.451	1474.365	1575.847	1677.025	1777.981	1878.767	1979.419	2079.962
422.5	9.585651E-08	1.128191E-05	0.001102582	0.08796412	4.945298	129.0343	598.2111	822.3141	950.2473	1060.684	1166.272	1269.884	1372.447	1474.361	1575.844	1677.022	1777.979	1878.765	1979.417	2079.96
423.15	9.588193E-08	1.128591E-05	0.001103093	0.08801653	4.949017	129.1302	598.2443	822.2969	950.2348	1060.675	1166.265	1269.879	1372.442	1474.357	1575.84	1677.019	1777.976	1878.763	1979.416	2079.959
423.8	9.590718E-08	1.128988E-05	0.001103601	0.08806873	4.952723	129.2257	598.2769	822.2798	950.2224	1060.665	1166.257	1269.873	1372.437	1474.353	1575.837	1677.017	1777.974	1878.761	1979.414	2079.958
424.45	9.593226E-08	1.129383E-05	0.001104106	0.0881207	4.956415	129.3208	598.3091	822.2626	950.21	1060.656	1166.25	1269.867	1372.432	1474.349	1575.833	1677.014	1777.971	1878.759	1979.412	2079.956
425.1	9.595718E-08	1.129776E-05	0.001104609	0.08817244	4.960093	129.4156	598.3408	822.2455	950.1975	1060.647	1166.243	1269.861	1372.427	1474.345	1575.83	1677.011	1777.969	1878.757	1979.41	2079.955
425.75	9.598195E-08	1.130166E-05	0.001105109	0.08822397	4.963759	129.51	598.3719	822.2283	950.1851	1060.637	1166.235	1269.855	1372.423	1474.341	1575.827	1677.008	1777.966	1878.755	1979.409	2079.953
426.4	9.600654E-08	1.130554E-05	0.001105607	0.08827527	4.967411	129.6041	598.4025	822.2111	950.1726	1060.628	1166.228	1269.849	1372.418	1474.337	1575.823	1677.005	1777.964	1878.753	1979.407	2079.951
427.05	9.603097E-08	1.130941E-05	0.001106103	0.08832636	4.97105	129.6978	598.4327	822.194	950.1602	1060.619	1166.221	1269.844	1372.413	1474.333	1575.82	1677.002	1777.962	1878.75	1979.405	2079.95
427.7	9.605525E-08	1.131324E-05	0.001106596	0.08837722	4.974676	129.7912	598.4623	822.1768	950.1478	1060.609	1166.214	1269.838	1372.408	1474.329	1575.817	1677	1777.959	1878.748	1979.403	2079.948
428.35	9.607937E-08	1.131706E-05	0.001107086	0.08842786	4.978288	129.8842	598.4915	822.1597	950.1353	1060.6	1166.206	1269.832	1372.404	1474.325	1575.813	1676.997	1777.957	1878.746	1979.401	2079.947
429	9.610333E-08	1.132085E-05	0.001107574	0.0884783	4.981888	129.9768	598.5202	822.1425	950.1229	1060.591	1166.199	1269.826	1372.399	1474.321	1575.81	1676.994	1777.954	1878.744	1979.4	2079.946
429.65	9.612713E-08	1.132463E-05	0.00110806	0.08852851	4.985475	130.0692	598.5484	822.1254	950.1105	1060.581	1166.192	1269.82	1372.394	1474.317	1575.807	1676.991	1777.952	1878.742	1979.398	2079.944
430.3	9.615078E-08	1.132838E-05	0.001108543	0.08857851	4.989048	130.1611	598.5762	822.1082	950.098	1060.572	1166.184	1269.814	1372.389	1474.313	1575.803	1676.988	1777.949	1878.74	1979.396	2079.942
430.95	9.617427E-08	1.133211E-05	0.001109023	0.08862829	4.992609	130.2527	598.6035	822.0911	950.0856	1060.563	1166.177	1269.808	1372.384	1474.309	1575.8	1676.985	1777.947	1878.738	1979.394	2079.941
431.6	9.619761E-08	1.133581E-05	0.001109502	0.08867787	4.996157	130.344	598.6302	822.0739	950.0732	1060.553	1166.17	1269.803	1372.38	1474.305	1575.797	1676.982	1777.945	1878.736	1979.393	2079.939
432.25	9.622079E-08	1.13395E-05	0.001109977	0.08872722	4.999691	130.4349	598.6566	822.0568	950.0607	1060.544	1166.163	1269.797	1372.375	1474.301	1575.793	1676.98	1777.942	1878.734	1979.391	2079.938
432.9	9.624383E-08	1.134317E-05	0.001110451	0.08877637	5.003214	130.5255	598.6825	822.0397	950.0483	1060.535	1166.155	1269.791	1372.37	1474.297	1575.79	1676.977	1777.94	1878.732	1979.389	2079.936
433.55	9.626672E-08	1.134681E-05	0.001110922	0.08882531	5.006723	130.6158	598.7079	822.0225	950.0359	1060.525	1166.148	1269.785	1372.365	1474.293	1575.786	1676.974	1777.937	1878.73	1979.387	2079.935
434.2	9.628945E-08	1.135043E-05	0.001111391	0.08887403	5.01022	130.7057	598.733	822.0054	950.0234	1060.516	1166.141	1269.779	1372.36	1474.289	1575.783	1676.971	1777.935	1878.728	1979.386	2079.933
434.85	9.631204E-08	1.135404E-05	0.001111857	0.08892255	5.013704	130.7952	598.7575	821.9882	950.011	1060.506	1166.133	1269.773	1372.356	1474.285	1575.78	1676.968	1777.932	1878.726	1979.384	2079.932
435.5	9.633447E-08	1.135762E-05	0.001112322	0.08897086	5.017176	130.8845	598.7816	821.9711	949.9986	1060.497	1166.126	1269.768	1372.351	1474.281	1575.776	1676.965	1777.93	1878.724	1979.382	2079.93
436.15	9.635676E-08	1.136118E-05	0.001112783	0.08901896	5.020634	130.9733	598.8054	821.9539	949.9861	1060.488	1166.119	1269.762	1372.346	1474.277	1575.773	1676.963	1777.928	1878.722	1979.38	2079.929
436.8	9.637891E-08	1.136472E-05	0.001113243	0.08906686	5.024081	131.0619	598.8286	821.9368	949.9737	1060.479	1166.112	1269.756	1372.341	1474.274	1575.77	1676.96	1777.925	1878.719	1979.379	2079.927
437.45	9.640091E-08	1.136824E-05	0.0011137	0.08911455	5.027514	131.1501	598.8514	821.9196	949.9613	1060.469	1166.104	1269.75	1372.337	1474.27	1575.766	1676.957	1777.923	1878.717	1979.377	2079.926
438.1	9.642277E-08	1.137174E-05	0.001114155	0.08916204	5.030936	131.238	598.8739	821.9025	949.9489	1060.46	1166.097	1269.744	1372.332	1474.266	1575.763	1676.954	1777.92	1878.715	1979.375	2079.924
438.75	9.644449E-08	1.137522E-05	0.001114607	0.08920932	5.034345	131.3256	598.8959	821.8854	949.9364	1060.45	1166.09	1269.738	1372.327	1474.262	1575.76	1676.951	1777.918	1878.713	1979.373	2079.923
439.4	9.646606E-08	1.137868E-05	0.001115058	0.0892564	5.037742	131.4128	598.9175	821.8682	949.924	1060.441	1166.082	1269.733	1372.322	1474.258	1575.756	1676.948	1777.916	1878.711	1979.371	2079.921
440.05	9.648749E-08	1.138212E-05	0.001115506	0.08930328	5.041126	131.4997	598.9387	821.8511	949.9116	1060.432	1166.075	1269.727	1372.318	1474.254	1575.753	1676.945	1777.913	1878.709	1979.37	2079.92
440.7	9.650878E-08	1.138554E-05	0.001115952	0.08934996	5.044498	131.5863	598.9595	821.834	949.8991	1060.422	1166.068	1269.721	1372.313	1474.25	1575.75	1676.943	1777.911	1878.707	1979.368	2079.918
441.35	9.652993E-08	1.138894E-05	0.001116395	0.08939643	5.047859	131.6725	598.9799	821.8168	949.8867	1060.413	1166.061	1269.715	1372.308	1474.246	1575.746	1676.94	1777.908	1878.705	1979.366	2079.917
442	9.655095E-08	1.139232E-05	0.001116837	0.08944271	5.051207	131.7584	598.9998	821.7997	949.8743	1060.404	1166.053	1269.709	1372.303	1474.242	1575.743	1676.937	1777.906	1878.703	1979.364	2079.915
442.65	9.657182E-08	1.139568E-05	0.001117276	0.08948879	5.054542	131.844	599.0195	821.7825	949.8618	1060.394	1166.046	1269.703	1372.298	1474.238	1575.74	1676.934	1777.903	1878.701	1979.363	2079.914
443.3	9.659257E-08	1.139902E-05	0.001117713	0.08953467	5.057866	131.9293	599.0386	821.7654	949.8494	1060.385	1166.039	1269.698	1372.294	1474.234	1575.736	1676.931	1777.901	1878.699	1979.361	2079.912
443.95	9.661317E-08	1.140235E-05	0.001118148	0.08958035	5.061177	132.0143	599.0575	821.7483	949.837	1060.376	1166.031	1269.692	1372.289	1474.23	1575.733	1676.928	1777.899	1878.697	1979.359	2079.911
444.6	9.663364E-08	1.140565E-05	0.00111858	0.08962584	5.064477	132.0989	599.0759	821.7311	949.8246	1060.366	1166.024	1269.686	1372.284	1474.226	1575.729	1676.926	1777.896	1878.695	1979.357	2079.909
445.25	9.665398E-08	1.140894E-05	0.001119011	0.08967113	5.067765	132.1832	599.094	821.7141	949.8121	1060.357	1166.017	1269.68	1372.279	1474.222	1575.726	1676.923	1777.894	1878.693	1979.355	2079.908
445.9	9.667418E-08	1.14122E-05	0.001119439	0.08971623	5.071041	132.2672	599.1117	821.6969	949.7997	1060.348	1166.01	1269.674	1372.274	1474.218	1575.723	1676.92	1777.891	1878.691	1979.354	2079.906
446.55	9.669425E-08	1.141545E-05	0.001119865	0.08976115	5.074305	132.3508	599.129	821.6798	949.7873	1060.338	1166.002	1269.668	1372.27	1474.214	1575.719	1676.917	1777.889	1878.688	1979.352	2079.905
447.2	9.671419E-08	1.141868E-05	0.001120289	0.08980586	5.077557	132.4342	599.146	821.6627	949.7748	1060.329	1165.995	1269.662	1372.265	1474.21	1575.716	1676.914	1777.886	1878.686	1979.35	2079.903
447.85	9.6734E-08	1.142189E-05	0.001120711	0.08985038	5.080797	132.5172	599.1626	821.6455	949.7625	1060.32	1165.988	1269.657	1372.26	1474.206	1575.713	1676.911	1777.884	1878.684	1979.349	2079.902
448.5	9.675368E-08	1.142508E-05	0.001121131	0.08989471	5.084025	132.6	599.1788	821.6284	949.75	1060.31	1165.98	1269.651	1372.255	1474.202	1575.709	1676.909	1777.882	1878.682	1979.347	2079.9
449.15	9.677323E-08	1.142825E-05	0.001121549	0.08993885	5.087242	132.6824	599.1948	821.6113	949.7376	1060.301	1165.973	1269.645	1372.25	1474.198	1575.706	1676.906	1777.879	1878.68	1979.345	2079.899
449.8	9.679265E-08	1.143141E-05	0.001121965	0.08998281	5.090447	132.7645	599.2103	821.5942	949.7252	1060.292	1165.966	1269.639	1372.246	1474.194	1575.703	1676.903	1777.877	1878.678	1979.343	2079.897
450.45	9.681195E-08	1.143454E-05	0.001122378	0.09002656	5.093641	132.8463	599.2255	821.577	949.7127	1060.282	1165.959	1269.633	1372.241	1474.19	1575.699	1676.9	1777.874	1878.676	1979.341	2079.896
451.1	9.683112E-08	1.143766E-05	0.00112279	0.09007014	5.096823	132.9278	599.2403	821.5599	949.7003	1060.273	1165.951	1269.627	1372.236	1474.186	1575.696	1676.897	1777.872	1878.674	1979.34	2079.894
451.75	9.685017E-08	1.144076E-05	0.001123199	0.09011354	5.099994	133.0089	599.2548	821.5428	949.6879	1060.264	1165.944	1269.622	1372.231	1474.182	1575.693	1676.894	1777.87	1878.672	1979.338	2079.893
452.4	9.686909E-08	1.144385E-05	0.001123606	0.09015673	5.103153	133.0898	599.269	821.5257	949.6755	1060.254	1165.937	1269.616	1372.227	1474.178	1575.689	1676.891	1777.867	1878.67	1979.336	2079.891
453.05	9.688788E-08	1.144691E-05	0.001124012	0.09019975	5.1063	133.1704	599.2828	821.5085	949.663	1060.245	1165.93	1269.61	1372.222	1474.174	1575.686	1676.889	1777.865	1878.668	1979.334	2079.89
453.7	9.690655E-08	1.144996E-05	0.001124415	0.09024259	5.109437	133.2506	599.2963	821.4915	949.6506	1060.236	1165.922	1269.604	1372.217	1474.17	1575.683	1676.886	1777.862	1878.666	1979.333	2079.888
454.35	9.692511E-08	1.145299E-05	0.001124816	0.09028523	5.112561	133.3306	599.3095	821.4744	949.6382	1060.226	1165.915	1269.598	1372.212	1474.166	1575.679	1676.883	1777.86	1878.664	1979.331	2079.886
455	9.694354E-08	1.1456E-05	0.001125215	0.0903277	5.115675	133.4102	599.3224	821.4572	949.6258	1060.217	1165.908	1269.592	1372.207	1474.162	1575.676	1676.88	1777.857	1878.662	1979.329	2079.885
455.65	9.696185E-08	1.1459E-05	0.001125613	0.09036998	5.118777	133.4896	599.3349	821.4401	949.6133	1060.208	1165.9	1269.587	1372.203	1474.158	1575.672	1676.877	1777.855	1878.66	1979.327	2079.884
456.3	9.698004E-08	1.146198E-05	0.001126008	0.09041209	5.121868	133.5686	599.3471	821.423	949.601	1060.198	1165.893	1269.581	1372.198	1474.154	1575.669	1676.874	1777.853	1878.657	1979.325	2079.882
456.95	9.699811E-08	1.146494E-05	0.001126401	0.09045401	5.124948	133.6474	599.359	821.4059	949.5885	1060.189	1165.886	1269.575	1372.193	1474.15	1575.666	1676.872	1777.85	1878.655	1979.324	2079.88
457.6	9.701606E-08	1.146788E-05	0.001126793	0.09049576	5.128016	133.7258	599.3705	821.3888	949.5761	1060.18	1165.879	1269.569	1372.188	1474.146	1575.662	1676.869	1777.848	1878.653	1979.322	2079.879
458.25	9.70339E-08	1.147081E-05	0.001127182	0.09053732	5.131074	133.804	599.3818	821.3716	949.5637	1060.17	1165.871	1269.563	1372.184	1474.142	1575.659	1676.866	1777.845	1878.651	1979.32	2079.877
458.9	9.705162E-08	1.147372E-05	0.001127569	0.09057871	5.13412	133.8818	599.3928	821.3546	949.5513	1060.161	1165.864	1269.557	1372.179	1474.138	1575.656	1676.863	1777.843	1878.649	1979.318	2079.876
459.55	9.706923E-08	1.147661E-05	0.001127955	0.09061991	5.137156	133.9594	599.4035	821.3375	949.5388	1060.152	1165.857	1269.552	1372.174	1474.134	1575.652	1676.86	1777.84	1878.647	1979.317	2079.875
460.2	9.708671E-08	1.147949E-05	0.001128339	0.09066094	5.14018	134.0366	599.4138	821.3204	949.5264	1060.142	1165.849	1269.546	1372.169	1474.13	1575.649	1676.857	1777.838	1878.645	1979.315	2079.873
460.85	9.710408E-08	1.148235E-05	0.00112872	0.0907018	5.143193	134.1136	599.4239	821.3032	949.514	1060.133	1165.842	1269.54	1372.164	1474.126	1575.646	1676.854	1777.836	1878.643	1979.313	2079.871
461.5	9.712134E-08	1.148519E-05	0.0011291	0.09074248	5.146196	134.1903	599.4337	821.2861	949.5016	1060.124	1165.835	1269.534	1372.16	1474.122	1575.642	1676.852	1777.833	1878.641	1979.311	2079.87
462.15	9.71385E-08	1.148802E-05	0.001129478	0.09078299	5.149188	134.2667	599.4432	821.269	949.4891	1060.114	1165.828	1269.528	1372.155	1474.118	1575.639	1676.849	1777.831	1878.639	1979.31	2079.868
462.8	9.715553E-08	1.149083E-05	0.001129854	0.09082332	5.152168	134.3428	599.4523	821.252	949.4767	1060.105	1165.82	1269.522	1372.15	1474.114	1575.636	1676.846	1777.828	1878.637	1979.308	2079.867
463.45	9.717245E-08	1.149363E-05	0.001130228	0.09086347	5.155138	134.4186	599.4612	821.2348	949.4643	1060.096	1165.813	1269.517	1372.145	1474.11	1575.632	1676.843	1777.826	1878.635	1979.306	2079.865
464.1	9.718926E-08	1.149641E-05	0.0011306	0.09090346	5.158097	134.4941	599.4699	821.2177	949.4519	1060.086	1165.806	1269.511	1372.141	1474.106	1575.629	1676.84	1777.823	1878.633	1979.304	2079.864
464.75	9.720597E-08	1.149917E-05	0.00113097	0.09094328	5.161046	134.5693	599.4782	821.2006	949.4395	1060.077	1165.798	1269.505	1372.136	1474.102	1575.626	1676.838	1777.821	1878.631	1979.302	2079.862
465.4	9.722257E-08	1.150192E-05	0.001131339	0.09098292	5.163984	134.6443	599.4863	821.1835	949.4271	1060.068	1165.791	1269.499	1372.131	1474.098	1575.622	1676.835	1777.819	1878.629	1979.301	2079.861
466.05	9.723905E-08	1.150465E-05	0.001131705	0.09102239	5.166911	134.7189	599.4941	821.1664	949.4147	1060.058	1165.784	1269.493	1372.126	1474.094	1575.619	1676.832	1777.816	1878.626	1979.299	2079.859
466.7	9.725543E-08	1.150736E-05	0.00113207	0.0910617	5.169827	134.7933	599.5016	821.1494	949.4022	1060.049	1165.777	1269.487	1372.121	1474.09	1575.616	1676.829	1777.814	1878.624	1979.297	2079.858
467.35	9.72717E-08	1.151006E-05	0.001132433	0.09110083	5.172733	134.8674	599.5089	821.1323	949.3898	1060.04	1165.769	1269.482	1372.117	1474.086	1575.612	1676.826	1777.811	1878.622	1979.295	2079.856
468	9.728787E-08	1.151275E-05	0.001132794	0.0911398	5.175629	134.9412	599.5159	821.1152	949.3774	1060.03	1165.762	1269.476	1372.112	1474.082	1575.609	1676.823	1777.809	1878.62	1979.294	2079.855
468.65	9.730392E-08	1.151542E-05	0.001133154	0.0911786	5.178514	135.0148	599.5226	821.098	949.365	1060.021	1165.755	1269.47	1372.107	1474.078	1575.605	1676.82	1777.807	1878.618	1979.292	2079.853
469.3	9.731988E-08	1.151807E-05	0.001133511	0.09121724	5.181388	135.088	599.5291	821.0809	949.3526	1060.012	1165.748	1269.464	1372.102	1474.074	1575.602	1676.818	1777.804	1878.616	1979.29	2079.852
469.95	9.733573E-08	1.152071E-05	0.001133867	0.09125571	5.184252	135.161	599.5352	821.0638	949.3401	1060.002	1165.74	1269.458	1372.097	1474.071	1575.599	1676.815	1777.802	1878.614	1979.288	2079.85
470.6	9.735147E-08	1.152333E-05	0.001134221	0.09129401	5.187106	135.2337	599.5412	821.0468	949.3278	1059.993	1165.733	1269.452	1372.093	1474.067	1575.595	1676.812	1777.799	1878.612	1979.287	2079.849
471.25	9.736712E-08	1.152594E-05	0.001134573	0.09133215	5.189949	135.3061	599.5469	821.0297	949.3153	1059.984	1165.726	1269.447	1372.088	1474.063	1575.592	1676.809	1777.797	1878.61	1979.285	2079.847
471.9	9.738266E-08	1.152854E-05	0.001134924	0.09137013	5.192782	135.3783	599.5523	821.0126	949.3029	1059.974	1165.718	1269.441	1372.083	1474.059	1575.589	1676.806	1777.794	1878.608	1979.283	2079.846
472.55	9.73981E-08	1.153111E-05	0.001135272	0.09140794	5.195605	135.4501	599.5575	820.9955	949.2905	1059.965	1165.711	1269.435	1372.078	1474.055	1575.585	1676.803	1777.792	1878.606	1979.281	2079.844
473.2	9.741343E-08	1.153368E-05	0.001135619	0.0914456	5.198417	135.5217	599.5624	820.9784	949.2781	1059.956	1165.704	1269.429	1372.074	1474.051	1575.582	1676.801	1777.79	1878.604	1979.28	2079.843
473.85	9.742867E-08	1.153623E-05	0.001135965	0.09148308	5.201219	135.5931	599.5671	820.9614	949.2657	1059.946	1165.697	1269.423	1372.069	1474.047	1575.579	1676.798	1777.787	1878.602	1979.278	2079.841
474.5	9.744381E-08	1.153876E-05	0.001136308	0.09152041	5.204011	135.6641	599.5717	820.9443	949.2533	1059.937	1165.689	1269.417	1372.064	1474.043	1575.575	1676.795	1777.785	1878.599	1979.276	2079.84
475.15	9.745885E-08	1.154128E-05	0.00113665	0.09155758	5.206793	135.7349	599.5759	820.9272	949.2408	1059.928	1165.682	1269.411	1372.059	1474.039	1575.572	1676.792	1777.782	1878.598	1979.274	2079.838
475.8	9.747379E-08	1.154379E-05	0.00113699	0.09159458	5.209565	135.8054	599.5798	820.9101	949.2285	1059.918	1165.675	1269.406	1372.054	1474.035	1575.569	1676.789	1777.78	1878.595	1979.272	2079.837
476.45	9.748864E-08	1.154628E-05	0.001137328	0.09163143	5.212327	135.8757	599.5836	820.893	949.2161	1059.909	1165.667	1269.4	1372.05	1474.031	1575.565	1676.786	1777.777	1878.593	1979.271	2079.835
477.1	9.750338E-08	1.154875E-05	0.001137665	0.09166813	5.215079	135.9456	599.5871	820.8759	949.2036	1059.9	1165.66	1269.394	1372.045	1474.027	1575.562	1676.783	1777.775	1878.591	1979.269	2079.834
477.75	9.751803E-08	1.155121E-05	0.001138	0.09170467	5.217821	136.0154	599.5904	820.8588	949.1912	1059.89	1165.653	1269.388	1372.04	1474.023	1575.559	1676.781	1777.773	1878.589	1979.267	2079.832
478.4	9.753258E-08	1.155366E-05	0.001138333	0.09174104	5.220552	136.0848	599.5934	820.8417	949.1788	1059.881	1165.646	1269.382	1372.035	1474.019	1575.555	1676.778	1777.77	1878.587	1979.265	2079.831
479.05	9.754704E-08	1.15561E-05	0.001138665	0.09177727	5.223274	136.154	599.5963	820.8247	949.1664	1059.872	1165.638	1269.376	1372.031	1474.015	1575.552	1676.775	1777.768	1878.585	1979.264	2079.829
479.7	9.756141E-08	1.155852E-05	0.001138995	0.09181333	5.225986	136.2229	599.5989	820.8076	949.154	1059.862	1165.631	1269.371	1372.026	1474.011	1575.549	1676.772	1777.765	1878.583	1979.262	2079.828
480.35	9.757568E-08	1.156092E-05	0.001139323	0.09184924	5.228689	136.2915	599.6013	820.7905	949.1416	1059.853	1165.624	1269.365	1372.021	1474.007	1575.545	1676.769	1777.763	1878.581	1979.26	2079.826
481	9.758985E-08	1.156331E-05	0.00113965	0.091885	5.231381	136.3599	599.6035	820.7734	949.1292	1059.844	1165.617	1269.359	1372.016	1474.003	1575.542	1676.766	1777.76	1878.579	1979.258	2079.825
481.65	9.760394E-08	1.156569E-05	0.001139975	0.0919206	5.234064	136.4281	599.6054	820.7563	949.1168	1059.834	1165.609	1269.353	1372.011	1473.999	1575.538	1676.764	1777.758	1878.577	1979.257	2079.823
482.3	9.761794E-08	1.156806E-05	0.001140298	0.09195605	5.236736	136.4959	599.6072	820.7393	949.1044	1059.825	1165.602	1269.347	1372.007	1473.995	1575.535	1676.761	1777.756	1878.575	1979.255	2079.822
482.95	9.763183E-08	1.157041E-05	0.00114062	0.09199135	5.239399	136.5635	599.6087	820.7222	949.0919	1059.816	1165.595	1269.342	1372.002	1473.991	1575.532	1676.758	1777.753	1878.573	1979.253	2079.82
483.6	9.764565E-08	1.157275E-05	0.00114094	0.0920265	5.242053	136.6309	599.61	820.7051	949.0795	1059.806	1165.587	1269.336	1371.997	1473.987	1575.528	1676.755	1777.751	1878.571	1979.251	2079.819
484.25	9.765937E-08	1.157507E-05	0.001141259	0.0920615	5.244697	136.698	599.6111	820.6881	949.0671	1059.797	1165.58	1269.33	1371.992	1473.983	1575.525	1676.752	1777.748	1878.568	1979.25	2079.817
484.9	9.7673E-08	1.157738E-05	0.001141576	0.09209634	5.247331	136.7648	599.6121	820.671	949.0547	1059.788	1165.573	1269.324	1371.988	1473.979	1575.522	1676.749	1777.746	1878.566	1979.248	2079.815
485.55	9.768654E-08	1.157968E-05	0.001141891	0.09213104	5.249956	136.8314	599.6127	820.6539	949.0423	1059.778	1165.566	1269.318	1371.983	1473.975	1575.518	1676.747	1777.744	1878.564	1979.246	2079.814
486.2	9.769999E-08	1.158196E-05	0.001142205	0.09216559	5.252571	136.8977	599.6133	820.6369	949.0299	1059.769	1165.558	1269.312	1371.978	1473.971	1575.515	1676.744	1777.741	1878.562	1979.244	2079.813
486.85	9.771335E-08	1.158423E-05	0.001142517	0.09219999	5.255177	136.9638	599.6136	820.6198	949.0175	1059.76	1165.551	1269.307	1371.973	1473.967	1575.512	1676.741	1777.739	1878.56	1979.242	2079.811
487.5	9.772663E-08	1.158649E-05	0.001142828	0.09223424	5.257773	137.0296	599.6136	820.6027	949.0051	1059.75	1165.544	1269.301	1371.968	1473.963	1575.508	1676.738	1777.736	1878.558	1979.241	2079.81
488.15	9.773982E-08	1.158874E-05	0.001143137	0.09226835	5.26036	137.0952	599.6136	820.5857	948.9927	1059.741	1165.536	1269.295	1371.964	1473.959	1575.505	1676.735	1777.734	1878.556	1979.239	2079.808
488.8	9.775292E-08	1.159097E-05	0.001143444	0.0923023	5.262938	137.1605	599.6133	820.5686	948.9803	1059.732	1165.529	1269.289	1371.959	1473.955	1575.502	1676.732	1777.731	1878.554	1979.237	2079.806
489.45	9.776594E-08	1.159319E-05	0.001143751	0.09233612	5.265505	137.2256	599.6128	820.5516	948.9679	1059.722	1165.522	1269.283	1371.954	1473.951	1575.498	1676.729	1777.729	1878.552	1979.235	2079.805
490.1	9.777888E-08	1.159539E-05	0.001144055	0.09236979	5.268064	137.2904	599.6121	820.5345	948.9555	1059.713	1165.515	1269.277	1371.949	1473.947	1575.495	1676.727	1777.727	1878.55	1979.234	2079.803
490.75	9.779173E-08	1.159759E-05	0.001144358	0.09240331	5.270614	137.3549	599.6113	820.5175	948.9431	1059.704	1165.507	1269.271	1371.944	1473.943	1575.492	1676.724	1777.724	1878.548	1979.232	2079.802
491.4	9.780449E-08	1.159977E-05	0.001144659	0.09243669	5.273154	137.4193	599.6102	820.5004	948.9307	1059.694	1165.5	1269.266	1371.94	1473.939	1575.488	1676.721	1777.722	1878.546	1979.23	2079.801
492.05	9.781717E-08	1.160194E-05	0.001144959	0.09246992	5.275685	137.4834	599.609	820.4833	948.9183	1059.685	1165.493	1269.26	1371.935	1473.935	1575.485	1676.718	1777.719	1878.544	1979.228	2079.799
492.7	9.782977E-08	1.160409E-05	0.001145258	0.09250302	5.278206	137.5472	599.6076	820.4662	948.9059	1059.676	1165.486	1269.254	1371.93	1473.931	1575.482	1676.715	1777.717	1878.542	1979.226	2079.797
493.35	9.784229E-08	1.160624E-05	0.001145555	0.09253597	5.280719	137.6108	599.606	820.4492	948.8934	1059.666	1165.478	1269.248	1371.925	1473.927	1575.478	1676.712	1777.714	1878.54	1979.225	2079.796
494	9.785472E-08	1.160837E-05	0.00114585	0.09256878	5.283223	137.6741	599.6042	820.4321	948.881	1059.657	1165.471	1269.242	1371.921	1473.923	1575.475	1676.71	1777.712	1878.537	1979.223	2079.794
494.65	9.786707E-08	1.161049E-05	0.001146144	0.09260145	5.285717	137.7372	599.6023	820.4151	948.8687	1059.648	1165.464	1269.236	1371.916	1473.919	1575.472	1676.707	1777.71	1878.535	1979.221	2079.793
495.3	9.787934E-08	1.16126E-05	0.001146437	0.09263398	5.288202	137.8001	599.6002	820.398	948.8563	1059.638	1165.457	1269.231	1371.911	1473.915	1575.468	1676.704	1777.707	1878.533	1979.219	2079.791
495.95	9.789154E-08	1.161469E-05	0.001146728	0.09266637	5.290679	137.8627	599.5978	820.381	948.8439	1059.629	1165.449	1269.225	1371.906	1473.911	1575.465	1676.701	1777.705	1878.531	1979.218	2079.79
496.6	9.790365E-08	1.161677E-05	0.001147018	0.09269862	5.293146	137.925	599.5954	820.364	948.8315	1059.62	1165.442	1269.219	1371.901	1473.907	1575.461	1676.698	1777.702	1878.529	1979.216	2079.788
497.25	9.791568E-08	1.161885E-05	0.001147306	0.09273073	5.295604	137.9872	599.5928	820.3469	948.819	1059.61	1165.435	1269.213	1371.897	1473.903	1575.458	1676.695	1777.7	1878.527	1979.214	2079.787
497.9	9.792763E-08	1.16209E-05	0.001147592	0.0927627	5.298054	138.0491	599.59	820.3298	948.8066	1059.601	1165.427	1269.207	1371.892	1473.899	1575.455	1676.693	1777.698	1878.525	1979.212	2079.785
498.55	9.793951E-08	1.162295E-05	0.001147878	0.09279454	5.300494	138.1107	599.587	820.3128	948.7943	1059.592	1165.42	1269.202	1371.887	1473.895	1575.451	1676.69	1777.695	1878.523	1979.211	2079.784
499.2	9.795131E-08	1.162499E-05	0.001148162	0.09282624	5.302926	138.1722	599.5838	820.2957	948.7819	1059.582	1165.413	1269.196	1371.882	1473.891	1575.448	1676.687	1777.693	1878.521	1979.209	2079.782
499.85	9.796303E-08	1.162701E-05	0.001148444	0.0928578	5.305348	138.2334	599.5805	820.2787	948.7695	1059.573	1165.406	1269.19	1371.878	1473.887	1575.445	1676.684	1777.69	1878.519	1979.207	2079.781
500.5	9.797468E-08	1.162902E-05	0.001148725	0.09288923	5.307763	138.2943	599.577	820.2617	948.7571	1059.564	1165.398	1269.184	1371.873	1473.884	1575.441	1676.681	1777.688	1878.517	1979.205	2079.779
501.15	9.798624E-08	1.163102E-05	0.001149005	0.09292053	5.310168	138.355	599.5734	820.2446	948.7446	1059.554	1165.391	1269.178	1371.868	1473.88	1575.438	1676.678	1777.685	1878.515	1979.203	2079.778
501.8	9.799773E-08	1.163301E-05	0.001149283	0.09295169	5.312564	138.4155	599.5696	820.2275	948.7322	1059.545	1165.384	1269.172	1371.863	1473.875	1575.435	1676.676	1777.683	1878.513	1979.202	2079.776
502.45	9.800915E-08	1.163499E-05	0.00114956	0.09298271	5.314952	138.4758	599.5657	820.2105	948.7198	1059.536	1165.376	1269.167	1371.859	1473.872	1575.431	1676.673	1777.681	1878.511	1979.2	2079.775
503.1	9.80205E-08	1.163696E-05	0.001149835	0.0930136	5.317331	138.5358	599.5616	820.1935	948.7075	1059.526	1165.369	1269.161	1371.854	1473.868	1575.428	1676.67	1777.678	1878.509	1979.198	2079.773
503.75	9.803177E-08	1.163891E-05	0.001150109	0.09304436	5.319701	138.5956	599.5573	820.1765	948.6951	1059.517	1165.362	1269.155	1371.849	1473.864	1575.425	1676.667	1777.676	1878.506	1979.196	2079.772
504.4	9.804296E-08	1.164085E-05	0.001150382	0.09307498	5.322063	138.6551	599.5529	820.1594	948.6827	1059.508	1165.355	1269.149	1371.844	1473.86	1575.421	1676.664	1777.673	1878.504	1979.195	2079.77
505.05	9.805409E-08	1.164279E-05	0.001150653	0.09310549	5.324416	138.7145	599.5483	820.1423	948.6703	1059.499	1165.347	1269.143	1371.839	1473.856	1575.418	1676.661	1777.671	1878.502	1979.193	2079.769
505.7	9.806514E-08	1.164471E-05	0.001150923	0.09313585	5.326761	138.7736	599.5436	820.1253	948.6579	1059.489	1165.34	1269.137	1371.835	1473.852	1575.415	1676.658	1777.669	1878.5	1979.191	2079.767
506.35	9.807611E-08	1.164662E-05	0.001151192	0.09316608	5.329097	138.8324	599.5388	820.1083	948.6454	1059.48	1165.333	1269.131	1371.83	1473.848	1575.411	1676.656	1777.666	1878.498	1979.189	2079.766
507	9.808701E-08	1.164852E-05	0.001151459	0.09319619	5.331425	138.8911	599.5338	820.0912	948.6331	1059.47	1165.326	1269.126	1371.825	1473.844	1575.408	1676.653	1777.664	1878.496	1979.188	2079.764
507.65	9.809785E-08	1.165041E-05	0.001151725	0.09322616	5.333744	138.9495	599.5286	820.0742	948.6207	1059.461	1165.318	1269.12	1371.82	1473.84	1575.405	1676.65	1777.661	1878.494	1979.186	2079.763
508.3	9.810861E-08	1.165228E-05	0.001151989	0.09325601	5.336055	139.0077	599.5234	820.0572	948.6083	1059.452	1165.311	1269.114	1371.815	1473.836	1575.401	1676.647	1777.659	1878.492	1979.184	2079.761
508.95	9.811931E-08	1.165415E-05	0.001152253	0.09328573	5.338357	139.0657	599.5179	820.0402	948.5959	1059.443	1165.304	1269.108	1371.811	1473.832	1575.398	1676.644	1777.656	1878.49	1979.182	2079.76
509.6	9.812993E-08	1.165601E-05	0.001152515	0.09331532	5.340651	139.1234	599.5123	820.0231	948.5835	1059.433	1165.297	1269.102	1371.806	1473.828	1575.395	1676.641	1777.654	1878.488	1979.181	2079.758
510.25	9.814048E-08	1.165785E-05	0.001152775	0.09334479	5.342937	139.1809	599.5067	820.006	948.5711	1059.424	1165.289	1269.097	1371.801	1473.824	1575.391	1676.639	1777.652	1878.486	1979.179	2079.757
510.9	9.815096E-08	1.165969E-05	0.001153035	0.09337413	5.345214	139.2382	599.5008	819.989	948.5587	1059.415	1165.282	1269.091	1371.796	1473.82	1575.388	1676.636	1777.649	1878.484	1979.177	2079.755
511.55	9.816138E-08	1.166151E-05	0.001153293	0.09340333	5.347483	139.2953	599.4948	819.972	948.5463	1059.405	1165.275	1269.085	1371.792	1473.816	1575.384	1676.633	1777.647	1878.482	1979.175	2079.754
512.2	9.817173E-08	1.166332E-05	0.001153549	0.09343242	5.349743	139.3522	599.4886	819.955	948.5339	1059.396	1165.267	1269.079	1371.787	1473.812	1575.381	1676.63	1777.644	1878.48	1979.173	2079.752
512.85	9.818201E-08	1.166513E-05	0.001153805	0.09346138	5.351996	139.4088	599.4824	819.9379	948.5215	1059.387	1165.26	1269.073	1371.782	1473.808	1575.378	1676.627	1777.642	1878.478	1979.172	2079.75
513.5	9.819222E-08	1.166692E-05	0.001154059	0.09349022	5.35424	139.4652	599.476	819.921	948.5092	1059.377	1165.253	1269.067	1371.777	1473.804	1575.374	1676.624	1777.64	1878.475	1979.17	2079.749
514.15	9.820237E-08	1.16687E-05	0.001154312	0.09351893	5.356477	139.5215	599.4695	819.9039	948.4968	1059.368	1165.246	1269.062	1371.772	1473.8	1575.371	1676.622	1777.637	1878.473	1979.168	2079.748
514.8	9.821245E-08	1.167048E-05	0.001154564	0.09354752	5.358705	139.5774	599.4628	819.8869	948.4844	1059.359	1165.238	1269.056	1371.768	1473.796	1575.368	1676.619	1777.635	1878.471	1979.166	2079.746
515.45	9.822246E-08	1.167224E-05	0.001154814	0.09357598	5.360925	139.6332	599.4561	819.8699	948.472	1059.349	1165.231	1269.05	1371.763	1473.792	1575.364	1676.616	1777.632	1878.469	1979.165	2079.745
516.1	9.823241E-08	1.167399E-05	0.001155063	0.09360433	5.363136	139.6888	599.4491	819.8528	948.4596	1059.34	1165.224	1269.044	1371.758	1473.788	1575.361	1676.613	1777.63	1878.467	1979.163	2079.743
516.75	9.82423E-08	1.167573E-05	0.001155311	0.09363256	5.36534	139.7441	599.4421	819.8358	948.4472	1059.331	1165.217	1269.038	1371.753	1473.784	1575.358	1676.61	1777.627	1878.465	1979.161	2079.741
517.4	9.825211E-08	1.167746E-05	0.001155558	0.09366065	5.367536	139.7992	599.4349	819.8188	948.4348	1059.321	1165.209	1269.032	1371.749	1473.78	1575.354	1676.607	1777.625	1878.463	1979.159	2079.74
518.05	9.826186E-08	1.167919E-05	0.001155803	0.09368864	5.369724	139.8542	599.4276	819.8018	948.4224	1059.312	1165.202	1269.026	1371.744	1473.776	1575.351	1676.604	1777.623	1878.461	1979.158	2079.739
518.7	9.827156E-08	1.16809E-05	0.001156047	0.09371649	5.371903	139.9089	599.4202	819.7847	948.41	1059.303	1165.195	1269.021	1371.739	1473.772	1575.348	1676.602	1777.62	1878.459	1979.156	2079.737
519.35	9.828118E-08	1.16826E-05	0.00115629	0.09374424	5.374075	139.9633	599.4127	819.7678	948.3976	1059.293	1165.187	1269.015	1371.734	1473.768	1575.344	1676.599	1777.618	1878.457	1979.154	2079.736
520	9.829075E-08	1.168429E-05	0.001156532	0.09377186	5.376239	140.0176	599.405	819.7507	948.3853	1059.284	1165.18	1269.009	1371.729	1473.764	1575.341	1676.596	1777.615	1878.455	1979.152	2079.734
520.65	9.830025E-08	1.168597E-05	0.001156772	0.09379936	5.378396	140.0717	599.3973	819.7337	948.3729	1059.275	1165.173	1269.003	1371.725	1473.76	1575.338	1676.593	1777.613	1878.453	1979.151	2079.732
521.3	9.830969E-08	1.168765E-05	0.001157012	0.09382675	5.380544	140.1255	599.3894	819.7167	948.3605	1059.265	1165.166	1268.997	1371.72	1473.756	1575.334	1676.59	1777.61	1878.451	1979.149	2079.731
521.95	9.831907E-08	1.168931E-05	0.00115725	0.09385402	5.382684	140.1792	599.3814	819.6996	948.3481	1059.256	1165.158	1268.992	1371.715	1473.752	1575.331	1676.588	1777.608	1878.449	1979.147	2079.729
522.6	9.832839E-08	1.169096E-05	0.001157487	0.09388117	5.384817	140.2327	599.3732	819.6827	948.3357	1059.247	1165.151	1268.986	1371.71	1473.748	1575.328	1676.585	1777.606	1878.447	1979.145	2079.728
523.25	9.833764E-08	1.169261E-05	0.001157722	0.0939082	5.386942	140.2859	599.3651	819.6656	948.3233	1059.237	1165.144	1268.98	1371.706	1473.744	1575.324	1676.582	1777.603	1878.444	1979.143	2079.727
523.9	9.834683E-08	1.169424E-05	0.001157957	0.09393512	5.389059	140.3389	599.3567	819.6486	948.3109	1059.228	1165.136	1268.974	1371.701	1473.74	1575.321	1676.579	1777.601	1878.442	1979.142	2079.725
524.55	9.835597E-08	1.169587E-05	0.00115819	0.09396192	5.391168	140.3917	599.3482	819.6317	948.2985	1059.219	1165.129	1268.968	1371.696	1473.736	1575.318	1676.576	1777.598	1878.44	1979.14	2079.723
525.2	9.836504E-08	1.169748E-05	0.001158423	0.0939886	5.39327	140.4444	599.3397	819.6146	948.2861	1059.209	1165.122	1268.962	1371.691	1473.732	1575.314	1676.573	1777.596	1878.438	1979.138	2079.722
525.85	9.837406E-08	1.169909E-05	0.001158654	0.09401517	5.395364	140.4968	599.331	819.5976	948.2737	1059.2	1165.115	1268.957	1371.687	1473.728	1575.311	1676.57	1777.594	1878.436	1979.136	2079.72
526.5	9.838302E-08	1.170069E-05	0.001158884	0.09404164	5.39745	140.549	599.3222	819.5806	948.2614	1059.191	1165.107	1268.951	1371.682	1473.724	1575.307	1676.568	1777.591	1878.434	1979.135	2079.719
527.15	9.839192E-08	1.170228E-05	0.001159112	0.09406798	5.399529	140.601	599.3133	819.5636	948.249	1059.182	1165.1	1268.945	1371.677	1473.72	1575.304	1676.565	1777.589	1878.432	1979.133	2079.717
527.8	9.840075E-08	1.170386E-05	0.00115934	0.09409421	5.401601	140.6528	599.3043	819.5466	948.2366	1059.172	1165.093	1268.939	1371.672	1473.716	1575.301	1676.562	1777.586	1878.43	1979.131	2079.716
528.45	9.840954E-08	1.170543E-05	0.001159566	0.09412033	5.403665	140.7044	599.2952	819.5296	948.2242	1059.163	1165.086	1268.933	1371.667	1473.713	1575.297	1676.559	1777.584	1878.428	1979.129	2079.714
529.1	9.841826E-08	1.170699E-05	0.001159792	0.09414633	5.405721	140.7558	599.2859	819.5126	948.2118	1059.154	1165.078	1268.927	1371.663	1473.708	1575.294	1676.556	1777.581	1878.426	1979.128	2079.713
529.75	9.842693E-08	1.170854E-05	0.001160016	0.09417223	5.40777	140.807	599.2767	819.4956	948.1994	1059.144	1165.071	1268.922	1371.658	1473.704	1575.291	1676.553	1777.579	1878.424	1979.126	2079.711
530.4	9.843554E-08	1.171008E-05	0.001160239	0.09419801	5.409811	140.858	599.2672	819.4786	948.187	1059.135	1165.064	1268.916	1371.653	1473.701	1575.287	1676.551	1777.577	1878.422	1979.124	2079.71
531.05	9.84441E-08	1.171162E-05	0.001160461	0.09422369	5.411845	140.9088	599.2577	819.4616	948.1747	1059.126	1165.057	1268.91	1371.648	1473.697	1575.284	1676.548	1777.574	1878.42	1979.122	2079.708
531.7	9.84526E-08	1.171314E-05	0.001160682	0.09424925	5.413871	140.9594	599.2481	819.4446	948.1623	1059.116	1165.049	1268.904	1371.643	1473.693	1575.281	1676.545	1777.572	1878.418	1979.12	2079.707
532.35	9.846104E-08	1.171466E-05	0.001160901	0.0942747	5.41589	141.0098	599.2384	819.4276	948.1499	1059.107	1165.042	1268.898	1371.639	1473.689	1575.277	1676.542	1777.569	1878.416	1979.119	2079.705
533	9.846943E-08	1.171617E-05	0.00116112	0.09430004	5.417902	141.0601	599.2286	819.4106	948.1375	1059.098	1165.035	1268.892	1371.634	1473.685	1575.274	1676.539	1777.567	1878.413	1979.117	2079.704
533.65	9.847776E-08	1.171767E-05	0.001161338	0.09432527	5.419906	141.1101	599.2186	819.3936	948.1251	1059.088	1165.027	1268.887	1371.629	1473.681	1575.271	1676.536	1777.564	1878.411	1979.115	2079.702
534.3	9.848604E-08	1.171916E-05	0.001161554	0.0943504	5.421903	141.1599	599.2086	819.3766	948.1127	1059.079	1165.02	1268.881	1371.624	1473.677	1575.267	1676.534	1777.562	1878.409	1979.113	2079.701
534.95	9.849426E-08	1.172064E-05	0.001161769	0.09437542	5.423893	141.2095	599.1985	819.3596	948.1003	1059.07	1165.013	1268.875	1371.62	1473.673	1575.264	1676.531	1777.56	1878.407	1979.112	2079.699
535.6	9.850243E-08	1.172211E-05	0.001161984	0.09440033	5.425876	141.259	599.1884	819.3426	948.088	1059.06	1165.006	1268.869	1371.615	1473.669	1575.261	1676.528	1777.557	1878.405	1979.11	2079.698
536.25	9.851055E-08	1.172358E-05	0.001162197	0.09442513	5.427851	141.3082	599.178	819.3256	948.0756	1059.051	1164.998	1268.863	1371.61	1473.665	1575.257	1676.525	1777.555	1878.403	1979.108	2079.696
536.9	9.851862E-08	1.172503E-05	0.001162409	0.09444983	5.429819	141.3573	599.1677	819.3087	948.0632	1059.042	1164.991	1268.857	1371.605	1473.661	1575.254	1676.522	1777.552	1878.401	1979.106	2079.695
537.55	9.852663E-08	1.172648E-05	0.00116262	0.09447442	5.43178	141.4062	599.1572	819.2916	948.0508	1059.032	1164.984	1268.852	1371.6	1473.657	1575.25	1676.519	1777.55	1878.399	1979.105	2079.693
538.2	9.853458E-08	1.172792E-05	0.00116283	0.0944989	5.433733	141.4548	599.1466	819.2747	948.0385	1059.023	1164.977	1268.846	1371.596	1473.653	1575.247	1676.516	1777.548	1878.397	1979.103	2079.692
538.85	9.854249E-08	1.172935E-05	0.001163039	0.09452328	5.43568	141.5033	599.1359	819.2577	948.0261	1059.014	1164.969	1268.84	1371.591	1473.649	1575.244	1676.514	1777.545	1878.395	1979.101	2079.69
539.5	9.855035E-08	1.173078E-05	0.001163247	0.09454755	5.43762	141.5516	599.1252	819.2407	948.0137	1059.005	1164.962	1268.834	1371.586	1473.645	1575.24	1676.511	1777.543	1878.393	1979.099	2079.689
540.15	9.855815E-08	1.173219E-05	0.001163454	0.09457172	5.439552	141.5997	599.1144	819.2237	948.0013	1058.995	1164.955	1268.828	1371.581	1473.641	1575.237	1676.508	1777.54	1878.391	1979.098	2079.687
540.8	9.856591E-08	1.17336E-05	0.00116366	0.09459579	5.441478	141.6476	599.1035	819.2067	947.989	1058.986	1164.948	1268.823	1371.577	1473.637	1575.234	1676.505	1777.538	1878.389	1979.096	2079.686
541.45	9.857361E-08	1.1735E-05	0.001163865	0.09461976	5.443396	141.6954	599.0925	819.1897	947.9766	1058.977	1164.94	1268.817	1371.572	1473.633	1575.23	1676.502	1777.535	1878.387	1979.094	2079.684
542.1	9.858126E-08	1.173639E-05	0.001164068	0.09464362	5.445307	141.7429	599.0814	819.1727	947.9642	1058.967	1164.933	1268.811	1371.567	1473.629	1575.227	1676.499	1777.533	1878.385	1979.092	2079.683
542.75	9.858886E-08	1.173777E-05	0.001164271	0.09466738	5.447212	141.7903	599.0702	819.1558	947.9518	1058.958	1164.926	1268.805	1371.562	1473.625	1575.224	1676.497	1777.531	1878.382	1979.09	2079.681
543.4	9.859642E-08	1.173915E-05	0.001164473	0.09469102	5.449109	141.8374	599.0589	819.1388	947.9394	1058.949	1164.918	1268.799	1371.557	1473.621	1575.22	1676.494	1777.528	1878.38	1979.089	2079.68
544.05	9.860392E-08	1.174051E-05	0.001164674	0.09471458	5.451	141.8844	599.0476	819.1218	947.9271	1058.939	1164.911	1268.793	1371.553	1473.617	1575.217	1676.491	1777.526	1878.378	1979.087	2079.678
544.7	9.861137E-08	1.174187E-05	0.001164873	0.09473803	5.452884	141.9312	599.0361	819.1048	947.9147	1058.93	1164.904	1268.787	1371.548	1473.613	1575.214	1676.488	1777.523	1878.376	1979.085	2079.677
545.35	9.861878E-08	1.174322E-05	0.001165072	0.09476139	5.45476	141.9778	599.0247	819.0878	947.9023	1058.921	1164.897	1268.782	1371.543	1473.609	1575.21	1676.485	1777.521	1878.374	1979.083	2079.675
546	9.862613E-08	1.174457E-05	0.00116527	0.09478463	5.45663	142.0243	599.0131	819.0709	947.8899	1058.911	1164.889	1268.776	1371.538	1473.605	1575.207	1676.482	1777.519	1878.372	1979.082	2079.674
546.65	9.863344E-08	1.17459E-05	0.001165467	0.09480779	5.458493	142.0705	599.0014	819.0539	947.8776	1058.902	1164.882	1268.77	1371.534	1473.601	1575.204	1676.48	1777.516	1878.37	1979.08	2079.672
547.3	9.86407E-08	1.174723E-05	0.001165662	0.09483084	5.46035	142.1166	598.9897	819.0369	947.8652	1058.893	1164.875	1268.764	1371.529	1473.597	1575.2	1676.477	1777.514	1878.368	1979.078	2079.671
547.95	9.864792E-08	1.174855E-05	0.001165857	0.09485379	5.462199	142.1625	598.9778	819.02	947.8528	1058.883	1164.868	1268.758	1371.524	1473.593	1575.197	1676.474	1777.511	1878.366	1979.076	2079.669
548.6	9.865509E-08	1.174987E-05	0.001166051	0.09487665	5.464042	142.2082	598.9659	819.0029	947.8404	1058.874	1164.86	1268.753	1371.519	1473.589	1575.194	1676.471	1777.509	1878.364	1979.075	2079.667
549.25	9.86622E-08	1.175117E-05	0.001166244	0.0948994	5.465878	142.2538	598.954	818.986	947.828	1058.865	1164.853	1268.747	1371.515	1473.585	1575.19	1676.468	1777.506	1878.362	1979.073	2079.666
549.9	9.866928E-08	1.175247E-05	0.001166436	0.09492206	5.467708	142.2991	598.9419	818.969	947.8157	1058.855	1164.846	1268.741	1371.51	1473.581	1575.187	1676.465	1777.504	1878.36	1979.071	2079.665
550.55	2.333047E-07	1.595951E-05	0.001166627	0.07537463	3.601053	80.05873	294.0527	356.7074	370.9715	376.2825	379.0565	380.7723	381.9287	382.7502	383.3565	383.8175	384.1765	384.4612	384.6902	384.8764
551.2	7.525215E-07	1.693806E-05	0.001166817	0.07512175	3.586626	79.71336	292.7111	355.0337	369.1949	374.452	377.19	378.8791	380.0151	380.8205	381.414	381.8647	382.2153	382.4932	382.7166	382.8983
551.85	2.525123E-06	1.933055E-05	0.001167006	0.07479972	3.569906	79.33253	291.2888	353.2938	367.3743	372.5968	375.3142	376.9893	378.1151	378.9128	379.5004	379.9464	380.2932	380.5681	380.7891	380.9688
552.5	5.729702E-06	2.303898E-05	0.001167194	0.07445068	3.552469	78.94168	289.8462	351.5394	365.5466	370.7403	373.442	375.1071	376.2259	377.0185	377.6022	378.0452	378.3897	378.6627	378.8822	379.0606
553.15	1.00564E-05	2.767414E-05	0.001167381	0.07409225	3.534857	78.54906	288.4022	349.7867	363.723	368.89	371.5775	373.2337	374.3465	375.1349	375.7153	376.1559	376.4985	376.77	376.9882	377.1656
553.8	1.510277E-05	3.286712E-05	0.001167567	0.07373126	3.517248	78.15725	286.9629	348.0406	361.9069	367.0479	369.7218	371.3695	372.4767	373.261	373.8384	374.2767	374.6176	374.8876	375.1048	375.2813
554.45	2.055701E-05	3.836215E-05	0.001167752	0.07337032	3.4997	77.76703	285.5299	346.3025	360.0995	365.2146	367.8752	369.5146	370.6161	371.3965	371.9711	372.4072	372.7463	373.015	373.231	373.4066
555.1	2.622117E-05	4.400563E-05	0.001167937	0.07301043	3.482231	77.37865	284.1038	344.5728	358.3009	363.3905	366.0377	367.6689	368.765	369.5414	370.1131	370.547	370.8844	371.1518	371.3667	371.5415
555.75	3.198185E-05	4.971227E-05	0.00116812	0.07265203	3.464845	76.99217	282.6848	342.8517	356.5112	361.5754	364.2094	365.8325	366.923	367.6956	368.2644	368.6962	369.0319	369.2979	369.5118	369.6857
556.4	3.777782E-05	5.54369E-05	0.001168302	0.07229528	3.447545	76.60762	281.2728	341.1393	354.7305	359.7694	362.3902	364.0052	365.0903	365.859	366.425	366.8546	367.1886	367.4533	367.6661	367.8391
557.05	4.357719E-05	6.115631E-05	0.001168484	0.07194024	3.430331	76.22498	279.8679	339.4353	352.9587	357.9724	360.5801	362.1871	363.2667	364.0316	364.5948	365.0222	365.3546	365.618	365.8297	366.0018
557.7	4.936377E-05	6.685878E-05	0.001168665	0.07158695	3.413203	75.84425	278.47	337.7399	351.1957	356.1844	358.7791	360.378	361.4523	362.2133	362.7737	363.199	363.5297	363.7917	364.0024	364.1737
558.35	5.512949E-05	7.253855E-05	0.001168844	0.0712354	3.396161	75.46542	277.0791	336.0529	349.4415	354.4053	356.987	358.5779	359.6469	360.4041	360.9616	361.3848	361.7139	361.9746	362.1843	362.3547
559	6.087038E-05	7.819279E-05	0.001169023	0.07088561	3.379204	75.08849	275.6951	334.3744	347.6961	352.6351	355.2039	356.7869	357.8505	358.6039	359.1587	359.5798	359.9072	360.1666	360.3752	360.5448
559.65	6.658455E-05	8.38202E-05	0.001169201	0.07053756	3.362331	74.71344	274.3181	332.7042	345.9594	350.8737	353.4297	355.0048	356.0631	356.8128	357.3647	357.7837	358.1095	358.3676	358.5752	358.7439
560.3	7.227114E-05	8.942017E-05	0.001169378	0.07019124	3.345542	74.34026	272.9479	331.0424	344.2314	349.1211	351.6644	353.2316	354.2846	355.0305	355.5798	355.9966	356.3208	356.5777	356.7842	356.952
560.95	7.79298E-05	9.499252E-05	0.001169554	0.06984666	3.328838	73.96895	271.5845	329.3889	342.512	347.3773	349.9079	351.4673	352.515	353.2572	353.8037	354.2185	354.541	354.7966	355.0021	355.1691
561.6	8.356042E-05	0.0001005372	0.00116973	0.06950379	3.312217	73.59949	270.228	327.7437	340.8012	345.6422	348.1602	349.7117	350.7542	351.4927	352.0365	352.4492	352.7701	353.0244	353.2289	353.3951
562.25	8.916303E-05	0.0001060542	0.001169904	0.06916264	3.295679	73.23187	268.8783	326.1066	339.099	343.9158	346.4211	347.965	349.0023	349.7371	350.2781	350.6888	351.0081	351.2611	351.4646	351.6299
562.9	9.47377E-05	0.0001115438	0.001170078	0.06882319	3.279223	72.8661	267.5353	324.4778	337.4052	342.198	344.6908	346.2269	347.259	347.9902	348.5285	348.9371	349.2549	349.5066	349.709	349.8736
563.55	0.0001002845	0.0001170059	0.00117025	0.06848544	3.26285	72.50214	266.199	322.8571	335.7199	340.4887	342.9691	344.4976	345.5245	346.252	346.7877	347.1942	347.5104	347.7609	347.9623	348.126
564.2	0.0001058037	0.0001224408	0.001170422	0.06814937	3.246558	72.14001	264.8693	321.2444	334.043	338.7881	341.256	342.7769	343.7987	344.5226	345.0555	345.4601	345.7746	346.0239	346.2243	346.3872
564.85	0.0001112953	0.0001278485	0.001170593	0.06781498	3.230348	71.77969	263.5464	319.6399	332.3745	337.0959	339.5515	341.0647	342.0815	342.8017	343.332	343.7345	344.0475	344.2955	344.4949	344.657
565.5	0.0001167594	0.0001332291	0.001170763	0.06748226	3.214219	71.42116	262.23	318.0433	330.7144	335.4121	337.8555	339.3612	340.3728	341.0894	341.6171	342.0176	342.329	342.5758	342.7742	342.9355
566.15	0.0001221963	0.0001385829	0.001170932	0.06715121	3.19817	71.06442	260.9202	316.4547	329.0625	333.7368	336.168	337.6661	338.6727	339.3858	339.9108	340.3093	340.6192	340.8647	341.0621	341.2226
566.8	0.0001276059	0.00014391	0.001171101	0.06682181	3.182202	70.70947	259.6169	314.8741	327.4189	332.0698	334.4889	335.9795	336.981	337.6906	338.213	338.6095	338.9178	339.1621	339.3586	339.5182
567.45	0.0001329886	0.0001492104	0.001171268	0.06649405	3.166313	70.35629	258.3202	313.3013	325.7835	330.4112	332.8181	334.3013	335.2979	336.0039	336.5237	336.9182	337.225	337.4681	337.6635	337.8224
568.1	0.0001383444	0.0001544844	0.001171435	0.06616793	3.150504	70.00488	257.0299	311.7364	324.1562	328.7608	331.1557	332.6316	333.6231	334.3256	334.8428	335.2353	335.5406	335.7825	335.9769	336.135
568.75	0.0001436734	0.000159732	0.001171601	0.06584344	3.134773	69.65522	255.7461	310.1794	322.5371	327.1187	329.5017	330.9701	331.9567	332.6557	333.1703	333.5609	333.8646	334.1053	334.2988	334.4561
569.4	0.0001489757	0.0001649534	0.001171766	0.06552057	3.119121	69.3073	254.4687	308.63	320.9261	325.4848	327.8559	329.317	330.2986	330.9941	331.5061	331.8948	332.197	332.4365	332.629	332.7855
570.05	0.0001542516	0.0001701487	0.00117193	0.06519932	3.103548	68.96113	253.1976	307.0885	319.3231	323.859	326.2183	327.6721	328.6489	329.3408	329.8503	330.237	330.5377	330.776	330.9676	331.1233
570.7	0.0001595011	0.0001753181	0.001172093	0.06487966	3.088052	68.61668	251.9329	305.5546	317.7281	322.2414	324.5888	326.0354	327.0073	327.6958	328.2028	328.5875	328.8867	329.1238	329.3144	329.4694
571.35	0.0001647244	0.0001804616	0.001172256	0.06456161	3.072633	68.27396	250.6746	304.0284	316.1411	320.6318	322.9676	324.4069	325.3739	326.059	326.5634	326.9463	327.244	327.4799	327.6696	327.8237
572	0.0001699217	0.0001855794	0.001172418	0.06424513	3.057292	67.93295	249.4225	302.5098	314.562	319.0303	321.3544	322.7865	323.7487	324.4304	324.9323	325.3132	325.6095	325.8442	326.0329	326.1863
572.65	0.0001750929	0.0001906717	0.001172579	0.06393025	3.042027	67.59364	248.1767	300.9988	312.9908	317.4368	319.7493	321.1743	322.1317	322.8099	323.3093	323.6884	323.9831	324.2166	324.4044	324.557
573.3	0.0001802383	0.0001957385	0.001172739	0.06361694	3.026839	67.25602	246.9371	299.4954	311.4275	315.8513	318.1522	319.57	320.5227	321.1975	321.6944	322.0716	322.3648	322.5972	322.7841	322.9359
573.95	0.000185358	0.00020078	0.001172898	0.06330518	3.011726	66.92009	245.7036	297.9995	309.872	314.2737	316.563	317.9738	318.9217	319.5932	320.0876	320.4629	320.7547	320.9859	321.1718	321.3229
574.6	0.0001904521	0.0002057963	0.001173057	0.06299499	2.996689	66.58584	244.4764	296.511	308.3242	312.7039	314.9819	316.3856	317.3287	317.9969	318.4888	318.8622	319.1525	319.3826	319.5676	319.718
575.25	0.0001955207	0.0002107876	0.001173214	0.06268635	2.981726	66.25325	243.2553	295.03	306.7842	311.142	313.4086	314.8053	315.7437	316.4085	316.898	317.2695	317.5584	317.7874	317.9714	318.121
575.9	0.0002005641	0.0002157539	0.001173371	0.06237925	2.966839	65.92233	242.0402	293.5563	305.2518	309.5879	311.8431	313.2329	314.1666	314.8281	315.3152	315.6848	315.9723	316.2	316.3832	316.532
576.55	0.0002055822	0.0002206954	0.001173528	0.06207369	2.952026	65.59306	240.8313	292.0901	303.7271	308.0415	310.2855	311.6683	312.5974	313.2556	313.7402	314.108	314.394	314.6207	314.8029	314.951
577.2	0.0002105753	0.0002256122	0.001173683	0.06176965	2.937287	65.26544	239.6284	290.6311	302.2101	306.5029	308.7357	310.1116	311.036	311.6909	312.1731	312.5391	312.8237	313.0492	313.2305	313.3779
577.85	0.0002155434	0.0002305045	0.001173838	0.06146712	2.922622	64.93945	238.4315	289.1794	300.7006	304.972	307.1936	308.5626	309.4825	310.1341	310.6138	310.978	311.2612	311.4855	311.6659	311.8126
578.5	0.0002204867	0.0002353723	0.001173991	0.06116611	2.90803	64.6151	237.2405	287.735	299.1986	303.4487	305.6592	307.0214	307.9366	308.585	309.0624	309.4247	309.7065	309.9297	310.1092	310.2551
579.15	0.0002254053	0.0002402158	0.001174144	0.06086661	2.89351	64.29236	236.0555	286.2979	297.7042	301.933	304.1325	305.4879	306.3985	307.0436	307.5186	307.8792	308.1595	308.3817	308.5603	308.7054
579.8	0.0002302993	0.0002450351	0.001174297	0.06056859	2.879064	63.97123	234.8765	284.8678	296.2172	300.4249	302.6134	303.962	304.8681	305.51	305.9826	306.3414	306.6203	306.8413	307.019	307.1635
580.45	0.0002351689	0.0002498303	0.001174448	0.06027207	2.864689	63.65171	233.7033	283.4449	294.7376	298.9243	301.1019	302.4438	303.3453	303.984	304.4543	304.8112	305.0888	305.3087	305.4855	305.6293
581.1	0.0002400141	0.0002546016	0.001174599	0.05997703	2.850386	63.33378	232.536	282.0292	293.2654	297.4312	299.5979	300.9331	301.8302	302.4657	302.9336	303.2887	303.5649	303.7837	303.9597	304.1027
581.75	0.0002448352	0.000259349	0.001174749	0.05968346	2.836155	63.01744	231.3745	280.6205	291.8006	295.9456	298.1015	299.43	300.3226	300.9549	301.4205	301.7739	302.0486	302.2664	302.4414	302.5837
582.4	0.0002496321	0.0002640727	0.001174898	0.05939136	2.821995	62.70268	230.2188	279.2188	290.3431	294.4674	296.6125	297.9344	298.8225	299.4517	299.9149	300.2665	300.5399	300.7566	300.9308	301.0724
583.05	0.0002544051	0.0002687728	0.001175047	0.05910072	2.807905	62.3895	229.0689	277.8242	288.8929	292.9966	295.131	296.4462	297.3299	297.956	298.4169	298.7668	299.0388	299.2544	299.4277	299.5686
583.7	0.0002591542	0.0002734494	0.001175195	0.05881153	2.793886	62.07788	227.9248	276.4365	287.4499	291.5331	293.6568	294.9655	295.8448	296.4677	296.9263	297.2744	297.5451	297.7596	297.9321	298.0723
584.35	0.0002638796	0.0002781027	0.001175342	0.05852378	2.779937	61.76781	226.7863	275.0557	286.0141	290.0769	292.1901	293.4922	294.3671	294.9869	295.4432	295.7896	296.0589	296.2724	296.4439	296.5834
585	0.0002685814	0.0002827327	0.001175488	0.05823747	2.766057	61.45929	225.6535	273.6819	284.5855	288.628	290.7306	292.0262	292.8968	293.5135	293.9675	294.3122	294.5802	294.7925	294.9633	295.1021
585.65	0.0002732597	0.0002873396	0.001175633	0.05795259	2.752247	61.15232	224.5264	272.3148	283.1641	287.1864	289.2784	290.5676	291.4338	292.0474	292.4992	292.8421	293.1088	293.3201	293.49	293.6281
586.3	0.0002779146	0.0002919234	0.001175778	0.05766914	2.738506	60.84687	223.405	270.9547	281.7497	285.7519	287.8335	289.1163	289.9781	290.5887	291.0382	291.3794	291.6447	291.855	292.024	292.1614
586.95	0.0002825463	0.0002964844	0.001175922	0.0573871	2.724833	60.54296	222.2891	269.6013	280.3424	284.3246	286.3958	287.6722	288.5297	289.1372	289.5845	289.924	290.188	290.3972	290.5654	290.7021
587.6	0.0002871548	0.0003010225	0.001176066	0.05710647	2.711229	60.24056	221.1788	268.2547	278.9421	282.9044	284.9654	286.2353	287.0886	287.693	288.1381	288.4759	288.7386	288.9467	289.1141	289.2501
588.25	0.0002917403	0.000305538	0.001176208	0.05682724	2.697693	59.93967	220.074	266.9148	277.5489	281.4914	283.542	284.8056	285.6546	286.256	286.6989	287.035	287.2964	287.5035	287.67	287.8053
588.9	0.0002963029	0.000310031	0.00117635	0.0565494	2.684224	59.64029	218.9748	265.5816	276.1626	280.0854	282.1257	283.383	284.2278	284.8262	285.2669	285.6013	285.8614	286.0674	286.2331	286.3678
589.55	0.0003008427	0.0003145014	0.001176491	0.05627295	2.670823	59.3424	217.881	264.255	274.7832	278.6864	280.7166	281.9676	282.8081	283.4036	283.842	284.1748	284.4335	284.6386	284.8034	284.9374
590.2	0.0003053598	0.0003189496	0.001176632	0.05599789	2.657488	59.04599	216.7928	262.9351	273.4106	277.2944	279.3144	280.5592	281.3955	281.988	282.4243	282.7554	283.0128	283.2168	283.3809	283.5142
590.85	0.0003098544	0.0003233755	0.001176772	0.0557242	2.644221	58.75107	215.7099	261.6218	272.045	275.9094	277.9193	279.1578	279.99	280.5795	281.0136	281.343	281.5992	281.8022	281.9654	282.0981
591.5	0.0003143265	0.0003277793	0.001176911	0.05545187	2.631019	58.45762	214.6325	260.315	270.6862	274.5312	276.5311	277.7635	278.5915	279.1781	279.61	279.9378	280.1927	280.3947	280.557	280.6891
592.15	0.0003187762	0.0003321611	0.001177049	0.0551809	2.617883	58.16564	213.5604	259.0148	269.3341	273.16	275.1499	276.3761	277.2	277.7836	278.2133	278.5395	278.7932	278.9941	279.1557	279.287
592.8	0.0003232037	0.0003365211	0.001177187	0.05491129	2.604813	57.87511	212.4937	257.7211	267.9889	271.7956	273.7755	274.9956	275.8154	276.3961	276.8237	277.1483	277.4006	277.6006	277.7614	277.8921
593.45	0.0003276091	0.0003408592	0.001177324	0.05464303	2.591809	57.58604	211.4323	256.4338	266.6503	270.438	272.4081	273.6221	274.4377	275.0156	275.441	275.7639	276.015	276.214	276.374	276.504
594.1	0.0003319925	0.0003451757	0.00117746	0.0543761	2.578869	57.29841	210.3763	255.1529	265.3184	269.0872	271.0475	272.2554	273.067	273.6419	274.0652	274.3865	274.6364	274.8344	274.9935	275.1229
594.75	0.0003363539	0.0003494706	0.001177596	0.05411051	2.565994	57.01222	209.3255	253.8785	263.9932	267.7432	269.6936	270.8955	271.703	272.2751	272.6963	273.016	273.2646	273.4616	273.62	273.7487
595.4	0.0003406936	0.000353744	0.001177731	0.05384625	2.553183	56.72746	208.2799	252.6104	262.6746	266.4058	268.3465	269.5424	270.3459	270.9151	271.3342	271.6523	271.8997	272.0957	272.2533	272.3814
596.05	0.0003450116	0.0003579961	0.001177865	0.0535833	2.540436	56.44412	207.2396	251.3486	261.3625	265.0752	267.0062	268.1961	268.9956	269.562	269.979	270.2955	270.5416	270.7366	270.8934	271.0209
596.7	0.000349308	0.0003622269	0.001177999	0.05332167	2.527753	56.16219	206.2045	250.0932	260.0571	263.7512	265.6725	266.8565	267.652	268.2155	268.6305	268.9454	269.1903	269.3843	269.5403	269.6672
597.35	0.000353583	0.0003664366	0.001178132	0.05306134	2.515133	55.88168	205.1745	248.844	258.7581	262.4337	264.3455	265.5236	266.3151	266.8758	267.2887	267.6021	267.8457	268.0388	268.194	268.3202
598	0.0003578366	0.0003706253	0.001178264	0.05280232	2.502576	55.60256	204.1497	247.6011	257.4657	261.1229	263.0251	264.1973	264.9849	265.5428	265.9536	266.2654	266.5079	266.7	266.8544	266.98
598.65	0.0003620689	0.0003747931	0.001178396	0.05254459	2.490082	55.32484	203.13	246.3643	256.1797	259.8187	261.7114	262.8777	263.6613	264.2165	264.6252	264.9355	265.1767	265.3679	265.5215	265.6465
599.3	0.0003662801	0.00037894	0.001178527	0.05228814	2.47765	55.0485	202.1154	245.1338	254.9001	258.5209	260.4042	261.5647	262.3444	262.8968	263.3035	263.6122	263.8522	264.0424	264.1953	264.3196
599.95	0.0003704703	0.0003830662	0.001178657	0.05203298	2.465281	54.77355	201.1059	243.9094	253.6269	257.2296	259.1035	260.2582	261.034	261.5836	261.9883	262.2954	262.5343	262.7235	262.8757	262.9994
600.6	0.0003746395	0.0003871718	0.001178787	0.0517791	2.452973	54.49997	200.1014	242.6911	252.3601	255.9448	257.8093	258.9582	259.7302	260.277	260.6797	260.9853	261.223	261.4113	261.5627	261.6857
601.25	0.0003787879	0.0003912568	0.001178916	0.05152648	2.440727	54.22775	199.1019	241.4789	251.0996	254.6664	256.5216	257.6648	258.4329	258.977	259.3777	259.6817	259.9182	260.1056	260.2562	260.3787
601.9	0.0003829155	0.0003953215	0.001179044	0.05127512	2.428542	53.95689	198.1074	240.2727	249.8454	253.3944	255.2403	256.3778	257.142	257.6834	258.0821	258.3846	258.6199	258.8064	258.9563	259.0781
602.55	0.0003870226	0.0003993659	0.001179172	0.05102501	2.416417	53.68739	197.1179	239.0726	248.5974	252.1287	253.9654	255.0972	255.8577	256.3964	256.793	257.0941	257.3282	257.5137	257.6628	257.784
603.2	0.0003911091	0.00040339	0.001179299	0.05077616	2.404354	53.41924	196.1333	237.8785	247.3557	250.8694	252.6969	253.823	254.5797	255.1157	255.5104	255.8099	256.0428	256.2274	256.3758	256.4964
603.85	0.0003951752	0.0004073941	0.001179425	0.05052855	2.39235	53.15242	195.1537	236.6903	246.1202	249.6163	251.4347	252.5552	253.3081	253.8414	254.2341	254.5322	254.7639	254.9476	255.0953	255.2153
604.5	0.000399221	0.0004113781	0.001179551	0.05028218	2.380407	52.88694	194.1789	235.5081	244.8909	248.3695	250.1788	251.2937	252.0429	252.5735	252.9643	253.2608	253.4914	253.6742	253.8211	253.9405
605.15	0.0004032466	0.0004153422	0.001179676	0.05003703	2.368523	52.62278	193.209	234.3318	243.6677	247.1289	248.9292	250.0386	250.7839	251.312	251.7007	251.9958	252.2253	252.4071	252.5533	252.6721
605.8	0.000407252	0.0004192866	0.001179801	0.04979311	2.356698	52.35994	192.244	233.1613	242.4506	245.8946	247.6859	248.7897	249.5313	250.0567	250.4435	250.7372	250.9655	251.1464	251.2918	251.4101
606.45	0.0004112374	0.0004232112	0.001179925	0.04955041	2.344933	52.09842	191.2837	231.9967	241.2396	244.6664	246.4487	247.547	248.2849	248.8077	249.1926	249.4848	249.7119	249.8919	250.0367	250.1543
607.1	0.000415203	0.0004271162	0.001180048	0.04930893	2.333226	51.8382	190.3283	230.8379	240.0347	243.4443	245.2177	246.3105	247.0448	247.5649	247.9479	248.2386	248.4646	248.6438	248.7878	248.9048
607.75	0.0004191487	0.0004310017	0.001180171	0.04906864	2.321578	51.57928	189.3776	229.6849	238.8357	242.2283	243.9929	245.0803	245.8108	246.3284	246.7095	246.9987	247.2236	247.4018	247.5451	247.6616
608.4	0.0004230747	0.0004348678	0.001180293	0.04882956	2.309988	51.32165	188.4317	228.5377	237.6428	241.0184	242.7742	243.8561	244.5831	245.098	245.4772	245.765	245.9888	246.1661	246.3087	246.4245
609.05	0.0004269811	0.0004387146	0.001180414	0.04859168	2.298456	51.06531	187.4905	227.3961	236.4558	239.8146	241.5616	242.6381	243.3614	243.8738	244.2511	244.5374	244.7601	244.9365	245.0784	245.1937
609.7	0.0004308679	0.0004425421	0.001180535	0.04835498	2.286981	50.81025	186.554	226.2603	235.2747	238.6167	240.355	241.4261	242.1458	242.6557	243.0311	243.316	243.5375	243.7131	243.8542	243.969
610.35	0.0004347354	0.0004463505	0.001180655	0.04811946	2.275564	50.55647	185.6222	225.1302	234.0995	237.4249	239.1545	240.2203	240.9364	241.4436	241.8172	242.1007	242.3211	242.4958	242.6362	242.7504
611	0.0004385835	0.00045014	0.001180775	0.04788512	2.264204	50.30395	184.6951	224.0057	232.9303	236.239	237.9599	239.0204	239.7329	240.2377	240.6093	240.8914	241.1107	241.2846	241.4243	241.5379
611.65	0.0004424124	0.0004539104	0.001180894	0.04765195	2.252901	50.05269	183.7726	222.8868	231.7668	235.059	236.7713	237.8265	238.5355	239.0377	239.4075	239.6882	239.9064	240.0794	240.2184	240.3315
612.3	0.0004462221	0.000457662	0.001181013	0.04741994	2.241653	49.80269	182.8546	221.7735	230.6092	233.8849	235.5887	236.6386	237.344	237.8438	238.2117	238.491	238.7081	238.8802	239.0186	239.131
612.95	0.0004500129	0.0004613949	0.00118113	0.0471891	2.230463	49.55394	181.9413	220.6658	229.4573	232.7167	234.412	235.4566	236.1585	236.6558	237.0219	237.2998	237.5158	237.687	237.8247	237.9366
613.6	0.0004537847	0.0004651092	0.001181248	0.0469594	2.219328	49.30643	181.0325	219.5636	228.3112	231.5543	233.2411	234.2806	234.979	235.4737	235.838	236.1145	236.3295	236.4998	236.6368	236.7482
614.25	0.0004575376	0.0004688049	0.001181364	0.04673086	2.208249	49.06015	180.1283	218.4669	227.1708	230.3977	232.0761	233.1104	233.8053	234.2975	234.66	234.9351	235.149	235.3186	235.4548	235.5656
614.9	0.0004612718	0.0004724821	0.00118148	0.04650345	2.197225	48.81511	179.2286	217.3757	226.0361	229.2469	230.9169	231.946	232.6375	233.1273	233.4879	233.7617	233.9745	234.1432	234.2788	234.389
615.55	0.0004649873	0.0004761409	0.001181596	0.04627718	2.186256	48.57129	178.3334	216.29	224.9071	228.1019	229.7635	230.7875	231.4755	231.9628	232.3217	232.5941	232.8058	232.9737	233.1086	233.2183
616.2	0.0004686842	0.0004797814	0.001181711	0.04605205	2.175342	48.32869	177.4426	215.2096	223.7837	226.9625	228.6159	229.6347	230.3193	230.8042	231.1613	231.4323	231.643	231.81	231.9442	232.0534
616.85	0.0004723627	0.0004834038	0.001181825	0.04582803	2.164482	48.0873	176.5563	214.1347	222.666	225.8289	227.474	228.4877	229.1689	229.6514	230.0067	230.2763	230.486	230.6521	230.7857	230.8943
617.5	0.0004760228	0.0004870081	0.001181939	0.04560514	2.153677	47.84711	175.6745	213.0651	221.5538	224.7009	226.3378	227.3465	228.0242	228.5043	228.8578	229.1261	229.3347	229.5001	229.633	229.741
618.15	0.0004796647	0.0004905944	0.001182052	0.04538336	2.142925	47.60813	174.797	212.0009	220.4472	223.5786	225.2073	226.2109	226.8853	227.363	227.7147	227.9817	228.1893	228.3537	228.486	228.5935
618.8	0.0004832883	0.0004941627	0.001182165	0.04516268	2.132228	47.37034	173.9239	210.942	219.3461	222.4618	224.0824	225.081	225.752	226.2273	226.5773	226.8429	227.0495	227.2132	227.3447	227.4517
619.45	0.0004868938	0.0004977132	0.001182277	0.04494311	2.121583	47.13374	173.0552	209.8884	218.2505	221.3507	222.9632	223.9568	224.6244	225.0974	225.4456	225.7099	225.9154	226.0783	226.2092	226.3156
620.1	0.0004904813	0.000501246	0.001182388	0.04472464	2.110992	46.89832	172.1908	208.84	217.1603	220.245	221.8495	222.8382	223.5024	223.973	224.3195	224.5825	224.787	224.949	225.0793	225.1852
620.75	0.0004940509	0.0005047611	0.001182499	0.04450725	2.100454	46.66407	171.3307	207.7969	216.0757	219.145	220.7414	221.7251	222.3861	222.8543	223.1991	223.4607	223.6642	223.8254	223.9551	224.0604
621.4	0.0004976026	0.0005082586	0.00118261	0.04429096	2.089969	46.431	170.475	206.759	214.9964	218.0504	219.6388	220.6176	221.2753	221.7412	222.0842	222.3446	222.547	222.7075	222.8365	222.9413
622.05	0.0005011366	0.0005117388	0.001182719	0.04407574	2.079535	46.19909	169.6235	205.7262	213.9225	216.9612	218.5417	219.5157	220.17	220.6336	220.9749	221.234	221.4355	221.5951	221.7234	221.8277
622.7	0.000504653	0.0005152014	0.001182829	0.04386159	2.069155	45.96833	168.7762	204.6987	212.854	215.8775	217.4501	218.4192	219.0703	219.5316	219.8712	220.129	220.3294	220.4883	220.6159	220.7197
623.35	0.0005081517	0.0005186468	0.001182938	0.04364852	2.058825	45.73873	167.9332	203.6762	211.7908	214.7993	216.364	217.3283	217.9761	218.4351	218.773	219.0295	219.2289	219.3869	219.514	219.6173
624	0.000511633	0.000522075	0.001183046	0.04343652	2.048548	45.51028	167.0944	202.6589	210.733	213.7264	215.2833	216.2427	216.8874	217.344	217.6802	217.9354	218.1339	218.2911	218.4176	218.5203
624.65	0.0005150969	0.0005254861	0.001183153	0.04322556	2.038321	45.28297	166.2598	201.6466	209.6804	212.6588	214.208	215.1626	215.804	216.2584	216.593	216.8469	217.0443	217.2008	217.3266	217.4288
625.3	0.0005185435	0.00052888	0.00118326	0.04301567	2.028146	45.05679	165.4294	200.6395	208.6331	211.5966	213.1381	214.0879	214.7261	215.1782	215.5111	215.7638	215.9602	216.1159	216.2411	216.3428
625.95	0.0005219728	0.0005322571	0.001183367	0.04280682	2.018022	44.83174	164.6031	199.6373	207.591	210.5397	212.0735	213.0186	213.6536	214.1035	214.4347	214.6861	214.8815	215.0365	215.161	215.2622
626.6	0.000525385	0.0005356173	0.001183473	0.04259902	2.007948	44.60782	163.7809	198.6401	206.5541	209.4881	211.0142	211.9546	212.5864	213.034	213.3636	213.6137	213.8082	213.9624	214.0863	214.187
627.25	0.0005287802	0.0005389607	0.001183579	0.04239225	1.997925	44.38501	162.9628	197.6479	205.5224	208.4418	209.9602	210.8959	211.5246	211.97	212.2979	212.5468	212.7403	212.8937	213.017	213.1172
627.9	0.0005321584	0.0005422874	0.001183684	0.04218652	1.987951	44.16332	162.1489	196.6607	204.4958	207.4007	208.9115	209.8425	210.4681	210.9112	211.2375	211.4851	211.6777	211.8303	211.953	212.0527
628.55	0.0005355197	0.0005455975	0.001183788	0.04198181	1.978028	43.94274	161.339	195.6784	203.4744	206.3647	207.868	208.7944	209.4168	209.8577	210.1824	210.4288	210.6204	210.7722	210.8943	210.9935
629.2	0.0005388643	0.000548891	0.001183892	0.04177813	1.968154	43.72326	160.5331	194.701	202.4581	205.334	206.8298	207.7515	208.3708	208.8095	209.1326	209.3777	209.5684	209.7195	209.8409	209.9397
629.85	0.0005421921	0.000552168	0.001183995	0.04157546	1.958329	43.50487	159.7313	193.7285	201.4468	204.3083	205.7967	206.7138	207.33	207.7666	208.088	208.3319	208.5216	208.6719	208.7928	208.891
630.5	0.0005455033	0.0005554287	0.001184098	0.04137381	1.948553	43.28757	158.9334	192.7609	200.4406	203.2878	204.7688	205.6813	206.2944	206.7288	207.0486	207.2913	207.4801	207.6297	207.7499	207.8477
631.15	0.000548798	0.0005586731	0.001184201	0.04117316	1.938827	43.07136	158.1396	191.7981	199.4395	202.2725	203.746	204.654	205.264	205.6962	206.0144	206.256	206.4438	206.5926	206.7122	206.8095
631.8	0.0005520761	0.0005619013	0.001184302	0.04097352	1.929148	42.85623	157.3497	190.8401	198.4433	201.2621	202.7283	203.6317	204.2388	204.6688	204.9854	205.2257	205.4126	205.5607	205.6797	205.7765
632.45	0.0005553379	0.0005651134	0.001184404	0.04077487	1.919518	42.64218	156.5638	189.8869	197.4521	200.2569	201.7157	202.6146	203.2186	203.6465	203.9615	204.2007	204.3866	204.5339	204.6524	204.7487
633.1	0.0005585834	0.0005683094	0.001184505	0.04057721	1.909937	42.42919	155.7818	188.9384	196.4659	199.2566	200.7081	201.6026	202.2036	202.6293	202.9428	203.1807	203.3657	203.5123	203.6302	203.726
633.75	0.0005618127	0.0005714895	0.001184605	0.04038055	1.900403	42.21727	155.0036	187.9947	195.4845	198.2614	199.7056	200.5956	201.1936	201.6172	201.9291	202.1658	202.3499	202.4958	202.6131	202.7084
634.4	0.0005650258	0.0005746536	0.001184705	0.04018486	1.890916	42.0064	154.2294	187.0557	194.5081	197.2711	198.7081	199.5937	200.1887	200.6102	200.9205	201.1561	201.3392	201.4844	201.6011	201.6959
635.05	0.000568223	0.0005778019	0.001184804	0.03999015	1.881478	41.79659	153.4591	186.1214	193.5366	196.2857	197.7156	198.5967	199.1888	199.6082	199.9169	200.1513	200.3336	200.478	200.5941	200.6885
635.7	0.0005714041	0.0005809345	0.001184903	0.03979642	1.872086	41.58783	152.6926	185.1917	192.5699	195.3053	196.7281	197.6048	198.1938	198.6111	198.9184	199.1516	199.3329	199.4766	199.5922	199.6861
636.35	0.0005745693	0.0005840515	0.001185001	0.03960365	1.862741	41.38011	151.9299	184.2667	191.608	194.3298	195.7454	196.6178	197.2039	197.6191	197.9248	198.1569	198.3373	198.4803	198.5952	198.6887
637	0.0005777187	0.0005871529	0.001185099	0.03941185	1.853443	41.17343	151.171	183.3463	190.651	193.3591	194.7677	195.6357	196.2189	196.632	196.9362	197.1671	197.3466	197.4889	197.6033	197.6962
637.65	0.0005808524	0.0005902388	0.001185196	0.039221	1.844191	40.96778	150.416	182.4306	189.6987	192.3933	193.7949	194.6585	195.2388	195.6499	195.9526	196.1823	196.3609	196.5025	196.6163	196.7088
638.3	0.0005839704	0.0005933092	0.001185293	0.03903111	1.834985	40.76315	149.6647	181.5193	188.7512	191.4324	192.8269	193.6862	194.2636	194.6726	194.9738	195.2024	195.3801	195.521	195.6342	195.7263
638.95	0.0005870728	0.0005963644	0.00118539	0.03884216	1.825826	40.55955	148.9171	180.6127	187.8084	190.4762	191.8638	192.7188	193.2933	193.7003	193.9999	194.2274	194.4042	194.5444	194.657	194.7486
639.6	0.0005901597	0.0005994042	0.001185486	0.03865416	1.816712	40.35697	148.1733	179.7106	186.8703	189.5248	190.9054	191.7562	192.3278	192.7328	193.0309	193.2572	193.4332	193.5726	193.6848	193.7759
640.25	0.0005932312	0.0006024289	0.001185581	0.0384671	1.807644	40.1554	147.4332	178.8129	185.937	188.5782	189.9519	190.7984	191.3672	191.7701	192.0668	192.2919	192.467	192.6058	192.7173	192.808
640.9	0.0005962874	0.0006054385	0.001185676	0.03828097	1.798621	39.95483	146.6968	177.9198	185.0082	187.6362	189.0031	189.8454	190.4113	190.8122	191.1074	191.3315	191.5057	191.6438	191.7547	191.845
641.55	0.0005993283	0.000608433	0.00118577	0.03809577	1.789643	39.75527	145.9641	177.0311	184.0841	186.699	188.0591	188.8972	189.4603	189.8592	190.1529	190.3758	190.5492	190.6865	190.797	190.8867
642.2	0.000602354	0.0006114126	0.001185864	0.0379115	1.78071	39.5567	145.235	176.1469	183.1647	185.7665	187.1198	187.9536	188.5139	188.9109	189.2031	189.4249	189.5974	189.7341	189.844	189.9333
642.85	0.0006053646	0.0006143773	0.001185958	0.03772815	1.771822	39.35912	144.5096	175.267	182.2498	184.8386	186.1851	187.0148	187.5723	187.9673	188.2581	188.4788	188.6504	188.7864	188.8957	188.9846
643.5	0.0006083601	0.0006173271	0.001186051	0.03754571	1.762977	39.16254	143.7878	174.3916	181.3395	183.9154	185.2551	186.0807	186.6354	187.0284	187.3177	187.5373	187.7081	187.8434	187.9522	188.0406
644.15	0.0006113406	0.0006202622	0.001186143	0.03736418	1.754178	38.96693	143.0696	173.5206	180.4337	182.9967	184.3298	185.1513	185.7032	186.0942	186.3821	186.6006	186.7705	186.9052	187.0134	187.1014
644.8	0.0006143063	0.0006231827	0.001186235	0.03718357	1.745422	38.7723	142.355	172.6538	179.5325	182.0827	183.4091	184.2265	184.7757	185.1647	185.4512	185.6686	185.8376	185.9716	186.0793	186.1669
645.45	0.0006172571	0.0006260885	0.001186327	0.03700385	1.73671	38.57864	141.6439	171.7915	178.6357	181.1732	182.493	183.3063	183.8527	184.2399	184.5249	184.7412	184.9094	185.0427	185.1499	185.237
646.1	0.0006201933	0.0006289799	0.001186418	0.03682503	1.728041	38.38596	140.9364	170.9334	177.7435	180.2683	181.5815	182.3907	182.9344	183.3196	183.6032	183.8184	183.9858	184.1185	184.2251	184.3118
646.75	0.0006231147	0.0006318568	0.001186509	0.03664711	1.719416	38.19423	140.2325	170.0796	176.8557	179.3679	180.6745	181.4797	182.0207	182.4039	182.6861	182.9003	183.0668	183.1988	183.3049	183.3912
647.4	0.0006260215	0.0006347193	0.001186599	0.03647007	1.710833	38.00346	139.532	169.2301	175.9723	178.472	179.7721	180.5732	181.1115	181.4929	181.7736	181.9867	182.1525	182.2838	182.3893	182.4751
648.05	0.0006289138	0.0006375675	0.001186689	0.03629392	1.702294	37.81364	138.8351	168.3848	175.0934	177.5805	178.8742	179.6713	180.2069	180.5863	180.8657	181.0777	181.2426	181.3733	181.4783	181.5637
648.7	0.0006317917	0.0006404015	0.001186778	0.03611864	1.693797	37.62477	138.1416	167.5437	174.2188	176.6935	177.9807	178.7739	179.3068	179.6843	179.9623	180.1733	180.3373	180.4673	180.5719	180.6568
649.35	0.0006346552	0.0006432214	0.001186867	0.03594425	1.685343	37.43685	137.4516	166.7069	173.3486	175.811	177.0917	177.8809	178.4112	178.7868	179.0634	179.2733	179.4366	179.5659	179.6699	179.7545
650	0.0006375043	0.0006460271	0.001186956	0.03577072	1.676931	37.24986	136.7651	165.8742	172.4828	174.9328	176.2072	176.9924	177.5201	177.8938	178.169	178.3779	178.5403	178.669	178.7725	178.8566
