Time (ms)	Sweep 1	Sweep 2	Sweep 3	Sweep 4	Sweep 5	Sweep 6	Sweep 7	Sweep 8	Sweep 9	Sweep 10	Sweep 11	Sweep 12	Sweep 13	Sweep 14	Sweep 15	Sweep 16	Sweep 17	Sweep 18	Sweep 19	Sweep 20
0	-9.725527E-15	-9.725527E-15	-9.725527E-15	-9.725527E-15	-9.725527E-15	-9.725527E-15	-9.725527E-15	-9.725527E-15	-9.725527E-15	-9.725527E-15	-9.725527E-15	-9.725527E-15	-9.725527E-15	-9.725527E-15	-9.725527E-15	-9.725527E-15	-9.725527E-15	-9.725527E-15	-9.725527E-15	-9.725527E-15
0.65	-1.351383E-15	-1.351383E-15	-1.351383E-15	-1.351383E-15	-1.351383E-15	-1.351383E-15	-1.351383E-15	-1.351383E-15	-1.351383E-15	-1.351383E-15	-1.351383E-15	-1.351383E-15	-1.351383E-15	-1.351383E-15	-1.351383E-15	-1.351383E-15	-1.351383E-15	-1.351383E-15	-1.351383E-15	-1.351383E-15
1.3	2.349418E-15	2.349418E-15	2.349418E-15	2.349418E-15	2.349418E-15	2.349418E-15	2.349418E-15	2.349418E-15	2.349418E-15	2.349418E-15	2.349418E-15	2.349418E-15	2.349418E-15	2.349418E-15	2.349418E-15	2.349418E-15	2.349418E-15	2.349418E-15	2.349418E-15	2.349418E-15
1.95	3.992887E-15	3.992887E-15	3.992887E-15	3.992887E-15	3.992887E-15	3.992887E-15	3.992887E-15	3.992887E-15	3.992887E-15	3.992887E-15	3.992887E-15	3.992887E-15	3.992887E-15	3.992887E-15	3.992887E-15	3.992887E-15	3.992887E-15	3.992887E-15	3.992887E-15	3.992887E-15
2.6	4.723362E-15	4.723362E-15	4.723362E-15	4.723362E-15	4.723362E-15	4.723362E-15	4.723362E-15	4.723362E-15	4.723362E-15	4.723362E-15	4.723362E-15	4.723362E-15	4.723362E-15	4.723362E-15	4.723362E-15	4.723362E-15	4.723362E-15	4.723362E-15	4.723362E-15	4.723362E-15
3.25	5.048089E-15	5.048089E-15	5.048089E-15	5.048089E-15	5.048089E-15	5.048089E-15	5.048089E-15	5.048089E-15	5.048089E-15	5.048089E-15	5.048089E-15	5.048089E-15	5.048089E-15	5.048089E-15	5.048089E-15	5.048089E-15	5.048089E-15	5.048089E-15	5.048089E-15	5.048089E-15
3.9	5.192447E-15	5.192447E-15	5.192447E-15	5.192447E-15	5.192447E-15	5.192447E-15	5.192447E-15	5.192447E-15	5.192447E-15	5.192447E-15	5.192447E-15	5.192447E-15	5.192447E-15	5.192447E-15	5.192447E-15	5.192447E-15	5.192447E-15	5.192447E-15	5.192447E-15	5.192447E-15
4.55	5.256622E-15	5.256622E-15	5.256622E-15	5.256622E-15	5.256622E-15	5.256622E-15	5.256622E-15	5.256622E-15	5.256622E-15	5.256622E-15	5.256622E-15	5.256622E-15	5.256622E-15	5.256622E-15	5.256622E-15	5.256622E-15	5.256622E-15	5.256622E-15	5.256622E-15	5.256622E-15
5.2	5.285151E-15	5.285151E-15	5.285151E-15	5.285151E-15	5.285151E-15	5.285151E-15	5.285151E-15	5.285151E-15	5.285151E-15	5.285151E-15	5.285151E-15	5.285151E-15	5.285151E-15	5.285151E-15	5.285151E-15	5.285151E-15	5.285151E-15	5.285151E-15	5.285151E-15	5.285151E-15
5.85	5.297834E-15	5.297834E-15	5.297834E-15	5.297834E-15	5.297834E-15	5.297834E-15	5.297834E-15	5.297834E-15	5.297834E-15	5.297834E-15	5.297834E-15	5.297834E-15	5.297834E-15	5.297834E-15	5.297834E-15	5.297834E-15	5.297834E-15	5.297834E-15	5.297834E-15	5.297834E-15
6.5	5.303473E-15	5.303473E-15	5.303473E-15	5.303473E-15	5.303473E-15	5.303473E-15	5.303473E-15	5.303473E-15	5.303473E-15	5.303473E-15	5.303473E-15	5.303473E-15	5.303473E-15	5.303473E-15	5.303473E-15	5.303473E-15	5.303473E-15	5.303473E-15	5.303473E-15	5.303473E-15
7.15	5.30598E-15	5.30598E-15	5.30598E-15	5.30598E-15	5.30598E-15	5.30598E-15	5.30598E-15	5.30598E-15	5.30598E-15	5.30598E-15	5.30598E-15	5.30598E-15	5.30598E-15	5.30598E-15	5.30598E-15	5.30598E-15	5.30598E-15	5.30598E-15	5.30598E-15	5.30598E-15
7.8	5.307094E-15	5.307094E-15	5.307094E-15	5.307094E-15	5.307094E-15	5.307094E-15	5.307094E-15	5.307094E-15	5.307094E-15	5.307094E-15	5.307094E-15	5.307094E-15	5.307094E-15	5.307094E-15	5.307094E-15	5.307094E-15	5.307094E-15	5.307094E-15	5.307094E-15	5.307094E-15
8.45	5.307589E-15	5.307589E-15	5.307589E-15	5.307589E-15	5.307589E-15	5.307589E-15	5.307589E-15	5.307589E-15	5.307589E-15	5.307589E-15	5.307589E-15	5.307589E-15	5.307589E-15	5.307589E-15	5.307589E-15	5.307589E-15	5.307589E-15	5.307589E-15	5.307589E-15	5.307589E-15
9.1	5.307809E-15	5.307809E-15	5.307809E-15	5.307809E-15	5.307809E-15	5.307809E-15	5.307809E-15	5.307809E-15	5.307809E-15	5.307809E-15	5.307809E-15	5.307809E-15	5.307809E-15	5.307809E-15	5.307809E-15	5.307809E-15	5.307809E-15	5.307809E-15	5.307809E-15	5.307809E-15
9.75	5.307907E-15	5.307907E-15	5.307907E-15	5.307907E-15	5.307907E-15	5.307907E-15	5.307907E-15	5.307907E-15	5.307907E-15	5.307907E-15	5.307907E-15	5.307907E-15	5.307907E-15	5.307907E-15	5.307907E-15	5.307907E-15	5.307907E-15	5.307907E-15	5.307907E-15	5.307907E-15
10.4	5.307951E-15	5.307951E-15	5.307951E-15	5.307951E-15	5.307951E-15	5.307951E-15	5.307951E-15	5.307951E-15	5.307951E-15	5.307951E-15	5.307951E-15	5.307951E-15	5.307951E-15	5.307951E-15	5.307951E-15	5.307951E-15	5.307951E-15	5.307951E-15	5.307951E-15	5.307951E-15
11.05	5.30797E-15	5.30797E-15	5.30797E-15	5.30797E-15	5.30797E-15	5.30797E-15	5.30797E-15	5.30797E-15	5.30797E-15	5.30797E-15	5.30797E-15	5.30797E-15	5.30797E-15	5.30797E-15	5.30797E-15	5.30797E-15	5.30797E-15	5.30797E-15	5.30797E-15	5.30797E-15
11.7	5.307979E-15	5.307979E-15	5.307979E-15	5.307979E-15	5.307979E-15	5.307979E-15	5.307979E-15	5.307979E-15	5.307979E-15	5.307979E-15	5.307979E-15	5.307979E-15	5.307979E-15	5.307979E-15	5.307979E-15	5.307979E-15	5.307979E-15	5.307979E-15	5.307979E-15	5.307979E-15
12.35	5.307982E-15	5.307982E-15	5.307982E-15	5.307982E-15	5.307982E-15	5.307982E-15	5.307982E-15	5.307982E-15	5.307982E-15	5.307982E-15	5.307982E-15	5.307982E-15	5.307982E-15	5.307982E-15	5.307982E-15	5.307982E-15	5.307982E-15	5.307982E-15	5.307982E-15	5.307982E-15
13	5.307984E-15	5.307984E-15	5.307984E-15	5.307984E-15	5.307984E-15	5.307984E-15	5.307984E-15	5.307984E-15	5.307984E-15	5.307984E-15	5.307984E-15	5.307984E-15	5.307984E-15	5.307984E-15	5.307984E-15	5.307984E-15	5.307984E-15	5.307984E-15	5.307984E-15	5.307984E-15
13.65	5.307985E-15	5.307985E-15	5.307985E-15	5.307985E-15	5.307985E-15	5.307985E-15	5.307985E-15	5.307985E-15	5.307985E-15	5.307985E-15	5.307985E-15	5.307985E-15	5.307985E-15	5.307985E-15	5.307985E-15	5.307985E-15	5.307985E-15	5.307985E-15	5.307985E-15	5.307985E-15
14.3	5.307985E-15	5.307985E-15	5.307985E-15	5.307985E-15	5.307985E-15	5.307985E-15	5.307985E-15	5.307985E-15	5.307985E-15	5.307985E-15	5.307985E-15	5.307985E-15	5.307985E-15	5.307985E-15	5.307985E-15	5.307985E-15	5.307985E-15	5.307985E-15	5.307985E-15	5.307985E-15
14.95	5.307985E-15	5.307985E-15	5.307985E-15	5.307985E-15	5.307985E-15	5.307985E-15	5.307985E-15	5.307985E-15	5.307985E-15	5.307985E-15	5.307985E-15	5.307985E-15	5.307985E-15	5.307985E-15	5.307985E-15	5.307985E-15	5.307985E-15	5.307985E-15	5.307985E-15	5.307985E-15
15.6	5.307985E-15	5.307985E-15	5.307985E-15	5.307985E-15	5.307985E-15	5.307985E-15	5.307985E-15	5.307985E-15	5.307985E-15	5.307985E-15	5.307985E-15	5.307985E-15	5.307985E-15	5.307985E-15	5.307985E-15	5.307985E-15	5.307985E-15	5.307985E-15	5.307985E-15	5.307985E-15
16.25	5.307985E-15	5.307985E-15	5.307985E-15	5.307985E-15	5.307985E-15	5.307985E-15	5.307985E-15	5.307985E-15	5.307985E-15	5.307985E-15	5.307985E-15	5.307985E-15	5.307985E-15	5.307985E-15	5.307985E-15	5.307985E-15	5.307985E-15	5.307985E-15	5.307985E-15	5.307985E-15
16.9	5.307985E-15	5.307985E-15	5.307985E-15	5.307985E-15	5.307985E-15	5.307985E-15	5.307985E-15	5.307985E-15	5.307985E-15	5.307985E-15	5.307985E-15	5.307985E-15	5.307985E-15	5.307985E-15	5.307985E-15	5.307985E-15	5.307985E-15	5.307985E-15	5.307985E-15	5.307985E-15
17.55	5.307985E-15	5.307985E-15	5.307985E-15	5.307985E-15	5.307985E-15	5.307985E-15	5.307985E-15	5.307985E-15	5.307985E-15	5.307985E-15	5.307985E-15	5.307985E-15	5.307985E-15	5.307985E-15	5.307985E-15	5.307985E-15	5.307985E-15	5.307985E-15	5.307985E-15	5.307985E-15
18.2	5.307985E-15	5.307985E-15	5.307985E-15	5.307985E-15	5.307985E-15	5.307985E-15	5.307985E-15	5.307985E-15	5.307985E-15	5.307985E-15	5.307985E-15	5.307985E-15	5.307985E-15	5.307985E-15	5.307985E-15	5.307985E-15	5.307985E-15	5.307985E-15	5.307985E-15	5.307985E-15
18.85	5.307985E-15	5.307985E-15	5.307985E-15	5.307985E-15	5.307985E-15	5.307985E-15	5.307985E-15	5.307985E-15	5.307985E-15	5.307985E-15	5.307985E-15	5.307985E-15	5.307985E-15	5.307985E-15	5.307985E-15	5.307985E-15	5.307985E-15	5.307985E-15	5.307985E-15	5.307985E-15
19.5	5.307985E-15	5.307985E-15	5.307985E-15	5.307985E-15	5.307985E-15	5.307985E-15	5.307985E-15	5.307985E-15	5.307985E-15	5.307985E-15	5.307985E-15	5.307985E-15	5.307985E-15	5.307985E-15	5.307985E-15	5.307985E-15	5.307985E-15	5.307985E-15	5.307985E-15	5.307985E-15
20.15	5.307985E-15	5.307985E-15	5.307985E-15	5.307985E-15	5.307985E-15	5.307985E-15	5.307985E-15	5.307985E-15	5.307985E-15	5.307985E-15	5.307985E-15	5.307985E-15	5.307985E-15	5.307985E-15	5.307985E-15	5.307985E-15	5.307985E-15	5.307985E-15	5.307985E-15	5.307985E-15
20.8	5.307985E-15	5.307985E-15	5.307985E-15	5.307985E-15	5.307985E-15	5.307985E-15	5.307985E-15	5.307985E-15	5.307985E-15	5.307985E-15	5.307985E-15	5.307985E-15	5.307985E-15	5.307985E-15	5.307985E-15	5.307985E-15	5.307985E-15	5.307985E-15	5.307985E-15	5.307985E-15
21.45	5.307985E-15	5.307985E-15	5.307985E-15	5.307985E-15	5.307985E-15	5.307985E-15	5.307985E-15	5.307985E-15	5.307985E-15	5.307985E-15	5.307985E-15	5.307985E-15	5.307985E-15	5.307985E-15	5.307985E-15	5.307985E-15	5.307985E-15	5.307985E-15	5.307985E-15	5.307985E-15
22.1	5.307985E-15	5.307985E-15	5.307985E-15	5.307985E-15	5.307985E-15	5.307985E-15	5.307985E-15	5.307985E-15	5.307985E-15	5.307985E-15	5.307985E-15	5.307985E-15	5.307985E-15	5.307985E-15	5.307985E-15	5.307985E-15	5.307985E-15	5.307985E-15	5.307985E-15	5.307985E-15
22.75	5.307985E-15	5.307985E-15	5.307985E-15	5.307985E-15	5.307985E-15	5.307985E-15	5.307985E-15	5.307985E-15	5.307985E-15	5.307985E-15	5.307985E-15	5.307985E-15	5.307985E-15	5.307985E-15	5.307985E-15	5.307985E-15	5.307985E-15	5.307985E-15	5.307985E-15	5.307985E-15
23.4	5.307985E-15	5.307985E-15	5.307985E-15	5.307985E-15	5.307985E-15	5.307985E-15	5.307985E-15	5.307985E-15	5.307985E-15	5.307985E-15	5.307985E-15	5.307985E-15	5.307985E-15	5.307985E-15	5.307985E-15	5.307985E-15	5.307985E-15	5.307985E-15	5.307985E-15	5.307985E-15
24.05	5.307985E-15	5.307985E-15	5.307985E-15	5.307985E-15	5.307985E-15	5.307985E-15	5.307985E-15	5.307985E-15	5.307985E-15	5.307985E-15	5.307985E-15	5.307985E-15	5.307985E-15	5.307985E-15	5.307985E-15	5.307985E-15	5.307985E-15	5.307985E-15	5.307985E-15	5.307985E-15
24.7	5.307985E-15	5.307985E-15	5.307985E-15	5.307985E-15	5.307985E-15	5.307985E-15	5.307985E-15	5.307985E-15	5.307985E-15	5.307985E-15	5.307985E-15	5.307985E-15	5.307985E-15	5.307985E-15	5.307985E-15	5.307985E-15	5.307985E-15	5.307985E-15	5.307985E-15	5.307985E-15
25.35	5.307985E-15	5.307985E-15	5.307985E-15	5.307985E-15	5.307985E-15	5.307985E-15	5.307985E-15	5.307985E-15	5.307985E-15	5.307985E-15	5.307985E-15	5.307985E-15	5.307985E-15	5.307985E-15	5.307985E-15	5.307985E-15	5.307985E-15	5.307985E-15	5.307985E-15	5.307985E-15
26	5.307985E-15	5.307985E-15	5.307985E-15	5.307985E-15	5.307985E-15	5.307985E-15	5.307985E-15	5.307985E-15	5.307985E-15	5.307985E-15	5.307985E-15	5.307985E-15	5.307985E-15	5.307985E-15	5.307985E-15	5.307985E-15	5.307985E-15	5.307985E-15	5.307985E-15	5.307985E-15
26.65	5.307985E-15	5.307985E-15	5.307985E-15	5.307985E-15	5.307985E-15	5.307985E-15	5.307985E-15	5.307985E-15	5.307985E-15	5.307985E-15	5.307985E-15	5.307985E-15	5.307985E-15	5.307985E-15	5.307985E-15	5.307985E-15	5.307985E-15	5.307985E-15	5.307985E-15	5.307985E-15
27.3	5.307985E-15	5.307985E-15	5.307985E-15	5.307985E-15	5.307985E-15	5.307985E-15	5.307985E-15	5.307985E-15	5.307985E-15	5.307985E-15	5.307985E-15	5.307985E-15	5.307985E-15	5.307985E-15	5.307985E-15	5.307985E-15	5.307985E-15	5.307985E-15	5.307985E-15	5.307985E-15
27.95	5.307985E-15	5.307985E-15	5.307985E-15	5.307985E-15	5.307985E-15	5.307985E-15	5.307985E-15	5.307985E-15	5.307985E-15	5.307985E-15	5.307985E-15	5.307985E-15	5.307985E-15	5.307985E-15	5.307985E-15	5.307985E-15	5.307985E-15	5.307985E-15	5.307985E-15	5.307985E-15
28.6	5.307985E-15	5.307985E-15	5.307985E-15	5.307985E-15	5.307985E-15	5.307985E-15	5.307985E-15	5.307985E-15	5.307985E-15	5.307985E-15	5.307985E-15	5.307985E-15	5.307985E-15	5.307985E-15	5.307985E-15	5.307985E-15	5.307985E-15	5.307985E-15	5.307985E-15	5.307985E-15
29.25	5.307985E-15	5.307985E-15	5.307985E-15	5.307985E-15	5.307985E-15	5.307985E-15	5.307985E-15	5.307985E-15	5.307985E-15	5.307985E-15	5.307985E-15	5.307985E-15	5.307985E-15	5.307985E-15	5.307985E-15	5.307985E-15	5.307985E-15	5.307985E-15	5.307985E-15	5.307985E-15
29.9	5.307985E-15	5.307985E-15	5.307985E-15	5.307985E-15	5.307985E-15	5.307985E-15	5.307985E-15	5.307985E-15	5.307985E-15	5.307985E-15	5.307985E-15	5.307985E-15	5.307985E-15	5.307985E-15	5.307985E-15	5.307985E-15	5.307985E-15	5.307985E-15	5.307985E-15	5.307985E-15
30.55	5.307985E-15	5.307985E-15	5.307985E-15	5.307985E-15	5.307985E-15	5.307985E-15	5.307985E-15	5.307985E-15	5.307985E-15	5.307985E-15	5.307985E-15	5.307985E-15	5.307985E-15	5.307985E-15	5.307985E-15	5.307985E-15	5.307985E-15	5.307985E-15	5.307985E-15	5.307985E-15
31.2	5.307985E-15	5.307985E-15	5.307985E-15	5.307985E-15	5.307985E-15	5.307985E-15	5.307985E-15	5.307985E-15	5.307985E-15	5.307985E-15	5.307985E-15	5.307985E-15	5.307985E-15	5.307985E-15	5.307985E-15	5.307985E-15	5.307985E-15	5.307985E-15	5.307985E-15	5.307985E-15
31.85	5.307985E-15	5.307985E-15	5.307985E-15	5.307985E-15	5.307985E-15	5.307985E-15	5.307985E-15	5.307985E-15	5.307985E-15	5.307985E-15	5.307985E-15	5.307985E-15	5.307985E-15	5.307985E-15	5.307985E-15	5.307985E-15	5.307985E-15	5.307985E-15	5.307985E-15	5.307985E-15
32.5	5.307985E-15	5.307985E-15	5.307985E-15	5.307985E-15	5.307985E-15	5.307985E-15	5.307985E-15	5.307985E-15	5.307985E-15	5.307985E-15	5.307985E-15	5.307985E-15	5.307985E-15	5.307985E-15	5.307985E-15	5.307985E-15	5.307985E-15	5.307985E-15	5.307985E-15	5.307985E-15
33.15	5.307985E-15	5.307985E-15	5.307985E-15	5.307985E-15	5.307985E-15	5.307985E-15	5.307985E-15	5.307985E-15	5.307985E-15	5.307985E-15	5.307985E-15	5.307985E-15	5.307985E-15	5.307985E-15	5.307985E-15	5.307985E-15	5.307985E-15	5.307985E-15	5.307985E-15	5.307985E-15
33.8	5.307985E-15	5.307985E-15	5.307985E-15	5.307985E-15	5.307985E-15	5.307985E-15	5.307985E-15	5.307985E-15	5.307985E-15	5.307985E-15	5.307985E-15	5.307985E-15	5.307985E-15	5.307985E-15	5.307985E-15	5.307985E-15	5.307985E-15	5.307985E-15	5.307985E-15	5.307985E-15
34.45	5.307985E-15	5.307985E-15	5.307985E-15	5.307985E-15	5.307985E-15	5.307985E-15	5.307985E-15	5.307985E-15	5.307985E-15	5.307985E-15	5.307985E-15	5.307985E-15	5.307985E-15	5.307985E-15	5.307985E-15	5.307985E-15	5.307985E-15	5.307985E-15	5.307985E-15	5.307985E-15
35.1	5.307985E-15	5.307985E-15	5.307985E-15	5.307985E-15	5.307985E-15	5.307985E-15	5.307985E-15	5.307985E-15	5.307985E-15	5.307985E-15	5.307985E-15	5.307985E-15	5.307985E-15	5.307985E-15	5.307985E-15	5.307985E-15	5.307985E-15	5.307985E-15	5.307985E-15	5.307985E-15
35.75	5.307985E-15	5.307985E-15	5.307985E-15	5.307985E-15	5.307985E-15	5.307985E-15	5.307985E-15	5.307985E-15	5.307985E-15	5.307985E-15	5.307985E-15	5.307985E-15	5.307985E-15	5.307985E-15	5.307985E-15	5.307985E-15	5.307985E-15	5.307985E-15	5.307985E-15	5.307985E-15
36.4	5.307985E-15	5.307985E-15	5.307985E-15	5.307985E-15	5.307985E-15	5.307985E-15	5.307985E-15	5.307985E-15	5.307985E-15	5.307985E-15	5.307985E-15	5.307985E-15	5.307985E-15	5.307985E-15	5.307985E-15	5.307985E-15	5.307985E-15	5.307985E-15	5.307985E-15	5.307985E-15
37.05	5.307985E-15	5.307985E-15	5.307985E-15	5.307985E-15	5.307985E-15	5.307985E-15	5.307985E-15	5.307985E-15	5.307985E-15	5.307985E-15	5.307985E-15	5.307985E-15	5.307985E-15	5.307985E-15	5.307985E-15	5.307985E-15	5.307985E-15	5.307985E-15	5.307985E-15	5.307985E-15
37.7	5.307985E-15	5.307985E-15	5.307985E-15	5.307985E-15	5.307985E-15	5.307985E-15	5.307985E-15	5.307985E-15	5.307985E-15	5.307985E-15	5.307985E-15	5.307985E-15	5.307985E-15	5.307985E-15	5.307985E-15	5.307985E-15	5.307985E-15	5.307985E-15	5.307985E-15	5.307985E-15
38.35	5.307985E-15	5.307985E-15	5.307985E-15	5.307985E-15	5.307985E-15	5.307985E-15	5.307985E-15	5.307985E-15	5.307985E-15	5.307985E-15	5.307985E-15	5.307985E-15	5.307985E-15	5.307985E-15	5.307985E-15	5.307985E-15	5.307985E-15	5.307985E-15	5.307985E-15	5.307985E-15
39	5.307985E-15	5.307985E-15	5.307985E-15	5.307985E-15	5.307985E-15	5.307985E-15	5.307985E-15	5.307985E-15	5.307985E-15	5.307985E-15	5.307985E-15	5.307985E-15	5.307985E-15	5.307985E-15	5.307985E-15	5.307985E-15	5.307985E-15	5.307985E-15	5.307985E-15	5.307985E-15
39.65	5.307985E-15	5.307985E-15	5.307985E-15	5.307985E-15	5.307985E-15	5.307985E-15	5.307985E-15	5.307985E-15	5.307985E-15	5.307985E-15	5.307985E-15	5.307985E-15	5.307985E-15	5.307985E-15	5.307985E-15	5.307985E-15	5.307985E-15	5.307985E-15	5.307985E-15	5.307985E-15
40.3	5.307985E-15	5.307985E-15	5.307985E-15	5.307985E-15	5.307985E-15	5.307985E-15	5.307985E-15	5.307985E-15	5.307985E-15	5.307985E-15	5.307985E-15	5.307985E-15	5.307985E-15	5.307985E-15	5.307985E-15	5.307985E-15	5.307985E-15	5.307985E-15	5.307985E-15	5.307985E-15
40.95	5.307985E-15	5.307985E-15	5.307985E-15	5.307985E-15	5.307985E-15	5.307985E-15	5.307985E-15	5.307985E-15	5.307985E-15	5.307985E-15	5.307985E-15	5.307985E-15	5.307985E-15	5.307985E-15	5.307985E-15	5.307985E-15	5.307985E-15	5.307985E-15	5.307985E-15	5.307985E-15
41.6	5.307985E-15	5.307985E-15	5.307985E-15	5.307985E-15	5.307985E-15	5.307985E-15	5.307985E-15	5.307985E-15	5.307985E-15	5.307985E-15	5.307985E-15	5.307985E-15	5.307985E-15	5.307985E-15	5.307985E-15	5.307985E-15	5.307985E-15	5.307985E-15	5.307985E-15	5.307985E-15
42.25	5.307985E-15	5.307985E-15	5.307985E-15	5.307985E-15	5.307985E-15	5.307985E-15	5.307985E-15	5.307985E-15	5.307985E-15	5.307985E-15	5.307985E-15	5.307985E-15	5.307985E-15	5.307985E-15	5.307985E-15	5.307985E-15	5.307985E-15	5.307985E-15	5.307985E-15	5.307985E-15
42.9	5.307985E-15	5.307985E-15	5.307985E-15	5.307985E-15	5.307985E-15	5.307985E-15	5.307985E-15	5.307985E-15	5.307985E-15	5.307985E-15	5.307985E-15	5.307985E-15	5.307985E-15	5.307985E-15	5.307985E-15	5.307985E-15	5.307985E-15	5.307985E-15	5.307985E-15	5.307985E-15
43.55	5.307985E-15	5.307985E-15	5.307985E-15	5.307985E-15	5.307985E-15	5.307985E-15	5.307985E-15	5.307985E-15	5.307985E-15	5.307985E-15	5.307985E-15	5.307985E-15	5.307985E-15	5.307985E-15	5.307985E-15	5.307985E-15	5.307985E-15	5.307985E-15	5.307985E-15	5.307985E-15
44.2	5.307985E-15	5.307985E-15	5.307985E-15	5.307985E-15	5.307985E-15	5.307985E-15	5.307985E-15	5.307985E-15	5.307985E-15	5.307985E-15	5.307985E-15	5.307985E-15	5.307985E-15	5.307985E-15	5.307985E-15	5.307985E-15	5.307985E-15	5.307985E-15	5.307985E-15	5.307985E-15
44.85	5.307985E-15	5.307985E-15	5.307985E-15	5.307985E-15	5.307985E-15	5.307985E-15	5.307985E-15	5.307985E-15	5.307985E-15	5.307985E-15	5.307985E-15	5.307985E-15	5.307985E-15	5.307985E-15	5.307985E-15	5.307985E-15	5.307985E-15	5.307985E-15	5.307985E-15	5.307985E-15
45.5	5.307985E-15	5.307985E-15	5.307985E-15	5.307985E-15	5.307985E-15	5.307985E-15	5.307985E-15	5.307985E-15	5.307985E-15	5.307985E-15	5.307985E-15	5.307985E-15	5.307985E-15	5.307985E-15	5.307985E-15	5.307985E-15	5.307985E-15	5.307985E-15	5.307985E-15	5.307985E-15
46.15	5.307985E-15	5.307985E-15	5.307985E-15	5.307985E-15	5.307985E-15	5.307985E-15	5.307985E-15	5.307985E-15	5.307985E-15	5.307985E-15	5.307985E-15	5.307985E-15	5.307985E-15	5.307985E-15	5.307985E-15	5.307985E-15	5.307985E-15	5.307985E-15	5.307985E-15	5.307985E-15
46.8	5.307985E-15	5.307985E-15	5.307985E-15	5.307985E-15	5.307985E-15	5.307985E-15	5.307985E-15	5.307985E-15	5.307985E-15	5.307985E-15	5.307985E-15	5.307985E-15	5.307985E-15	5.307985E-15	5.307985E-15	5.307985E-15	5.307985E-15	5.307985E-15	5.307985E-15	5.307985E-15
47.45	5.307985E-15	5.307985E-15	5.307985E-15	5.307985E-15	5.307985E-15	5.307985E-15	5.307985E-15	5.307985E-15	5.307985E-15	5.307985E-15	5.307985E-15	5.307985E-15	5.307985E-15	5.307985E-15	5.307985E-15	5.307985E-15	5.307985E-15	5.307985E-15	5.307985E-15	5.307985E-15
48.1	5.307985E-15	5.307985E-15	5.307985E-15	5.307985E-15	5.307985E-15	5.307985E-15	5.307985E-15	5.307985E-15	5.307985E-15	5.307985E-15	5.307985E-15	5.307985E-15	5.307985E-15	5.307985E-15	5.307985E-15	5.307985E-15	5.307985E-15	5.307985E-15	5.307985E-15	5.307985E-15
48.75	5.307985E-15	5.307985E-15	5.307985E-15	5.307985E-15	5.307985E-15	5.307985E-15	5.307985E-15	5.307985E-15	5.307985E-15	5.307985E-15	5.307985E-15	5.307985E-15	5.307985E-15	5.307985E-15	5.307985E-15	5.307985E-15	5.307985E-15	5.307985E-15	5.307985E-15	5.307985E-15
49.4	5.307985E-15	5.307985E-15	5.307985E-15	5.307985E-15	5.307985E-15	5.307985E-15	5.307985E-15	5.307985E-15	5.307985E-15	5.307985E-15	5.307985E-15	5.307985E-15	5.307985E-15	5.307985E-15	5.307985E-15	5.307985E-15	5.307985E-15	5.307985E-15	5.307985E-15	5.307985E-15
50.05	5.307985E-15	5.307985E-15	5.307985E-15	5.307985E-15	5.307985E-15	5.307985E-15	5.307985E-15	5.307985E-15	5.307985E-15	5.307985E-15	5.307985E-15	5.307985E-15	5.307985E-15	5.307985E-15	5.307985E-15	5.307985E-15	5.307985E-15	5.307985E-15	5.307985E-15	5.307985E-15
50.7	5.307985E-15	5.307985E-15	5.307985E-15	5.307985E-15	5.307985E-15	5.307985E-15	5.307985E-15	5.307985E-15	5.307985E-15	5.307985E-15	5.307985E-15	5.307985E-15	5.307985E-15	5.307985E-15	5.307985E-15	5.307985E-15	5.307985E-15	5.307985E-15	5.307985E-15	5.307985E-15
51.35	5.307985E-15	5.307985E-15	5.307985E-15	5.307985E-15	5.307985E-15	5.307985E-15	5.307985E-15	5.307985E-15	5.307985E-15	5.307985E-15	5.307985E-15	5.307985E-15	5.307985E-15	5.307985E-15	5.307985E-15	5.307985E-15	5.307985E-15	5.307985E-15	5.307985E-15	5.307985E-15
52	5.307985E-15	5.307985E-15	5.307985E-15	5.307985E-15	5.307985E-15	5.307985E-15	5.307985E-15	5.307985E-15	5.307985E-15	5.307985E-15	5.307985E-15	5.307985E-15	5.307985E-15	5.307985E-15	5.307985E-15	5.307985E-15	5.307985E-15	5.307985E-15	5.307985E-15	5.307985E-15
52.65	5.307985E-15	5.307985E-15	5.307985E-15	5.307985E-15	5.307985E-15	5.307985E-15	5.307985E-15	5.307985E-15	5.307985E-15	5.307985E-15	5.307985E-15	5.307985E-15	5.307985E-15	5.307985E-15	5.307985E-15	5.307985E-15	5.307985E-15	5.307985E-15	5.307985E-15	5.307985E-15
53.3	5.307985E-15	5.307985E-15	5.307985E-15	5.307985E-15	5.307985E-15	5.307985E-15	5.307985E-15	5.307985E-15	5.307985E-15	5.307985E-15	5.307985E-15	5.307985E-15	5.307985E-15	5.307985E-15	5.307985E-15	5.307985E-15	5.307985E-15	5.307985E-15	5.307985E-15	5.307985E-15
53.95	5.307985E-15	5.307985E-15	5.307985E-15	5.307985E-15	5.307985E-15	5.307985E-15	5.307985E-15	5.307985E-15	5.307985E-15	5.307985E-15	5.307985E-15	5.307985E-15	5.307985E-15	5.307985E-15	5.307985E-15	5.307985E-15	5.307985E-15	5.307985E-15	5.307985E-15	5.307985E-15
54.6	5.307985E-15	5.307985E-15	5.307985E-15	5.307985E-15	5.307985E-15	5.307985E-15	5.307985E-15	5.307985E-15	5.307985E-15	5.307985E-15	5.307985E-15	5.307985E-15	5.307985E-15	5.307985E-15	5.307985E-15	5.307985E-15	5.307985E-15	5.307985E-15	5.307985E-15	5.307985E-15
55.25	5.307985E-15	5.307985E-15	5.307985E-15	5.307985E-15	5.307985E-15	5.307985E-15	5.307985E-15	5.307985E-15	5.307985E-15	5.307985E-15	5.307985E-15	5.307985E-15	5.307985E-15	5.307985E-15	5.307985E-15	5.307985E-15	5.307985E-15	5.307985E-15	5.307985E-15	5.307985E-15
55.9	5.307985E-15	5.307985E-15	5.307985E-15	5.307985E-15	5.307985E-15	5.307985E-15	5.307985E-15	5.307985E-15	5.307985E-15	5.307985E-15	5.307985E-15	5.307985E-15	5.307985E-15	5.307985E-15	5.307985E-15	5.307985E-15	5.307985E-15	5.307985E-15	5.307985E-15	5.307985E-15
56.55	5.307985E-15	5.307985E-15	5.307985E-15	5.307985E-15	5.307985E-15	5.307985E-15	5.307985E-15	5.307985E-15	5.307985E-15	5.307985E-15	5.307985E-15	5.307985E-15	5.307985E-15	5.307985E-15	5.307985E-15	5.307985E-15	5.307985E-15	5.307985E-15	5.307985E-15	5.307985E-15
57.2	5.307985E-15	5.307985E-15	5.307985E-15	5.307985E-15	5.307985E-15	5.307985E-15	5.307985E-15	5.307985E-15	5.307985E-15	5.307985E-15	5.307985E-15	5.307985E-15	5.307985E-15	5.307985E-15	5.307985E-15	5.307985E-15	5.307985E-15	5.307985E-15	5.307985E-15	5.307985E-15
57.85	5.307985E-15	5.307985E-15	5.307985E-15	5.307985E-15	5.307985E-15	5.307985E-15	5.307985E-15	5.307985E-15	5.307985E-15	5.307985E-15	5.307985E-15	5.307985E-15	5.307985E-15	5.307985E-15	5.307985E-15	5.307985E-15	5.307985E-15	5.307985E-15	5.307985E-15	5.307985E-15
58.5	5.307985E-15	5.307985E-15	5.307985E-15	5.307985E-15	5.307985E-15	5.307985E-15	5.307985E-15	5.307985E-15	5.307985E-15	5.307985E-15	5.307985E-15	5.307985E-15	5.307985E-15	5.307985E-15	5.307985E-15	5.307985E-15	5.307985E-15	5.307985E-15	5.307985E-15	5.307985E-15
59.15	5.307985E-15	5.307985E-15	5.307985E-15	5.307985E-15	5.307985E-15	5.307985E-15	5.307985E-15	5.307985E-15	5.307985E-15	5.307985E-15	5.307985E-15	5.307985E-15	5.307985E-15	5.307985E-15	5.307985E-15	5.307985E-15	5.307985E-15	5.307985E-15	5.307985E-15	5.307985E-15
59.8	5.307985E-15	5.307985E-15	5.307985E-15	5.307985E-15	5.307985E-15	5.307985E-15	5.307985E-15	5.307985E-15	5.307985E-15	5.307985E-15	5.307985E-15	5.307985E-15	5.307985E-15	5.307985E-15	5.307985E-15	5.307985E-15	5.307985E-15	5.307985E-15	5.307985E-15	5.307985E-15
60.45	5.307985E-15	5.307985E-15	5.307985E-15	5.307985E-15	5.307985E-15	5.307985E-15	5.307985E-15	5.307985E-15	5.307985E-15	5.307985E-15	5.307985E-15	5.307985E-15	5.307985E-15	5.307985E-15	5.307985E-15	5.307985E-15	5.307985E-15	5.307985E-15	5.307985E-15	5.307985E-15
61.1	5.307985E-15	5.307985E-15	5.307985E-15	5.307985E-15	5.307985E-15	5.307985E-15	5.307985E-15	5.307985E-15	5.307985E-15	5.307985E-15	5.307985E-15	5.307985E-15	5.307985E-15	5.307985E-15	5.307985E-15	5.307985E-15	5.307985E-15	5.307985E-15	5.307985E-15	5.307985E-15
61.75	5.307985E-15	5.307985E-15	5.307985E-15	5.307985E-15	5.307985E-15	5.307985E-15	5.307985E-15	5.307985E-15	5.307985E-15	5.307985E-15	5.307985E-15	5.307985E-15	5.307985E-15	5.307985E-15	5.307985E-15	5.307985E-15	5.307985E-15	5.307985E-15	5.307985E-15	5.307985E-15
62.4	5.307985E-15	5.307985E-15	5.307985E-15	5.307985E-15	5.307985E-15	5.307985E-15	5.307985E-15	5.307985E-15	5.307985E-15	5.307985E-15	5.307985E-15	5.307985E-15	5.307985E-15	5.307985E-15	5.307985E-15	5.307985E-15	5.307985E-15	5.307985E-15	5.307985E-15	5.307985E-15
63.05	5.307985E-15	5.307985E-15	5.307985E-15	5.307985E-15	5.307985E-15	5.307985E-15	5.307985E-15	5.307985E-15	5.307985E-15	5.307985E-15	5.307985E-15	5.307985E-15	5.307985E-15	5.307985E-15	5.307985E-15	5.307985E-15	5.307985E-15	5.307985E-15	5.307985E-15	5.307985E-15
63.7	5.307985E-15	5.307985E-15	5.307985E-15	5.307985E-15	5.307985E-15	5.307985E-15	5.307985E-15	5.307985E-15	5.307985E-15	5.307985E-15	5.307985E-15	5.307985E-15	5.307985E-15	5.307985E-15	5.307985E-15	5.307985E-15	5.307985E-15	5.307985E-15	5.307985E-15	5.307985E-15
64.35	5.307985E-15	5.307985E-15	5.307985E-15	5.307985E-15	5.307985E-15	5.307985E-15	5.307985E-15	5.307985E-15	5.307985E-15	5.307985E-15	5.307985E-15	5.307985E-15	5.307985E-15	5.307985E-15	5.307985E-15	5.307985E-15	5.307985E-15	5.307985E-15	5.307985E-15	5.307985E-15
65	5.307985E-15	5.307985E-15	5.307985E-15	5.307985E-15	5.307985E-15	5.307985E-15	5.307985E-15	5.307985E-15	5.307985E-15	5.307985E-15	5.307985E-15	5.307985E-15	5.307985E-15	5.307985E-15	5.307985E-15	5.307985E-15	5.307985E-15	5.307985E-15	5.307985E-15	5.307985E-15
65.65	5.307985E-15	5.307985E-15	5.307985E-15	5.307985E-15	5.307985E-15	5.307985E-15	5.307985E-15	5.307985E-15	5.307985E-15	5.307985E-15	5.307985E-15	5.307985E-15	5.307985E-15	5.307985E-15	5.307985E-15	5.307985E-15	5.307985E-15	5.307985E-15	5.307985E-15	5.307985E-15
66.3	5.307985E-15	5.307985E-15	5.307985E-15	5.307985E-15	5.307985E-15	5.307985E-15	5.307985E-15	5.307985E-15	5.307985E-15	5.307985E-15	5.307985E-15	5.307985E-15	5.307985E-15	5.307985E-15	5.307985E-15	5.307985E-15	5.307985E-15	5.307985E-15	5.307985E-15	5.307985E-15
66.95	5.307985E-15	5.307985E-15	5.307985E-15	5.307985E-15	5.307985E-15	5.307985E-15	5.307985E-15	5.307985E-15	5.307985E-15	5.307985E-15	5.307985E-15	5.307985E-15	5.307985E-15	5.307985E-15	5.307985E-15	5.307985E-15	5.307985E-15	5.307985E-15	5.307985E-15	5.307985E-15
67.6	5.307985E-15	5.307985E-15	5.307985E-15	5.307985E-15	5.307985E-15	5.307985E-15	5.307985E-15	5.307985E-15	5.307985E-15	5.307985E-15	5.307985E-15	5.307985E-15	5.307985E-15	5.307985E-15	5.307985E-15	5.307985E-15	5.307985E-15	5.307985E-15	5.307985E-15	5.307985E-15
68.25	5.307985E-15	5.307985E-15	5.307985E-15	5.307985E-15	5.307985E-15	5.307985E-15	5.307985E-15	5.307985E-15	5.307985E-15	5.307985E-15	5.307985E-15	5.307985E-15	5.307985E-15	5.307985E-15	5.307985E-15	5.307985E-15	5.307985E-15	5.307985E-15	5.307985E-15	5.307985E-15
68.9	5.307985E-15	5.307985E-15	5.307985E-15	5.307985E-15	5.307985E-15	5.307985E-15	5.307985E-15	5.307985E-15	5.307985E-15	5.307985E-15	5.307985E-15	5.307985E-15	5.307985E-15	5.307985E-15	5.307985E-15	5.307985E-15	5.307985E-15	5.307985E-15	5.307985E-15	5.307985E-15
69.55	5.307985E-15	5.307985E-15	5.307985E-15	5.307985E-15	5.307985E-15	5.307985E-15	5.307985E-15	5.307985E-15	5.307985E-15	5.307985E-15	5.307985E-15	5.307985E-15	5.307985E-15	5.307985E-15	5.307985E-15	5.307985E-15	5.307985E-15	5.307985E-15	5.307985E-15	5.307985E-15
70.2	5.307985E-15	5.307985E-15	5.307985E-15	5.307985E-15	5.307985E-15	5.307985E-15	5.307985E-15	5.307985E-15	5.307985E-15	5.307985E-15	5.307985E-15	5.307985E-15	5.307985E-15	5.307985E-15	5.307985E-15	5.307985E-15	5.307985E-15	5.307985E-15	5.307985E-15	5.307985E-15
70.85	5.307985E-15	5.307985E-15	5.307985E-15	5.307985E-15	5.307985E-15	5.307985E-15	5.307985E-15	5.307985E-15	5.307985E-15	5.307985E-15	5.307985E-15	5.307985E-15	5.307985E-15	5.307985E-15	5.307985E-15	5.307985E-15	5.307985E-15	5.307985E-15	5.307985E-15	5.307985E-15
71.5	5.307985E-15	5.307985E-15	5.307985E-15	5.307985E-15	5.307985E-15	5.307985E-15	5.307985E-15	5.307985E-15	5.307985E-15	5.307985E-15	5.307985E-15	5.307985E-15	5.307985E-15	5.307985E-15	5.307985E-15	5.307985E-15	5.307985E-15	5.307985E-15	5.307985E-15	5.307985E-15
72.15	5.307985E-15	5.307985E-15	5.307985E-15	5.307985E-15	5.307985E-15	5.307985E-15	5.307985E-15	5.307985E-15	5.307985E-15	5.307985E-15	5.307985E-15	5.307985E-15	5.307985E-15	5.307985E-15	5.307985E-15	5.307985E-15	5.307985E-15	5.307985E-15	5.307985E-15	5.307985E-15
72.8	5.307985E-15	5.307985E-15	5.307985E-15	5.307985E-15	5.307985E-15	5.307985E-15	5.307985E-15	5.307985E-15	5.307985E-15	5.307985E-15	5.307985E-15	5.307985E-15	5.307985E-15	5.307985E-15	5.307985E-15	5.307985E-15	5.307985E-15	5.307985E-15	5.307985E-15	5.307985E-15
73.45	5.307985E-15	5.307985E-15	5.307985E-15	5.307985E-15	5.307985E-15	5.307985E-15	5.307985E-15	5.307985E-15	5.307985E-15	5.307985E-15	5.307985E-15	5.307985E-15	5.307985E-15	5.307985E-15	5.307985E-15	5.307985E-15	5.307985E-15	5.307985E-15	5.307985E-15	5.307985E-15
74.1	5.307985E-15	5.307985E-15	5.307985E-15	5.307985E-15	5.307985E-15	5.307985E-15	5.307985E-15	5.307985E-15	5.307985E-15	5.307985E-15	5.307985E-15	5.307985E-15	5.307985E-15	5.307985E-15	5.307985E-15	5.307985E-15	5.307985E-15	5.307985E-15	5.307985E-15	5.307985E-15
74.75	5.307985E-15	5.307985E-15	5.307985E-15	5.307985E-15	5.307985E-15	5.307985E-15	5.307985E-15	5.307985E-15	5.307985E-15	5.307985E-15	5.307985E-15	5.307985E-15	5.307985E-15	5.307985E-15	5.307985E-15	5.307985E-15	5.307985E-15	5.307985E-15	5.307985E-15	5.307985E-15
75.4	5.307985E-15	5.307985E-15	5.307985E-15	5.307985E-15	5.307985E-15	5.307985E-15	5.307985E-15	5.307985E-15	5.307985E-15	5.307985E-15	5.307985E-15	5.307985E-15	5.307985E-15	5.307985E-15	5.307985E-15	5.307985E-15	5.307985E-15	5.307985E-15	5.307985E-15	5.307985E-15
76.05	5.307985E-15	5.307985E-15	5.307985E-15	5.307985E-15	5.307985E-15	5.307985E-15	5.307985E-15	5.307985E-15	5.307985E-15	5.307985E-15	5.307985E-15	5.307985E-15	5.307985E-15	5.307985E-15	5.307985E-15	5.307985E-15	5.307985E-15	5.307985E-15	5.307985E-15	5.307985E-15
76.7	5.307985E-15	5.307985E-15	5.307985E-15	5.307985E-15	5.307985E-15	5.307985E-15	5.307985E-15	5.307985E-15	5.307985E-15	5.307985E-15	5.307985E-15	5.307985E-15	5.307985E-15	5.307985E-15	5.307985E-15	5.307985E-15	5.307985E-15	5.307985E-15	5.307985E-15	5.307985E-15
77.35	5.307985E-15	5.307985E-15	5.307985E-15	5.307985E-15	5.307985E-15	5.307985E-15	5.307985E-15	5.307985E-15	5.307985E-15	5.307985E-15	5.307985E-15	5.307985E-15	5.307985E-15	5.307985E-15	5.307985E-15	5.307985E-15	5.307985E-15	5.307985E-15	5.307985E-15	5.307985E-15
78	5.307985E-15	5.307985E-15	5.307985E-15	5.307985E-15	5.307985E-15	5.307985E-15	5.307985E-15	5.307985E-15	5.307985E-15	5.307985E-15	5.307985E-15	5.307985E-15	5.307985E-15	5.307985E-15	5.307985E-15	5.307985E-15	5.307985E-15	5.307985E-15	5.307985E-15	5.307985E-15
78.65	5.307985E-15	5.307985E-15	5.307985E-15	5.307985E-15	5.307985E-15	5.307985E-15	5.307985E-15	5.307985E-15	5.307985E-15	5.307985E-15	5.307985E-15	5.307985E-15	5.307985E-15	5.307985E-15	5.307985E-15	5.307985E-15	5.307985E-15	5.307985E-15	5.307985E-15	5.307985E-15
79.3	5.307985E-15	5.307985E-15	5.307985E-15	5.307985E-15	5.307985E-15	5.307985E-15	5.307985E-15	5.307985E-15	5.307985E-15	5.307985E-15	5.307985E-15	5.307985E-15	5.307985E-15	5.307985E-15	5.307985E-15	5.307985E-15	5.307985E-15	5.307985E-15	5.307985E-15	5.307985E-15
79.95	5.307985E-15	5.307985E-15	5.307985E-15	5.307985E-15	5.307985E-15	5.307985E-15	5.307985E-15	5.307985E-15	5.307985E-15	5.307985E-15	5.307985E-15	5.307985E-15	5.307985E-15	5.307985E-15	5.307985E-15	5.307985E-15	5.307985E-15	5.307985E-15	5.307985E-15	5.307985E-15
80.6	5.307985E-15	5.307985E-15	5.307985E-15	5.307985E-15	5.307985E-15	5.307985E-15	5.307985E-15	5.307985E-15	5.307985E-15	5.307985E-15	5.307985E-15	5.307985E-15	5.307985E-15	5.307985E-15	5.307985E-15	5.307985E-15	5.307985E-15	5.307985E-15	5.307985E-15	5.307985E-15
81.25	5.307985E-15	5.307985E-15	5.307985E-15	5.307985E-15	5.307985E-15	5.307985E-15	5.307985E-15	5.307985E-15	5.307985E-15	5.307985E-15	5.307985E-15	5.307985E-15	5.307985E-15	5.307985E-15	5.307985E-15	5.307985E-15	5.307985E-15	5.307985E-15	5.307985E-15	5.307985E-15
81.9	5.307985E-15	5.307985E-15	5.307985E-15	5.307985E-15	5.307985E-15	5.307985E-15	5.307985E-15	5.307985E-15	5.307985E-15	5.307985E-15	5.307985E-15	5.307985E-15	5.307985E-15	5.307985E-15	5.307985E-15	5.307985E-15	5.307985E-15	5.307985E-15	5.307985E-15	5.307985E-15
82.55	5.307985E-15	5.307985E-15	5.307985E-15	5.307985E-15	5.307985E-15	5.307985E-15	5.307985E-15	5.307985E-15	5.307985E-15	5.307985E-15	5.307985E-15	5.307985E-15	5.307985E-15	5.307985E-15	5.307985E-15	5.307985E-15	5.307985E-15	5.307985E-15	5.307985E-15	5.307985E-15
83.2	5.307985E-15	5.307985E-15	5.307985E-15	5.307985E-15	5.307985E-15	5.307985E-15	5.307985E-15	5.307985E-15	5.307985E-15	5.307985E-15	5.307985E-15	5.307985E-15	5.307985E-15	5.307985E-15	5.307985E-15	5.307985E-15	5.307985E-15	5.307985E-15	5.307985E-15	5.307985E-15
83.85	5.307985E-15	5.307985E-15	5.307985E-15	5.307985E-15	5.307985E-15	5.307985E-15	5.307985E-15	5.307985E-15	5.307985E-15	5.307985E-15	5.307985E-15	5.307985E-15	5.307985E-15	5.307985E-15	5.307985E-15	5.307985E-15	5.307985E-15	5.307985E-15	5.307985E-15	5.307985E-15
84.5	5.307985E-15	5.307985E-15	5.307985E-15	5.307985E-15	5.307985E-15	5.307985E-15	5.307985E-15	5.307985E-15	5.307985E-15	5.307985E-15	5.307985E-15	5.307985E-15	5.307985E-15	5.307985E-15	5.307985E-15	5.307985E-15	5.307985E-15	5.307985E-15	5.307985E-15	5.307985E-15
85.15	5.307985E-15	5.307985E-15	5.307985E-15	5.307985E-15	5.307985E-15	5.307985E-15	5.307985E-15	5.307985E-15	5.307985E-15	5.307985E-15	5.307985E-15	5.307985E-15	5.307985E-15	5.307985E-15	5.307985E-15	5.307985E-15	5.307985E-15	5.307985E-15	5.307985E-15	5.307985E-15
85.8	5.307985E-15	5.307985E-15	5.307985E-15	5.307985E-15	5.307985E-15	5.307985E-15	5.307985E-15	5.307985E-15	5.307985E-15	5.307985E-15	5.307985E-15	5.307985E-15	5.307985E-15	5.307985E-15	5.307985E-15	5.307985E-15	5.307985E-15	5.307985E-15	5.307985E-15	5.307985E-15
86.45	5.307985E-15	5.307985E-15	5.307985E-15	5.307985E-15	5.307985E-15	5.307985E-15	5.307985E-15	5.307985E-15	5.307985E-15	5.307985E-15	5.307985E-15	5.307985E-15	5.307985E-15	5.307985E-15	5.307985E-15	5.307985E-15	5.307985E-15	5.307985E-15	5.307985E-15	5.307985E-15
87.1	5.307985E-15	5.307985E-15	5.307985E-15	5.307985E-15	5.307985E-15	5.307985E-15	5.307985E-15	5.307985E-15	5.307985E-15	5.307985E-15	5.307985E-15	5.307985E-15	5.307985E-15	5.307985E-15	5.307985E-15	5.307985E-15	5.307985E-15	5.307985E-15	5.307985E-15	5.307985E-15
87.75	5.307985E-15	5.307985E-15	5.307985E-15	5.307985E-15	5.307985E-15	5.307985E-15	5.307985E-15	5.307985E-15	5.307985E-15	5.307985E-15	5.307985E-15	5.307985E-15	5.307985E-15	5.307985E-15	5.307985E-15	5.307985E-15	5.307985E-15	5.307985E-15	5.307985E-15	5.307985E-15
88.4	5.307985E-15	5.307985E-15	5.307985E-15	5.307985E-15	5.307985E-15	5.307985E-15	5.307985E-15	5.307985E-15	5.307985E-15	5.307985E-15	5.307985E-15	5.307985E-15	5.307985E-15	5.307985E-15	5.307985E-15	5.307985E-15	5.307985E-15	5.307985E-15	5.307985E-15	5.307985E-15
89.05	5.307985E-15	5.307985E-15	5.307985E-15	5.307985E-15	5.307985E-15	5.307985E-15	5.307985E-15	5.307985E-15	5.307985E-15	5.307985E-15	5.307985E-15	5.307985E-15	5.307985E-15	5.307985E-15	5.307985E-15	5.307985E-15	5.307985E-15	5.307985E-15	5.307985E-15	5.307985E-15
89.7	5.307985E-15	5.307985E-15	5.307985E-15	5.307985E-15	5.307985E-15	5.307985E-15	5.307985E-15	5.307985E-15	5.307985E-15	5.307985E-15	5.307985E-15	5.307985E-15	5.307985E-15	5.307985E-15	5.307985E-15	5.307985E-15	5.307985E-15	5.307985E-15	5.307985E-15	5.307985E-15
90.35	5.307985E-15	5.307985E-15	5.307985E-15	5.307985E-15	5.307985E-15	5.307985E-15	5.307985E-15	5.307985E-15	5.307985E-15	5.307985E-15	5.307985E-15	5.307985E-15	5.307985E-15	5.307985E-15	5.307985E-15	5.307985E-15	5.307985E-15	5.307985E-15	5.307985E-15	5.307985E-15
91	5.307985E-15	5.307985E-15	5.307985E-15	5.307985E-15	5.307985E-15	5.307985E-15	5.307985E-15	5.307985E-15	5.307985E-15	5.307985E-15	5.307985E-15	5.307985E-15	5.307985E-15	5.307985E-15	5.307985E-15	5.307985E-15	5.307985E-15	5.307985E-15	5.307985E-15	5.307985E-15
91.65	5.307985E-15	5.307985E-15	5.307985E-15	5.307985E-15	5.307985E-15	5.307985E-15	5.307985E-15	5.307985E-15	5.307985E-15	5.307985E-15	5.307985E-15	5.307985E-15	5.307985E-15	5.307985E-15	5.307985E-15	5.307985E-15	5.307985E-15	5.307985E-15	5.307985E-15	5.307985E-15
92.3	5.307985E-15	5.307985E-15	5.307985E-15	5.307985E-15	5.307985E-15	5.307985E-15	5.307985E-15	5.307985E-15	5.307985E-15	5.307985E-15	5.307985E-15	5.307985E-15	5.307985E-15	5.307985E-15	5.307985E-15	5.307985E-15	5.307985E-15	5.307985E-15	5.307985E-15	5.307985E-15
92.95	5.307985E-15	5.307985E-15	5.307985E-15	5.307985E-15	5.307985E-15	5.307985E-15	5.307985E-15	5.307985E-15	5.307985E-15	5.307985E-15	5.307985E-15	5.307985E-15	5.307985E-15	5.307985E-15	5.307985E-15	5.307985E-15	5.307985E-15	5.307985E-15	5.307985E-15	5.307985E-15
93.6	5.307985E-15	5.307985E-15	5.307985E-15	5.307985E-15	5.307985E-15	5.307985E-15	5.307985E-15	5.307985E-15	5.307985E-15	5.307985E-15	5.307985E-15	5.307985E-15	5.307985E-15	5.307985E-15	5.307985E-15	5.307985E-15	5.307985E-15	5.307985E-15	5.307985E-15	5.307985E-15
94.25	5.307985E-15	5.307985E-15	5.307985E-15	5.307985E-15	5.307985E-15	5.307985E-15	5.307985E-15	5.307985E-15	5.307985E-15	5.307985E-15	5.307985E-15	5.307985E-15	5.307985E-15	5.307985E-15	5.307985E-15	5.307985E-15	5.307985E-15	5.307985E-15	5.307985E-15	5.307985E-15
94.9	5.307985E-15	5.307985E-15	5.307985E-15	5.307985E-15	5.307985E-15	5.307985E-15	5.307985E-15	5.307985E-15	5.307985E-15	5.307985E-15	5.307985E-15	5.307985E-15	5.307985E-15	5.307985E-15	5.307985E-15	5.307985E-15	5.307985E-15	5.307985E-15	5.307985E-15	5.307985E-15
95.55	5.307985E-15	5.307985E-15	5.307985E-15	5.307985E-15	5.307985E-15	5.307985E-15	5.307985E-15	5.307985E-15	5.307985E-15	5.307985E-15	5.307985E-15	5.307985E-15	5.307985E-15	5.307985E-15	5.307985E-15	5.307985E-15	5.307985E-15	5.307985E-15	5.307985E-15	5.307985E-15
96.2	5.307985E-15	5.307985E-15	5.307985E-15	5.307985E-15	5.307985E-15	5.307985E-15	5.307985E-15	5.307985E-15	5.307985E-15	5.307985E-15	5.307985E-15	5.307985E-15	5.307985E-15	5.307985E-15	5.307985E-15	5.307985E-15	5.307985E-15	5.307985E-15	5.307985E-15	5.307985E-15
96.85	5.307985E-15	5.307985E-15	5.307985E-15	5.307985E-15	5.307985E-15	5.307985E-15	5.307985E-15	5.307985E-15	5.307985E-15	5.307985E-15	5.307985E-15	5.307985E-15	5.307985E-15	5.307985E-15	5.307985E-15	5.307985E-15	5.307985E-15	5.307985E-15	5.307985E-15	5.307985E-15
97.5	5.307985E-15	5.307985E-15	5.307985E-15	5.307985E-15	5.307985E-15	5.307985E-15	5.307985E-15	5.307985E-15	5.307985E-15	5.307985E-15	5.307985E-15	5.307985E-15	5.307985E-15	5.307985E-15	5.307985E-15	5.307985E-15	5.307985E-15	5.307985E-15	5.307985E-15	5.307985E-15
98.15	5.307985E-15	5.307985E-15	5.307985E-15	5.307985E-15	5.307985E-15	5.307985E-15	5.307985E-15	5.307985E-15	5.307985E-15	5.307985E-15	5.307985E-15	5.307985E-15	5.307985E-15	5.307985E-15	5.307985E-15	5.307985E-15	5.307985E-15	5.307985E-15	5.307985E-15	5.307985E-15
98.8	5.307985E-15	5.307985E-15	5.307985E-15	5.307985E-15	5.307985E-15	5.307985E-15	5.307985E-15	5.307985E-15	5.307985E-15	5.307985E-15	5.307985E-15	5.307985E-15	5.307985E-15	5.307985E-15	5.307985E-15	5.307985E-15	5.307985E-15	5.307985E-15	5.307985E-15	5.307985E-15
99.45	5.307985E-15	5.307985E-15	5.307985E-15	5.307985E-15	5.307985E-15	5.307985E-15	5.307985E-15	5.307985E-15	5.307985E-15	5.307985E-15	5.307985E-15	5.307985E-15	5.307985E-15	5.307985E-15	5.307985E-15	5.307985E-15	5.307985E-15	5.307985E-15	5.307985E-15	5.307985E-15
100.1	-7.432499E-16	2.939219E-13	1.961015E-12	1.178732E-11	6.605501E-11	3.732003E-10	2.133835E-09	1.231846E-08	7.145857E-08	4.144917E-07	2.392601E-06	1.367082E-05	7.685612E-05	0.0004220085	0.002241923	0.0113822	0.05435066	0.2392412	0.947867	3.294178
100.75	8.900468E-11	2.569812E-09	4.189664E-08	4.62614E-07	3.981083E-06	2.927908E-05	0.0001942271	0.001195334	0.006903585	0.03742239	0.1888121	0.8730614	3.620766	13.12337	40.48426	104.1364	221.8939	396.7172	613.1486	849.7639
101.4	3.712223E-10	1.95251E-08	5.379531E-07	8.621923E-06	9.333964E-05	0.0007763756	0.005405708	0.03304737	0.1810355	0.8899192	3.879195	14.68467	47.07768	124.9852	271.8467	488.6556	747.3572	1012.699	1263.43	1492.894
102.05	6.289338E-10	4.632865E-08	1.853908E-06	4.03218E-05	0.0005338056	0.004954668	0.03594039	0.2173522	1.128216	5.047176	19.22495	61.09169	158.8138	334.9753	580.2223	853.4388	1114.954	1348.303	1553.764	1736.729
102.7	7.931716E-10	7.114657E-08	3.730933E-06	0.0001047172	0.001661591	0.01707191	0.1285452	0.7679554	3.780984	15.46851	52.08901	142.1691	311.7741	554.6022	826.5928	1082.565	1305.15	1497.534	1667.785	1822.546
103.35	8.865221E-10	8.936769E-08	5.697689E-06	0.0001978521	0.003697492	0.04177197	0.3256197	1.920549	8.983144	33.78377	101.7102	243.3901	465.2589	729.9574	985.4614	1206.342	1394.695	1560.401	1711.339	1852.372
104	9.376091E-10	1.013402E-07	7.431587E-06	0.0003079331	0.006670043	0.08235458	0.6631369	3.860533	17.18694	59.73023	162.4993	347.2799	594.6873	851.4067	1077.909	1269.082	1435.395	1586.413	1727.822	1862.668
104.65	9.652215E-10	1.087814E-07	8.808681E-06	0.000422175	0.01044292	0.140118	1.163197	6.683738	28.37949	91.61855	227.5253	441.4864	692.8669	928.9437	1128.914	1299.949	1453.599	1597.068	1733.998	1866.167
105.3	9.800861E-10	1.132769E-07	9.832083E-06	0.0005306806	0.01478495	0.2144216	1.831932	10.39106	42.17027	127.1153	290.91	520.1214	762.4287	976.0667	1156.237	1314.89	1461.648	1601.372	1736.257	1867.303
105.95	9.880783E-10	1.159537E-07	1.055995E-05	0.0006274563	0.01943789	0.3031457	2.661204	14.90481	57.94096	163.8938	348.7345	582.0779	809.502	1003.827	1170.612	1322.027	1465.147	1603.056	1737.029	1867.617
106.6	9.923735E-10	1.17536E-07	1.106239E-05	0.0007098846	0.02416355	0.4032706	3.63219	20.09405	74.98944	200.0153	398.983	628.9075	840.3521	1019.841	1178.068	1325.378	1466.614	1603.659	1737.235	1867.645
107.25	9.946817E-10	1.184678E-07	1.140206E-05	0.0007777044	0.02876861	0.5114045	4.719419	25.80004	92.63721	234.0742	441.0813	663.2317	860.105	1028.934	1181.874	1326.899	1467.175	1603.818	1737.227	1867.573
107.9	9.95922E-10	1.190155E-07	1.162832E-05	0.0008320414	0.03311253	0.6241885	5.894398	31.8573	110.2947	265.189	475.3773	687.8083	872.5287	1034.021	1183.766	1327.537	1467.331	1603.792	1737.138	1867.466
108.55	9.965884E-10	1.193372E-07	1.177744E-05	0.0008746803	0.0371049	0.7385651	7.128456	38.10863	127.4909	292.9165	502.7129	705.0853	880.2263	1036.815	1184.66	1327.751	1467.308	1603.692	1737.018	1867.348
109.2	9.969463E-10	1.19526E-07	1.187494E-05	0.0009075907	0.04069756	0.8519261	8.394726	44.41442	143.8785	317.1419	524.1257	717.0502	884.9266	1038.306	1185.032	1327.76	1467.205	1603.56	1736.885	1867.225
109.85	9.971387E-10	1.196368E-07	1.193834E-05	0.0009326549	0.04387498	0.9621716	9.669353	50.65733	159.2235	337.9742	540.665	725.2295	887.7488	1039.058	1185.134	1327.67	1467.066	1603.415	1736.749	1867.101
110.5	9.97242E-10	1.197018E-07	1.197938E-05	0.0009515357	0.046645	1.067706	10.9321	56.7435	173.3878	355.6592	553.2921	730.7537	889.4041	1039.395	1185.094	1327.533	1466.911	1603.265	1736.611	1866.976
111.15	9.972974E-10	1.197399E-07	1.200585E-05	0.00096563	0.04903087	1.167395	12.1665	62.6016	186.3097	370.5152	562.837	734.4385	890.3387	1039.496	1184.982	1327.373	1466.748	1603.113	1736.472	1866.852
111.8	9.97327E-10	1.197622E-07	1.20229E-05	0.0009760711	0.051065	1.260509	13.35972	68.18056	197.9846	382.8863	569.989	736.8607	890.8304	1039.465	1184.831	1327.202	1466.583	1602.96	1736.333	1866.727
112.45	9.973429E-10	1.197753E-07	1.203384E-05	0.000983756	0.05278419	1.346648	14.5022	73.44666	208.4487	393.1132	575.3043	738.4229	891.0507	1039.36	1184.66	1327.026	1466.416	1602.807	1736.194	1866.602
113.1	9.973514E-10	1.19783E-07	1.204085E-05	0.0009893809	0.05422636	1.425679	15.5873	78.38051	217.7653	401.5151	579.2227	739.403	891.1051	1039.213	1184.479	1326.847	1466.249	1602.653	1736.055	1866.477
113.75	9.973559E-10	1.197874E-07	1.204535E-05	0.0009934781	0.05542832	1.497674	16.6108	82.97417	226.0144	408.3807	582.0866	739.9907	891.0583	1039.043	1184.292	1326.668	1466.082	1602.499	1735.916	1866.352
114.4	9.973582E-10	1.1979E-07	1.204822E-05	0.0009964498	0.05642444	1.562854	17.57052	87.22852	233.2843	413.964	584.1592	740.3151	890.9498	1038.859	1184.103	1326.487	1465.914	1602.346	1735.776	1866.227
115.05	9.973594E-10	1.197915E-07	1.205005E-05	0.0009985972	0.05724587	1.621548	18.46585	91.15102	239.6661	418.4846	585.641	740.4635	890.8037	1038.668	1183.912	1326.307	1465.746	1602.192	1735.637	1866.103
115.7	9.9736E-10	1.197924E-07	1.205122E-05	0.001000144	0.0579203	1.674152	19.29747	94.75387	245.2494	422.1293	586.6834	740.4944	890.6349	1038.473	1183.721	1326.126	1465.578	1602.039	1735.498	1865.978
116.35	9.973602E-10	1.197929E-07	1.205196E-05	0.001001254	0.05847188	1.721102	20.06698	98.05244	250.1202	425.0556	587.4003	740.4471	890.4522	1038.276	1183.529	1325.945	1465.411	1601.885	1735.359	1865.853
117	9.973602E-10	1.197931E-07	1.205242E-05	0.001002048	0.05892141	1.762853	20.77667	101.0641	254.3586	427.3947	587.8766	740.3478	890.2611	1038.077	1183.337	1325.764	1465.243	1601.732	1735.22	1865.728
117.65	9.973602E-10	1.197933E-07	1.205272E-05	0.001002616	0.05928664	1.799859	21.42934	103.8074	258.0385	429.2555	588.1757	740.2142	890.0649	1037.877	1183.145	1325.583	1465.075	1601.578	1735.081	1865.604
118.3	9.973601E-10	1.197933E-07	1.20529E-05	0.001003019	0.05958252	1.832565	22.02806	106.3012	261.2271	430.7274	588.3442	740.0576	889.8657	1037.677	1182.953	1325.403	1464.908	1601.424	1734.942	1865.479
118.95	9.9736E-10	1.197933E-07	1.205301E-05	0.001003306	0.0598216	1.861397	22.5761	108.5642	263.9847	431.884	588.4171	739.886	889.6646	1037.478	1182.761	1325.222	1464.74	1601.271	1734.803	1865.354
119.6	9.973598E-10	1.197933E-07	1.205307E-05	0.001003508	0.06001433	1.886753	23.07677	110.6146	266.3653	432.7853	588.4196	739.7045	889.4623	1037.277	1182.569	1325.041	1464.573	1601.117	1734.664	1865.229
120.25	9.973596E-10	1.197933E-07	1.205311E-05	0.001003651	0.06016934	1.909006	23.53341	112.4698	268.4167	433.4802	588.3708	739.5164	889.2595	1037.077	1182.377	1324.861	1464.405	1600.964	1734.525	1865.104
120.9	9.973595E-10	1.197932E-07	1.205313E-05	0.001003751	0.06029376	1.9285	23.94927	114.1466	270.1812	434.0085	588.2844	739.3239	889.0563	1036.877	1182.186	1324.68	1464.237	1600.811	1734.386	1864.98
121.55	9.973593E-10	1.197932E-07	1.205313E-05	0.001003821	0.06039342	1.945546	24.32748	115.6603	271.696	434.4024	588.1705	739.1286	888.8528	1036.677	1181.994	1324.499	1464.07	1600.657	1734.247	1864.855
122.2	9.973592E-10	1.197931E-07	1.205313E-05	0.001003869	0.0604731	1.960428	24.67105	117.0256	272.9938	434.688	588.0366	738.9315	888.6492	1036.477	1181.802	1324.319	1463.902	1600.504	1734.108	1864.73
122.85	9.97359E-10	1.197931E-07	1.205312E-05	0.001003902	0.06053667	1.973403	24.98281	118.2558	274.1031	434.8862	587.8881	738.7332	888.4456	1036.277	1181.61	1324.138	1463.735	1600.35	1733.969	1864.606
123.5	9.973589E-10	1.19793E-07	1.205311E-05	0.001003924	0.0605873	1.984699	25.26543	119.3634	275.0489	435.0143	587.7289	738.5341	888.242	1036.077	1181.418	1323.958	1463.567	1600.197	1733.83	1864.481
124.15	9.973588E-10	1.19793E-07	1.20531E-05	0.001003939	0.06062753	1.994521	25.52142	120.3597	275.8528	435.0857	587.5621	738.3345	888.0385	1035.877	1181.226	1323.777	1463.4	1600.043	1733.691	1864.356
124.8	9.973585E-10	1.197929E-07	1.205309E-05	0.001003948	0.06065944	2.003052	25.75309	121.2552	276.5338	435.1118	587.3895	738.1346	887.8348	1035.677	1181.035	1323.596	1463.232	1599.89	1733.552	1864.232
125.45	9.973584E-10	1.197929E-07	1.205307E-05	0.001003953	0.06068469	2.010452	25.96259	122.0595	277.1082	435.1013	587.2129	737.9346	887.6313	1035.477	1180.843	1323.416	1463.065	1599.737	1733.413	1864.107
126.1	9.973582E-10	1.197928E-07	1.205306E-05	0.001003955	0.0607046	2.016865	26.15191	122.7811	277.5903	435.0614	587.0333	737.7344	887.4278	1035.277	1180.651	1323.235	1462.898	1599.583	1733.274	1863.982
126.75	9.973581E-10	1.197927E-07	1.205304E-05	0.001003956	0.06072027	2.022416	26.32288	123.4281	277.9926	434.998	586.8516	737.5342	887.2244	1035.077	1180.46	1323.055	1462.73	1599.43	1733.135	1863.858
127.4	9.97358E-10	1.197927E-07	1.205303E-05	0.001003955	0.06073255	2.027216	26.47717	124.0075	278.3257	434.9156	586.6684	737.334	887.0209	1034.878	1180.268	1322.875	1462.563	1599.277	1732.996	1863.733
128.05	9.973578E-10	1.197926E-07	1.205301E-05	0.001003954	0.06074213	2.031362	26.61632	124.526	278.5989	434.8179	586.4841	737.1337	886.8176	1034.678	1180.077	1322.694	1462.396	1599.124	1732.857	1863.608
128.7	9.973576E-10	1.197926E-07	1.2053E-05	0.001003951	0.06074956	2.034939	26.74173	124.9893	278.8203	434.7081	586.299	736.9335	886.6143	1034.478	1179.885	1322.514	1462.228	1598.97	1732.719	1863.484
129.35	9.973575E-10	1.197925E-07	1.205298E-05	0.001003949	0.06075529	2.038021	26.85468	125.403	278.997	434.5885	586.1132	736.7334	886.411	1034.279	1179.693	1322.333	1462.061	1598.817	1732.58	1863.359
130	9.973573E-10	1.197925E-07	1.205297E-05	0.001003946	0.06075966	2.040675	26.95634	125.7718	279.1349	434.461	585.9272	736.5333	886.2078	1034.079	1179.502	1322.153	1461.894	1598.664	1732.441	1863.234
130.65	9.973572E-10	1.197924E-07	1.205295E-05	0.001003942	0.06076295	2.042956	27.04778	126.1	279.2392	434.3272	585.7408	736.3333	886.0046	1033.879	1179.311	1321.973	1461.726	1598.51	1732.302	1863.11
131.3	9.97357E-10	1.197924E-07	1.205294E-05	0.001003939	0.06076539	2.044914	27.12996	126.3917	279.3145	434.1884	585.5543	736.1332	885.8015	1033.68	1179.119	1321.793	1461.559	1598.357	1732.163	1862.985
131.95	9.973569E-10	1.197923E-07	1.205292E-05	0.001003935	0.06076716	2.046593	27.20376	126.6505	279.3648	434.0455	585.3677	735.9332	885.5984	1033.48	1178.928	1321.612	1461.392	1598.204	1732.024	1862.861
132.6	9.973568E-10	1.197923E-07	1.205291E-05	0.001003932	0.06076838	2.048029	27.26997	126.8795	279.3934	433.8994	585.181	735.7333	885.3954	1033.281	1178.736	1321.432	1461.225	1598.051	1731.886	1862.736
133.25	9.973565E-10	1.197922E-07	1.205289E-05	0.001003928	0.06076919	2.049255	27.32933	127.0816	279.4032	433.7506	584.9943	735.5335	885.1924	1033.081	1178.545	1321.252	1461.057	1597.898	1731.747	1862.612
133.9	9.973564E-10	1.197921E-07	1.205288E-05	0.001003924	0.06076966	2.050299	27.38248	127.2596	279.3968	433.5999	584.8076	735.3337	884.9894	1032.882	1178.354	1321.072	1460.89	1597.745	1731.608	1862.487
134.55	9.973563E-10	1.197921E-07	1.205286E-05	0.001003921	0.06076987	2.051187	27.43003	127.4158	279.3764	433.4475	584.6208	735.134	884.7866	1032.683	1178.163	1320.892	1460.723	1597.591	1731.469	1862.363
135.2	9.973561E-10	1.19792E-07	1.205285E-05	0.001003917	0.06076987	2.051939	27.4725	127.5523	279.3439	433.2938	584.4341	734.9343	884.5837	1032.483	1177.971	1320.712	1460.556	1597.438	1731.331	1862.238
135.85	9.97356E-10	1.19792E-07	1.205283E-05	0.001003913	0.0607697	2.052573	27.51039	127.671	279.3008	433.139	584.2475	734.7346	884.3809	1032.284	1177.78	1320.532	1460.389	1597.285	1731.192	1862.113
136.5	9.973558E-10	1.197919E-07	1.205282E-05	0.001003909	0.06076941	2.053106	27.54414	127.7738	279.2488	432.9834	584.0609	734.535	884.1782	1032.085	1177.589	1320.352	1460.222	1597.132	1731.053	1861.989
137.15	9.973556E-10	1.197919E-07	1.20528E-05	0.001003906	0.06076901	2.053551	27.57415	127.8621	279.1889	432.8272	583.8743	734.3355	883.9755	1031.886	1177.398	1320.172	1460.055	1596.979	1730.914	1861.864
137.8	9.973555E-10	1.197918E-07	1.205279E-05	0.001003902	0.06076853	2.053921	27.60078	127.9374	279.1223	432.6704	583.6878	734.136	883.7728	1031.687	1177.207	1319.991	1459.888	1596.826	1730.776	1861.74
138.45	9.973553E-10	1.197918E-07	1.205277E-05	0.001003898	0.06076799	2.054226	27.62436	128.0011	279.0498	432.5133	583.5014	733.9366	883.5703	1031.487	1177.016	1319.812	1459.721	1596.673	1730.637	1861.615
139.1	9.973552E-10	1.197917E-07	1.205276E-05	0.001003894	0.06076739	2.054474	27.64517	128.0541	278.9722	432.3558	583.315	733.7373	883.3677	1031.288	1176.825	1319.632	1459.554	1596.52	1730.498	1861.491
139.75	9.973551E-10	1.197917E-07	1.205274E-05	0.001003891	0.06076676	2.054673	27.6635	128.0976	278.8904	432.1982	583.1287	733.538	883.1652	1031.089	1176.634	1319.452	1459.387	1596.367	1730.36	1861.367
140.4	9.973549E-10	1.197916E-07	1.205273E-05	0.001003887	0.0607661	2.054831	27.67957	128.1326	278.8047	432.0403	582.9424	733.3387	882.9627	1030.89	1176.443	1319.272	1459.22	1596.214	1730.221	1861.242
141.05	9.973548E-10	1.197916E-07	1.205271E-05	0.001003883	0.06076541	2.054953	27.69361	128.1598	278.7158	431.8823	582.7561	733.1395	882.7603	1030.691	1176.252	1319.092	1459.053	1596.061	1730.082	1861.118
141.7	9.973546E-10	1.197915E-07	1.20527E-05	0.001003879	0.0607647	2.055043	27.70581	128.18	278.6241	431.7242	582.5699	732.9404	882.558	1030.493	1176.061	1318.912	1458.886	1595.908	1729.944	1860.993
142.35	9.973544E-10	1.197915E-07	1.205268E-05	0.001003876	0.06076398	2.055106	27.71636	128.1939	278.53	431.5661	582.3839	732.7413	882.3557	1030.294	1175.87	1318.732	1458.719	1595.755	1729.805	1860.869
143	9.973543E-10	1.197914E-07	1.205267E-05	0.001003872	0.06076325	2.055146	27.72541	128.2022	278.4338	431.4079	582.1978	732.5423	882.1534	1030.095	1175.679	1318.552	1458.552	1595.602	1729.667	1860.744
143.65	9.973542E-10	1.197914E-07	1.205265E-05	0.001003868	0.06076251	2.055167	27.73311	128.2054	278.3358	431.2497	582.0118	732.3433	881.9512	1029.896	1175.489	1318.373	1458.385	1595.449	1729.528	1860.62
144.3	9.97354E-10	1.197913E-07	1.205264E-05	0.001003865	0.06076177	2.05517	27.7396	128.2039	278.2362	431.0915	581.8259	732.1444	881.749	1029.697	1175.298	1318.193	1458.219	1595.296	1729.389	1860.495
144.95	9.973539E-10	1.197913E-07	1.205262E-05	0.001003861	0.06076102	2.055158	27.74497	128.1983	278.1353	430.9333	581.64	731.9456	881.5469	1029.499	1175.107	1318.013	1458.052	1595.144	1729.251	1860.371
145.6	9.973538E-10	1.197912E-07	1.205261E-05	0.001003857	0.06076026	2.055133	27.74936	128.189	278.0333	430.7751	581.4542	731.7468	881.3448	1029.3	1174.917	1317.833	1457.885	1594.991	1729.112	1860.247
146.25	9.973535E-10	1.197912E-07	1.205259E-05	0.001003854	0.0607595	2.055098	27.75285	128.1763	277.9303	430.6169	581.2685	731.548	881.1428	1029.101	1174.726	1317.654	1457.718	1594.838	1728.974	1860.122
146.9	9.973534E-10	1.197911E-07	1.205258E-05	0.00100385	0.06075874	2.055053	27.75552	128.1606	277.8264	430.4588	581.0828	731.3494	880.9408	1028.903	1174.535	1317.474	1457.551	1594.685	1728.835	1859.998
147.55	9.973533E-10	1.197911E-07	1.205256E-05	0.001003846	0.06075798	2.055	27.75747	128.1422	277.7218	430.3008	580.8972	731.1507	880.7388	1028.704	1174.345	1317.295	1457.385	1594.532	1728.697	1859.874
148.2	9.973531E-10	1.19791E-07	1.205255E-05	0.001003842	0.06075722	2.054939	27.75875	128.1212	277.6166	430.1427	580.7116	730.9521	880.537	1028.506	1174.154	1317.115	1457.218	1594.379	1728.558	1859.749
148.85	9.97353E-10	1.19791E-07	1.205253E-05	0.001003839	0.06075645	2.054873	27.75944	128.0981	277.5108	429.9847	580.5261	730.7536	880.3351	1028.307	1173.964	1316.935	1457.051	1594.227	1728.42	1859.625
149.5	9.973529E-10	1.197909E-07	1.205252E-05	0.001003835	0.06075568	2.054801	27.75959	128.073	277.4046	429.8268	580.3407	730.5551	880.1334	1028.109	1173.773	1316.756	1456.885	1594.074	1728.281	1859.501
150.15	9.973526E-10	1.197908E-07	1.20525E-05	0.001003831	0.06075492	2.054726	27.75926	128.046	277.2981	429.6689	580.1553	730.3567	879.9316	1027.91	1173.583	1316.576	1456.718	1593.921	1728.143	1859.376
150.8	9.973525E-10	1.197908E-07	1.205249E-05	0.001003828	0.06075416	2.054646	27.75848	128.0174	277.1911	429.511	579.97	730.1583	879.7299	1027.712	1173.392	1316.397	1456.551	1593.768	1728.004	1859.252
151.45	9.973524E-10	1.197907E-07	1.205247E-05	0.001003824	0.06075339	2.054563	27.75731	127.9874	277.084	429.3532	579.7847	729.96	879.5283	1027.514	1173.202	1316.217	1456.385	1593.616	1727.866	1859.128
152.1	9.973523E-10	1.197907E-07	1.205246E-05	0.00100382	0.06075263	2.054477	27.75579	127.9561	276.9765	429.1955	579.5995	729.7618	879.3267	1027.315	1173.011	1316.038	1456.218	1593.463	1727.727	1859.003
152.75	9.973521E-10	1.197906E-07	1.205244E-05	0.001003817	0.06075187	2.054389	27.75394	127.9236	276.8689	429.0378	579.4144	729.5636	879.1251	1027.117	1172.821	1315.859	1456.052	1593.31	1727.589	1858.879
153.4	9.97352E-10	1.197906E-07	1.205243E-05	0.001003813	0.0607511	2.054298	27.7518	127.89	276.7611	428.8802	579.2293	729.3655	878.9236	1026.919	1172.631	1315.679	1455.885	1593.157	1727.45	1858.755
154.05	9.973519E-10	1.197905E-07	1.205242E-05	0.001003809	0.06075034	2.054206	27.7494	127.8554	276.6532	428.7226	579.0443	729.1674	878.7222	1026.721	1172.44	1315.5	1455.719	1593.005	1727.312	1858.631
154.7	9.973516E-10	1.197905E-07	1.20524E-05	0.001003806	0.06074958	2.054112	27.74676	127.82	276.5451	428.5651	578.8593	728.9694	878.5208	1026.523	1172.25	1315.32	1455.552	1592.852	1727.174	1858.506
155.35	9.973515E-10	1.197904E-07	1.205239E-05	0.001003802	0.06074882	2.054017	27.74391	127.7838	276.437	428.4077	578.6744	728.7714	878.3194	1026.325	1172.06	1315.141	1455.385	1592.7	1727.035	1858.382
156	9.973514E-10	1.197904E-07	1.205237E-05	0.001003799	0.06074806	2.053921	27.74087	127.747	276.3288	428.2503	578.4896	728.5735	878.118	1026.127	1171.87	1314.962	1455.219	1592.547	1726.897	1858.258
156.65	9.973512E-10	1.197903E-07	1.205236E-05	0.001003795	0.0607473	2.053824	27.73765	127.7094	276.2206	428.0929	578.3048	728.3756	877.9168	1025.929	1171.68	1314.783	1455.052	1592.394	1726.759	1858.134
157.3	9.973511E-10	1.197903E-07	1.205234E-05	0.001003791	0.06074654	2.053726	27.73428	127.6714	276.1123	427.9357	578.1201	728.1778	877.7156	1025.731	1171.489	1314.603	1454.886	1592.242	1726.62	1858.009
157.95	9.97351E-10	1.197902E-07	1.205233E-05	0.001003788	0.06074578	2.053627	27.73076	127.6328	276.0039	427.7784	577.9354	727.98	877.5144	1025.533	1171.299	1314.424	1454.72	1592.089	1726.482	1857.885
158.6	9.973509E-10	1.197902E-07	1.205231E-05	0.001003784	0.06074502	2.053528	27.72712	127.5937	275.8956	427.6213	577.7509	727.7823	877.3133	1025.335	1171.109	1314.245	1454.553	1591.937	1726.344	1857.761
159.25	9.973506E-10	1.197901E-07	1.20523E-05	0.00100378	0.06074426	2.053428	27.72336	127.5543	275.7872	427.4642	577.5663	727.5847	877.1122	1025.137	1170.919	1314.066	1454.387	1591.784	1726.205	1857.637
159.9	9.973505E-10	1.197901E-07	1.205229E-05	0.001003777	0.0607435	2.053328	27.7195	127.5145	275.6789	427.3071	577.3818	727.3871	876.9112	1024.939	1170.729	1313.887	1454.221	1591.632	1726.067	1857.513
160.55	9.973504E-10	1.1979E-07	1.205227E-05	0.001003773	0.06074275	2.053227	27.71555	127.4743	275.5705	427.1501	577.1974	727.1896	876.7102	1024.742	1170.539	1313.708	1454.054	1591.479	1725.929	1857.388
161.2	9.973503E-10	1.1979E-07	1.205226E-05	0.00100377	0.06074199	2.053126	27.71151	127.4339	275.4621	426.9932	577.0131	726.9921	876.5093	1024.544	1170.349	1313.529	1453.888	1591.327	1725.79	1857.264
161.85	9.973501E-10	1.197899E-07	1.205224E-05	0.001003766	0.06074124	2.053025	27.70739	127.3932	275.3538	426.8364	576.8288	726.7947	876.3083	1024.346	1170.16	1313.349	1453.722	1591.174	1725.652	1857.14
162.5	9.9735E-10	1.197899E-07	1.205223E-05	0.001003762	0.06074048	2.052924	27.70321	127.3522	275.2455	426.6795	576.6445	726.5973	876.1075	1024.149	1169.97	1313.17	1453.555	1591.022	1725.514	1857.016
163.15	9.973499E-10	1.197898E-07	1.205221E-05	0.001003759	0.06073973	2.052822	27.69897	127.3111	275.1372	426.5228	576.4604	726.4	875.9067	1023.951	1169.78	1312.991	1453.389	1590.869	1725.376	1856.892
163.8	9.973496E-10	1.197898E-07	1.20522E-05	0.001003755	0.06073898	2.052721	27.69467	127.2697	275.0289	426.3661	576.2762	726.2028	875.706	1023.753	1169.59	1312.813	1453.223	1590.717	1725.237	1856.768
164.45	9.973495E-10	1.197897E-07	1.205219E-05	0.001003752	0.06073822	2.052619	27.69032	127.2282	274.9206	426.2095	576.0922	726.0056	875.5053	1023.556	1169.4	1312.634	1453.057	1590.564	1725.099	1856.644
165.1	9.973494E-10	1.197897E-07	1.205217E-05	0.001003748	0.06073747	2.052517	27.68592	127.1866	274.8124	426.0529	575.9082	725.8083	875.3046	1023.358	1169.211	1312.455	1452.891	1590.412	1724.961	1856.52
165.75	9.973493E-10	1.197896E-07	1.205216E-05	0.001003745	0.06073672	2.052415	27.68149	127.1448	274.7042	425.8964	575.7242	725.6113	875.1041	1023.161	1169.021	1312.276	1452.724	1590.26	1724.823	1856.395
166.4	9.973491E-10	1.197896E-07	1.205214E-05	0.001003741	0.06073597	2.052313	27.67702	127.1028	274.596	425.7399	575.5404	725.4142	874.9035	1022.964	1168.831	1312.097	1452.558	1590.107	1724.685	1856.271
167.05	9.97349E-10	1.197895E-07	1.205213E-05	0.001003738	0.06073522	2.052211	27.67252	127.0608	274.4879	425.5835	575.3566	725.2173	874.703	1022.766	1168.641	1311.918	1452.392	1589.955	1724.547	1856.147
167.7	9.973489E-10	1.197895E-07	1.205211E-05	0.001003734	0.06073447	2.052109	27.66798	127.0187	274.3798	425.4272	575.1729	725.0203	874.5025	1022.569	1168.452	1311.739	1452.226	1589.803	1724.408	1856.023
168.35	9.973488E-10	1.197894E-07	1.20521E-05	0.00100373	0.06073373	2.052007	27.66342	126.9765	274.2718	425.2709	574.9891	724.8234	874.3021	1022.372	1168.262	1311.56	1452.06	1589.65	1724.27	1855.899
169	9.973485E-10	1.197894E-07	1.205209E-05	0.001003727	0.06073298	2.051905	27.65884	126.9342	274.1637	425.1147	574.8055	724.6266	874.1017	1022.174	1168.073	1311.382	1451.894	1589.498	1724.132	1855.775
169.65	9.973484E-10	1.197893E-07	1.205207E-05	0.001003723	0.06073223	2.051803	27.65424	126.8919	274.0558	424.9585	574.6219	724.4299	873.9014	1021.977	1167.883	1311.203	1451.728	1589.346	1723.994	1855.651
170.3	9.973483E-10	1.197893E-07	1.205206E-05	0.00100372	0.06073149	2.0517	27.64962	126.8495	273.9478	424.8024	574.4384	724.2332	873.7012	1021.78	1167.694	1311.024	1451.562	1589.193	1723.856	1855.527
170.95	9.973482E-10	1.197892E-07	1.205204E-05	0.001003716	0.06073074	2.051598	27.64498	126.807	273.8399	424.6464	574.2549	724.0365	873.5009	1021.583	1167.504	1310.845	1451.396	1589.041	1723.718	1855.403
171.6	9.97348E-10	1.197892E-07	1.205203E-05	0.001003713	0.06073	2.051496	27.64032	126.7645	273.7321	424.4904	574.0716	723.8399	873.3007	1021.386	1167.315	1310.667	1451.23	1588.889	1723.58	1855.279
172.25	9.973479E-10	1.197891E-07	1.205202E-05	0.001003709	0.06072925	2.051394	27.63565	126.722	273.6242	424.3345	573.8882	723.6434	873.1006	1021.189	1167.126	1310.488	1451.064	1588.737	1723.442	1855.155
172.9	9.973478E-10	1.197891E-07	1.2052E-05	0.001003706	0.06072851	2.051292	27.63097	126.6794	273.5164	424.1786	573.705	723.4468	872.9005	1020.992	1166.936	1310.309	1450.898	1588.584	1723.304	1855.031
173.55	9.973476E-10	1.19789E-07	1.205199E-05	0.001003702	0.06072777	2.05119	27.62628	126.6368	273.4087	424.0228	573.5217	723.2504	872.7005	1020.795	1166.747	1310.131	1450.732	1588.432	1723.166	1854.907
174.2	9.973474E-10	1.19789E-07	1.205198E-05	0.001003699	0.06072703	2.051088	27.62158	126.5942	273.301	423.867	573.3386	723.0541	872.5005	1020.598	1166.558	1309.952	1450.566	1588.28	1723.027	1854.783
174.85	9.973473E-10	1.19789E-07	1.205196E-05	0.001003695	0.06072629	2.050987	27.61687	126.5516	273.1934	423.7113	573.1555	722.8577	872.3005	1020.401	1166.368	1309.774	1450.4	1588.128	1722.889	1854.659
175.5	9.973472E-10	1.197889E-07	1.205195E-05	0.001003692	0.06072555	2.050885	27.61216	126.509	273.0858	423.5557	572.9725	722.6614	872.1006	1020.204	1166.179	1309.595	1450.234	1587.976	1722.751	1854.535
176.15	9.973471E-10	1.197889E-07	1.205193E-05	0.001003688	0.06072481	2.050783	27.60744	126.4663	272.9782	423.4001	572.7895	722.4652	871.9008	1020.007	1165.99	1309.417	1450.068	1587.824	1722.613	1854.411
176.8	9.97347E-10	1.197888E-07	1.205192E-05	0.001003685	0.06072407	2.050681	27.60271	126.4236	272.8706	423.2446	572.6066	722.269	871.701	1019.81	1165.801	1309.238	1449.902	1587.672	1722.475	1854.287
177.45	9.973468E-10	1.197888E-07	1.205191E-05	0.001003681	0.06072333	2.050579	27.59797	126.381	272.7632	423.0891	572.4237	722.0729	871.5013	1019.614	1165.612	1309.06	1449.737	1587.52	1722.338	1854.163
178.1	9.973466E-10	1.197887E-07	1.205189E-05	0.001003678	0.06072259	2.050478	27.59324	126.3383	272.6557	422.9337	572.2409	721.8769	871.3016	1019.417	1165.423	1308.881	1449.571	1587.367	1722.2	1854.039
178.75	9.973465E-10	1.197887E-07	1.205188E-05	0.001003674	0.06072186	2.050376	27.58849	126.2956	272.5483	422.7784	572.0582	721.6809	871.1019	1019.22	1165.234	1308.703	1449.405	1587.215	1722.062	1853.915
179.4	9.973464E-10	1.197886E-07	1.205186E-05	0.001003671	0.06072112	2.050274	27.58375	126.2529	272.441	422.6231	571.8755	721.485	870.9023	1019.024	1165.045	1308.525	1449.239	1587.063	1721.924	1853.791
180.05	9.973462E-10	1.197886E-07	1.205185E-05	0.001003667	0.06072038	2.050173	27.579	126.2102	272.3336	422.4679	571.6929	721.2891	870.7028	1018.827	1164.856	1308.346	1449.074	1586.911	1721.786	1853.667
180.7	9.973461E-10	1.197885E-07	1.205184E-05	0.001003664	0.06071965	2.050071	27.57425	126.1675	272.2264	422.3127	571.5103	721.0933	870.5032	1018.631	1164.667	1308.168	1448.908	1586.759	1721.648	1853.544
181.35	9.97346E-10	1.197885E-07	1.205182E-05	0.001003661	0.06071892	2.04997	27.5695	126.1249	272.1192	422.1576	571.3278	720.8975	870.3038	1018.434	1164.478	1307.99	1448.742	1586.607	1721.51	1853.42
182	9.973459E-10	1.197884E-07	1.205181E-05	0.001003657	0.06071818	2.049869	27.56474	126.0822	272.012	422.0026	571.1454	720.7017	870.1043	1018.238	1164.289	1307.812	1448.577	1586.455	1721.372	1853.296
182.65	9.973458E-10	1.197884E-07	1.20518E-05	0.001003654	0.06071745	2.049767	27.55998	126.0395	271.9048	421.8476	570.963	720.506	869.905	1018.041	1164.1	1307.633	1448.411	1586.303	1721.234	1853.172
183.3	9.973455E-10	1.197883E-07	1.205178E-05	0.00100365	0.06071672	2.049666	27.55523	125.9969	271.7977	421.6927	570.7807	720.3104	869.7056	1017.845	1163.911	1307.455	1448.245	1586.151	1721.096	1853.048
183.95	9.973454E-10	1.197883E-07	1.205177E-05	0.001003647	0.06071599	2.049565	27.55047	125.9542	271.6907	421.5378	570.5984	720.1149	869.5063	1017.648	1163.722	1307.277	1448.08	1585.999	1720.958	1852.924
184.6	9.973453E-10	1.197882E-07	1.205176E-05	0.001003643	0.06071526	2.049464	27.54571	125.9116	271.5837	421.383	570.4163	719.9194	869.3071	1017.452	1163.533	1307.099	1447.914	1585.847	1720.821	1852.8
185.25	9.973452E-10	1.197882E-07	1.205174E-05	0.00100364	0.06071453	2.049362	27.54095	125.8689	271.4767	421.2282	570.2341	719.7239	869.1079	1017.256	1163.345	1306.921	1447.749	1585.696	1720.683	1852.677
185.9	9.973451E-10	1.197881E-07	1.205173E-05	0.001003637	0.0607138	2.049261	27.53619	125.8263	271.3698	421.0735	570.052	719.5285	868.9088	1017.06	1163.156	1306.742	1447.583	1585.544	1720.545	1852.553
186.55	9.973449E-10	1.197881E-07	1.205172E-05	0.001003633	0.06071307	2.04916	27.53144	125.7837	271.2629	420.9189	569.87	719.3332	868.7097	1016.864	1162.967	1306.564	1447.417	1585.392	1720.407	1852.429
187.2	9.973448E-10	1.197881E-07	1.20517E-05	0.00100363	0.06071234	2.049059	27.52667	125.7411	271.1561	420.7643	569.688	719.1379	868.5106	1016.667	1162.779	1306.386	1447.252	1585.24	1720.269	1852.305
187.85	9.973447E-10	1.19788E-07	1.205169E-05	0.001003626	0.06071161	2.048958	27.52192	125.6985	271.0493	420.6097	569.5061	718.9426	868.3116	1016.471	1162.59	1306.208	1447.086	1585.088	1720.132	1852.181
188.5	9.973445E-10	1.19788E-07	1.205167E-05	0.001003623	0.06071089	2.048857	27.51716	125.6559	270.9425	420.4553	569.3243	718.7474	868.1127	1016.275	1162.401	1306.03	1446.921	1584.936	1719.994	1852.058
189.15	9.973444E-10	1.197879E-07	1.205166E-05	0.00100362	0.06071016	2.048756	27.5124	125.6134	270.8358	420.3008	569.1425	718.5523	867.9138	1016.079	1162.213	1305.852	1446.755	1584.784	1719.856	1851.934
189.8	9.973442E-10	1.197879E-07	1.205165E-05	0.001003616	0.06070944	2.048656	27.50764	125.5708	270.7292	420.1465	568.9608	718.3572	867.7149	1015.883	1162.024	1305.674	1446.59	1584.633	1719.718	1851.81
190.45	9.973441E-10	1.197878E-07	1.205163E-05	0.001003613	0.06070871	2.048555	27.50289	125.5283	270.6226	419.9922	568.7791	718.1622	867.5161	1015.687	1161.836	1305.496	1446.425	1584.481	1719.581	1851.686
191.1	9.97344E-10	1.197878E-07	1.205162E-05	0.001003609	0.06070799	2.048454	27.49813	125.4857	270.516	419.838	568.5975	717.9673	867.3173	1015.491	1161.647	1305.319	1446.259	1584.329	1719.443	1851.563
191.75	9.973439E-10	1.197877E-07	1.205161E-05	0.001003606	0.06070727	2.048353	27.49337	125.4432	270.4095	419.6838	568.416	717.7723	867.1186	1015.295	1161.459	1305.141	1446.094	1584.177	1719.305	1851.439
192.4	9.973438E-10	1.197877E-07	1.205159E-05	0.001003603	0.06070654	2.048253	27.48862	125.4007	270.303	419.5297	568.2345	717.5775	866.9199	1015.1	1161.271	1304.963	1445.929	1584.026	1719.167	1851.315
193.05	9.973435E-10	1.197876E-07	1.205158E-05	0.001003599	0.06070582	2.048152	27.48387	125.3582	270.1965	419.3756	568.053	717.3827	866.7213	1014.904	1161.082	1304.785	1445.763	1583.874	1719.03	1851.191
193.7	9.973434E-10	1.197876E-07	1.205157E-05	0.001003596	0.0607051	2.048052	27.47911	125.3158	270.0901	419.2216	567.8716	717.1879	866.5227	1014.708	1160.894	1304.607	1445.598	1583.722	1718.892	1851.068
194.35	9.973433E-10	1.197875E-07	1.205156E-05	0.001003593	0.06070438	2.047951	27.47436	125.2733	269.9838	419.0676	567.6904	716.9932	866.3242	1014.512	1160.706	1304.429	1445.433	1583.57	1718.754	1850.944
195	9.973432E-10	1.197875E-07	1.205154E-05	0.001003589	0.06070366	2.047851	27.46961	125.2309	269.8774	418.9138	567.5091	716.7986	866.1257	1014.317	1160.517	1304.252	1445.267	1583.419	1718.617	1850.82
195.65	9.973431E-10	1.197874E-07	1.205153E-05	0.001003586	0.06070294	2.047751	27.46486	125.1884	269.7712	418.7599	567.3279	716.604	865.9273	1014.121	1160.329	1304.074	1445.102	1583.267	1718.479	1850.697
196.3	9.97343E-10	1.197874E-07	1.205152E-05	0.001003582	0.06070222	2.04765	27.46012	125.146	269.6649	418.6061	567.1468	716.4095	865.7289	1013.925	1160.141	1303.896	1444.937	1583.115	1718.342	1850.573
196.95	9.973428E-10	1.197874E-07	1.20515E-05	0.001003579	0.06070151	2.04755	27.45537	125.1036	269.5588	418.4524	566.9657	716.215	865.5305	1013.73	1159.953	1303.719	1444.772	1582.964	1718.204	1850.449
197.6	9.973427E-10	1.197873E-07	1.205149E-05	0.001003576	0.06070079	2.04745	27.45062	125.0612	269.4526	418.2988	566.7847	716.0206	865.3323	1013.534	1159.765	1303.541	1444.606	1582.812	1718.066	1850.326
198.25	9.973425E-10	1.197873E-07	1.205148E-05	0.001003572	0.06070007	2.04735	27.44588	125.0189	269.3465	418.1452	566.6038	715.8262	865.134	1013.339	1159.577	1303.363	1444.441	1582.661	1717.929	1850.202
198.9	9.973424E-10	1.197872E-07	1.205146E-05	0.001003569	0.06069936	2.04725	27.44114	124.9765	269.2405	417.9916	566.4229	715.6319	864.9358	1013.143	1159.389	1303.186	1444.276	1582.509	1717.791	1850.078
199.55	9.973423E-10	1.197872E-07	1.205145E-05	0.001003566	0.06069864	2.04715	27.4364	124.9342	269.1345	417.8381	566.242	715.4376	864.7376	1012.948	1159.2	1303.008	1444.111	1582.357	1717.654	1849.955
200.2	9.973422E-10	1.197871E-07	1.205144E-05	0.001003562	0.06069793	2.04705	27.43165	124.8919	269.0285	417.6847	566.0612	715.2434	864.5396	1012.753	1159.012	1302.831	1443.946	1582.206	1717.516	1849.831
200.85	9.973421E-10	1.197871E-07	1.205142E-05	0.001003559	0.06069722	2.04695	27.42692	124.8496	268.9226	417.5313	565.8805	715.0493	864.3415	1012.557	1158.824	1302.653	1443.781	1582.054	1717.379	1849.708
201.5	9.973419E-10	1.19787E-07	1.205141E-05	0.001003556	0.0606965	2.04685	27.42218	124.8073	268.8167	417.378	565.6999	714.8552	864.1434	1012.362	1158.636	1302.476	1443.616	1581.903	1717.241	1849.584
202.15	9.973418E-10	1.19787E-07	1.20514E-05	0.001003553	0.06069579	2.04675	27.41744	124.765	268.7108	417.2248	565.5193	714.6611	863.9455	1012.167	1158.449	1302.298	1443.451	1581.751	1717.103	1849.46
202.8	9.973417E-10	1.197869E-07	1.205138E-05	0.001003549	0.06069508	2.04665	27.41271	124.7227	268.605	417.0716	565.3387	714.4672	863.7476	1011.972	1158.261	1302.121	1443.286	1581.6	1716.966	1849.337
203.45	9.973415E-10	1.197869E-07	1.205137E-05	0.001003546	0.06069437	2.046551	27.40797	124.6805	268.4993	416.9184	565.1583	714.2732	863.5497	1011.776	1158.073	1301.943	1443.121	1581.448	1716.828	1849.213
204.1	9.973414E-10	1.197869E-07	1.205136E-05	0.001003543	0.06069366	2.046451	27.40324	124.6383	268.3936	416.7654	564.9778	714.0793	863.3519	1011.581	1157.885	1301.766	1442.956	1581.297	1716.691	1849.09
204.75	9.973413E-10	1.197868E-07	1.205135E-05	0.001003539	0.06069295	2.046351	27.39851	124.596	268.2879	416.6123	564.7974	713.8855	863.1541	1011.386	1157.697	1301.588	1442.791	1581.145	1716.553	1848.966
205.4	9.973411E-10	1.197868E-07	1.205133E-05	0.001003536	0.06069224	2.046252	27.39378	124.5538	268.1823	416.4594	564.6171	713.6917	862.9563	1011.191	1157.51	1301.411	1442.626	1580.994	1716.416	1848.842
206.05	9.97341E-10	1.197867E-07	1.205132E-05	0.001003533	0.06069153	2.046152	27.38906	124.5117	268.0767	416.3064	564.4369	713.498	862.7586	1010.996	1157.322	1301.234	1442.461	1580.843	1716.279	1848.719
206.7	9.973409E-10	1.197867E-07	1.205131E-05	0.00100353	0.06069082	2.046053	27.38433	124.4695	267.9712	416.1536	564.2567	713.3043	862.561	1010.801	1157.134	1301.056	1442.296	1580.691	1716.141	1848.595
207.35	9.973408E-10	1.197866E-07	1.205129E-05	0.001003526	0.06069012	2.045953	27.3796	124.4273	267.8657	416.0008	564.0766	713.1107	862.3634	1010.606	1156.946	1300.879	1442.131	1580.54	1716.004	1848.472
208	9.973407E-10	1.197866E-07	1.205128E-05	0.001003523	0.06068941	2.045854	27.37488	124.3852	267.7602	415.8481	563.8965	712.9172	862.1658	1010.411	1156.759	1300.702	1441.966	1580.388	1715.866	1848.348
208.65	9.973405E-10	1.197865E-07	1.205127E-05	0.00100352	0.0606887	2.045754	27.37016	124.3431	267.6548	415.6954	563.7165	712.7236	861.9683	1010.216	1156.571	1300.525	1441.801	1580.237	1715.729	1848.225
209.3	9.973404E-10	1.197865E-07	1.205126E-05	0.001003516	0.060688	2.045655	27.36544	124.301	267.5494	415.5428	563.5366	712.5302	861.7709	1010.022	1156.384	1300.348	1441.636	1580.086	1715.592	1848.101
209.95	9.973403E-10	1.197865E-07	1.205124E-05	0.001003513	0.06068729	2.045556	27.36072	124.2589	267.4441	415.3902	563.3566	712.3368	861.5735	1009.827	1156.196	1300.17	1441.472	1579.934	1715.454	1847.978
210.6	9.973401E-10	1.197864E-07	1.205123E-05	0.00100351	0.06068659	2.045457	27.356	124.2168	267.3388	415.2377	563.1768	712.1435	861.3761	1009.632	1156.009	1299.993	1441.307	1579.783	1715.317	1847.854
211.25	9.9734E-10	1.197864E-07	1.205122E-05	0.001003507	0.06068589	2.045358	27.35129	124.1748	267.2336	415.0852	562.997	711.9502	861.1788	1009.437	1155.821	1299.816	1441.142	1579.632	1715.179	1847.731
211.9	9.973399E-10	1.197863E-07	1.20512E-05	0.001003503	0.06068518	2.045259	27.34657	124.1327	267.1284	414.9328	562.8173	711.757	860.9815	1009.243	1155.634	1299.639	1440.977	1579.48	1715.042	1847.608
212.55	9.973398E-10	1.197863E-07	1.205119E-05	0.0010035	0.06068448	2.04516	27.34186	124.0907	267.0233	414.7805	562.6376	711.5638	860.7843	1009.048	1155.446	1299.462	1440.813	1579.329	1714.905	1847.484
213.2	9.973397E-10	1.197862E-07	1.205118E-05	0.001003497	0.06068378	2.045061	27.33715	124.0487	266.9182	414.6282	562.4581	711.3706	860.5871	1008.854	1155.259	1299.285	1440.648	1579.178	1714.767	1847.361
213.85	9.973395E-10	1.197862E-07	1.205117E-05	0.001003494	0.06068308	2.044962	27.33244	124.0067	266.8131	414.476	562.2785	711.1776	860.39	1008.659	1155.072	1299.108	1440.483	1579.027	1714.63	1847.237
214.5	9.973394E-10	1.197862E-07	1.205115E-05	0.001003491	0.06068238	2.044863	27.32773	123.9647	266.7081	414.3238	562.0991	710.9846	860.1929	1008.465	1154.884	1298.931	1440.319	1578.875	1714.493	1847.114
215.15	9.973393E-10	1.197861E-07	1.205114E-05	0.001003487	0.06068168	2.044764	27.32302	123.9228	266.6031	414.1717	561.9196	710.7916	859.9958	1008.27	1154.697	1298.754	1440.154	1578.724	1714.356	1846.99
215.8	9.973391E-10	1.197861E-07	1.205113E-05	0.001003484	0.06068099	2.044665	27.31832	123.8808	266.4981	414.0197	561.7402	710.5986	859.7989	1008.076	1154.51	1298.577	1439.989	1578.573	1714.218	1846.867
216.45	9.97339E-10	1.19786E-07	1.205112E-05	0.001003481	0.06068029	2.044567	27.31362	123.8389	266.3932	413.8677	561.5609	710.4058	859.6019	1007.881	1154.323	1298.4	1439.825	1578.422	1714.081	1846.744
217.1	9.973389E-10	1.19786E-07	1.20511E-05	0.001003478	0.06067959	2.044468	27.30891	123.797	266.2884	413.7157	561.3817	710.213	859.405	1007.687	1154.135	1298.223	1439.66	1578.271	1713.944	1846.62
217.75	9.973388E-10	1.197859E-07	1.205109E-05	0.001003474	0.06067889	2.044369	27.30421	123.7551	266.1836	413.5638	561.2025	710.0202	859.2082	1007.493	1153.948	1298.046	1439.495	1578.12	1713.807	1846.497
218.4	9.973387E-10	1.197859E-07	1.205108E-05	0.001003471	0.0606782	2.044271	27.29951	123.7132	266.0788	413.412	561.0234	709.8275	859.0114	1007.298	1153.761	1297.87	1439.331	1577.969	1713.669	1846.373
219.05	9.973385E-10	1.197859E-07	1.205107E-05	0.001003468	0.0606775	2.044172	27.29482	123.6713	265.9741	413.2603	560.8443	709.6349	858.8146	1007.104	1153.574	1297.693	1439.166	1577.818	1713.532	1846.25
219.7	9.973384E-10	1.197858E-07	1.205105E-05	0.001003465	0.06067681	2.044074	27.29012	123.6295	265.8694	413.1086	560.6653	709.4423	858.6179	1006.91	1153.387	1297.516	1439.002	1577.666	1713.395	1846.127
220.35	9.973383E-10	1.197858E-07	1.205104E-05	0.001003462	0.06067611	2.043975	27.28542	123.5876	265.7648	412.9569	560.4863	709.2498	858.4212	1006.716	1153.2	1297.339	1438.837	1577.515	1713.258	1846.003
221	9.973382E-10	1.197857E-07	1.205103E-05	0.001003459	0.06067542	2.043877	27.28073	123.5458	265.6602	412.8053	560.3074	709.0573	858.2246	1006.522	1153.013	1297.162	1438.673	1577.364	1713.121	1845.88
221.65	9.973381E-10	1.197857E-07	1.205102E-05	0.001003455	0.06067473	2.043779	27.27604	123.504	265.5556	412.6538	560.1286	708.8649	858.028	1006.328	1152.826	1296.986	1438.508	1577.213	1712.984	1845.757
222.3	9.973379E-10	1.197856E-07	1.2051E-05	0.001003452	0.06067403	2.04368	27.27135	123.4622	265.4511	412.5023	559.9498	708.6725	857.8315	1006.133	1152.639	1296.809	1438.344	1577.062	1712.846	1845.633
222.95	9.973378E-10	1.197856E-07	1.205099E-05	0.001003449	0.06067334	2.043582	27.26666	123.4205	265.3466	412.3509	559.7711	708.4802	857.635	1005.939	1152.452	1296.632	1438.18	1576.911	1712.709	1845.51
223.6	9.973377E-10	1.197855E-07	1.205098E-05	0.001003446	0.06067266	2.043484	27.26197	123.3787	265.2422	412.1995	559.5924	708.2878	857.4386	1005.745	1152.265	1296.456	1438.015	1576.76	1712.572	1845.387
224.25	9.973375E-10	1.197855E-07	1.205097E-05	0.001003443	0.06067196	2.043386	27.25729	123.337	265.1378	412.0482	559.4138	708.0956	857.2422	1005.552	1152.078	1296.279	1437.851	1576.609	1712.435	1845.264
224.9	9.973374E-10	1.197855E-07	1.205095E-05	0.001003439	0.06067127	2.043288	27.2526	123.2952	265.0335	411.8969	559.2352	707.9035	857.0458	1005.358	1151.892	1296.102	1437.687	1576.458	1712.298	1845.14
225.55	9.973373E-10	1.197854E-07	1.205094E-05	0.001003436	0.06067058	2.04319	27.24792	123.2535	264.9292	411.7457	559.0568	707.7114	856.8495	1005.164	1151.705	1295.926	1437.522	1576.307	1712.161	1845.017
226.2	9.973372E-10	1.197854E-07	1.205093E-05	0.001003433	0.0606699	2.043092	27.24324	123.2118	264.825	411.5946	558.8784	707.5193	856.6533	1004.97	1151.518	1295.749	1437.358	1576.156	1712.024	1844.894
226.85	9.973371E-10	1.197853E-07	1.205092E-05	0.00100343	0.06066921	2.042994	27.23856	123.1702	264.7207	411.4435	558.7	707.3273	856.4571	1004.776	1151.331	1295.573	1437.194	1576.005	1711.887	1844.771
227.5	9.97337E-10	1.197853E-07	1.20509E-05	0.001003427	0.06066852	2.042896	27.23388	123.1285	264.6165	411.2925	558.5217	707.1354	856.2609	1004.583	1151.145	1295.396	1437.029	1575.854	1711.75	1844.647
228.15	9.973369E-10	1.197852E-07	1.205089E-05	0.001003424	0.06066784	2.042798	27.2292	123.0868	264.5124	411.1415	558.3434	706.9435	856.0648	1004.389	1150.958	1295.22	1436.865	1575.704	1711.613	1844.524
228.8	9.973368E-10	1.197852E-07	1.205088E-05	0.001003421	0.06066715	2.0427	27.22453	123.0452	264.4083	410.9906	558.1652	706.7516	855.8688	1004.195	1150.771	1295.043	1436.701	1575.553	1711.475	1844.401
229.45	9.973367E-10	1.197852E-07	1.205087E-05	0.001003417	0.06066647	2.042603	27.21985	123.0036	264.3043	410.8398	557.9871	706.5598	855.6727	1004.002	1150.585	1294.867	1436.537	1575.402	1711.339	1844.278
230.1	9.973364E-10	1.197851E-07	1.205086E-05	0.001003414	0.06066578	2.042505	27.21518	122.962	264.2003	410.6889	557.809	706.3681	855.4768	1003.808	1150.398	1294.691	1436.372	1575.251	1711.201	1844.154
230.75	9.973363E-10	1.197851E-07	1.205084E-05	0.001003411	0.0606651	2.042407	27.21051	122.9204	264.0963	410.5382	557.6309	706.1764	855.2809	1003.614	1150.212	1294.514	1436.208	1575.1	1711.064	1844.031
231.4	9.973362E-10	1.19785E-07	1.205083E-05	0.001003408	0.06066442	2.04231	27.20584	122.8788	263.9924	410.3875	557.4529	705.9848	855.085	1003.421	1150.025	1294.338	1436.044	1574.949	1710.927	1843.908
232.05	9.973361E-10	1.19785E-07	1.205082E-05	0.001003405	0.06066373	2.042212	27.20117	122.8373	263.8885	410.2369	557.2751	705.7932	854.8892	1003.227	1149.839	1294.162	1435.88	1574.799	1710.791	1843.785
232.7	9.97336E-10	1.19785E-07	1.205081E-05	0.001003402	0.06066305	2.042115	27.1965	122.7957	263.7847	410.0863	557.0972	705.6017	854.6934	1003.034	1149.652	1293.985	1435.716	1574.648	1710.654	1843.662
233.35	9.973359E-10	1.197849E-07	1.20508E-05	0.001003399	0.06066237	2.042017	27.19184	122.7542	263.6809	409.9358	556.9194	705.4102	854.4976	1002.841	1149.466	1293.809	1435.552	1574.497	1710.517	1843.539
234	9.973358E-10	1.197849E-07	1.205078E-05	0.001003396	0.06066169	2.04192	27.18718	122.7127	263.5772	409.7853	556.7417	705.2188	854.3019	1002.647	1149.28	1293.633	1435.388	1574.346	1710.38	1843.415
234.65	9.973357E-10	1.197848E-07	1.205077E-05	0.001003393	0.06066101	2.041823	27.18251	122.6712	263.4734	409.6349	556.564	705.0275	854.1063	1002.454	1149.093	1293.457	1435.224	1574.196	1710.243	1843.292
235.3	9.973355E-10	1.197848E-07	1.205076E-05	0.001003389	0.06066033	2.041725	27.17785	122.6298	263.3698	409.4846	556.3864	704.8361	853.9106	1002.261	1148.907	1293.281	1435.06	1574.045	1710.106	1843.169
235.95	9.973354E-10	1.197847E-07	1.205075E-05	0.001003386	0.06065965	2.041628	27.17319	122.5883	263.2662	409.3343	556.2089	704.6449	853.7151	1002.068	1148.721	1293.104	1434.896	1573.894	1709.969	1843.046
236.6	9.973353E-10	1.197847E-07	1.205073E-05	0.001003383	0.06065898	2.041531	27.16854	122.5469	263.1626	409.1841	556.0313	704.4537	853.5196	1001.874	1148.534	1292.928	1434.732	1573.743	1709.832	1842.923
237.25	9.973352E-10	1.197847E-07	1.205072E-05	0.00100338	0.0606583	2.041434	27.16388	122.5054	263.0591	409.0339	555.8539	704.2625	853.3242	1001.681	1148.348	1292.752	1434.568	1573.593	1709.695	1842.8
237.9	9.973351E-10	1.197846E-07	1.205071E-05	0.001003377	0.06065762	2.041337	27.15923	122.464	262.9556	408.8838	555.6765	704.0714	853.1287	1001.488	1148.162	1292.576	1434.404	1573.442	1709.558	1842.677
238.55	9.97335E-10	1.197846E-07	1.20507E-05	0.001003374	0.06065695	2.04124	27.15458	122.4226	262.8521	408.7337	555.4991	703.8804	852.9333	1001.295	1147.976	1292.4	1434.24	1573.292	1709.422	1842.554
239.2	9.973349E-10	1.197845E-07	1.205069E-05	0.001003371	0.06065627	2.041143	27.14992	122.3812	262.7487	408.5837	555.3219	703.6894	852.738	1001.102	1147.79	1292.224	1434.076	1573.141	1709.285	1842.431
239.85	9.973348E-10	1.197845E-07	1.205068E-05	0.001003368	0.0606556	2.041046	27.14527	122.3399	262.6453	408.4337	555.1447	703.4985	852.5427	1000.909	1147.604	1292.048	1433.912	1572.99	1709.148	1842.307
240.5	9.973347E-10	1.197845E-07	1.205066E-05	0.001003365	0.06065492	2.040949	27.14063	122.2985	262.542	408.2838	554.9675	703.3076	852.3475	1000.716	1147.418	1291.872	1433.748	1572.84	1709.011	1842.184
241.15	9.973345E-10	1.197844E-07	1.205065E-05	0.001003362	0.06065425	2.040852	27.13598	122.2572	262.4387	408.134	554.7905	703.1168	852.1523	1000.523	1147.232	1291.696	1433.584	1572.689	1708.874	1842.061
241.8	9.973343E-10	1.197844E-07	1.205064E-05	0.001003359	0.06065357	2.040755	27.13133	122.2159	262.3355	407.9842	554.6134	702.926	851.9572	1000.33	1147.046	1291.52	1433.42	1572.538	1708.737	1841.938
242.45	9.973342E-10	1.197843E-07	1.205063E-05	0.001003356	0.0606529	2.040658	27.12669	122.1746	262.2323	407.8345	554.4364	702.7352	851.7621	1000.137	1146.86	1291.344	1433.256	1572.388	1708.601	1841.815
243.1	9.973341E-10	1.197843E-07	1.205062E-05	0.001003353	0.06065223	2.040562	27.12205	122.1333	262.1291	407.6848	554.2595	702.5446	851.567	999.9445	1146.674	1291.168	1433.093	1572.237	1708.464	1841.692
243.75	9.97334E-10	1.197842E-07	1.20506E-05	0.00100335	0.06065156	2.040465	27.1174	122.092	262.026	407.5352	554.0826	702.3539	851.372	999.7517	1146.488	1290.992	1432.929	1572.087	1708.327	1841.569
244.4	9.973339E-10	1.197842E-07	1.205059E-05	0.001003347	0.06065089	2.040369	27.11276	122.0508	261.9229	407.3857	553.9058	702.1634	851.1771	999.559	1146.302	1290.817	1432.765	1571.936	1708.19	1841.446
245.05	9.973338E-10	1.197842E-07	1.205058E-05	0.001003343	0.06065022	2.040272	27.10813	122.0095	261.8199	407.2361	553.7291	701.9729	850.9822	999.3663	1146.116	1290.641	1432.601	1571.786	1708.054	1841.323
245.7	9.973337E-10	1.197841E-07	1.205057E-05	0.00100334	0.06064955	2.040176	27.10349	121.9683	261.7169	407.0867	553.5524	701.7824	850.7873	999.1736	1145.93	1290.465	1432.438	1571.635	1707.917	1841.2
246.35	9.973335E-10	1.197841E-07	1.205056E-05	0.001003337	0.06064888	2.040079	27.09886	121.9271	261.614	406.9373	553.3757	701.592	850.5925	998.981	1145.745	1290.289	1432.274	1571.485	1707.78	1841.077
247	9.973334E-10	1.19784E-07	1.205055E-05	0.001003334	0.06064822	2.039983	27.09422	121.8859	261.5111	406.788	553.1992	701.4017	850.3977	998.7885	1145.559	1290.114	1432.11	1571.335	1707.643	1840.954
247.65	9.973333E-10	1.19784E-07	1.205053E-05	0.001003331	0.06064755	2.039886	27.08959	121.8447	261.4082	406.6387	553.0226	701.2114	850.2029	998.5959	1145.373	1289.938	1431.947	1571.184	1707.507	1840.831
248.3	9.973332E-10	1.19784E-07	1.205052E-05	0.001003328	0.06064688	2.03979	27.08496	121.8035	261.3054	406.4895	552.8462	701.0211	850.0083	998.4034	1145.188	1289.762	1431.783	1571.034	1707.37	1840.708
248.95	9.973331E-10	1.197839E-07	1.205051E-05	0.001003325	0.06064622	2.039694	27.08033	121.7624	261.2026	406.3403	552.6698	700.8309	849.8137	998.2109	1145.002	1289.586	1431.619	1570.883	1707.233	1840.585
249.6	9.97333E-10	1.197839E-07	1.20505E-05	0.001003322	0.06064555	2.039598	27.0757	121.7213	261.0999	406.1912	552.4935	700.6407	849.6191	998.0186	1144.816	1289.411	1431.456	1570.733	1707.097	1840.463
250.25	9.973329E-10	1.197838E-07	1.205049E-05	0.001003319	0.06064489	2.039502	27.07108	121.6801	260.9972	406.0421	552.3171	700.4507	849.4245	997.8262	1144.631	1289.235	1431.292	1570.583	1706.96	1840.34
250.9	9.973328E-10	1.197838E-07	1.205048E-05	0.001003316	0.06064422	2.039406	27.06645	121.639	260.8945	405.8932	552.1409	700.2606	849.23	997.6338	1144.445	1289.06	1431.129	1570.432	1706.823	1840.217
251.55	9.973327E-10	1.197838E-07	1.205046E-05	0.001003313	0.06064356	2.03931	27.06183	121.598	260.7919	405.7442	551.9647	700.0707	849.0356	997.4415	1144.26	1288.884	1430.965	1570.282	1706.687	1840.094
252.2	9.973325E-10	1.197837E-07	1.205045E-05	0.00100331	0.0606429	2.039213	27.05721	121.5569	260.6893	405.5953	551.7886	699.8807	848.8411	997.2492	1144.074	1288.708	1430.802	1570.132	1706.55	1839.971
252.85	9.973324E-10	1.197837E-07	1.205044E-05	0.001003307	0.06064223	2.039118	27.05259	121.5158	260.5868	405.4465	551.6125	699.6909	848.6468	997.057	1143.889	1288.533	1430.638	1569.981	1706.414	1839.848
253.5	9.973323E-10	1.197836E-07	1.205043E-05	0.001003304	0.06064157	2.039022	27.04797	121.4748	260.4843	405.2977	551.4366	699.501	848.4525	996.8648	1143.703	1288.358	1430.475	1569.831	1706.277	1839.725
254.15	9.973322E-10	1.197836E-07	1.205042E-05	0.001003301	0.06064091	2.038926	27.04335	121.4338	260.3819	405.149	551.2606	699.3113	848.2582	996.6727	1143.518	1288.182	1430.311	1569.681	1706.141	1839.602
254.8	9.973321E-10	1.197836E-07	1.205041E-05	0.001003298	0.06064025	2.03883	27.03873	121.3928	260.2794	405.0003	551.0847	699.1215	848.064	996.4805	1143.333	1288.007	1430.148	1569.53	1706.004	1839.479
255.45	9.97332E-10	1.197835E-07	1.205039E-05	0.001003295	0.06063959	2.038734	27.03412	121.3518	260.1771	404.8517	550.9089	698.9319	847.8698	996.2885	1143.147	1287.831	1429.984	1569.38	1705.867	1839.357
256.1	9.973319E-10	1.197835E-07	1.205038E-05	0.001003293	0.06063893	2.038639	27.02951	121.3108	260.0748	404.7032	550.7332	698.7422	847.6757	996.0964	1142.962	1287.656	1429.821	1569.23	1705.731	1839.234
256.75	9.973318E-10	1.197835E-07	1.205037E-05	0.001003289	0.06063827	2.038543	27.0249	121.2698	259.9725	404.5547	550.5574	698.5527	847.4816	995.9044	1142.777	1287.481	1429.658	1569.08	1705.594	1839.111
257.4	9.973317E-10	1.197834E-07	1.205036E-05	0.001003287	0.06063762	2.038447	27.02029	121.2289	259.8702	404.4063	550.3818	698.3632	847.2875	995.7125	1142.591	1287.305	1429.494	1568.93	1705.458	1838.988
258.05	9.973316E-10	1.197834E-07	1.205035E-05	0.001003284	0.06063696	2.038352	27.01568	121.188	259.7681	404.2579	550.2062	698.1738	847.0936	995.5205	1142.406	1287.13	1429.331	1568.779	1705.321	1838.865
258.7	9.973314E-10	1.197833E-07	1.205034E-05	0.001003281	0.0606363	2.038256	27.01107	121.147	259.6659	404.1095	550.0306	697.9843	846.8996	995.3287	1142.221	1286.955	1429.167	1568.629	1705.185	1838.742
259.35	9.973313E-10	1.197833E-07	1.205033E-05	0.001003278	0.06063565	2.038161	27.00647	121.1061	259.5638	403.9613	549.8552	697.795	846.7057	995.1368	1142.036	1286.779	1429.004	1568.479	1705.048	1838.62
260	9.973312E-10	1.197833E-07	1.205031E-05	0.001003275	0.06063499	2.038065	27.00186	121.0652	259.4617	403.813	549.6797	697.6057	846.5118	994.945	1141.851	1286.604	1428.841	1568.329	1704.912	1838.497
260.65	9.973311E-10	1.197832E-07	1.20503E-05	0.001003272	0.06063434	2.03797	26.99726	121.0244	259.3597	403.6649	549.5043	697.4164	846.3181	994.7532	1141.666	1286.429	1428.678	1568.179	1704.776	1838.374
261.3	9.97331E-10	1.197832E-07	1.205029E-05	0.001003269	0.06063368	2.037875	26.99266	120.9835	259.2577	403.5168	549.329	697.2272	846.1243	994.5615	1141.481	1286.254	1428.514	1568.029	1704.639	1838.251
261.95	9.973309E-10	1.197831E-07	1.205028E-05	0.001003266	0.06063303	2.037779	26.98806	120.9427	259.1558	403.3687	549.1538	697.0381	845.9305	994.3698	1141.296	1286.079	1428.351	1567.879	1704.503	1838.129
262.6	9.973308E-10	1.197831E-07	1.205027E-05	0.001003263	0.06063238	2.037684	26.98346	120.9019	259.0539	403.2207	548.9786	696.8491	845.7369	994.1782	1141.111	1285.903	1428.188	1567.729	1704.366	1838.006
263.25	9.973307E-10	1.197831E-07	1.205026E-05	0.00100326	0.06063172	2.037589	26.97886	120.8611	258.952	403.0728	548.8035	696.66	845.5433	993.9865	1140.926	1285.728	1428.025	1567.578	1704.23	1837.883
263.9	9.973306E-10	1.19783E-07	1.205025E-05	0.001003257	0.06063107	2.037494	26.97427	120.8203	258.8502	402.9249	548.6284	696.471	845.3497	993.7949	1140.741	1285.553	1427.862	1567.428	1704.094	1837.76
264.55	9.973304E-10	1.19783E-07	1.205024E-05	0.001003254	0.06063042	2.037399	26.96968	120.7795	258.7484	402.7771	548.4533	696.2821	845.1561	993.6034	1140.556	1285.378	1427.698	1567.278	1703.957	1837.638
265.2	9.973303E-10	1.197829E-07	1.205022E-05	0.001003251	0.06062977	2.037304	26.96508	120.7387	258.6466	402.6293	548.2784	696.0932	844.9626	993.4119	1140.371	1285.203	1427.535	1567.128	1703.821	1837.515
265.85	9.973302E-10	1.197829E-07	1.205021E-05	0.001003248	0.06062912	2.037209	26.96049	120.698	258.545	402.4816	548.1035	695.9044	844.7692	993.2204	1140.186	1285.028	1427.372	1566.978	1703.684	1837.392
266.5	9.973301E-10	1.197829E-07	1.20502E-05	0.001003245	0.06062847	2.037114	26.9559	120.6572	258.4433	402.334	547.9286	695.7156	844.5758	993.029	1140.001	1284.853	1427.209	1566.828	1703.548	1837.27
267.15	9.9733E-10	1.197828E-07	1.205019E-05	0.001003243	0.06062782	2.037019	26.95131	120.6165	258.3417	402.1863	547.7538	695.5269	844.3824	992.8376	1139.817	1284.678	1427.046	1566.678	1703.412	1837.147
267.8	9.973299E-10	1.197828E-07	1.205018E-05	0.00100324	0.06062717	2.036924	26.94673	120.5758	258.2401	402.0388	547.579	695.3383	844.1891	992.6462	1139.632	1284.503	1426.883	1566.529	1703.275	1837.024
268.45	9.973298E-10	1.197828E-07	1.205017E-05	0.001003237	0.06062653	2.036829	26.94214	120.5351	258.1386	401.8913	547.4044	695.1497	843.9958	992.455	1139.447	1284.328	1426.72	1566.379	1703.139	1836.901
269.1	9.973297E-10	1.197827E-07	1.205016E-05	0.001003234	0.06062588	2.036735	26.93756	120.4945	258.0371	401.7439	547.2297	694.9611	843.8026	992.2637	1139.262	1284.154	1426.557	1566.229	1703.003	1836.779
269.75	9.973296E-10	1.197827E-07	1.205015E-05	0.001003231	0.06062523	2.03664	26.93298	120.4538	257.9356	401.5965	547.0552	694.7726	843.6095	992.0724	1139.078	1283.979	1426.394	1566.079	1702.867	1836.656
270.4	9.973294E-10	1.197826E-07	1.205014E-05	0.001003228	0.06062459	2.036545	26.9284	120.4132	257.8342	401.4492	546.8807	694.5841	843.4163	991.8812	1138.893	1283.804	1426.231	1565.929	1702.73	1836.534
271.05	9.973293E-10	1.197826E-07	1.205012E-05	0.001003225	0.06062394	2.036451	26.92382	120.3726	257.7328	401.3019	546.7062	694.3957	843.2233	991.6901	1138.709	1283.629	1426.068	1565.779	1702.594	1836.411
271.7	9.973292E-10	1.197826E-07	1.205011E-05	0.001003222	0.0606233	2.036356	26.91924	120.3319	257.6315	401.1547	546.5318	694.2073	843.0302	991.499	1138.524	1283.454	1425.905	1565.629	1702.458	1836.288
272.35	9.973291E-10	1.197825E-07	1.20501E-05	0.00100322	0.06062265	2.036262	26.91467	120.2914	257.5302	401.0075	546.3575	694.019	842.8372	991.3079	1138.339	1283.28	1425.742	1565.479	1702.322	1836.166
273	9.97329E-10	1.197825E-07	1.205009E-05	0.001003217	0.06062201	2.036167	26.91009	120.2508	257.429	400.8604	546.1832	693.8308	842.6443	991.1168	1138.155	1283.105	1425.579	1565.329	1702.185	1836.043
273.65	9.97329E-10	1.197824E-07	1.205008E-05	0.001003214	0.06062137	2.036073	26.90552	120.2102	257.3278	400.7133	546.009	693.6426	842.4514	990.9258	1137.971	1282.93	1425.417	1565.18	1702.049	1835.92
274.3	9.973289E-10	1.197824E-07	1.205007E-05	0.001003211	0.06062073	2.035979	26.90095	120.1697	257.2267	400.5663	545.8348	693.4545	842.2585	990.7349	1137.786	1282.755	1425.254	1565.03	1701.913	1835.798
274.95	9.973288E-10	1.197824E-07	1.205006E-05	0.001003208	0.06062008	2.035884	26.89638	120.1291	257.1255	400.4194	545.6606	693.2664	842.0657	990.5439	1137.602	1282.581	1425.091	1564.88	1701.777	1835.675
275.6	9.973287E-10	1.197823E-07	1.205005E-05	0.001003205	0.06061944	2.03579	26.89181	120.0886	257.0244	400.2725	545.4866	693.0784	841.873	990.353	1137.417	1282.406	1424.928	1564.73	1701.641	1835.553
276.25	9.973286E-10	1.197823E-07	1.205004E-05	0.001003202	0.0606188	2.035696	26.88724	120.0481	256.9234	400.1257	545.3126	692.8904	841.6802	990.1622	1137.233	1282.232	1424.765	1564.581	1701.504	1835.43
276.9	9.973284E-10	1.197823E-07	1.205003E-05	0.001003199	0.06061817	2.035602	26.88268	120.0076	256.8224	399.9789	545.1387	692.7025	841.4875	989.9714	1137.049	1282.057	1424.603	1564.431	1701.368	1835.308
277.55	9.973283E-10	1.197822E-07	1.205001E-05	0.001003197	0.06061753	2.035507	26.87811	119.9672	256.7215	399.8322	544.9648	692.5146	841.2949	989.7806	1136.865	1281.882	1424.44	1564.281	1701.232	1835.185
278.2	9.973282E-10	1.197822E-07	1.205E-05	0.001003194	0.06061689	2.035414	26.87355	119.9267	256.6205	399.6855	544.791	692.3267	841.1024	989.5898	1136.68	1281.708	1424.277	1564.131	1701.096	1835.063
278.85	9.973281E-10	1.197821E-07	1.204999E-05	0.001003191	0.06061625	2.035319	26.86899	119.8863	256.5197	399.5389	544.6172	692.139	840.9099	989.3992	1136.496	1281.533	1424.114	1563.982	1700.96	1834.94
279.5	9.97328E-10	1.197821E-07	1.204998E-05	0.001003188	0.06061561	2.035225	26.86443	119.8458	256.4189	399.3924	544.4435	691.9512	840.7173	989.2085	1136.312	1281.359	1423.952	1563.832	1700.824	1834.818
280.15	9.973279E-10	1.197821E-07	1.204997E-05	0.001003185	0.06061498	2.035131	26.85987	119.8054	256.3181	399.2459	544.2698	691.7635	840.5249	989.0178	1136.128	1281.184	1423.789	1563.682	1700.688	1834.695
280.8	9.973278E-10	1.19782E-07	1.204996E-05	0.001003182	0.06061434	2.035038	26.85531	119.765	256.2173	399.0994	544.0962	691.5759	840.3325	988.8273	1135.944	1281.01	1423.626	1563.533	1700.552	1834.573
281.45	9.973277E-10	1.19782E-07	1.204995E-05	0.00100318	0.0606137	2.034944	26.85076	119.7247	256.1166	398.953	543.9227	691.3884	840.1401	988.6367	1135.76	1280.836	1423.464	1563.383	1700.415	1834.45
282.1	9.973276E-10	1.19782E-07	1.204994E-05	0.001003177	0.06061307	2.03485	26.8462	119.6843	256.0159	398.8067	543.7491	691.2009	839.9478	988.4462	1135.575	1280.661	1423.301	1563.234	1700.279	1834.328
282.75	9.973274E-10	1.197819E-07	1.204993E-05	0.001003174	0.06061244	2.034756	26.84165	119.6439	255.9153	398.6604	543.5757	691.0134	839.7556	988.2557	1135.391	1280.487	1423.139	1563.084	1700.143	1834.205
283.4	9.973273E-10	1.197819E-07	1.204992E-05	0.001003171	0.0606118	2.034663	26.8371	119.6036	255.8147	398.5142	543.4023	690.826	839.5634	988.0653	1135.208	1280.313	1422.976	1562.934	1700.007	1834.083
284.05	9.973272E-10	1.197818E-07	1.204991E-05	0.001003168	0.06061117	2.034569	26.83255	119.5633	255.7142	398.368	543.229	690.6387	839.3712	987.8749	1135.024	1280.138	1422.813	1562.785	1699.871	1833.96
284.7	9.973271E-10	1.197818E-07	1.20499E-05	0.001003166	0.06061054	2.034476	26.828	119.523	255.6137	398.2219	543.0558	690.4514	839.1791	987.6845	1134.84	1279.964	1422.651	1562.635	1699.735	1833.838
285.35	9.97327E-10	1.197818E-07	1.204988E-05	0.001003163	0.0606099	2.034382	26.82345	119.4827	255.5132	398.0759	542.8826	690.2641	838.987	987.4942	1134.656	1279.79	1422.488	1562.486	1699.599	1833.715
286	9.97327E-10	1.197817E-07	1.204987E-05	0.00100316	0.06060927	2.034288	26.81891	119.4424	255.4128	397.9299	542.7094	690.0769	838.7949	987.304	1134.472	1279.615	1422.326	1562.336	1699.463	1833.593
286.65	9.973269E-10	1.197817E-07	1.204986E-05	0.001003157	0.06060864	2.034195	26.81437	119.4022	255.3124	397.7839	542.5363	689.8898	838.603	987.1137	1134.288	1279.441	1422.163	1562.187	1699.327	1833.47
287.3	9.973268E-10	1.197817E-07	1.204985E-05	0.001003154	0.06060801	2.034101	26.80982	119.3619	255.2121	397.638	542.3633	689.7026	838.411	986.9235	1134.104	1279.267	1422.001	1562.037	1699.191	1833.348
287.95	9.973267E-10	1.197816E-07	1.204984E-05	0.001003152	0.06060738	2.034008	26.80528	119.3217	255.1118	397.4922	542.1903	689.5156	838.2191	986.7333	1133.92	1279.093	1421.839	1561.888	1699.055	1833.226
288.6	9.973266E-10	1.197816E-07	1.204983E-05	0.001003149	0.06060675	2.033915	26.80074	119.2815	255.0115	397.3464	542.0173	689.3286	838.0272	986.5432	1133.737	1278.919	1421.676	1561.738	1698.919	1833.103
289.25	9.973264E-10	1.197816E-07	1.204982E-05	0.001003146	0.06060613	2.033822	26.7962	119.2413	254.9113	397.2007	541.8445	689.1417	837.8354	986.3531	1133.553	1278.745	1421.514	1561.589	1698.783	1832.981
289.9	9.973263E-10	1.197815E-07	1.204981E-05	0.001003143	0.0606055	2.033729	26.79167	119.2011	254.8111	397.055	541.6717	688.9548	837.6437	986.163	1133.369	1278.571	1421.351	1561.439	1698.648	1832.858
290.55	9.973262E-10	1.197815E-07	1.20498E-05	0.001003141	0.06060487	2.033635	26.78713	119.1609	254.711	396.9094	541.4989	688.7679	837.452	985.973	1133.186	1278.396	1421.189	1561.29	1698.512	1832.736
291.2	9.973261E-10	1.197814E-07	1.204979E-05	0.001003138	0.06060424	2.033542	26.7826	119.1208	254.6109	396.7638	541.3262	688.5812	837.2603	985.783	1133.002	1278.223	1421.027	1561.141	1698.376	1832.614
291.85	9.97326E-10	1.197814E-07	1.204978E-05	0.001003135	0.06060362	2.033449	26.77807	119.0807	254.5108	396.6183	541.1536	688.3944	837.0687	985.5931	1132.818	1278.048	1420.864	1560.991	1698.24	1832.491
292.5	9.973259E-10	1.197814E-07	1.204977E-05	0.001003132	0.06060299	2.033356	26.77354	119.0405	254.4108	396.4728	540.981	688.2078	836.8771	985.4032	1132.635	1277.875	1420.702	1560.842	1698.104	1832.369
293.15	9.973258E-10	1.197813E-07	1.204976E-05	0.00100313	0.06060237	2.033263	26.76901	119.0004	254.3108	396.3274	540.8085	688.0211	836.6855	985.2133	1132.451	1277.701	1420.54	1560.693	1697.968	1832.247
293.8	9.973258E-10	1.197813E-07	1.204975E-05	0.001003127	0.06060174	2.03317	26.76448	118.9603	254.2109	396.1821	540.636	687.8345	836.494	985.0235	1132.268	1277.527	1420.377	1560.543	1697.832	1832.124
294.45	9.973257E-10	1.197813E-07	1.204974E-05	0.001003124	0.06060112	2.033077	26.75995	118.9202	254.111	396.0368	540.4636	687.648	836.3026	984.8337	1132.084	1277.353	1420.215	1560.394	1697.697	1832.002
295.1	9.973256E-10	1.197812E-07	1.204973E-05	0.001003121	0.0606005	2.032984	26.75543	118.8802	254.0112	395.8915	540.2912	687.4615	836.1111	984.6439	1131.901	1277.179	1420.053	1560.245	1697.561	1831.88
295.75	9.973254E-10	1.197812E-07	1.204972E-05	0.001003119	0.06059987	2.032892	26.7509	118.8401	253.9114	395.7464	540.1189	687.2751	835.9198	984.4542	1131.718	1277.005	1419.891	1560.095	1697.425	1831.758
296.4	9.973253E-10	1.197812E-07	1.20497E-05	0.001003116	0.06059925	2.032799	26.74638	118.8001	253.8116	395.6012	539.9467	687.0887	835.7285	984.2645	1131.534	1276.831	1419.729	1559.946	1697.289	1831.635
297.05	9.973252E-10	1.197811E-07	1.204969E-05	0.001003113	0.06059863	2.032706	26.74186	118.7601	253.7119	395.4561	539.7745	686.9025	835.5372	984.0749	1131.351	1276.657	1419.566	1559.797	1697.153	1831.513
297.7	9.973251E-10	1.197811E-07	1.204968E-05	0.00100311	0.06059801	2.032614	26.73734	118.7201	253.6122	395.3111	539.6024	686.7162	835.346	983.8853	1131.168	1276.484	1419.404	1559.647	1697.017	1831.391
298.35	9.97325E-10	1.19781E-07	1.204967E-05	0.001003108	0.06059739	2.032521	26.73283	118.6801	253.5125	395.1662	539.4302	686.53	835.1548	983.6957	1130.984	1276.31	1419.242	1559.498	1696.882	1831.268
299	9.973249E-10	1.19781E-07	1.204966E-05	0.001003105	0.06059677	2.032429	26.72831	118.6401	253.4129	395.0212	539.2582	686.3438	834.9637	983.5062	1130.801	1276.136	1419.08	1559.349	1696.746	1831.146
299.65	9.973248E-10	1.19781E-07	1.204965E-05	0.001003102	0.06059615	2.032336	26.72379	118.6002	253.3134	394.8764	539.0862	686.1577	834.7726	983.3167	1130.618	1275.962	1418.918	1559.2	1696.61	1831.024
300.3	9.973247E-10	1.197809E-07	1.204964E-05	0.001003099	0.06059553	2.032244	26.71928	118.5602	253.2138	394.7316	538.9144	685.9716	834.5815	983.1273	1130.435	1275.789	1418.756	1559.051	1696.474	1830.902
300.95	9.973247E-10	1.197809E-07	1.204963E-05	0.001003097	0.06059491	2.032151	26.71477	118.5203	253.1143	394.5869	538.7425	685.7856	834.3906	982.9379	1130.251	1275.615	1418.594	1558.901	1696.339	1830.78
301.6	9.973246E-10	1.197809E-07	1.204962E-05	0.001003094	0.0605943	2.032059	26.71026	118.4804	253.0149	394.4421	538.5707	685.5997	834.1996	982.7485	1130.068	1275.441	1418.432	1558.752	1696.203	1830.657
302.25	9.973244E-10	1.197808E-07	1.204961E-05	0.001003091	0.06059368	2.031967	26.70575	118.4405	252.9155	394.2975	538.399	685.4138	834.0087	982.5591	1129.885	1275.268	1418.27	1558.603	1696.067	1830.535
302.9	9.973243E-10	1.197808E-07	1.20496E-05	0.001003089	0.06059306	2.031874	26.70124	118.4006	252.8161	394.1529	538.2273	685.2279	833.8179	982.3699	1129.702	1275.094	1418.108	1558.454	1695.932	1830.413
303.55	9.973242E-10	1.197808E-07	1.204959E-05	0.001003086	0.06059245	2.031782	26.69674	118.3608	252.7168	394.0084	538.0557	685.0421	833.627	982.1806	1129.519	1274.921	1417.946	1558.305	1695.796	1830.291
304.2	9.973241E-10	1.197807E-07	1.204958E-05	0.001003083	0.06059183	2.03169	26.69223	118.3209	252.6175	393.8639	537.8841	684.8564	833.4363	981.9914	1129.336	1274.747	1417.784	1558.156	1695.66	1830.169
304.85	9.97324E-10	1.197807E-07	1.204957E-05	0.001003081	0.06059122	2.031598	26.68773	118.2811	252.5183	393.7195	537.7125	684.6707	833.2455	981.8022	1129.153	1274.574	1417.622	1558.007	1695.525	1830.046
305.5	9.973239E-10	1.197807E-07	1.204956E-05	0.001003078	0.06059061	2.031506	26.68323	118.2413	252.4191	393.5751	537.5411	684.485	833.0549	981.613	1128.97	1274.4	1417.46	1557.858	1695.389	1829.924
306.15	9.973238E-10	1.197806E-07	1.204955E-05	0.001003075	0.06058999	2.031414	26.67873	118.2015	252.3199	393.4308	537.3697	684.2994	832.8642	981.424	1128.787	1274.227	1417.298	1557.709	1695.253	1829.802
306.8	9.973238E-10	1.197806E-07	1.204954E-05	0.001003072	0.06058938	2.031322	26.67423	118.1617	252.2208	393.2866	537.1983	684.1139	832.6736	981.2349	1128.604	1274.053	1417.136	1557.56	1695.118	1829.68
307.45	9.973237E-10	1.197806E-07	1.204953E-05	0.00100307	0.06058877	2.03123	26.66973	118.1219	252.1217	393.1423	537.027	683.9284	832.4831	981.0458	1128.422	1273.88	1416.974	1557.411	1694.982	1829.558
308.1	9.973236E-10	1.197805E-07	1.204952E-05	0.001003067	0.06058815	2.031138	26.66524	118.0821	252.0227	392.9982	536.8558	683.743	832.2926	980.8568	1128.239	1273.706	1416.813	1557.262	1694.847	1829.436
308.75	9.973234E-10	1.197805E-07	1.204951E-05	0.001003064	0.06058754	2.031046	26.66074	118.0424	251.9237	392.8541	536.6846	683.5576	832.1021	980.6678	1128.056	1273.533	1416.651	1557.113	1694.711	1829.314
309.4	9.973233E-10	1.197805E-07	1.20495E-05	0.001003062	0.06058693	2.030954	26.65625	118.0027	251.8247	392.7101	536.5135	683.3723	831.9117	980.4789	1127.873	1273.36	1416.489	1556.964	1694.576	1829.191
310.05	9.973232E-10	1.197804E-07	1.204949E-05	0.001003059	0.06058633	2.030863	26.65176	117.9629	251.7258	392.5661	536.3424	683.187	831.7213	980.29	1127.691	1273.186	1416.327	1556.815	1694.44	1829.069
310.7	9.973231E-10	1.197804E-07	1.204948E-05	0.001003057	0.06058571	2.030771	26.64726	117.9232	251.6269	392.4221	536.1714	683.0018	831.531	980.1012	1127.508	1273.013	1416.166	1556.666	1694.304	1828.947
311.35	9.97323E-10	1.197804E-07	1.204947E-05	0.001003054	0.06058511	2.030679	26.64278	117.8836	251.5281	392.2783	536.0004	682.8166	831.3408	979.9124	1127.325	1272.84	1416.004	1556.517	1694.169	1828.825
312	9.97323E-10	1.197803E-07	1.204946E-05	0.001003051	0.0605845	2.030588	26.63829	117.8439	251.4293	392.1344	535.8295	682.6315	831.1505	979.7236	1127.143	1272.667	1415.842	1556.368	1694.033	1828.703
312.65	9.973229E-10	1.197803E-07	1.204945E-05	0.001003048	0.06058389	2.030496	26.6338	117.8042	251.3305	391.9906	535.6587	682.4464	830.9603	979.5349	1126.96	1272.493	1415.68	1556.219	1693.898	1828.581
313.3	9.973228E-10	1.197803E-07	1.204944E-05	0.001003046	0.06058328	2.030405	26.62932	117.7646	251.2318	391.8469	535.4879	682.2614	830.7701	979.3462	1126.777	1272.32	1415.519	1556.07	1693.762	1828.459
313.95	9.973227E-10	1.197802E-07	1.204943E-05	0.001003043	0.06058268	2.030313	26.62484	117.725	251.1331	391.7032	535.3171	682.0764	830.5801	979.1575	1126.595	1272.147	1415.357	1555.921	1693.627	1828.337
314.6	9.973226E-10	1.197802E-07	1.204942E-05	0.001003041	0.06058207	2.030222	26.62035	117.6853	251.0345	391.5597	535.1465	681.8915	830.39	978.9689	1126.412	1271.974	1415.196	1555.772	1693.491	1828.215
315.25	9.973224E-10	1.197801E-07	1.204941E-05	0.001003038	0.06058147	2.03013	26.61588	117.6458	250.9359	391.4161	534.9758	681.7066	830.2	978.7803	1126.23	1271.801	1415.034	1555.624	1693.356	1828.093
315.9	9.973223E-10	1.197801E-07	1.20494E-05	0.001003035	0.06058086	2.030039	26.61139	117.6062	250.8373	391.2726	534.8053	681.5218	830.0101	978.5918	1126.047	1271.628	1414.872	1555.475	1693.221	1827.971
316.55	9.973222E-10	1.197801E-07	1.204939E-05	0.001003033	0.06058026	2.029948	26.60692	117.5666	250.7388	391.1292	534.6348	681.337	829.8201	978.4033	1125.865	1271.455	1414.711	1555.326	1693.085	1827.849
317.2	9.973222E-10	1.1978E-07	1.204938E-05	0.00100303	0.06057965	2.029856	26.60244	117.5271	250.6403	390.9857	534.4643	681.1523	829.6302	978.2148	1125.683	1271.282	1414.549	1555.177	1692.95	1827.727
317.85	9.973221E-10	1.1978E-07	1.204937E-05	0.001003027	0.06057905	2.029765	26.59797	117.4875	250.5419	390.8424	534.2939	680.9677	829.4404	978.0264	1125.5	1271.109	1414.388	1555.028	1692.814	1827.605
318.5	9.97322E-10	1.1978E-07	1.204936E-05	0.001003025	0.06057845	2.029674	26.5935	117.448	250.4435	390.6991	534.1235	680.783	829.2506	977.838	1125.318	1270.936	1414.226	1554.88	1692.679	1827.483
319.15	9.973219E-10	1.197799E-07	1.204935E-05	0.001003022	0.06057785	2.029583	26.58902	117.4085	250.3452	390.5559	533.9532	680.5984	829.0609	977.6497	1125.136	1270.763	1414.065	1554.731	1692.543	1827.361
319.8	9.973218E-10	1.197799E-07	1.204934E-05	0.00100302	0.06057724	2.029492	26.58455	117.369	250.2468	390.4127	533.783	680.4139	828.8712	977.4613	1124.953	1270.59	1413.903	1554.582	1692.408	1827.239
320.45	9.973217E-10	1.197799E-07	1.204933E-05	0.001003017	0.06057664	2.029401	26.58009	117.3295	250.1486	390.2696	533.6129	680.2295	828.6816	977.273	1124.771	1270.417	1413.742	1554.433	1692.273	1827.117
321.1	9.973216E-10	1.197798E-07	1.204932E-05	0.001003014	0.06057604	2.02931	26.57562	117.2901	250.0503	390.1265	533.4427	680.0451	828.4919	977.0848	1124.589	1270.244	1413.58	1554.285	1692.137	1826.995
321.75	9.973216E-10	1.197798E-07	1.204931E-05	0.001003012	0.06057544	2.029219	26.57115	117.2506	249.9521	389.9835	533.2726	679.8607	828.3024	976.8966	1124.407	1270.071	1413.419	1554.136	1692.002	1826.873
322.4	9.973214E-10	1.197798E-07	1.20493E-05	0.001003009	0.06057484	2.029128	26.56669	117.2112	249.854	389.8405	533.1027	679.6765	828.1129	976.7084	1124.225	1269.898	1413.257	1553.987	1691.867	1826.751
323.05	9.973213E-10	1.197797E-07	1.204929E-05	0.001003007	0.06057425	2.029037	26.56223	117.1718	249.7558	389.6976	532.9327	679.4922	827.9234	976.5203	1124.043	1269.725	1413.096	1553.839	1691.731	1826.629
323.7	9.973212E-10	1.197797E-07	1.204928E-05	0.001003004	0.06057365	2.028947	26.55776	117.1324	249.6578	389.5547	532.7628	679.308	827.7339	976.3322	1123.861	1269.553	1412.935	1553.69	1691.596	1826.507
324.35	9.973211E-10	1.197797E-07	1.204927E-05	0.001003001	0.06057305	2.028856	26.5533	117.093	249.5597	389.412	532.593	679.1238	827.5446	976.1441	1123.679	1269.38	1412.773	1553.542	1691.461	1826.385
325	9.97321E-10	1.197796E-07	1.204926E-05	0.001002999	0.06057245	2.028765	26.54885	117.0536	249.4617	389.2692	532.4232	678.9397	827.3552	975.9561	1123.497	1269.207	1412.612	1553.393	1691.326	1826.264
325.65	9.97321E-10	1.197796E-07	1.204925E-05	0.001002996	0.06057186	2.028675	26.54439	117.0143	249.3638	389.1265	532.2534	678.7557	827.166	975.7681	1123.315	1269.034	1412.451	1553.244	1691.19	1826.142
326.3	9.973209E-10	1.197796E-07	1.204924E-05	0.001002994	0.06057126	2.028584	26.53993	116.9749	249.2659	388.9839	532.0837	678.5717	826.9767	975.5802	1123.133	1268.862	1412.29	1553.096	1691.055	1826.02
326.95	9.973208E-10	1.197795E-07	1.204923E-05	0.001002991	0.06057067	2.028494	26.53548	116.9356	249.168	388.8413	531.9141	678.3878	826.7875	975.3923	1122.951	1268.689	1412.128	1552.947	1690.92	1825.898
327.6	9.973207E-10	1.197795E-07	1.204922E-05	0.001002989	0.06057007	2.028403	26.53102	116.8963	249.0701	388.6987	531.7446	678.2039	826.5983	975.2044	1122.769	1268.516	1411.967	1552.799	1690.785	1825.776
328.25	9.973206E-10	1.197795E-07	1.204921E-05	0.001002986	0.06056948	2.028313	26.52657	116.857	248.9724	388.5562	531.575	678.02	826.4092	975.0166	1122.587	1268.344	1411.806	1552.65	1690.649	1825.654
328.9	9.973204E-10	1.197794E-07	1.20492E-05	0.001002983	0.06056888	2.028222	26.52212	116.8177	248.8746	388.4138	531.4056	677.8362	826.2202	974.8288	1122.405	1268.171	1411.645	1552.502	1690.514	1825.532
329.55	9.973204E-10	1.197794E-07	1.204919E-05	0.001002981	0.06056829	2.028132	26.51768	116.7784	248.7769	388.2715	531.2361	677.6525	826.0311	974.6411	1122.223	1267.999	1411.483	1552.353	1690.379	1825.411
330.2	9.973203E-10	1.197794E-07	1.204918E-05	0.001002978	0.0605677	2.028042	26.51323	116.7392	248.6792	388.1291	531.0668	677.4688	825.8422	974.4533	1122.042	1267.826	1411.322	1552.205	1690.244	1825.289
330.85	9.973202E-10	1.197793E-07	1.204917E-05	0.001002976	0.06056711	2.027951	26.50878	116.6999	248.5816	387.9868	530.8975	677.2852	825.6532	974.2656	1121.86	1267.653	1411.161	1552.056	1690.109	1825.167
331.5	9.973201E-10	1.197793E-07	1.204916E-05	0.001002973	0.06056652	2.027861	26.50434	116.6607	248.484	387.8446	530.7283	677.1016	825.4643	974.078	1121.678	1267.481	1411	1551.908	1689.973	1825.045
332.15	9.9732E-10	1.197793E-07	1.204915E-05	0.001002971	0.06056593	2.027771	26.4999	116.6215	248.3864	387.7025	530.5591	676.918	825.2755	973.8904	1121.496	1267.308	1410.839	1551.759	1689.838	1824.923
332.8	9.973199E-10	1.197792E-07	1.204914E-05	0.001002968	0.06056534	2.027681	26.49545	116.5823	248.2889	387.5604	530.39	676.7345	825.0867	973.7028	1121.315	1267.136	1410.678	1551.611	1689.703	1824.802
333.45	9.973199E-10	1.197792E-07	1.204913E-05	0.001002965	0.06056475	2.027591	26.49101	116.5431	248.1914	387.4183	530.2209	676.5511	824.8979	973.5153	1121.133	1266.964	1410.517	1551.462	1689.568	1824.68
334.1	9.973198E-10	1.197792E-07	1.204912E-05	0.001002963	0.06056416	2.027501	26.48658	116.5039	248.094	387.2763	530.0519	676.3677	824.7092	973.3278	1120.952	1266.791	1410.356	1551.314	1689.433	1824.558
334.75	9.973197E-10	1.197791E-07	1.204911E-05	0.00100296	0.06056357	2.027411	26.48214	116.4648	247.9966	387.1344	529.8829	676.1844	824.5205	973.1403	1120.77	1266.619	1410.195	1551.166	1689.298	1824.436
335.4	9.973196E-10	1.197791E-07	1.204911E-05	0.001002958	0.06056298	2.027321	26.4777	116.4257	247.8992	386.9925	529.7141	676.0011	824.3319	972.9529	1120.589	1266.447	1410.034	1551.017	1689.163	1824.315
336.05	9.973194E-10	1.197791E-07	1.20491E-05	0.001002955	0.06056239	2.027231	26.47327	116.3865	247.8019	386.8506	529.5452	675.8179	824.1433	972.7655	1120.407	1266.274	1409.873	1550.869	1689.027	1824.193
336.7	9.973193E-10	1.19779E-07	1.204909E-05	0.001002953	0.06056181	2.027141	26.46884	116.3474	247.7046	386.7088	529.3764	675.6347	823.9548	972.5782	1120.226	1266.102	1409.712	1550.721	1688.892	1824.071
337.35	9.973193E-10	1.19779E-07	1.204908E-05	0.00100295	0.06056122	2.027051	26.4644	116.3083	247.6074	386.5671	529.2076	675.4515	823.7663	972.3909	1120.044	1265.93	1409.551	1550.572	1688.757	1823.949
338	9.973192E-10	1.19779E-07	1.204907E-05	0.001002948	0.06056063	2.026961	26.45997	116.2693	247.5101	386.4254	529.0389	675.2685	823.5779	972.2036	1119.863	1265.757	1409.39	1550.424	1688.622	1823.828
338.65	9.973191E-10	1.197789E-07	1.204906E-05	0.001002945	0.06056005	2.026872	26.45555	116.2302	247.413	386.2838	528.8703	675.0854	823.3895	972.0164	1119.681	1265.585	1409.229	1550.276	1688.487	1823.706
339.3	9.97319E-10	1.197789E-07	1.204905E-05	0.001002943	0.06055946	2.026782	26.45112	116.1912	247.3159	386.1422	528.7017	674.9025	823.2011	971.8292	1119.5	1265.413	1409.068	1550.127	1688.352	1823.584
339.95	9.973189E-10	1.197789E-07	1.204904E-05	0.00100294	0.06055888	2.026692	26.44669	116.1521	247.2188	386.0007	528.5332	674.7195	823.0128	971.642	1119.319	1265.241	1408.907	1549.979	1688.217	1823.463
340.6	9.973189E-10	1.197789E-07	1.204903E-05	0.001002938	0.0605583	2.026603	26.44227	116.1131	247.1217	385.8592	528.3647	674.5367	822.8245	971.4549	1119.138	1265.069	1408.746	1549.831	1688.082	1823.341
341.25	9.973188E-10	1.197788E-07	1.204902E-05	0.001002935	0.06055771	2.026513	26.43785	116.0741	247.0247	385.7178	528.1964	674.3539	822.6363	971.2678	1118.956	1264.896	1408.585	1549.683	1687.947	1823.219
341.9	9.973187E-10	1.197788E-07	1.204901E-05	0.001002933	0.06055713	2.026424	26.43342	116.0351	246.9278	385.5764	528.028	674.1711	822.4481	971.0807	1118.775	1264.724	1408.425	1549.535	1687.812	1823.098
342.55	9.973186E-10	1.197788E-07	1.2049E-05	0.00100293	0.06055655	2.026334	26.429	115.9961	246.8309	385.4352	527.8597	673.9883	822.2599	970.8937	1118.594	1264.552	1408.264	1549.386	1687.677	1822.976
343.2	9.973185E-10	1.197787E-07	1.204899E-05	0.001002928	0.06055597	2.026245	26.42458	115.9572	246.734	385.2939	527.6915	673.8057	822.0719	970.7068	1118.413	1264.38	1408.103	1549.238	1687.542	1822.854
343.85	9.973185E-10	1.197787E-07	1.204898E-05	0.001002925	0.06055539	2.026156	26.42017	115.9182	246.6371	385.1527	527.5233	673.623	821.8839	970.5198	1118.232	1264.208	1407.942	1549.09	1687.407	1822.733
344.5	9.973183E-10	1.197787E-07	1.204897E-05	0.001002923	0.06055481	2.026066	26.41575	115.8793	246.5403	385.0115	527.3551	673.4405	821.6959	970.3329	1118.051	1264.036	1407.782	1548.942	1687.272	1822.611
345.15	9.973182E-10	1.197786E-07	1.204896E-05	0.00100292	0.06055422	2.025977	26.41134	115.8404	246.4435	384.8704	527.187	673.258	821.5079	970.1461	1117.87	1263.864	1407.621	1548.794	1687.138	1822.49
345.8	9.973181E-10	1.197786E-07	1.204895E-05	0.001002918	0.06055365	2.025888	26.40692	115.8015	246.3468	384.7294	527.019	673.0755	821.3199	969.9593	1117.688	1263.692	1407.46	1548.646	1687.003	1822.368
346.45	9.97318E-10	1.197786E-07	1.204895E-05	0.001002915	0.06055307	2.025799	26.40251	115.7626	246.2501	384.5884	526.851	672.8931	821.1321	969.7725	1117.507	1263.52	1407.299	1548.497	1686.868	1822.246
347.1	9.97318E-10	1.197785E-07	1.204894E-05	0.001002913	0.06055249	2.02571	26.3981	115.7237	246.1535	384.4474	526.6831	672.7108	820.9443	969.5858	1117.326	1263.348	1407.139	1548.349	1686.733	1822.125
347.75	9.973179E-10	1.197785E-07	1.204893E-05	0.00100291	0.06055191	2.02562	26.39369	115.6849	246.0569	384.3066	526.5153	672.5284	820.7565	969.399	1117.146	1263.177	1406.978	1548.201	1686.598	1822.003
348.4	9.973178E-10	1.197785E-07	1.204892E-05	0.001002908	0.06055133	2.025532	26.38929	115.646	245.9603	384.1657	526.3475	672.3461	820.5687	969.2123	1116.965	1263.005	1406.818	1548.053	1686.463	1821.882
349.05	9.973177E-10	1.197784E-07	1.204891E-05	0.001002906	0.06055076	2.025443	26.38488	115.6072	245.8638	384.025	526.1797	672.1639	820.381	969.0258	1116.784	1262.833	1406.657	1547.905	1686.328	1821.76
349.7	9.973176E-10	1.197784E-07	1.20489E-05	0.001002903	0.06055018	2.025354	26.38047	115.5684	245.7673	383.8842	526.012	671.9818	820.1934	968.8391	1116.603	1262.661	1406.496	1547.757	1686.193	1821.639
350.35	9.973176E-10	1.197784E-07	1.204889E-05	0.001002901	0.06054961	2.025265	26.37607	115.5296	245.6708	383.7436	525.8444	671.7997	820.0058	968.6526	1116.422	1262.489	1406.336	1547.609	1686.059	1821.517
351	9.973175E-10	1.197783E-07	1.204888E-05	0.001002898	0.06054903	2.025176	26.37167	115.4908	245.5744	383.6029	525.6768	671.6176	819.8182	968.4661	1116.241	1262.318	1406.175	1547.461	1685.924	1821.395
351.65	9.973173E-10	1.197783E-07	1.204887E-05	0.001002896	0.06054846	2.025087	26.36727	115.452	245.478	383.4624	525.5092	671.4356	819.6307	968.2795	1116.061	1262.146	1406.015	1547.313	1685.789	1821.274
352.3	9.973172E-10	1.197783E-07	1.204886E-05	0.001002893	0.06054788	2.024998	26.36287	115.4133	245.3817	383.3219	525.3417	671.2537	819.4432	968.0931	1115.88	1261.974	1405.854	1547.165	1685.654	1821.152
352.95	9.973171E-10	1.197782E-07	1.204885E-05	0.001002891	0.06054731	2.024909	26.35847	115.3745	245.2854	383.1814	525.1743	671.0717	819.2559	967.9067	1115.699	1261.802	1405.694	1547.017	1685.519	1821.031
353.6	9.973171E-10	1.197782E-07	1.204884E-05	0.001002888	0.06054674	2.024821	26.35408	115.3358	245.1891	383.041	525.007	670.8899	819.0685	967.7203	1115.518	1261.631	1405.533	1546.869	1685.385	1820.909
354.25	9.97317E-10	1.197782E-07	1.204883E-05	0.001002886	0.06054617	2.024732	26.34968	115.2971	245.0929	382.9006	524.8397	670.7081	818.8811	967.534	1115.338	1261.459	1405.373	1546.721	1685.25	1820.788
354.9	9.973169E-10	1.197782E-07	1.204883E-05	0.001002884	0.06054559	2.024644	26.34529	115.2584	244.9967	382.7603	524.6724	670.5263	818.6938	967.3477	1115.157	1261.287	1405.212	1546.573	1685.115	1820.666
355.55	9.973168E-10	1.197781E-07	1.204882E-05	0.001002881	0.06054502	2.024555	26.3409	115.2197	244.9006	382.6201	524.5052	670.3446	818.5066	967.1614	1114.977	1261.116	1405.052	1546.426	1684.98	1820.545
356.2	9.973167E-10	1.197781E-07	1.204881E-05	0.001002879	0.06054445	2.024467	26.33651	115.1811	244.8045	382.4799	524.338	670.163	818.3193	966.9752	1114.796	1260.944	1404.892	1546.278	1684.846	1820.423
356.85	9.973167E-10	1.197781E-07	1.20488E-05	0.001002876	0.06054388	2.024378	26.33212	115.1424	244.7085	382.3397	524.171	669.9813	818.1322	966.789	1114.616	1260.773	1404.731	1546.13	1684.711	1820.302
357.5	9.973166E-10	1.19778E-07	1.204879E-05	0.001002874	0.06054331	2.02429	26.32773	115.1038	244.6124	382.1996	524.0039	669.7998	817.9451	966.6028	1114.435	1260.601	1404.571	1545.982	1684.576	1820.181
358.15	9.973165E-10	1.19778E-07	1.204878E-05	0.001002871	0.06054274	2.024201	26.32335	115.0652	244.5164	382.0596	523.8369	669.6183	817.758	966.4167	1114.255	1260.43	1404.411	1545.834	1684.442	1820.059
358.8	9.973163E-10	1.19778E-07	1.204877E-05	0.001002869	0.06054218	2.024113	26.31896	115.0266	244.4205	381.9196	523.67	669.4368	817.571	966.2307	1114.074	1260.258	1404.25	1545.686	1684.307	1819.938
359.45	9.973163E-10	1.19778E-07	1.204876E-05	0.001002867	0.06054161	2.024025	26.31458	114.988	244.3246	381.7797	523.5031	669.2554	817.384	966.0446	1113.894	1260.087	1404.09	1545.539	1684.172	1819.816
360.1	9.973162E-10	1.197779E-07	1.204875E-05	0.001002864	0.06054104	2.023937	26.31019	114.9494	244.2287	381.6398	523.3363	669.0741	817.1971	965.8586	1113.714	1259.916	1403.93	1545.391	1684.038	1819.695
360.75	9.973161E-10	1.197779E-07	1.204874E-05	0.001002862	0.06054047	2.023849	26.30581	114.9108	244.1329	381.5	523.1695	668.8928	817.0101	965.6727	1113.533	1259.744	1403.77	1545.243	1683.903	1819.573
361.4	9.97316E-10	1.197779E-07	1.204874E-05	0.001002859	0.06053991	2.02376	26.30143	114.8723	244.0371	381.3602	523.0028	668.7115	816.8233	965.4868	1113.353	1259.573	1403.609	1545.095	1683.768	1819.452
362.05	9.97316E-10	1.197778E-07	1.204873E-05	0.001002857	0.06053934	2.023672	26.29706	114.8337	243.9414	381.2205	522.8361	668.5303	816.6365	965.3008	1113.173	1259.401	1403.449	1544.948	1683.634	1819.331
362.7	9.973159E-10	1.197778E-07	1.204872E-05	0.001002855	0.06053878	2.023584	26.29268	114.7952	243.8457	381.0808	522.6696	668.3492	816.4497	965.115	1112.992	1259.23	1403.289	1544.8	1683.499	1819.209
363.35	9.973158E-10	1.197778E-07	1.204871E-05	0.001002852	0.06053821	2.023496	26.28831	114.7567	243.75	380.9412	522.503	668.1681	816.263	964.9291	1112.812	1259.059	1403.129	1544.652	1683.365	1819.088
364	9.973157E-10	1.197777E-07	1.20487E-05	0.00100285	0.06053765	2.023408	26.28393	114.7182	243.6544	380.8016	522.3365	667.987	816.0764	964.7434	1112.632	1258.888	1402.969	1544.504	1683.23	1818.967
364.65	9.973156E-10	1.197777E-07	1.204869E-05	0.001002847	0.06053708	2.02332	26.27956	114.6797	243.5588	380.6621	522.17	667.806	815.8897	964.5576	1112.452	1258.716	1402.808	1544.357	1683.095	1818.845
365.3	9.973156E-10	1.197777E-07	1.204868E-05	0.001002845	0.06053652	2.023232	26.27519	114.6413	243.4632	380.5226	522.0037	667.6251	815.7031	964.3719	1112.272	1258.545	1402.648	1544.209	1682.961	1818.724
365.95	9.973155E-10	1.197776E-07	1.204867E-05	0.001002843	0.06053596	2.023145	26.27082	114.6028	243.3677	380.3832	521.8373	667.4442	815.5165	964.1863	1112.092	1258.374	1402.488	1544.061	1682.826	1818.603
366.6	9.973153E-10	1.197776E-07	1.204866E-05	0.00100284	0.06053539	2.023057	26.26645	114.5644	243.2722	380.2438	521.671	667.2633	815.3301	964.0006	1111.912	1258.203	1402.328	1543.914	1682.692	1818.481
367.25	9.973152E-10	1.197776E-07	1.204865E-05	0.001002838	0.06053483	2.022969	26.26208	114.526	243.1768	380.1045	521.5048	667.0825	815.1436	963.8151	1111.732	1258.031	1402.168	1543.766	1682.557	1818.36
367.9	9.973152E-10	1.197776E-07	1.204865E-05	0.001002835	0.06053427	2.022882	26.25772	114.4876	243.0814	379.9653	521.3386	666.9018	814.9572	963.6295	1111.552	1257.86	1402.008	1543.619	1682.423	1818.239
368.55	9.973151E-10	1.197775E-07	1.204864E-05	0.001002833	0.06053371	2.022794	26.25336	114.4492	242.986	379.8261	521.1725	666.7211	814.7708	963.444	1111.372	1257.689	1401.848	1543.471	1682.288	1818.117
369.2	9.97315E-10	1.197775E-07	1.204863E-05	0.001002831	0.06053315	2.022706	26.24899	114.4108	242.8907	379.6869	521.0065	666.5405	814.5845	963.2585	1111.192	1257.518	1401.688	1543.323	1682.154	1817.996
369.85	9.973149E-10	1.197775E-07	1.204862E-05	0.001002828	0.06053259	2.022619	26.24463	114.3724	242.7954	379.5478	520.8405	666.3599	814.3982	963.0731	1111.012	1257.347	1401.528	1543.176	1682.019	1817.875
370.5	9.973149E-10	1.197774E-07	1.204861E-05	0.001002826	0.06053203	2.022531	26.24027	114.3341	242.7002	379.4088	520.6745	666.1793	814.212	962.8876	1110.832	1257.176	1401.368	1543.028	1681.885	1817.754
371.15	9.973148E-10	1.197774E-07	1.20486E-05	0.001002824	0.06053147	2.022444	26.23591	114.2958	242.605	379.2698	520.5086	665.9988	814.0258	962.7023	1110.652	1257.005	1401.208	1542.881	1681.75	1817.632
371.8	9.973147E-10	1.197774E-07	1.204859E-05	0.001002821	0.06053092	2.022357	26.23156	114.2574	242.5098	379.1309	520.3428	665.8184	813.8397	962.5169	1110.472	1256.834	1401.048	1542.733	1681.616	1817.511
372.45	9.973146E-10	1.197773E-07	1.204858E-05	0.001002819	0.06053036	2.022269	26.2272	114.2191	242.4147	378.992	520.1769	665.6379	813.6536	962.3316	1110.292	1256.663	1400.888	1542.586	1681.481	1817.39
373.1	9.973146E-10	1.197773E-07	1.204858E-05	0.001002817	0.0605298	2.022182	26.22285	114.1808	242.3196	378.8531	520.0112	665.4576	813.4675	962.1464	1110.113	1256.492	1400.729	1542.438	1681.347	1817.269
373.75	9.973145E-10	1.197773E-07	1.204857E-05	0.001002814	0.06052925	2.022094	26.2185	114.1426	242.2246	378.7144	519.8455	665.2773	813.2814	961.9611	1109.933	1256.321	1400.569	1542.291	1681.213	1817.147
374.4	9.973143E-10	1.197773E-07	1.204856E-05	0.001002812	0.06052869	2.022007	26.21415	114.1043	242.1296	378.5756	519.6799	665.097	813.0955	961.7759	1109.753	1256.151	1400.409	1542.143	1681.078	1817.026
375.05	9.973142E-10	1.197772E-07	1.204855E-05	0.00100281	0.06052813	2.02192	26.20979	114.0661	242.0346	378.437	519.5143	664.9169	812.9095	961.5908	1109.574	1255.98	1400.249	1541.996	1680.944	1816.905
375.7	9.973142E-10	1.197772E-07	1.204854E-05	0.001002807	0.06052758	2.021833	26.20545	114.0278	241.9397	378.2983	519.3488	664.7368	812.7237	961.4057	1109.394	1255.809	1400.089	1541.849	1680.809	1816.784
376.35	9.973141E-10	1.197772E-07	1.204853E-05	0.001002805	0.06052703	2.021746	26.2011	113.9896	241.8448	378.1597	519.1833	664.5566	812.5378	961.2206	1109.214	1255.638	1399.929	1541.701	1680.675	1816.663
377	9.97314E-10	1.197771E-07	1.204852E-05	0.001002803	0.06052647	2.021659	26.19675	113.9514	241.7499	378.0212	519.0179	664.3766	812.3521	961.0356	1109.035	1255.467	1399.77	1541.554	1680.541	1816.542
377.65	9.973139E-10	1.197771E-07	1.204852E-05	0.0010028	0.06052592	2.021572	26.19241	113.9132	241.6551	377.8828	518.8526	664.1966	812.1663	960.8505	1108.855	1255.297	1399.61	1541.406	1680.406	1816.42
378.3	9.973139E-10	1.197771E-07	1.204851E-05	0.001002798	0.06052537	2.021485	26.18807	113.875	241.5603	377.7443	518.6873	664.0167	811.9806	960.6656	1108.676	1255.126	1399.45	1541.259	1680.272	1816.299
378.95	9.973138E-10	1.197771E-07	1.20485E-05	0.001002796	0.06052481	2.021398	26.18373	113.8369	241.4656	377.606	518.522	663.8367	811.7949	960.4807	1108.496	1254.955	1399.29	1541.112	1680.138	1816.178
379.6	9.973137E-10	1.19777E-07	1.204849E-05	0.001002793	0.06052426	2.021311	26.17939	113.7987	241.3709	377.4677	518.3568	663.6569	811.6093	960.2958	1108.317	1254.784	1399.131	1540.964	1680.004	1816.057
380.25	9.973137E-10	1.19777E-07	1.204848E-05	0.001002791	0.06052371	2.021224	26.17505	113.7606	241.2762	377.3294	518.1917	663.4771	811.4237	960.1109	1108.137	1254.614	1398.971	1540.817	1679.869	1815.936
380.9	9.973136E-10	1.19777E-07	1.204847E-05	0.001002789	0.06052316	2.021137	26.17071	113.7225	241.1816	377.1912	518.0266	663.2974	811.2382	959.9261	1107.958	1254.443	1398.811	1540.67	1679.735	1815.815
381.55	9.973135E-10	1.197769E-07	1.204846E-05	0.001002786	0.06052261	2.02105	26.16637	113.6844	241.087	377.053	517.8616	663.1177	811.0527	959.7413	1107.779	1254.272	1398.652	1540.522	1679.601	1815.693
382.2	9.973133E-10	1.197769E-07	1.204845E-05	0.001002784	0.06052206	2.020964	26.16204	113.6463	240.9925	376.9149	517.6966	662.938	810.8672	959.5566	1107.599	1254.102	1398.492	1540.375	1679.466	1815.572
382.85	9.973133E-10	1.197769E-07	1.204845E-05	0.001002782	0.06052151	2.020877	26.15771	113.6082	240.8979	376.7769	517.5317	662.7584	810.6818	959.3718	1107.42	1253.931	1398.333	1540.228	1679.332	1815.451
383.5	9.973132E-10	1.197768E-07	1.204844E-05	0.001002779	0.06052096	2.020791	26.15338	113.5702	240.8035	376.6388	517.3668	662.5789	810.4965	959.1872	1107.241	1253.761	1398.173	1540.081	1679.198	1815.33
384.15	9.973131E-10	1.197768E-07	1.204843E-05	0.001002777	0.06052041	2.020704	26.14904	113.5321	240.709	376.5009	517.202	662.3994	810.3112	959.0026	1107.062	1253.59	1398.013	1539.933	1679.064	1815.209
384.8	9.97313E-10	1.197768E-07	1.204842E-05	0.001002775	0.06051987	2.020617	26.14472	113.4941	240.6147	376.363	517.0372	662.22	810.1259	958.8179	1106.882	1253.42	1397.854	1539.786	1678.929	1815.088
385.45	9.97313E-10	1.197768E-07	1.204841E-05	0.001002773	0.06051932	2.020531	26.14039	113.4561	240.5203	376.2251	516.8725	662.0406	809.9406	958.6334	1106.703	1253.249	1397.694	1539.639	1678.795	1814.967
386.1	9.973129E-10	1.197767E-07	1.20484E-05	0.00100277	0.06051877	2.020444	26.13606	113.4181	240.426	376.0873	516.7078	661.8612	809.7554	958.4489	1106.524	1253.079	1397.535	1539.492	1678.661	1814.846
386.75	9.973128E-10	1.197767E-07	1.20484E-05	0.001002768	0.06051823	2.020358	26.13174	113.3801	240.3317	375.9496	516.5432	661.6819	809.5703	958.2644	1106.345	1252.909	1397.375	1539.345	1678.527	1814.725
387.4	9.973128E-10	1.197767E-07	1.204839E-05	0.001002766	0.06051768	2.020272	26.12741	113.3421	240.2375	375.8119	516.3787	661.5027	809.3852	958.08	1106.166	1252.738	1397.216	1539.198	1678.393	1814.604
388.05	9.973127E-10	1.197766E-07	1.204838E-05	0.001002764	0.06051714	2.020185	26.12309	113.3042	240.1433	375.6743	516.2142	661.3235	809.2001	957.8955	1105.987	1252.568	1397.057	1539.05	1678.259	1814.483
388.7	9.973126E-10	1.197766E-07	1.204837E-05	0.001002761	0.06051659	2.020099	26.11877	113.2662	240.0491	375.5367	516.0497	661.1443	809.0151	957.7111	1105.808	1252.397	1396.897	1538.903	1678.125	1814.362
389.35	9.973125E-10	1.197766E-07	1.204836E-05	0.001002759	0.06051605	2.020013	26.11445	113.2283	239.955	375.3991	515.8853	660.9653	808.8302	957.5268	1105.629	1252.227	1396.738	1538.756	1677.99	1814.241
390	9.973125E-10	1.197766E-07	1.204835E-05	0.001002757	0.0605155	2.019927	26.11013	113.1904	239.8609	375.2617	515.721	660.7862	808.6453	957.3425	1105.45	1252.057	1396.578	1538.609	1677.856	1814.12
390.65	9.973123E-10	1.197765E-07	1.204834E-05	0.001002754	0.06051496	2.019841	26.10582	113.1525	239.7668	375.1242	515.5567	660.6072	808.4604	957.1582	1105.271	1251.887	1396.419	1538.462	1677.722	1813.999
391.3	9.973122E-10	1.197765E-07	1.204834E-05	0.001002752	0.06051442	2.019755	26.1015	113.1146	239.6728	374.9868	515.3925	660.4283	808.2755	956.974	1105.092	1251.716	1396.26	1538.315	1677.588	1813.878
391.95	9.973122E-10	1.197765E-07	1.204833E-05	0.00100275	0.06051388	2.019669	26.09719	113.0767	239.5789	374.8495	515.2283	660.2494	808.0908	956.7898	1104.913	1251.546	1396.1	1538.168	1677.454	1813.757
392.6	9.973121E-10	1.197764E-07	1.204832E-05	0.001002748	0.06051334	2.019583	26.09288	113.0388	239.4849	374.7122	515.0642	660.0705	807.906	956.6057	1104.734	1251.376	1395.941	1538.021	1677.32	1813.636
393.25	9.97312E-10	1.197764E-07	1.204831E-05	0.001002745	0.06051279	2.019496	26.08857	113.001	239.391	374.575	514.9001	659.8917	807.7213	956.4215	1104.555	1251.206	1395.782	1537.874	1677.186	1813.515
393.9	9.973119E-10	1.197764E-07	1.20483E-05	0.001002743	0.06051225	2.019411	26.08426	112.9632	239.2972	374.4378	514.7361	659.713	807.5366	956.2374	1104.377	1251.036	1395.622	1537.727	1677.052	1813.394
394.55	9.973119E-10	1.197764E-07	1.204829E-05	0.001002741	0.06051171	2.019325	26.07995	112.9254	239.2034	374.3007	514.5721	659.5343	807.352	956.0534	1104.198	1250.865	1395.463	1537.58	1676.918	1813.273
395.2	9.973118E-10	1.197763E-07	1.204829E-05	0.001002739	0.06051117	2.019239	26.07564	112.8876	239.1096	374.1636	514.4083	659.3557	807.1674	955.8694	1104.019	1250.695	1395.304	1537.433	1676.784	1813.152
395.85	9.973117E-10	1.197763E-07	1.204828E-05	0.001002736	0.06051064	2.019153	26.07134	112.8498	239.0159	374.0266	514.2444	659.1771	806.9829	955.6854	1103.841	1250.525	1395.145	1537.286	1676.65	1813.031
396.5	9.973117E-10	1.197763E-07	1.204827E-05	0.001002734	0.0605101	2.019068	26.06703	112.812	238.9221	373.8896	514.0806	658.9985	806.7984	955.5015	1103.662	1250.355	1394.986	1537.139	1676.516	1812.91
397.15	9.973116E-10	1.197762E-07	1.204826E-05	0.001002732	0.06050956	2.018982	26.06273	112.7742	238.8285	373.7527	513.9169	658.82	806.614	955.3176	1103.483	1250.185	1394.826	1536.992	1676.382	1812.789
397.8	9.973115E-10	1.197762E-07	1.204825E-05	0.00100273	0.06050902	2.018896	26.05843	112.7365	238.7349	373.6158	513.7532	658.6415	806.4296	955.1337	1103.305	1250.015	1394.667	1536.845	1676.248	1812.669
398.45	9.973113E-10	1.197762E-07	1.204825E-05	0.001002727	0.06050848	2.018811	26.05413	112.6988	238.6413	373.479	513.5895	658.4631	806.2452	954.9499	1103.126	1249.845	1394.508	1536.698	1676.114	1812.548
399.1	9.973113E-10	1.197762E-07	1.204824E-05	0.001002725	0.06050795	2.018725	26.04983	112.661	238.5477	373.3423	513.4259	658.2848	806.0609	954.7661	1102.948	1249.675	1394.349	1536.551	1675.98	1812.427
399.75	9.973112E-10	1.197761E-07	1.204823E-05	0.001002723	0.06050741	2.018639	26.04553	112.6233	238.4542	373.2055	513.2624	658.1065	805.8766	954.5823	1102.769	1249.505	1394.19	1536.404	1675.846	1812.306
400.4	9.973111E-10	1.197761E-07	1.204822E-05	0.001002721	0.06050688	2.018554	26.04124	112.5857	238.3607	373.0689	513.0989	657.9283	805.6924	954.3986	1102.591	1249.335	1394.031	1536.258	1675.712	1812.185
401.05	9.973111E-10	1.197761E-07	1.204821E-05	0.001002719	0.06050634	2.018468	26.03694	112.548	238.2673	372.9323	512.9355	657.7501	805.5082	954.215	1102.412	1249.166	1393.872	1536.111	1675.578	1812.064
401.7	9.97311E-10	1.197761E-07	1.20482E-05	0.001002716	0.06050581	2.018383	26.03265	112.5103	238.1739	372.7957	512.7721	657.5719	805.3241	954.0313	1102.234	1248.996	1393.713	1535.964	1675.444	1811.943
402.35	9.973109E-10	1.19776E-07	1.20482E-05	0.001002714	0.06050527	2.018298	26.02836	112.4727	238.0805	372.6592	512.6088	657.3938	805.14	953.8477	1102.055	1248.826	1393.554	1535.817	1675.31	1811.823
403	9.973109E-10	1.19776E-07	1.204819E-05	0.001002712	0.06050474	2.018212	26.02407	112.435	237.9872	372.5227	512.4456	657.2158	804.9559	953.6641	1101.877	1248.656	1393.395	1535.67	1675.176	1811.702
403.65	9.973108E-10	1.19776E-07	1.204818E-05	0.00100271	0.06050421	2.018127	26.01978	112.3974	237.8939	372.3863	512.2823	657.0378	804.7719	953.4806	1101.699	1248.486	1393.236	1535.524	1675.042	1811.581
404.3	9.973107E-10	1.197759E-07	1.204817E-05	0.001002708	0.06050367	2.018042	26.01549	112.3598	237.8007	372.25	512.1191	656.8598	804.588	953.2971	1101.52	1248.317	1393.077	1535.377	1674.909	1811.46
404.95	9.973107E-10	1.197759E-07	1.204816E-05	0.001002705	0.06050314	2.017957	26.01121	112.3222	237.7075	372.1137	511.9561	656.6819	804.4041	953.1136	1101.342	1248.147	1392.918	1535.23	1674.775	1811.339
405.6	9.973106E-10	1.197759E-07	1.204816E-05	0.001002703	0.06050261	2.017872	26.00692	112.2847	237.6143	371.9774	511.793	656.504	804.2202	952.9302	1101.164	1247.977	1392.759	1535.083	1674.641	1811.219
406.25	9.973105E-10	1.197759E-07	1.204815E-05	0.001002701	0.06050208	2.017787	26.00264	112.2471	237.5212	371.8412	511.63	656.3262	804.0363	952.7468	1100.986	1247.807	1392.6	1534.937	1674.507	1811.098
406.9	9.973103E-10	1.197758E-07	1.204814E-05	0.001002699	0.06050155	2.017702	25.99836	112.2095	237.4281	371.7051	511.467	656.1485	803.8525	952.5635	1100.807	1247.638	1392.441	1534.79	1674.373	1810.977
407.55	9.973103E-10	1.197758E-07	1.204813E-05	0.001002697	0.06050102	2.017617	25.99408	112.172	237.335	371.569	511.3042	655.9708	803.6688	952.3802	1100.629	1247.468	1392.282	1534.643	1674.24	1810.856
408.2	9.973102E-10	1.197758E-07	1.204812E-05	0.001002694	0.06050049	2.017532	25.9898	112.1345	237.242	371.4329	511.1413	655.7932	803.485	952.1969	1100.451	1247.299	1392.124	1534.497	1674.106	1810.736
408.85	9.973101E-10	1.197758E-07	1.204811E-05	0.001002692	0.06049996	2.017447	25.98552	112.097	237.149	371.2969	510.9785	655.6155	803.3014	952.0137	1100.273	1247.129	1391.965	1534.35	1673.972	1810.615
409.5	9.973101E-10	1.197757E-07	1.204811E-05	0.00100269	0.06049943	2.017362	25.98124	112.0595	237.0561	371.161	510.8158	655.438	803.1178	951.8304	1100.095	1246.959	1391.806	1534.203	1673.838	1810.494
410.15	9.9731E-10	1.197757E-07	1.20481E-05	0.001002688	0.0604989	2.017277	25.97697	112.022	236.9632	371.0251	510.6531	655.2604	802.9342	951.6473	1099.917	1246.79	1391.647	1534.057	1673.704	1810.373
410.8	9.973099E-10	1.197757E-07	1.204809E-05	0.001002686	0.06049838	2.017192	25.97269	111.9846	236.8703	370.8893	510.4905	655.083	802.7507	951.4642	1099.739	1246.62	1391.488	1533.91	1673.571	1810.253
411.45	9.973099E-10	1.197756E-07	1.204808E-05	0.001002683	0.06049785	2.017107	25.96842	111.9471	236.7775	370.7534	510.3279	654.9056	802.5672	951.2811	1099.561	1246.451	1391.33	1533.763	1673.437	1810.132
412.1	9.973098E-10	1.197756E-07	1.204807E-05	0.001002681	0.06049732	2.017023	25.96415	111.9097	236.6847	370.6177	510.1654	654.7283	802.3837	951.098	1099.383	1246.281	1391.171	1533.617	1673.303	1810.011
412.75	9.973097E-10	1.197756E-07	1.204807E-05	0.001002679	0.0604968	2.016938	25.95988	111.8723	236.5919	370.482	510.0029	654.5509	802.2003	950.915	1099.205	1246.112	1391.012	1533.47	1673.17	1809.891
413.4	9.973097E-10	1.197756E-07	1.204806E-05	0.001002677	0.06049627	2.016854	25.95561	111.8349	236.4992	370.3464	509.8405	654.3737	802.017	950.732	1099.027	1245.943	1390.854	1533.324	1673.036	1809.77
414.05	9.973096E-10	1.197755E-07	1.204805E-05	0.001002675	0.06049575	2.016769	25.95135	111.7975	236.4065	370.2108	509.6781	654.1965	801.8337	950.5491	1098.849	1245.773	1390.695	1533.177	1672.902	1809.649
414.7	9.973095E-10	1.197755E-07	1.204804E-05	0.001002673	0.06049522	2.016684	25.94708	111.7601	236.3139	370.0753	509.5158	654.0193	801.6504	950.3661	1098.672	1245.604	1390.536	1533.031	1672.768	1809.529
415.35	9.973095E-10	1.197755E-07	1.204804E-05	0.00100267	0.0604947	2.0166	25.94282	111.7227	236.2213	369.9398	509.3536	653.8422	801.4672	950.1833	1098.494	1245.434	1390.378	1532.884	1672.635	1809.408
416	9.973093E-10	1.197755E-07	1.204803E-05	0.001002668	0.06049417	2.016515	25.93855	111.6854	236.1287	369.8044	509.1914	653.6651	801.284	950.0004	1098.316	1245.265	1390.219	1532.738	1672.501	1809.287
416.65	9.973092E-10	1.197754E-07	1.204802E-05	0.001002666	0.06049365	2.016431	25.93429	111.6481	236.0362	369.6689	509.0292	653.4881	801.1008	949.8176	1098.138	1245.096	1390.06	1532.591	1672.368	1809.167
417.3	9.973092E-10	1.197754E-07	1.204801E-05	0.001002664	0.06049313	2.016347	25.93003	111.6107	235.9437	369.5336	508.8671	653.3112	800.9177	949.6349	1097.961	1244.927	1389.902	1532.445	1672.234	1809.046
417.95	9.973091E-10	1.197754E-07	1.2048E-05	0.001002662	0.0604926	2.016262	25.92577	111.5734	235.8513	369.3983	508.7051	653.1342	800.7347	949.4521	1097.783	1244.757	1389.743	1532.298	1672.1	1808.925
418.6	9.97309E-10	1.197754E-07	1.2048E-05	0.00100266	0.06049208	2.016178	25.92152	111.5361	235.7589	369.2631	508.5431	652.9574	800.5516	949.2695	1097.605	1244.588	1389.585	1532.152	1671.967	1808.805
419.25	9.97309E-10	1.197753E-07	1.204799E-05	0.001002658	0.06049156	2.016094	25.91726	111.4989	235.6665	369.1279	508.3812	652.7806	800.3687	949.0868	1097.428	1244.419	1389.426	1532.005	1671.833	1808.684
419.9	9.973089E-10	1.197753E-07	1.204798E-05	0.001002655	0.06049104	2.01601	25.91301	111.4616	235.5741	368.9928	508.2193	652.6038	800.1858	948.9042	1097.25	1244.25	1389.268	1531.859	1671.699	1808.564
420.55	9.973088E-10	1.197753E-07	1.204797E-05	0.001002653	0.06049052	2.015926	25.90875	111.4243	235.4818	368.8577	508.0574	652.4271	800.0029	948.7216	1097.073	1244.08	1389.109	1531.713	1671.566	1808.443
421.2	9.973088E-10	1.197753E-07	1.204796E-05	0.001002651	0.06049	2.015841	25.9045	111.3871	235.3896	368.7227	507.8957	652.2504	799.82	948.5391	1096.895	1243.911	1388.951	1531.566	1671.432	1808.322
421.85	9.973087E-10	1.197752E-07	1.204796E-05	0.001002649	0.06048948	2.015757	25.90025	111.3499	235.2973	368.5877	507.7339	652.0738	799.6372	948.3566	1096.718	1243.742	1388.792	1531.42	1671.299	1808.202
422.5	9.973086E-10	1.197752E-07	1.204795E-05	0.001002647	0.06048897	2.015673	25.896	111.3127	235.2052	368.4528	507.5723	651.8972	799.4545	948.1741	1096.54	1243.573	1388.634	1531.274	1671.165	1808.081
423.15	9.973086E-10	1.197752E-07	1.204794E-05	0.001002645	0.06048845	2.015589	25.89175	111.2755	235.113	368.3179	507.4106	651.7207	799.2718	947.9916	1096.363	1243.404	1388.475	1531.127	1671.032	1807.961
423.8	9.973085E-10	1.197752E-07	1.204793E-05	0.001002643	0.06048793	2.015506	25.88751	111.2383	235.0209	368.1831	507.2491	651.5443	799.0891	947.8093	1096.185	1243.235	1388.317	1530.981	1670.898	1807.84
424.45	9.973083E-10	1.197751E-07	1.204793E-05	0.001002641	0.06048741	2.015422	25.88326	111.2011	234.9288	368.0483	507.0876	651.3678	798.9065	947.6269	1096.008	1243.066	1388.159	1530.835	1670.765	1807.72
425.1	9.973083E-10	1.197751E-07	1.204792E-05	0.001002638	0.06048689	2.015338	25.87902	111.164	234.8368	367.9136	506.9261	651.1914	798.7239	947.4446	1095.831	1242.897	1388	1530.688	1670.631	1807.599
425.75	9.973082E-10	1.197751E-07	1.204791E-05	0.001002636	0.06048638	2.015254	25.87478	111.1268	234.7448	367.7789	506.7647	651.0151	798.5414	947.2623	1095.653	1242.728	1387.842	1530.542	1670.498	1807.479
426.4	9.973081E-10	1.19775E-07	1.20479E-05	0.001002634	0.06048586	2.01517	25.87054	111.0897	234.6528	367.6443	506.6033	650.8388	798.3588	947.08	1095.476	1242.559	1387.684	1530.396	1670.364	1807.358
427.05	9.973081E-10	1.19775E-07	1.204789E-05	0.001002632	0.06048535	2.015086	25.8663	111.0526	234.5609	367.5097	506.442	650.6626	798.1764	946.8978	1095.299	1242.39	1387.526	1530.25	1670.231	1807.238
427.7	9.97308E-10	1.19775E-07	1.204789E-05	0.00100263	0.06048483	2.015003	25.86206	111.0155	234.469	367.3752	506.2808	650.4865	797.994	946.7156	1095.121	1242.221	1387.367	1530.104	1670.097	1807.117
428.35	9.973079E-10	1.19775E-07	1.204788E-05	0.001002628	0.06048432	2.014919	25.85782	110.9784	234.3772	367.2407	506.1196	650.3103	797.8116	946.5334	1094.944	1242.053	1387.209	1529.957	1669.964	1806.997
429	9.973079E-10	1.197749E-07	1.204787E-05	0.001002626	0.06048381	2.014836	25.85359	110.9414	234.2853	367.1063	505.9584	650.1342	797.6293	946.3514	1094.767	1241.884	1387.051	1529.811	1669.831	1806.876
429.65	9.973078E-10	1.197749E-07	1.204786E-05	0.001002624	0.06048329	2.014752	25.84935	110.9043	234.1936	366.9719	505.7973	649.9582	797.447	946.1693	1094.59	1241.715	1386.893	1529.665	1669.697	1806.756
430.3	9.973078E-10	1.197749E-07	1.204786E-05	0.001002622	0.06048278	2.014669	25.84512	110.8673	234.1018	366.8376	505.6363	649.7822	797.2648	945.9872	1094.413	1241.546	1386.734	1529.519	1669.564	1806.635
430.95	9.973077E-10	1.197749E-07	1.204785E-05	0.00100262	0.06048227	2.014585	25.84089	110.8302	234.0101	366.7033	505.4753	649.6063	797.0826	945.8052	1094.236	1241.377	1386.576	1529.373	1669.43	1806.515
431.6	9.973076E-10	1.197748E-07	1.204784E-05	0.001002618	0.06048175	2.014502	25.83666	110.7932	233.9184	366.5691	505.3143	649.4304	796.9005	945.6233	1094.059	1241.209	1386.418	1529.226	1669.297	1806.395
432.25	9.973076E-10	1.197748E-07	1.204783E-05	0.001002615	0.06048124	2.014418	25.83243	110.7562	233.8268	366.4349	505.1534	649.2546	796.7183	945.4413	1093.882	1241.04	1386.26	1529.08	1669.164	1806.274
432.9	9.973075E-10	1.197748E-07	1.204783E-05	0.001002613	0.06048073	2.014335	25.8282	110.7192	233.7352	366.3008	504.9926	649.0788	796.5363	945.2595	1093.705	1240.871	1386.102	1528.934	1669.03	1806.154
433.55	9.973073E-10	1.197748E-07	1.204782E-05	0.001002611	0.06048022	2.014252	25.82398	110.6823	233.6437	366.1667	504.8318	648.903	796.3542	945.0776	1093.528	1240.703	1385.944	1528.788	1668.897	1806.033
434.2	9.973073E-10	1.197747E-07	1.204781E-05	0.001002609	0.06047971	2.014169	25.81975	110.6453	233.5522	366.0327	504.6711	648.7274	796.1722	944.8958	1093.351	1240.534	1385.786	1528.642	1668.764	1805.913
434.85	9.973072E-10	1.197747E-07	1.20478E-05	0.001002607	0.0604792	2.014085	25.81553	110.6084	233.4607	365.8988	504.5104	648.5517	795.9903	944.714	1093.174	1240.365	1385.628	1528.496	1668.63	1805.792
435.5	9.973071E-10	1.197747E-07	1.20478E-05	0.001002605	0.06047869	2.014002	25.81131	110.5714	233.3692	365.7648	504.3498	648.3761	795.8084	944.5323	1092.997	1240.197	1385.469	1528.35	1668.497	1805.672
436.15	9.973071E-10	1.197747E-07	1.204779E-05	0.001002603	0.06047818	2.013919	25.80709	110.5345	233.2778	365.631	504.1892	648.2006	795.6266	944.3505	1092.82	1240.028	1385.312	1528.204	1668.364	1805.552
436.8	9.97307E-10	1.197746E-07	1.204778E-05	0.001002601	0.06047767	2.013836	25.80287	110.4976	233.1865	365.4972	504.0287	648.0251	795.4448	944.1689	1092.644	1239.86	1385.154	1528.058	1668.23	1805.431
437.45	9.973069E-10	1.197746E-07	1.204777E-05	0.001002599	0.06047717	2.013753	25.79865	110.4607	233.0952	365.3634	503.8683	647.8497	795.263	943.9872	1092.467	1239.691	1384.996	1527.912	1668.097	1805.311
438.1	9.973069E-10	1.197746E-07	1.204777E-05	0.001002597	0.06047666	2.01367	25.79443	110.4239	233.0039	365.2297	503.7079	647.6743	795.0812	943.8057	1092.29	1239.523	1384.838	1527.766	1667.964	1805.191
438.75	9.973068E-10	1.197746E-07	1.204776E-05	0.001002595	0.06047615	2.013587	25.79022	110.387	232.9126	365.096	503.5475	647.4989	794.8996	943.6241	1092.113	1239.354	1384.68	1527.62	1667.831	1805.07
439.4	9.973068E-10	1.197745E-07	1.204775E-05	0.001002593	0.06047565	2.013504	25.786	110.3502	232.8214	364.9624	503.3872	647.3236	794.718	943.4426	1091.937	1239.186	1384.522	1527.474	1667.697	1804.95
440.05	9.973067E-10	1.197745E-07	1.204774E-05	0.001002591	0.06047514	2.013421	25.78179	110.3133	232.7302	364.8288	503.2269	647.1484	794.5364	943.261	1091.76	1239.017	1384.364	1527.328	1667.564	1804.83
440.7	9.973066E-10	1.197745E-07	1.204774E-05	0.001002589	0.06047464	2.013338	25.77758	110.2765	232.6391	364.6953	503.0667	646.9731	794.3548	943.0796	1091.583	1238.849	1384.206	1527.182	1667.431	1804.709
441.35	9.973066E-10	1.197745E-07	1.204773E-05	0.001002587	0.06047413	2.013256	25.77337	110.2397	232.548	364.5619	502.9066	646.798	794.1733	942.8982	1091.407	1238.68	1384.048	1527.036	1667.298	1804.589
442	9.973065E-10	1.197744E-07	1.204772E-05	0.001002584	0.06047363	2.013173	25.76916	110.2029	232.4569	364.4284	502.7465	646.6229	793.9918	942.7168	1091.23	1238.512	1383.89	1526.89	1667.165	1804.469
442.65	9.973063E-10	1.197744E-07	1.204771E-05	0.001002582	0.06047312	2.01309	25.76496	110.1662	232.3659	364.2951	502.5864	646.4479	793.8104	942.5355	1091.054	1238.344	1383.732	1526.745	1667.031	1804.349
443.3	9.973063E-10	1.197744E-07	1.204771E-05	0.00100258	0.06047262	2.013007	25.76075	110.1294	232.2749	364.1617	502.4265	646.2728	793.629	942.3541	1090.877	1238.175	1383.575	1526.599	1666.898	1804.228
443.95	9.973062E-10	1.197744E-07	1.20477E-05	0.001002578	0.06047212	2.012925	25.75655	110.0926	232.1839	364.0285	502.2665	646.0979	793.4477	942.1729	1090.701	1238.007	1383.417	1526.453	1666.765	1804.108
444.6	9.973062E-10	1.197743E-07	1.204769E-05	0.001002576	0.06047161	2.012842	25.75234	110.0559	232.093	363.8953	502.1066	645.923	793.2664	941.9916	1090.524	1237.839	1383.259	1526.307	1666.632	1803.988
445.25	9.973061E-10	1.197743E-07	1.204768E-05	0.001002574	0.06047111	2.01276	25.74814	110.0192	232.0021	363.7621	501.9468	645.7481	793.0851	941.8104	1090.348	1237.671	1383.101	1526.161	1666.499	1803.868
445.9	9.97306E-10	1.197743E-07	1.204768E-05	0.001002572	0.06047061	2.012677	25.74394	109.9825	231.9113	363.629	501.787	645.5733	792.9039	941.6293	1090.172	1237.502	1382.944	1526.015	1666.366	1803.747
446.55	9.97306E-10	1.197743E-07	1.204767E-05	0.00100257	0.06047011	2.012595	25.73974	109.9458	231.8204	363.4959	501.6273	645.3986	792.7228	941.4481	1089.995	1237.334	1382.786	1525.87	1666.233	1803.627
447.2	9.973059E-10	1.197742E-07	1.204766E-05	0.001002568	0.06046961	2.012512	25.73554	109.9091	231.7297	363.3629	501.4676	645.2239	792.5416	941.267	1089.819	1237.166	1382.628	1525.724	1666.099	1803.507
447.85	9.973058E-10	1.197742E-07	1.204765E-05	0.001002566	0.06046911	2.01243	25.73135	109.8724	231.6389	363.2299	501.308	645.0492	792.3605	941.086	1089.643	1236.998	1382.47	1525.578	1665.966	1803.387
448.5	9.973058E-10	1.197742E-07	1.204765E-05	0.001002564	0.06046861	2.012348	25.72715	109.8358	231.5482	363.097	501.1484	644.8746	792.1795	940.905	1089.466	1236.83	1382.313	1525.432	1665.833	1803.266
449.15	9.973057E-10	1.197742E-07	1.204764E-05	0.001002562	0.06046811	2.012265	25.72296	109.7992	231.4576	362.9642	500.9888	644.7	791.9985	940.7239	1089.29	1236.662	1382.155	1525.287	1665.7	1803.146
449.8	9.973057E-10	1.197741E-07	1.204763E-05	0.00100256	0.06046761	2.012183	25.71877	109.7625	231.3669	362.8314	500.8294	644.5255	791.8176	940.543	1089.114	1236.494	1381.998	1525.141	1665.567	1803.026
450.45	9.973056E-10	1.197741E-07	1.204762E-05	0.001002558	0.06046711	2.012101	25.71458	109.7259	231.2764	362.6986	500.67	644.351	791.6367	940.3621	1088.938	1236.326	1381.84	1524.995	1665.434	1802.906
451.1	9.973055E-10	1.197741E-07	1.204762E-05	0.001002556	0.06046662	2.012019	25.71039	109.6893	231.1858	362.5659	500.5106	644.1766	791.4558	940.1812	1088.761	1236.158	1381.682	1524.849	1665.301	1802.786
451.75	9.973055E-10	1.197741E-07	1.204761E-05	0.001002554	0.06046612	2.011937	25.7062	109.6527	231.0953	362.4332	500.3513	644.0022	791.275	940.0004	1088.585	1235.99	1381.525	1524.704	1665.168	1802.666
452.4	9.973053E-10	1.19774E-07	1.20476E-05	0.001002552	0.06046562	2.011855	25.70201	109.6162	231.0048	362.3006	500.192	643.8279	791.0942	939.8196	1088.409	1235.822	1381.367	1524.558	1665.035	1802.545
453.05	9.973053E-10	1.19774E-07	1.20476E-05	0.00100255	0.06046512	2.011773	25.69783	109.5796	230.9144	362.168	500.0328	643.6536	790.9135	939.6388	1088.233	1235.654	1381.21	1524.413	1664.902	1802.425
453.7	9.973052E-10	1.19774E-07	1.204759E-05	0.001002548	0.06046463	2.011691	25.69364	109.5431	230.824	362.0355	499.8736	643.4794	790.7327	939.4581	1088.057	1235.486	1381.052	1524.267	1664.769	1802.305
454.35	9.973051E-10	1.19774E-07	1.204758E-05	0.001002546	0.06046413	2.011609	25.68946	109.5066	230.7336	361.903	499.7145	643.3052	790.5521	939.2774	1087.881	1235.318	1380.895	1524.121	1664.636	1802.185
455	9.973051E-10	1.197739E-07	1.204757E-05	0.001002544	0.06046364	2.011527	25.68528	109.47	230.6433	361.7706	499.5555	643.1311	790.3715	939.0967	1087.705	1235.15	1380.737	1523.976	1664.503	1802.065
455.65	9.97305E-10	1.197739E-07	1.204757E-05	0.001002542	0.06046315	2.011445	25.6811	109.4335	230.553	361.6382	499.3965	642.957	790.1909	938.9161	1087.529	1234.982	1380.58	1523.83	1664.37	1801.945
456.3	9.973049E-10	1.197739E-07	1.204756E-05	0.00100254	0.06046265	2.011363	25.67692	109.3971	230.4627	361.506	499.2375	642.783	790.0104	938.7355	1087.353	1234.814	1380.422	1523.685	1664.237	1801.825
456.95	9.973049E-10	1.197739E-07	1.204755E-05	0.001002538	0.06046216	2.011281	25.67274	109.3606	230.3725	361.3737	499.0786	642.609	789.8299	938.5549	1087.178	1234.646	1380.265	1523.539	1664.104	1801.705
457.6	9.973048E-10	1.197738E-07	1.204755E-05	0.001002536	0.06046166	2.0112	25.66857	109.3241	230.2823	361.2415	498.9198	642.4351	789.6495	938.3745	1087.002	1234.479	1380.108	1523.394	1663.972	1801.584
458.25	9.973048E-10	1.197738E-07	1.204754E-05	0.001002534	0.06046117	2.011118	25.66439	109.2877	230.1922	361.1093	498.761	642.2612	789.4691	938.194	1086.826	1234.311	1379.95	1523.248	1663.839	1801.464
458.9	9.973047E-10	1.197738E-07	1.204753E-05	0.001002532	0.06046068	2.011036	25.66022	109.2512	230.1021	360.9772	498.6022	642.0873	789.2887	938.0135	1086.65	1234.143	1379.793	1523.103	1663.706	1801.344
459.55	9.973046E-10	1.197738E-07	1.204752E-05	0.00100253	0.06046019	2.010955	25.65605	109.2148	230.012	360.8451	498.4435	641.9136	789.1084	937.8331	1086.474	1233.975	1379.636	1522.957	1663.573	1801.224
460.2	9.973046E-10	1.197737E-07	1.204752E-05	0.001002528	0.0604597	2.010873	25.65187	109.1784	229.922	360.7131	498.2849	641.7398	788.9281	937.6527	1086.299	1233.808	1379.478	1522.812	1663.44	1801.104
460.85	9.973045E-10	1.197737E-07	1.204751E-05	0.001002526	0.0604592	2.010792	25.64771	109.142	229.832	360.5811	498.1263	641.5661	788.7479	937.4724	1086.123	1233.64	1379.321	1522.666	1663.307	1800.984
461.5	9.973045E-10	1.197737E-07	1.20475E-05	0.001002524	0.06045872	2.01071	25.64354	109.1057	229.742	360.4492	497.9677	641.3925	788.5677	937.2921	1085.947	1233.473	1379.164	1522.521	1663.174	1800.864
462.15	9.973044E-10	1.197737E-07	1.20475E-05	0.001002522	0.06045822	2.010629	25.63937	109.0693	229.6521	360.3173	497.8093	641.2189	788.3876	937.1118	1085.772	1233.305	1379.006	1522.375	1663.042	1800.744
462.8	9.973042E-10	1.197736E-07	1.204749E-05	0.00100252	0.06045774	2.010547	25.6352	109.033	229.5622	360.1855	497.6508	641.0453	788.2075	936.9316	1085.596	1233.137	1378.849	1522.23	1662.909	1800.624
463.45	9.973042E-10	1.197736E-07	1.204748E-05	0.001002519	0.06045724	2.010466	25.63104	108.9966	229.4723	360.0537	497.4925	640.8718	788.0274	936.7514	1085.42	1232.97	1378.692	1522.084	1662.776	1800.504
464.1	9.973041E-10	1.197736E-07	1.204747E-05	0.001002517	0.06045676	2.010385	25.62688	108.9603	229.3825	359.922	497.3341	640.6984	787.8474	936.5712	1085.245	1232.802	1378.535	1521.939	1662.643	1800.384
464.75	9.973041E-10	1.197736E-07	1.204747E-05	0.001002515	0.06045627	2.010303	25.62272	108.924	229.2927	359.7903	497.1758	640.525	787.6674	936.3911	1085.069	1232.635	1378.378	1521.794	1662.51	1800.264
465.4	9.97304E-10	1.197736E-07	1.204746E-05	0.001002513	0.06045578	2.010222	25.61856	108.8877	229.203	359.6587	497.0176	640.3516	787.4875	936.2111	1084.894	1232.467	1378.221	1521.648	1662.377	1800.144
466.05	9.97304E-10	1.197735E-07	1.204745E-05	0.001002511	0.0604553	2.010141	25.6144	108.8514	229.1133	359.5271	496.8594	640.1783	787.3076	936.031	1084.718	1232.3	1378.063	1521.503	1662.245	1800.024
466.7	9.973039E-10	1.197735E-07	1.204745E-05	0.001002509	0.06045481	2.01006	25.61024	108.8151	229.0236	359.3956	496.7013	640.0051	787.1277	935.851	1084.543	1232.132	1377.906	1521.358	1662.112	1799.904
467.35	9.973038E-10	1.197735E-07	1.204744E-05	0.001002507	0.06045432	2.009979	25.60608	108.7789	228.934	359.2641	496.5432	639.8318	786.9479	935.671	1084.368	1231.965	1377.749	1521.212	1661.979	1799.784
468	9.973038E-10	1.197735E-07	1.204743E-05	0.001002505	0.06045384	2.009898	25.60193	108.7427	228.8444	359.1327	496.3852	639.6587	786.7682	935.4911	1084.192	1231.797	1377.592	1521.067	1661.846	1799.665
468.65	9.973037E-10	1.197734E-07	1.204742E-05	0.001002503	0.06045335	2.009817	25.59778	108.7064	228.7548	359.0013	496.2273	639.4855	786.5884	935.3112	1084.017	1231.63	1377.435	1520.922	1661.714	1799.545
469.3	9.973037E-10	1.197734E-07	1.204742E-05	0.001002501	0.06045287	2.009736	25.59362	108.6702	228.6653	358.87	496.0693	639.3125	786.4088	935.1313	1083.842	1231.463	1377.278	1520.776	1661.581	1799.425
469.95	9.973036E-10	1.197734E-07	1.204741E-05	0.001002499	0.06045238	2.009655	25.58947	108.634	228.5758	358.7387	495.9115	639.1395	786.2291	934.9515	1083.666	1231.295	1377.121	1520.631	1661.448	1799.305
470.6	9.973035E-10	1.197734E-07	1.20474E-05	0.001002497	0.0604519	2.009574	25.58533	108.5978	228.4864	358.6075	495.7537	638.9665	786.0496	934.7717	1083.491	1231.128	1376.964	1520.486	1661.316	1799.185
471.25	9.973035E-10	1.197733E-07	1.20474E-05	0.001002495	0.06045141	2.009493	25.58118	108.5617	228.3969	358.4763	495.5959	638.7936	785.87	934.5919	1083.316	1230.961	1376.807	1520.341	1661.183	1799.065
471.9	9.973034E-10	1.197733E-07	1.204739E-05	0.001002493	0.06045093	2.009412	25.57703	108.5255	228.3076	358.3452	495.4382	638.6207	785.6905	934.4122	1083.141	1230.794	1376.65	1520.196	1661.05	1798.945
472.55	9.973034E-10	1.197733E-07	1.204738E-05	0.001002491	0.06045045	2.009331	25.57289	108.4894	228.2182	358.2141	495.2805	638.4479	785.511	934.2325	1082.965	1230.626	1376.493	1520.05	1660.918	1798.825
473.2	9.973032E-10	1.197733E-07	1.204738E-05	0.001002489	0.06044997	2.009251	25.56874	108.4532	228.1289	358.0831	495.1229	638.2751	785.3316	934.0529	1082.79	1230.459	1376.336	1519.905	1660.785	1798.705
473.85	9.973032E-10	1.197733E-07	1.204737E-05	0.001002488	0.06044948	2.00917	25.5646	108.4171	228.0396	357.9521	494.9654	638.1024	785.1522	933.8732	1082.615	1230.292	1376.179	1519.76	1660.652	1798.585
474.5	9.973031E-10	1.197732E-07	1.204736E-05	0.001002486	0.060449	2.009089	25.56046	108.381	227.9504	357.8212	494.8079	637.9297	784.9728	933.6936	1082.44	1230.125	1376.022	1519.615	1660.52	1798.466
475.15	9.97303E-10	1.197732E-07	1.204736E-05	0.001002484	0.06044852	2.009009	25.55632	108.3449	227.8612	357.6903	494.6504	637.7571	784.7936	933.5141	1082.265	1229.958	1375.865	1519.47	1660.387	1798.346
475.8	9.97303E-10	1.197732E-07	1.204735E-05	0.001002482	0.06044804	2.008928	25.55218	108.3088	227.772	357.5594	494.493	637.5845	784.6143	933.3346	1082.09	1229.791	1375.709	1519.325	1660.255	1798.226
476.45	9.973029E-10	1.197732E-07	1.204734E-05	0.00100248	0.06044756	2.008847	25.54804	108.2728	227.6829	357.4287	494.3356	637.4119	784.4351	933.1551	1081.915	1229.624	1375.552	1519.18	1660.122	1798.106
477.1	9.973029E-10	1.197731E-07	1.204733E-05	0.001002478	0.06044708	2.008767	25.54391	108.2367	227.5938	357.2979	494.1783	637.2394	784.2559	932.9756	1081.74	1229.456	1375.395	1519.034	1659.99	1797.986
477.75	9.973028E-10	1.197731E-07	1.204733E-05	0.001002476	0.0604466	2.008687	25.53977	108.2007	227.5048	357.1673	494.0211	637.067	784.0768	932.7963	1081.565	1229.289	1375.238	1518.889	1659.857	1797.866
478.4	9.973027E-10	1.197731E-07	1.204732E-05	0.001002474	0.06044612	2.008606	25.53564	108.1647	227.4158	357.0366	493.8639	636.8946	783.8977	932.6169	1081.39	1229.122	1375.081	1518.744	1659.724	1797.747
479.05	9.973027E-10	1.197731E-07	1.204731E-05	0.001002472	0.06044565	2.008526	25.5315	108.1287	227.3268	356.906	493.7068	636.7223	783.7187	932.4376	1081.215	1228.955	1374.925	1518.599	1659.592	1797.627
479.7	9.973026E-10	1.19773E-07	1.204731E-05	0.00100247	0.06044517	2.008445	25.52737	108.0927	227.2379	356.7755	493.5497	636.55	783.5397	932.2582	1081.041	1228.788	1374.768	1518.454	1659.459	1797.507
480.35	9.973026E-10	1.19773E-07	1.20473E-05	0.001002469	0.06044469	2.008365	25.52324	108.0567	227.149	356.645	493.3926	636.3777	783.3607	932.079	1080.866	1228.621	1374.611	1518.309	1659.327	1797.387
481	9.973025E-10	1.19773E-07	1.204729E-05	0.001002467	0.06044421	2.008285	25.51912	108.0207	227.0601	356.5146	493.2356	636.2055	783.1818	931.8998	1080.691	1228.455	1374.454	1518.164	1659.194	1797.268
481.65	9.973025E-10	1.19773E-07	1.204729E-05	0.001002465	0.06044374	2.008205	25.51499	107.9848	226.9713	356.3842	493.0787	636.0334	783.0029	931.7206	1080.516	1228.288	1374.298	1518.019	1659.062	1797.148
482.3	9.973024E-10	1.19773E-07	1.204728E-05	0.001002463	0.06044326	2.008124	25.51086	107.9488	226.8824	356.2538	492.9218	635.8613	782.8241	931.5414	1080.341	1228.121	1374.141	1517.874	1658.929	1797.028
482.95	9.973024E-10	1.197729E-07	1.204727E-05	0.001002461	0.06044279	2.008044	25.50674	107.9129	226.7937	356.1235	492.765	635.6892	782.6453	931.3623	1080.167	1227.954	1373.984	1517.729	1658.797	1796.908
483.6	9.973022E-10	1.197729E-07	1.204727E-05	0.001002459	0.06044231	2.007964	25.50262	107.877	226.705	355.9933	492.6082	635.5172	782.4666	931.1832	1079.992	1227.787	1373.828	1517.584	1658.664	1796.789
484.25	9.973021E-10	1.197729E-07	1.204726E-05	0.001002457	0.06044184	2.007884	25.4985	107.8411	226.6163	355.8631	492.4514	635.3452	782.2878	931.0042	1079.818	1227.62	1373.671	1517.439	1658.532	1796.669
484.9	9.973021E-10	1.197729E-07	1.204725E-05	0.001002455	0.06044136	2.007804	25.49438	107.8052	226.5276	355.7329	492.2947	635.1733	782.1092	930.8252	1079.643	1227.454	1373.515	1517.295	1658.4	1796.549
485.55	9.97302E-10	1.197728E-07	1.204725E-05	0.001002454	0.06044089	2.007724	25.49026	107.7693	226.439	355.6028	492.1381	635.0015	781.9306	930.6462	1079.468	1227.287	1373.358	1517.15	1658.267	1796.43
486.2	9.97302E-10	1.197728E-07	1.204724E-05	0.001002452	0.06044042	2.007644	25.48614	107.7335	226.3504	355.4728	491.9815	634.8297	781.752	930.4673	1079.294	1227.12	1373.202	1517.005	1658.135	1796.31
486.85	9.973019E-10	1.197728E-07	1.204723E-05	0.00100245	0.06043994	2.007565	25.48202	107.6976	226.2619	355.3428	491.825	634.6579	781.5735	930.2884	1079.119	1226.953	1373.045	1516.86	1658.002	1796.19
487.5	9.973019E-10	1.197728E-07	1.204723E-05	0.001002448	0.06043947	2.007485	25.47791	107.6618	226.1734	355.2128	491.6685	634.4861	781.395	930.1095	1078.945	1226.787	1372.888	1516.715	1657.87	1796.071
488.15	9.973018E-10	1.197727E-07	1.204722E-05	0.001002446	0.060439	2.007405	25.47379	107.626	226.0849	355.0829	491.5121	634.3145	781.2165	929.9307	1078.77	1226.62	1372.732	1516.57	1657.738	1795.951
488.8	9.973017E-10	1.197727E-07	1.204721E-05	0.001002444	0.06043853	2.007325	25.46968	107.5902	225.9965	354.9531	491.3557	634.1428	781.0381	929.7519	1078.596	1226.453	1372.575	1516.425	1657.605	1795.831
489.45	9.973017E-10	1.197727E-07	1.204721E-05	0.001002442	0.06043806	2.007245	25.46557	107.5544	225.9081	354.8233	491.1994	633.9713	780.8597	929.5731	1078.422	1226.287	1372.419	1516.281	1657.473	1795.712
490.1	9.973016E-10	1.197727E-07	1.20472E-05	0.00100244	0.06043759	2.007166	25.46146	107.5186	225.8197	354.6935	491.0431	633.7997	780.6814	929.3944	1078.247	1226.12	1372.263	1516.136	1657.341	1795.592
490.75	9.973016E-10	1.197727E-07	1.204719E-05	0.001002439	0.06043712	2.007086	25.45735	107.4828	225.7314	354.5638	490.8869	633.6282	780.5031	929.2157	1078.073	1225.954	1372.106	1515.991	1657.208	1795.472
491.4	9.973015E-10	1.197727E-07	1.204719E-05	0.001002437	0.06043665	2.007006	25.45325	107.4471	225.6431	354.4341	490.7307	633.4568	780.3249	929.037	1077.898	1225.787	1371.95	1515.846	1657.076	1795.353
492.05	9.973015E-10	1.197726E-07	1.204718E-05	0.001002435	0.06043618	2.006927	25.44914	107.4114	225.5548	354.3045	490.5746	633.2854	780.1467	928.8584	1077.724	1225.621	1371.793	1515.702	1656.944	1795.233
492.7	9.973014E-10	1.197726E-07	1.204717E-05	0.001002433	0.06043571	2.006847	25.44504	107.3756	225.4666	354.175	490.4185	633.1141	779.9685	928.6799	1077.55	1225.454	1371.637	1515.557	1656.811	1795.113
493.35	9.973014E-10	1.197726E-07	1.204717E-05	0.001002431	0.06043524	2.006768	25.44093	107.3399	225.3784	354.0455	490.2625	632.9428	779.7904	928.5013	1077.376	1225.288	1371.481	1515.412	1656.679	1794.994
494	9.973012E-10	1.197726E-07	1.204716E-05	0.001002429	0.06043477	2.006688	25.43683	107.3042	225.2903	353.916	490.1065	632.7715	779.6123	928.3228	1077.202	1225.121	1371.324	1515.267	1656.547	1794.874
494.65	9.973011E-10	1.197725E-07	1.204715E-05	0.001002428	0.0604343	2.006609	25.43273	107.2685	225.2021	353.7866	489.9506	632.6003	779.4343	928.1443	1077.027	1224.955	1371.168	1515.123	1656.415	1794.755
495.3	9.973011E-10	1.197725E-07	1.204715E-05	0.001002426	0.06043383	2.00653	25.42863	107.2329	225.1141	353.6572	489.7947	632.4292	779.2563	927.9659	1076.853	1224.788	1371.012	1514.978	1656.282	1794.635
495.95	9.97301E-10	1.197725E-07	1.204714E-05	0.001002424	0.06043337	2.00645	25.42453	107.1972	225.026	353.5279	489.6389	632.2581	779.0784	927.7875	1076.679	1224.622	1370.855	1514.833	1656.15	1794.516
496.6	9.97301E-10	1.197725E-07	1.204713E-05	0.001002422	0.0604329	2.006371	25.42044	107.1616	224.938	353.3986	489.4832	632.087	778.9005	927.6091	1076.505	1224.456	1370.699	1514.689	1656.018	1794.396
497.25	9.973009E-10	1.197725E-07	1.204713E-05	0.00100242	0.06043244	2.006292	25.41634	107.1259	224.8501	353.2694	489.3274	631.916	778.7226	927.4308	1076.331	1224.289	1370.543	1514.544	1655.886	1794.276
497.9	9.973009E-10	1.197724E-07	1.204712E-05	0.001002418	0.06043197	2.006213	25.41225	107.0903	224.7621	353.1402	489.1718	631.7451	778.5448	927.2525	1076.157	1224.123	1370.387	1514.4	1655.753	1794.157
498.55	9.973008E-10	1.197724E-07	1.204711E-05	0.001002417	0.06043151	2.006134	25.40816	107.0547	224.6742	353.0111	489.0161	631.5742	778.367	927.0742	1075.983	1223.957	1370.231	1514.255	1655.621	1794.037
499.2	9.973008E-10	1.197724E-07	1.204711E-05	0.001002415	0.06043104	2.006054	25.40406	107.0191	224.5863	352.882	488.8606	631.4033	778.1893	926.896	1075.809	1223.791	1370.074	1514.11	1655.489	1793.918
499.85	9.973007E-10	1.197724E-07	1.20471E-05	0.001002413	0.06043058	2.005975	25.39997	106.9836	224.4985	352.753	488.7051	631.2325	778.0115	926.7178	1075.635	1223.624	1369.918	1513.966	1655.357	1793.798
500.5	9.973007E-10	1.197723E-07	1.204709E-05	0.001002411	0.06043012	2.005896	25.39589	106.948	224.4107	352.624	488.5496	631.0617	777.8339	926.5397	1075.461	1223.458	1369.762	1513.821	1655.225	1793.679
501.15	9.973006E-10	1.197723E-07	1.204709E-05	0.001002409	0.06042965	2.005817	25.3918	106.9125	224.323	352.4951	488.3942	630.891	777.6563	926.3615	1075.287	1223.292	1369.606	1513.677	1655.093	1793.559
501.8	9.973005E-10	1.197723E-07	1.204708E-05	0.001002408	0.06042919	2.005738	25.38771	106.8769	224.2353	352.3662	488.2388	630.7203	777.4787	926.1835	1075.114	1223.126	1369.45	1513.532	1654.96	1793.44
502.45	9.973005E-10	1.197723E-07	1.204707E-05	0.001002406	0.06042873	2.005659	25.38363	106.8414	224.1476	352.2374	488.0835	630.5497	777.3012	926.0054	1074.94	1222.96	1369.294	1513.388	1654.828	1793.32
503.1	9.973004E-10	1.197723E-07	1.204707E-05	0.001002404	0.06042827	2.00558	25.37955	106.8059	224.0599	352.1086	487.9283	630.3791	777.1237	925.8274	1074.766	1222.794	1369.138	1513.243	1654.696	1793.201
503.75	9.973004E-10	1.197722E-07	1.204706E-05	0.001002402	0.0604278	2.005502	25.37546	106.7704	223.9723	351.9799	487.7731	630.2086	776.9463	925.6494	1074.592	1222.627	1368.982	1513.099	1654.564	1793.082
504.4	9.973002E-10	1.197722E-07	1.204705E-05	0.0010024	0.06042734	2.005423	25.37138	106.7349	223.8847	351.8512	487.6179	630.0381	776.7689	925.4715	1074.418	1222.461	1368.826	1512.954	1654.432	1792.962
505.05	9.973002E-10	1.197722E-07	1.204705E-05	0.001002398	0.06042688	2.005344	25.3673	106.6994	223.7972	351.7225	487.4628	629.8677	776.5915	925.2936	1074.245	1222.295	1368.67	1512.81	1654.3	1792.843
505.7	9.973001E-10	1.197722E-07	1.204704E-05	0.001002397	0.06042642	2.005265	25.36322	106.664	223.7097	351.5939	487.3077	629.6973	776.4142	925.1157	1074.071	1222.129	1368.514	1512.665	1654.168	1792.723
506.35	9.973001E-10	1.197721E-07	1.204704E-05	0.001002395	0.06042596	2.005187	25.35915	106.6285	223.6222	351.4654	487.1527	629.5269	776.2369	924.9379	1073.897	1221.963	1368.358	1512.521	1654.036	1792.604
507	9.973E-10	1.197721E-07	1.204703E-05	0.001002393	0.0604255	2.005108	25.35507	106.5931	223.5348	351.3369	486.9978	629.3566	776.0597	924.7601	1073.724	1221.797	1368.202	1512.376	1653.904	1792.484
507.65	9.973E-10	1.197721E-07	1.204702E-05	0.001002391	0.06042504	2.005029	25.351	106.5577	223.4474	351.2084	486.8429	629.1864	775.8824	924.5823	1073.55	1221.631	1368.046	1512.232	1653.772	1792.365
508.3	9.972999E-10	1.197721E-07	1.204702E-05	0.001002389	0.06042458	2.004951	25.34693	106.5223	223.36	351.08	486.688	629.0162	775.7053	924.4045	1073.377	1221.466	1367.89	1512.088	1653.64	1792.246
508.95	9.972999E-10	1.197721E-07	1.204701E-05	0.001002388	0.06042413	2.004873	25.34285	106.4869	223.2727	350.9517	486.5332	628.8461	775.5282	924.2269	1073.203	1221.3	1367.734	1511.943	1653.508	1792.126
509.6	9.972998E-10	1.19772E-07	1.2047E-05	0.001002386	0.06042367	2.004794	25.33878	106.4515	223.1854	350.8234	486.3785	628.676	775.3511	924.0492	1073.03	1221.134	1367.578	1511.799	1653.376	1792.007
510.25	9.972998E-10	1.19772E-07	1.2047E-05	0.001002384	0.06042321	2.004716	25.33471	106.4162	223.0982	350.6951	486.2238	628.5059	775.1741	923.8716	1072.856	1220.968	1367.422	1511.655	1653.244	1791.887
510.9	9.972997E-10	1.19772E-07	1.204699E-05	0.001002382	0.06042276	2.004637	25.33065	106.3808	223.0109	350.5669	486.0691	628.3359	774.9971	923.694	1072.683	1220.802	1367.267	1511.51	1653.112	1791.768
511.55	9.972997E-10	1.19772E-07	1.204698E-05	0.001002381	0.0604223	2.004559	25.32658	106.3455	222.9238	350.4388	485.9145	628.1659	774.8202	923.5165	1072.509	1220.636	1367.111	1511.366	1652.98	1791.649
512.2	9.972996E-10	1.19772E-07	1.204698E-05	0.001002379	0.06042184	2.004481	25.32252	106.3102	222.8366	350.3107	485.76	627.996	774.6433	923.3389	1072.336	1220.47	1366.955	1511.222	1652.848	1791.529
512.85	9.972995E-10	1.197719E-07	1.204697E-05	0.001002377	0.06042139	2.004402	25.31845	106.2748	222.7495	350.1826	485.6055	627.8261	774.4664	923.1614	1072.163	1220.305	1366.799	1511.078	1652.716	1791.41
513.5	9.972995E-10	1.197719E-07	1.204697E-05	0.001002375	0.06042093	2.004324	25.31439	106.2396	222.6624	350.0546	485.451	627.6563	774.2896	922.984	1071.989	1220.139	1366.643	1510.933	1652.584	1791.291
514.15	9.972994E-10	1.197719E-07	1.204696E-05	0.001002374	0.06042048	2.004246	25.31033	106.2043	222.5754	349.9266	485.2966	627.4865	774.1129	922.8066	1071.816	1219.973	1366.488	1510.789	1652.452	1791.172
514.8	9.972994E-10	1.197719E-07	1.204695E-05	0.001002372	0.06042003	2.004168	25.30627	106.169	222.4884	349.7987	485.1423	627.3168	773.9361	922.6292	1071.643	1219.808	1366.332	1510.645	1652.32	1791.052
515.45	9.972992E-10	1.197719E-07	1.204695E-05	0.00100237	0.06041957	2.00409	25.30221	106.1338	222.4014	349.6708	484.988	627.1472	773.7594	922.4519	1071.47	1219.642	1366.176	1510.501	1652.188	1790.933
516.1	9.972992E-10	1.197718E-07	1.204694E-05	0.001002368	0.06041912	2.004011	25.29815	106.0985	222.3145	349.543	484.8337	626.9775	773.5828	922.2746	1071.296	1219.476	1366.021	1510.356	1652.057	1790.814
516.75	9.972991E-10	1.197718E-07	1.204693E-05	0.001002366	0.06041867	2.003933	25.2941	106.0633	222.2276	349.4152	484.6795	626.8079	773.4061	922.0974	1071.123	1219.311	1365.865	1510.212	1651.925	1790.694
517.4	9.972991E-10	1.197718E-07	1.204693E-05	0.001002365	0.06041821	2.003855	25.29004	106.0281	222.1407	349.2875	484.5254	626.6384	773.2296	921.9201	1070.95	1219.145	1365.709	1510.068	1651.793	1790.575
518.05	9.97299E-10	1.197718E-07	1.204692E-05	0.001002363	0.06041776	2.003778	25.28599	105.9929	222.0538	349.1598	484.3713	626.4689	773.053	921.7429	1070.777	1218.98	1365.554	1509.924	1651.661	1790.456
518.7	9.97299E-10	1.197717E-07	1.204692E-05	0.001002361	0.06041731	2.0037	25.28194	105.9577	221.9671	349.0322	484.2172	626.2994	772.8766	921.5657	1070.604	1218.814	1365.398	1509.78	1651.529	1790.337
519.35	9.972989E-10	1.197717E-07	1.204691E-05	0.001002359	0.06041686	2.003622	25.27789	105.9225	221.8803	348.9046	484.0632	626.1301	772.7001	921.3886	1070.431	1218.649	1365.242	1509.636	1651.397	1790.217
520	9.972989E-10	1.197717E-07	1.20469E-05	0.001002358	0.06041641	2.003544	25.27384	105.8873	221.7936	348.7771	483.9093	625.9607	772.5237	921.2115	1070.258	1218.483	1365.087	1509.492	1651.266	1790.098
520.65	9.972988E-10	1.197717E-07	1.20469E-05	0.001002356	0.06041596	2.003466	25.26979	105.8522	221.7069	348.6496	483.7554	625.7914	772.3474	921.0345	1070.085	1218.318	1364.931	1509.347	1651.134	1789.979
521.3	9.972988E-10	1.197717E-07	1.204689E-05	0.001002354	0.06041551	2.003388	25.26574	105.817	221.6202	348.5222	483.6016	625.6221	772.171	920.8574	1069.912	1218.152	1364.776	1509.203	1651.002	1789.86
521.95	9.972987E-10	1.197716E-07	1.204688E-05	0.001002352	0.06041506	2.003311	25.2617	105.7819	221.5336	348.3948	483.4478	625.4529	771.9948	920.6805	1069.739	1217.987	1364.62	1509.059	1650.87	1789.74
522.6	9.972987E-10	1.197716E-07	1.204688E-05	0.001002351	0.06041461	2.003233	25.25765	105.7468	221.447	348.2674	483.294	625.2838	771.8185	920.5035	1069.566	1217.821	1364.465	1508.915	1650.738	1789.621
523.25	9.972986E-10	1.197716E-07	1.204687E-05	0.001002349	0.06041416	2.003155	25.25361	105.7117	221.3605	348.1401	483.1403	625.1147	771.6423	920.3266	1069.393	1217.656	1364.309	1508.771	1650.607	1789.502
523.9	9.972986E-10	1.197716E-07	1.204687E-05	0.001002347	0.06041371	2.003078	25.24957	105.6766	221.274	348.0129	482.9867	624.9456	771.4662	920.1497	1069.22	1217.491	1364.154	1508.627	1650.475	1789.383
524.55	9.972985E-10	1.197716E-07	1.204686E-05	0.001002346	0.06041326	2.003	25.24553	105.6416	221.1875	347.8857	482.8331	624.7766	771.29	919.9729	1069.048	1217.325	1363.998	1508.483	1650.343	1789.264
525.2	9.972985E-10	1.197715E-07	1.204685E-05	0.001002344	0.06041282	2.002923	25.24149	105.6065	221.101	347.7585	482.6795	624.6076	771.114	919.7961	1068.875	1217.16	1363.843	1508.339	1650.211	1789.145
525.85	9.972984E-10	1.197715E-07	1.204685E-05	0.001002342	0.06041237	2.002845	25.23745	105.5715	221.0146	347.6314	482.526	624.4387	770.938	919.6193	1068.702	1216.995	1363.688	1508.195	1650.08	1789.025
526.5	9.972984E-10	1.197715E-07	1.204684E-05	0.00100234	0.06041192	2.002768	25.23342	105.5364	220.9283	347.5044	482.3726	624.2698	770.762	919.4426	1068.529	1216.829	1363.532	1508.051	1649.948	1788.906
527.15	9.972982E-10	1.197715E-07	1.204684E-05	0.001002339	0.06041148	2.00269	25.22938	105.5014	220.8419	347.3774	482.2192	624.101	770.5861	919.2659	1068.357	1216.664	1363.377	1507.907	1649.816	1788.787
527.8	9.972982E-10	1.197715E-07	1.204683E-05	0.001002337	0.06041103	2.002613	25.22535	105.4664	220.7556	347.2504	482.0659	623.9322	770.4102	919.0892	1068.184	1216.499	1363.221	1507.763	1649.685	1788.668
528.45	9.972981E-10	1.197714E-07	1.204682E-05	0.001002335	0.06041059	2.002536	25.22131	105.4314	220.6694	347.1235	481.9126	623.7634	770.2343	918.9125	1068.011	1216.334	1363.066	1507.62	1649.553	1788.549
529.1	9.972981E-10	1.197714E-07	1.204682E-05	0.001002333	0.06041014	2.002458	25.21728	105.3964	220.5831	346.9966	481.7593	623.5948	770.0585	918.736	1067.839	1216.169	1362.911	1507.476	1649.421	1788.43
529.75	9.97298E-10	1.197714E-07	1.204681E-05	0.001002332	0.06040969	2.002381	25.21325	105.3615	220.4969	346.8698	481.6061	623.4261	769.8827	918.5594	1067.666	1216.003	1362.756	1507.332	1649.29	1788.311
530.4	9.97298E-10	1.197714E-07	1.204681E-05	0.00100233	0.06040925	2.002304	25.20922	105.3265	220.4108	346.743	481.453	623.2575	769.707	918.3829	1067.494	1215.838	1362.6	1507.188	1649.158	1788.192
531.05	9.972979E-10	1.197714E-07	1.20468E-05	0.001002328	0.06040881	2.002227	25.2052	105.2916	220.3246	346.6163	481.2999	623.089	769.5313	918.2064	1067.321	1215.673	1362.445	1507.044	1649.026	1788.072
531.7	9.972979E-10	1.197713E-07	1.204679E-05	0.001002327	0.06040836	2.00215	25.20117	105.2567	220.2386	346.4897	481.1469	622.9205	769.3556	918.0299	1067.149	1215.508	1362.29	1506.9	1648.895	1787.953
532.35	9.972978E-10	1.197713E-07	1.204679E-05	0.001002325	0.06040792	2.002073	25.19715	105.2218	220.1525	346.363	480.9938	622.752	769.18	917.8535	1066.976	1215.343	1362.135	1506.756	1648.763	1787.834
533	9.972978E-10	1.197713E-07	1.204678E-05	0.001002323	0.06040748	2.001995	25.19312	105.1869	220.0665	346.2365	480.8409	622.5836	769.0044	917.6771	1066.804	1215.178	1361.979	1506.612	1648.632	1787.715
533.65	9.972977E-10	1.197713E-07	1.204678E-05	0.001002321	0.06040704	2.001918	25.1891	105.152	219.9805	346.1099	480.688	622.4152	768.8289	917.5008	1066.631	1215.013	1361.824	1506.469	1648.5	1787.596
534.3	9.972977E-10	1.197713E-07	1.204677E-05	0.00100232	0.0604066	2.001842	25.18508	105.1171	219.8945	345.9834	480.5352	622.2469	768.6534	917.3245	1066.459	1214.848	1361.669	1506.325	1648.369	1787.477
534.95	9.972976E-10	1.197712E-07	1.204676E-05	0.001002318	0.06040616	2.001765	25.18106	105.0822	219.8086	345.857	480.3824	622.0787	768.478	917.1482	1066.286	1214.683	1361.514	1506.181	1648.237	1787.358
535.6	9.972976E-10	1.197712E-07	1.204676E-05	0.001002316	0.06040571	2.001688	25.17704	105.0474	219.7227	345.7306	480.2296	621.9105	768.3026	916.9719	1066.114	1214.518	1361.359	1506.037	1648.105	1787.239
536.25	9.972975E-10	1.197712E-07	1.204675E-05	0.001002315	0.06040527	2.001611	25.17302	105.0126	219.6369	345.6043	480.0769	621.7422	768.1272	916.7957	1065.942	1214.353	1361.204	1505.894	1647.974	1787.12
536.9	9.972975E-10	1.197712E-07	1.204675E-05	0.001002313	0.06040483	2.001534	25.16901	104.9777	219.5511	345.478	479.9243	621.5742	767.9518	916.6196	1065.77	1214.188	1361.049	1505.75	1647.842	1787.001
537.55	9.972974E-10	1.197712E-07	1.204674E-05	0.001002311	0.06040439	2.001457	25.16499	104.9429	219.4653	345.3517	479.7717	621.4061	767.7766	916.4434	1065.597	1214.024	1360.894	1505.606	1647.711	1786.882
538.2	9.972974E-10	1.197711E-07	1.204673E-05	0.00100231	0.06040395	2.00138	25.16098	104.9081	219.3796	345.2255	479.6191	621.238	767.6013	916.2673	1065.425	1213.859	1360.739	1505.462	1647.579	1786.763
538.85	9.972972E-10	1.197711E-07	1.204673E-05	0.001002308	0.06040351	2.001304	25.15697	104.8734	219.2939	345.0994	479.4666	621.07	767.4261	916.0912	1065.253	1213.694	1360.583	1505.319	1647.448	1786.644
539.5	9.972972E-10	1.197711E-07	1.204672E-05	0.001002306	0.06040308	2.001227	25.15296	104.8386	219.2082	344.9733	479.3142	620.9021	767.251	915.9152	1065.081	1213.529	1360.428	1505.175	1647.316	1786.525
540.15	9.972971E-10	1.197711E-07	1.204672E-05	0.001002305	0.06040264	2.001151	25.14895	104.8038	219.1226	344.8472	479.1618	620.7342	767.0759	915.7392	1064.909	1213.365	1360.274	1505.031	1647.185	1786.406
540.8	9.972971E-10	1.197711E-07	1.204671E-05	0.001002303	0.0604022	2.001074	25.14494	104.7691	219.037	344.7212	479.0095	620.5663	766.9008	915.5632	1064.737	1213.2	1360.119	1504.888	1647.054	1786.287
541.45	9.97297E-10	1.19771E-07	1.20467E-05	0.001002301	0.06040176	2.000997	25.14093	104.7344	218.9514	344.5952	478.8572	620.3986	766.7258	915.3873	1064.565	1213.035	1359.964	1504.744	1646.922	1786.168
542.1	9.97297E-10	1.19771E-07	1.20467E-05	0.0010023	0.06040133	2.000921	25.13693	104.6997	218.8659	344.4693	478.7049	620.2308	766.5508	915.2114	1064.393	1212.87	1359.809	1504.601	1646.791	1786.049
542.75	9.972969E-10	1.19771E-07	1.204669E-05	0.001002298	0.06040089	2.000844	25.13292	104.6649	218.7804	344.3435	478.5527	620.0631	766.3758	915.0356	1064.221	1212.706	1359.654	1504.457	1646.659	1785.93
543.4	9.972969E-10	1.19771E-07	1.204669E-05	0.001002296	0.06040046	2.000768	25.12892	104.6303	218.6949	344.2177	478.4006	619.8954	766.2009	914.8597	1064.049	1212.541	1359.499	1504.313	1646.528	1785.812
544.05	9.972968E-10	1.19771E-07	1.204668E-05	0.001002295	0.06040002	2.000692	25.12492	104.5956	218.6095	344.0919	478.2485	619.7278	766.026	914.684	1063.877	1212.376	1359.344	1504.17	1646.396	1785.693
544.7	9.972968E-10	1.197709E-07	1.204667E-05	0.001002293	0.06039958	2.000615	25.12092	104.5609	218.5241	343.9662	478.0964	619.5602	765.8512	914.5082	1063.705	1212.212	1359.189	1504.026	1646.265	1785.574
545.35	9.972967E-10	1.197709E-07	1.204667E-05	0.001002291	0.06039915	2.000539	25.11692	104.5263	218.4387	343.8405	477.9444	619.3928	765.6764	914.3325	1063.533	1212.047	1359.034	1503.883	1646.134	1785.455
546	9.972967E-10	1.197709E-07	1.204666E-05	0.00100229	0.06039872	2.000463	25.11292	104.4916	218.3534	343.7148	477.7925	619.2253	765.5016	914.1568	1063.361	1211.883	1358.88	1503.739	1646.002	1785.336
546.65	9.972966E-10	1.197709E-07	1.204666E-05	0.001002288	0.06039828	2.000386	25.10892	104.457	218.2681	343.5893	477.6406	619.0579	765.327	913.9811	1063.189	1211.718	1358.725	1503.596	1645.871	1785.217
547.3	9.972966E-10	1.197709E-07	1.204665E-05	0.001002286	0.06039785	2.00031	25.10493	104.4224	218.1829	343.4637	477.4887	618.8904	765.1523	913.8055	1063.017	1211.554	1358.57	1503.452	1645.74	1785.098
547.95	9.972965E-10	1.197708E-07	1.204664E-05	0.001002285	0.06039742	2.000234	25.10094	104.3878	218.0976	343.3382	477.3369	618.7231	764.9777	913.6299	1062.846	1211.389	1358.415	1503.309	1645.608	1784.979
548.6	9.972965E-10	1.197708E-07	1.204664E-05	0.001002283	0.06039698	2.000158	25.09694	104.3532	218.0125	343.2128	477.1852	618.5558	764.8031	913.4544	1062.674	1211.225	1358.26	1503.165	1645.477	1784.86
549.25	9.972964E-10	1.197708E-07	1.204663E-05	0.001002281	0.06039655	2.000082	25.09295	104.3186	217.9273	343.0874	477.0335	618.3886	764.6285	913.2789	1062.502	1211.06	1358.106	1503.022	1645.346	1784.742
549.9	9.972964E-10	1.197708E-07	1.204663E-05	0.00100228	0.06039612	2.000006	25.08896	104.2841	217.8422	342.962	476.8818	618.2214	764.454	913.1035	1062.33	1210.896	1357.951	1502.878	1645.214	1784.623
550.55	2.903168E-08	2.7352E-07	1.204662E-05	0.0006927605	0.03224491	0.8682411	9.153289	32.75343	60.01111	84.10928	105.3825	124.34	141.1171	155.8155	168.6051	179.6941	189.2884	197.5718	204.7034	210.8211
551.2	4.490414E-07	1.022004E-06	1.204662E-05	0.000521061	0.0226987	0.5920415	6.10728	21.49196	38.85538	53.86868	66.89098	78.34042	88.36454	97.07008	104.5919	111.078	116.6668	121.4775	125.6103	129.1503
551.85	1.681132E-06	2.563914E-06	1.204661E-05	0.0003650774	0.01513451	0.3887162	3.972849	13.88386	24.9613	34.44833	42.61405	49.75048	55.96817	61.34631	65.97805	69.96178	73.38775	76.33256	78.85982	81.02296
552.5	3.521335E-06	4.501732E-06	1.20466E-05	0.0002479956	0.009856935	0.251198	2.557127	8.91039	15.98248	22.01479	27.18986	31.70092	35.62292	39.00942	41.92174	44.42379	46.57367	48.42045	50.00466	51.36018
553.15	5.497269E-06	6.39416E-06	1.20466E-05	0.0001668295	0.006355518	0.1612533	1.638637	5.702883	10.21925	14.06504	17.35972	20.22851	22.72046	24.87054	26.71844	28.30525	29.66821	30.8387	31.84257	32.70141
553.8	7.264332E-06	7.993583E-06	1.204659E-05	0.0001125856	0.004080843	0.103225	1.048117	3.645818	6.530427	8.984982	11.08657	12.91564	14.50385	15.87373	17.05079	18.06132	18.92917	19.67438	20.31346	20.86018
554.45	8.680285E-06	9.230449E-06	1.204659E-05	7.698779E-05	0.002616473	0.0660013	0.6698845	2.329632	4.172138	5.739484	7.081111	8.248545	9.262076	10.13617	10.88714	11.53182	12.08543	12.56078	12.96842	13.31714
555.1	9.738652E-06	1.013368E-05	1.204658E-05	5.385173E-05	0.001677534	0.04218074	0.4280057	1.488307	2.665212	3.666232	4.523003	5.268472	5.915624	6.473711	6.953165	7.36474	7.71817	8.021631	8.281861	8.504476
555.75	1.049431E-05	1.076852E-05	1.204658E-05	3.889812E-05	0.001076593	0.02695285	0.273427	0.9507396	1.702498	2.341875	2.889092	3.365205	3.778513	4.134933	4.441125	4.703967	4.929671	5.123464	5.289648	5.43181
556.4	1.101731E-05	1.120315E-05	1.204657E-05	2.926604E-05	0.0006923088	0.01722233	0.1746672	0.607318	1.087512	1.495913	1.845441	2.149547	2.413535	2.641184	2.836752	3.00463	3.148787	3.272563	3.378704	3.469502
557.05	1.137156E-05	1.149528E-05	1.204656E-05	2.307565E-05	0.0004466759	0.01100577	0.1115774	0.3879409	0.6946713	0.95554	1.178802	1.373049	1.54167	1.68708	1.811997	1.919227	2.011306	2.090366	2.158162	2.216158
557.7	1.160784E-05	1.168907E-05	1.204656E-05	1.910335E-05	0.0002897045	0.007034513	0.07127623	0.2478076	0.4437357	0.6103685	0.7529792	0.8770563	0.9847642	1.077645	1.157437	1.22593	1.284746	1.335246	1.378551	1.415596
558.35	1.176372E-05	1.181639E-05	1.204655E-05	1.655724E-05	0.0001894057	0.0044977	0.04553283	0.1582945	0.2834462	0.3898852	0.4809795	0.5602353	0.629035	0.6883639	0.7393316	0.7830826	0.8206518	0.852909	0.8805705	0.9042335
559	1.186572E-05	1.189947E-05	1.204655E-05	1.492661E-05	0.0001253239	0.00287723	0.02908872	0.1011165	0.1810588	0.2490482	0.307236	0.3578618	0.4018086	0.4397058	0.4722621	0.5002087	0.5242065	0.5448113	0.5624804	0.5775955
559.65	1.193207E-05	1.195339E-05	1.204654E-05	1.388294E-05	8.438399E-05	0.001842113	0.01858476	0.06459313	0.1156573	0.1590865	0.196255	0.228593	0.2566647	0.2808721	0.301668	0.3195193	0.3348483	0.3480099	0.3592964	0.3689514
560.3	1.197504E-05	1.198825E-05	1.204654E-05	1.321526E-05	5.822973E-05	0.001180909	0.01187519	0.04126329	0.07388112	0.1016222	0.1253642	0.1460207	0.163952	0.1794149	0.1926987	0.2041015	0.2138932	0.2223004	0.2295098	0.2356771
560.95	1.200278E-05	1.201073E-05	1.204653E-05	1.278828E-05	4.152175E-05	0.0007585525	0.00758935	0.02636101	0.04719598	0.06491607	0.0800817	0.09327644	0.1047304	0.1146077	0.1230929	0.1303768	0.1366314	0.1420017	0.1466068	0.1505463
561.6	1.202063E-05	1.202518E-05	1.204652E-05	1.25153E-05	3.084854E-05	0.0004887643	0.004851704	0.01684196	0.03015046	0.04146948	0.05115685	0.0595853	0.0669018	0.07321113	0.0786313	0.08328401	0.0872793	0.09070969	0.09365135	0.09616779
562.25	1.20321E-05	1.203445E-05	1.204652E-05	1.234081E-05	2.403052E-05	0.0003164324	0.003102993	0.01076153	0.01926239	0.02649263	0.03268069	0.03806459	0.04273822	0.04676849	0.05023078	0.05320283	0.05575494	0.05794621	0.05982528	0.06143273
562.9	1.203945E-05	1.20404E-05	1.204651E-05	1.22293E-05	1.967526E-05	0.0002063527	0.001985977	0.006877562	0.01230748	0.01692595	0.02087877	0.02431793	0.02730338	0.02987787	0.03208954	0.03398804	0.0356183	0.03701805	0.03821839	0.0392452
563.55	1.204416E-05	1.204421E-05	1.204651E-05	1.215805E-05	1.689322E-05	0.0001360377	0.001272468	0.004396625	0.007864929	0.0108151	0.01334013	0.01553705	0.01744416	0.01908874	0.02050155	0.02171432	0.02275573	0.0236499	0.02441667	0.0250726
564.2	1.204717E-05	1.204664E-05	1.20465E-05	1.211253E-05	1.511615E-05	9.112307E-05	0.0008167044	0.002811892	0.005027186	0.006911703	0.008524708	0.009928139	0.01114643	0.01219702	0.01309956	0.0138743	0.01453958	0.01511079	0.01560062	0.01601964
564.85	1.204909E-05	1.204819E-05	1.20465E-05	1.208345E-05	1.398103E-05	6.243332E-05	0.0005255791	0.001799621	0.003214538	0.004418354	0.005448791	0.006345365	0.007123671	0.007794843	0.00837143	0.008866377	0.00929139	0.009656311	0.009969241	0.01023693
565.5	1.205032E-05	1.204918E-05	1.204649E-05	1.206488E-05	1.325598E-05	4.410748E-05	0.0003396193	0.00115302	0.002056685	0.002825692	0.003484006	0.004056817	0.004554074	0.004982886	0.005351269	0.005667492	0.005939035	0.006172184	0.006372116	0.006543147
566.15	1.20511E-05	1.204981E-05	1.204649E-05	1.205302E-05	1.279288E-05	3.240176E-05	0.0002208355	0.0007399953	0.00131709	0.001808358	0.002228971	0.002594975	0.002912708	0.003186709	0.003422098	0.003624158	0.003797669	0.003946648	0.0040744	0.004183686
566.8	1.205159E-05	1.20502E-05	1.204648E-05	1.204545E-05	1.24971E-05	2.492474E-05	0.0001449612	0.0004761711	0.0008446648	0.001158522	0.001427301	0.001661203	0.001864262	0.002039375	0.002189812	0.00231895	0.002429841	0.002525054	0.002606702	0.002676546
567.45	1.20519E-05	1.205045E-05	1.204647E-05	1.204062E-05	1.230821E-05	2.014887E-05	9.649607E-05	0.0003076508	0.0005428977	0.0007434311	0.000915224	0.001064743	0.001194553	0.0013065	0.001402673	0.001485229	0.001556122	0.001616991	0.001669188	0.001713839
568.1	1.205209E-05	1.205061E-05	1.204647E-05	1.203754E-05	1.218758E-05	1.709839E-05	6.553894E-05	0.0002000073	0.0003501411	0.0004782873	0.0005881284	0.0006837472	0.0007667677	0.0008383659	0.0008998765	0.000952679	0.0009980212	0.001036953	0.001070338	0.001098896
568.75	1.205221E-05	1.20507E-05	1.204646E-05	1.203558E-05	1.211057E-05	1.515004E-05	4.576531E-05	0.0001312498	0.0002270166	0.0003089242	0.0003791926	0.0004403815	0.0004935144	0.0005393392	0.0005787088	0.0006125051	0.0006415268	0.0006664453	0.0006878136	0.0007060929
569.4	1.205228E-05	1.205076E-05	1.204646E-05	1.203433E-05	1.206141E-05	1.390569E-05	3.313529E-05	8.733117E-05	0.0001483704	0.0002007425	0.0002457331	0.0002849292	0.0003189707	0.0003483324	0.0003735588	0.0003952147	0.0004138113	0.0004297787	0.0004434711	0.0004551842
570.05	1.205232E-05	1.205079E-05	1.204645E-05	1.203354E-05	1.203005E-05	1.311102E-05	2.506836E-05	5.927882E-05	9.813555E-05	0.0001316412	0.0001604851	0.0001856328	0.0002074794	0.0002263248	0.000242517	0.0002564179	0.0002683552	0.0002786048	0.0002873942	0.0002949129
570.7	1.205234E-05	1.205081E-05	1.204645E-05	1.203304E-05	1.201006E-05	1.26036E-05	1.991616E-05	4.136127E-05	6.604879E-05	8.750322E-05	0.000106033	0.0001222069	0.0001362636	0.0001483914	0.0001588128	0.0001677599	0.0001754434	0.0001820407	0.0001876981	0.0001925375
571.35	1.205235E-05	1.205081E-05	1.204644E-05	1.203273E-05	1.199732E-05	1.227967E-05	1.662579E-05	2.991746E-05	4.555439E-05	5.931083E-05	7.125216E-05	8.16938E-05	9.077443E-05	9.861116E-05	0.0001053462	0.0001111289	0.0001160952	0.0001203594	0.0001240161	0.0001271441
572	1.205235E-05	1.205081E-05	1.204644E-05	1.203253E-05	1.198922E-05	1.207293E-05	1.45247E-05	2.260884E-05	3.246478E-05	4.130395E-05	4.903664E-05	5.581653E-05	6.171847E-05	6.681408E-05	7.119431E-05	7.495566E-05	7.818612E-05	8.096001E-05	8.333867E-05	8.537336E-05
572.65	1.205234E-05	1.205081E-05	1.204643E-05	1.203241E-05	1.198409E-05	1.194105E-05	1.318327E-05	1.794165E-05	2.410509E-05	2.980319E-05	3.48474E-05	3.928813E-05	4.315948E-05	4.650402E-05	4.937997E-05	5.185001E-05	5.397164E-05	5.579346E-05	5.73557E-05	5.869198E-05
573.3	1.205233E-05	1.20508E-05	1.204642E-05	1.203234E-05	1.198085E-05	1.1857E-05	1.232708E-05	1.496169E-05	1.87667E-05	2.245832E-05	2.578507E-05	2.873146E-05	3.130559E-05	3.353148E-05	3.544641E-05	3.709152E-05	3.850476E-05	3.971837E-05	4.075904E-05	4.164915E-05
573.95	1.205232E-05	1.205079E-05	1.204642E-05	1.203231E-05	1.197881E-05	1.180349E-05	1.178085E-05	1.305948E-05	1.53582E-05	1.776808E-05	1.999761E-05	2.19893E-05	2.373466E-05	2.524586E-05	2.654682E-05	2.766489E-05	2.862556E-05	2.945058E-05	3.015803E-05	3.076309E-05
574.6	1.205231E-05	1.205078E-05	1.204641E-05	1.203229E-05	1.197755E-05	1.17695E-05	1.143261E-05	1.18457E-05	1.318246E-05	1.477352E-05	1.630203E-05	1.768373E-05	1.889955E-05	1.995409E-05	2.086275E-05	2.164406E-05	2.231556E-05	2.289229E-05	2.338682E-05	2.380974E-05
575.25	1.20523E-05	1.205077E-05	1.204641E-05	1.203228E-05	1.197678E-05	1.174796E-05	1.121083E-05	1.107166E-05	1.179415E-05	1.28621E-05	1.394267E-05	1.493456E-05	1.581198E-05	1.657469E-05	1.723264E-05	1.779874E-05	1.828543E-05	1.870349E-05	1.906196E-05	1.936848E-05
575.9	1.205228E-05	1.205076E-05	1.20464E-05	1.203228E-05	1.197632E-05	1.173439E-05	1.106983E-05	1.05785E-05	1.090882E-05	1.164256E-05	1.243684E-05	1.317957E-05	1.384067E-05	1.441683E-05	1.491452E-05	1.534305E-05	1.571162E-05	1.602824E-05	1.629973E-05	1.653185E-05
576.55	1.205227E-05	1.205075E-05	1.20464E-05	1.203229E-05	1.197607E-05	1.17259E-05	1.098044E-05	1.026477E-05	1.034477E-05	1.086495E-05	1.14762E-05	1.205961E-05	1.258238E-05	1.303926E-05	1.343446E-05	1.377501E-05	1.406803E-05	1.43198E-05	1.453566E-05	1.47202E-05
577.2	1.205225E-05	1.205073E-05	1.204639E-05	1.20323E-05	1.197594E-05	1.172066E-05	1.0924E-05	1.006564E-05	9.985954E-06	1.036963E-05	1.086381E-05	1.134529E-05	1.177956E-05	1.21601E-05	1.248972E-05	1.277398E-05	1.301865E-05	1.322891E-05	1.340918E-05	1.356326E-05
577.85	1.205224E-05	1.205072E-05	1.204639E-05	1.203231E-05	1.19759E-05	1.171749E-05	1.088862E-05	9.939713E-06	9.758221E-06	1.005463E-05	1.047388E-05	1.089008E-05	1.126766E-05	1.15993E-05	1.188692E-05	1.213512E-05	1.234882E-05	1.253249E-05	1.268996E-05	1.282454E-05
578.5	1.205223E-05	1.205071E-05	1.204638E-05	1.203232E-05	1.197591E-05	1.171565E-05	1.086668E-05	9.860544E-06	9.614218E-06	9.854809E-06	1.022603E-05	1.060038E-05	1.094159E-05	1.124187E-05	1.150254E-05	1.17276E-05	1.192144E-05	1.208805E-05	1.223089E-05	1.235296E-05
579.15	1.205221E-05	1.20507E-05	1.204638E-05	1.203234E-05	1.197595E-05	1.171465E-05	1.085333E-05	9.811242E-06	9.5237E-06	9.728557E-06	1.006895E-05	1.041639E-05	1.073423E-05	1.101434E-05	1.125767E-05	1.146786E-05	1.164892E-05	1.180456E-05	1.193799E-05	1.205201E-05
579.8	1.20522E-05	1.205069E-05	1.204637E-05	1.203235E-05	1.197601E-05	1.17142E-05	1.084546E-05	9.781014E-06	9.467341E-06	9.649295E-06	9.969836E-06	1.029993E-05	1.060268E-05	1.086978E-05	1.110193E-05	1.130251E-05	1.147532E-05	1.162388E-05	1.175124E-05	1.186007E-05
580.45	1.205218E-05	1.205067E-05	1.204636E-05	1.203237E-05	1.197609E-05	1.171408E-05	1.08411E-05	9.762969E-06	9.432801E-06	9.600049E-06	9.907754E-06	1.02266E-05	1.051957E-05	1.077822E-05	1.100311E-05	1.119745E-05	1.136491E-05	1.150887E-05	1.163229E-05	1.173774E-05
581.1	1.205217E-05	1.205066E-05	1.204636E-05	1.203238E-05	1.197618E-05	1.171419E-05	1.083897E-05	9.752704E-06	9.412195E-06	9.569972E-06	9.869324E-06	1.018083E-05	1.046739E-05	1.072051E-05	1.094065E-05	1.113091E-05	1.129486E-05	1.143581E-05	1.155664E-05	1.165989E-05
581.75	1.205216E-05	1.205065E-05	1.204635E-05	1.20324E-05	1.197627E-05	1.171444E-05	1.083827E-05	9.747407E-06	9.400489E-06	9.552138E-06	9.845998E-06	1.015265E-05	1.043498E-05	1.068443E-05	1.090141E-05	1.108897E-05	1.125059E-05	1.138954E-05	1.150866E-05	1.161045E-05
582.4	1.205214E-05	1.205064E-05	1.204635E-05	1.203242E-05	1.197636E-05	1.171478E-05	1.083848E-05	9.74528E-06	9.394464E-06	9.542123E-06	9.83232E-06	1.01357E-05	1.041518E-05	1.066216E-05	1.087701E-05	1.106274E-05	1.122279E-05	1.136039E-05	1.147835E-05	1.157915E-05
583.05	1.205213E-05	1.205063E-05	1.204634E-05	1.203243E-05	1.197646E-05	1.171517E-05	1.083927E-05	9.745178E-06	9.392066E-06	9.5371E-06	9.824802E-06	1.012594E-05	1.040344E-05	1.06487E-05	1.086208E-05	1.104654E-05	1.12055E-05	1.134217E-05	1.145933E-05	1.155943E-05
583.7	1.205211E-05	1.205062E-05	1.204634E-05	1.203245E-05	1.197655E-05	1.17156E-05	1.084043E-05	9.746366E-06	9.391983E-06	9.535263E-06	9.821218E-06	1.012076E-05	1.039684E-05	1.064089E-05	1.085321E-05	1.103675E-05	1.119494E-05	1.133093E-05	1.144752E-05	1.154713E-05
584.35	1.20521E-05	1.20506E-05	1.204633E-05	1.203246E-05	1.197665E-05	1.171606E-05	1.084183E-05	9.748377E-06	9.393377E-06	9.53546E-06	9.820144E-06	1.01185E-05	1.039354E-05	1.063666E-05	1.084819E-05	1.103106E-05	1.118866E-05	1.132415E-05	1.14403E-05	1.153955E-05
585	1.205209E-05	1.205059E-05	1.204633E-05	1.203248E-05	1.197675E-05	1.171652E-05	1.084338E-05	9.750912E-06	9.395711E-06	9.536954E-06	9.820671E-06	1.011811E-05	1.039233E-05	1.063474E-05	1.084565E-05	1.102798E-05	1.118512E-05	1.132022E-05	1.143603E-05	1.153499E-05
585.65	1.205207E-05	1.205058E-05	1.204632E-05	1.203249E-05	1.197685E-05	1.1717E-05	1.084502E-05	9.75378E-06	9.398645E-06	9.539274E-06	9.822221E-06	1.011891E-05	1.039245E-05	1.063428E-05	1.084468E-05	1.102657E-05	1.118333E-05	1.13181E-05	1.143364E-05	1.153236E-05
586.3	1.205206E-05	1.205057E-05	1.204632E-05	1.203251E-05	1.197695E-05	1.171748E-05	1.084672E-05	9.756856E-06	9.401959E-06	9.54212E-06	9.82442E-06	1.012048E-05	1.039344E-05	1.063475E-05	1.084471E-05	1.102623E-05	1.118266E-05	1.131715E-05	1.143245E-05	1.153096E-05
586.95	1.205204E-05	1.205056E-05	1.204631E-05	1.203252E-05	1.197705E-05	1.171796E-05	1.084846E-05	9.760067E-06	9.405513E-06	9.545299E-06	9.827034E-06	1.012252E-05	1.039497E-05	1.063582E-05	1.084539E-05	1.102656E-05	1.11827E-05	1.131694E-05	1.143202E-05	1.153035E-05
587.6	1.205203E-05	1.205054E-05	1.204631E-05	1.203254E-05	1.197715E-05	1.171845E-05	1.085021E-05	9.76336E-06	9.409219E-06	9.54869E-06	9.82991E-06	1.012487E-05	1.039684E-05	1.063728E-05	1.084647E-05	1.102733E-05	1.11832E-05	1.13172E-05	1.143208E-05	1.153023E-05
588.25	1.205202E-05	1.205053E-05	1.20463E-05	1.203256E-05	1.197725E-05	1.171894E-05	1.085199E-05	9.766704E-06	9.41302E-06	9.552214E-06	9.832951E-06	1.012742E-05	1.039893E-05	1.063897E-05	1.084782E-05	1.102837E-05	1.118398E-05	1.131776E-05	1.143245E-05	1.153044E-05
588.9	1.2052E-05	1.205052E-05	1.20463E-05	1.203257E-05	1.197735E-05	1.171942E-05	1.085377E-05	9.770079E-06	9.416879E-06	9.55582E-06	9.836097E-06	1.013009E-05	1.040116E-05	1.064081E-05	1.084933E-05	1.102959E-05	1.118495E-05	1.131852E-05	1.143302E-05	1.153085E-05
589.55	1.205199E-05	1.205051E-05	1.204629E-05	1.203259E-05	1.197745E-05	1.171991E-05	1.085555E-05	9.773472E-06	9.420773E-06	9.559477E-06	9.839307E-06	1.013283E-05	1.040348E-05	1.064276E-05	1.085094E-05	1.103092E-05	1.118604E-05	1.131939E-05	1.143372E-05	1.15314E-05
590.2	1.205197E-05	1.20505E-05	1.204628E-05	1.20326E-05	1.197754E-05	1.17204E-05	1.085734E-05	9.776873E-06	9.424687E-06	9.563164E-06	9.842557E-06	1.013563E-05	1.040586E-05	1.064476E-05	1.085262E-05	1.103233E-05	1.11872E-05	1.132035E-05	1.143449E-05	1.153202E-05
590.85	1.205196E-05	1.205049E-05	1.204628E-05	1.203262E-05	1.197764E-05	1.172089E-05	1.085912E-05	9.780279E-06	9.428612E-06	9.566869E-06	9.84583E-06	1.013845E-05	1.040826E-05	1.06468E-05	1.085434E-05	1.103377E-05	1.118841E-05	1.132135E-05	1.143532E-05	1.15327E-05
591.5	1.205195E-05	1.205047E-05	1.204627E-05	1.203263E-05	1.197774E-05	1.172137E-05	1.086091E-05	9.783686E-06	9.432542E-06	9.570583E-06	9.849117E-06	1.014129E-05	1.041069E-05	1.064886E-05	1.085609E-05	1.103524E-05	1.118964E-05	1.132238E-05	1.143618E-05	1.153341E-05
592.15	1.205193E-05	1.205046E-05	1.204627E-05	1.203265E-05	1.197784E-05	1.172186E-05	1.086269E-05	9.787092E-06	9.436473E-06	9.574301E-06	9.852411E-06	1.014414E-05	1.041313E-05	1.065094E-05	1.085785E-05	1.103673E-05	1.11909E-05	1.132343E-05	1.143706E-05	1.153414E-05
592.8	1.205192E-05	1.205045E-05	1.204626E-05	1.203266E-05	1.197794E-05	1.172234E-05	1.086447E-05	9.790496E-06	9.440402E-06	9.578019E-06	9.855706E-06	1.014699E-05	1.041557E-05	1.065302E-05	1.085962E-05	1.103823E-05	1.119216E-05	1.13245E-05	1.143795E-05	1.153488E-05
593.45	1.20519E-05	1.205044E-05	1.204626E-05	1.203268E-05	1.197804E-05	1.172283E-05	1.086625E-05	9.793895E-06	9.444328E-06	9.581735E-06	9.859002E-06	1.014984E-05	1.041802E-05	1.065511E-05	1.086139E-05	1.103973E-05	1.119343E-05	1.132557E-05	1.143885E-05	1.153564E-05
594.1	1.205189E-05	1.205043E-05	1.204625E-05	1.203269E-05	1.197813E-05	1.172331E-05	1.086803E-05	9.79729E-06	9.44825E-06	9.585448E-06	9.862295E-06	1.01527E-05	1.042047E-05	1.06572E-05	1.086317E-05	1.104124E-05	1.119471E-05	1.132664E-05	1.143975E-05	1.153639E-05
594.75	1.205188E-05	1.205042E-05	1.204625E-05	1.203271E-05	1.197823E-05	1.172379E-05	1.08698E-05	9.800681E-06	9.452167E-06	9.589157E-06	9.865585E-06	1.015555E-05	1.042291E-05	1.065928E-05	1.086495E-05	1.104275E-05	1.119598E-05	1.132772E-05	1.144066E-05	1.153715E-05
595.4	1.205186E-05	1.205041E-05	1.204624E-05	1.203272E-05	1.197833E-05	1.172427E-05	1.087158E-05	9.804067E-06	9.456079E-06	9.592862E-06	9.868872E-06	1.01584E-05	1.042536E-05	1.066137E-05	1.086672E-05	1.104425E-05	1.119726E-05	1.132879E-05	1.144156E-05	1.153791E-05
596.05	1.205185E-05	1.205039E-05	1.204624E-05	1.203274E-05	1.197843E-05	1.172475E-05	1.087334E-05	9.807448E-06	9.459986E-06	9.596562E-06	9.872154E-06	1.016124E-05	1.04278E-05	1.066346E-05	1.08685E-05	1.104576E-05	1.119853E-05	1.132987E-05	1.144247E-05	1.153867E-05
596.7	1.205184E-05	1.205038E-05	1.204623E-05	1.203275E-05	1.197852E-05	1.172523E-05	1.087511E-05	9.810824E-06	9.463887E-06	9.600256E-06	9.875432E-06	1.016408E-05	1.043024E-05	1.066554E-05	1.087027E-05	1.104726E-05	1.119981E-05	1.133095E-05	1.144337E-05	1.153943E-05
597.35	1.205182E-05	1.205037E-05	1.204623E-05	1.203277E-05	1.197862E-05	1.172572E-05	1.087687E-05	9.814195E-06	9.467782E-06	9.603945E-06	9.878705E-06	1.016692E-05	1.043267E-05	1.066762E-05	1.087204E-05	1.104877E-05	1.120108E-05	1.133202E-05	1.144428E-05	1.154019E-05
598	1.205181E-05	1.205036E-05	1.204622E-05	1.203278E-05	1.197872E-05	1.172619E-05	1.087864E-05	9.817561E-06	9.471672E-06	9.607628E-06	9.881974E-06	1.016975E-05	1.04351E-05	1.066969E-05	1.087381E-05	1.105027E-05	1.120235E-05	1.133309E-05	1.144518E-05	1.154095E-05
598.65	1.20518E-05	1.205035E-05	1.204622E-05	1.20328E-05	1.197881E-05	1.172667E-05	1.088039E-05	9.820923E-06	9.475555E-06	9.611307E-06	9.885237E-06	1.017258E-05	1.043753E-05	1.067177E-05	1.087557E-05	1.105177E-05	1.120362E-05	1.133416E-05	1.144608E-05	1.154171E-05
599.3	1.205178E-05	1.205034E-05	1.204621E-05	1.203282E-05	1.197891E-05	1.172715E-05	1.088215E-05	9.824279E-06	9.479432E-06	9.61498E-06	9.888497E-06	1.017541E-05	1.043996E-05	1.067384E-05	1.087734E-05	1.105326E-05	1.120488E-05	1.133524E-05	1.144698E-05	1.154246E-05
599.95	1.205177E-05	1.205033E-05	1.204621E-05	1.203283E-05	1.197901E-05	1.172763E-05	1.08839E-05	9.82763E-06	9.483305E-06	9.618647E-06	9.89175E-06	1.017823E-05	1.044238E-05	1.067591E-05	1.08791E-05	1.105476E-05	1.120615E-05	1.13363E-05	1.144788E-05	1.154322E-05
600.6	1.205175E-05	1.205031E-05	1.20462E-05	1.203285E-05	1.19791E-05	1.17281E-05	1.088565E-05	9.830977E-06	9.487171E-06	9.622308E-06	9.894999E-06	1.018104E-05	1.044479E-05	1.067797E-05	1.088085E-05	1.105625E-05	1.120741E-05	1.133737E-05	1.144878E-05	1.154397E-05
601.25	1.205174E-05	1.20503E-05	1.20462E-05	1.203286E-05	1.19792E-05	1.172858E-05	1.08874E-05	9.834317E-06	9.491031E-06	9.625965E-06	9.898244E-06	1.018386E-05	1.044721E-05	1.068003E-05	1.088261E-05	1.105774E-05	1.120868E-05	1.133844E-05	1.144968E-05	1.154473E-05
601.9	1.205173E-05	1.205029E-05	1.204619E-05	1.203288E-05	1.19793E-05	1.172905E-05	1.088915E-05	9.837653E-06	9.494885E-06	9.629615E-06	9.901483E-06	1.018666E-05	1.044962E-05	1.068209E-05	1.088436E-05	1.105923E-05	1.120994E-05	1.13395E-05	1.145057E-05	1.154548E-05
602.55	1.205171E-05	1.205028E-05	1.204619E-05	1.203289E-05	1.197939E-05	1.172953E-05	1.089089E-05	9.840984E-06	9.498734E-06	9.633261E-06	9.904717E-06	1.018947E-05	1.045202E-05	1.068415E-05	1.088611E-05	1.106071E-05	1.121119E-05	1.134056E-05	1.145147E-05	1.154623E-05
603.2	1.20517E-05	1.205027E-05	1.204618E-05	1.203291E-05	1.197949E-05	1.173E-05	1.089263E-05	9.84431E-06	9.502577E-06	9.6369E-06	9.907947E-06	1.019227E-05	1.045443E-05	1.06862E-05	1.088786E-05	1.10622E-05	1.121245E-05	1.134162E-05	1.145236E-05	1.154698E-05
603.85	1.205169E-05	1.205026E-05	1.204618E-05	1.203292E-05	1.197958E-05	1.173047E-05	1.089437E-05	9.847631E-06	9.506414E-06	9.640534E-06	9.911172E-06	1.019506E-05	1.045683E-05	1.068825E-05	1.08896E-05	1.106368E-05	1.12137E-05	1.134268E-05	1.145325E-05	1.154773E-05
604.5	1.205167E-05	1.205025E-05	1.204617E-05	1.203294E-05	1.197968E-05	1.173094E-05	1.08961E-05	9.850946E-06	9.510245E-06	9.644163E-06	9.914392E-06	1.019785E-05	1.045922E-05	1.069029E-05	1.089135E-05	1.106516E-05	1.121496E-05	1.134374E-05	1.145415E-05	1.154848E-05
605.15	1.205166E-05	1.205024E-05	1.204617E-05	1.203295E-05	1.197977E-05	1.173141E-05	1.089783E-05	9.854258E-06	9.51407E-06	9.647786E-06	9.917607E-06	1.020064E-05	1.046161E-05	1.069234E-05	1.089308E-05	1.106664E-05	1.121621E-05	1.13448E-05	1.145503E-05	1.154922E-05
605.8	1.205165E-05	1.205022E-05	1.204616E-05	1.203297E-05	1.197987E-05	1.173189E-05	1.089956E-05	9.857563E-06	9.51789E-06	9.651403E-06	9.920816E-06	1.020342E-05	1.0464E-05	1.069438E-05	1.089482E-05	1.106811E-05	1.121746E-05	1.134585E-05	1.145592E-05	1.154997E-05
606.45	1.205163E-05	1.205021E-05	1.204616E-05	1.203298E-05	1.197996E-05	1.173236E-05	1.090129E-05	9.860864E-06	9.521705E-06	9.655016E-06	9.924022E-06	1.02062E-05	1.046639E-05	1.069641E-05	1.089656E-05	1.106958E-05	1.12187E-05	1.13469E-05	1.145681E-05	1.155071E-05
607.1	1.205162E-05	1.20502E-05	1.204615E-05	1.2033E-05	1.198006E-05	1.173282E-05	1.090301E-05	9.86416E-06	9.525513E-06	9.658623E-06	9.927222E-06	1.020898E-05	1.046877E-05	1.069845E-05	1.089829E-05	1.107105E-05	1.121995E-05	1.134795E-05	1.145769E-05	1.155146E-05
607.75	1.205161E-05	1.205019E-05	1.204615E-05	1.203301E-05	1.198015E-05	1.173329E-05	1.090474E-05	9.867451E-06	9.529314E-06	9.662224E-06	9.930418E-06	1.021175E-05	1.047115E-05	1.070048E-05	1.090002E-05	1.107252E-05	1.122119E-05	1.1349E-05	1.145858E-05	1.15522E-05
608.4	1.205159E-05	1.205018E-05	1.204614E-05	1.203302E-05	1.198025E-05	1.173376E-05	1.090645E-05	9.870737E-06	9.533112E-06	9.66582E-06	9.933608E-06	1.021451E-05	1.047352E-05	1.070251E-05	1.090174E-05	1.107399E-05	1.122243E-05	1.135005E-05	1.145946E-05	1.155294E-05
609.05	1.205158E-05	1.205017E-05	1.204614E-05	1.203304E-05	1.198034E-05	1.173423E-05	1.090817E-05	9.874017E-06	9.536902E-06	9.66941E-06	9.936794E-06	1.021727E-05	1.047589E-05	1.070453E-05	1.090347E-05	1.107545E-05	1.122367E-05	1.13511E-05	1.146034E-05	1.155368E-05
609.7	1.205157E-05	1.205016E-05	1.204613E-05	1.203305E-05	1.198044E-05	1.173469E-05	1.090989E-05	9.877293E-06	9.540688E-06	9.672995E-06	9.939976E-06	1.022003E-05	1.047826E-05	1.070655E-05	1.090519E-05	1.107691E-05	1.122491E-05	1.135214E-05	1.146122E-05	1.155442E-05
610.35	1.205155E-05	1.205015E-05	1.204613E-05	1.203307E-05	1.198053E-05	1.173516E-05	1.09116E-05	9.880565E-06	9.544468E-06	9.676575E-06	9.943152E-06	1.022278E-05	1.048062E-05	1.070857E-05	1.090691E-05	1.107837E-05	1.122614E-05	1.135319E-05	1.14621E-05	1.155516E-05
611	1.205154E-05	1.205013E-05	1.204612E-05	1.203308E-05	1.198063E-05	1.173562E-05	1.091331E-05	9.883831E-06	9.548241E-06	9.68015E-06	9.946324E-06	1.022553E-05	1.048298E-05	1.071059E-05	1.090862E-05	1.107983E-05	1.122738E-05	1.135423E-05	1.146298E-05	1.155589E-05
611.65	1.205153E-05	1.205012E-05	1.204612E-05	1.20331E-05	1.198072E-05	1.173609E-05	1.091501E-05	9.887091E-06	9.552009E-06	9.683718E-06	9.949491E-06	1.022828E-05	1.048534E-05	1.07126E-05	1.091033E-05	1.108128E-05	1.122861E-05	1.135527E-05	1.146385E-05	1.155663E-05
612.3	1.205151E-05	1.205011E-05	1.204611E-05	1.203311E-05	1.198081E-05	1.173655E-05	1.091671E-05	9.890348E-06	9.555772E-06	9.687282E-06	9.952652E-06	1.023102E-05	1.048769E-05	1.071461E-05	1.091204E-05	1.108273E-05	1.122984E-05	1.135631E-05	1.146473E-05	1.155736E-05
612.95	1.20515E-05	1.20501E-05	1.204611E-05	1.203313E-05	1.198091E-05	1.173701E-05	1.091842E-05	9.8936E-06	9.559528E-06	9.69084E-06	9.95581E-06	1.023376E-05	1.049004E-05	1.071661E-05	1.091375E-05	1.108418E-05	1.123107E-05	1.135734E-05	1.14656E-05	1.15581E-05
613.6	1.205149E-05	1.205009E-05	1.20461E-05	1.203314E-05	1.1981E-05	1.173747E-05	1.092011E-05	9.896846E-06	9.563279E-06	9.694392E-06	9.958962E-06	1.023649E-05	1.049238E-05	1.071862E-05	1.091546E-05	1.108563E-05	1.123229E-05	1.135838E-05	1.146647E-05	1.155883E-05
614.25	1.205147E-05	1.205008E-05	1.20461E-05	1.203316E-05	1.198109E-05	1.173794E-05	1.092181E-05	9.900087E-06	9.567025E-06	9.697939E-06	9.96211E-06	1.023922E-05	1.049473E-05	1.072062E-05	1.091716E-05	1.108708E-05	1.123352E-05	1.135941E-05	1.146734E-05	1.155956E-05
614.9	1.205146E-05	1.205007E-05	1.204609E-05	1.203317E-05	1.198119E-05	1.17384E-05	1.09235E-05	9.903324E-06	9.570764E-06	9.701482E-06	9.965253E-06	1.024194E-05	1.049706E-05	1.072261E-05	1.091886E-05	1.108852E-05	1.123474E-05	1.136044E-05	1.146821E-05	1.156029E-05
615.55	1.205145E-05	1.205006E-05	1.204609E-05	1.203319E-05	1.198128E-05	1.173886E-05	1.092519E-05	9.906556E-06	9.574498E-06	9.705018E-06	9.968391E-06	1.024466E-05	1.04994E-05	1.072461E-05	1.092056E-05	1.108996E-05	1.123596E-05	1.136148E-05	1.146908E-05	1.156102E-05
616.2	1.205144E-05	1.205005E-05	1.204608E-05	1.20332E-05	1.198137E-05	1.173931E-05	1.092688E-05	9.909782E-06	9.578226E-06	9.708549E-06	9.971524E-06	1.024738E-05	1.050173E-05	1.07266E-05	1.092225E-05	1.10914E-05	1.123718E-05	1.13625E-05	1.146995E-05	1.156175E-05
616.85	1.205142E-05	1.205004E-05	1.204608E-05	1.203321E-05	1.198147E-05	1.173977E-05	1.092857E-05	9.913005E-06	9.58195E-06	9.712076E-06	9.974653E-06	1.025009E-05	1.050406E-05	1.072859E-05	1.092395E-05	1.109284E-05	1.12384E-05	1.136353E-05	1.147081E-05	1.156247E-05
617.5	1.205141E-05	1.205002E-05	1.204607E-05	1.203323E-05	1.198156E-05	1.174023E-05	1.093025E-05	9.916222E-06	9.585667E-06	9.715595E-06	9.977777E-06	1.02528E-05	1.050638E-05	1.073057E-05	1.092564E-05	1.109427E-05	1.123961E-05	1.136456E-05	1.147168E-05	1.15632E-05
618.15	1.20514E-05	1.205001E-05	1.204607E-05	1.203324E-05	1.198165E-05	1.174069E-05	1.093193E-05	9.919434E-06	9.589378E-06	9.719111E-06	9.980896E-06	1.02555E-05	1.05087E-05	1.073255E-05	1.092732E-05	1.109571E-05	1.124082E-05	1.136558E-05	1.147254E-05	1.156392E-05
618.8	1.205138E-05	1.205E-05	1.204606E-05	1.203326E-05	1.198174E-05	1.174114E-05	1.093361E-05	9.922641E-06	9.593084E-06	9.722621E-06	9.984011E-06	1.02582E-05	1.051102E-05	1.073453E-05	1.092901E-05	1.109714E-05	1.124203E-05	1.136661E-05	1.14734E-05	1.156465E-05
619.45	1.205137E-05	1.204999E-05	1.204606E-05	1.203327E-05	1.198184E-05	1.17416E-05	1.093528E-05	9.925843E-06	9.596784E-06	9.726125E-06	9.98712E-06	1.02609E-05	1.051333E-05	1.073651E-05	1.093069E-05	1.109856E-05	1.124324E-05	1.136763E-05	1.147426E-05	1.156537E-05
620.1	1.205136E-05	1.204998E-05	1.204605E-05	1.203329E-05	1.198193E-05	1.174205E-05	1.093696E-05	9.929041E-06	9.600479E-06	9.729625E-06	9.990225E-06	1.026359E-05	1.051564E-05	1.073848E-05	1.093237E-05	1.109999E-05	1.124445E-05	1.136865E-05	1.147512E-05	1.156609E-05
620.75	1.205134E-05	1.204997E-05	1.204605E-05	1.20333E-05	1.198202E-05	1.174251E-05	1.093863E-05	9.932234E-06	9.604168E-06	9.733119E-06	9.993326E-06	1.026628E-05	1.051795E-05	1.074045E-05	1.093405E-05	1.110142E-05	1.124566E-05	1.136967E-05	1.147598E-05	1.156681E-05
621.4	1.205133E-05	1.204996E-05	1.204604E-05	1.203332E-05	1.198211E-05	1.174296E-05	1.09403E-05	9.935422E-06	9.607852E-06	9.736608E-06	9.996422E-06	1.026896E-05	1.052025E-05	1.074242E-05	1.093572E-05	1.110284E-05	1.124686E-05	1.137068E-05	1.147683E-05	1.156753E-05
622.05	1.205132E-05	1.204995E-05	1.204604E-05	1.203333E-05	1.19822E-05	1.174342E-05	1.094196E-05	9.938605E-06	9.61153E-06	9.740092E-06	9.999513E-06	1.027164E-05	1.052255E-05	1.074438E-05	1.09374E-05	1.110426E-05	1.124806E-05	1.13717E-05	1.147769E-05	1.156825E-05
622.7	1.205131E-05	1.204994E-05	1.204603E-05	1.203334E-05	1.198229E-05	1.174387E-05	1.094362E-05	9.941784E-06	9.615203E-06	9.74357E-06	1.00026E-05	1.027431E-05	1.052485E-05	1.074635E-05	1.093906E-05	1.110568E-05	1.124926E-05	1.137271E-05	1.147854E-05	1.156896E-05
623.35	1.205129E-05	1.204993E-05	1.204603E-05	1.203336E-05	1.198239E-05	1.174432E-05	1.094528E-05	9.944957E-06	9.618869E-06	9.747043E-06	1.000568E-05	1.027698E-05	1.052714E-05	1.07483E-05	1.094073E-05	1.110709E-05	1.125046E-05	1.137372E-05	1.147939E-05	1.156968E-05
624	1.205128E-05	1.204992E-05	1.204602E-05	1.203337E-05	1.198248E-05	1.174477E-05	1.094694E-05	9.948126E-06	9.62253E-06	9.750511E-06	1.000876E-05	1.027965E-05	1.052943E-05	1.075026E-05	1.09424E-05	1.11085E-05	1.125166E-05	1.137473E-05	1.148024E-05	1.157039E-05
624.65	1.205127E-05	1.204991E-05	1.204602E-05	1.203339E-05	1.198257E-05	1.174522E-05	1.09486E-05	9.95129E-06	9.626187E-06	9.753973E-06	1.001183E-05	1.028232E-05	1.053172E-05	1.075221E-05	1.094406E-05	1.110992E-05	1.125286E-05	1.137574E-05	1.148109E-05	1.157111E-05
625.3	1.205125E-05	1.204989E-05	1.204601E-05	1.20334E-05	1.198266E-05	1.174567E-05	1.095025E-05	9.95445E-06	9.629836E-06	9.75743E-06	1.00149E-05	1.028497E-05	1.0534E-05	1.075416E-05	1.094572E-05	1.111132E-05	1.125405E-05	1.137675E-05	1.148194E-05	1.157182E-05
625.95	1.205124E-05	1.204988E-05	1.204601E-05	1.203342E-05	1.198275E-05	1.174612E-05	1.09519E-05	9.957604E-06	9.633482E-06	9.760883E-06	1.001796E-05	1.028763E-05	1.053628E-05	1.075611E-05	1.094738E-05	1.111273E-05	1.125524E-05	1.137776E-05	1.148279E-05	1.157253E-05
626.6	1.205123E-05	1.204987E-05	1.2046E-05	1.203343E-05	1.198284E-05	1.174657E-05	1.095355E-05	9.960754E-06	9.63712E-06	9.76433E-06	1.002102E-05	1.029028E-05	1.053856E-05	1.075805E-05	1.094903E-05	1.111414E-05	1.125643E-05	1.137876E-05	1.148363E-05	1.157324E-05
627.25	1.205122E-05	1.204986E-05	1.2046E-05	1.203344E-05	1.198293E-05	1.174701E-05	1.095519E-05	9.963898E-06	9.640755E-06	9.767771E-06	1.002407E-05	1.029293E-05	1.054083E-05	1.075999E-05	1.095068E-05	1.111554E-05	1.125762E-05	1.137976E-05	1.148448E-05	1.157395E-05
627.9	1.20512E-05	1.204985E-05	1.204599E-05	1.203346E-05	1.198302E-05	1.174746E-05	1.095684E-05	9.967039E-06	9.644383E-06	9.771207E-06	1.002712E-05	1.029557E-05	1.05431E-05	1.076193E-05	1.095233E-05	1.111694E-05	1.12588E-05	1.138077E-05	1.148532E-05	1.157466E-05
628.55	1.205119E-05	1.204984E-05	1.204599E-05	1.203347E-05	1.198311E-05	1.174791E-05	1.095848E-05	9.970175E-06	9.648006E-06	9.774639E-06	1.003017E-05	1.029821E-05	1.054536E-05	1.076387E-05	1.095398E-05	1.111834E-05	1.125999E-05	1.138177E-05	1.148617E-05	1.157537E-05
629.2	1.205118E-05	1.204983E-05	1.204598E-05	1.203349E-05	1.19832E-05	1.174835E-05	1.096012E-05	9.973305E-06	9.651623E-06	9.778065E-06	1.003321E-05	1.030085E-05	1.054762E-05	1.07658E-05	1.095562E-05	1.111973E-05	1.126117E-05	1.138276E-05	1.148701E-05	1.157607E-05
629.85	1.205116E-05	1.204982E-05	1.204598E-05	1.20335E-05	1.198329E-05	1.17488E-05	1.096175E-05	9.976431E-06	9.655235E-06	9.781485E-06	1.003624E-05	1.030348E-05	1.054988E-05	1.076773E-05	1.095727E-05	1.112113E-05	1.126235E-05	1.138376E-05	1.148785E-05	1.157678E-05
630.5	1.205115E-05	1.204981E-05	1.204597E-05	1.203351E-05	1.198338E-05	1.174924E-05	1.096338E-05	9.979552E-06	9.658842E-06	9.784902E-06	1.003927E-05	1.03061E-05	1.055214E-05	1.076965E-05	1.095891E-05	1.112252E-05	1.126353E-05	1.138476E-05	1.148868E-05	1.157748E-05
631.15	1.205114E-05	1.20498E-05	1.204597E-05	1.203353E-05	1.198347E-05	1.174968E-05	1.096501E-05	9.982669E-06	9.662443E-06	9.788312E-06	1.00423E-05	1.030873E-05	1.055439E-05	1.077158E-05	1.096054E-05	1.112391E-05	1.126471E-05	1.138575E-05	1.148952E-05	1.157818E-05
631.8	1.205113E-05	1.204979E-05	1.204596E-05	1.203354E-05	1.198356E-05	1.175013E-05	1.096664E-05	9.985781E-06	9.666038E-06	9.791717E-06	1.004532E-05	1.031135E-05	1.055664E-05	1.077349E-05	1.096218E-05	1.11253E-05	1.126588E-05	1.138674E-05	1.149036E-05	1.157889E-05
632.45	1.205111E-05	1.204978E-05	1.204596E-05	1.203356E-05	1.198365E-05	1.175057E-05	1.096827E-05	9.988888E-06	9.669629E-06	9.795118E-06	1.004834E-05	1.031396E-05	1.055888E-05	1.077541E-05	1.096381E-05	1.112668E-05	1.126706E-05	1.138773E-05	1.149119E-05	1.157959E-05
633.1	1.20511E-05	1.204977E-05	1.204595E-05	1.203357E-05	1.198374E-05	1.175101E-05	1.096989E-05	9.991991E-06	9.673213E-06	9.798513E-06	1.005135E-05	1.031657E-05	1.056112E-05	1.077733E-05	1.096544E-05	1.112807E-05	1.126823E-05	1.138872E-05	1.149202E-05	1.158029E-05
633.75	1.205109E-05	1.204976E-05	1.204595E-05	1.203358E-05	1.198383E-05	1.175145E-05	1.097151E-05	9.995088E-06	9.676793E-06	9.801903E-06	1.005436E-05	1.031918E-05	1.056336E-05	1.077924E-05	1.096707E-05	1.112945E-05	1.12694E-05	1.138971E-05	1.149286E-05	1.158098E-05
634.4	1.205108E-05	1.204975E-05	1.204594E-05	1.20336E-05	1.198392E-05	1.175189E-05	1.097313E-05	9.998182E-06	9.680366E-06	9.805288E-06	1.005736E-05	1.032179E-05	1.05656E-05	1.078115E-05	1.096869E-05	1.113083E-05	1.127057E-05	1.13907E-05	1.149369E-05	1.158168E-05
635.05	1.205106E-05	1.204974E-05	1.204594E-05	1.203361E-05	1.198401E-05	1.175233E-05	1.097475E-05	1.000127E-05	9.683935E-06	9.808668E-06	1.006036E-05	1.032438E-05	1.056783E-05	1.078305E-05	1.097032E-05	1.113221E-05	1.127173E-05	1.139168E-05	1.149452E-05	1.158238E-05
635.7	1.205105E-05	1.204973E-05	1.204593E-05	1.203363E-05	1.19841E-05	1.175277E-05	1.097636E-05	1.000435E-05	9.687497E-06	9.812043E-06	1.006336E-05	1.032698E-05	1.057006E-05	1.078496E-05	1.097193E-05	1.113358E-05	1.12729E-05	1.139267E-05	1.149534E-05	1.158307E-05
636.35	1.205104E-05	1.204971E-05	1.204593E-05	1.203364E-05	1.198418E-05	1.175321E-05	1.097797E-05	1.000743E-05	9.691055E-06	9.815411E-06	1.006635E-05	1.032957E-05	1.057228E-05	1.078686E-05	1.097355E-05	1.113496E-05	1.127406E-05	1.139365E-05	1.149617E-05	1.158377E-05
637	1.205103E-05	1.20497E-05	1.204593E-05	1.203365E-05	1.198427E-05	1.175365E-05	1.097958E-05	1.001051E-05	9.694608E-06	9.818777E-06	1.006933E-05	1.033216E-05	1.05745E-05	1.078875E-05	1.097517E-05	1.113633E-05	1.127522E-05	1.139463E-05	1.1497E-05	1.158446E-05
637.65	1.205101E-05	1.204969E-05	1.204592E-05	1.203367E-05	1.198436E-05	1.175408E-05	1.098118E-05	1.001358E-05	9.698155E-06	9.822135E-06	1.007231E-05	1.033474E-05	1.057672E-05	1.079065E-05	1.097678E-05	1.11377E-05	1.127638E-05	1.139561E-05	1.149782E-05	1.158515E-05
638.3	1.2051E-05	1.204968E-05	1.204592E-05	1.203368E-05	1.198445E-05	1.175452E-05	1.098279E-05	1.001664E-05	9.701696E-06	9.82549E-06	1.007529E-05	1.033732E-05	1.057893E-05	1.079254E-05	1.097839E-05	1.113906E-05	1.127754E-05	1.139659E-05	1.149865E-05	1.158585E-05
638.95	1.205099E-05	1.204967E-05	1.204591E-05	1.203369E-05	1.198454E-05	1.175495E-05	1.098439E-05	1.00197E-05	9.705233E-06	9.828839E-06	1.007826E-05	1.03399E-05	1.058115E-05	1.079443E-05	1.098E-05	1.114043E-05	1.127869E-05	1.139756E-05	1.149947E-05	1.158654E-05
639.6	1.205098E-05	1.204966E-05	1.204591E-05	1.203371E-05	1.198463E-05	1.175539E-05	1.098599E-05	1.002276E-05	9.708763E-06	9.832183E-06	1.008123E-05	1.034247E-05	1.058335E-05	1.079631E-05	1.09816E-05	1.114179E-05	1.127985E-05	1.139854E-05	1.150029E-05	1.158722E-05
640.25	1.205096E-05	1.204965E-05	1.20459E-05	1.203372E-05	1.198471E-05	1.175582E-05	1.098758E-05	1.002581E-05	9.712289E-06	9.835523E-06	1.008419E-05	1.034504E-05	1.058556E-05	1.07982E-05	1.098321E-05	1.114315E-05	1.1281E-05	1.139951E-05	1.150111E-05	1.158791E-05
640.9	1.205095E-05	1.204964E-05	1.20459E-05	1.203374E-05	1.19848E-05	1.175626E-05	1.098918E-05	1.002886E-05	9.715809E-06	9.838857E-06	1.008715E-05	1.03476E-05	1.058776E-05	1.080007E-05	1.098481E-05	1.114451E-05	1.128215E-05	1.140048E-05	1.150192E-05	1.15886E-05
641.55	1.205094E-05	1.204963E-05	1.204589E-05	1.203375E-05	1.198489E-05	1.175669E-05	1.099077E-05	1.00319E-05	9.719324E-06	9.842186E-06	1.009011E-05	1.035017E-05	1.058996E-05	1.080195E-05	1.098641E-05	1.114587E-05	1.12833E-05	1.140145E-05	1.150274E-05	1.158929E-05
642.2	1.205093E-05	1.204962E-05	1.204589E-05	1.203376E-05	1.198498E-05	1.175712E-05	1.099236E-05	1.003494E-05	9.722834E-06	9.84551E-06	1.009306E-05	1.035272E-05	1.059215E-05	1.080383E-05	1.0988E-05	1.114722E-05	1.128445E-05	1.140242E-05	1.150356E-05	1.158997E-05
642.85	1.205092E-05	1.204961E-05	1.204588E-05	1.203378E-05	1.198506E-05	1.175755E-05	1.099394E-05	1.003797E-05	9.726338E-06	9.848829E-06	1.0096E-05	1.035528E-05	1.059434E-05	1.08057E-05	1.098959E-05	1.114858E-05	1.128559E-05	1.140339E-05	1.150437E-05	1.159066E-05
643.5	1.20509E-05	1.20496E-05	1.204588E-05	1.203379E-05	1.198515E-05	1.175798E-05	1.099553E-05	1.0041E-05	9.729837E-06	9.852143E-06	1.009894E-05	1.035782E-05	1.059653E-05	1.080757E-05	1.099119E-05	1.114993E-05	1.128674E-05	1.140435E-05	1.150519E-05	1.159134E-05
644.15	1.205089E-05	1.204959E-05	1.204587E-05	1.20338E-05	1.198524E-05	1.175841E-05	1.099711E-05	1.004402E-05	9.733331E-06	9.855452E-06	1.010188E-05	1.036037E-05	1.059872E-05	1.080943E-05	1.099277E-05	1.115128E-05	1.128788E-05	1.140532E-05	1.1506E-05	1.159202E-05
644.8	1.205088E-05	1.204958E-05	1.204587E-05	1.203382E-05	1.198533E-05	1.175884E-05	1.099869E-05	1.004704E-05	9.736819E-06	9.858756E-06	1.010481E-05	1.036291E-05	1.06009E-05	1.08113E-05	1.099436E-05	1.115262E-05	1.128902E-05	1.140628E-05	1.150681E-05	1.15927E-05
645.45	1.205087E-05	1.204957E-05	1.204586E-05	1.203383E-05	1.198541E-05	1.175927E-05	1.100027E-05	1.005005E-05	9.740303E-06	9.862055E-06	1.010774E-05	1.036545E-05	1.060307E-05	1.081316E-05	1.099594E-05	1.115397E-05	1.129016E-05	1.140724E-05	1.150762E-05	1.159338E-05
646.1	1.205085E-05	1.204956E-05	1.204586E-05	1.203384E-05	1.19855E-05	1.17597E-05	1.100184E-05	1.005307E-05	9.743781E-06	9.865349E-06	1.011066E-05	1.036798E-05	1.060525E-05	1.081501E-05	1.099752E-05	1.115531E-05	1.129129E-05	1.14082E-05	1.150843E-05	1.159406E-05
646.75	1.205084E-05	1.204955E-05	1.204586E-05	1.203386E-05	1.198558E-05	1.176013E-05	1.100342E-05	1.005607E-05	9.747254E-06	9.868639E-06	1.011358E-05	1.037051E-05	1.060742E-05	1.081687E-05	1.09991E-05	1.115665E-05	1.129243E-05	1.140916E-05	1.150923E-05	1.159474E-05
647.4	1.205083E-05	1.204954E-05	1.204585E-05	1.203387E-05	1.198567E-05	1.176056E-05	1.100499E-05	1.005907E-05	9.750721E-06	9.871922E-06	1.011649E-05	1.037304E-05	1.060959E-05	1.081872E-05	1.100068E-05	1.115799E-05	1.129356E-05	1.141012E-05	1.151004E-05	1.159541E-05
648.05	1.205082E-05	1.204953E-05	1.204585E-05	1.203389E-05	1.198576E-05	1.176098E-05	1.100655E-05	1.006207E-05	9.754183E-06	9.875202E-06	1.01194E-05	1.037556E-05	1.061175E-05	1.082057E-05	1.100225E-05	1.115933E-05	1.129469E-05	1.141107E-05	1.151084E-05	1.159609E-05
648.7	1.205081E-05	1.204952E-05	1.204584E-05	1.20339E-05	1.198584E-05	1.176141E-05	1.100812E-05	1.006506E-05	9.75764E-06	9.878476E-06	1.012231E-05	1.037808E-05	1.061392E-05	1.082241E-05	1.100383E-05	1.116066E-05	1.129583E-05	1.141203E-05	1.151165E-05	1.159677E-05
649.35	1.205079E-05	1.204951E-05	1.204584E-05	1.203391E-05	1.198593E-05	1.176183E-05	1.100968E-05	1.006805E-05	9.761092E-06	9.881745E-06	1.012521E-05	1.038059E-05	1.061607E-05	1.082426E-05	1.10054E-05	1.116199E-05	1.129695E-05	1.141298E-05	1.151245E-05	1.159744E-05
650	1.205078E-05	1.20495E-05	1.204583E-05	1.203393E-05	1.198602E-05	1.176226E-05	1.101124E-05	1.007103E-05	9.764539E-06	9.88501E-06	1.01281E-05	1.03831E-05	1.061823E-05	1.08261E-05	1.100696E-05	1.116332E-05	1.129808E-05	1.141393E-05	1.151325E-05	1.159811E-05
