Time (ms)	Sweep 1	Sweep 2	Sweep 3	Sweep 4	Sweep 5	Sweep 6	Sweep 7	Sweep 8	Sweep 9	Sweep 10	Sweep 11	Sweep 12	Sweep 13	Sweep 14	Sweep 15	Sweep 16	Sweep 17	Sweep 18	Sweep 19	Sweep 20
0	-6.980405E-12	-6.980405E-12	-6.980405E-12	-6.980405E-12	-6.980405E-12	-6.980405E-12	-6.980405E-12	-6.980405E-12	-6.980405E-12	-6.980405E-12	-6.980405E-12	-6.980405E-12	-6.980405E-12	-6.980405E-12	-6.980405E-12	-6.980405E-12	-6.980405E-12	-6.980405E-12	-6.980405E-12	-6.980405E-12
0.65	-6.979835E-12	-6.979835E-12	-6.979835E-12	-6.979835E-12	-6.979835E-12	-6.979835E-12	-6.979835E-12	-6.979835E-12	-6.979835E-12	-6.979835E-12	-6.979835E-12	-6.979835E-12	-6.979835E-12	-6.979835E-12	-6.979835E-12	-6.979835E-12	-6.979835E-12	-6.979835E-12	-6.979835E-12	-6.979835E-12
1.3	-6.979607E-12	-6.979607E-12	-6.979607E-12	-6.979607E-12	-6.979607E-12	-6.979607E-12	-6.979607E-12	-6.979607E-12	-6.979607E-12	-6.979607E-12	-6.979607E-12	-6.979607E-12	-6.979607E-12	-6.979607E-12	-6.979607E-12	-6.979607E-12	-6.979607E-12	-6.979607E-12	-6.979607E-12	-6.979607E-12
1.95	-6.979589E-12	-6.979589E-12	-6.979589E-12	-6.979589E-12	-6.979589E-12	-6.979589E-12	-6.979589E-12	-6.979589E-12	-6.979589E-12	-6.979589E-12	-6.979589E-12	-6.979589E-12	-6.979589E-12	-6.979589E-12	-6.979589E-12	-6.979589E-12	-6.979589E-12	-6.979589E-12	-6.979589E-12	-6.979589E-12
2.6	-6.979697E-12	-6.979697E-12	-6.979697E-12	-6.979697E-12	-6.979697E-12	-6.979697E-12	-6.979697E-12	-6.979697E-12	-6.979697E-12	-6.979697E-12	-6.979697E-12	-6.979697E-12	-6.979697E-12	-6.979697E-12	-6.979697E-12	-6.979697E-12	-6.979697E-12	-6.979697E-12	-6.979697E-12	-6.979697E-12
3.25	-6.979882E-12	-6.979882E-12	-6.979882E-12	-6.979882E-12	-6.979882E-12	-6.979882E-12	-6.979882E-12	-6.979882E-12	-6.979882E-12	-6.979882E-12	-6.979882E-12	-6.979882E-12	-6.979882E-12	-6.979882E-12	-6.979882E-12	-6.979882E-12	-6.979882E-12	-6.979882E-12	-6.979882E-12	-6.979882E-12
3.9	-6.980114E-12	-6.980114E-12	-6.980114E-12	-6.980114E-12	-6.980114E-12	-6.980114E-12	-6.980114E-12	-6.980114E-12	-6.980114E-12	-6.980114E-12	-6.980114E-12	-6.980114E-12	-6.980114E-12	-6.980114E-12	-6.980114E-12	-6.980114E-12	-6.980114E-12	-6.980114E-12	-6.980114E-12	-6.980114E-12
4.55	-6.980372E-12	-6.980372E-12	-6.980372E-12	-6.980372E-12	-6.980372E-12	-6.980372E-12	-6.980372E-12	-6.980372E-12	-6.980372E-12	-6.980372E-12	-6.980372E-12	-6.980372E-12	-6.980372E-12	-6.980372E-12	-6.980372E-12	-6.980372E-12	-6.980372E-12	-6.980372E-12	-6.980372E-12	-6.980372E-12
5.2	-6.980648E-12	-6.980648E-12	-6.980648E-12	-6.980648E-12	-6.980648E-12	-6.980648E-12	-6.980648E-12	-6.980648E-12	-6.980648E-12	-6.980648E-12	-6.980648E-12	-6.980648E-12	-6.980648E-12	-6.980648E-12	-6.980648E-12	-6.980648E-12	-6.980648E-12	-6.980648E-12	-6.980648E-12	-6.980648E-12
5.85	-6.980933E-12	-6.980933E-12	-6.980933E-12	-6.980933E-12	-6.980933E-12	-6.980933E-12	-6.980933E-12	-6.980933E-12	-6.980933E-12	-6.980933E-12	-6.980933E-12	-6.980933E-12	-6.980933E-12	-6.980933E-12	-6.980933E-12	-6.980933E-12	-6.980933E-12	-6.980933E-12	-6.980933E-12	-6.980933E-12
6.5	-6.981222E-12	-6.981222E-12	-6.981222E-12	-6.981222E-12	-6.981222E-12	-6.981222E-12	-6.981222E-12	-6.981222E-12	-6.981222E-12	-6.981222E-12	-6.981222E-12	-6.981222E-12	-6.981222E-12	-6.981222E-12	-6.981222E-12	-6.981222E-12	-6.981222E-12	-6.981222E-12	-6.981222E-12	-6.981222E-12
7.15	-6.981515E-12	-6.981515E-12	-6.981515E-12	-6.981515E-12	-6.981515E-12	-6.981515E-12	-6.981515E-12	-6.981515E-12	-6.981515E-12	-6.981515E-12	-6.981515E-12	-6.981515E-12	-6.981515E-12	-6.981515E-12	-6.981515E-12	-6.981515E-12	-6.981515E-12	-6.981515E-12	-6.981515E-12	-6.981515E-12
7.8	-6.981808E-12	-6.981808E-12	-6.981808E-12	-6.981808E-12	-6.981808E-12	-6.981808E-12	-6.981808E-12	-6.981808E-12	-6.981808E-12	-6.981808E-12	-6.981808E-12	-6.981808E-12	-6.981808E-12	-6.981808E-12	-6.981808E-12	-6.981808E-12	-6.981808E-12	-6.981808E-12	-6.981808E-12	-6.981808E-12
8.45	-6.982101E-12	-6.982101E-12	-6.982101E-12	-6.982101E-12	-6.982101E-12	-6.982101E-12	-6.982101E-12	-6.982101E-12	-6.982101E-12	-6.982101E-12	-6.982101E-12	-6.982101E-12	-6.982101E-12	-6.982101E-12	-6.982101E-12	-6.982101E-12	-6.982101E-12	-6.982101E-12	-6.982101E-12	-6.982101E-12
9.1	-6.982394E-12	-6.982394E-12	-6.982394E-12	-6.982394E-12	-6.982394E-12	-6.982394E-12	-6.982394E-12	-6.982394E-12	-6.982394E-12	-6.982394E-12	-6.982394E-12	-6.982394E-12	-6.982394E-12	-6.982394E-12	-6.982394E-12	-6.982394E-12	-6.982394E-12	-6.982394E-12	-6.982394E-12	-6.982394E-12
9.75	-6.982686E-12	-6.982686E-12	-6.982686E-12	-6.982686E-12	-6.982686E-12	-6.982686E-12	-6.982686E-12	-6.982686E-12	-6.982686E-12	-6.982686E-12	-6.982686E-12	-6.982686E-12	-6.982686E-12	-6.982686E-12	-6.982686E-12	-6.982686E-12	-6.982686E-12	-6.982686E-12	-6.982686E-12	-6.982686E-12
10.4	-6.982976E-12	-6.982976E-12	-6.982976E-12	-6.982976E-12	-6.982976E-12	-6.982976E-12	-6.982976E-12	-6.982976E-12	-6.982976E-12	-6.982976E-12	-6.982976E-12	-6.982976E-12	-6.982976E-12	-6.982976E-12	-6.982976E-12	-6.982976E-12	-6.982976E-12	-6.982976E-12	-6.982976E-12	-6.982976E-12
11.05	-6.983266E-12	-6.983266E-12	-6.983266E-12	-6.983266E-12	-6.983266E-12	-6.983266E-12	-6.983266E-12	-6.983266E-12	-6.983266E-12	-6.983266E-12	-6.983266E-12	-6.983266E-12	-6.983266E-12	-6.983266E-12	-6.983266E-12	-6.983266E-12	-6.983266E-12	-6.983266E-12	-6.983266E-12	-6.983266E-12
11.7	-6.983553E-12	-6.983553E-12	-6.983553E-12	-6.983553E-12	-6.983553E-12	-6.983553E-12	-6.983553E-12	-6.983553E-12	-6.983553E-12	-6.983553E-12	-6.983553E-12	-6.983553E-12	-6.983553E-12	-6.983553E-12	-6.983553E-12	-6.983553E-12	-6.983553E-12	-6.983553E-12	-6.983553E-12	-6.983553E-12
12.35	-6.98384E-12	-6.98384E-12	-6.98384E-12	-6.98384E-12	-6.98384E-12	-6.98384E-12	-6.98384E-12	-6.98384E-12	-6.98384E-12	-6.98384E-12	-6.98384E-12	-6.98384E-12	-6.98384E-12	-6.98384E-12	-6.98384E-12	-6.98384E-12	-6.98384E-12	-6.98384E-12	-6.98384E-12	-6.98384E-12
13	-6.984125E-12	-6.984125E-12	-6.984125E-12	-6.984125E-12	-6.984125E-12	-6.984125E-12	-6.984125E-12	-6.984125E-12	-6.984125E-12	-6.984125E-12	-6.984125E-12	-6.984125E-12	-6.984125E-12	-6.984125E-12	-6.984125E-12	-6.984125E-12	-6.984125E-12	-6.984125E-12	-6.984125E-12	-6.984125E-12
13.65	-6.984408E-12	-6.984408E-12	-6.984408E-12	-6.984408E-12	-6.984408E-12	-6.984408E-12	-6.984408E-12	-6.984408E-12	-6.984408E-12	-6.984408E-12	-6.984408E-12	-6.984408E-12	-6.984408E-12	-6.984408E-12	-6.984408E-12	-6.984408E-12	-6.984408E-12	-6.984408E-12	-6.984408E-12	-6.984408E-12
14.3	-6.98469E-12	-6.98469E-12	-6.98469E-12	-6.98469E-12	-6.98469E-12	-6.98469E-12	-6.98469E-12	-6.98469E-12	-6.98469E-12	-6.98469E-12	-6.98469E-12	-6.98469E-12	-6.98469E-12	-6.98469E-12	-6.98469E-12	-6.98469E-12	-6.98469E-12	-6.98469E-12	-6.98469E-12	-6.98469E-12
14.95	-6.984971E-12	-6.984971E-12	-6.984971E-12	-6.984971E-12	-6.984971E-12	-6.984971E-12	-6.984971E-12	-6.984971E-12	-6.984971E-12	-6.984971E-12	-6.984971E-12	-6.984971E-12	-6.984971E-12	-6.984971E-12	-6.984971E-12	-6.984971E-12	-6.984971E-12	-6.984971E-12	-6.984971E-12	-6.984971E-12
15.6	-6.98525E-12	-6.98525E-12	-6.98525E-12	-6.98525E-12	-6.98525E-12	-6.98525E-12	-6.98525E-12	-6.98525E-12	-6.98525E-12	-6.98525E-12	-6.98525E-12	-6.98525E-12	-6.98525E-12	-6.98525E-12	-6.98525E-12	-6.98525E-12	-6.98525E-12	-6.98525E-12	-6.98525E-12	-6.98525E-12
16.25	-6.985528E-12	-6.985528E-12	-6.985528E-12	-6.985528E-12	-6.985528E-12	-6.985528E-12	-6.985528E-12	-6.985528E-12	-6.985528E-12	-6.985528E-12	-6.985528E-12	-6.985528E-12	-6.985528E-12	-6.985528E-12	-6.985528E-12	-6.985528E-12	-6.985528E-12	-6.985528E-12	-6.985528E-12	-6.985528E-12
16.9	-6.985804E-12	-6.985804E-12	-6.985804E-12	-6.985804E-12	-6.985804E-12	-6.985804E-12	-6.985804E-12	-6.985804E-12	-6.985804E-12	-6.985804E-12	-6.985804E-12	-6.985804E-12	-6.985804E-12	-6.985804E-12	-6.985804E-12	-6.985804E-12	-6.985804E-12	-6.985804E-12	-6.985804E-12	-6.985804E-12
17.55	-6.986079E-12	-6.986079E-12	-6.986079E-12	-6.986079E-12	-6.986079E-12	-6.986079E-12	-6.986079E-12	-6.986079E-12	-6.986079E-12	-6.986079E-12	-6.986079E-12	-6.986079E-12	-6.986079E-12	-6.986079E-12	-6.986079E-12	-6.986079E-12	-6.986079E-12	-6.986079E-12	-6.986079E-12	-6.986079E-12
18.2	-6.986353E-12	-6.986353E-12	-6.986353E-12	-6.986353E-12	-6.986353E-12	-6.986353E-12	-6.986353E-12	-6.986353E-12	-6.986353E-12	-6.986353E-12	-6.986353E-12	-6.986353E-12	-6.986353E-12	-6.986353E-12	-6.986353E-12	-6.986353E-12	-6.986353E-12	-6.986353E-12	-6.986353E-12	-6.986353E-12
18.85	-6.986625E-12	-6.986625E-12	-6.986625E-12	-6.986625E-12	-6.986625E-12	-6.986625E-12	-6.986625E-12	-6.986625E-12	-6.986625E-12	-6.986625E-12	-6.986625E-12	-6.986625E-12	-6.986625E-12	-6.986625E-12	-6.986625E-12	-6.986625E-12	-6.986625E-12	-6.986625E-12	-6.986625E-12	-6.986625E-12
19.5	-6.986895E-12	-6.986895E-12	-6.986895E-12	-6.986895E-12	-6.986895E-12	-6.986895E-12	-6.986895E-12	-6.986895E-12	-6.986895E-12	-6.986895E-12	-6.986895E-12	-6.986895E-12	-6.986895E-12	-6.986895E-12	-6.986895E-12	-6.986895E-12	-6.986895E-12	-6.986895E-12	-6.986895E-12	-6.986895E-12
20.15	-6.987165E-12	-6.987165E-12	-6.987165E-12	-6.987165E-12	-6.987165E-12	-6.987165E-12	-6.987165E-12	-6.987165E-12	-6.987165E-12	-6.987165E-12	-6.987165E-12	-6.987165E-12	-6.987165E-12	-6.987165E-12	-6.987165E-12	-6.987165E-12	-6.987165E-12	-6.987165E-12	-6.987165E-12	-6.987165E-12
20.8	-6.987433E-12	-6.987433E-12	-6.987433E-12	-6.987433E-12	-6.987433E-12	-6.987433E-12	-6.987433E-12	-6.987433E-12	-6.987433E-12	-6.987433E-12	-6.987433E-12	-6.987433E-12	-6.987433E-12	-6.987433E-12	-6.987433E-12	-6.987433E-12	-6.987433E-12	-6.987433E-12	-6.987433E-12	-6.987433E-12
21.45	-6.987699E-12	-6.987699E-12	-6.987699E-12	-6.987699E-12	-6.987699E-12	-6.987699E-12	-6.987699E-12	-6.987699E-12	-6.987699E-12	-6.987699E-12	-6.987699E-12	-6.987699E-12	-6.987699E-12	-6.987699E-12	-6.987699E-12	-6.987699E-12	-6.987699E-12	-6.987699E-12	-6.987699E-12	-6.987699E-12
22.1	-6.987964E-12	-6.987964E-12	-6.987964E-12	-6.987964E-12	-6.987964E-12	-6.987964E-12	-6.987964E-12	-6.987964E-12	-6.987964E-12	-6.987964E-12	-6.987964E-12	-6.987964E-12	-6.987964E-12	-6.987964E-12	-6.987964E-12	-6.987964E-12	-6.987964E-12	-6.987964E-12	-6.987964E-12	-6.987964E-12
22.75	-6.988228E-12	-6.988228E-12	-6.988228E-12	-6.988228E-12	-6.988228E-12	-6.988228E-12	-6.988228E-12	-6.988228E-12	-6.988228E-12	-6.988228E-12	-6.988228E-12	-6.988228E-12	-6.988228E-12	-6.988228E-12	-6.988228E-12	-6.988228E-12	-6.988228E-12	-6.988228E-12	-6.988228E-12	-6.988228E-12
23.4	-6.988491E-12	-6.988491E-12	-6.988491E-12	-6.988491E-12	-6.988491E-12	-6.988491E-12	-6.988491E-12	-6.988491E-12	-6.988491E-12	-6.988491E-12	-6.988491E-12	-6.988491E-12	-6.988491E-12	-6.988491E-12	-6.988491E-12	-6.988491E-12	-6.988491E-12	-6.988491E-12	-6.988491E-12	-6.988491E-12
24.05	-6.988752E-12	-6.988752E-12	-6.988752E-12	-6.988752E-12	-6.988752E-12	-6.988752E-12	-6.988752E-12	-6.988752E-12	-6.988752E-12	-6.988752E-12	-6.988752E-12	-6.988752E-12	-6.988752E-12	-6.988752E-12	-6.988752E-12	-6.988752E-12	-6.988752E-12	-6.988752E-12	-6.988752E-12	-6.988752E-12
24.7	-6.989011E-12	-6.989011E-12	-6.989011E-12	-6.989011E-12	-6.989011E-12	-6.989011E-12	-6.989011E-12	-6.989011E-12	-6.989011E-12	-6.989011E-12	-6.989011E-12	-6.989011E-12	-6.989011E-12	-6.989011E-12	-6.989011E-12	-6.989011E-12	-6.989011E-12	-6.989011E-12	-6.989011E-12	-6.989011E-12
25.35	-6.989269E-12	-6.989269E-12	-6.989269E-12	-6.989269E-12	-6.989269E-12	-6.989269E-12	-6.989269E-12	-6.989269E-12	-6.989269E-12	-6.989269E-12	-6.989269E-12	-6.989269E-12	-6.989269E-12	-6.989269E-12	-6.989269E-12	-6.989269E-12	-6.989269E-12	-6.989269E-12	-6.989269E-12	-6.989269E-12
26	-6.989527E-12	-6.989527E-12	-6.989527E-12	-6.989527E-12	-6.989527E-12	-6.989527E-12	-6.989527E-12	-6.989527E-12	-6.989527E-12	-6.989527E-12	-6.989527E-12	-6.989527E-12	-6.989527E-12	-6.989527E-12	-6.989527E-12	-6.989527E-12	-6.989527E-12	-6.989527E-12	-6.989527E-12	-6.989527E-12
26.65	-6.989782E-12	-6.989782E-12	-6.989782E-12	-6.989782E-12	-6.989782E-12	-6.989782E-12	-6.989782E-12	-6.989782E-12	-6.989782E-12	-6.989782E-12	-6.989782E-12	-6.989782E-12	-6.989782E-12	-6.989782E-12	-6.989782E-12	-6.989782E-12	-6.989782E-12	-6.989782E-12	-6.989782E-12	-6.989782E-12
27.3	-6.990037E-12	-6.990037E-12	-6.990037E-12	-6.990037E-12	-6.990037E-12	-6.990037E-12	-6.990037E-12	-6.990037E-12	-6.990037E-12	-6.990037E-12	-6.990037E-12	-6.990037E-12	-6.990037E-12	-6.990037E-12	-6.990037E-12	-6.990037E-12	-6.990037E-12	-6.990037E-12	-6.990037E-12	-6.990037E-12
27.95	-6.990289E-12	-6.990289E-12	-6.990289E-12	-6.990289E-12	-6.990289E-12	-6.990289E-12	-6.990289E-12	-6.990289E-12	-6.990289E-12	-6.990289E-12	-6.990289E-12	-6.990289E-12	-6.990289E-12	-6.990289E-12	-6.990289E-12	-6.990289E-12	-6.990289E-12	-6.990289E-12	-6.990289E-12	-6.990289E-12
28.6	-6.990541E-12	-6.990541E-12	-6.990541E-12	-6.990541E-12	-6.990541E-12	-6.990541E-12	-6.990541E-12	-6.990541E-12	-6.990541E-12	-6.990541E-12	-6.990541E-12	-6.990541E-12	-6.990541E-12	-6.990541E-12	-6.990541E-12	-6.990541E-12	-6.990541E-12	-6.990541E-12	-6.990541E-12	-6.990541E-12
29.25	-6.990792E-12	-6.990792E-12	-6.990792E-12	-6.990792E-12	-6.990792E-12	-6.990792E-12	-6.990792E-12	-6.990792E-12	-6.990792E-12	-6.990792E-12	-6.990792E-12	-6.990792E-12	-6.990792E-12	-6.990792E-12	-6.990792E-12	-6.990792E-12	-6.990792E-12	-6.990792E-12	-6.990792E-12	-6.990792E-12
29.9	-6.991041E-12	-6.991041E-12	-6.991041E-12	-6.991041E-12	-6.991041E-12	-6.991041E-12	-6.991041E-12	-6.991041E-12	-6.991041E-12	-6.991041E-12	-6.991041E-12	-6.991041E-12	-6.991041E-12	-6.991041E-12	-6.991041E-12	-6.991041E-12	-6.991041E-12	-6.991041E-12	-6.991041E-12	-6.991041E-12
30.55	-6.991289E-12	-6.991289E-12	-6.991289E-12	-6.991289E-12	-6.991289E-12	-6.991289E-12	-6.991289E-12	-6.991289E-12	-6.991289E-12	-6.991289E-12	-6.991289E-12	-6.991289E-12	-6.991289E-12	-6.991289E-12	-6.991289E-12	-6.991289E-12	-6.991289E-12	-6.991289E-12	-6.991289E-12	-6.991289E-12
31.2	-6.991535E-12	-6.991535E-12	-6.991535E-12	-6.991535E-12	-6.991535E-12	-6.991535E-12	-6.991535E-12	-6.991535E-12	-6.991535E-12	-6.991535E-12	-6.991535E-12	-6.991535E-12	-6.991535E-12	-6.991535E-12	-6.991535E-12	-6.991535E-12	-6.991535E-12	-6.991535E-12	-6.991535E-12	-6.991535E-12
31.85	-6.99178E-12	-6.99178E-12	-6.99178E-12	-6.99178E-12	-6.99178E-12	-6.99178E-12	-6.99178E-12	-6.99178E-12	-6.99178E-12	-6.99178E-12	-6.99178E-12	-6.99178E-12	-6.99178E-12	-6.99178E-12	-6.99178E-12	-6.99178E-12	-6.99178E-12	-6.99178E-12	-6.99178E-12	-6.99178E-12
32.5	-6.992025E-12	-6.992025E-12	-6.992025E-12	-6.992025E-12	-6.992025E-12	-6.992025E-12	-6.992025E-12	-6.992025E-12	-6.992025E-12	-6.992025E-12	-6.992025E-12	-6.992025E-12	-6.992025E-12	-6.992025E-12	-6.992025E-12	-6.992025E-12	-6.992025E-12	-6.992025E-12	-6.992025E-12	-6.992025E-12
33.15	-6.992267E-12	-6.992267E-12	-6.992267E-12	-6.992267E-12	-6.992267E-12	-6.992267E-12	-6.992267E-12	-6.992267E-12	-6.992267E-12	-6.992267E-12	-6.992267E-12	-6.992267E-12	-6.992267E-12	-6.992267E-12	-6.992267E-12	-6.992267E-12	-6.992267E-12	-6.992267E-12	-6.992267E-12	-6.992267E-12
33.8	-6.992509E-12	-6.992509E-12	-6.992509E-12	-6.992509E-12	-6.992509E-12	-6.992509E-12	-6.992509E-12	-6.992509E-12	-6.992509E-12	-6.992509E-12	-6.992509E-12	-6.992509E-12	-6.992509E-12	-6.992509E-12	-6.992509E-12	-6.992509E-12	-6.992509E-12	-6.992509E-12	-6.992509E-12	-6.992509E-12
34.45	-6.992749E-12	-6.992749E-12	-6.992749E-12	-6.992749E-12	-6.992749E-12	-6.992749E-12	-6.992749E-12	-6.992749E-12	-6.992749E-12	-6.992749E-12	-6.992749E-12	-6.992749E-12	-6.992749E-12	-6.992749E-12	-6.992749E-12	-6.992749E-12	-6.992749E-12	-6.992749E-12	-6.992749E-12	-6.992749E-12
35.1	-6.992988E-12	-6.992988E-12	-6.992988E-12	-6.992988E-12	-6.992988E-12	-6.992988E-12	-6.992988E-12	-6.992988E-12	-6.992988E-12	-6.992988E-12	-6.992988E-12	-6.992988E-12	-6.992988E-12	-6.992988E-12	-6.992988E-12	-6.992988E-12	-6.992988E-12	-6.992988E-12	-6.992988E-12	-6.992988E-12
35.75	-6.993225E-12	-6.993225E-12	-6.993225E-12	-6.993225E-12	-6.993225E-12	-6.993225E-12	-6.993225E-12	-6.993225E-12	-6.993225E-12	-6.993225E-12	-6.993225E-12	-6.993225E-12	-6.993225E-12	-6.993225E-12	-6.993225E-12	-6.993225E-12	-6.993225E-12	-6.993225E-12	-6.993225E-12	-6.993225E-12
36.4	-6.993462E-12	-6.993462E-12	-6.993462E-12	-6.993462E-12	-6.993462E-12	-6.993462E-12	-6.993462E-12	-6.993462E-12	-6.993462E-12	-6.993462E-12	-6.993462E-12	-6.993462E-12	-6.993462E-12	-6.993462E-12	-6.993462E-12	-6.993462E-12	-6.993462E-12	-6.993462E-12	-6.993462E-12	-6.993462E-12
37.05	-6.993697E-12	-6.993697E-12	-6.993697E-12	-6.993697E-12	-6.993697E-12	-6.993697E-12	-6.993697E-12	-6.993697E-12	-6.993697E-12	-6.993697E-12	-6.993697E-12	-6.993697E-12	-6.993697E-12	-6.993697E-12	-6.993697E-12	-6.993697E-12	-6.993697E-12	-6.993697E-12	-6.993697E-12	-6.993697E-12
37.7	-6.993931E-12	-6.993931E-12	-6.993931E-12	-6.993931E-12	-6.993931E-12	-6.993931E-12	-6.993931E-12	-6.993931E-12	-6.993931E-12	-6.993931E-12	-6.993931E-12	-6.993931E-12	-6.993931E-12	-6.993931E-12	-6.993931E-12	-6.993931E-12	-6.993931E-12	-6.993931E-12	-6.993931E-12	-6.993931E-12
38.35	-6.994164E-12	-6.994164E-12	-6.994164E-12	-6.994164E-12	-6.994164E-12	-6.994164E-12	-6.994164E-12	-6.994164E-12	-6.994164E-12	-6.994164E-12	-6.994164E-12	-6.994164E-12	-6.994164E-12	-6.994164E-12	-6.994164E-12	-6.994164E-12	-6.994164E-12	-6.994164E-12	-6.994164E-12	-6.994164E-12
39	-6.994396E-12	-6.994396E-12	-6.994396E-12	-6.994396E-12	-6.994396E-12	-6.994396E-12	-6.994396E-12	-6.994396E-12	-6.994396E-12	-6.994396E-12	-6.994396E-12	-6.994396E-12	-6.994396E-12	-6.994396E-12	-6.994396E-12	-6.994396E-12	-6.994396E-12	-6.994396E-12	-6.994396E-12	-6.994396E-12
39.65	-6.994627E-12	-6.994627E-12	-6.994627E-12	-6.994627E-12	-6.994627E-12	-6.994627E-12	-6.994627E-12	-6.994627E-12	-6.994627E-12	-6.994627E-12	-6.994627E-12	-6.994627E-12	-6.994627E-12	-6.994627E-12	-6.994627E-12	-6.994627E-12	-6.994627E-12	-6.994627E-12	-6.994627E-12	-6.994627E-12
40.3	-6.994856E-12	-6.994856E-12	-6.994856E-12	-6.994856E-12	-6.994856E-12	-6.994856E-12	-6.994856E-12	-6.994856E-12	-6.994856E-12	-6.994856E-12	-6.994856E-12	-6.994856E-12	-6.994856E-12	-6.994856E-12	-6.994856E-12	-6.994856E-12	-6.994856E-12	-6.994856E-12	-6.994856E-12	-6.994856E-12
40.95	-6.995084E-12	-6.995084E-12	-6.995084E-12	-6.995084E-12	-6.995084E-12	-6.995084E-12	-6.995084E-12	-6.995084E-12	-6.995084E-12	-6.995084E-12	-6.995084E-12	-6.995084E-12	-6.995084E-12	-6.995084E-12	-6.995084E-12	-6.995084E-12	-6.995084E-12	-6.995084E-12	-6.995084E-12	-6.995084E-12
41.6	-6.995311E-12	-6.995311E-12	-6.995311E-12	-6.995311E-12	-6.995311E-12	-6.995311E-12	-6.995311E-12	-6.995311E-12	-6.995311E-12	-6.995311E-12	-6.995311E-12	-6.995311E-12	-6.995311E-12	-6.995311E-12	-6.995311E-12	-6.995311E-12	-6.995311E-12	-6.995311E-12	-6.995311E-12	-6.995311E-12
42.25	-6.995537E-12	-6.995537E-12	-6.995537E-12	-6.995537E-12	-6.995537E-12	-6.995537E-12	-6.995537E-12	-6.995537E-12	-6.995537E-12	-6.995537E-12	-6.995537E-12	-6.995537E-12	-6.995537E-12	-6.995537E-12	-6.995537E-12	-6.995537E-12	-6.995537E-12	-6.995537E-12	-6.995537E-12	-6.995537E-12
42.9	-6.995761E-12	-6.995761E-12	-6.995761E-12	-6.995761E-12	-6.995761E-12	-6.995761E-12	-6.995761E-12	-6.995761E-12	-6.995761E-12	-6.995761E-12	-6.995761E-12	-6.995761E-12	-6.995761E-12	-6.995761E-12	-6.995761E-12	-6.995761E-12	-6.995761E-12	-6.995761E-12	-6.995761E-12	-6.995761E-12
43.55	-6.995985E-12	-6.995985E-12	-6.995985E-12	-6.995985E-12	-6.995985E-12	-6.995985E-12	-6.995985E-12	-6.995985E-12	-6.995985E-12	-6.995985E-12	-6.995985E-12	-6.995985E-12	-6.995985E-12	-6.995985E-12	-6.995985E-12	-6.995985E-12	-6.995985E-12	-6.995985E-12	-6.995985E-12	-6.995985E-12
44.2	-6.996207E-12	-6.996207E-12	-6.996207E-12	-6.996207E-12	-6.996207E-12	-6.996207E-12	-6.996207E-12	-6.996207E-12	-6.996207E-12	-6.996207E-12	-6.996207E-12	-6.996207E-12	-6.996207E-12	-6.996207E-12	-6.996207E-12	-6.996207E-12	-6.996207E-12	-6.996207E-12	-6.996207E-12	-6.996207E-12
44.85	-6.996428E-12	-6.996428E-12	-6.996428E-12	-6.996428E-12	-6.996428E-12	-6.996428E-12	-6.996428E-12	-6.996428E-12	-6.996428E-12	-6.996428E-12	-6.996428E-12	-6.996428E-12	-6.996428E-12	-6.996428E-12	-6.996428E-12	-6.996428E-12	-6.996428E-12	-6.996428E-12	-6.996428E-12	-6.996428E-12
45.5	-6.996648E-12	-6.996648E-12	-6.996648E-12	-6.996648E-12	-6.996648E-12	-6.996648E-12	-6.996648E-12	-6.996648E-12	-6.996648E-12	-6.996648E-12	-6.996648E-12	-6.996648E-12	-6.996648E-12	-6.996648E-12	-6.996648E-12	-6.996648E-12	-6.996648E-12	-6.996648E-12	-6.996648E-12	-6.996648E-12
46.15	-6.996867E-12	-6.996867E-12	-6.996867E-12	-6.996867E-12	-6.996867E-12	-6.996867E-12	-6.996867E-12	-6.996867E-12	-6.996867E-12	-6.996867E-12	-6.996867E-12	-6.996867E-12	-6.996867E-12	-6.996867E-12	-6.996867E-12	-6.996867E-12	-6.996867E-12	-6.996867E-12	-6.996867E-12	-6.996867E-12
46.8	-6.997084E-12	-6.997084E-12	-6.997084E-12	-6.997084E-12	-6.997084E-12	-6.997084E-12	-6.997084E-12	-6.997084E-12	-6.997084E-12	-6.997084E-12	-6.997084E-12	-6.997084E-12	-6.997084E-12	-6.997084E-12	-6.997084E-12	-6.997084E-12	-6.997084E-12	-6.997084E-12	-6.997084E-12	-6.997084E-12
47.45	-6.997301E-12	-6.997301E-12	-6.997301E-12	-6.997301E-12	-6.997301E-12	-6.997301E-12	-6.997301E-12	-6.997301E-12	-6.997301E-12	-6.997301E-12	-6.997301E-12	-6.997301E-12	-6.997301E-12	-6.997301E-12	-6.997301E-12	-6.997301E-12	-6.997301E-12	-6.997301E-12	-6.997301E-12	-6.997301E-12
48.1	-6.997516E-12	-6.997516E-12	-6.997516E-12	-6.997516E-12	-6.997516E-12	-6.997516E-12	-6.997516E-12	-6.997516E-12	-6.997516E-12	-6.997516E-12	-6.997516E-12	-6.997516E-12	-6.997516E-12	-6.997516E-12	-6.997516E-12	-6.997516E-12	-6.997516E-12	-6.997516E-12	-6.997516E-12	-6.997516E-12
48.75	-6.997731E-12	-6.997731E-12	-6.997731E-12	-6.997731E-12	-6.997731E-12	-6.997731E-12	-6.997731E-12	-6.997731E-12	-6.997731E-12	-6.997731E-12	-6.997731E-12	-6.997731E-12	-6.997731E-12	-6.997731E-12	-6.997731E-12	-6.997731E-12	-6.997731E-12	-6.997731E-12	-6.997731E-12	-6.997731E-12
49.4	-6.997944E-12	-6.997944E-12	-6.997944E-12	-6.997944E-12	-6.997944E-12	-6.997944E-12	-6.997944E-12	-6.997944E-12	-6.997944E-12	-6.997944E-12	-6.997944E-12	-6.997944E-12	-6.997944E-12	-6.997944E-12	-6.997944E-12	-6.997944E-12	-6.997944E-12	-6.997944E-12	-6.997944E-12	-6.997944E-12
50.05	-6.998156E-12	-6.998156E-12	-6.998156E-12	-6.998156E-12	-6.998156E-12	-6.998156E-12	-6.998156E-12	-6.998156E-12	-6.998156E-12	-6.998156E-12	-6.998156E-12	-6.998156E-12	-6.998156E-12	-6.998156E-12	-6.998156E-12	-6.998156E-12	-6.998156E-12	-6.998156E-12	-6.998156E-12	-6.998156E-12
50.7	-6.998367E-12	-6.998367E-12	-6.998367E-12	-6.998367E-12	-6.998367E-12	-6.998367E-12	-6.998367E-12	-6.998367E-12	-6.998367E-12	-6.998367E-12	-6.998367E-12	-6.998367E-12	-6.998367E-12	-6.998367E-12	-6.998367E-12	-6.998367E-12	-6.998367E-12	-6.998367E-12	-6.998367E-12	-6.998367E-12
51.35	-6.998577E-12	-6.998577E-12	-6.998577E-12	-6.998577E-12	-6.998577E-12	-6.998577E-12	-6.998577E-12	-6.998577E-12	-6.998577E-12	-6.998577E-12	-6.998577E-12	-6.998577E-12	-6.998577E-12	-6.998577E-12	-6.998577E-12	-6.998577E-12	-6.998577E-12	-6.998577E-12	-6.998577E-12	-6.998577E-12
52	-6.998786E-12	-6.998786E-12	-6.998786E-12	-6.998786E-12	-6.998786E-12	-6.998786E-12	-6.998786E-12	-6.998786E-12	-6.998786E-12	-6.998786E-12	-6.998786E-12	-6.998786E-12	-6.998786E-12	-6.998786E-12	-6.998786E-12	-6.998786E-12	-6.998786E-12	-6.998786E-12	-6.998786E-12	-6.998786E-12
52.65	-6.998994E-12	-6.998994E-12	-6.998994E-12	-6.998994E-12	-6.998994E-12	-6.998994E-12	-6.998994E-12	-6.998994E-12	-6.998994E-12	-6.998994E-12	-6.998994E-12	-6.998994E-12	-6.998994E-12	-6.998994E-12	-6.998994E-12	-6.998994E-12	-6.998994E-12	-6.998994E-12	-6.998994E-12	-6.998994E-12
53.3	-6.9992E-12	-6.9992E-12	-6.9992E-12	-6.9992E-12	-6.9992E-12	-6.9992E-12	-6.9992E-12	-6.9992E-12	-6.9992E-12	-6.9992E-12	-6.9992E-12	-6.9992E-12	-6.9992E-12	-6.9992E-12	-6.9992E-12	-6.9992E-12	-6.9992E-12	-6.9992E-12	-6.9992E-12	-6.9992E-12
53.95	-6.999406E-12	-6.999406E-12	-6.999406E-12	-6.999406E-12	-6.999406E-12	-6.999406E-12	-6.999406E-12	-6.999406E-12	-6.999406E-12	-6.999406E-12	-6.999406E-12	-6.999406E-12	-6.999406E-12	-6.999406E-12	-6.999406E-12	-6.999406E-12	-6.999406E-12	-6.999406E-12	-6.999406E-12	-6.999406E-12
54.6	-6.999611E-12	-6.999611E-12	-6.999611E-12	-6.999611E-12	-6.999611E-12	-6.999611E-12	-6.999611E-12	-6.999611E-12	-6.999611E-12	-6.999611E-12	-6.999611E-12	-6.999611E-12	-6.999611E-12	-6.999611E-12	-6.999611E-12	-6.999611E-12	-6.999611E-12	-6.999611E-12	-6.999611E-12	-6.999611E-12
55.25	-6.999814E-12	-6.999814E-12	-6.999814E-12	-6.999814E-12	-6.999814E-12	-6.999814E-12	-6.999814E-12	-6.999814E-12	-6.999814E-12	-6.999814E-12	-6.999814E-12	-6.999814E-12	-6.999814E-12	-6.999814E-12	-6.999814E-12	-6.999814E-12	-6.999814E-12	-6.999814E-12	-6.999814E-12	-6.999814E-12
55.9	-7.000016E-12	-7.000016E-12	-7.000016E-12	-7.000016E-12	-7.000016E-12	-7.000016E-12	-7.000016E-12	-7.000016E-12	-7.000016E-12	-7.000016E-12	-7.000016E-12	-7.000016E-12	-7.000016E-12	-7.000016E-12	-7.000016E-12	-7.000016E-12	-7.000016E-12	-7.000016E-12	-7.000016E-12	-7.000016E-12
56.55	-7.000218E-12	-7.000218E-12	-7.000218E-12	-7.000218E-12	-7.000218E-12	-7.000218E-12	-7.000218E-12	-7.000218E-12	-7.000218E-12	-7.000218E-12	-7.000218E-12	-7.000218E-12	-7.000218E-12	-7.000218E-12	-7.000218E-12	-7.000218E-12	-7.000218E-12	-7.000218E-12	-7.000218E-12	-7.000218E-12
57.2	-7.000418E-12	-7.000418E-12	-7.000418E-12	-7.000418E-12	-7.000418E-12	-7.000418E-12	-7.000418E-12	-7.000418E-12	-7.000418E-12	-7.000418E-12	-7.000418E-12	-7.000418E-12	-7.000418E-12	-7.000418E-12	-7.000418E-12	-7.000418E-12	-7.000418E-12	-7.000418E-12	-7.000418E-12	-7.000418E-12
57.85	-7.000618E-12	-7.000618E-12	-7.000618E-12	-7.000618E-12	-7.000618E-12	-7.000618E-12	-7.000618E-12	-7.000618E-12	-7.000618E-12	-7.000618E-12	-7.000618E-12	-7.000618E-12	-7.000618E-12	-7.000618E-12	-7.000618E-12	-7.000618E-12	-7.000618E-12	-7.000618E-12	-7.000618E-12	-7.000618E-12
58.5	-7.000816E-12	-7.000816E-12	-7.000816E-12	-7.000816E-12	-7.000816E-12	-7.000816E-12	-7.000816E-12	-7.000816E-12	-7.000816E-12	-7.000816E-12	-7.000816E-12	-7.000816E-12	-7.000816E-12	-7.000816E-12	-7.000816E-12	-7.000816E-12	-7.000816E-12	-7.000816E-12	-7.000816E-12	-7.000816E-12
59.15	-7.001013E-12	-7.001013E-12	-7.001013E-12	-7.001013E-12	-7.001013E-12	-7.001013E-12	-7.001013E-12	-7.001013E-12	-7.001013E-12	-7.001013E-12	-7.001013E-12	-7.001013E-12	-7.001013E-12	-7.001013E-12	-7.001013E-12	-7.001013E-12	-7.001013E-12	-7.001013E-12	-7.001013E-12	-7.001013E-12
59.8	-7.00121E-12	-7.00121E-12	-7.00121E-12	-7.00121E-12	-7.00121E-12	-7.00121E-12	-7.00121E-12	-7.00121E-12	-7.00121E-12	-7.00121E-12	-7.00121E-12	-7.00121E-12	-7.00121E-12	-7.00121E-12	-7.00121E-12	-7.00121E-12	-7.00121E-12	-7.00121E-12	-7.00121E-12	-7.00121E-12
60.45	-7.001405E-12	-7.001405E-12	-7.001405E-12	-7.001405E-12	-7.001405E-12	-7.001405E-12	-7.001405E-12	-7.001405E-12	-7.001405E-12	-7.001405E-12	-7.001405E-12	-7.001405E-12	-7.001405E-12	-7.001405E-12	-7.001405E-12	-7.001405E-12	-7.001405E-12	-7.001405E-12	-7.001405E-12	-7.001405E-12
61.1	-7.001599E-12	-7.001599E-12	-7.001599E-12	-7.001599E-12	-7.001599E-12	-7.001599E-12	-7.001599E-12	-7.001599E-12	-7.001599E-12	-7.001599E-12	-7.001599E-12	-7.001599E-12	-7.001599E-12	-7.001599E-12	-7.001599E-12	-7.001599E-12	-7.001599E-12	-7.001599E-12	-7.001599E-12	-7.001599E-12
61.75	-7.001792E-12	-7.001792E-12	-7.001792E-12	-7.001792E-12	-7.001792E-12	-7.001792E-12	-7.001792E-12	-7.001792E-12	-7.001792E-12	-7.001792E-12	-7.001792E-12	-7.001792E-12	-7.001792E-12	-7.001792E-12	-7.001792E-12	-7.001792E-12	-7.001792E-12	-7.001792E-12	-7.001792E-12	-7.001792E-12
62.4	-7.001984E-12	-7.001984E-12	-7.001984E-12	-7.001984E-12	-7.001984E-12	-7.001984E-12	-7.001984E-12	-7.001984E-12	-7.001984E-12	-7.001984E-12	-7.001984E-12	-7.001984E-12	-7.001984E-12	-7.001984E-12	-7.001984E-12	-7.001984E-12	-7.001984E-12	-7.001984E-12	-7.001984E-12	-7.001984E-12
63.05	-7.002175E-12	-7.002175E-12	-7.002175E-12	-7.002175E-12	-7.002175E-12	-7.002175E-12	-7.002175E-12	-7.002175E-12	-7.002175E-12	-7.002175E-12	-7.002175E-12	-7.002175E-12	-7.002175E-12	-7.002175E-12	-7.002175E-12	-7.002175E-12	-7.002175E-12	-7.002175E-12	-7.002175E-12	-7.002175E-12
63.7	-7.002366E-12	-7.002366E-12	-7.002366E-12	-7.002366E-12	-7.002366E-12	-7.002366E-12	-7.002366E-12	-7.002366E-12	-7.002366E-12	-7.002366E-12	-7.002366E-12	-7.002366E-12	-7.002366E-12	-7.002366E-12	-7.002366E-12	-7.002366E-12	-7.002366E-12	-7.002366E-12	-7.002366E-12	-7.002366E-12
64.35	-7.002555E-12	-7.002555E-12	-7.002555E-12	-7.002555E-12	-7.002555E-12	-7.002555E-12	-7.002555E-12	-7.002555E-12	-7.002555E-12	-7.002555E-12	-7.002555E-12	-7.002555E-12	-7.002555E-12	-7.002555E-12	-7.002555E-12	-7.002555E-12	-7.002555E-12	-7.002555E-12	-7.002555E-12	-7.002555E-12
65	-7.002743E-12	-7.002743E-12	-7.002743E-12	-7.002743E-12	-7.002743E-12	-7.002743E-12	-7.002743E-12	-7.002743E-12	-7.002743E-12	-7.002743E-12	-7.002743E-12	-7.002743E-12	-7.002743E-12	-7.002743E-12	-7.002743E-12	-7.002743E-12	-7.002743E-12	-7.002743E-12	-7.002743E-12	-7.002743E-12
65.65	-7.00293E-12	-7.00293E-12	-7.00293E-12	-7.00293E-12	-7.00293E-12	-7.00293E-12	-7.00293E-12	-7.00293E-12	-7.00293E-12	-7.00293E-12	-7.00293E-12	-7.00293E-12	-7.00293E-12	-7.00293E-12	-7.00293E-12	-7.00293E-12	-7.00293E-12	-7.00293E-12	-7.00293E-12	-7.00293E-12
66.3	-7.003117E-12	-7.003117E-12	-7.003117E-12	-7.003117E-12	-7.003117E-12	-7.003117E-12	-7.003117E-12	-7.003117E-12	-7.003117E-12	-7.003117E-12	-7.003117E-12	-7.003117E-12	-7.003117E-12	-7.003117E-12	-7.003117E-12	-7.003117E-12	-7.003117E-12	-7.003117E-12	-7.003117E-12	-7.003117E-12
66.95	-7.003302E-12	-7.003302E-12	-7.003302E-12	-7.003302E-12	-7.003302E-12	-7.003302E-12	-7.003302E-12	-7.003302E-12	-7.003302E-12	-7.003302E-12	-7.003302E-12	-7.003302E-12	-7.003302E-12	-7.003302E-12	-7.003302E-12	-7.003302E-12	-7.003302E-12	-7.003302E-12	-7.003302E-12	-7.003302E-12
67.6	-7.003487E-12	-7.003487E-12	-7.003487E-12	-7.003487E-12	-7.003487E-12	-7.003487E-12	-7.003487E-12	-7.003487E-12	-7.003487E-12	-7.003487E-12	-7.003487E-12	-7.003487E-12	-7.003487E-12	-7.003487E-12	-7.003487E-12	-7.003487E-12	-7.003487E-12	-7.003487E-12	-7.003487E-12	-7.003487E-12
68.25	-7.00367E-12	-7.00367E-12	-7.00367E-12	-7.00367E-12	-7.00367E-12	-7.00367E-12	-7.00367E-12	-7.00367E-12	-7.00367E-12	-7.00367E-12	-7.00367E-12	-7.00367E-12	-7.00367E-12	-7.00367E-12	-7.00367E-12	-7.00367E-12	-7.00367E-12	-7.00367E-12	-7.00367E-12	-7.00367E-12
68.9	-7.003852E-12	-7.003852E-12	-7.003852E-12	-7.003852E-12	-7.003852E-12	-7.003852E-12	-7.003852E-12	-7.003852E-12	-7.003852E-12	-7.003852E-12	-7.003852E-12	-7.003852E-12	-7.003852E-12	-7.003852E-12	-7.003852E-12	-7.003852E-12	-7.003852E-12	-7.003852E-12	-7.003852E-12	-7.003852E-12
69.55	-7.004034E-12	-7.004034E-12	-7.004034E-12	-7.004034E-12	-7.004034E-12	-7.004034E-12	-7.004034E-12	-7.004034E-12	-7.004034E-12	-7.004034E-12	-7.004034E-12	-7.004034E-12	-7.004034E-12	-7.004034E-12	-7.004034E-12	-7.004034E-12	-7.004034E-12	-7.004034E-12	-7.004034E-12	-7.004034E-12
70.2	-7.004215E-12	-7.004215E-12	-7.004215E-12	-7.004215E-12	-7.004215E-12	-7.004215E-12	-7.004215E-12	-7.004215E-12	-7.004215E-12	-7.004215E-12	-7.004215E-12	-7.004215E-12	-7.004215E-12	-7.004215E-12	-7.004215E-12	-7.004215E-12	-7.004215E-12	-7.004215E-12	-7.004215E-12	-7.004215E-12
70.85	-7.004394E-12	-7.004394E-12	-7.004394E-12	-7.004394E-12	-7.004394E-12	-7.004394E-12	-7.004394E-12	-7.004394E-12	-7.004394E-12	-7.004394E-12	-7.004394E-12	-7.004394E-12	-7.004394E-12	-7.004394E-12	-7.004394E-12	-7.004394E-12	-7.004394E-12	-7.004394E-12	-7.004394E-12	-7.004394E-12
71.5	-7.004573E-12	-7.004573E-12	-7.004573E-12	-7.004573E-12	-7.004573E-12	-7.004573E-12	-7.004573E-12	-7.004573E-12	-7.004573E-12	-7.004573E-12	-7.004573E-12	-7.004573E-12	-7.004573E-12	-7.004573E-12	-7.004573E-12	-7.004573E-12	-7.004573E-12	-7.004573E-12	-7.004573E-12	-7.004573E-12
72.15	-7.004751E-12	-7.004751E-12	-7.004751E-12	-7.004751E-12	-7.004751E-12	-7.004751E-12	-7.004751E-12	-7.004751E-12	-7.004751E-12	-7.004751E-12	-7.004751E-12	-7.004751E-12	-7.004751E-12	-7.004751E-12	-7.004751E-12	-7.004751E-12	-7.004751E-12	-7.004751E-12	-7.004751E-12	-7.004751E-12
72.8	-7.004928E-12	-7.004928E-12	-7.004928E-12	-7.004928E-12	-7.004928E-12	-7.004928E-12	-7.004928E-12	-7.004928E-12	-7.004928E-12	-7.004928E-12	-7.004928E-12	-7.004928E-12	-7.004928E-12	-7.004928E-12	-7.004928E-12	-7.004928E-12	-7.004928E-12	-7.004928E-12	-7.004928E-12	-7.004928E-12
73.45	-7.005104E-12	-7.005104E-12	-7.005104E-12	-7.005104E-12	-7.005104E-12	-7.005104E-12	-7.005104E-12	-7.005104E-12	-7.005104E-12	-7.005104E-12	-7.005104E-12	-7.005104E-12	-7.005104E-12	-7.005104E-12	-7.005104E-12	-7.005104E-12	-7.005104E-12	-7.005104E-12	-7.005104E-12	-7.005104E-12
74.1	-7.005279E-12	-7.005279E-12	-7.005279E-12	-7.005279E-12	-7.005279E-12	-7.005279E-12	-7.005279E-12	-7.005279E-12	-7.005279E-12	-7.005279E-12	-7.005279E-12	-7.005279E-12	-7.005279E-12	-7.005279E-12	-7.005279E-12	-7.005279E-12	-7.005279E-12	-7.005279E-12	-7.005279E-12	-7.005279E-12
74.75	-7.005453E-12	-7.005453E-12	-7.005453E-12	-7.005453E-12	-7.005453E-12	-7.005453E-12	-7.005453E-12	-7.005453E-12	-7.005453E-12	-7.005453E-12	-7.005453E-12	-7.005453E-12	-7.005453E-12	-7.005453E-12	-7.005453E-12	-7.005453E-12	-7.005453E-12	-7.005453E-12	-7.005453E-12	-7.005453E-12
75.4	-7.005627E-12	-7.005627E-12	-7.005627E-12	-7.005627E-12	-7.005627E-12	-7.005627E-12	-7.005627E-12	-7.005627E-12	-7.005627E-12	-7.005627E-12	-7.005627E-12	-7.005627E-12	-7.005627E-12	-7.005627E-12	-7.005627E-12	-7.005627E-12	-7.005627E-12	-7.005627E-12	-7.005627E-12	-7.005627E-12
76.05	-7.005799E-12	-7.005799E-12	-7.005799E-12	-7.005799E-12	-7.005799E-12	-7.005799E-12	-7.005799E-12	-7.005799E-12	-7.005799E-12	-7.005799E-12	-7.005799E-12	-7.005799E-12	-7.005799E-12	-7.005799E-12	-7.005799E-12	-7.005799E-12	-7.005799E-12	-7.005799E-12	-7.005799E-12	-7.005799E-12
76.7	-7.00597E-12	-7.00597E-12	-7.00597E-12	-7.00597E-12	-7.00597E-12	-7.00597E-12	-7.00597E-12	-7.00597E-12	-7.00597E-12	-7.00597E-12	-7.00597E-12	-7.00597E-12	-7.00597E-12	-7.00597E-12	-7.00597E-12	-7.00597E-12	-7.00597E-12	-7.00597E-12	-7.00597E-12	-7.00597E-12
77.35	-7.006141E-12	-7.006141E-12	-7.006141E-12	-7.006141E-12	-7.006141E-12	-7.006141E-12	-7.006141E-12	-7.006141E-12	-7.006141E-12	-7.006141E-12	-7.006141E-12	-7.006141E-12	-7.006141E-12	-7.006141E-12	-7.006141E-12	-7.006141E-12	-7.006141E-12	-7.006141E-12	-7.006141E-12	-7.006141E-12
78	-7.00631E-12	-7.00631E-12	-7.00631E-12	-7.00631E-12	-7.00631E-12	-7.00631E-12	-7.00631E-12	-7.00631E-12	-7.00631E-12	-7.00631E-12	-7.00631E-12	-7.00631E-12	-7.00631E-12	-7.00631E-12	-7.00631E-12	-7.00631E-12	-7.00631E-12	-7.00631E-12	-7.00631E-12	-7.00631E-12
78.65	-7.00648E-12	-7.00648E-12	-7.00648E-12	-7.00648E-12	-7.00648E-12	-7.00648E-12	-7.00648E-12	-7.00648E-12	-7.00648E-12	-7.00648E-12	-7.00648E-12	-7.00648E-12	-7.00648E-12	-7.00648E-12	-7.00648E-12	-7.00648E-12	-7.00648E-12	-7.00648E-12	-7.00648E-12	-7.00648E-12
79.3	-7.006647E-12	-7.006647E-12	-7.006647E-12	-7.006647E-12	-7.006647E-12	-7.006647E-12	-7.006647E-12	-7.006647E-12	-7.006647E-12	-7.006647E-12	-7.006647E-12	-7.006647E-12	-7.006647E-12	-7.006647E-12	-7.006647E-12	-7.006647E-12	-7.006647E-12	-7.006647E-12	-7.006647E-12	-7.006647E-12
79.95	-7.006814E-12	-7.006814E-12	-7.006814E-12	-7.006814E-12	-7.006814E-12	-7.006814E-12	-7.006814E-12	-7.006814E-12	-7.006814E-12	-7.006814E-12	-7.006814E-12	-7.006814E-12	-7.006814E-12	-7.006814E-12	-7.006814E-12	-7.006814E-12	-7.006814E-12	-7.006814E-12	-7.006814E-12	-7.006814E-12
80.6	-7.006981E-12	-7.006981E-12	-7.006981E-12	-7.006981E-12	-7.006981E-12	-7.006981E-12	-7.006981E-12	-7.006981E-12	-7.006981E-12	-7.006981E-12	-7.006981E-12	-7.006981E-12	-7.006981E-12	-7.006981E-12	-7.006981E-12	-7.006981E-12	-7.006981E-12	-7.006981E-12	-7.006981E-12	-7.006981E-12
81.25	-7.007146E-12	-7.007146E-12	-7.007146E-12	-7.007146E-12	-7.007146E-12	-7.007146E-12	-7.007146E-12	-7.007146E-12	-7.007146E-12	-7.007146E-12	-7.007146E-12	-7.007146E-12	-7.007146E-12	-7.007146E-12	-7.007146E-12	-7.007146E-12	-7.007146E-12	-7.007146E-12	-7.007146E-12	-7.007146E-12
81.9	-7.007311E-12	-7.007311E-12	-7.007311E-12	-7.007311E-12	-7.007311E-12	-7.007311E-12	-7.007311E-12	-7.007311E-12	-7.007311E-12	-7.007311E-12	-7.007311E-12	-7.007311E-12	-7.007311E-12	-7.007311E-12	-7.007311E-12	-7.007311E-12	-7.007311E-12	-7.007311E-12	-7.007311E-12	-7.007311E-12
82.55	-7.007474E-12	-7.007474E-12	-7.007474E-12	-7.007474E-12	-7.007474E-12	-7.007474E-12	-7.007474E-12	-7.007474E-12	-7.007474E-12	-7.007474E-12	-7.007474E-12	-7.007474E-12	-7.007474E-12	-7.007474E-12	-7.007474E-12	-7.007474E-12	-7.007474E-12	-7.007474E-12	-7.007474E-12	-7.007474E-12
83.2	-7.007637E-12	-7.007637E-12	-7.007637E-12	-7.007637E-12	-7.007637E-12	-7.007637E-12	-7.007637E-12	-7.007637E-12	-7.007637E-12	-7.007637E-12	-7.007637E-12	-7.007637E-12	-7.007637E-12	-7.007637E-12	-7.007637E-12	-7.007637E-12	-7.007637E-12	-7.007637E-12	-7.007637E-12	-7.007637E-12
83.85	-7.007799E-12	-7.007799E-12	-7.007799E-12	-7.007799E-12	-7.007799E-12	-7.007799E-12	-7.007799E-12	-7.007799E-12	-7.007799E-12	-7.007799E-12	-7.007799E-12	-7.007799E-12	-7.007799E-12	-7.007799E-12	-7.007799E-12	-7.007799E-12	-7.007799E-12	-7.007799E-12	-7.007799E-12	-7.007799E-12
84.5	-7.00796E-12	-7.00796E-12	-7.00796E-12	-7.00796E-12	-7.00796E-12	-7.00796E-12	-7.00796E-12	-7.00796E-12	-7.00796E-12	-7.00796E-12	-7.00796E-12	-7.00796E-12	-7.00796E-12	-7.00796E-12	-7.00796E-12	-7.00796E-12	-7.00796E-12	-7.00796E-12	-7.00796E-12	-7.00796E-12
85.15	-7.008121E-12	-7.008121E-12	-7.008121E-12	-7.008121E-12	-7.008121E-12	-7.008121E-12	-7.008121E-12	-7.008121E-12	-7.008121E-12	-7.008121E-12	-7.008121E-12	-7.008121E-12	-7.008121E-12	-7.008121E-12	-7.008121E-12	-7.008121E-12	-7.008121E-12	-7.008121E-12	-7.008121E-12	-7.008121E-12
85.8	-7.00828E-12	-7.00828E-12	-7.00828E-12	-7.00828E-12	-7.00828E-12	-7.00828E-12	-7.00828E-12	-7.00828E-12	-7.00828E-12	-7.00828E-12	-7.00828E-12	-7.00828E-12	-7.00828E-12	-7.00828E-12	-7.00828E-12	-7.00828E-12	-7.00828E-12	-7.00828E-12	-7.00828E-12	-7.00828E-12
86.45	-7.008439E-12	-7.008439E-12	-7.008439E-12	-7.008439E-12	-7.008439E-12	-7.008439E-12	-7.008439E-12	-7.008439E-12	-7.008439E-12	-7.008439E-12	-7.008439E-12	-7.008439E-12	-7.008439E-12	-7.008439E-12	-7.008439E-12	-7.008439E-12	-7.008439E-12	-7.008439E-12	-7.008439E-12	-7.008439E-12
87.1	-7.008596E-12	-7.008596E-12	-7.008596E-12	-7.008596E-12	-7.008596E-12	-7.008596E-12	-7.008596E-12	-7.008596E-12	-7.008596E-12	-7.008596E-12	-7.008596E-12	-7.008596E-12	-7.008596E-12	-7.008596E-12	-7.008596E-12	-7.008596E-12	-7.008596E-12	-7.008596E-12	-7.008596E-12	-7.008596E-12
87.75	-7.008753E-12	-7.008753E-12	-7.008753E-12	-7.008753E-12	-7.008753E-12	-7.008753E-12	-7.008753E-12	-7.008753E-12	-7.008753E-12	-7.008753E-12	-7.008753E-12	-7.008753E-12	-7.008753E-12	-7.008753E-12	-7.008753E-12	-7.008753E-12	-7.008753E-12	-7.008753E-12	-7.008753E-12	-7.008753E-12
88.4	-7.00891E-12	-7.00891E-12	-7.00891E-12	-7.00891E-12	-7.00891E-12	-7.00891E-12	-7.00891E-12	-7.00891E-12	-7.00891E-12	-7.00891E-12	-7.00891E-12	-7.00891E-12	-7.00891E-12	-7.00891E-12	-7.00891E-12	-7.00891E-12	-7.00891E-12	-7.00891E-12	-7.00891E-12	-7.00891E-12
89.05	-7.009065E-12	-7.009065E-12	-7.009065E-12	-7.009065E-12	-7.009065E-12	-7.009065E-12	-7.009065E-12	-7.009065E-12	-7.009065E-12	-7.009065E-12	-7.009065E-12	-7.009065E-12	-7.009065E-12	-7.009065E-12	-7.009065E-12	-7.009065E-12	-7.009065E-12	-7.009065E-12	-7.009065E-12	-7.009065E-12
89.7	-7.00922E-12	-7.00922E-12	-7.00922E-12	-7.00922E-12	-7.00922E-12	-7.00922E-12	-7.00922E-12	-7.00922E-12	-7.00922E-12	-7.00922E-12	-7.00922E-12	-7.00922E-12	-7.00922E-12	-7.00922E-12	-7.00922E-12	-7.00922E-12	-7.00922E-12	-7.00922E-12	-7.00922E-12	-7.00922E-12
90.35	-7.009374E-12	-7.009374E-12	-7.009374E-12	-7.009374E-12	-7.009374E-12	-7.009374E-12	-7.009374E-12	-7.009374E-12	-7.009374E-12	-7.009374E-12	-7.009374E-12	-7.009374E-12	-7.009374E-12	-7.009374E-12	-7.009374E-12	-7.009374E-12	-7.009374E-12	-7.009374E-12	-7.009374E-12	-7.009374E-12
91	-7.009527E-12	-7.009527E-12	-7.009527E-12	-7.009527E-12	-7.009527E-12	-7.009527E-12	-7.009527E-12	-7.009527E-12	-7.009527E-12	-7.009527E-12	-7.009527E-12	-7.009527E-12	-7.009527E-12	-7.009527E-12	-7.009527E-12	-7.009527E-12	-7.009527E-12	-7.009527E-12	-7.009527E-12	-7.009527E-12
91.65	-7.009679E-12	-7.009679E-12	-7.009679E-12	-7.009679E-12	-7.009679E-12	-7.009679E-12	-7.009679E-12	-7.009679E-12	-7.009679E-12	-7.009679E-12	-7.009679E-12	-7.009679E-12	-7.009679E-12	-7.009679E-12	-7.009679E-12	-7.009679E-12	-7.009679E-12	-7.009679E-12	-7.009679E-12	-7.009679E-12
92.3	-7.00983E-12	-7.00983E-12	-7.00983E-12	-7.00983E-12	-7.00983E-12	-7.00983E-12	-7.00983E-12	-7.00983E-12	-7.00983E-12	-7.00983E-12	-7.00983E-12	-7.00983E-12	-7.00983E-12	-7.00983E-12	-7.00983E-12	-7.00983E-12	-7.00983E-12	-7.00983E-12	-7.00983E-12	-7.00983E-12
92.95	-7.009981E-12	-7.009981E-12	-7.009981E-12	-7.009981E-12	-7.009981E-12	-7.009981E-12	-7.009981E-12	-7.009981E-12	-7.009981E-12	-7.009981E-12	-7.009981E-12	-7.009981E-12	-7.009981E-12	-7.009981E-12	-7.009981E-12	-7.009981E-12	-7.009981E-12	-7.009981E-12	-7.009981E-12	-7.009981E-12
93.6	-7.010131E-12	-7.010131E-12	-7.010131E-12	-7.010131E-12	-7.010131E-12	-7.010131E-12	-7.010131E-12	-7.010131E-12	-7.010131E-12	-7.010131E-12	-7.010131E-12	-7.010131E-12	-7.010131E-12	-7.010131E-12	-7.010131E-12	-7.010131E-12	-7.010131E-12	-7.010131E-12	-7.010131E-12	-7.010131E-12
94.25	-7.01028E-12	-7.01028E-12	-7.01028E-12	-7.01028E-12	-7.01028E-12	-7.01028E-12	-7.01028E-12	-7.01028E-12	-7.01028E-12	-7.01028E-12	-7.01028E-12	-7.01028E-12	-7.01028E-12	-7.01028E-12	-7.01028E-12	-7.01028E-12	-7.01028E-12	-7.01028E-12	-7.01028E-12	-7.01028E-12
94.9	-7.010428E-12	-7.010428E-12	-7.010428E-12	-7.010428E-12	-7.010428E-12	-7.010428E-12	-7.010428E-12	-7.010428E-12	-7.010428E-12	-7.010428E-12	-7.010428E-12	-7.010428E-12	-7.010428E-12	-7.010428E-12	-7.010428E-12	-7.010428E-12	-7.010428E-12	-7.010428E-12	-7.010428E-12	-7.010428E-12
95.55	-7.010576E-12	-7.010576E-12	-7.010576E-12	-7.010576E-12	-7.010576E-12	-7.010576E-12	-7.010576E-12	-7.010576E-12	-7.010576E-12	-7.010576E-12	-7.010576E-12	-7.010576E-12	-7.010576E-12	-7.010576E-12	-7.010576E-12	-7.010576E-12	-7.010576E-12	-7.010576E-12	-7.010576E-12	-7.010576E-12
96.2	-7.010722E-12	-7.010722E-12	-7.010722E-12	-7.010722E-12	-7.010722E-12	-7.010722E-12	-7.010722E-12	-7.010722E-12	-7.010722E-12	-7.010722E-12	-7.010722E-12	-7.010722E-12	-7.010722E-12	-7.010722E-12	-7.010722E-12	-7.010722E-12	-7.010722E-12	-7.010722E-12	-7.010722E-12	-7.010722E-12
96.85	-7.010868E-12	-7.010868E-12	-7.010868E-12	-7.010868E-12	-7.010868E-12	-7.010868E-12	-7.010868E-12	-7.010868E-12	-7.010868E-12	-7.010868E-12	-7.010868E-12	-7.010868E-12	-7.010868E-12	-7.010868E-12	-7.010868E-12	-7.010868E-12	-7.010868E-12	-7.010868E-12	-7.010868E-12	-7.010868E-12
97.5	-7.011014E-12	-7.011014E-12	-7.011014E-12	-7.011014E-12	-7.011014E-12	-7.011014E-12	-7.011014E-12	-7.011014E-12	-7.011014E-12	-7.011014E-12	-7.011014E-12	-7.011014E-12	-7.011014E-12	-7.011014E-12	-7.011014E-12	-7.011014E-12	-7.011014E-12	-7.011014E-12	-7.011014E-12	-7.011014E-12
98.15	-7.011158E-12	-7.011158E-12	-7.011158E-12	-7.011158E-12	-7.011158E-12	-7.011158E-12	-7.011158E-12	-7.011158E-12	-7.011158E-12	-7.011158E-12	-7.011158E-12	-7.011158E-12	-7.011158E-12	-7.011158E-12	-7.011158E-12	-7.011158E-12	-7.011158E-12	-7.011158E-12	-7.011158E-12	-7.011158E-12
98.8	-7.011302E-12	-7.011302E-12	-7.011302E-12	-7.011302E-12	-7.011302E-12	-7.011302E-12	-7.011302E-12	-7.011302E-12	-7.011302E-12	-7.011302E-12	-7.011302E-12	-7.011302E-12	-7.011302E-12	-7.011302E-12	-7.011302E-12	-7.011302E-12	-7.011302E-12	-7.011302E-12	-7.011302E-12	-7.011302E-12
99.45	-7.011445E-12	-7.011445E-12	-7.011445E-12	-7.011445E-12	-7.011445E-12	-7.011445E-12	-7.011445E-12	-7.011445E-12	-7.011445E-12	-7.011445E-12	-7.011445E-12	-7.011445E-12	-7.011445E-12	-7.011445E-12	-7.011445E-12	-7.011445E-12	-7.011445E-12	-7.011445E-12	-7.011445E-12	-7.011445E-12
100.1	1.187491E-10	1.875239E-10	2.619871E-10	3.474695E-10	4.682157E-10	7.480402E-10	1.850805E-09	7.401667E-09	3.721707E-08	1.995006E-07	1.080866E-06	5.817738E-06	3.084925E-05	0.0001598947	0.0008024406	0.003852013	0.01741116	0.07265526	0.2734424	0.9052452
100.75	2.659881E-10	3.000566E-09	3.924863E-08	3.849022E-07	3.01385E-06	2.039907E-05	0.0001254488	0.0007196743	0.003892502	0.01984612	0.09459814	0.415264	1.644428	5.732279	17.16541	43.3658	92.0281	166.2853	263.0924	376.5649
101.4	9.117599E-10	2.920625E-08	6.363675E-07	8.621109E-06	8.197594E-05	0.0006133508	0.003902348	0.02205008	0.1126986	0.5214153	2.158725	7.841826	24.42534	63.95922	139.6448	256.6249	407.5113	578.6855	758.3853	938.7982
102.05	2.084151E-09	9.641781E-08	2.820484E-06	4.864188E-05	0.0005425755	0.004416015	0.02883092	0.1598452	0.7719638	3.257028	11.86689	36.65022	94.33121	201.1162	359.3682	553.8375	763.4052	972.5449	1172.823	1360.376
102.7	3.647802E-09	2.041159E-07	7.301763E-06	0.000152388	0.001948881	0.01708532	0.1139784	0.6193004	2.830716	10.95373	35.56248	95.56987	211.1508	387.0347	604.731	836.3457	1061.6	1271.019	1461.812	1634.744
103.35	5.486221E-09	3.448373E-07	1.424534E-05	0.0003465055	0.004988441	0.04673537	0.3175706	1.690098	7.325583	26.14315	76.48778	182.3844	356.1862	582.7209	828.7816	1066.78	1284.023	1477.872	1650.336	1805.358
104	7.51511E-09	5.107139E-07	2.346462E-05	0.0006463479	0.01031567	0.1025866	0.708159	3.690283	15.19782	50.28235	133.9154	288.0216	508.6575	762.7267	1013.406	1240.831	1440.55	1615.201	1769.818	1909.709
104.65	9.674879E-09	6.952303E-07	3.462585E-05	0.001056209	0.01844733	0.1935848	1.354433	6.90985	27.09088	83.50152	204.269	401.8159	653.3577	915.5872	1156.729	1366.563	1547.116	1704.32	1844.532	1973.131
105.3	1.192354E-08	8.933667E-07	4.736958E-05	0.001572166	0.02971922	0.3273769	2.316841	11.57056	43.26717	124.8074	282.7133	514.6824	781.7328	1038.897	1263.836	1454.851	1618.213	1761.422	1890.952	2011.583
105.95	1.423154E-08	1.101354E-06	6.13667E-05	0.002185253	0.04428747	0.5097335	3.642226	17.80602	63.6221	172.4799	364.4118	620.254	890.4202	1134.941	1341.828	1515.673	1665.036	1797.741	1919.701	2034.873
106.6	1.657807E-08	1.316385E-06	7.633772E-05	0.002884026	0.06215455	0.7443591	5.361413	25.65899	87.75579	224.4757	445.261	714.8283	979.3785	1207.892	1397.573	1557.015	1695.61	1820.742	1937.477	2048.973
107.25	1.894849E-08	1.536384E-06	9.205479E-05	0.003656345	0.08320489	1.032977	7.489142	35.09064	115.0671	278.7466	522.185	796.8196	1050.37	1262.276	1436.869	1584.844	1715.458	1835.271	1948.459	2057.507
107.9	2.13325E-08	1.759809E-06	0.0001083363	0.004490474	0.1072407	1.375576	10.02556	45.99623	144.846	333.4491	593.1451	866.1136	1105.932	1302.239	1464.277	1603.442	1728.293	1844.432	1955.24	2062.671
108.55	2.372288E-08	1.985524E-06	0.0001250396	0.005375682	0.1340134	1.770737	12.95857	58.22309	176.3509	387.0549	657.0009	923.5038	1148.757	1331.273	1483.233	1615.803	1736.568	1850.203	1959.424	2065.795
109.2	2.611453E-08	2.212686E-06	0.0001420535	0.006302509	0.1632487	2.215972	16.26657	71.58806	208.8667	438.3893	713.3154	970.2643	1181.36	1352.174	1496.256	1623.982	1741.891	1853.833	1962.005	2067.683
109.85	2.850389E-08	2.440675E-06	0.0001592919	0.007262822	0.194666	2.708044	19.92105	85.89265	241.7435	486.6191	762.1584	1007.856	1205.932	1367.106	1505.153	1629.376	1745.309	1856.115	1963.594	2068.824
110.5	3.088846E-08	2.669031E-06	0.0001766884	0.008249763	0.2279908	3.243238	23.88905	100.9354	274.4186	531.2142	803.9351	1037.74	1224.295	1377.704	1511.201	1632.921	1747.5	1857.547	1964.573	2069.511
111.15	3.32665E-08	2.897415E-06	0.0001941916	0.009257623	0.2629642	3.817598	28.13522	116.521	306.4256	571.8962	839.2494	1061.274	1237.919	1385.183	1515.295	1635.244	1748.9	1858.444	1965.173	2069.925
111.8	3.563678E-08	3.125579E-06	0.0002117621	0.0102817	0.2993477	4.427097	32.62344	132.4668	337.3944	608.5848	868.8022	1079.658	1247.964	1390.435	1518.054	1636.761	1749.793	1859.003	1965.54	2070.173
112.45	3.799849E-08	3.353338E-06	0.0002293698	0.01131816	0.3369257	5.06778	37.31808	148.6071	367.0455	641.3475	893.3198	1093.919	1255.329	1394.104	1519.906	1637.747	1750.359	1859.35	1965.763	2070.32
113.1	4.035102E-08	3.580557E-06	0.0002469913	0.01236387	0.3755064	5.735849	42.18499	164.795	395.1799	670.3564	913.5069	1104.913	1260.7	1396.656	1521.142	1638.385	1750.715	1859.564	1965.897	2070.406
113.75	4.2694E-08	3.807137E-06	0.000264609	0.01341634	0.4149212	6.42774	47.19207	180.9033	421.6686	695.8524	930.0182	1113.341	1264.599	1398.42	1521.962	1638.794	1750.938	1859.693	1965.976	2070.456
114.4	4.502715E-08	4.033007E-06	0.000282209	0.01447354	0.4550234	7.140148	52.30969	196.8241	446.4405	718.1158	943.4435	1119.77	1267.415	1399.633	1522.501	1639.053	1751.073	1859.77	1966.021	2070.484
115.05	4.735031E-08	4.258113E-06	0.0002997811	0.01553384	0.4956864	7.870057	57.51088	212.4679	469.472	737.446	954.3017	1124.65	1269.437	1400.46	1522.852	1639.213	1751.154	1859.813	1966.045	2070.497
115.7	4.966336E-08	4.482418E-06	0.0003173173	0.01659596	0.5368018	8.61474	62.77143	227.7621	490.7767	754.1446	963.0411	1128.337	1270.881	1401.018	1523.075	1639.309	1751.198	1859.835	1966.057	2070.503
116.35	5.196625E-08	4.705895E-06	0.0003348114	0.01765887	0.5782771	9.371755	68.06979	242.6495	510.3966	768.5048	970.0437	1131.109	1271.905	1401.389	1523.212	1639.363	1751.22	1859.844	1966.06	2070.504
117	5.425895E-08	4.928525E-06	0.0003522589	0.01872175	0.6200341	10.13893	73.38703	257.0861	528.3945	780.804	975.6309	1133.183	1272.624	1401.631	1523.293	1639.389	1751.228	1859.845	1966.058	2070.501
117.65	5.654145E-08	5.150294E-06	0.0003696564	0.01978395	0.662007	10.91434	78.70662	271.0396	544.848	791.2991	980.0704	1134.725	1273.122	1401.783	1523.335	1639.397	1751.226	1859.84	1966.053	2070.498
118.3	5.881376E-08	5.371194E-06	0.0003870011	0.02084495	0.7041402	11.69631	84.01427	284.4879	559.8441	800.2246	983.5839	1135.864	1273.462	1401.873	1523.351	1639.393	1751.218	1859.832	1966.047	2070.492
118.95	6.107589E-08	5.591219E-06	0.000404291	0.02190436	0.7463877	12.48338	89.29771	297.4171	573.4753	807.7916	986.3527	1136.699	1273.687	1401.92	1523.35	1639.382	1751.206	1859.822	1966.039	2070.486
119.6	6.332788E-08	5.810366E-06	0.0004215249	0.02296185	0.7887106	13.27425	94.54653	309.8205	585.8364	814.1882	988.5253	1137.304	1273.83	1401.937	1523.337	1639.365	1751.191	1859.811	1966.03	2070.48
120.25	6.556976E-08	6.028634E-06	0.0004387014	0.02401717	0.831077	14.06783	99.75194	321.6974	597.022	819.5803	990.2217	1137.736	1273.914	1401.934	1523.317	1639.345	1751.175	1859.798	1966.021	2070.474
120.9	6.780157E-08	6.246022E-06	0.00045582	0.02507012	0.8734602	14.86317	104.9066	333.0515	607.1245	824.1136	991.5391	1138.038	1273.956	1401.917	1523.292	1639.323	1751.158	1859.786	1966.012	2070.467
121.55	7.002333E-08	6.462532E-06	0.00047288	0.02612055	0.9158382	15.65944	110.0044	343.8904	616.2334	827.9147	992.5554	1138.243	1273.968	1401.89	1523.263	1639.3	1751.14	1859.773	1966.003	2070.46
122.2	7.223511E-08	6.678165E-06	0.0004898811	0.02716834	0.9581931	16.45594	115.0403	354.2246	624.4335	831.0937	993.3331	1138.375	1273.958	1401.857	1523.232	1639.276	1751.122	1859.76	1965.993	2070.454
122.85	7.443693E-08	6.892923E-06	0.000506823	0.0282134	1.00051	17.25208	120.0104	364.0672	631.8052	833.745	993.9224	1138.452	1273.933	1401.819	1523.2	1639.25	1751.104	1859.746	1965.984	2070.447
123.5	7.662883E-08	7.106808E-06	0.0005237056	0.02925566	1.042776	18.04735	124.9115	373.4325	638.4236	835.95	994.3629	1138.489	1273.896	1401.777	1523.166	1639.225	1751.085	1859.733	1965.974	2070.44
124.15	7.881087E-08	7.319824E-06	0.0005405289	0.03029505	1.084982	18.84132	129.7411	382.3365	644.3585	837.7782	994.6862	1138.495	1273.853	1401.734	1523.132	1639.2	1751.066	1859.719	1965.964	2070.433
124.8	8.098308E-08	7.531973E-06	0.0005572928	0.03133155	1.127119	19.63361	134.4973	390.7957	649.6744	839.2889	994.9174	1138.479	1273.803	1401.69	1523.097	1639.174	1751.048	1859.706	1965.955	2070.426
125.45	8.314552E-08	7.743259E-06	0.0005739975	0.03236511	1.169181	20.42393	139.1787	398.8272	654.431	840.5324	995.0763	1138.447	1273.75	1401.644	1523.062	1639.148	1751.029	1859.692	1965.945	2070.419
126.1	8.52982E-08	7.953683E-06	0.000590643	0.03339572	1.211162	21.21202	143.7845	406.4485	658.6828	841.5516	995.1784	1138.401	1273.693	1401.597	1523.027	1639.122	1751.01	1859.679	1965.936	2070.413
126.75	8.74412E-08	8.163251E-06	0.0006072294	0.03442336	1.253058	21.99765	148.3141	413.677	662.4796	842.3826	995.2361	1138.347	1273.635	1401.551	1522.991	1639.096	1750.991	1859.665	1965.926	2070.406
127.4	8.957455E-08	8.371964E-06	0.0006237569	0.03544801	1.294865	22.78065	152.7673	420.5298	665.8667	843.0559	995.259	1138.286	1273.575	1401.503	1522.956	1639.07	1750.972	1859.651	1965.916	2070.399
128.05	9.169829E-08	8.579827E-06	0.0006402256	0.03646968	1.336581	23.56087	157.1441	427.0241	668.8855	843.5972	995.2548	1138.219	1273.515	1401.456	1522.921	1639.044	1750.953	1859.638	1965.906	2070.392
128.7	9.381246E-08	8.786843E-06	0.0006566357	0.03748837	1.378203	24.33818	161.4447	433.1765	671.5734	844.0283	995.2293	1138.149	1273.453	1401.408	1522.885	1639.018	1750.934	1859.624	1965.897	2070.385
129.35	9.591712E-08	8.993015E-06	0.0006729874	0.03850406	1.419729	25.11248	165.6695	439.0031	673.9641	844.3672	995.1874	1138.076	1273.392	1401.361	1522.849	1638.992	1750.916	1859.611	1965.887	2070.378
130	9.801229E-08	9.198347E-06	0.0006892809	0.03951676	1.461159	25.88369	169.8192	444.5196	676.0884	844.6293	995.1326	1138.001	1273.329	1401.313	1522.814	1638.966	1750.897	1859.597	1965.877	2070.371
130.65	1.00098E-07	9.402841E-06	0.0007055163	0.04052647	1.502491	26.65174	173.8945	449.7413	677.9738	844.8272	995.0677	1137.925	1273.267	1401.265	1522.778	1638.939	1750.878	1859.584	1965.868	2070.365
131.3	1.021744E-07	9.606502E-06	0.0007216939	0.0415332	1.543723	27.41656	177.896	454.6828	679.6451	844.9718	994.9951	1137.847	1273.204	1401.217	1522.743	1638.913	1750.859	1859.57	1965.858	2070.358
131.95	1.042414E-07	9.809332E-06	0.0007378138	0.04253696	1.584856	28.17813	181.8247	459.358	681.1248	845.072	994.9163	1137.769	1273.141	1401.169	1522.707	1638.887	1750.84	1859.557	1965.849	2070.351
132.6	1.06299E-07	1.001134E-05	0.0007538762	0.04353774	1.625889	28.93641	185.6815	463.7805	682.4329	845.1352	994.8329	1137.69	1273.079	1401.122	1522.671	1638.861	1750.821	1859.543	1965.839	2070.344
133.25	1.083475E-07	1.021252E-05	0.0007698813	0.04453556	1.666821	29.69137	189.4675	467.963	683.5875	845.1677	994.7458	1137.61	1273.016	1401.074	1522.636	1638.835	1750.802	1859.529	1965.829	2070.337
133.9	1.103866E-07	1.041288E-05	0.0007858294	0.04553042	1.707653	30.44299	193.1835	471.9179	684.6047	845.1746	994.6559	1137.53	1272.953	1401.026	1522.6	1638.809	1750.783	1859.516	1965.819	2070.33
134.55	1.124166E-07	1.061242E-05	0.0008017207	0.04652233	1.748384	31.19125	196.8307	475.6569	685.4992	845.1603	994.5639	1137.45	1272.89	1400.978	1522.565	1638.783	1750.764	1859.502	1965.81	2070.323
135.2	1.144375E-07	1.081115E-05	0.0008175552	0.0475113	1.789014	31.93616	200.4101	479.1912	686.284	845.1284	994.4701	1137.37	1272.827	1400.93	1522.529	1638.757	1750.745	1859.489	1965.8	2070.316
135.85	1.164493E-07	1.100907E-05	0.0008333333	0.04849733	1.829543	32.6777	203.9228	482.5314	686.9707	845.0818	994.375	1137.29	1272.764	1400.882	1522.493	1638.731	1750.727	1859.475	1965.79	2070.31
136.5	1.18452E-07	1.120618E-05	0.0008490551	0.04948043	1.869971	33.41586	207.3699	485.6877	687.5698	845.0232	994.2789	1137.209	1272.701	1400.834	1522.458	1638.705	1750.708	1859.462	1965.781	2070.303
137.15	1.204456E-07	1.140249E-05	0.0008647208	0.05046062	1.910299	34.15067	210.7524	488.6696	688.0906	844.9545	994.1819	1137.129	1272.638	1400.787	1522.422	1638.679	1750.689	1859.448	1965.771	2070.296
137.8	1.224303E-07	1.1598E-05	0.0008803307	0.0514379	1.950526	34.8821	214.0715	491.4863	688.5415	844.8775	994.0845	1137.048	1272.575	1400.739	1522.386	1638.652	1750.67	1859.434	1965.761	2070.289
138.45	1.244061E-07	1.179271E-05	0.0008958849	0.05241227	1.990652	35.61018	217.3283	494.1465	688.93	844.7936	993.9865	1136.968	1272.512	1400.691	1522.351	1638.626	1750.651	1859.421	1965.752	2070.282
139.1	1.26373E-07	1.198663E-05	0.0009113837	0.05338375	2.030679	36.3349	220.5238	496.6585	689.2628	844.704	993.8881	1136.887	1272.449	1400.643	1522.315	1638.6	1750.632	1859.407	1965.742	2070.275
139.75	1.28331E-07	1.217975E-05	0.0009268271	0.05435234	2.070604	37.05628	223.659	499.03	689.5458	844.6097	993.7896	1136.806	1272.386	1400.595	1522.28	1638.574	1750.613	1859.394	1965.732	2070.269
140.4	1.302801E-07	1.237209E-05	0.0009422156	0.05531805	2.11043	37.77432	226.7351	501.2686	689.7844	844.5115	993.6907	1136.726	1272.323	1400.547	1522.244	1638.548	1750.594	1859.38	1965.723	2070.261
141.05	1.322205E-07	1.256365E-05	0.000957549	0.0562809	2.150156	38.48904	229.7531	503.3811	689.9834	844.41	993.5917	1136.645	1272.26	1400.499	1522.208	1638.522	1750.575	1859.367	1965.713	2070.255
141.7	1.341522E-07	1.275442E-05	0.0009728278	0.05724089	2.189783	39.20044	232.7139	505.3743	690.147	844.3059	993.4927	1136.564	1272.197	1400.452	1522.173	1638.496	1750.557	1859.353	1965.703	2070.248
142.35	1.360752E-07	1.294442E-05	0.0009880521	0.05819802	2.22931	39.90854	235.6187	507.2545	690.2791	844.1995	993.3935	1136.484	1272.134	1400.404	1522.137	1638.47	1750.538	1859.339	1965.694	2070.241
143	1.379895E-07	1.313364E-05	0.001003222	0.05915231	2.268738	40.61334	238.4684	509.0278	690.3829	844.0914	993.2943	1136.403	1272.071	1400.356	1522.102	1638.444	1750.519	1859.326	1965.684	2070.234
143.65	1.398952E-07	1.332209E-05	0.001018338	0.06010377	2.308067	41.31486	241.2641	510.6997	690.4617	843.9817	993.1949	1136.322	1272.008	1400.308	1522.066	1638.418	1750.5	1859.312	1965.674	2070.227
144.3	1.417923E-07	1.350977E-05	0.0010334	0.06105239	2.347298	42.01312	244.0067	512.2756	690.518	843.8708	993.0956	1136.242	1271.945	1400.26	1522.031	1638.392	1750.481	1859.299	1965.665	2070.22
144.95	1.436808E-07	1.369669E-05	0.001048408	0.0619982	2.38643	42.70812	246.6971	513.7608	690.5544	843.7589	992.9962	1136.161	1271.882	1400.212	1521.995	1638.366	1750.462	1859.285	1965.655	2070.214
145.6	1.455609E-07	1.388284E-05	0.001063363	0.0629412	2.425463	43.39988	249.3363	515.1599	690.5729	843.6461	992.8969	1136.08	1271.819	1400.164	1521.959	1638.339	1750.443	1859.272	1965.645	2070.207
146.25	1.474325E-07	1.406824E-05	0.001078265	0.0638814	2.464399	44.08841	251.9252	516.4775	690.5754	843.5326	992.7975	1136	1271.756	1400.117	1521.924	1638.313	1750.424	1859.258	1965.636	2070.2
146.9	1.492956E-07	1.425288E-05	0.001093113	0.0648188	2.503237	44.77372	254.4648	517.7181	690.5638	843.4185	992.6981	1135.919	1271.693	1400.069	1521.888	1638.287	1750.405	1859.245	1965.626	2070.193
147.55	1.511504E-07	1.443676E-05	0.001107908	0.06575342	2.541977	45.45583	256.9559	518.8857	690.5396	843.304	992.5987	1135.839	1271.63	1400.021	1521.853	1638.261	1750.386	1859.231	1965.616	2070.186
148.2	1.529968E-07	1.46199E-05	0.001122651	0.06668526	2.58062	46.13475	259.3994	519.9841	690.504	843.1891	992.4993	1135.758	1271.567	1399.973	1521.817	1638.235	1750.368	1859.217	1965.607	2070.179
148.85	1.548349E-07	1.480229E-05	0.001137341	0.06761433	2.619166	46.8105	261.7962	521.017	690.4584	843.0739	992.3999	1135.677	1271.504	1399.925	1521.781	1638.209	1750.349	1859.204	1965.597	2070.172
149.5	1.566647E-07	1.498394E-05	0.001151978	0.06854065	2.657616	47.48308	264.1471	521.988	690.4039	842.9584	992.3005	1135.597	1271.441	1399.877	1521.746	1638.183	1750.33	1859.19	1965.587	2070.166
150.15	1.584863E-07	1.516484E-05	0.001166564	0.0694642	2.695968	48.15251	266.453	522.9004	690.3412	842.8428	992.2011	1135.516	1271.378	1399.83	1521.71	1638.157	1750.311	1859.177	1965.578	2070.159
150.8	1.602996E-07	1.534501E-05	0.001181097	0.07038502	2.734225	48.81881	268.7147	523.7572	690.2715	842.7269	992.1017	1135.436	1271.315	1399.782	1521.675	1638.131	1750.292	1859.163	1965.568	2070.152
151.45	1.621048E-07	1.552445E-05	0.001195578	0.07130309	2.772385	49.48199	270.9329	524.5615	690.1954	842.611	992.0024	1135.355	1271.252	1399.734	1521.639	1638.105	1750.273	1859.15	1965.558	2070.145
152.1	1.639019E-07	1.570315E-05	0.001210008	0.07221845	2.810449	50.14206	273.1086	525.3159	690.1136	842.4948	991.903	1135.274	1271.189	1399.686	1521.603	1638.079	1750.254	1859.136	1965.549	2070.138
152.75	1.656909E-07	1.588112E-05	0.001224387	0.07313108	2.848418	50.79903	275.2424	526.0232	690.0269	842.3787	991.8036	1135.194	1271.126	1399.638	1521.568	1638.053	1750.235	1859.123	1965.539	2070.131
153.4	1.674718E-07	1.605837E-05	0.001238714	0.07404099	2.886291	51.45292	277.3351	526.6859	689.9355	842.2624	991.7043	1135.113	1271.063	1399.591	1521.532	1638.027	1750.217	1859.109	1965.529	2070.125
154.05	1.692447E-07	1.62349E-05	0.00125299	0.07494821	2.924069	52.10374	279.3876	527.3064	689.8401	842.1461	991.605	1135.033	1271	1399.543	1521.497	1638	1750.198	1859.095	1965.52	2070.117
154.7	1.710096E-07	1.64107E-05	0.001267215	0.07585273	2.961752	52.7515	281.4004	527.8868	689.7412	842.0297	991.5057	1134.952	1270.937	1399.495	1521.461	1637.974	1750.179	1859.082	1965.51	2070.111
155.35	1.727666E-07	1.658579E-05	0.001281389	0.07675456	2.99934	53.39622	283.3744	528.4294	689.6391	841.9133	991.4064	1134.872	1270.874	1399.447	1521.426	1637.948	1750.16	1859.068	1965.5	2070.104
156	1.745156E-07	1.676017E-05	0.001295513	0.07765371	3.036834	54.03792	285.3102	528.9362	689.5341	841.7969	991.3071	1134.791	1270.812	1399.399	1521.39	1637.922	1750.141	1859.055	1965.491	2070.097
156.65	1.762568E-07	1.693383E-05	0.001309586	0.07855019	3.074234	54.6766	287.2086	529.4091	689.4266	841.6805	991.2078	1134.71	1270.749	1399.351	1521.354	1637.896	1750.122	1859.041	1965.481	2070.09
157.3	1.779902E-07	1.710679E-05	0.00132361	0.07944401	3.111539	55.31227	289.0701	529.8497	689.3168	841.5641	991.1085	1134.63	1270.686	1399.304	1521.319	1637.87	1750.103	1859.028	1965.471	2070.083
157.95	1.797157E-07	1.727904E-05	0.001337583	0.08033516	3.148751	55.94496	290.8956	530.26	689.2051	841.4476	991.0092	1134.549	1270.623	1399.256	1521.283	1637.844	1750.084	1859.014	1965.462	2070.076
158.6	1.814334E-07	1.745059E-05	0.001351506	0.08122367	3.18587	56.57467	292.6856	530.6415	689.0916	841.3312	990.91	1134.469	1270.56	1399.208	1521.248	1637.818	1750.065	1859	1965.452	2070.07
159.25	1.831435E-07	1.762144E-05	0.00136538	0.08210955	3.222894	57.20142	294.4409	530.9958	688.9764	841.2148	990.8107	1134.388	1270.497	1399.16	1521.212	1637.792	1750.047	1858.987	1965.442	2070.063
159.9	1.848458E-07	1.779159E-05	0.001379204	0.08299278	3.259826	57.82521	296.162	531.3242	688.8598	841.0983	990.7115	1134.308	1270.434	1399.112	1521.177	1637.766	1750.028	1858.973	1965.433	2070.056
160.55	1.865404E-07	1.796105E-05	0.001392979	0.0838734	3.296665	58.44607	297.8495	531.6282	688.7419	840.9819	990.6122	1134.227	1270.371	1399.065	1521.141	1637.74	1750.009	1858.96	1965.423	2070.049
161.2	1.882275E-07	1.812982E-05	0.001406705	0.0847514	3.333412	59.064	299.5042	531.9091	688.623	840.8655	990.5131	1134.147	1270.308	1399.017	1521.105	1637.714	1749.99	1858.946	1965.413	2070.042
161.85	1.899069E-07	1.82979E-05	0.001420382	0.08562678	3.370066	59.67902	301.1265	532.1682	688.5031	840.7491	990.4138	1134.066	1270.245	1398.969	1521.07	1637.688	1749.971	1858.933	1965.404	2070.035
162.5	1.915787E-07	1.84653E-05	0.00143401	0.08649957	3.406627	60.29114	302.717	532.4064	688.3822	840.6327	990.3146	1133.986	1270.182	1398.921	1521.034	1637.662	1749.952	1858.919	1965.394	2070.028
163.15	1.932431E-07	1.863201E-05	0.001447589	0.08736976	3.443097	60.90037	304.2765	532.6251	688.2606	840.5163	990.2155	1133.906	1270.12	1398.873	1520.999	1637.635	1749.933	1858.906	1965.384	2070.021
163.8	1.948999E-07	1.879804E-05	0.001461121	0.08823737	3.479475	61.50673	305.8053	532.8251	688.1382	840.3999	990.1163	1133.825	1270.057	1398.826	1520.963	1637.609	1749.914	1858.892	1965.375	2070.015
164.45	1.965493E-07	1.89634E-05	0.001474603	0.08910239	3.515762	62.11022	307.3041	533.0076	688.0153	840.2836	990.0172	1133.745	1269.994	1398.778	1520.927	1637.583	1749.896	1858.878	1965.365	2070.008
165.1	1.981912E-07	1.912808E-05	0.001488038	0.08996485	3.551957	62.71087	308.7735	533.1735	687.8917	840.1672	989.918	1133.664	1269.931	1398.73	1520.892	1637.557	1749.877	1858.865	1965.355	2070.001
165.75	1.998257E-07	1.929209E-05	0.001501425	0.09082475	3.588062	63.30868	310.2139	533.3236	687.7678	840.0509	989.8188	1133.584	1269.868	1398.682	1520.856	1637.531	1749.858	1858.851	1965.346	2069.994
166.4	2.014529E-07	1.945543E-05	0.001514764	0.09168209	3.624075	63.90366	311.6259	533.4588	687.6433	839.9346	989.7197	1133.503	1269.805	1398.635	1520.821	1637.505	1749.839	1858.838	1965.336	2069.987
167.05	2.030728E-07	1.961811E-05	0.001528055	0.09253688	3.659998	64.49583	313.0101	533.5798	687.5185	839.8182	989.6205	1133.423	1269.742	1398.587	1520.785	1637.479	1749.82	1858.824	1965.326	2069.98
167.7	2.046853E-07	1.978012E-05	0.001541299	0.09338913	3.69583	65.08521	314.3668	533.6876	687.3933	839.702	989.5215	1133.342	1269.679	1398.539	1520.75	1637.453	1749.801	1858.811	1965.317	2069.974
168.35	2.062907E-07	1.994147E-05	0.001554496	0.09423885	3.731573	65.67178	315.6967	533.7826	687.2678	839.5857	989.4224	1133.262	1269.616	1398.491	1520.714	1637.427	1749.782	1858.797	1965.307	2069.967
169	2.078887E-07	2.010217E-05	0.001567646	0.09508605	3.767225	66.25559	317.0002	533.8657	687.1421	839.4694	989.3233	1133.182	1269.554	1398.443	1520.679	1637.401	1749.763	1858.784	1965.297	2069.96
169.65	2.094796E-07	2.02622E-05	0.001580749	0.09593072	3.802788	66.83664	318.2778	533.9374	687.0161	839.3532	989.2242	1133.101	1269.491	1398.396	1520.643	1637.375	1749.744	1858.77	1965.287	2069.953
170.3	2.110633E-07	2.042159E-05	0.001593805	0.09677289	3.838261	67.41493	319.5299	533.9984	686.89	839.237	989.1251	1133.021	1269.428	1398.348	1520.607	1637.349	1749.726	1858.756	1965.278	2069.946
170.95	2.126399E-07	2.058033E-05	0.001606814	0.09761255	3.873645	67.99048	320.7571	534.0493	686.7636	839.1208	989.0261	1132.94	1269.365	1398.3	1520.572	1637.323	1749.707	1858.743	1965.268	2069.939
171.6	2.142094E-07	2.073842E-05	0.001619778	0.09844972	3.908939	68.56331	321.9598	534.0905	686.6371	839.0046	988.927	1132.86	1269.302	1398.252	1520.536	1637.297	1749.688	1858.729	1965.259	2069.932
172.25	2.157717E-07	2.089586E-05	0.001632694	0.0992844	3.944145	69.13342	323.1385	534.1227	686.5104	838.8884	988.828	1132.78	1269.239	1398.205	1520.501	1637.271	1749.669	1858.716	1965.249	2069.926
172.9	2.173271E-07	2.105267E-05	0.001645565	0.1001166	3.979263	69.70082	324.2935	534.1462	686.3837	838.7723	988.7289	1132.699	1269.177	1398.157	1520.465	1637.245	1749.65	1858.702	1965.239	2069.919
173.55	2.188755E-07	2.120883E-05	0.00165839	0.1009463	4.014291	70.26553	325.4253	534.1615	686.2568	838.6561	988.6299	1132.619	1269.114	1398.109	1520.43	1637.219	1749.631	1858.689	1965.229	2069.912
174.2	2.204169E-07	2.136436E-05	0.001671169	0.1017736	4.049232	70.82756	326.5344	534.1692	686.1298	838.54	988.5309	1132.538	1269.051	1398.061	1520.394	1637.193	1749.612	1858.675	1965.22	2069.905
174.85	2.219513E-07	2.151925E-05	0.001683903	0.1025984	4.084085	71.38692	327.6211	534.1695	686.0027	838.4239	988.4319	1132.458	1268.988	1398.014	1520.359	1637.167	1749.593	1858.661	1965.21	2069.898
175.5	2.234789E-07	2.167351E-05	0.001696591	0.1034207	4.11885	71.94363	328.6859	534.1629	685.8756	838.3078	988.3329	1132.378	1268.925	1397.966	1520.323	1637.14	1749.575	1858.648	1965.201	2069.891
176.15	2.249995E-07	2.182715E-05	0.001709234	0.1042406	4.153528	72.49769	329.7291	534.1498	685.7485	838.1917	988.234	1132.297	1268.862	1397.918	1520.287	1637.114	1749.556	1858.634	1965.191	2069.885
176.8	2.265133E-07	2.198015E-05	0.001721832	0.1050581	4.188118	73.04912	330.7512	534.1305	685.6212	838.0757	988.135	1132.217	1268.8	1397.87	1520.252	1637.088	1749.537	1858.621	1965.181	2069.877
177.45	2.280203E-07	2.213253E-05	0.001734385	0.1058732	4.222621	73.59792	331.7526	534.1053	685.494	837.9597	988.0361	1132.137	1268.737	1397.823	1520.216	1637.062	1749.518	1858.607	1965.172	2069.871
178.1	2.295205E-07	2.22843E-05	0.001746893	0.1066858	4.257037	74.14411	332.7335	534.0746	685.3666	837.8436	987.9371	1132.056	1268.674	1397.775	1520.181	1637.036	1749.499	1858.594	1965.162	2069.864
178.75	2.31014E-07	2.243544E-05	0.001759357	0.107496	4.291367	74.68771	333.6945	534.0386	685.2393	837.7276	987.8382	1131.976	1268.611	1397.727	1520.145	1637.01	1749.48	1858.58	1965.152	2069.857
179.4	2.325007E-07	2.258596E-05	0.001771776	0.1083038	4.32561	75.22871	334.6358	533.9976	685.112	837.6116	987.7393	1131.896	1268.548	1397.679	1520.11	1636.984	1749.461	1858.567	1965.142	2069.85
180.05	2.339807E-07	2.273588E-05	0.00178415	0.1091092	4.359766	75.76714	335.5579	533.952	684.9846	837.4957	987.6404	1131.815	1268.486	1397.632	1520.074	1636.958	1749.442	1858.553	1965.133	2069.843
180.7	2.354541E-07	2.288518E-05	0.001796481	0.1099122	4.393837	76.303	336.461	533.9019	684.8572	837.3797	987.5414	1131.735	1268.423	1397.584	1520.039	1636.932	1749.424	1858.54	1965.123	2069.836
181.35	2.369208E-07	2.303387E-05	0.001808768	0.1107128	4.427822	76.8363	337.3455	533.8475	684.7299	837.2637	987.4426	1131.655	1268.36	1397.536	1520.003	1636.906	1749.405	1858.526	1965.114	2069.83
182	2.383809E-07	2.318196E-05	0.001821011	0.111511	4.461721	77.36707	338.2118	533.7892	684.6024	837.1478	987.3437	1131.575	1268.297	1397.488	1519.968	1636.88	1749.386	1858.512	1965.104	2069.823
182.65	2.398345E-07	2.332944E-05	0.00183321	0.1123069	4.495535	77.89529	339.0602	533.7272	684.475	837.0319	987.2448	1131.494	1268.234	1397.441	1519.932	1636.854	1749.367	1858.499	1965.094	2069.816
183.3	2.412815E-07	2.347632E-05	0.001845366	0.1131004	4.529264	78.42101	339.891	533.6615	684.3477	836.916	987.146	1131.414	1268.172	1397.393	1519.897	1636.828	1749.348	1858.485	1965.084	2069.809
183.95	2.427219E-07	2.36226E-05	0.001857478	0.1138915	4.562908	78.94421	340.7046	533.5925	684.2203	836.8002	987.0471	1131.334	1268.109	1397.345	1519.861	1636.802	1749.329	1858.472	1965.075	2069.802
184.6	2.44156E-07	2.376829E-05	0.001869547	0.1146803	4.596467	79.4649	341.5012	533.5203	684.0929	836.6843	986.9483	1131.253	1268.046	1397.297	1519.826	1636.776	1749.31	1858.458	1965.065	2069.795
185.25	2.455835E-07	2.391338E-05	0.001881573	0.1154668	4.629941	79.98312	342.2812	533.445	683.9655	836.5685	986.8495	1131.173	1267.983	1397.25	1519.79	1636.75	1749.292	1858.445	1965.056	2069.788
185.9	2.470046E-07	2.405788E-05	0.001893556	0.1162509	4.663332	80.49885	343.0449	533.3669	683.8381	836.4526	986.7507	1131.093	1267.921	1397.202	1519.754	1636.724	1749.273	1858.431	1965.046	2069.781
186.55	2.484193E-07	2.42018E-05	0.001905497	0.1170326	4.696637	81.01212	343.7925	533.286	683.7108	836.3369	986.6519	1131.013	1267.858	1397.154	1519.719	1636.698	1749.254	1858.418	1965.036	2069.775
187.2	2.498276E-07	2.434512E-05	0.001917395	0.1178121	4.729859	81.52293	344.5244	533.2026	683.5834	836.2211	986.553	1130.932	1267.795	1397.107	1519.683	1636.672	1749.235	1858.404	1965.026	2069.768
187.85	2.512296E-07	2.448786E-05	0.00192925	0.1185892	4.762997	82.03129	345.2408	533.1168	683.4561	836.1053	986.4543	1130.852	1267.732	1397.059	1519.648	1636.646	1749.216	1858.391	1965.017	2069.761
188.5	2.526253E-07	2.463002E-05	0.001941063	0.1193641	4.796052	82.53722	345.9421	533.0287	683.3288	835.9896	986.3555	1130.772	1267.67	1397.011	1519.612	1636.62	1749.197	1858.377	1965.007	2069.754
189.15	2.540147E-07	2.47716E-05	0.001952834	0.1201366	4.829023	83.04073	346.6285	532.9385	683.2015	835.8738	986.2567	1130.692	1267.607	1396.964	1519.577	1636.594	1749.178	1858.363	1964.998	2069.747
189.8	2.553978E-07	2.49126E-05	0.001964563	0.1209068	4.861912	83.54182	347.3003	532.8461	683.0742	835.7581	986.158	1130.612	1267.544	1396.916	1519.541	1636.567	1749.159	1858.35	1964.988	2069.74
190.45	2.567747E-07	2.505303E-05	0.00197625	0.1216747	4.894717	84.0405	347.9577	532.7519	682.947	835.6424	986.0593	1130.531	1267.481	1396.868	1519.506	1636.541	1749.141	1858.336	1964.978	2069.734
191.1	2.581454E-07	2.519288E-05	0.001987896	0.1224404	4.92744	84.5368	348.601	532.6558	682.8197	835.5267	985.9605	1130.451	1267.419	1396.82	1519.47	1636.515	1749.122	1858.323	1964.969	2069.727
191.75	2.5951E-07	2.533217E-05	0.0019995	0.1232038	4.96008	85.03072	349.2306	532.5579	682.6925	835.411	985.8618	1130.371	1267.356	1396.773	1519.435	1636.489	1749.103	1858.309	1964.959	2069.72
192.4	2.608683E-07	2.547088E-05	0.002011063	0.1239649	4.992638	85.52226	349.8465	532.4584	682.5653	835.2953	985.7631	1130.291	1267.293	1396.725	1519.399	1636.463	1749.084	1858.296	1964.949	2069.713
193.05	2.622206E-07	2.560903E-05	0.002022584	0.1247237	5.025113	86.01144	350.4491	532.3574	682.4381	835.1797	985.6644	1130.211	1267.23	1396.677	1519.364	1636.437	1749.065	1858.282	1964.94	2069.706
193.7	2.635668E-07	2.574662E-05	0.002034064	0.1254803	5.057507	86.49828	351.0387	532.2549	682.3109	835.0641	985.5657	1130.13	1267.168	1396.63	1519.328	1636.411	1749.046	1858.269	1964.93	2069.699
194.35	2.649069E-07	2.588365E-05	0.002045503	0.1262347	5.089819	86.98277	351.6154	532.151	682.1838	834.9485	985.467	1130.05	1267.105	1396.582	1519.293	1636.385	1749.027	1858.255	1964.92	2069.692
195	2.66241E-07	2.602012E-05	0.002056902	0.1269868	5.12205	87.46492	352.1794	532.0458	682.0567	834.8329	985.3683	1129.97	1267.042	1396.534	1519.257	1636.359	1749.008	1858.241	1964.911	2069.686
195.65	2.675691E-07	2.615603E-05	0.00206826	0.1277366	5.154199	87.94476	352.7312	531.9394	681.9296	834.7173	985.2697	1129.89	1266.979	1396.486	1519.222	1636.333	1748.99	1858.228	1964.901	2069.679
196.3	2.688912E-07	2.629139E-05	0.002079577	0.1284843	5.186267	88.42229	353.2707	531.8317	681.8025	834.6018	985.171	1129.81	1266.917	1396.439	1519.186	1636.307	1748.971	1858.214	1964.891	2069.672
196.95	2.702073E-07	2.642619E-05	0.002090854	0.1292297	5.218255	88.89752	353.7984	531.723	681.6755	834.4863	985.0724	1129.73	1266.854	1396.391	1519.151	1636.281	1748.952	1858.201	1964.882	2069.665
197.6	2.715175E-07	2.656045E-05	0.002102091	0.1299729	5.250161	89.37046	354.3143	531.6132	681.5484	834.3707	984.9738	1129.649	1266.791	1396.343	1519.115	1636.255	1748.933	1858.187	1964.872	2069.658
198.25	2.728218E-07	2.669416E-05	0.002113288	0.1307139	5.281987	89.84112	354.8187	531.5024	681.4214	834.2552	984.8752	1129.569	1266.729	1396.296	1519.08	1636.229	1748.914	1858.174	1964.862	2069.651
198.9	2.741203E-07	2.682732E-05	0.002124444	0.1314527	5.313733	90.3095	355.3119	531.3907	681.2944	834.1398	984.7766	1129.489	1266.666	1396.248	1519.044	1636.203	1748.895	1858.16	1964.853	2069.645
199.55	2.754128E-07	2.695994E-05	0.002135561	0.1321893	5.345399	90.77563	355.794	531.2782	681.1675	834.0243	984.678	1129.409	1266.603	1396.2	1519.009	1636.177	1748.876	1858.147	1964.843	2069.638
200.2	2.766996E-07	2.709202E-05	0.002146639	0.1329237	5.376985	91.23951	356.2652	531.1647	681.0405	833.9088	984.5794	1129.329	1266.541	1396.153	1518.973	1636.151	1748.858	1858.133	1964.833	2069.631
200.85	2.779806E-07	2.722356E-05	0.002157676	0.1336559	5.408491	91.70115	356.7257	531.0505	680.9136	833.7934	984.4808	1129.249	1266.478	1396.105	1518.938	1636.125	1748.839	1858.12	1964.824	2069.624
201.5	2.792558E-07	2.735457E-05	0.002168675	0.134386	5.439918	92.16055	357.1758	530.9355	680.7867	833.678	984.3823	1129.169	1266.415	1396.057	1518.902	1636.099	1748.82	1858.106	1964.814	2069.617
202.15	2.805252E-07	2.748504E-05	0.002179634	0.1351138	5.471265	92.61774	357.6155	530.8199	680.6599	833.5626	984.2837	1129.089	1266.353	1396.01	1518.867	1636.073	1748.801	1858.092	1964.804	2069.61
202.8	2.81789E-07	2.761498E-05	0.002190554	0.1358395	5.502533	93.07272	358.0452	530.7036	680.533	833.4472	984.1852	1129.009	1266.29	1395.962	1518.831	1636.047	1748.782	1858.079	1964.795	2069.603
203.45	2.83047E-07	2.774439E-05	0.002201435	0.1365631	5.533722	93.52549	358.4649	530.5866	680.4062	833.3318	984.0866	1128.928	1266.227	1395.914	1518.796	1636.021	1748.763	1858.065	1964.785	2069.596
204.1	2.842994E-07	2.787327E-05	0.002212278	0.1372845	5.564833	93.97607	358.8749	530.4691	680.2794	833.2165	983.9881	1128.848	1266.165	1395.867	1518.76	1635.995	1748.744	1858.052	1964.775	2069.59
204.75	2.855462E-07	2.800163E-05	0.002223081	0.1380038	5.595865	94.42446	359.2754	530.351	680.1526	833.1011	983.8896	1128.768	1266.102	1395.819	1518.724	1635.969	1748.725	1858.038	1964.766	2069.583
205.4	2.867873E-07	2.812946E-05	0.002233847	0.1387209	5.626818	94.87069	359.6665	530.2323	680.0259	832.9858	983.7911	1128.688	1266.039	1395.771	1518.689	1635.943	1748.707	1858.025	1964.756	2069.576
206.05	2.880228E-07	2.825677E-05	0.002244573	0.1394359	5.657694	95.31475	360.0483	530.1132	679.8992	832.8705	983.6926	1128.608	1265.977	1395.724	1518.654	1635.917	1748.688	1858.011	1964.746	2069.569
206.7	2.892528E-07	2.838357E-05	0.002255262	0.1401487	5.688491	95.75666	360.4212	529.9935	679.7725	832.7552	983.5941	1128.528	1265.914	1395.676	1518.618	1635.891	1748.669	1857.998	1964.737	2069.562
207.35	2.904772E-07	2.850984E-05	0.002265912	0.1408595	5.719211	96.19642	360.7851	529.8735	679.6458	832.64	983.4957	1128.448	1265.851	1395.628	1518.583	1635.865	1748.65	1857.984	1964.727	2069.555
208	2.916962E-07	2.86356E-05	0.002276525	0.1415681	5.749853	96.63405	361.1404	529.753	679.5191	832.5247	983.3972	1128.368	1265.789	1395.581	1518.547	1635.839	1748.631	1857.97	1964.717	2069.549
208.65	2.929096E-07	2.876085E-05	0.002287099	0.1422746	5.780418	97.06955	361.4871	529.6321	679.3925	832.4095	983.2988	1128.288	1265.726	1395.533	1518.512	1635.813	1748.612	1857.957	1964.708	2069.542
209.3	2.941176E-07	2.888559E-05	0.002297636	0.1429791	5.810905	97.50294	361.8254	529.5109	679.2659	832.2943	983.2003	1128.208	1265.663	1395.485	1518.476	1635.786	1748.594	1857.943	1964.698	2069.535
209.95	2.953201E-07	2.900982E-05	0.002308135	0.1436814	5.841316	97.93421	362.1555	529.3893	679.1393	832.1791	983.1019	1128.128	1265.601	1395.438	1518.441	1635.76	1748.575	1857.93	1964.688	2069.528
210.6	2.965172E-07	2.913354E-05	0.002318597	0.1443817	5.87165	98.3634	362.4775	529.2674	679.0128	832.0639	983.0035	1128.048	1265.538	1395.39	1518.405	1635.734	1748.556	1857.916	1964.679	2069.521
211.25	2.977089E-07	2.925676E-05	0.002329021	0.1450798	5.901907	98.79048	362.7915	529.1451	678.8862	831.9487	982.9051	1127.968	1265.475	1395.342	1518.37	1635.708	1748.537	1857.903	1964.669	2069.514
211.9	2.988953E-07	2.937948E-05	0.002339409	0.1457759	5.932087	99.21549	363.0977	529.0226	678.7597	831.8336	982.8067	1127.888	1265.413	1395.295	1518.334	1635.682	1748.518	1857.889	1964.659	2069.507
212.55	3.000763E-07	2.950169E-05	0.002349759	0.1464699	5.962192	99.63844	363.3964	528.8998	678.6332	831.7184	982.7083	1127.808	1265.35	1395.247	1518.299	1635.656	1748.499	1857.876	1964.65	2069.5
213.2	3.01252E-07	2.962341E-05	0.002360072	0.1471619	5.99222	100.0593	363.6874	528.7768	678.5068	831.6033	982.6099	1127.728	1265.287	1395.199	1518.263	1635.63	1748.48	1857.862	1964.64	2069.494
213.85	3.024224E-07	2.974463E-05	0.002370349	0.1478518	6.022173	100.4781	363.9712	528.6535	678.3804	831.4882	982.5116	1127.648	1265.225	1395.152	1518.228	1635.604	1748.461	1857.849	1964.63	2069.487
214.5	3.035875E-07	2.986536E-05	0.002380589	0.1485396	6.05205	100.8949	364.2476	528.53	678.254	831.3732	982.4132	1127.568	1265.162	1395.104	1518.192	1635.578	1748.443	1857.835	1964.621	2069.48
215.15	3.047474E-07	2.998559E-05	0.002390792	0.1492254	6.081851	101.3097	364.517	528.4062	678.1276	831.2581	982.3149	1127.488	1265.1	1395.057	1518.157	1635.552	1748.424	1857.822	1964.611	2069.473
215.8	3.05902E-07	3.010534E-05	0.002400959	0.1499092	6.111577	101.7224	364.7794	528.2823	678.0012	831.143	982.2166	1127.408	1265.037	1395.009	1518.121	1635.526	1748.405	1857.808	1964.601	2069.466
216.45	3.070515E-07	3.02246E-05	0.00241109	0.1505909	6.141228	102.1331	365.0349	528.1581	677.8749	831.028	982.1182	1127.328	1264.974	1394.961	1518.086	1635.5	1748.386	1857.794	1964.592	2069.459
217.1	3.081958E-07	3.034337E-05	0.002421185	0.1512706	6.170804	102.5418	365.2838	528.0338	677.7485	830.913	982.0199	1127.248	1264.912	1394.914	1518.05	1635.474	1748.367	1857.781	1964.582	2069.453
217.75	3.093349E-07	3.046165E-05	0.002431243	0.1519483	6.200305	102.9485	365.526	527.9094	677.6223	830.798	981.9216	1127.168	1264.849	1394.866	1518.015	1635.448	1748.348	1857.767	1964.572	2069.446
218.4	3.104689E-07	3.057946E-05	0.002441266	0.152624	6.229732	103.3532	365.7617	527.7847	677.496	830.683	981.8233	1127.088	1264.787	1394.818	1517.979	1635.422	1748.329	1857.754	1964.563	2069.439
219.05	3.115978E-07	3.069678E-05	0.002451253	0.1532977	6.259084	103.7559	365.9911	527.6599	677.3698	830.568	981.725	1127.008	1264.724	1394.771	1517.944	1635.396	1748.311	1857.74	1964.553	2069.432
219.7	3.127216E-07	3.081363E-05	0.002461204	0.1539693	6.288362	104.1567	366.2143	527.535	677.2435	830.4531	981.6268	1126.928	1264.661	1394.723	1517.908	1635.37	1748.292	1857.727	1964.543	2069.425
220.35	3.138403E-07	3.092999E-05	0.00247112	0.154639	6.317566	104.5554	366.4313	527.41	677.1174	830.3381	981.5285	1126.848	1264.599	1394.676	1517.873	1635.344	1748.273	1857.713	1964.534	2069.418
221	3.149541E-07	3.104589E-05	0.002481001	0.1553067	6.346696	104.9523	366.6423	527.2849	676.9912	830.2232	981.4303	1126.769	1264.536	1394.628	1517.837	1635.318	1748.254	1857.7	1964.524	2069.412
221.65	3.160627E-07	3.116131E-05	0.002490846	0.1559723	6.375752	105.3472	366.8474	527.1595	676.8651	830.1083	981.332	1126.689	1264.474	1394.58	1517.802	1635.292	1748.235	1857.686	1964.514	2069.405
222.3	3.171664E-07	3.127626E-05	0.002500656	0.1566361	6.404735	105.7401	367.0467	527.0342	676.739	829.9934	981.2338	1126.609	1264.411	1394.533	1517.766	1635.266	1748.216	1857.672	1964.505	2069.398
222.95	3.182652E-07	3.139074E-05	0.002510431	0.1572978	6.433645	106.1311	367.2403	526.9087	676.6129	829.8786	981.1356	1126.529	1264.349	1394.485	1517.731	1635.24	1748.198	1857.659	1964.495	2069.391
223.6	3.193589E-07	3.150476E-05	0.002520171	0.1579576	6.462481	106.5202	367.4284	526.7831	676.4868	829.7637	981.0374	1126.449	1264.286	1394.438	1517.696	1635.214	1748.179	1857.645	1964.485	2069.384
224.25	3.204478E-07	3.161831E-05	0.002529877	0.1586154	6.491245	106.9074	367.6109	526.6575	676.3607	829.6489	980.9392	1126.369	1264.224	1394.39	1517.66	1635.188	1748.16	1857.632	1964.476	2069.377
224.9	3.215318E-07	3.17314E-05	0.002539548	0.1592712	6.519936	107.2926	367.7881	526.5318	676.2347	829.5341	980.841	1126.289	1264.161	1394.342	1517.625	1635.162	1748.141	1857.618	1964.466	2069.37
225.55	3.226108E-07	3.184403E-05	0.002549184	0.1599251	6.548554	107.676	367.96	526.406	676.1087	829.4193	980.7429	1126.209	1264.098	1394.295	1517.589	1635.136	1748.122	1857.605	1964.456	2069.364
226.2	3.23685E-07	3.19562E-05	0.002558786	0.1605771	6.5771	108.0575	368.1267	526.2802	675.9827	829.3045	980.6447	1126.129	1264.036	1394.247	1517.554	1635.11	1748.103	1857.591	1964.447	2069.357
226.85	3.247544E-07	3.206791E-05	0.002568354	0.1612271	6.605574	108.4371	368.2883	526.1542	675.8568	829.1897	980.5465	1126.05	1263.973	1394.199	1517.518	1635.084	1748.084	1857.578	1964.437	2069.35
227.5	3.258189E-07	3.217916E-05	0.002577888	0.1618752	6.633976	108.8148	368.4449	526.0283	675.7309	829.075	980.4484	1125.97	1263.911	1394.152	1517.483	1635.058	1748.066	1857.564	1964.427	2069.343
228.15	3.268787E-07	3.228997E-05	0.002587388	0.1625213	6.662305	109.1907	368.5966	525.9022	675.605	828.9603	980.3503	1125.89	1263.848	1394.104	1517.447	1635.032	1748.047	1857.551	1964.418	2069.336
228.8	3.279337E-07	3.240032E-05	0.002596854	0.1631656	6.690563	109.5647	368.7436	525.7762	675.4791	828.8455	980.2521	1125.81	1263.786	1394.057	1517.412	1635.006	1748.028	1857.537	1964.408	2069.329
229.45	3.289839E-07	3.251022E-05	0.002606286	0.1638079	6.71875	109.9369	368.8857	525.6501	675.3533	828.7308	980.1541	1125.73	1263.723	1394.009	1517.376	1634.98	1748.009	1857.524	1964.399	2069.323
230.1	3.300295E-07	3.261967E-05	0.002615684	0.1644483	6.746865	110.3072	369.0233	525.5239	675.2274	828.6161	980.0559	1125.65	1263.661	1393.961	1517.341	1634.954	1747.99	1857.51	1964.389	2069.316
230.75	3.310703E-07	3.272868E-05	0.002625049	0.1650869	6.774909	110.6757	369.1563	525.3978	675.1016	828.5015	979.9578	1125.57	1263.598	1393.914	1517.305	1634.928	1747.971	1857.496	1964.379	2069.309
231.4	3.321064E-07	3.283724E-05	0.00263438	0.1657235	6.802882	111.0424	369.2848	525.2715	674.9758	828.3868	979.8597	1125.491	1263.536	1393.866	1517.27	1634.902	1747.953	1857.483	1964.37	2069.302
232.05	3.331378E-07	3.294535E-05	0.002643679	0.1663582	6.830784	111.4072	369.4089	525.1453	674.8501	828.2722	979.7617	1125.411	1263.473	1393.819	1517.234	1634.876	1747.934	1857.469	1964.36	2069.295
232.7	3.341646E-07	3.305303E-05	0.002652944	0.166991	6.858615	111.7702	369.5287	525.019	674.7244	828.1576	979.6636	1125.331	1263.411	1393.771	1517.199	1634.85	1747.915	1857.456	1964.35	2069.288
233.35	3.351868E-07	3.316028E-05	0.002662176	0.167622	6.886377	112.1315	369.6443	524.8928	674.5987	828.043	979.5656	1125.251	1263.348	1393.724	1517.164	1634.824	1747.896	1857.442	1964.341	2069.281
234	3.362044E-07	3.326708E-05	0.002671375	0.168251	6.914068	112.4909	369.7557	524.7664	674.473	827.9284	979.4675	1125.171	1263.286	1393.676	1517.128	1634.798	1747.877	1857.429	1964.331	2069.274
234.65	3.372174E-07	3.337344E-05	0.002680541	0.1688782	6.941688	112.8486	369.8631	524.6401	674.3474	827.8138	979.3695	1125.092	1263.223	1393.628	1517.093	1634.772	1747.858	1857.415	1964.321	2069.268
235.3	3.382258E-07	3.347938E-05	0.002689674	0.1695036	6.969239	113.2045	369.9665	524.5138	674.2217	827.6993	979.2715	1125.012	1263.161	1393.581	1517.057	1634.746	1747.839	1857.402	1964.312	2069.261
235.95	3.392297E-07	3.358488E-05	0.002698775	0.1701271	6.99672	113.5586	370.0659	524.3875	674.0961	827.5847	979.1735	1124.932	1263.098	1393.533	1517.022	1634.72	1747.821	1857.388	1964.302	2069.254
236.6	3.40229E-07	3.368995E-05	0.002707844	0.1707487	7.024131	113.911	370.1615	524.2611	673.9705	827.4702	979.0755	1124.852	1263.036	1393.486	1516.986	1634.694	1747.802	1857.375	1964.292	2069.247
237.25	3.412239E-07	3.379459E-05	0.00271688	0.1713685	7.051473	114.2616	370.2533	524.1347	673.845	827.3557	978.9775	1124.773	1262.973	1393.438	1516.951	1634.668	1747.783	1857.361	1964.283	2069.24
237.9	3.422143E-07	3.389881E-05	0.002725884	0.1719864	7.078746	114.6105	370.3414	524.0084	673.7194	827.2412	978.8795	1124.693	1262.911	1393.391	1516.916	1634.642	1747.764	1857.348	1964.273	2069.233
238.55	3.432002E-07	3.40026E-05	0.002734856	0.1726025	7.105949	114.9576	370.4259	523.882	673.5939	827.1268	978.7816	1124.613	1262.848	1393.343	1516.88	1634.616	1747.745	1857.334	1964.263	2069.227
239.2	3.441817E-07	3.410597E-05	0.002743796	0.1732168	7.133084	115.303	370.5068	523.7556	673.4684	827.0123	978.6836	1124.533	1262.786	1393.295	1516.845	1634.59	1747.726	1857.321	1964.254	2069.22
239.85	3.451588E-07	3.420891E-05	0.002752704	0.1738292	7.16015	115.6467	370.5842	523.6293	673.343	826.8979	978.5857	1124.454	1262.723	1393.248	1516.809	1634.564	1747.708	1857.307	1964.244	2069.213
240.5	3.461314E-07	3.431144E-05	0.00276158	0.1744399	7.187148	115.9886	370.6581	523.5029	673.2175	826.7834	978.4877	1124.374	1262.661	1393.2	1516.774	1634.538	1747.689	1857.293	1964.234	2069.206
241.15	3.470997E-07	3.441355E-05	0.002770425	0.1750487	7.214077	116.3289	370.7286	523.3765	673.0921	826.6691	978.3898	1124.294	1262.598	1393.153	1516.738	1634.512	1747.67	1857.28	1964.225	2069.199
241.8	3.480637E-07	3.451524E-05	0.002779237	0.1756557	7.240937	116.6674	370.7959	523.2502	672.9667	826.5547	978.2919	1124.214	1262.536	1393.105	1516.703	1634.486	1747.651	1857.266	1964.215	2069.192
242.45	3.490232E-07	3.461652E-05	0.002788019	0.1762609	7.26773	117.0043	370.8598	523.1238	672.8414	826.4403	978.194	1124.135	1262.473	1393.058	1516.667	1634.46	1747.632	1857.253	1964.205	2069.186
243.1	3.499785E-07	3.471738E-05	0.002796769	0.1768643	7.294455	117.3394	370.9206	522.9975	672.716	826.326	978.0961	1124.055	1262.411	1393.01	1516.632	1634.434	1747.613	1857.239	1964.196	2069.179
243.75	3.509294E-07	3.481784E-05	0.002805488	0.1774658	7.321112	117.6729	370.9782	522.8712	672.5907	826.2116	977.9982	1123.975	1262.348	1392.963	1516.597	1634.408	1747.594	1857.226	1964.186	2069.172
244.4	3.518761E-07	3.491788E-05	0.002814176	0.1780657	7.347701	118.0048	371.0328	522.7449	672.4655	826.0973	977.9004	1123.896	1262.286	1392.915	1516.561	1634.382	1747.576	1857.212	1964.176	2069.165
245.05	3.528185E-07	3.501752E-05	0.002822833	0.1786637	7.374223	118.3349	371.0843	522.6185	672.3401	825.983	977.8025	1123.816	1262.224	1392.867	1516.526	1634.356	1747.557	1857.199	1964.167	2069.158
245.7	3.537567E-07	3.511675E-05	0.002831459	0.1792599	7.400678	118.6634	371.1328	522.4922	672.2149	825.8687	977.7047	1123.736	1262.161	1392.82	1516.49	1634.33	1747.538	1857.185	1964.157	2069.151
246.35	3.546907E-07	3.521558E-05	0.002840054	0.1798544	7.427065	118.9903	371.1785	522.366	672.0897	825.7545	977.6068	1123.656	1262.099	1392.772	1516.455	1634.304	1747.519	1857.172	1964.147	2069.144
247	3.556204E-07	3.5314E-05	0.002848619	0.1804471	7.453386	119.3155	371.2213	522.2397	671.9645	825.6402	977.509	1123.577	1262.036	1392.725	1516.419	1634.278	1747.5	1857.158	1964.138	2069.137
247.65	3.56546E-07	3.541202E-05	0.002857153	0.1810381	7.47964	119.6391	371.2613	522.1135	671.8394	825.5259	977.4112	1123.497	1261.974	1392.677	1516.384	1634.252	1747.481	1857.145	1964.128	2069.131
248.3	3.574673E-07	3.550965E-05	0.002865657	0.1816273	7.505828	119.961	371.2985	521.9872	671.7142	825.4117	977.3134	1123.417	1261.911	1392.63	1516.349	1634.226	1747.463	1857.131	1964.119	2069.124
248.95	3.583846E-07	3.560687E-05	0.00287413	0.1822147	7.531949	120.2813	371.333	521.861	671.5891	825.2975	977.2156	1123.338	1261.849	1392.582	1516.313	1634.2	1747.444	1857.117	1964.109	2069.117
249.6	3.592977E-07	3.57037E-05	0.002882573	0.1828004	7.558003	120.6001	371.3649	521.7348	671.464	825.1833	977.1178	1123.258	1261.786	1392.535	1516.278	1634.174	1747.425	1857.104	1964.099	2069.11
250.25	3.602067E-07	3.580013E-05	0.002890986	0.1833843	7.583992	120.9172	371.3941	521.6086	671.3389	825.0692	977.02	1123.179	1261.724	1392.487	1516.242	1634.148	1747.406	1857.09	1964.089	2069.103
250.9	3.611116E-07	3.589617E-05	0.002899369	0.1839665	7.609915	121.2327	371.4208	521.4825	671.2139	824.955	976.9222	1123.099	1261.662	1392.44	1516.207	1634.122	1747.387	1857.077	1964.08	2069.096
251.55	3.620124E-07	3.599182E-05	0.002907722	0.184547	7.635772	121.5466	371.445	521.3563	671.0888	824.8409	976.8245	1123.019	1261.599	1392.392	1516.171	1634.096	1747.368	1857.063	1964.07	2069.09
252.2	3.629092E-07	3.608708E-05	0.002916045	0.1851258	7.661563	121.859	371.4667	521.2302	670.9638	824.7268	976.7267	1122.94	1261.537	1392.345	1516.136	1634.07	1747.35	1857.05	1964.061	2069.083
252.85	3.638019E-07	3.618195E-05	0.002924339	0.1857028	7.68729	122.1697	371.4861	521.1041	670.8389	824.6127	976.629	1122.86	1261.474	1392.297	1516.101	1634.044	1747.331	1857.036	1964.051	2069.076
253.5	3.646906E-07	3.627643E-05	0.002932603	0.1862781	7.71295	122.4789	371.503	520.978	670.7139	824.4986	976.5313	1122.781	1261.412	1392.25	1516.065	1634.018	1747.312	1857.023	1964.041	2069.069
254.15	3.655753E-07	3.637053E-05	0.002940838	0.1868518	7.738546	122.7865	371.5176	520.852	670.589	824.3845	976.4336	1122.701	1261.35	1392.202	1516.03	1633.992	1747.293	1857.009	1964.032	2069.062
254.8	3.66456E-07	3.646424E-05	0.002949043	0.1874236	7.764076	123.0926	371.5299	520.726	670.4641	824.2704	976.3359	1122.621	1261.287	1392.154	1515.994	1633.966	1747.274	1856.996	1964.022	2069.055
255.45	3.673328E-07	3.655758E-05	0.002957219	0.1879939	7.789542	123.3971	371.54	520.5999	670.3392	824.1564	976.2382	1122.542	1261.225	1392.107	1515.959	1633.94	1747.255	1856.982	1964.012	2069.049
256.1	3.682056E-07	3.665053E-05	0.002965366	0.1885624	7.814943	123.7001	371.5479	520.4739	670.2144	824.0424	976.1405	1122.462	1261.162	1392.059	1515.923	1633.914	1747.237	1856.969	1964.003	2069.042
256.75	3.690745E-07	3.67431E-05	0.002973483	0.1891292	7.84028	124.0015	371.5536	520.348	670.0895	823.9284	976.0428	1122.383	1261.1	1392.012	1515.888	1633.888	1747.218	1856.955	1963.993	2069.035
257.4	3.699394E-07	3.68353E-05	0.002981572	0.1896943	7.865552	124.3014	371.5572	520.222	669.9647	823.8145	975.9451	1122.303	1261.038	1391.964	1515.853	1633.862	1747.199	1856.942	1963.983	2069.028
258.05	3.708005E-07	3.692711E-05	0.002989632	0.1902578	7.890761	124.5998	371.5587	520.0961	669.8399	823.7004	975.8475	1122.223	1260.975	1391.917	1515.817	1633.836	1747.18	1856.928	1963.974	2069.021
258.7	3.716577E-07	3.701856E-05	0.002997663	0.1908195	7.915905	124.8967	371.5582	519.9703	669.7151	823.5865	975.7499	1122.144	1260.913	1391.869	1515.782	1633.81	1747.161	1856.915	1963.964	2069.014
259.35	3.72511E-07	3.710963E-05	0.003005665	0.1913796	7.940985	125.192	371.5557	519.8444	669.5904	823.4726	975.6522	1122.064	1260.85	1391.822	1515.746	1633.784	1747.142	1856.901	1963.954	2069.007
260	3.733605E-07	3.720033E-05	0.003013639	0.1919381	7.966002	125.4859	371.5512	519.7186	669.4657	823.3586	975.5546	1121.985	1260.788	1391.774	1515.711	1633.758	1747.124	1856.887	1963.945	2069
260.65	3.742062E-07	3.729067E-05	0.003021585	0.1924949	7.990955	125.7782	371.5447	519.5928	669.341	823.2448	975.457	1121.905	1260.726	1391.727	1515.676	1633.733	1747.105	1856.874	1963.935	2068.994
261.3	3.75048E-07	3.738063E-05	0.003029502	0.19305	8.015845	126.0691	371.5364	519.467	669.2164	823.1309	975.3594	1121.826	1260.663	1391.679	1515.64	1633.707	1747.086	1856.86	1963.925	2068.987
261.95	3.758861E-07	3.747022E-05	0.003037391	0.1936035	8.040671	126.3585	371.5262	519.3412	669.0917	823.017	975.2618	1121.746	1260.601	1391.632	1515.605	1633.681	1747.067	1856.847	1963.916	2068.98
262.6	3.767204E-07	3.755946E-05	0.003045252	0.1941553	8.065435	126.6464	371.5142	519.2155	668.9671	822.9031	975.1642	1121.667	1260.539	1391.584	1515.569	1633.655	1747.048	1856.833	1963.906	2068.973
263.25	3.775509E-07	3.764833E-05	0.003053084	0.1947055	8.090136	126.9328	371.5004	519.0898	668.8425	822.7893	975.0667	1121.587	1260.476	1391.537	1515.534	1633.629	1747.029	1856.82	1963.896	2068.966
263.9	3.783777E-07	3.773683E-05	0.003060889	0.195254	8.114774	127.2178	371.4849	518.9641	668.718	822.6755	974.9691	1121.508	1260.414	1391.49	1515.499	1633.603	1747.01	1856.806	1963.887	2068.959
264.55	3.792008E-07	3.782498E-05	0.003068666	0.1958009	8.139349	127.5013	371.4676	518.8385	668.5934	822.5616	974.8716	1121.428	1260.352	1391.442	1515.463	1633.577	1746.992	1856.793	1963.877	2068.953
265.2	3.800202E-07	3.791276E-05	0.003076416	0.1963462	8.163862	127.7834	371.4486	518.7128	668.4689	822.4479	974.774	1121.349	1260.289	1391.395	1515.428	1633.551	1746.973	1856.779	1963.867	2068.946
265.85	3.808358E-07	3.800019E-05	0.003084137	0.1968899	8.188313	128.064	371.428	518.5873	668.3444	822.3341	974.6765	1121.269	1260.227	1391.347	1515.392	1633.525	1746.954	1856.766	1963.858	2068.939
266.5	3.816478E-07	3.808726E-05	0.003091831	0.197432	8.212701	128.3432	371.4057	518.4617	668.2199	822.2203	974.579	1121.19	1260.165	1391.3	1515.357	1633.499	1746.935	1856.752	1963.848	2068.932
267.15	3.824562E-07	3.817397E-05	0.003099498	0.1979724	8.237027	128.6209	371.3818	518.3362	668.0955	822.1066	974.4815	1121.11	1260.102	1391.252	1515.322	1633.473	1746.916	1856.739	1963.839	2068.925
267.8	3.832609E-07	3.826034E-05	0.003107137	0.1985112	8.261292	128.8972	371.3564	518.2107	667.9711	821.9929	974.384	1121.031	1260.04	1391.205	1515.286	1633.447	1746.898	1856.725	1963.829	2068.918
268.45	3.84062E-07	3.834635E-05	0.003114749	0.1990485	8.285495	129.1721	371.3294	518.0852	667.8466	821.8792	974.2865	1120.951	1259.978	1391.157	1515.251	1633.421	1746.879	1856.712	1963.819	2068.912
269.1	3.848594E-07	3.843201E-05	0.003122334	0.1995841	8.309636	129.4456	371.3009	517.9597	667.7223	821.7655	974.189	1120.872	1259.915	1391.11	1515.215	1633.395	1746.86	1856.698	1963.81	2068.905
269.75	3.856533E-07	3.851732E-05	0.003129892	0.2001182	8.333716	129.7177	371.271	517.8344	667.5979	821.6518	974.0916	1120.792	1259.853	1391.062	1515.18	1633.369	1746.841	1856.684	1963.8	2068.898
270.4	3.864436E-07	3.860228E-05	0.003137422	0.2006506	8.357735	129.9883	371.2395	517.7089	667.4736	821.5381	973.9941	1120.713	1259.791	1391.015	1515.145	1633.343	1746.822	1856.671	1963.79	2068.891
271.05	3.872304E-07	3.86869E-05	0.003144927	0.2011815	8.381693	130.2576	371.2067	517.5836	667.3493	821.4245	973.8967	1120.633	1259.728	1390.967	1515.109	1633.317	1746.803	1856.657	1963.781	2068.884
271.7	3.880136E-07	3.877117E-05	0.003152404	0.2017108	8.405589	130.5255	371.1724	517.4583	667.225	821.3109	973.7993	1120.554	1259.666	1390.92	1515.074	1633.291	1746.785	1856.644	1963.771	2068.877
272.35	3.887932E-07	3.885509E-05	0.003159854	0.2022385	8.429425	130.792	371.1367	517.3329	667.1008	821.1973	973.7018	1120.474	1259.604	1390.872	1515.038	1633.265	1746.766	1856.63	1963.761	2068.87
273	3.895694E-07	3.893868E-05	0.003167278	0.2027646	8.453201	131.0571	371.0998	517.2077	666.9765	821.0837	973.6044	1120.395	1259.542	1390.825	1515.003	1633.239	1746.747	1856.617	1963.752	2068.864
273.65	3.903421E-07	3.902192E-05	0.003174676	0.2032892	8.476915	131.3209	371.0615	517.0825	666.8523	820.9702	973.507	1120.316	1259.479	1390.777	1514.968	1633.213	1746.728	1856.603	1963.742	2068.857
274.3	3.911113E-07	3.910483E-05	0.003182047	0.2038122	8.50057	131.5833	371.0219	516.9572	666.7281	820.8566	973.4096	1120.236	1259.417	1390.73	1514.932	1633.187	1746.709	1856.59	1963.732	2068.85
274.95	3.91877E-07	3.91874E-05	0.003189392	0.2043337	8.524165	131.8443	370.981	516.832	666.604	820.743	973.3123	1120.157	1259.355	1390.682	1514.897	1633.161	1746.69	1856.576	1963.723	2068.843
275.6	3.926393E-07	3.926963E-05	0.00319671	0.2048536	8.547699	132.104	370.9388	516.7069	666.4799	820.6295	973.2148	1120.078	1259.292	1390.635	1514.861	1633.135	1746.672	1856.563	1963.713	2068.836
276.25	3.933981E-07	3.935153E-05	0.003204003	0.205372	8.571174	132.3623	370.8954	516.5818	666.3557	820.516	973.1175	1119.998	1259.23	1390.588	1514.826	1633.109	1746.653	1856.549	1963.703	2068.829
276.9	3.941536E-07	3.943309E-05	0.003211269	0.2058888	8.594588	132.6193	370.8509	516.4567	666.2316	820.4025	973.0201	1119.919	1259.168	1390.54	1514.791	1633.083	1746.634	1856.536	1963.694	2068.823
277.55	3.949056E-07	3.951431E-05	0.00321851	0.2064041	8.617944	132.875	370.8051	516.3316	666.1076	820.2891	972.9228	1119.839	1259.106	1390.493	1514.755	1633.057	1746.615	1856.522	1963.684	2068.816
278.2	3.956542E-07	3.959522E-05	0.003225725	0.2069179	8.641239	133.1293	370.7582	516.2065	665.9835	820.1756	972.8255	1119.76	1259.043	1390.445	1514.72	1633.031	1746.596	1856.509	1963.674	2068.809
278.85	3.963995E-07	3.967578E-05	0.003232914	0.2074301	8.664476	133.3823	370.7101	516.0815	665.8596	820.0621	972.7281	1119.681	1258.981	1390.398	1514.685	1633.005	1746.578	1856.495	1963.665	2068.802
279.5	3.971414E-07	3.975602E-05	0.003240077	0.2079408	8.687654	133.634	370.6609	515.9566	665.7355	819.9487	972.6309	1119.601	1258.919	1390.35	1514.649	1632.979	1746.559	1856.482	1963.655	2068.795
280.15	3.9788E-07	3.983593E-05	0.003247215	0.20845	8.710772	133.8844	370.6107	515.8317	665.6116	819.8353	972.5336	1119.522	1258.856	1390.303	1514.614	1632.953	1746.54	1856.468	1963.646	2068.788
280.8	3.986152E-07	3.991552E-05	0.003254328	0.2089577	8.733831	134.1334	370.5593	515.7067	665.4876	819.7219	972.4363	1119.443	1258.794	1390.255	1514.578	1632.927	1746.521	1856.455	1963.636	2068.781
281.45	3.993472E-07	3.999479E-05	0.003261415	0.2094639	8.756832	134.3812	370.5069	515.5818	665.3637	819.6085	972.339	1119.363	1258.732	1390.208	1514.543	1632.901	1746.502	1856.441	1963.626	2068.775
282.1	4.000758E-07	4.007372E-05	0.003268476	0.2099685	8.779775	134.6277	370.4535	515.457	665.2398	819.4952	972.2418	1119.284	1258.67	1390.161	1514.508	1632.876	1746.483	1856.427	1963.617	2068.768
282.75	4.008012E-07	4.015234E-05	0.003275513	0.2104717	8.802658	134.8729	370.399	515.3322	665.116	819.3818	972.1445	1119.204	1258.608	1390.113	1514.472	1632.85	1746.465	1856.414	1963.607	2068.761
283.4	4.015233E-07	4.023064E-05	0.003282524	0.2109734	8.825484	135.1168	370.3436	515.2074	664.9921	819.2685	972.0472	1119.125	1258.545	1390.066	1514.437	1632.824	1746.446	1856.401	1963.597	2068.754
284.05	4.022421E-07	4.030862E-05	0.003289511	0.2114735	8.848251	135.3594	370.2871	515.0826	664.8683	819.1552	971.95	1119.046	1258.483	1390.018	1514.402	1632.798	1746.427	1856.387	1963.588	2068.747
284.7	4.029577E-07	4.038628E-05	0.003296472	0.2119722	8.870961	135.6008	370.2297	514.9579	664.7445	819.0419	971.8528	1118.967	1258.421	1389.971	1514.366	1632.772	1746.408	1856.373	1963.578	2068.74
285.35	4.036701E-07	4.046362E-05	0.003303409	0.2124694	8.893612	135.8408	370.1714	514.8332	664.6207	818.9286	971.7556	1118.887	1258.359	1389.923	1514.331	1632.746	1746.389	1856.36	1963.568	2068.734
286	4.043793E-07	4.054065E-05	0.003310321	0.2129651	8.916206	136.0797	370.1122	514.7086	664.4969	818.8154	971.6584	1118.808	1258.296	1389.876	1514.296	1632.72	1746.37	1856.346	1963.559	2068.727
286.65	4.050852E-07	4.061736E-05	0.003317208	0.2134594	8.938743	136.3172	370.052	514.5839	664.3732	818.7021	971.5612	1118.729	1258.234	1389.828	1514.26	1632.694	1746.352	1856.333	1963.549	2068.72
287.3	4.05788E-07	4.069376E-05	0.003324071	0.2139522	8.961222	136.5535	369.9909	514.4593	664.2495	818.5889	971.464	1118.649	1258.172	1389.781	1514.225	1632.668	1746.333	1856.319	1963.539	2068.713
287.95	4.064877E-07	4.076985E-05	0.003330909	0.2144435	8.983644	136.7886	369.929	514.3347	664.1259	818.4757	971.3668	1118.57	1258.11	1389.734	1514.189	1632.642	1746.314	1856.306	1963.53	2068.706
288.6	4.071842E-07	4.084563E-05	0.003337723	0.2149333	9.006008	137.0224	369.8662	514.2101	664.0022	818.3625	971.2697	1118.491	1258.047	1389.686	1514.154	1632.616	1746.295	1856.292	1963.52	2068.699
289.25	4.078775E-07	4.09211E-05	0.003344513	0.2154217	9.028316	137.2551	369.8026	514.0856	663.8785	818.2493	971.1725	1118.411	1257.985	1389.639	1514.119	1632.59	1746.276	1856.279	1963.51	2068.692
289.9	4.085677E-07	4.099627E-05	0.003351278	0.2159086	9.050566	137.4864	369.7382	513.9612	663.7549	818.1362	971.0754	1118.332	1257.923	1389.591	1514.083	1632.564	1746.258	1856.265	1963.501	2068.686
290.55	4.092549E-07	4.107112E-05	0.003358019	0.2163941	9.07276	137.7166	369.6729	513.8367	663.6313	818.023	970.9782	1118.253	1257.861	1389.544	1514.048	1632.538	1746.239	1856.252	1963.491	2068.679
291.2	4.099389E-07	4.114567E-05	0.003364737	0.2168782	9.094897	137.9455	369.6069	513.7123	663.5078	817.9099	970.8811	1118.174	1257.799	1389.497	1514.013	1632.512	1746.22	1856.238	1963.481	2068.672
291.85	4.106198E-07	4.121992E-05	0.00337143	0.2173608	9.116979	138.1732	369.5401	513.5879	663.3843	817.7968	970.784	1118.094	1257.736	1389.449	1513.977	1632.486	1746.201	1856.225	1963.472	2068.665
292.5	4.112977E-07	4.129387E-05	0.003378099	0.217842	9.139003	138.3997	369.4725	513.4635	663.2607	817.6837	970.6869	1118.015	1257.674	1389.402	1513.942	1632.46	1746.182	1856.211	1963.462	2068.658
293.15	4.119725E-07	4.136751E-05	0.003384745	0.2183217	9.160972	138.6251	369.4042	513.3392	663.1373	817.5706	970.5898	1117.936	1257.612	1389.354	1513.906	1632.434	1746.163	1856.198	1963.453	2068.651
293.8	4.126443E-07	4.144085E-05	0.003391366	0.2188	9.182884	138.8492	369.3351	513.2149	663.0138	817.4575	970.4927	1117.857	1257.55	1389.307	1513.871	1632.408	1746.145	1856.184	1963.443	2068.645
294.45	4.13313E-07	4.15139E-05	0.003397965	0.2192769	9.204741	139.0721	369.2654	513.0906	662.8904	817.3445	970.3956	1117.778	1257.488	1389.26	1513.836	1632.382	1746.126	1856.171	1963.433	2068.638
295.1	4.139788E-07	4.158665E-05	0.00340454	0.2197524	9.226542	139.2939	369.1949	512.9664	662.767	817.2314	970.2986	1117.698	1257.426	1389.212	1513.801	1632.357	1746.107	1856.157	1963.424	2068.631
295.75	4.146416E-07	4.16591E-05	0.003411091	0.2202265	9.248286	139.5144	369.1237	512.8422	662.6436	817.1184	970.2015	1117.619	1257.363	1389.165	1513.765	1632.331	1746.088	1856.144	1963.414	2068.624
296.4	4.153013E-07	4.173125E-05	0.003417619	0.2206991	9.269977	139.7338	369.0518	512.718	662.5202	817.0054	970.1045	1117.54	1257.301	1389.117	1513.73	1632.305	1746.069	1856.13	1963.404	2068.617
297.05	4.159581E-07	4.180311E-05	0.003424123	0.2211704	9.291611	139.952	368.9793	512.5939	662.3969	816.8925	970.0075	1117.461	1257.239	1389.07	1513.694	1632.279	1746.051	1856.116	1963.395	2068.61
297.7	4.16612E-07	4.187467E-05	0.003430605	0.2216402	9.31319	140.1691	368.9061	512.4697	662.2735	816.7795	969.9105	1117.382	1257.177	1389.023	1513.659	1632.253	1746.032	1856.103	1963.385	2068.604
298.35	4.172628E-07	4.194595E-05	0.003437063	0.2221086	9.334715	140.3849	368.8323	512.3456	662.1502	816.6665	969.8135	1117.302	1257.115	1388.975	1513.624	1632.227	1746.013	1856.089	1963.375	2068.597
299	4.179108E-07	4.201694E-05	0.003443498	0.2225757	9.356184	140.5997	368.7579	512.2216	662.027	816.5536	969.7164	1117.223	1257.052	1388.928	1513.588	1632.201	1745.994	1856.076	1963.366	2068.59
299.65	4.185559E-07	4.208763E-05	0.00344991	0.2230414	9.377599	140.8133	368.6828	512.0976	661.9037	816.4407	969.6194	1117.144	1256.99	1388.88	1513.553	1632.175	1745.975	1856.062	1963.356	2068.583
300.3	4.19198E-07	4.215804E-05	0.0034563	0.2235056	9.398958	141.0257	368.6071	511.9736	661.7805	816.3278	969.5225	1117.065	1256.928	1388.833	1513.518	1632.149	1745.957	1856.049	1963.346	2068.576
300.95	4.198372E-07	4.222816E-05	0.003462666	0.2239685	9.420263	141.237	368.5309	511.8496	661.6573	816.2149	969.4255	1116.986	1256.866	1388.786	1513.482	1632.123	1745.938	1856.035	1963.337	2068.569
301.6	4.204736E-07	4.229799E-05	0.00346901	0.2244301	9.441515	141.4472	368.454	511.7257	661.5341	816.1021	969.3286	1116.906	1256.804	1388.738	1513.447	1632.097	1745.919	1856.022	1963.327	2068.563
302.25	4.211071E-07	4.236754E-05	0.003475332	0.2248902	9.462711	141.6562	368.3766	511.6018	661.4109	815.9892	969.2316	1116.827	1256.742	1388.691	1513.412	1632.071	1745.9	1856.008	1963.318	2068.556
302.9	4.217378E-07	4.243681E-05	0.00348163	0.225349	9.483854	141.8642	368.2987	511.4779	661.2878	815.8763	969.1347	1116.748	1256.68	1388.644	1513.376	1632.045	1745.881	1855.995	1963.308	2068.549
303.55	4.223656E-07	4.25058E-05	0.003487907	0.2258064	9.504943	142.071	368.2202	511.3541	661.1647	815.7635	969.0378	1116.669	1256.617	1388.596	1513.341	1632.019	1745.862	1855.981	1963.298	2068.542
304.2	4.229906E-07	4.25745E-05	0.003494161	0.2262625	9.525977	142.2766	368.1411	511.2303	661.0416	815.6507	968.9409	1116.59	1256.555	1388.549	1513.306	1631.993	1745.844	1855.968	1963.289	2068.535
304.85	4.236127E-07	4.264292E-05	0.003500392	0.2267171	9.546958	142.4812	368.0615	511.1065	660.9186	815.5379	968.8439	1116.511	1256.493	1388.501	1513.27	1631.967	1745.825	1855.954	1963.279	2068.528
305.5	4.242321E-07	4.271106E-05	0.003506602	0.2271705	9.567886	142.6847	367.9814	510.9828	660.7955	815.4252	968.7471	1116.432	1256.431	1388.454	1513.235	1631.942	1745.806	1855.941	1963.269	2068.521
306.15	4.248487E-07	4.277893E-05	0.003512789	0.2276225	9.58876	142.887	367.9008	510.859	660.6725	815.3124	968.6502	1116.353	1256.369	1388.407	1513.2	1631.916	1745.787	1855.927	1963.26	2068.515
306.8	4.254625E-07	4.284652E-05	0.003518954	0.2280731	9.609581	143.0883	367.8197	510.7354	660.5495	815.1996	968.5533	1116.274	1256.307	1388.359	1513.164	1631.89	1745.768	1855.914	1963.25	2068.508
307.45	4.260735E-07	4.291383E-05	0.003525097	0.2285224	9.630348	143.2885	367.7381	510.6117	660.4266	815.087	968.4564	1116.194	1256.245	1388.312	1513.129	1631.864	1745.75	1855.9	1963.24	2068.501
308.1	4.266818E-07	4.298087E-05	0.003531218	0.2289704	9.651063	143.4876	367.6561	510.4881	660.3036	814.9742	968.3596	1116.115	1256.183	1388.265	1513.094	1631.838	1745.731	1855.887	1963.231	2068.494
308.75	4.272873E-07	4.304764E-05	0.003537318	0.2294171	9.671724	143.6856	367.5735	510.3645	660.1807	814.8616	968.2628	1116.036	1256.121	1388.217	1513.058	1631.812	1745.712	1855.873	1963.221	2068.487
309.4	4.278902E-07	4.311413E-05	0.003543395	0.2298624	9.692333	143.8825	367.4905	510.2409	660.0578	814.7489	968.1659	1115.957	1256.058	1388.17	1513.023	1631.786	1745.693	1855.86	1963.211	2068.48
310.05	4.284903E-07	4.318036E-05	0.003549451	0.2303064	9.71289	144.0784	367.4071	510.1174	659.9349	814.6362	968.0691	1115.878	1255.996	1388.123	1512.988	1631.76	1745.674	1855.846	1963.202	2068.473
310.7	4.290877E-07	4.324631E-05	0.003555486	0.230749	9.733393	144.2732	367.3232	509.9939	659.8121	814.5236	967.9723	1115.799	1255.934	1388.075	1512.952	1631.734	1745.656	1855.833	1963.192	2068.467
311.35	4.296824E-07	4.331199E-05	0.003561499	0.2311904	9.753844	144.4669	367.2389	509.8704	659.6893	814.4109	967.8755	1115.72	1255.872	1388.028	1512.917	1631.708	1745.637	1855.819	1963.182	2068.46
312	4.302744E-07	4.337741E-05	0.00356749	0.2316304	9.774243	144.6596	367.1542	509.747	659.5665	814.2984	967.7787	1115.641	1255.81	1387.981	1512.882	1631.682	1745.618	1855.806	1963.173	2068.453
312.65	4.308638E-07	4.344256E-05	0.00357346	0.2320691	9.79459	144.8513	367.069	509.6236	659.4437	814.1858	967.6819	1115.562	1255.748	1387.933	1512.846	1631.656	1745.599	1855.792	1963.163	2068.446
313.3	4.314505E-07	4.350744E-05	0.003579409	0.2325066	9.814884	145.0419	366.9834	509.5002	659.3209	814.0732	967.5851	1115.483	1255.686	1387.886	1512.811	1631.63	1745.58	1855.779	1963.154	2068.439
313.95	4.320346E-07	4.357206E-05	0.003585336	0.2329427	9.835128	145.2314	366.8975	509.3769	659.1982	813.9606	967.4884	1115.404	1255.624	1387.839	1512.776	1631.604	1745.562	1855.765	1963.144	2068.432
314.6	4.32616E-07	4.363642E-05	0.003591242	0.2333775	9.855319	145.4199	366.8111	509.2535	659.0755	813.8481	967.3917	1115.325	1255.562	1387.791	1512.74	1631.578	1745.543	1855.752	1963.134	2068.426
315.25	4.331949E-07	4.370051E-05	0.003597128	0.233811	9.875458	145.6074	366.7244	509.1303	658.9528	813.7356	967.2949	1115.246	1255.5	1387.744	1512.705	1631.552	1745.524	1855.738	1963.125	2068.419
315.9	4.337711E-07	4.376434E-05	0.003602992	0.2342433	9.895546	145.7938	366.6373	509.007	658.8302	813.6231	967.1982	1115.167	1255.438	1387.697	1512.67	1631.527	1745.505	1855.724	1963.115	2068.412
316.55	4.343447E-07	4.382791E-05	0.003608836	0.2346742	9.915583	145.9792	366.5498	508.8838	658.7075	813.5106	967.1014	1115.088	1255.376	1387.649	1512.635	1631.501	1745.486	1855.711	1963.105	2068.405
317.2	4.349158E-07	4.389123E-05	0.003614658	0.2351039	9.935568	146.1636	366.4619	508.7606	658.585	813.3981	967.0048	1115.009	1255.313	1387.602	1512.599	1631.475	1745.468	1855.698	1963.096	2068.398
317.85	4.354842E-07	4.395428E-05	0.00362046	0.2355323	9.955503	146.347	366.3737	508.6375	658.4623	813.2856	966.9081	1114.93	1255.251	1387.555	1512.564	1631.449	1745.449	1855.684	1963.086	2068.391
318.5	4.360501E-07	4.401708E-05	0.003626241	0.2359594	9.975386	146.5293	366.2852	508.5143	658.3398	813.1732	966.8114	1114.851	1255.189	1387.507	1512.529	1631.423	1745.43	1855.67	1963.076	2068.385
319.15	4.366135E-07	4.407962E-05	0.003632002	0.2363853	9.995218	146.7107	366.1963	508.3912	658.2173	813.0608	966.7147	1114.772	1255.127	1387.46	1512.493	1631.397	1745.411	1855.657	1963.067	2068.378
319.8	4.371743E-07	4.414191E-05	0.003637741	0.2368098	10.015	146.8911	366.1071	508.2682	658.0947	812.9484	966.618	1114.693	1255.065	1387.413	1512.458	1631.371	1745.392	1855.643	1963.057	2068.371
320.45	4.377326E-07	4.420394E-05	0.003643461	0.2372332	10.03473	147.0704	366.0175	508.1451	657.9722	812.836	966.5214	1114.614	1255.003	1387.365	1512.423	1631.345	1745.374	1855.63	1963.047	2068.364
321.1	4.382884E-07	4.426572E-05	0.00364916	0.2376552	10.05441	147.2488	365.9277	508.0221	657.8498	812.7236	966.4247	1114.535	1254.941	1387.318	1512.387	1631.319	1745.355	1855.616	1963.038	2068.357
321.75	4.388417E-07	4.432725E-05	0.003654839	0.238076	10.07404	147.4262	365.8375	507.8991	657.7274	812.6113	966.3281	1114.456	1254.879	1387.271	1512.352	1631.293	1745.336	1855.603	1963.028	2068.35
322.4	4.393925E-07	4.438853E-05	0.003660497	0.2384956	10.09362	147.6026	365.747	507.7762	657.6049	812.4989	966.2314	1114.377	1254.817	1387.223	1512.317	1631.267	1745.317	1855.589	1963.019	2068.344
323.05	4.399408E-07	4.444956E-05	0.003666135	0.2389139	10.11315	147.778	365.6562	507.6533	657.4825	812.3866	966.1349	1114.298	1254.755	1387.176	1512.281	1631.241	1745.298	1855.576	1963.009	2068.337
323.7	4.404866E-07	4.451033E-05	0.003671753	0.2393309	10.13263	147.9524	365.5651	507.5304	657.3602	812.2743	966.0383	1114.219	1254.693	1387.129	1512.246	1631.215	1745.28	1855.562	1962.999	2068.33
324.35	4.4103E-07	4.457086E-05	0.003677352	0.2397468	10.15206	148.1259	365.4738	507.4075	657.2378	812.162	965.9417	1114.14	1254.631	1387.081	1512.211	1631.19	1745.261	1855.549	1962.99	2068.323
325	4.41571E-07	4.463115E-05	0.00368293	0.2401613	10.17144	148.2984	365.3821	507.2847	657.1155	812.0497	965.8451	1114.061	1254.569	1387.034	1512.175	1631.164	1745.242	1855.535	1962.98	2068.316
325.65	4.421094E-07	4.469119E-05	0.003688488	0.2405747	10.19077	148.4699	365.2902	507.1619	656.9932	811.9374	965.7485	1113.982	1254.507	1386.987	1512.14	1631.138	1745.223	1855.522	1962.97	2068.309
326.3	4.426455E-07	4.475098E-05	0.003694026	0.2409868	10.21005	148.6405	365.198	507.0392	656.8709	811.8252	965.6519	1113.903	1254.445	1386.939	1512.105	1631.112	1745.204	1855.508	1962.961	2068.302
326.95	4.431792E-07	4.481053E-05	0.003699545	0.2413977	10.22928	148.8101	365.1055	506.9164	656.7487	811.713	965.5554	1113.824	1254.383	1386.892	1512.07	1631.086	1745.186	1855.495	1962.951	2068.296
327.6	4.437105E-07	4.486984E-05	0.003705044	0.2418074	10.24847	148.9787	365.0128	506.7937	656.6264	811.6008	965.4589	1113.745	1254.321	1386.845	1512.034	1631.06	1745.167	1855.481	1962.941	2068.289
328.25	4.442393E-07	4.49289E-05	0.003710524	0.2422158	10.2676	149.1465	364.9198	506.6711	656.5042	811.4885	965.3623	1113.667	1254.259	1386.797	1511.999	1631.034	1745.148	1855.468	1962.932	2068.282
328.9	4.447658E-07	4.498773E-05	0.003715983	0.242623	10.28668	149.3132	364.8266	506.5484	656.382	811.3763	965.2658	1113.588	1254.197	1386.75	1511.964	1631.008	1745.129	1855.454	1962.922	2068.275
329.55	4.452899E-07	4.504631E-05	0.003721424	0.2430291	10.30572	149.4791	364.7331	506.4258	656.2599	811.2642	965.1693	1113.509	1254.135	1386.703	1511.928	1630.982	1745.11	1855.441	1962.912	2068.268
330.2	4.458117E-07	4.510466E-05	0.003726845	0.2434339	10.32471	149.644	364.6394	506.3033	656.1378	811.152	965.0728	1113.43	1254.073	1386.656	1511.893	1630.956	1745.092	1855.427	1962.903	2068.261
330.85	4.463311E-07	4.516277E-05	0.003732246	0.2438375	10.34364	149.808	364.5454	506.1807	656.0156	811.0399	964.9763	1113.351	1254.011	1386.608	1511.858	1630.93	1745.073	1855.414	1962.893	2068.255
331.5	4.468481E-07	4.522064E-05	0.003737629	0.2442399	10.36253	149.971	364.4512	506.0582	655.8936	810.9278	964.8798	1113.272	1253.949	1386.561	1511.823	1630.905	1745.054	1855.4	1962.884	2068.248
332.15	4.473629E-07	4.527827E-05	0.003742992	0.2446411	10.38137	150.1331	364.3568	505.9357	655.7715	810.8157	964.7833	1113.193	1253.887	1386.514	1511.787	1630.879	1745.035	1855.387	1962.874	2068.241
332.8	4.478753E-07	4.533567E-05	0.003748336	0.2450411	10.40017	150.2944	364.2622	505.8132	655.6494	810.7036	964.6869	1113.114	1253.825	1386.466	1511.752	1630.853	1745.016	1855.373	1962.864	2068.234
333.45	4.483854E-07	4.539284E-05	0.003753661	0.24544	10.41891	150.4547	364.1674	505.6908	655.5274	810.5916	964.5905	1113.036	1253.763	1386.419	1511.717	1630.827	1744.998	1855.36	1962.855	2068.227
334.1	4.488932E-07	4.544977E-05	0.003758967	0.2458376	10.43761	150.614	364.0723	505.5684	655.4054	810.4795	964.494	1112.957	1253.701	1386.372	1511.681	1630.801	1744.979	1855.346	1962.845	2068.22
334.75	4.493988E-07	4.550647E-05	0.003764254	0.2462341	10.45625	150.7725	363.9771	505.4461	655.2834	810.3674	964.3976	1112.878	1253.639	1386.325	1511.646	1630.775	1744.96	1855.333	1962.835	2068.214
335.4	4.49902E-07	4.556295E-05	0.003769522	0.2466293	10.47486	150.9301	363.8816	505.3237	655.1615	810.2554	964.3011	1112.799	1253.577	1386.277	1511.611	1630.749	1744.941	1855.319	1962.826	2068.207
336.05	4.50403E-07	4.561918E-05	0.003774771	0.2470234	10.49341	151.0868	363.7859	505.2014	655.0396	810.1434	964.2048	1112.72	1253.515	1386.23	1511.575	1630.723	1744.922	1855.306	1962.816	2068.2
336.7	4.509017E-07	4.567519E-05	0.003780002	0.2474164	10.51191	151.2426	363.6901	505.0792	654.9177	810.0314	964.1083	1112.641	1253.453	1386.183	1511.54	1630.697	1744.904	1855.292	1962.806	2068.193
337.35	4.513982E-07	4.573098E-05	0.003785214	0.2478081	10.53037	151.3975	363.594	504.9569	654.7958	809.9195	964.012	1112.563	1253.391	1386.135	1511.505	1630.671	1744.885	1855.279	1962.797	2068.186
338	4.518925E-07	4.578653E-05	0.003790408	0.2481987	10.54878	151.5515	363.4978	504.8347	654.674	809.8076	963.9156	1112.484	1253.329	1386.088	1511.47	1630.645	1744.866	1855.265	1962.787	2068.179
338.65	4.523845E-07	4.584186E-05	0.003795583	0.2485882	10.56715	151.7046	363.4014	504.7125	654.5521	809.6956	963.8192	1112.405	1253.267	1386.041	1511.434	1630.62	1744.847	1855.252	1962.777	2068.173
339.3	4.528743E-07	4.589696E-05	0.003800739	0.2489764	10.58546	151.8569	363.3048	504.5904	654.4303	809.5837	963.7228	1112.326	1253.206	1385.994	1511.399	1630.594	1744.828	1855.238	1962.768	2068.166
339.95	4.533619E-07	4.595184E-05	0.003805877	0.2493636	10.60373	152.0083	363.208	504.4683	654.3085	809.4717	963.6265	1112.247	1253.144	1385.947	1511.364	1630.568	1744.81	1855.225	1962.758	2068.159
340.6	4.538473E-07	4.600649E-05	0.003810997	0.2497495	10.62195	152.1588	363.1111	504.3462	654.1868	809.3599	963.5302	1112.169	1253.082	1385.899	1511.328	1630.542	1744.791	1855.211	1962.749	2068.152
341.25	4.543305E-07	4.606093E-05	0.003816098	0.2501343	10.64013	152.3084	363.014	504.2241	654.0651	809.248	963.4338	1112.09	1253.02	1385.852	1511.293	1630.516	1744.772	1855.198	1962.739	2068.145
341.9	4.548116E-07	4.611514E-05	0.003821181	0.250518	10.65826	152.4572	362.9167	504.1021	653.9434	809.1362	963.3375	1112.011	1252.958	1385.805	1511.258	1630.49	1744.753	1855.184	1962.729	2068.138
342.55	4.552905E-07	4.616912E-05	0.003826247	0.2509006	10.67634	152.6051	362.8193	503.9801	653.8217	809.0243	963.2412	1111.932	1252.896	1385.757	1511.223	1630.464	1744.734	1855.171	1962.72	2068.132
343.2	4.557672E-07	4.622289E-05	0.003831293	0.2512819	10.69438	152.7522	362.7218	503.8582	653.7	808.9125	963.145	1111.854	1252.834	1385.71	1511.187	1630.438	1744.716	1855.157	1962.71	2068.125
343.85	4.562418E-07	4.627644E-05	0.003836323	0.2516622	10.71237	152.8984	362.624	503.7362	653.5783	808.8007	963.0486	1111.775	1252.772	1385.663	1511.152	1630.412	1744.697	1855.144	1962.7	2068.118
344.5	4.567142E-07	4.632977E-05	0.003841334	0.2520413	10.73031	153.0438	362.5262	503.6143	653.4567	808.6889	962.9524	1111.696	1252.71	1385.616	1511.117	1630.386	1744.678	1855.13	1962.691	2068.111
345.15	4.571845E-07	4.638289E-05	0.003846327	0.2524193	10.74821	153.1883	362.4281	503.4924	653.3351	808.5771	962.8561	1111.617	1252.648	1385.568	1511.082	1630.36	1744.659	1855.117	1962.681	2068.104
345.8	4.576527E-07	4.643578E-05	0.003851302	0.2527962	10.76606	153.332	362.33	503.3706	653.2136	808.4653	962.7599	1111.538	1252.586	1385.521	1511.046	1630.335	1744.641	1855.103	1962.672	2068.097
346.45	4.581188E-07	4.648847E-05	0.00385626	0.253172	10.78386	153.4749	362.2317	503.2488	653.092	808.3536	962.6636	1111.46	1252.524	1385.474	1511.011	1630.309	1744.622	1855.089	1962.662	2068.09
347.1	4.585828E-07	4.654093E-05	0.0038612	0.2535466	10.80162	153.6169	362.1332	503.127	652.9705	808.2419	962.5674	1111.381	1252.463	1385.427	1510.976	1630.283	1744.603	1855.076	1962.652	2068.083
347.75	4.590447E-07	4.659318E-05	0.003866122	0.2539201	10.81934	153.7581	362.0347	503.0052	652.849	808.1302	962.4711	1111.302	1252.401	1385.379	1510.941	1630.257	1744.584	1855.063	1962.643	2068.077
348.4	4.595045E-07	4.664523E-05	0.003871027	0.2542925	10.837	153.8984	361.936	502.8835	652.7275	808.0185	962.3749	1111.224	1252.339	1385.332	1510.905	1630.231	1744.565	1855.049	1962.633	2068.07
349.05	4.599622E-07	4.669705E-05	0.003875914	0.2546638	10.85463	154.038	361.8372	502.7618	652.6061	807.9068	962.2787	1111.145	1252.277	1385.285	1510.87	1630.205	1744.547	1855.036	1962.623	2068.063
349.7	4.604179E-07	4.674867E-05	0.003880784	0.255034	10.87221	154.1767	361.7382	502.6402	652.4846	807.7952	962.1826	1111.066	1252.215	1385.238	1510.835	1630.179	1744.528	1855.022	1962.614	2068.056
350.35	4.608715E-07	4.680008E-05	0.003885637	0.2554031	10.88974	154.3146	361.6392	502.5186	652.3632	807.6835	962.0864	1110.988	1252.153	1385.191	1510.799	1630.153	1744.509	1855.009	1962.604	2068.049
351	4.613231E-07	4.685127E-05	0.003890472	0.2557711	10.90723	154.4517	361.54	502.3969	652.2418	807.5718	961.9902	1110.909	1252.091	1385.143	1510.764	1630.127	1744.49	1854.995	1962.594	2068.042
351.65	4.617727E-07	4.690226E-05	0.00389529	0.256138	10.92467	154.588	361.4407	502.2754	652.1205	807.4603	961.894	1110.83	1252.029	1385.096	1510.729	1630.101	1744.471	1854.981	1962.585	2068.036
352.3	4.622202E-07	4.695304E-05	0.003900091	0.2565038	10.94207	154.7235	361.3412	502.1538	651.9991	807.3486	961.7979	1110.751	1251.967	1385.049	1510.694	1630.076	1744.453	1854.968	1962.575	2068.029
352.95	4.626658E-07	4.700361E-05	0.003904875	0.2568685	10.95942	154.8582	361.2417	502.0323	651.8778	807.2371	961.7017	1110.673	1251.906	1385.002	1510.658	1630.05	1744.434	1854.954	1962.565	2068.022
353.6	4.631093E-07	4.705398E-05	0.003909641	0.2572322	10.97673	154.9921	361.1421	501.9109	651.7565	807.1255	961.6056	1110.594	1251.844	1384.954	1510.623	1630.024	1744.415	1854.941	1962.556	2068.015
354.25	4.635508E-07	4.710414E-05	0.003914391	0.2575947	10.99399	155.1252	361.0424	501.7894	651.6353	807.014	961.5095	1110.516	1251.782	1384.907	1510.588	1629.998	1744.396	1854.927	1962.546	2068.008
354.9	4.639903E-07	4.71541E-05	0.003919123	0.2579562	11.01121	155.2575	360.9425	501.668	651.514	806.9024	961.4134	1110.437	1251.72	1384.86	1510.553	1629.972	1744.377	1854.914	1962.536	2068.001
355.55	4.644279E-07	4.720385E-05	0.003923839	0.2583166	11.02839	155.3891	360.8426	501.5466	651.3928	806.7909	961.3173	1110.358	1251.658	1384.813	1510.517	1629.946	1744.359	1854.901	1962.527	2067.995
356.2	4.648634E-07	4.72534E-05	0.003928538	0.2586759	11.04552	155.5198	360.7426	501.4252	651.2716	806.6794	961.2212	1110.28	1251.596	1384.766	1510.482	1629.92	1744.34	1854.887	1962.517	2067.988
356.85	4.652971E-07	4.730275E-05	0.00393322	0.2590342	11.0626	155.6498	360.6424	501.3039	651.1505	806.5679	961.1251	1110.201	1251.534	1384.718	1510.447	1629.894	1744.321	1854.873	1962.508	2067.981
357.5	4.657287E-07	4.73519E-05	0.003937886	0.2593913	11.07965	155.779	360.5422	501.1826	651.0293	806.4565	961.0291	1110.122	1251.473	1384.671	1510.412	1629.868	1744.302	1854.86	1962.498	2067.974
358.15	4.661584E-07	4.740084E-05	0.003942534	0.2597474	11.09665	155.9074	360.4419	501.0614	650.9082	806.345	960.933	1110.044	1251.411	1384.624	1510.376	1629.843	1744.284	1854.846	1962.488	2067.967
358.8	4.665862E-07	4.744959E-05	0.003947167	0.2601025	11.1136	156.0351	360.3415	500.9401	650.787	806.2336	960.8369	1109.965	1251.349	1384.577	1510.341	1629.817	1744.265	1854.833	1962.479	2067.96
359.45	4.670121E-07	4.749814E-05	0.003951782	0.2604565	11.13051	156.162	360.241	500.8189	650.666	806.1221	960.7409	1109.886	1251.287	1384.529	1510.306	1629.791	1744.246	1854.819	1962.469	2067.954
360.1	4.67436E-07	4.754649E-05	0.003956382	0.2608095	11.14738	156.2881	360.1404	500.6978	650.5449	806.0107	960.6449	1109.808	1251.225	1384.482	1510.271	1629.765	1744.227	1854.806	1962.459	2067.947
360.75	4.678581E-07	4.759464E-05	0.003960965	0.2611614	11.16421	156.4135	360.0398	500.5766	650.4239	805.8994	960.5488	1109.729	1251.163	1384.435	1510.235	1629.739	1744.208	1854.792	1962.45	2067.94
361.4	4.682782E-07	4.76426E-05	0.003965531	0.2615122	11.18099	156.5381	359.9391	500.4555	650.3029	805.788	960.4528	1109.651	1251.102	1384.388	1510.2	1629.713	1744.19	1854.779	1962.44	2067.933
362.05	4.686964E-07	4.769036E-05	0.003970081	0.2618621	11.19773	156.6619	359.8383	500.3344	650.1819	805.6766	960.3569	1109.572	1251.04	1384.341	1510.165	1629.687	1744.171	1854.766	1962.431	2067.926
362.7	4.691128E-07	4.773793E-05	0.003974615	0.2622108	11.21442	156.785	359.7374	500.2133	650.061	805.5653	960.2609	1109.494	1250.978	1384.293	1510.13	1629.661	1744.152	1854.752	1962.421	2067.919
363.35	4.695273E-07	4.77853E-05	0.003979133	0.2625585	11.23107	156.9074	359.6364	500.0923	649.94	805.454	960.1649	1109.415	1250.916	1384.246	1510.094	1629.635	1744.133	1854.738	1962.411	2067.913
364	4.699399E-07	4.783248E-05	0.003983635	0.2629053	11.24768	157.0291	359.5354	499.9713	649.8191	805.3427	960.0689	1109.336	1250.854	1384.199	1510.059	1629.61	1744.115	1854.725	1962.402	2067.906
364.65	4.703506E-07	4.787947E-05	0.003988121	0.2632509	11.26425	157.1499	359.4343	499.8504	649.6982	805.2314	959.973	1109.258	1250.792	1384.152	1510.024	1629.584	1744.096	1854.711	1962.392	2067.899
365.3	4.707595E-07	4.792627E-05	0.00399259	0.2635956	11.28077	157.2701	359.3332	499.7294	649.5773	805.1201	959.877	1109.179	1250.731	1384.105	1509.989	1629.558	1744.077	1854.698	1962.382	2067.892
365.95	4.711666E-07	4.797287E-05	0.003997044	0.2639392	11.29726	157.3895	359.2319	499.6086	649.4565	805.0089	959.7811	1109.101	1250.669	1384.057	1509.953	1629.532	1744.058	1854.684	1962.373	2067.885
366.6	4.715719E-07	4.801929E-05	0.004001481	0.2642817	11.31369	157.5082	359.1306	499.4877	649.3357	804.8976	959.6852	1109.022	1250.607	1384.01	1509.918	1629.506	1744.039	1854.671	1962.363	2067.878
367.25	4.719753E-07	4.806551E-05	0.004005904	0.2646233	11.33009	157.6262	359.0293	499.3668	649.2149	804.7864	959.5892	1108.944	1250.545	1383.963	1509.883	1629.48	1744.021	1854.657	1962.354	2067.872
367.9	4.723769E-07	4.811155E-05	0.00401031	0.2649639	11.34645	157.7434	358.9279	499.246	649.0941	804.6752	959.4933	1108.865	1250.484	1383.916	1509.848	1629.454	1744.002	1854.644	1962.344	2067.865
368.55	4.727766E-07	4.81574E-05	0.0040147	0.2653034	11.36276	157.86	358.8264	499.1252	648.9733	804.564	959.3975	1108.786	1250.422	1383.869	1509.813	1629.428	1743.983	1854.63	1962.334	2067.858
369.2	4.731746E-07	4.820307E-05	0.004019075	0.265642	11.37903	157.9758	358.7249	499.0045	648.8526	804.4528	959.3016	1108.708	1250.36	1383.822	1509.777	1629.402	1743.964	1854.617	1962.325	2067.851
369.85	4.735708E-07	4.824854E-05	0.004023434	0.2659795	11.39526	158.0909	358.6233	498.8838	648.7319	804.3417	959.2057	1108.63	1250.298	1383.774	1509.742	1629.377	1743.945	1854.603	1962.315	2067.844
370.5	4.739652E-07	4.829383E-05	0.004027778	0.266316	11.41144	158.2053	358.5216	498.7631	648.6113	804.2305	959.1098	1108.551	1250.236	1383.727	1509.707	1629.351	1743.927	1854.59	1962.305	2067.837
371.15	4.743578E-07	4.833894E-05	0.004032106	0.2666515	11.42759	158.319	358.42	498.6424	648.4906	804.1194	959.014	1108.473	1250.175	1383.68	1509.672	1629.325	1743.908	1854.576	1962.296	2067.831
371.8	4.747487E-07	4.838387E-05	0.004036419	0.266986	11.44369	158.432	358.3182	498.5218	648.3699	804.0083	958.9181	1108.394	1250.113	1383.633	1509.636	1629.299	1743.889	1854.563	1962.286	2067.824
372.45	4.751378E-07	4.842861E-05	0.004040716	0.2673195	11.45975	158.5442	358.2164	498.4012	648.2493	803.8972	958.8223	1108.316	1250.051	1383.586	1509.601	1629.273	1743.87	1854.549	1962.276	2067.817
373.1	4.755252E-07	4.847316E-05	0.004044998	0.2676521	11.47577	158.6558	358.1146	498.2806	648.1287	803.7861	958.7264	1108.237	1249.989	1383.539	1509.566	1629.247	1743.852	1854.536	1962.267	2067.81
373.75	4.759108E-07	4.851754E-05	0.004049265	0.2679836	11.49175	158.7667	358.0127	498.1601	648.0082	803.675	958.6307	1108.159	1249.928	1383.491	1509.531	1629.221	1743.833	1854.522	1962.257	2067.803
374.4	4.762947E-07	4.856173E-05	0.004053517	0.2683141	11.50769	158.8769	357.9108	498.0396	647.8876	803.564	958.5349	1108.08	1249.866	1383.444	1509.495	1629.195	1743.814	1854.509	1962.248	2067.796
375.05	4.766768E-07	4.860575E-05	0.004057753	0.2686437	11.52358	158.9865	357.8088	497.9191	647.7672	803.4529	958.439	1108.002	1249.804	1383.397	1509.46	1629.17	1743.795	1854.495	1962.238	2067.79
375.7	4.770573E-07	4.864958E-05	0.004061974	0.2689723	11.53944	159.0953	357.7068	497.7986	647.6466	803.3419	958.3433	1107.923	1249.742	1383.35	1509.425	1629.144	1743.776	1854.482	1962.228	2067.783
376.35	4.774359E-07	4.869324E-05	0.00406618	0.2692999	11.55525	159.2034	357.6047	497.6782	647.5262	803.231	958.2475	1107.845	1249.681	1383.303	1509.39	1629.118	1743.758	1854.469	1962.219	2067.776
377	4.778129E-07	4.873672E-05	0.004070371	0.2696265	11.57102	159.3109	357.5027	497.5578	647.4057	803.1199	958.1517	1107.766	1249.619	1383.256	1509.355	1629.092	1743.739	1854.455	1962.209	2067.769
377.65	4.781883E-07	4.878002E-05	0.004074548	0.2699522	11.58676	159.4177	357.4005	497.4375	647.2853	803.009	958.056	1107.688	1249.557	1383.208	1509.319	1629.066	1743.72	1854.442	1962.199	2067.762
378.3	4.785618E-07	4.882315E-05	0.004078709	0.2702769	11.60245	159.5238	357.2983	497.3171	647.1649	802.8981	957.9603	1107.609	1249.495	1383.161	1509.284	1629.04	1743.701	1854.428	1962.19	2067.755
378.95	4.789338E-07	4.88661E-05	0.004082856	0.2706006	11.6181	159.6293	357.1961	497.1969	647.0445	802.7871	957.8645	1107.531	1249.434	1383.114	1509.249	1629.014	1743.683	1854.414	1962.18	2067.749
379.6	4.79304E-07	4.890887E-05	0.004086987	0.2709233	11.63371	159.7341	357.0939	497.0766	646.9241	802.6762	957.7688	1107.453	1249.372	1383.067	1509.214	1628.989	1743.664	1854.401	1962.17	2067.742
380.25	4.796727E-07	4.895147E-05	0.004091104	0.2712452	11.64928	159.8382	356.9916	496.9564	646.8038	802.5653	957.6731	1107.374	1249.31	1383.02	1509.179	1628.963	1743.645	1854.387	1962.161	2067.735
380.9	4.800396E-07	4.899389E-05	0.004095207	0.271566	11.66481	159.9417	356.8893	496.8362	646.6835	802.4544	957.5774	1107.296	1249.248	1382.973	1509.143	1628.937	1743.626	1854.374	1962.151	2067.728
381.55	4.804049E-07	4.903615E-05	0.004099294	0.2718859	11.6803	160.0445	356.787	496.716	646.5632	802.3435	957.4817	1107.217	1249.187	1382.926	1509.108	1628.911	1743.608	1854.36	1962.142	2067.721
382.2	4.807685E-07	4.907823E-05	0.004103367	0.2722048	11.69575	160.1466	356.6847	496.5958	646.443	802.2327	957.386	1107.139	1249.125	1382.878	1509.073	1628.885	1743.589	1854.347	1962.132	2067.714
382.85	4.811305E-07	4.912014E-05	0.004107426	0.2725228	11.71117	160.2481	356.5823	496.4757	646.3228	802.1218	957.2903	1107.061	1249.063	1382.831	1509.038	1628.859	1743.57	1854.333	1962.122	2067.708
383.5	4.814909E-07	4.916188E-05	0.00411147	0.2728398	11.72654	160.349	356.4799	496.3556	646.2025	802.011	957.1947	1106.982	1249.002	1382.784	1509.002	1628.833	1743.551	1854.32	1962.113	2067.701
384.15	4.818496E-07	4.920345E-05	0.0041155	0.2731559	11.74187	160.4492	356.3774	496.2356	646.0823	801.9002	957.0991	1106.904	1248.94	1382.737	1508.967	1628.807	1743.532	1854.307	1962.103	2067.694
384.8	4.822068E-07	4.924485E-05	0.004119514	0.2734711	11.75716	160.5488	356.2749	496.1155	645.9622	801.7894	957.0034	1106.825	1248.878	1382.69	1508.932	1628.782	1743.514	1854.293	1962.093	2067.687
385.45	4.825623E-07	4.928607E-05	0.004123515	0.2737853	11.77241	160.6477	356.1725	495.9955	645.842	801.6786	956.9078	1106.747	1248.817	1382.643	1508.897	1628.756	1743.495	1854.28	1962.084	2067.68
386.1	4.829162E-07	4.932714E-05	0.004127502	0.2740986	11.78762	160.746	356.0699	495.8755	645.7219	801.5679	956.8121	1106.669	1248.755	1382.596	1508.862	1628.73	1743.476	1854.266	1962.074	2067.673
386.75	4.832685E-07	4.936803E-05	0.004131475	0.2744109	11.8028	160.8436	355.9674	495.7556	645.6018	801.4572	956.7166	1106.59	1248.693	1382.548	1508.826	1628.704	1743.457	1854.253	1962.064	2067.667
387.4	4.836193E-07	4.940876E-05	0.004135433	0.2747223	11.81793	160.9407	355.8649	495.6357	645.4817	801.3464	956.6209	1106.512	1248.631	1382.501	1508.791	1628.678	1743.439	1854.239	1962.055	2067.66
388.05	4.839684E-07	4.944932E-05	0.004139377	0.2750328	11.83302	161.0371	355.7623	495.5158	645.3616	801.2357	956.5253	1106.434	1248.57	1382.454	1508.756	1628.652	1743.42	1854.226	1962.045	2067.653
388.7	4.84316E-07	4.948972E-05	0.004143307	0.2753424	11.84808	161.1328	355.6597	495.396	645.2416	801.125	956.4297	1106.355	1248.508	1382.407	1508.721	1628.626	1743.401	1854.212	1962.036	2067.646
389.35	4.846621E-07	4.952995E-05	0.004147223	0.275651	11.8631	161.228	355.5571	495.2762	645.1216	801.0143	956.3342	1106.277	1248.446	1382.36	1508.686	1628.601	1743.382	1854.199	1962.026	2067.639
390	4.850065E-07	4.957002E-05	0.004151125	0.2759587	11.87807	161.3225	355.4544	495.1564	645.0016	800.9037	956.2386	1106.199	1248.385	1382.313	1508.651	1628.575	1743.364	1854.185	1962.016	2067.632
390.65	4.853494E-07	4.960992E-05	0.004155014	0.2762655	11.89301	161.4164	355.3518	495.0366	644.8817	800.793	956.1431	1106.12	1248.323	1382.266	1508.615	1628.549	1743.345	1854.172	1962.007	2067.625
391.3	4.856908E-07	4.964967E-05	0.004158888	0.2765715	11.90791	161.5097	355.2491	494.9169	644.7617	800.6824	956.0475	1106.042	1248.261	1382.219	1508.58	1628.523	1743.326	1854.158	1961.997	2067.619
391.95	4.860306E-07	4.968924E-05	0.004162748	0.2768764	11.92278	161.6024	355.1465	494.7972	644.6418	800.5718	955.952	1105.964	1248.2	1382.172	1508.545	1628.497	1743.307	1854.145	1961.987	2067.612
392.6	4.863689E-07	4.972866E-05	0.004166595	0.2771805	11.9376	161.6945	355.0438	494.6776	644.5219	800.4612	955.8565	1105.885	1248.138	1382.125	1508.51	1628.471	1743.288	1854.131	1961.978	2067.605
393.25	4.867057E-07	4.976792E-05	0.004170428	0.2774837	11.95238	161.7859	354.9411	494.5579	644.402	800.3506	955.761	1105.807	1248.076	1382.077	1508.474	1628.445	1743.27	1854.118	1961.968	2067.598
393.9	4.87041E-07	4.980702E-05	0.004174247	0.2777859	11.96713	161.8768	354.8384	494.4383	644.2822	800.2401	955.6655	1105.729	1248.015	1382.03	1508.439	1628.42	1743.251	1854.104	1961.958	2067.591
394.55	4.873747E-07	4.984596E-05	0.004178053	0.2780873	11.98184	161.967	354.7357	494.3187	644.1624	800.1295	955.57	1105.651	1247.953	1381.983	1508.404	1628.394	1743.232	1854.091	1961.949	2067.584
395.2	4.87707E-07	4.988474E-05	0.004181845	0.2783878	11.99651	162.0567	354.6329	494.1992	644.0426	800.019	955.4745	1105.572	1247.891	1381.936	1508.369	1628.368	1743.213	1854.077	1961.939	2067.578
395.85	4.880378E-07	4.992336E-05	0.004185623	0.2786873	12.01114	162.1458	354.5302	494.0797	643.9229	799.9084	955.3791	1105.494	1247.83	1381.889	1508.334	1628.342	1743.195	1854.064	1961.93	2067.571
396.5	4.88367E-07	4.996182E-05	0.004189389	0.278986	12.02574	162.2343	354.4274	493.9602	643.8031	799.798	955.2836	1105.416	1247.768	1381.842	1508.299	1628.316	1743.176	1854.05	1961.92	2067.564
397.15	4.886948E-07	5.000013E-05	0.00419314	0.2792838	12.04029	162.3221	354.3247	493.8407	643.6833	799.6874	955.1882	1105.338	1247.707	1381.795	1508.263	1628.29	1743.157	1854.037	1961.91	2067.557
397.8	4.890211E-07	5.003828E-05	0.004196879	0.2795807	12.05481	162.4094	354.2219	493.7213	643.5637	799.577	955.0928	1105.259	1247.645	1381.748	1508.228	1628.264	1743.138	1854.023	1961.901	2067.551
398.45	4.89346E-07	5.007628E-05	0.004200604	0.2798767	12.0693	162.4961	354.1191	493.6019	643.444	799.4666	954.9973	1105.181	1247.583	1381.701	1508.193	1628.239	1743.12	1854.01	1961.891	2067.544
399.1	4.896693E-07	5.011411E-05	0.004204315	0.2801719	12.08374	162.5823	354.0164	493.4825	643.3243	799.3561	954.9019	1105.103	1247.522	1381.653	1508.158	1628.213	1743.101	1853.996	1961.881	2067.537
399.75	4.899912E-07	5.01518E-05	0.004208014	0.2804661	12.09815	162.6678	353.9136	493.3632	643.2047	799.2457	954.8065	1105.025	1247.46	1381.606	1508.123	1628.187	1743.082	1853.983	1961.872	2067.53
400.4	4.903117E-07	5.018933E-05	0.004211699	0.2807595	12.11252	162.7528	353.8108	493.2439	643.085	799.1353	954.7111	1104.946	1247.398	1381.559	1508.087	1628.161	1743.063	1853.969	1961.862	2067.523
401.05	4.906307E-07	5.022671E-05	0.004215371	0.2810521	12.12685	162.8372	353.708	493.1246	642.9655	799.0249	954.6157	1104.868	1247.337	1381.512	1508.052	1628.135	1743.045	1853.956	1961.853	2067.516
401.7	4.909483E-07	5.026394E-05	0.00421903	0.2813437	12.14114	162.921	353.6052	493.0053	642.8459	798.9145	954.5203	1104.79	1247.275	1381.465	1508.017	1628.109	1743.026	1853.942	1961.843	2067.51
402.35	4.912645E-07	5.030102E-05	0.004222676	0.2816344	12.1554	163.0043	353.5024	492.8861	642.7264	798.8041	954.425	1104.712	1247.214	1381.418	1507.982	1628.083	1743.007	1853.929	1961.833	2067.503
403	4.915792E-07	5.033794E-05	0.004226309	0.2819244	12.16962	163.0869	353.3996	492.7669	642.6068	798.6938	954.3297	1104.634	1247.152	1381.371	1507.947	1628.058	1742.988	1853.915	1961.824	2067.496
403.65	4.918925E-07	5.037471E-05	0.004229929	0.2822134	12.18381	163.1691	353.2968	492.6478	642.4873	798.5835	954.2343	1104.555	1247.09	1381.324	1507.911	1628.032	1742.969	1853.902	1961.814	2067.489
404.3	4.922045E-07	5.041134E-05	0.004233536	0.2825016	12.19795	163.2506	353.194	492.5286	642.3679	798.4732	954.139	1104.477	1247.029	1381.277	1507.876	1628.006	1742.951	1853.888	1961.804	2067.482
404.95	4.92515E-07	5.044782E-05	0.00423713	0.2827889	12.21206	163.3316	353.0912	492.4095	642.2484	798.3629	954.0436	1104.399	1246.967	1381.23	1507.841	1627.98	1742.932	1853.875	1961.795	2067.475
405.6	4.928241E-07	5.048414E-05	0.004240711	0.2830754	12.22614	163.4121	352.9884	492.2905	642.129	798.2526	953.9483	1104.321	1246.906	1381.183	1507.806	1627.954	1742.913	1853.861	1961.785	2067.469
406.25	4.931318E-07	5.052032E-05	0.00424428	0.283361	12.24017	163.492	352.8857	492.1714	642.0096	798.1423	953.853	1104.243	1246.844	1381.136	1507.771	1627.928	1742.894	1853.848	1961.776	2067.462
406.9	4.934381E-07	5.055635E-05	0.004247836	0.2836457	12.25418	163.5713	352.7828	492.0524	641.8902	798.0321	953.7578	1104.164	1246.782	1381.089	1507.736	1627.902	1742.876	1853.834	1961.766	2067.455
407.55	4.937431E-07	5.059223E-05	0.004251379	0.2839297	12.26814	163.6501	352.6801	491.9334	641.7708	797.9219	953.6625	1104.086	1246.721	1381.042	1507.701	1627.877	1742.857	1853.821	1961.756	2067.448
408.2	4.940467E-07	5.062797E-05	0.00425491	0.2842127	12.28207	163.7283	352.5773	491.8145	641.6515	797.8116	953.5672	1104.008	1246.659	1380.994	1507.665	1627.851	1742.838	1853.807	1961.747	2067.441
408.85	4.943489E-07	5.066356E-05	0.004258427	0.284495	12.29596	163.806	352.4745	491.6956	641.5322	797.7015	953.4719	1103.93	1246.598	1380.947	1507.63	1627.825	1742.819	1853.794	1961.737	2067.434
409.5	4.946497E-07	5.069901E-05	0.004261933	0.2847764	12.30982	163.8832	352.3717	491.5767	641.4129	797.5913	953.3766	1103.852	1246.536	1380.9	1507.595	1627.799	1742.801	1853.78	1961.727	2067.427
410.15	4.949492E-07	5.073431E-05	0.004265426	0.2850569	12.32364	163.9598	352.2689	491.4578	641.2936	797.4811	953.2814	1103.774	1246.475	1380.853	1507.56	1627.773	1742.782	1853.767	1961.718	2067.421
410.8	4.952474E-07	5.076947E-05	0.004268906	0.2853366	12.33742	164.0359	352.1662	491.339	641.1744	797.371	953.1862	1103.696	1246.413	1380.806	1507.525	1627.747	1742.763	1853.753	1961.708	2067.414
411.45	4.955442E-07	5.080448E-05	0.004272374	0.2856155	12.35117	164.1114	352.0634	491.2202	641.0552	797.2609	953.0909	1103.617	1246.351	1380.759	1507.49	1627.722	1742.744	1853.74	1961.699	2067.407
412.1	4.958396E-07	5.083936E-05	0.00427583	0.2858936	12.36488	164.1864	351.9606	491.1014	640.936	797.1508	952.9957	1103.539	1246.29	1380.712	1507.454	1627.696	1742.726	1853.726	1961.689	2067.4
412.75	4.961338E-07	5.087408E-05	0.004279273	0.2861708	12.37856	164.2609	351.8579	490.9827	640.8168	797.0406	952.9006	1103.461	1246.228	1380.665	1507.419	1627.67	1742.707	1853.713	1961.679	2067.393
413.4	4.964266E-07	5.090867E-05	0.004282704	0.2864472	12.3922	164.3348	351.7551	490.864	640.6976	796.9305	952.8054	1103.383	1246.167	1380.618	1507.384	1627.644	1742.688	1853.699	1961.67	2067.386
414.05	4.967181E-07	5.094312E-05	0.004286123	0.2867227	12.40581	164.4083	351.6524	490.7453	640.5785	796.8205	952.7102	1103.305	1246.105	1380.571	1507.349	1627.618	1742.669	1853.686	1961.66	2067.38
414.7	4.970083E-07	5.097743E-05	0.004289529	0.2869975	12.41938	164.4812	351.5497	490.6266	640.4594	796.7104	952.615	1103.227	1246.044	1380.524	1507.314	1627.592	1742.651	1853.672	1961.65	2067.373
415.35	4.972972E-07	5.101159E-05	0.004292924	0.2872714	12.43291	164.5535	351.447	490.508	640.3403	796.6004	952.5198	1103.149	1245.982	1380.477	1507.279	1627.567	1742.632	1853.659	1961.641	2067.366
416	4.975847E-07	5.104562E-05	0.004296306	0.2875446	12.44641	164.6254	351.3442	490.3894	640.2213	796.4904	952.4247	1103.071	1245.921	1380.43	1507.243	1627.541	1742.613	1853.646	1961.631	2067.359
416.65	4.97871E-07	5.107951E-05	0.004299677	0.2878169	12.45988	164.6968	351.2415	490.2708	640.1022	796.3804	952.3295	1102.993	1245.859	1380.383	1507.208	1627.515	1742.594	1853.632	1961.622	2067.352
417.3	4.98156E-07	5.111326E-05	0.004303035	0.2880884	12.47331	164.7676	351.1389	490.1523	639.9832	796.2704	952.2344	1102.915	1245.798	1380.336	1507.173	1627.489	1742.576	1853.619	1961.612	2067.345
417.95	4.984397E-07	5.114688E-05	0.004306381	0.288359	12.48671	164.8379	351.0362	490.0338	639.8642	796.1604	952.1393	1102.837	1245.736	1380.289	1507.138	1627.463	1742.557	1853.605	1961.602	2067.339
418.6	4.987221E-07	5.118035E-05	0.004309715	0.2886289	12.50007	164.9077	350.9335	489.9153	639.7452	796.0504	952.0442	1102.758	1245.675	1380.242	1507.103	1627.437	1742.538	1853.592	1961.593	2067.332
419.25	4.990033E-07	5.121369E-05	0.004313038	0.288898	12.51339	164.977	350.8308	489.7969	639.6263	795.9405	951.9491	1102.68	1245.613	1380.195	1507.068	1627.411	1742.519	1853.578	1961.583	2067.325
419.9	4.992831E-07	5.12469E-05	0.004316348	0.2891663	12.52668	165.0458	350.7282	489.6785	639.5074	795.8306	951.854	1102.602	1245.552	1380.148	1507.032	1627.386	1742.5	1853.565	1961.573	2067.318
420.55	4.995618E-07	5.127996E-05	0.004319647	0.2894337	12.53994	165.1141	350.6255	489.5601	639.3885	795.7206	951.7589	1102.524	1245.49	1380.101	1506.997	1627.36	1742.482	1853.551	1961.564	2067.311
421.2	4.998392E-07	5.13129E-05	0.004322934	0.2897004	12.55316	165.1819	350.5229	489.4417	639.2696	795.6108	951.6639	1102.446	1245.429	1380.054	1506.962	1627.334	1742.463	1853.538	1961.554	2067.304
421.85	5.001153E-07	5.13457E-05	0.004326209	0.2899663	12.56635	165.2492	350.4203	489.3234	639.1508	795.5009	951.5688	1102.368	1245.367	1380.007	1506.927	1627.308	1742.444	1853.524	1961.545	2067.298
422.5	5.003902E-07	5.137836E-05	0.004329473	0.2902314	12.5795	165.316	350.3177	489.2051	639.0319	795.3911	951.4738	1102.29	1245.306	1379.96	1506.892	1627.282	1742.426	1853.511	1961.535	2067.291
423.15	5.006639E-07	5.141089E-05	0.004332724	0.2904957	12.59262	165.3824	350.2151	489.0868	638.9131	795.2812	951.3787	1102.212	1245.244	1379.912	1506.857	1627.256	1742.407	1853.497	1961.525	2067.284
423.8	5.009363E-07	5.14433E-05	0.004335965	0.2907592	12.60571	165.4482	350.1125	488.9686	638.7943	795.1714	951.2837	1102.134	1245.182	1379.865	1506.822	1627.231	1742.388	1853.484	1961.516	2067.277
424.45	5.012075E-07	5.147556E-05	0.004339194	0.291022	12.61876	165.5135	350.01	488.8504	638.6756	795.0615	951.1887	1102.056	1245.121	1379.818	1506.786	1627.205	1742.369	1853.47	1961.506	2067.27
425.1	5.014774E-07	5.15077E-05	0.004342411	0.2912839	12.63177	165.5784	349.9074	488.7322	638.5568	794.9517	951.0936	1101.978	1245.06	1379.771	1506.751	1627.179	1742.351	1853.457	1961.496	2067.263
425.75	5.017462E-07	5.15397E-05	0.004345617	0.2915451	12.64476	165.6427	349.8049	488.614	638.4381	794.842	950.9987	1101.9	1244.998	1379.724	1506.716	1627.153	1742.332	1853.443	1961.487	2067.257
426.4	5.020137E-07	5.157158E-05	0.004348811	0.2918055	12.65771	165.7066	349.7024	488.4959	638.3195	794.7322	950.9037	1101.822	1244.937	1379.677	1506.681	1627.127	1742.313	1853.43	1961.477	2067.25
427.05	5.0228E-07	5.160333E-05	0.004351994	0.2920651	12.67062	165.77	349.5999	488.3778	638.2007	794.6224	950.8087	1101.744	1244.875	1379.63	1506.646	1627.102	1742.294	1853.416	1961.468	2067.243
427.7	5.025452E-07	5.163494E-05	0.004355166	0.2923239	12.68351	165.8329	349.4974	488.2598	638.0821	794.5127	950.7137	1101.666	1244.814	1379.583	1506.611	1627.076	1742.276	1853.403	1961.458	2067.236
428.35	5.028091E-07	5.166643E-05	0.004358326	0.292582	12.69635	165.8954	349.395	488.1417	637.9635	794.403	950.6188	1101.588	1244.752	1379.536	1506.576	1627.05	1742.257	1853.389	1961.448	2067.229
429	5.030719E-07	5.169779E-05	0.004361475	0.2928393	12.70917	165.9573	349.2925	488.0237	637.8449	794.2933	950.5238	1101.51	1244.691	1379.49	1506.541	1627.024	1742.238	1853.376	1961.439	2067.222
429.65	5.033335E-07	5.172902E-05	0.004364613	0.2930958	12.72195	166.0188	349.1901	487.9058	637.7263	794.1836	950.4289	1101.432	1244.629	1379.443	1506.505	1626.998	1742.219	1853.362	1961.429	2067.216
430.3	5.035939E-07	5.176012E-05	0.004367739	0.2933516	12.7347	166.0799	349.0876	487.7878	637.6078	794.074	950.334	1101.354	1244.568	1379.396	1506.47	1626.972	1742.201	1853.349	1961.419	2067.209
430.95	5.038531E-07	5.17911E-05	0.004370855	0.2936066	12.74741	166.1404	348.9852	487.6699	637.4893	793.9643	950.239	1101.277	1244.506	1379.349	1506.435	1626.947	1742.182	1853.335	1961.41	2067.202
431.6	5.041111E-07	5.182195E-05	0.004373959	0.2938609	12.76009	166.2005	348.8828	487.552	637.3707	793.8547	950.1441	1101.199	1244.445	1379.302	1506.4	1626.921	1742.163	1853.322	1961.4	2067.195
432.25	5.04368E-07	5.185267E-05	0.004377052	0.2941144	12.77274	166.2602	348.7805	487.4342	637.2523	793.7451	950.0493	1101.121	1244.383	1379.255	1506.365	1626.895	1742.144	1853.308	1961.391	2067.188
432.9	5.046238E-07	5.188327E-05	0.004380134	0.2943671	12.78536	166.3193	348.6781	487.3163	637.1338	793.6354	949.9543	1101.043	1244.322	1379.208	1506.33	1626.869	1742.126	1853.295	1961.381	2067.182
433.55	5.048784E-07	5.191374E-05	0.004383205	0.2946191	12.79794	166.3781	348.5758	487.1985	637.0153	793.5258	949.8595	1100.965	1244.261	1379.161	1506.295	1626.843	1742.107	1853.281	1961.371	2067.175
434.2	5.051318E-07	5.194409E-05	0.004386266	0.2948703	12.81049	166.4363	348.4735	487.0808	636.8969	793.4163	949.7646	1100.887	1244.199	1379.114	1506.26	1626.818	1742.088	1853.268	1961.362	2067.168
434.85	5.053841E-07	5.197432E-05	0.004389315	0.2951208	12.82301	166.4941	348.3712	486.963	636.7785	793.3067	949.6697	1100.809	1244.138	1379.067	1506.224	1626.792	1742.069	1853.255	1961.352	2067.161
435.5	5.056353E-07	5.200442E-05	0.004392353	0.2953705	12.83549	166.5515	348.2689	486.8453	636.6602	793.1971	949.5749	1100.731	1244.076	1379.02	1506.189	1626.766	1742.051	1853.241	1961.342	2067.154
436.15	5.058853E-07	5.20344E-05	0.004395381	0.2956195	12.84795	166.6084	348.1667	486.7277	636.5418	793.0876	949.48	1100.653	1244.015	1378.973	1506.154	1626.74	1742.032	1853.228	1961.333	2067.147
436.8	5.061342E-07	5.206426E-05	0.004398398	0.2958678	12.86036	166.6648	348.0644	486.61	636.4235	792.9781	949.3853	1100.575	1243.953	1378.926	1506.119	1626.714	1742.013	1853.214	1961.323	2067.141
437.45	5.06382E-07	5.2094E-05	0.004401404	0.2961153	12.87275	166.7208	347.9622	486.4924	636.3052	792.8687	949.2904	1100.497	1243.892	1378.879	1506.084	1626.688	1741.994	1853.201	1961.314	2067.134
438.1	5.066286E-07	5.212361E-05	0.004404399	0.2963621	12.88511	166.7764	347.86	486.3748	636.1869	792.7592	949.1956	1100.42	1243.831	1378.832	1506.049	1626.663	1741.976	1853.187	1961.304	2067.127
438.75	5.068742E-07	5.215311E-05	0.004407384	0.2966081	12.89743	166.8315	347.7578	486.2572	636.0687	792.6497	949.1008	1100.342	1243.769	1378.785	1506.014	1626.637	1741.957	1853.174	1961.294	2067.12
439.4	5.071187E-07	5.218248E-05	0.004410358	0.2968534	12.90972	166.8862	347.6557	486.1397	635.9504	792.5402	949.006	1100.264	1243.708	1378.738	1505.979	1626.611	1741.938	1853.16	1961.285	2067.113
440.05	5.07362E-07	5.221174E-05	0.004413321	0.297098	12.92198	166.9404	347.5535	486.0222	635.8322	792.4308	948.9113	1100.186	1243.646	1378.691	1505.943	1626.585	1741.919	1853.147	1961.275	2067.106
440.7	5.076043E-07	5.224087E-05	0.004416274	0.2973418	12.93421	166.9942	347.4514	485.9047	635.714	792.3214	948.8165	1100.108	1243.585	1378.644	1505.908	1626.559	1741.901	1853.133	1961.266	2067.1
441.35	5.078454E-07	5.226989E-05	0.004419216	0.297585	12.9464	167.0476	347.3493	485.7873	635.5958	792.212	948.7217	1100.03	1243.524	1378.597	1505.873	1626.533	1741.882	1853.12	1961.256	2067.093
442	5.080855E-07	5.229879E-05	0.004422148	0.2978274	12.95856	167.1005	347.2472	485.6699	635.4777	792.1026	948.627	1099.953	1243.462	1378.55	1505.838	1626.508	1741.863	1853.106	1961.246	2067.086
442.65	5.083245E-07	5.232757E-05	0.004425069	0.298069	12.97069	167.153	347.1452	485.5525	635.3596	791.9932	948.5323	1099.875	1243.401	1378.503	1505.803	1626.482	1741.844	1853.093	1961.237	2067.079
443.3	5.085624E-07	5.235623E-05	0.00442798	0.29831	12.98279	167.2051	347.0432	485.4352	635.2415	791.8839	948.4376	1099.797	1243.339	1378.456	1505.768	1626.456	1741.826	1853.079	1961.227	2067.072
443.95	5.087993E-07	5.238477E-05	0.004430881	0.2985502	12.99486	167.2567	346.9411	485.3178	635.1234	791.7745	948.3428	1099.719	1243.278	1378.409	1505.733	1626.43	1741.807	1853.066	1961.217	2067.065
444.6	5.090351E-07	5.24132E-05	0.004433771	0.2987897	13.0069	167.308	346.8391	485.2005	635.0054	791.6652	948.2481	1099.641	1243.217	1378.362	1505.698	1626.404	1741.788	1853.052	1961.208	2067.059
445.25	5.092698E-07	5.244152E-05	0.004436651	0.2990285	13.0189	167.3587	346.7372	485.0833	634.8873	791.5559	948.1534	1099.563	1243.155	1378.315	1505.662	1626.379	1741.769	1853.039	1961.198	2067.052
445.9	5.095035E-07	5.246972E-05	0.00443952	0.2992666	13.03087	167.4091	346.6352	484.966	634.7693	791.4467	948.0587	1099.486	1243.094	1378.268	1505.627	1626.353	1741.751	1853.025	1961.188	2067.045
446.55	5.097361E-07	5.24978E-05	0.004442379	0.299504	13.04281	167.4591	346.5333	484.8488	634.6513	791.3373	947.9641	1099.408	1243.032	1378.221	1505.592	1626.327	1741.732	1853.012	1961.179	2067.038
447.2	5.099677E-07	5.252577E-05	0.004445229	0.2997407	13.05472	167.5086	346.4314	484.7316	634.5334	791.2281	947.8694	1099.33	1242.971	1378.174	1505.557	1626.301	1741.713	1852.998	1961.169	2067.031
447.85	5.101982E-07	5.255363E-05	0.004448067	0.2999767	13.0666	167.5578	346.3295	484.6145	634.4154	791.1188	947.7747	1099.252	1242.91	1378.127	1505.522	1626.275	1741.694	1852.985	1961.16	2067.024
448.5	5.104276E-07	5.258137E-05	0.004450896	0.300212	13.07845	167.6065	346.2277	484.4973	634.2975	791.0096	947.6801	1099.174	1242.848	1378.08	1505.487	1626.25	1741.676	1852.971	1961.15	2067.018
449.15	5.106561E-07	5.2609E-05	0.004453715	0.3004465	13.09027	167.6548	346.1258	484.3803	634.1796	790.9005	947.5854	1099.097	1242.787	1378.033	1505.452	1626.224	1741.657	1852.958	1961.14	2067.011
449.8	5.108835E-07	5.263651E-05	0.004456524	0.3006804	13.10206	167.7027	346.024	484.2632	634.0618	790.7913	947.4908	1099.019	1242.726	1377.986	1505.417	1626.198	1741.638	1852.944	1961.131	2067.004
450.45	5.111099E-07	5.266392E-05	0.004459322	0.3009136	13.11381	167.7502	345.9222	484.1462	633.9439	790.6821	947.3962	1098.941	1242.664	1377.939	1505.382	1626.172	1741.62	1852.931	1961.121	2066.997
451.1	5.113353E-07	5.269121E-05	0.004462111	0.301146	13.12554	167.7972	345.8205	484.0292	633.8261	790.5729	947.3016	1098.863	1242.603	1377.893	1505.347	1626.146	1741.601	1852.917	1961.112	2066.99
451.75	5.115597E-07	5.271839E-05	0.00446489	0.3013778	13.13723	167.8439	345.7188	483.9122	633.7083	790.4637	947.207	1098.786	1242.542	1377.846	1505.312	1626.12	1741.582	1852.904	1961.102	2066.983
452.4	5.117831E-07	5.274546E-05	0.004467659	0.3016089	13.14889	167.8902	345.617	483.7953	633.5905	790.3546	947.1124	1098.708	1242.48	1377.799	1505.276	1626.095	1741.563	1852.891	1961.092	2066.977
453.05	5.120054E-07	5.277242E-05	0.004470418	0.3018393	13.16053	167.9361	345.5153	483.6783	633.4728	790.2455	947.0179	1098.63	1242.419	1377.752	1505.241	1626.069	1741.545	1852.877	1961.083	2066.97
453.7	5.122267E-07	5.279927E-05	0.004473167	0.302069	13.17213	167.9815	345.4137	483.5615	633.355	790.1364	946.9233	1098.552	1242.358	1377.705	1505.206	1626.043	1741.526	1852.864	1961.073	2066.963
454.35	5.124471E-07	5.282601E-05	0.004475906	0.3022981	13.1837	168.0266	345.312	483.4446	633.2373	790.0273	946.8287	1098.475	1242.296	1377.658	1505.171	1626.017	1741.507	1852.85	1961.063	2066.956
455	5.126665E-07	5.285264E-05	0.004478635	0.3025264	13.19524	168.0713	345.2104	483.3278	633.1196	789.9183	946.7342	1098.397	1242.235	1377.611	1505.136	1625.991	1741.488	1852.837	1961.054	2066.949
455.65	5.128848E-07	5.287916E-05	0.004481355	0.3027541	13.20675	168.1156	345.1088	483.211	633.002	789.8092	946.6397	1098.319	1242.174	1377.564	1505.101	1625.966	1741.47	1852.823	1961.044	2066.943
456.3	5.131022E-07	5.290558E-05	0.004484065	0.3029811	13.21824	168.1595	345.0072	483.0942	632.8843	789.7002	946.5452	1098.242	1242.112	1377.517	1505.066	1625.94	1741.451	1852.81	1961.035	2066.936
456.95	5.133186E-07	5.293188E-05	0.004486766	0.3032074	13.22969	168.203	344.9057	482.9775	632.7667	789.5911	946.4506	1098.164	1242.051	1377.47	1505.031	1625.914	1741.432	1852.796	1961.025	2066.929
457.6	5.135341E-07	5.295808E-05	0.004489456	0.3034331	13.24111	168.2461	344.8042	482.8607	632.6491	789.4821	946.3561	1098.086	1241.99	1377.423	1504.996	1625.888	1741.413	1852.783	1961.015	2066.922
458.25	5.137485E-07	5.298417E-05	0.004492138	0.303658	13.2525	168.2888	344.7027	482.7441	632.5316	789.3732	946.2617	1098.008	1241.928	1377.376	1504.961	1625.862	1741.395	1852.769	1961.006	2066.915
458.9	5.13962E-07	5.301016E-05	0.004494809	0.3038823	13.26386	168.3311	344.6012	482.6274	632.414	789.2642	946.1672	1097.931	1241.867	1377.329	1504.926	1625.837	1741.376	1852.756	1960.996	2066.908
459.55	5.141746E-07	5.303604E-05	0.004497471	0.304106	13.27519	168.3731	344.4998	482.5108	632.2964	789.1552	946.0727	1097.853	1241.806	1377.283	1504.89	1625.811	1741.357	1852.742	1960.986	2066.902
460.2	5.143862E-07	5.306182E-05	0.004500124	0.3043289	13.2865	168.4147	344.3983	482.3942	632.179	789.0463	945.9782	1097.775	1241.745	1377.236	1504.855	1625.785	1741.339	1852.729	1960.977	2066.895
460.85	5.145968E-07	5.308749E-05	0.004502767	0.3045512	13.29777	168.4559	344.297	482.2776	632.0615	788.9374	945.8838	1097.698	1241.683	1377.189	1504.82	1625.759	1741.32	1852.715	1960.967	2066.888
461.5	5.148065E-07	5.311305E-05	0.004505401	0.3047729	13.30901	168.4967	344.1956	482.1611	631.944	788.8284	945.7894	1097.62	1241.622	1377.142	1504.785	1625.734	1741.301	1852.702	1960.958	2066.881
462.15	5.150152E-07	5.313851E-05	0.004508025	0.3049939	13.32022	168.5372	344.0942	482.0446	631.8265	788.7195	945.6949	1097.542	1241.561	1377.095	1504.75	1625.708	1741.282	1852.688	1960.948	2066.874
462.8	5.15223E-07	5.316387E-05	0.00451064	0.3052142	13.33141	168.5773	343.9929	481.9281	631.7092	788.6107	945.6005	1097.465	1241.499	1377.048	1504.715	1625.682	1741.264	1852.675	1960.938	2066.867
463.45	5.154299E-07	5.318912E-05	0.004513246	0.3054338	13.34256	168.617	343.8916	481.8117	631.5917	788.5018	945.5061	1097.387	1241.438	1377.001	1504.68	1625.656	1741.245	1852.661	1960.929	2066.861
464.1	5.156358E-07	5.321427E-05	0.004515842	0.3056529	13.35369	168.6563	343.7904	481.6953	631.4744	788.393	945.4117	1097.31	1241.377	1376.954	1504.645	1625.63	1741.226	1852.648	1960.919	2066.854
464.75	5.158408E-07	5.323932E-05	0.004518429	0.3058712	13.36478	168.6953	343.6891	481.5789	631.3571	788.2841	945.3173	1097.232	1241.316	1376.907	1504.61	1625.604	1741.207	1852.635	1960.91	2066.847
465.4	5.160449E-07	5.326427E-05	0.004521006	0.3060889	13.37585	168.7338	343.5879	481.4625	631.2397	788.1754	945.2229	1097.154	1241.254	1376.86	1504.575	1625.579	1741.189	1852.621	1960.9	2066.84
466.05	5.162481E-07	5.328911E-05	0.004523575	0.306306	13.38689	168.7721	343.4868	481.3462	631.1224	788.0665	945.1285	1097.077	1241.193	1376.814	1504.54	1625.553	1741.17	1852.608	1960.89	2066.833
466.7	5.164503E-07	5.331386E-05	0.004526135	0.3065224	13.3979	168.8099	343.3856	481.2299	631.0051	787.9578	945.0342	1096.999	1241.132	1376.767	1504.505	1625.527	1741.151	1852.594	1960.881	2066.826
467.35	5.166517E-07	5.33385E-05	0.004528685	0.3067381	13.40888	168.8474	343.2845	481.1136	630.8879	787.849	944.9398	1096.922	1241.07	1376.72	1504.469	1625.501	1741.132	1852.581	1960.871	2066.82
468	5.168521E-07	5.336304E-05	0.004531226	0.3069533	13.41983	168.8846	343.1833	480.9973	630.7706	787.7402	944.8455	1096.844	1241.009	1376.673	1504.434	1625.476	1741.114	1852.567	1960.861	2066.813
468.65	5.170516E-07	5.338748E-05	0.004533758	0.3071677	13.43075	168.9214	343.0823	480.8811	630.6534	787.6315	944.7512	1096.766	1240.948	1376.626	1504.399	1625.45	1741.095	1852.554	1960.852	2066.806
469.3	5.172502E-07	5.341182E-05	0.004536281	0.3073816	13.44164	168.9578	342.9812	480.765	630.5363	787.5228	944.6568	1096.689	1240.887	1376.579	1504.364	1625.424	1741.076	1852.54	1960.842	2066.799
469.95	5.17448E-07	5.343607E-05	0.004538795	0.3075948	13.45251	168.9939	342.8802	480.6488	630.4191	787.4141	944.5625	1096.611	1240.825	1376.532	1504.329	1625.398	1741.057	1852.527	1960.833	2066.792
470.6	5.176448E-07	5.346021E-05	0.0045413	0.3078074	13.46335	169.0296	342.7792	480.5327	630.3019	787.3054	944.4682	1096.534	1240.764	1376.485	1504.294	1625.372	1741.039	1852.513	1960.823	2066.786
471.25	5.178408E-07	5.348425E-05	0.004543797	0.3080193	13.47415	169.065	342.6782	480.4166	630.1848	787.1967	944.3739	1096.456	1240.703	1376.438	1504.259	1625.347	1741.02	1852.5	1960.813	2066.779
471.9	5.180358E-07	5.35082E-05	0.004546284	0.3082306	13.48493	169.1	342.5773	480.3005	630.0677	787.0881	944.2797	1096.378	1240.642	1376.392	1504.224	1625.321	1741.001	1852.486	1960.804	2066.772
472.55	5.1823E-07	5.353205E-05	0.004548762	0.3084413	13.49568	169.1346	342.4764	480.1845	629.9506	786.9794	944.1854	1096.301	1240.58	1376.345	1504.189	1625.295	1740.983	1852.473	1960.794	2066.765
473.2	5.184233E-07	5.355581E-05	0.004551232	0.3086513	13.50641	169.1689	342.3755	480.0685	629.8336	786.8708	944.0911	1096.223	1240.519	1376.298	1504.154	1625.269	1740.964	1852.459	1960.785	2066.758
473.85	5.186158E-07	5.357946E-05	0.004553692	0.3088607	13.5171	169.2029	342.2746	479.9525	629.7166	786.7622	943.9969	1096.146	1240.458	1376.251	1504.119	1625.243	1740.945	1852.446	1960.775	2066.751
474.5	5.188074E-07	5.360302E-05	0.004556145	0.3090695	13.52777	169.2365	342.1738	479.8365	629.5995	786.6536	943.9026	1096.068	1240.397	1376.204	1504.084	1625.218	1740.927	1852.432	1960.765	2066.745
475.15	5.189981E-07	5.362649E-05	0.004558588	0.3092777	13.53841	169.2698	342.073	479.7206	629.4826	786.545	943.8084	1095.991	1240.336	1376.157	1504.049	1625.192	1740.908	1852.419	1960.756	2066.738
475.8	5.19188E-07	5.364985E-05	0.004561022	0.3094852	13.54902	169.3028	341.9722	479.6047	629.3656	786.4365	943.7142	1095.913	1240.274	1376.11	1504.014	1625.166	1740.889	1852.406	1960.746	2066.731
476.45	5.19377E-07	5.367312E-05	0.004563448	0.3096922	13.5596	169.3354	341.8714	479.4888	629.2487	786.3279	943.6199	1095.836	1240.213	1376.063	1503.979	1625.14	1740.87	1852.392	1960.736	2066.724
477.1	5.195652E-07	5.36963E-05	0.004565865	0.3098985	13.57016	169.3676	341.7707	479.373	629.1318	786.2194	943.5258	1095.758	1240.152	1376.017	1503.943	1625.115	1740.852	1852.379	1960.727	2066.717
477.75	5.197525E-07	5.371938E-05	0.004568274	0.3101042	13.58068	169.3996	341.67	479.2572	629.0149	786.1108	943.4316	1095.681	1240.091	1375.97	1503.908	1625.089	1740.833	1852.365	1960.717	2066.71
478.4	5.199389E-07	5.374237E-05	0.004570674	0.3103093	13.59118	169.4312	341.5694	479.1414	628.898	786.0024	943.3374	1095.603	1240.03	1375.923	1503.873	1625.063	1740.814	1852.352	1960.708	2066.704
479.05	5.201246E-07	5.376527E-05	0.004573065	0.3105137	13.60165	169.4624	341.4687	479.0257	628.7811	785.8939	943.2432	1095.526	1239.968	1375.876	1503.838	1625.037	1740.795	1852.338	1960.698	2066.697
479.7	5.203094E-07	5.378807E-05	0.004575448	0.3107176	13.6121	169.4933	341.3681	478.9099	628.6643	785.7854	943.149	1095.448	1239.907	1375.829	1503.803	1625.011	1740.777	1852.325	1960.688	2066.69
480.35	5.204933E-07	5.381078E-05	0.004577823	0.3109209	13.62251	169.5239	341.2675	478.7943	628.5475	785.6769	943.0549	1095.371	1239.846	1375.782	1503.768	1624.986	1740.758	1852.311	1960.679	2066.683
481	5.206765E-07	5.38334E-05	0.004580188	0.3111235	13.6329	169.5542	341.167	478.6786	628.4307	785.5685	942.9608	1095.293	1239.785	1375.736	1503.733	1624.96	1740.739	1852.298	1960.669	2066.676
481.65	5.208587E-07	5.385592E-05	0.004582546	0.3113256	13.64326	169.5841	341.0664	478.5629	628.314	785.4601	942.8666	1095.216	1239.724	1375.689	1503.698	1624.934	1740.72	1852.284	1960.659	2066.669
482.3	5.210402E-07	5.387835E-05	0.004584895	0.311527	13.6536	169.6137	340.9659	478.4473	628.1973	785.3517	942.7725	1095.138	1239.662	1375.642	1503.663	1624.908	1740.702	1852.271	1960.65	2066.663
482.95	5.212209E-07	5.390069E-05	0.004587235	0.3117279	13.66391	169.643	340.8654	478.3318	628.0805	785.2433	942.6784	1095.061	1239.601	1375.595	1503.628	1624.882	1740.683	1852.257	1960.64	2066.656
483.6	5.214008E-07	5.392294E-05	0.004589567	0.3119281	13.67419	169.672	340.765	478.2162	627.9639	785.1349	942.5843	1094.983	1239.54	1375.548	1503.593	1624.857	1740.664	1852.244	1960.631	2066.649
484.25	5.215798E-07	5.39451E-05	0.004591892	0.3121277	13.68444	169.7006	340.6646	478.1007	627.8472	785.0266	942.4902	1094.906	1239.479	1375.501	1503.558	1624.831	1740.646	1852.23	1960.621	2066.642
484.9	5.217581E-07	5.396717E-05	0.004594207	0.3123268	13.69467	169.729	340.5642	477.9852	627.7305	784.9183	942.3961	1094.828	1239.418	1375.454	1503.523	1624.805	1740.627	1852.217	1960.611	2066.635
485.55	5.219355E-07	5.398915E-05	0.004596515	0.3125253	13.70486	169.757	340.4639	477.8698	627.6139	784.8099	942.3021	1094.751	1239.356	1375.408	1503.488	1624.779	1740.608	1852.204	1960.602	2066.629
486.2	5.221121E-07	5.401104E-05	0.004598814	0.3127231	13.71504	169.7847	340.3635	477.7543	627.4973	784.7016	942.208	1094.674	1239.295	1375.361	1503.453	1624.754	1740.589	1852.19	1960.592	2066.622
486.85	5.22288E-07	5.403284E-05	0.004601105	0.3129204	13.72518	169.812	340.2632	477.6389	627.3807	784.5933	942.114	1094.596	1239.234	1375.314	1503.418	1624.728	1740.571	1852.177	1960.583	2066.615
487.5	5.22463E-07	5.405455E-05	0.004603388	0.3131171	13.7353	169.8391	340.163	477.5235	627.2642	784.485	942.0199	1094.519	1239.173	1375.267	1503.383	1624.702	1740.552	1852.163	1960.573	2066.608
488.15	5.226373E-07	5.407618E-05	0.004605662	0.3133132	13.74539	169.8658	340.0627	477.4082	627.1476	784.3768	941.9259	1094.441	1239.112	1375.22	1503.348	1624.676	1740.533	1852.15	1960.563	2066.601
488.8	5.228108E-07	5.409771E-05	0.004607929	0.3135087	13.75546	169.8923	339.9625	477.2929	627.0311	784.2686	941.8318	1094.364	1239.051	1375.173	1503.313	1624.651	1740.515	1852.136	1960.554	2066.594
489.45	5.229835E-07	5.411916E-05	0.004610187	0.3137037	13.7655	169.9184	339.8623	477.1776	626.9146	784.1603	941.7379	1094.286	1238.99	1375.127	1503.278	1624.625	1740.496	1852.123	1960.544	2066.588
490.1	5.231554E-07	5.414052E-05	0.004612437	0.313898	13.77551	169.9442	339.7622	477.0623	626.7982	784.0521	941.6439	1094.209	1238.928	1375.08	1503.243	1624.599	1740.477	1852.109	1960.535	2066.581
490.75	5.233265E-07	5.416179E-05	0.00461468	0.3140918	13.78549	169.9697	339.662	476.9471	626.6817	783.9439	941.5499	1094.132	1238.867	1375.033	1503.208	1624.573	1740.458	1852.096	1960.525	2066.574
491.4	5.234969E-07	5.418298E-05	0.004616914	0.314285	13.79545	169.9949	339.5619	476.8319	626.5653	783.8357	941.4559	1094.054	1238.806	1374.986	1503.172	1624.547	1740.44	1852.082	1960.515	2066.567
492.05	5.236665E-07	5.420407E-05	0.004619141	0.3144776	13.80539	170.0198	339.4619	476.7167	626.4489	783.7275	941.3619	1093.977	1238.745	1374.939	1503.137	1624.522	1740.421	1852.069	1960.506	2066.56
492.7	5.238354E-07	5.422509E-05	0.004621359	0.3146697	13.81529	170.0444	339.3618	476.6016	626.3325	783.6194	941.2679	1093.9	1238.684	1374.893	1503.102	1624.496	1740.402	1852.055	1960.496	2066.553
493.35	5.240034E-07	5.424601E-05	0.00462357	0.3148611	13.82517	170.0687	339.2618	476.4865	626.2162	783.5112	941.174	1093.822	1238.623	1374.846	1503.067	1624.47	1740.384	1852.042	1960.486	2066.547
494	5.241708E-07	5.426686E-05	0.004625773	0.315052	13.83503	170.0927	339.1618	476.3714	626.0999	783.4031	941.0801	1093.745	1238.562	1374.799	1503.032	1624.444	1740.365	1852.029	1960.477	2066.54
494.65	5.243373E-07	5.428762E-05	0.004627967	0.3152424	13.84486	170.1164	339.0619	476.2563	625.9835	783.295	940.9861	1093.668	1238.5	1374.752	1502.997	1624.419	1740.346	1852.015	1960.467	2066.533
495.3	5.245032E-07	5.430829E-05	0.004630154	0.3154322	13.85466	170.1398	338.9619	476.1413	625.8672	783.187	940.8922	1093.59	1238.439	1374.705	1502.962	1624.393	1740.327	1852.002	1960.458	2066.526
495.95	5.246683E-07	5.432887E-05	0.004632333	0.3156213	13.86444	170.1629	338.8621	476.0263	625.751	783.0789	940.7983	1093.513	1238.378	1374.659	1502.927	1624.367	1740.309	1851.988	1960.448	2066.519
496.6	5.248326E-07	5.434938E-05	0.004634505	0.31581	13.87419	170.1857	338.7622	475.9113	625.6348	782.9708	940.7044	1093.436	1238.317	1374.612	1502.892	1624.341	1740.29	1851.975	1960.438	2066.513
497.25	5.249962E-07	5.43698E-05	0.004636668	0.3159981	13.88391	170.2082	338.6624	475.7964	625.5186	782.8627	940.6105	1093.358	1238.256	1374.565	1502.857	1624.316	1740.271	1851.961	1960.429	2066.506
497.9	5.251591E-07	5.439014E-05	0.004638824	0.3161856	13.89361	170.2304	338.5626	475.6815	625.4023	782.7547	940.5167	1093.281	1238.195	1374.518	1502.822	1624.29	1740.253	1851.948	1960.419	2066.499
498.55	5.253212E-07	5.441039E-05	0.004640972	0.3163725	13.90328	170.2523	338.4628	475.5666	625.2862	782.6467	940.4228	1093.204	1238.134	1374.471	1502.787	1624.264	1740.234	1851.934	1960.41	2066.492
499.2	5.254826E-07	5.443056E-05	0.004643113	0.3165589	13.91293	170.274	338.363	475.4517	625.17	782.5387	940.3289	1093.126	1238.073	1374.425	1502.752	1624.238	1740.215	1851.921	1960.4	2066.485
499.85	5.256433E-07	5.445065E-05	0.004645246	0.3167448	13.92255	170.2953	338.2633	475.3369	625.0539	782.4307	940.235	1093.049	1238.012	1374.378	1502.717	1624.212	1740.196	1851.907	1960.39	2066.479
500.5	5.258032E-07	5.447066E-05	0.004647371	0.3169301	13.93215	170.3164	338.1636	475.2221	624.9378	782.3228	940.1412	1092.972	1237.951	1374.331	1502.682	1624.187	1740.178	1851.894	1960.381	2066.472
501.15	5.259624E-07	5.449059E-05	0.004649489	0.3171148	13.94172	170.3372	338.064	475.1073	624.8217	782.2148	940.0474	1092.894	1237.89	1374.284	1502.647	1624.161	1740.159	1851.88	1960.371	2066.465
501.8	5.261209E-07	5.451043E-05	0.004651599	0.317299	13.95127	170.3577	337.9643	474.9926	624.7056	782.1069	939.9536	1092.817	1237.828	1374.237	1502.612	1624.135	1740.14	1851.867	1960.361	2066.458
502.45	5.262787E-07	5.45302E-05	0.004653702	0.3174826	13.96079	170.3779	337.8647	474.8779	624.5896	781.999	939.8598	1092.74	1237.767	1374.191	1502.577	1624.109	1740.122	1851.854	1960.352	2066.451
503.1	5.264358E-07	5.454988E-05	0.004655797	0.3176657	13.97029	170.3978	337.7651	474.7632	624.4736	781.8911	939.766	1092.662	1237.706	1374.144	1502.542	1624.084	1740.103	1851.84	1960.342	2066.444
503.75	5.265922E-07	5.456949E-05	0.004657885	0.3178482	13.97976	170.4174	337.6656	474.6485	624.3576	781.7832	939.6722	1092.585	1237.645	1374.097	1502.507	1624.058	1740.084	1851.827	1960.333	2066.438
504.4	5.267478E-07	5.458901E-05	0.004659965	0.3180302	13.9892	170.4368	337.5661	474.5339	624.2416	781.6753	939.5784	1092.508	1237.584	1374.05	1502.472	1624.032	1740.065	1851.813	1960.323	2066.431
505.05	5.269029E-07	5.460845E-05	0.004662037	0.3182117	13.99862	170.4559	337.4666	474.4193	624.1257	781.5674	939.4846	1092.431	1237.523	1374.004	1502.437	1624.006	1740.047	1851.8	1960.313	2066.424
505.7	5.270571E-07	5.462782E-05	0.004664103	0.3183926	14.00802	170.4747	337.3672	474.3047	624.0098	781.4596	939.3909	1092.354	1237.462	1373.957	1502.402	1623.981	1740.028	1851.786	1960.304	2066.417
506.35	5.272107E-07	5.46471E-05	0.004666161	0.318573	14.01739	170.4933	337.2677	474.1902	623.8939	781.3518	939.2971	1092.276	1237.401	1373.91	1502.367	1623.955	1740.009	1851.773	1960.294	2066.41
507	5.273636E-07	5.466631E-05	0.004668212	0.3187528	14.02673	170.5116	337.1683	474.0757	623.778	781.244	939.2034	1092.199	1237.34	1373.863	1502.332	1623.929	1739.991	1851.759	1960.285	2066.403
507.65	5.275158E-07	5.468544E-05	0.004670255	0.3189321	14.03605	170.5296	337.069	473.9612	623.6621	781.1362	939.1097	1092.122	1237.279	1373.816	1502.297	1623.903	1739.972	1851.746	1960.275	2066.396
508.3	5.276673E-07	5.470449E-05	0.004672291	0.3191109	14.04535	170.5473	336.9696	473.8467	623.5463	781.0284	939.0159	1092.045	1237.218	1373.77	1502.262	1623.878	1739.953	1851.732	1960.265	2066.39
508.95	5.278181E-07	5.472346E-05	0.00467432	0.3192891	14.05462	170.5647	336.8703	473.7323	623.4304	780.9207	938.9222	1091.967	1237.157	1373.723	1502.227	1623.852	1739.934	1851.719	1960.256	2066.383
509.6	5.279683E-07	5.474236E-05	0.004676341	0.3194668	14.06387	170.5819	336.7711	473.6179	623.3146	780.8129	938.8286	1091.89	1237.096	1373.676	1502.192	1623.826	1739.916	1851.705	1960.246	2066.376
510.25	5.281178E-07	5.476117E-05	0.004678356	0.319644	14.07309	170.5988	336.6718	473.5035	623.1989	780.7052	938.7349	1091.813	1237.035	1373.629	1502.157	1623.8	1739.897	1851.692	1960.237	2066.369
510.9	5.282665E-07	5.477992E-05	0.004680363	0.3198206	14.08229	170.6155	336.5726	473.3892	623.0831	780.5975	938.6412	1091.736	1236.974	1373.583	1502.122	1623.775	1739.878	1851.679	1960.227	2066.363
511.55	5.284147E-07	5.479858E-05	0.004682363	0.3199967	14.09146	170.6319	336.4734	473.2749	622.9674	780.4897	938.5475	1091.659	1236.913	1373.536	1502.087	1623.749	1739.86	1851.665	1960.217	2066.356
512.2	5.285622E-07	5.481717E-05	0.004684356	0.3201723	14.10061	170.648	336.3743	473.1606	622.8517	780.3821	938.4539	1091.581	1236.852	1373.489	1502.052	1623.723	1739.841	1851.652	1960.208	2066.349
512.85	5.287089E-07	5.483569E-05	0.004686341	0.3203474	14.10974	170.6639	336.2751	473.0464	622.736	780.2744	938.3602	1091.504	1236.791	1373.442	1502.017	1623.697	1739.822	1851.638	1960.198	2066.342
513.5	5.288551E-07	5.485412E-05	0.00468832	0.3205219	14.11884	170.6795	336.1761	472.9321	622.6204	780.1667	938.2665	1091.427	1236.73	1373.396	1501.982	1623.672	1739.803	1851.625	1960.188	2066.335
514.15	5.290006E-07	5.487249E-05	0.004690291	0.3206959	14.12792	170.6948	336.077	472.8179	622.5047	780.0591	938.1729	1091.35	1236.669	1373.349	1501.947	1623.646	1739.785	1851.611	1960.179	2066.328
514.8	5.291454E-07	5.489078E-05	0.004692256	0.3208694	14.13697	170.7099	335.9779	472.7038	622.3891	779.9515	938.0793	1091.273	1236.608	1373.302	1501.912	1623.62	1739.766	1851.598	1960.169	2066.322
515.45	5.292896E-07	5.490899E-05	0.004694214	0.3210424	14.146	170.7247	335.8789	472.5896	622.2735	779.8439	937.9857	1091.195	1236.547	1373.255	1501.877	1623.594	1739.747	1851.584	1960.16	2066.315
516.1	5.294331E-07	5.492713E-05	0.004696164	0.3212149	14.155	170.7393	335.78	472.4755	622.158	779.7363	937.8921	1091.118	1236.486	1373.209	1501.842	1623.569	1739.729	1851.571	1960.15	2066.308
516.75	5.29576E-07	5.494519E-05	0.004698108	0.3213868	14.16398	170.7536	335.681	472.3615	622.0424	779.6287	937.7985	1091.041	1236.425	1373.162	1501.807	1623.543	1739.71	1851.557	1960.14	2066.301
517.4	5.297182E-07	5.496319E-05	0.004700045	0.3215583	14.17294	170.7677	335.5821	472.2474	621.9269	779.5212	937.705	1090.964	1236.364	1373.115	1501.772	1623.517	1739.691	1851.544	1960.131	2066.294
518.05	5.298598E-07	5.49811E-05	0.004701974	0.3217292	14.18187	170.7815	335.4832	472.1334	621.8114	779.4136	937.6114	1090.887	1236.303	1373.068	1501.737	1623.491	1739.673	1851.531	1960.121	2066.287
518.7	5.300008E-07	5.499895E-05	0.004703897	0.3218997	14.19078	170.7951	335.3844	472.0194	621.6959	779.3061	937.5178	1090.81	1236.242	1373.022	1501.702	1623.466	1739.654	1851.517	1960.112	2066.281
519.35	5.301411E-07	5.501672E-05	0.004705813	0.3220696	14.19967	170.8084	335.2856	471.9054	621.5804	779.1986	937.4243	1090.733	1236.181	1372.975	1501.667	1623.44	1739.635	1851.504	1960.102	2066.274
520	5.302808E-07	5.503442E-05	0.004707722	0.322239	14.20853	170.8214	335.1867	471.7914	621.465	779.0911	937.3307	1090.656	1236.12	1372.928	1501.632	1623.414	1739.616	1851.49	1960.092	2066.267
520.65	5.304199E-07	5.505205E-05	0.004709625	0.3224079	14.21737	170.8342	335.088	471.6776	621.3496	778.9836	937.2372	1090.578	1236.059	1372.881	1501.597	1623.388	1739.598	1851.477	1960.083	2066.26
521.3	5.305583E-07	5.506961E-05	0.00471152	0.3225763	14.22618	170.8468	334.9893	471.5637	621.2342	778.8762	937.1437	1090.501	1235.998	1372.835	1501.562	1623.363	1739.579	1851.463	1960.073	2066.253
521.95	5.306961E-07	5.508709E-05	0.004713409	0.3227442	14.23497	170.8591	334.8905	471.4498	621.1188	778.7687	937.0502	1090.424	1235.937	1372.788	1501.527	1623.337	1739.56	1851.45	1960.064	2066.247
522.6	5.308333E-07	5.510451E-05	0.004715291	0.3229116	14.24374	170.8712	334.7919	471.336	621.0035	778.6613	936.9567	1090.347	1235.876	1372.741	1501.492	1623.311	1739.542	1851.436	1960.054	2066.24
523.25	5.309699E-07	5.512185E-05	0.004717167	0.3230785	14.25249	170.883	334.6932	471.2222	620.8882	778.5538	936.8632	1090.27	1235.815	1372.694	1501.457	1623.285	1739.523	1851.423	1960.044	2066.233
523.9	5.311059E-07	5.513912E-05	0.004719035	0.3232448	14.26121	170.8946	334.5946	471.1084	620.7729	778.4465	936.7697	1090.193	1235.754	1372.648	1501.422	1623.26	1739.504	1851.409	1960.035	2066.226
524.55	5.312412E-07	5.515632E-05	0.004720897	0.3234107	14.2699	170.9059	334.496	470.9947	620.6576	778.3391	936.6762	1090.116	1235.693	1372.601	1501.387	1623.234	1739.486	1851.396	1960.025	2066.219
525.2	5.31376E-07	5.517345E-05	0.004722752	0.3235762	14.27858	170.917	334.3975	470.881	620.5424	778.2317	936.5828	1090.039	1235.632	1372.554	1501.352	1623.208	1739.467	1851.383	1960.016	2066.212
525.85	5.315101E-07	5.519051E-05	0.004724601	0.323741	14.28723	170.9279	334.299	470.7673	620.4271	778.1243	936.4893	1089.962	1235.571	1372.508	1501.317	1623.182	1739.448	1851.369	1960.006	2066.206
526.5	5.316436E-07	5.52075E-05	0.004726443	0.3239055	14.29586	170.9385	334.2004	470.6536	620.3119	778.017	936.3959	1089.885	1235.51	1372.461	1501.282	1623.157	1739.429	1851.356	1959.996	2066.199
527.15	5.317765E-07	5.522443E-05	0.004728279	0.3240694	14.30447	170.9489	334.102	470.54	620.1967	777.9097	936.3024	1089.808	1235.449	1372.414	1501.247	1623.131	1739.411	1851.342	1959.987	2066.192
527.8	5.319089E-07	5.524128E-05	0.004730108	0.3242328	14.31305	170.9591	334.0036	470.4264	620.0815	777.8024	936.209	1089.731	1235.388	1372.367	1501.212	1623.105	1739.392	1851.329	1959.977	2066.185
528.45	5.320406E-07	5.525806E-05	0.00473193	0.3243958	14.32161	170.969	333.9052	470.3128	619.9664	777.6951	936.1156	1089.654	1235.327	1372.321	1501.177	1623.079	1739.373	1851.315	1959.967	2066.178
529.1	5.321718E-07	5.527478E-05	0.004733746	0.3245583	14.33015	170.9787	333.8068	470.1993	619.8513	777.5878	936.0222	1089.577	1235.266	1372.274	1501.142	1623.054	1739.355	1851.302	1959.958	2066.172
529.75	5.323023E-07	5.529143E-05	0.004735555	0.3247202	14.33866	170.9881	333.7084	470.0858	619.7361	777.4805	935.9288	1089.5	1235.205	1372.227	1501.107	1623.028	1739.336	1851.288	1959.948	2066.165
530.4	5.324323E-07	5.530801E-05	0.004737359	0.3248817	14.34715	170.9974	333.6101	469.9723	619.6211	777.3733	935.8354	1089.422	1235.144	1372.181	1501.072	1623.002	1739.317	1851.275	1959.939	2066.158
531.05	5.325617E-07	5.532452E-05	0.004739156	0.3250428	14.35562	171.0064	333.5118	469.8588	619.506	777.2661	935.7421	1089.345	1235.083	1372.134	1501.037	1622.977	1739.299	1851.261	1959.929	2066.151
531.7	5.326905E-07	5.534097E-05	0.004740946	0.3252033	14.36407	171.0151	333.4136	469.7454	619.391	777.1589	935.6487	1089.268	1235.022	1372.087	1501.002	1622.951	1739.28	1851.248	1959.919	2066.144
532.35	5.328187E-07	5.535734E-05	0.004742729	0.3253633	14.37249	171.0237	333.3154	469.632	619.276	777.0516	935.5554	1089.191	1234.962	1372.041	1500.968	1622.925	1739.261	1851.234	1959.91	2066.137
533	5.329463E-07	5.537366E-05	0.004744507	0.3255229	14.38089	171.032	333.2172	469.5186	619.161	776.9445	935.462	1089.114	1234.901	1371.994	1500.932	1622.899	1739.242	1851.221	1959.9	2066.131
533.65	5.330734E-07	5.53899E-05	0.004746278	0.325682	14.38927	171.0401	333.119	469.4053	619.046	776.8373	935.3687	1089.037	1234.84	1371.947	1500.898	1622.874	1739.224	1851.208	1959.891	2066.124
534.3	5.331999E-07	5.540608E-05	0.004748043	0.3258407	14.39763	171.0479	333.0209	469.292	618.9311	776.7302	935.2754	1088.96	1234.779	1371.901	1500.863	1622.848	1739.205	1851.194	1959.881	2066.117
534.95	5.333258E-07	5.54222E-05	0.004749801	0.3259988	14.40596	171.0555	332.9228	469.1787	618.8162	776.623	935.1821	1088.883	1234.718	1371.854	1500.828	1622.822	1739.186	1851.181	1959.871	2066.11
535.6	5.334512E-07	5.543824E-05	0.004751553	0.3261565	14.41428	171.063	332.8247	469.0654	618.7012	776.5159	935.0887	1088.807	1234.657	1371.807	1500.793	1622.796	1739.168	1851.167	1959.862	2066.103
536.25	5.335759E-07	5.545422E-05	0.004753299	0.3263137	14.42256	171.0701	332.7267	468.9522	618.5864	776.4088	934.9955	1088.729	1234.596	1371.76	1500.758	1622.771	1739.149	1851.154	1959.852	2066.096
536.9	5.337002E-07	5.547014E-05	0.004755039	0.3264704	14.43083	171.0771	332.6287	468.839	618.4715	776.3017	934.9022	1088.653	1234.535	1371.714	1500.723	1622.745	1739.13	1851.14	1959.843	2066.09
537.55	5.338238E-07	5.548599E-05	0.004756772	0.3266267	14.43908	171.0839	332.5307	468.7258	618.3567	776.1946	934.809	1088.576	1234.474	1371.667	1500.688	1622.719	1739.112	1851.127	1959.833	2066.083
538.2	5.339469E-07	5.550178E-05	0.0047585	0.3267825	14.4473	171.0904	332.4327	468.6127	618.2419	776.0876	934.7157	1088.499	1234.413	1371.62	1500.653	1622.693	1739.093	1851.114	1959.823	2066.076
538.85	5.340695E-07	5.55175E-05	0.004760221	0.3269379	14.4555	171.0967	332.3348	468.4996	618.1271	775.9805	934.6224	1088.422	1234.353	1371.574	1500.618	1622.668	1739.074	1851.1	1959.814	2066.069
539.5	5.341915E-07	5.553316E-05	0.004761936	0.3270927	14.46368	171.1028	332.2369	468.3865	618.0123	775.8735	934.5292	1088.345	1234.292	1371.527	1500.583	1622.642	1739.056	1851.087	1959.804	2066.063
540.15	5.34313E-07	5.554875E-05	0.004763645	0.3272472	14.47184	171.1087	332.1391	468.2734	617.8976	775.7665	934.436	1088.268	1234.231	1371.48	1500.548	1622.616	1739.037	1851.073	1959.795	2066.056
540.8	5.344339E-07	5.556428E-05	0.004765348	0.3274011	14.47998	171.1144	332.0413	468.1604	617.7828	775.6595	934.3427	1088.191	1234.17	1371.434	1500.513	1622.591	1739.018	1851.06	1959.785	2066.049
541.45	5.345543E-07	5.557975E-05	0.004767044	0.3275546	14.48809	171.1198	331.9435	468.0474	617.6682	775.5525	934.2495	1088.114	1234.109	1371.387	1500.478	1622.565	1739	1851.046	1959.775	2066.042
542.1	5.346741E-07	5.559516E-05	0.004768735	0.3277076	14.49618	171.125	331.8457	467.9344	617.5535	775.4456	934.1563	1088.037	1234.048	1371.34	1500.443	1622.539	1738.981	1851.033	1959.766	2066.035
542.75	5.347933E-07	5.56105E-05	0.00477042	0.3278602	14.50426	171.1301	331.748	467.8215	617.4388	775.3386	934.0631	1087.96	1233.987	1371.294	1500.408	1622.513	1738.962	1851.019	1959.756	2066.028
543.4	5.349121E-07	5.562578E-05	0.004772098	0.3280123	14.5123	171.1349	331.6502	467.7085	617.3242	775.2316	933.97	1087.883	1233.927	1371.247	1500.373	1622.488	1738.943	1851.006	1959.747	2066.021
544.05	5.350303E-07	5.5641E-05	0.004773771	0.328164	14.52033	171.1395	331.5526	467.5956	617.2096	775.1247	933.8768	1087.806	1233.866	1371.2	1500.338	1622.462	1738.925	1850.992	1959.737	2066.015
544.7	5.35148E-07	5.565615E-05	0.004775438	0.3283153	14.52834	171.1439	331.4549	467.4828	617.095	775.0178	933.7836	1087.729	1233.805	1371.154	1500.303	1622.436	1738.906	1850.979	1959.727	2066.008
545.35	5.352651E-07	5.567124E-05	0.004777098	0.328466	14.53632	171.1481	331.3573	467.37	616.9804	774.9109	933.6905	1087.653	1233.744	1371.107	1500.268	1622.411	1738.887	1850.966	1959.718	2066.001
546	5.353818E-07	5.568628E-05	0.004778753	0.3286164	14.54429	171.1521	331.2597	467.2571	616.8658	774.8041	933.5974	1087.576	1233.683	1371.06	1500.233	1622.385	1738.869	1850.952	1959.708	2065.994
546.65	5.354979E-07	5.570125E-05	0.004780402	0.3287662	14.55223	171.1559	331.1622	467.1444	616.7513	774.6972	933.5042	1087.499	1233.622	1371.014	1500.198	1622.359	1738.85	1850.939	1959.698	2065.987
547.3	5.356135E-07	5.571615E-05	0.004782045	0.3289156	14.56015	171.1595	331.0646	467.0316	616.6368	774.5903	933.4111	1087.422	1233.561	1370.967	1500.164	1622.333	1738.831	1850.925	1959.689	2065.981
547.95	5.357285E-07	5.5731E-05	0.004783682	0.3290646	14.56805	171.1628	330.9671	466.9189	616.5223	774.4835	933.318	1087.345	1233.5	1370.92	1500.129	1622.308	1738.813	1850.912	1959.679	2065.974
548.6	5.358431E-07	5.574579E-05	0.004785313	0.3292131	14.57593	171.166	330.8697	466.8062	616.4079	774.3767	933.2249	1087.268	1233.44	1370.874	1500.094	1622.282	1738.794	1850.898	1959.67	2065.967
549.25	5.359571E-07	5.576052E-05	0.004786939	0.3293612	14.58379	171.169	330.7722	466.6935	616.2935	774.2699	933.1318	1087.191	1233.379	1370.827	1500.059	1622.256	1738.775	1850.885	1959.66	2065.96
549.9	5.360706E-07	5.577519E-05	0.004788558	0.3295089	14.59162	171.1717	330.6748	466.5809	616.1791	774.1631	933.0387	1087.115	1233.318	1370.78	1500.024	1622.23	1738.756	1850.871	1959.651	2065.953
550.55	1.345354E-06	8.113222E-05	0.004790172	0.2482414	8.781514	85.70167	141.9092	175.4887	206.5459	234.3072	257.6241	276.1407	290.1976	300.5108	307.8917	313.0827	316.6907	319.1793	320.8882	322.0591
551.2	2.03408E-06	8.755305E-05	0.00479178	0.2353398	7.989852	75.60214	122.4331	149.0656	173.5558	195.4186	213.7711	228.3409	239.3996	247.5125	253.3186	257.4023	260.241	262.1994	263.5445	264.4666
551.85	4.157118E-06	9.455752E-05	0.004793383	0.2252847	7.377269	67.80787	107.4215	128.7134	148.1556	165.4845	180.0212	191.5572	200.3114	206.733	211.3287	214.5613	216.8087	218.3595	219.4251	220.1558
552.5	8.493023E-06	0.0001029552	0.004794979	0.2174093	6.902215	61.78469	95.84002	113.0256	128.5871	142.4305	154.0338	163.2378	170.2204	175.3418	179.007	181.5853	183.3782	184.6157	185.4664	186.0501
553.15	1.526633E-05	0.0001129915	0.00479657	0.2112066	6.53283	57.12238	86.8942	100.9218	113.4994	124.663	134.0109	141.4218	147.0424	151.1642	154.114	156.1893	157.6327	158.6293	159.3147	159.7853
553.8	2.432313E-05	0.0001245884	0.004798156	0.2062887	6.244644	53.5058	79.97362	91.57194	101.8547	110.9574	118.5709	124.6029	129.1761	132.5292	134.9288	136.6173	137.7919	138.6033	139.1616	139.5453
554.45	3.534309E-05	0.0001375326	0.004799735	0.2023579	6.018859	50.69279	74.60925	84.33813	92.85546	100.3728	106.6522	111.6236	115.3911	118.1529	120.1294	121.5203	122.4882	123.1571	123.6177	123.9344
555.1	4.796982E-05	0.000151579	0.004801309	0.1991859	5.841035	48.49732	70.44072	78.73036	85.88906	92.18649	97.43929	101.5946	104.7421	107.049	108.6999	109.8618	110.6706	111.2299	111.6153	111.8805
555.75	6.187261E-05	0.0001664981	0.004802878	0.1965974	5.700076	46.77645	67.19118	74.37209	80.48473	85.84299	90.30549	93.8325	96.50283	98.4595	99.85972	100.8454	101.5318	102.0067	102.3341	102.5598
556.4	7.676877E-05	0.0001820931	0.00480444	0.1944577	5.587455	45.42034	64.64788	70.97402	76.28075	80.91557	84.76933	87.81245	90.11522	91.80215	93.00932	93.85926	94.45136	94.86121	95.14405	95.33916
557.05	9.24269E-05	0.0001982025	0.004805997	0.1926633	5.496624	44.34461	62.64738	68.31389	72.99924	77.07635	80.4609	83.13103	85.1505	86.62953	87.6879	88.43321	88.95261	89.31236	89.56081	89.7324
557.7	0.0001086622	0.0002146973	0.004807549	0.1911348	5.42255	43.48443	61.06408	66.22092	70.42667	74.07344	77.09595	79.47833	81.27923	82.59787	83.54144	84.20604	84.66936	84.99044	85.21237	85.3658
558.35	0.0001253294	0.0002314758	0.004809096	0.1898111	5.361366	42.78998	59.80151	64.56387	68.39897	71.71326	74.45611	76.61622	78.24829	79.44305	80.29796	80.90021	81.32021	81.61143	81.81287	81.95226
559	0.000142315	0.0002484589	0.004810636	0.1886452	5.310101	42.22298	58.78553	63.24195	66.79011	69.84712	72.37359	74.36173	75.86321	76.96214	77.74846	78.30247	78.68896	78.95708	79.14266	79.2712
559.65	0.0001595312	0.0002655852	0.004812171	0.1876011	5.266472	41.75403	57.95917	62.17768	65.50323	68.36074	70.71946	72.57431	73.97456	74.99921	75.73237	76.249	76.60952	76.85972	77.03301	77.15314
560.3	0.00017691	0.0002828072	0.0048137	0.1866512	5.228725	41.36054	57.27866	61.31155	64.46391	67.16633	69.39467	71.14594	72.46754	73.43447	74.12633	74.61391	74.95424	75.19052	75.35426	75.46784
560.95	0.0001943993	0.0003000885	0.004815225	0.1857742	5.195513	41.02513	56.71038	60.59782	63.615	66.19643	68.32312	69.99364	71.25393	72.17587	72.83553	73.30048	73.62507	73.8505	74.00679	74.11527
561.6	0.0002119588	0.0003174008	0.004816744	0.1849536	5.1658	40.73447	56.22849	60.00137	62.91255	65.39923	67.44633	69.05365	70.26595	71.15269	71.78716	72.23439	72.54667	72.7636	72.91406	73.01854
562.25	0.0002295575	0.0003347227	0.004818256	0.184177	5.13879	40.47832	55.81314	59.49519	62.32281	64.73489	66.71937	68.27697	69.45154	70.31059	70.92525	71.35854	71.66113	71.87139	72.01725	72.11859
562.9	0.0002471717	0.0003520376	0.004819765	0.1834347	5.113872	40.24879	55.44907	59.05854	61.81986	64.17283	66.10772	67.62597	68.77068	69.60783	70.20681	70.62907	70.924	71.12896	71.27119	71.37003
563.55	0.0002647833	0.0003693329	0.004821267	0.1827192	5.090576	40.03983	55.12456	58.67549	61.38376	63.68953	65.58485	67.07172	68.19262	69.01231	69.59879	70.01226	70.30107	70.50182	70.64114	70.738
564.2	0.0002823783	0.0003865988	0.004822764	0.1820248	5.068542	39.84679	54.83061	58.33378	60.9992	63.26693	65.1304	66.59201	67.69375	68.49939	69.07582	69.48222	69.76611	69.96346	70.10045	70.1957
564.85	0.0002999461	0.0004038281	0.004824256	0.1813472	5.047492	39.66611	54.5603	58.02401	60.65442	62.89115	64.72868	66.16975	67.25591	68.05013	68.61839	69.01904	69.29893	69.49352	69.6286	69.72254
565.5	0.0003174786	0.000421015	0.004825742	0.1806831	5.027211	39.49503	54.30831	57.73895	60.34037	62.55152	64.36768	65.79182	66.86517	67.64999	68.21152	68.60743	68.88403	69.07633	69.20986	69.30272
566.15	0.0003349695	0.0004381552	0.004827224	0.1800297	5.007538	39.33144	54.07055	57.47304	60.05012	62.23985	64.03815	65.44817	66.5108	67.28777	67.84368	68.23564	68.50949	68.6999	68.83211	68.92407
566.8	0.0003524141	0.0004552457	0.004828699	0.1793851	4.988345	39.17373	53.84388	57.22201	59.77832	61.94985	63.73299	65.13101	66.18457	66.9549	67.50605	67.89465	68.16617	68.35496	68.48606	68.57726
567.45	0.0003698088	0.0004722838	0.00483017	0.1787478	4.969536	39.02065	53.6259	56.98258	59.52088	61.67667	63.44672	64.83441	65.88016	66.64474	67.1918	67.57753	67.84703	68.03443	68.16457	68.2551
568.1	0.0003871511	0.0004892679	0.004831635	0.1781166	4.951037	38.87122	53.41474	56.75222	59.27464	61.4166	63.17517	64.5538	65.59269	66.35226	66.89573	67.27892	67.54667	67.73285	67.86214	67.9521
568.75	0.0004044388	0.0005061965	0.004833096	0.1774907	4.93279	38.72474	53.20898	56.52901	59.03718	61.16678	62.9151	64.28566	65.31844	66.07355	66.61382	66.99476	67.26093	67.44601	67.57456	67.66399
569.4	0.0004216705	0.0005230686	0.00483455	0.1768692	4.914751	38.58062	53.00752	56.31145	58.80664	60.92501	62.66404	64.02728	65.05454	65.8056	66.34297	66.72187	66.98662	67.17072	67.29858	67.38754
570.05	0.0004388451	0.0005398836	0.004836001	0.1762516	4.896886	38.43843	52.80952	56.0984	58.58158	60.68961	62.42009	63.7766	64.79877	65.54611	66.08082	66.45785	66.72129	66.90449	67.03172	67.12024
570.7	0.0004559617	0.000556641	0.004837445	0.1756376	4.879169	38.29783	52.61435	55.88897	58.36091	60.45927	62.18178	63.53201	64.54945	65.29332	65.82555	66.20083	66.46305	66.6454	66.77205	66.86017
571.35	0.0004730198	0.0005733403	0.004838884	0.1750268	4.861581	38.15857	52.42148	55.6825	58.14378	60.23301	61.94798	63.29229	64.30526	65.04587	65.57576	65.94939	66.21046	66.39201	66.5181	66.60583
572	0.000490019	0.0005899815	0.004840319	0.1744189	4.844105	38.02045	52.23055	55.47844	57.92953	60.01004	61.71783	63.0565	64.06521	64.8027	65.33036	65.70242	65.96239	66.14318	66.26875	66.35612
572.65	0.0005069591	0.0006065644	0.004841748	0.1738139	4.826729	37.88332	52.04124	55.27642	57.71768	59.78979	61.49067	62.82391	63.82852	64.56302	65.08853	65.45908	65.718	65.89806	66.02312	66.11013
573.3	0.00052384	0.000623089	0.004843172	0.1732114	4.809445	37.74706	51.85336	55.07611	57.50783	59.5718	61.26597	62.59396	63.5946	64.3262	64.84964	65.21873	65.47662	65.65597	65.78054	65.86721
573.95	0.0005406615	0.0006395552	0.004844591	0.1726115	4.792245	37.61157	51.6667	54.87729	57.29969	59.35572	61.04336	62.36622	63.363	64.09177	64.61319	64.98085	65.23775	65.4164	65.5405	65.62683
574.6	0.0005574237	0.0006559632	0.004846005	0.172014	4.775125	37.47679	51.48115	54.67977	57.09303	59.14128	60.82252	62.14036	63.13337	63.85936	64.37881	64.74507	65.001	65.17898	65.30259	65.3886
575.25	0.0005741266	0.000672313	0.004847413	0.1714188	4.758078	37.34266	51.29659	54.4834	56.88767	58.92827	60.60323	61.91613	62.90542	63.6287	64.14619	64.51109	64.76606	64.94337	65.06653	65.15221
575.9	0.0005907704	0.0006886049	0.004848817	0.1708259	4.741102	37.20914	51.11294	54.28809	56.68348	58.71653	60.38529	61.69334	62.67896	63.39956	63.91514	64.27868	64.5327	64.70936	64.83205	64.91743
576.55	0.0006073551	0.0007048388	0.004850216	0.1702352	4.724195	37.0762	50.93015	54.09373	56.48035	58.50594	60.16858	61.47182	62.45382	63.17177	63.68546	64.04766	64.30075	64.47676	64.59901	64.68407
577.2	0.0006238809	0.000721015	0.00485161	0.1696467	4.707354	36.94381	50.74815	53.90027	56.27821	58.29641	59.95298	61.25146	62.22988	62.94521	63.45702	63.81791	64.07007	64.24544	64.36724	64.45199
577.85	0.000640348	0.0007371337	0.004852999	0.1690604	4.690578	36.81195	50.56693	53.70766	56.07698	58.08786	59.73841	61.03218	62.00704	62.71978	63.22973	63.5893	63.84055	64.01528	64.13664	64.22108
578.5	0.0006567565	0.000753195	0.004854382	0.1684763	4.673865	36.68061	50.38643	53.51587	55.87662	57.88023	59.52481	60.8139	61.78523	62.49539	63.00349	63.36177	63.61211	63.78621	63.90713	63.99126
579.15	0.0006731066	0.000769199	0.004855761	0.1678943	4.657215	36.54977	50.20665	53.32484	55.67709	57.67348	59.31213	60.59657	61.5644	62.27199	62.77826	63.13525	63.38468	63.55815	63.67864	63.76247
579.8	0.0006893984	0.0007851461	0.004857135	0.1673144	4.640625	36.41943	50.02757	53.13457	55.47836	57.46757	59.10032	60.38014	61.34449	62.04953	62.55399	62.90968	63.15822	63.33107	63.45112	63.53465
580.45	0.0007056322	0.0008010363	0.004858505	0.1667366	4.624097	36.28957	49.84916	52.94503	55.28041	57.26247	58.88936	60.16458	61.12547	61.82798	62.33062	62.68504	62.93268	63.10491	63.22453	63.30776
581.1	0.0007218082	0.0008168698	0.004859869	0.1661608	4.607629	36.16019	49.67142	52.75621	55.08322	57.05817	58.67923	59.94987	60.90731	61.6073	62.10814	62.46128	62.70804	62.87965	62.99884	63.08177
581.75	0.0007379265	0.000832647	0.004861228	0.1655872	4.591221	36.03129	49.49433	52.5681	54.88677	56.85464	58.46989	59.73598	60.68999	61.38747	61.88652	62.2384	62.48427	62.65526	62.77402	62.85666
582.4	0.0007539873	0.0008483679	0.004862583	0.1650155	4.574872	35.90285	49.3179	52.38068	54.69106	56.65189	58.26134	59.52291	60.4735	61.16848	61.66574	62.01636	62.26135	62.43173	62.55007	62.63241
583.05	0.0007699908	0.0008640328	0.004863932	0.164446	4.558581	35.77488	49.14211	52.19394	54.49606	56.44987	58.05358	59.31062	60.25781	60.95031	61.44578	61.79515	62.03927	62.20903	62.32695	62.409
583.7	0.0007859374	0.0008796417	0.004865277	0.1638785	4.542349	35.64737	48.96695	52.00789	54.30178	56.2486	57.84657	59.09912	60.04292	60.73294	61.22665	61.57476	61.81801	61.98717	62.10466	62.18641
584.35	0.000801827	0.0008951951	0.004866617	0.163313	4.526176	35.52032	48.79243	51.82252	54.1082	56.04807	57.64032	58.88839	59.82882	60.51638	61.00831	61.35519	61.59756	61.76612	61.88319	61.96465
585	0.00081766	0.000910693	0.004867953	0.1627495	4.51006	35.39373	48.61854	51.63781	53.91533	55.84826	57.43483	58.67844	59.6155	60.3006	60.79078	61.13641	61.37792	61.54587	61.66253	61.74369
585.65	0.0008334366	0.0009261356	0.004869283	0.162188	4.494002	35.26759	48.44527	51.45377	53.72315	55.64918	57.23007	58.46924	59.40295	60.08561	60.57403	60.91843	61.15907	61.32643	61.44267	61.52354
586.3	0.0008491568	0.0009415231	0.004870609	0.1616285	4.478002	35.1419	48.27263	51.27039	53.53167	55.45081	57.02606	58.2608	59.19117	59.87139	60.35807	60.70123	60.94102	61.10778	61.2236	61.30419
586.95	0.000864821	0.0009568558	0.00487193	0.1610711	4.462058	35.01666	48.1006	51.08766	53.34087	55.25316	56.82278	58.0531	58.98016	59.65794	60.14288	60.48483	60.72375	60.88991	61.00532	61.08562
587.6	0.0008804294	0.0009721338	0.004873246	0.1605156	4.446172	34.89186	47.92919	50.90559	53.15075	55.05621	56.62022	57.84616	58.7699	59.44526	59.92847	60.26919	60.50727	60.67283	60.78783	60.86784
588.25	0.0008959821	0.0009873572	0.004874558	0.1599621	4.430342	34.76752	47.75839	50.72418	52.96132	54.85997	56.4184	57.63995	58.5604	59.23335	59.71483	60.05433	60.29156	60.45654	60.57112	60.65085
588.9	0.0009114793	0.001002526	0.004875865	0.1594106	4.414568	34.64362	47.5882	50.54341	52.77256	54.66444	56.2173	57.43449	58.35165	59.02219	59.50196	59.84024	60.07662	60.24101	60.35519	60.43463
589.55	0.0009269213	0.001017642	0.004877167	0.158861	4.398851	34.52016	47.41862	50.36329	52.58448	54.4696	56.01691	57.22976	58.14364	58.81179	59.28984	59.62692	59.86246	60.02626	60.14003	60.21918
590.2	0.0009423081	0.001032703	0.004878465	0.1583134	4.383191	34.39714	47.24964	50.1838	52.39707	54.27546	55.81725	57.02576	57.93638	58.60214	59.07848	59.41436	59.64906	59.81227	59.92563	60.00451
590.85	0.0009576401	0.00104771	0.004879758	0.1577678	4.367585	34.27456	47.08126	50.00497	52.21033	54.08201	55.61829	56.82249	57.72985	58.39324	58.86789	59.20256	59.43642	59.59905	59.71201	59.7906
591.5	0.0009729175	0.001062664	0.004881046	0.1572241	4.352036	34.15242	46.91349	49.82676	52.02425	53.88925	55.42005	56.61995	57.52407	58.18509	58.65804	58.99152	59.22454	59.38659	59.49915	59.57746
592.15	0.0009881404	0.001077565	0.00488233	0.1566823	4.336542	34.03071	46.74632	49.6492	51.83884	53.69718	55.22251	56.41813	57.31902	57.97768	58.44894	58.78123	59.01342	59.17489	59.28704	59.36508
592.8	0.001003309	0.001092413	0.004883609	0.1561425	4.321103	33.90944	46.57974	49.47227	51.65409	53.50579	55.02568	56.21703	57.1147	57.77101	58.24059	58.57169	58.80305	58.96394	59.0757	59.15345
593.45	0.001018423	0.001107207	0.004884884	0.1556046	4.305719	33.78859	46.41375	49.29597	51.47	53.31509	54.82955	56.01664	56.91112	57.56508	58.03298	58.3629	58.59343	58.75375	58.86511	58.94258
594.1	0.001033484	0.001121949	0.004886154	0.1550686	4.29039	33.66818	46.24836	49.12029	51.28657	53.12507	54.63412	55.81697	56.70826	57.35988	57.82611	58.15485	58.38456	58.54431	58.65527	58.73247
594.75	0.001048491	0.001136638	0.004887419	0.1545346	4.275116	33.5482	46.08356	48.94525	51.10379	52.93573	54.43939	55.61802	56.50611	57.15541	57.61998	57.94755	58.17644	58.33562	58.44618	58.5231
595.4	0.001063444	0.001151275	0.00488868	0.1540024	4.259897	33.42865	45.91934	48.77082	50.92166	52.74706	54.24535	55.41977	56.3047	56.95168	57.41459	57.74099	57.96906	58.12767	58.23783	58.31448
596.05	0.001078344	0.00116586	0.004889937	0.1534721	4.244731	33.30952	45.75571	48.59703	50.74018	52.55907	54.05201	55.22223	56.104	56.74867	57.20992	57.53516	57.76242	57.92046	58.03023	58.10661
596.7	0.001093191	0.001180392	0.004891189	0.1529437	4.22962	33.19082	45.59267	48.42384	50.55935	52.37174	53.85935	55.0254	55.90401	56.54639	57.00599	57.33007	57.55651	57.71399	57.82337	57.89948
597.35	0.001107985	0.001194873	0.004892436	0.1524173	4.214562	33.07254	45.4302	48.25128	50.37917	52.18508	53.66738	54.82927	55.70475	56.34482	56.80278	57.1257	57.35134	57.50826	57.61724	57.69308
598	0.001122726	0.001209302	0.004893679	0.1518926	4.199558	32.95469	45.26831	48.07933	50.19962	51.99909	53.4761	54.63383	55.50619	56.14398	56.6003	56.92207	57.1469	57.30326	57.41186	57.48742
598.65	0.001137414	0.00122368	0.004894918	0.1513699	4.184608	32.83725	45.10701	47.908	50.02072	51.81376	53.2855	54.43909	55.30833	55.94385	56.39855	56.71916	56.94319	57.09899	57.2072	57.28249
599.3	0.001152051	0.001238006	0.004896152	0.150849	4.169711	32.72023	44.94627	47.73727	49.84245	51.62909	53.09557	54.24505	55.11119	55.74443	56.19751	56.51698	56.74021	56.89545	57.00327	57.0783
599.95	0.001166634	0.001252282	0.004897382	0.15033	4.154867	32.60363	44.78611	47.56716	49.66482	51.44508	52.90633	54.0517	54.91475	55.54573	55.99719	56.31552	56.53795	56.69263	56.80008	56.87483
600.6	0.001181166	0.001266506	0.004898608	0.1498128	4.140076	32.48744	44.62652	47.39765	49.48783	51.26173	52.71775	53.85904	54.71901	55.34774	55.79758	56.11477	56.33641	56.49054	56.5976	56.67209
601.25	0.001195647	0.00128068	0.004899829	0.1492975	4.125338	32.37167	44.4675	47.22874	49.31146	51.07903	52.52986	53.66707	54.52396	55.15044	55.59868	55.91475	56.13559	56.28917	56.39585	56.47007
601.9	0.001210075	0.001294803	0.004901045	0.148784	4.110652	32.25631	44.30904	47.06044	49.13572	50.89698	52.34263	53.47578	54.32961	54.95386	55.4005	55.71543	55.93549	56.08852	56.19482	56.26878
602.55	0.001224452	0.001308876	0.004902258	0.1482723	4.096019	32.14137	44.15115	46.89274	48.96061	50.71558	52.15607	53.28517	54.13596	54.75798	55.20302	55.51683	55.7361	55.88859	55.9945	56.0682
603.2	0.001238778	0.001322898	0.004903466	0.1477625	4.081438	32.02683	43.99383	46.72564	48.78613	50.53483	51.97017	53.09525	53.94299	54.56279	55.00624	55.31893	55.53742	55.68936	55.7949	55.86833
603.85	0.001253052	0.001336871	0.00490467	0.1472544	4.066908	31.9127	43.83706	46.55913	48.61226	50.35472	51.78494	52.90599	53.75071	54.3683	54.81017	55.12174	55.33945	55.49085	55.59601	55.66918
604.5	0.001267276	0.001350794	0.004905869	0.1467482	4.052431	31.79898	43.68085	46.39321	48.43901	50.17526	51.60037	52.71742	53.55912	54.1745	54.6148	54.92525	55.14218	55.29305	55.39783	55.47073
605.15	0.001281449	0.001364667	0.004907064	0.1462438	4.038005	31.68566	43.5252	46.22789	48.26639	49.99643	51.41645	52.52952	53.36821	53.9814	54.42012	54.72947	54.94562	55.09594	55.20036	55.273
605.8	0.001295572	0.00137849	0.004908255	0.1457412	4.023631	31.57275	43.37011	46.06315	48.09438	49.81824	51.23319	52.34229	53.17799	53.78898	54.22613	54.53438	54.74976	54.89955	55.00359	55.07597
606.45	0.001309644	0.001392265	0.004909442	0.1452404	4.009307	31.46024	43.21556	45.899	47.92298	49.64069	51.05059	52.15572	52.98844	53.59725	54.03284	54.33998	54.5546	54.70385	54.80752	54.87965
607.1	0.001323666	0.00140599	0.004910624	0.1447414	3.995035	31.34813	43.06157	45.73544	47.75219	49.46377	50.86863	51.96982	52.79956	53.4062	53.84024	54.14629	54.36013	54.50885	54.61215	54.68402
607.75	0.001337638	0.001419666	0.004911802	0.1442441	3.980814	31.23642	42.90813	45.57246	47.58201	49.28748	50.68733	51.78458	52.61136	53.21583	53.64832	53.95328	54.16636	54.31455	54.41748	54.48909
608.4	0.00135156	0.001433294	0.004912976	0.1437486	3.966644	31.1251	42.75523	45.41006	47.41244	49.11182	50.50667	51.6	52.42383	53.02615	53.45709	53.76096	53.97328	54.12094	54.2235	54.29486
609.05	0.001365432	0.001446873	0.004914146	0.1432549	3.952524	31.01419	42.60288	45.24825	47.24347	48.93679	50.32665	51.41608	52.23697	52.83714	53.26654	53.56932	53.78089	53.92802	54.03021	54.10131
609.7	0.001379255	0.001460403	0.004915311	0.142763	3.938454	30.90367	42.45107	45.087	47.07511	48.76237	50.14728	51.23282	52.05078	52.6488	53.07667	53.37837	53.58918	53.73579	53.83762	53.90846
610.35	0.001393029	0.001473885	0.004916473	0.1422728	3.924435	30.79355	42.29981	44.92633	46.90734	48.58858	49.96855	51.05021	51.86525	52.46113	52.88748	53.1881	53.39816	53.54424	53.6457	53.7163
611	0.001406753	0.001487319	0.00491763	0.1417843	3.910465	30.68381	42.14908	44.76624	46.74018	48.41542	49.79045	50.86825	51.68038	52.27414	52.69896	52.99851	53.20781	53.35337	53.45448	53.52482
611.65	0.001420429	0.001500706	0.004918783	0.1412976	3.896545	30.57447	41.99889	44.60671	46.57361	48.24286	49.61299	50.68694	51.49617	52.08781	52.51111	52.80959	53.01815	53.16319	53.26394	53.33403
612.3	0.001434056	0.001514044	0.004919933	0.1408126	3.882675	30.46552	41.84924	44.44776	46.40763	48.07093	49.43616	50.50628	51.31262	51.90214	52.32394	52.62135	52.82916	52.97369	53.07407	53.14391
612.95	0.001447634	0.001527335	0.004921078	0.1403294	3.868855	30.35696	41.70011	44.28937	46.24224	47.8996	49.25996	50.32626	51.12972	51.71714	52.13742	52.43378	52.64085	52.78486	52.88488	52.95448
613.6	0.001461164	0.001540579	0.004922219	0.1398479	3.855083	30.24878	41.55152	44.13154	46.07745	47.72889	49.08439	50.14688	50.94747	51.53279	51.95158	52.24688	52.45321	52.5967	52.69637	52.76571
614.25	0.001474645	0.001553775	0.004923355	0.1393681	3.841361	30.14099	41.40346	43.97428	45.91324	47.55879	48.90945	49.96815	50.76588	51.34911	51.7664	52.06064	52.26624	52.40922	52.50853	52.57763
614.9	0.001488079	0.001566924	0.004924488	0.13889	3.827688	30.03358	41.25593	43.81758	45.74962	47.38929	48.73513	49.79005	50.58493	51.16608	51.58188	51.87506	52.07993	52.2224	52.32136	52.39021
615.55	0.001501464	0.001580026	0.004925617	0.1384136	3.814064	29.92656	41.10892	43.66144	45.58658	47.22039	48.56143	49.61258	50.40462	50.9837	51.39801	51.69016	51.89429	52.03625	52.13485	52.20346
616.2	0.001514802	0.001593082	0.004926742	0.1379389	3.800488	29.81992	40.96244	43.50585	45.42412	47.0521	48.38835	49.43575	50.22496	50.80197	51.21481	51.50591	51.70931	51.85077	51.94901	52.01738
616.85	0.001528092	0.001606091	0.004927862	0.1374659	3.78696	29.71366	40.81648	43.35082	45.26224	46.88441	48.21589	49.25954	50.04594	50.62089	51.03225	51.32231	51.52499	51.66594	51.76384	51.83195
617.5	0.001541335	0.001619054	0.004928979	0.1369946	3.77348	29.60777	40.67104	43.19634	45.10094	46.71732	48.04404	49.08397	49.86756	50.44046	50.85035	51.13937	51.34133	51.48177	51.57932	51.64719
618.15	0.00155453	0.00163197	0.004930092	0.1365249	3.760049	29.50227	40.52612	43.04241	44.94021	46.55082	47.87281	48.90902	49.68982	50.26066	50.66909	50.95708	51.15832	51.29826	51.39547	51.4631
618.8	0.001567679	0.001644841	0.0049312	0.136057	3.746666	29.39714	40.38171	42.88903	44.78006	46.38492	47.70218	48.7347	49.5127	50.08151	50.48849	50.77545	50.97596	51.11541	51.21226	51.27965
619.45	0.001580781	0.001657665	0.004932305	0.1355907	3.73333	29.29238	40.23782	42.7362	44.62048	46.2196	47.53217	48.561	49.33622	49.903	50.30852	50.59446	50.79426	50.9332	51.02971	51.09686
620.1	0.001593836	0.001670444	0.004933406	0.1351261	3.720042	29.188	40.09444	42.58391	44.46146	46.05488	47.36275	48.38791	49.16037	49.72513	50.1292	50.41412	50.6132	50.75165	50.84782	50.91472
620.75	0.001606844	0.001683177	0.004934502	0.1346631	3.706801	29.08399	39.95158	42.43217	44.30301	45.89074	47.19395	48.21545	48.98515	49.54789	49.95052	50.23442	50.43279	50.57075	50.66656	50.73323
621.4	0.001619806	0.001695865	0.004935595	0.1342018	3.693608	28.98035	39.80922	42.28096	44.14513	45.72719	47.02575	48.04359	48.81055	49.37128	49.77247	50.05536	50.25302	50.39048	50.48596	50.55239
622.05	0.001632722	0.001708507	0.004936684	0.1337421	3.680461	28.87708	39.66737	42.1303	43.98781	45.56422	46.85814	47.87236	48.63657	49.1953	49.59506	49.87693	50.07389	50.21087	50.306	50.3722
622.7	0.001645591	0.001721105	0.004937769	0.1332841	3.667361	28.77419	39.52602	41.98017	43.83105	45.40184	46.69114	47.70173	48.46321	49.01995	49.41828	49.69915	49.8954	50.03189	50.12669	50.19265
623.35	0.001658415	0.001733657	0.004938851	0.1328277	3.654308	28.67165	39.38518	41.83057	43.67485	45.24003	46.52472	47.53171	48.29048	48.84522	49.24213	49.522	49.71755	49.85355	49.94801	50.01373
624	0.001671193	0.001746165	0.004939928	0.1323729	3.641302	28.56948	39.24484	41.68151	43.51921	45.0788	46.35891	47.3623	48.11835	48.67112	49.06661	49.34548	49.54034	49.67585	49.76997	49.83546
624.65	0.001683926	0.001758628	0.004941002	0.1319197	3.628342	28.46768	39.10501	41.53299	43.36412	44.91814	46.19368	47.19349	47.94685	48.49763	48.89172	49.16959	49.36375	49.49878	49.59256	49.65782
625.3	0.001696613	0.001771047	0.004942072	0.1314682	3.615428	28.36624	38.96566	41.38499	43.20959	44.75806	46.02904	47.02528	47.77595	48.32477	48.71745	48.99432	49.18779	49.32234	49.41579	49.48081
625.95	0.001709254	0.001783421	0.004943138	0.1310183	3.60256	28.26516	38.82682	41.23751	43.0556	44.59855	45.86499	46.85767	47.60566	48.15252	48.54379	48.81969	49.01246	49.14653	49.23965	49.30444
626.6	0.001721851	0.001795751	0.0049442	0.1305699	3.589738	28.16444	38.68847	41.09057	42.90217	44.4396	45.70152	46.69066	47.43598	47.98089	48.37077	48.64567	48.83776	48.97134	49.06413	49.12869
627.25	0.001734403	0.001808038	0.004945258	0.1301232	3.576962	28.06408	38.55062	40.94415	42.74928	44.28122	45.53864	46.52425	47.2669	47.80987	48.19835	48.47227	48.66368	48.79679	48.88924	48.95357
627.9	0.00174691	0.00182028	0.004946312	0.1296781	3.564231	27.96408	38.41325	40.79825	42.59694	44.12341	45.37634	46.35843	47.09843	47.63946	48.02655	48.2995	48.49022	48.62285	48.71498	48.77907
628.55	0.001759372	0.001832479	0.004947363	0.1292345	3.551546	27.86443	38.27638	40.65287	42.44513	43.96616	45.21461	46.1932	46.93056	47.46965	47.85537	48.12734	48.31738	48.44954	48.54133	48.6052
629.2	0.00177179	0.001844634	0.00494841	0.1287925	3.538906	27.76514	38.14	40.50801	42.29388	43.80947	45.05347	46.02855	46.76328	47.30045	47.68479	47.95579	48.14515	48.27684	48.36831	48.43195
629.85	0.001784164	0.001856746	0.004949453	0.1283522	3.526311	27.6662	38.00409	40.36366	42.14315	43.65334	44.89289	45.8645	46.59661	47.13186	47.51482	47.78485	47.97354	48.10476	48.1959	48.25931
630.5	0.001796493	0.001868815	0.004950493	0.1279133	3.513761	27.56762	37.86868	40.21983	41.99297	43.49777	44.73289	45.70103	46.43052	46.96386	47.34546	47.61453	47.80254	47.93329	48.02411	48.08729
631.15	0.001808779	0.001880841	0.004951529	0.1274761	3.501255	27.46938	37.73375	40.07651	41.84332	43.34275	44.57346	45.53815	46.26503	46.79647	47.1767	47.44481	47.63215	47.76244	47.85292	47.91589
631.8	0.001821021	0.001892823	0.004952561	0.1270404	3.488795	27.3715	37.59929	39.9337	41.69421	43.18828	44.4146	45.37584	46.10013	46.62967	47.00855	47.2757	47.46237	47.59219	47.68235	47.74509
632.45	0.001833219	0.001904764	0.004953589	0.1266062	3.476378	27.27397	37.46532	39.7914	41.54563	43.03436	44.25631	45.21411	45.93582	46.46347	46.84099	47.10719	47.29319	47.42255	47.51239	47.57491
633.1	0.001845373	0.001916661	0.004954614	0.1261736	3.464006	27.17678	37.33183	39.64962	41.39758	42.881	44.09858	45.05296	45.77209	46.29786	46.67403	46.93928	47.12462	47.25351	47.34304	47.40533
633.75	0.001857485	0.001928516	0.004955635	0.1257426	3.451678	27.07994	37.1988	39.50833	41.25005	42.72818	43.94141	44.89239	45.60895	46.13284	46.50767	46.77197	46.95665	47.08508	47.17429	47.23635
634.4	0.001869553	0.001940329	0.004956653	0.1253131	3.439394	26.98345	37.06626	39.36755	41.10305	42.5759	43.7848	44.73238	45.44639	45.96841	46.3419	46.60526	46.78927	46.91725	47.00613	47.06798
635.05	0.001881578	0.001952099	0.004957667	0.1248851	3.427154	26.8873	36.93419	39.22727	40.95658	42.42416	43.62875	44.57295	45.2844	45.80456	46.17672	46.43914	46.6225	46.75002	46.83858	46.90021
635.7	0.00189356	0.001963828	0.004958677	0.1244586	3.414957	26.79149	36.80258	39.08749	40.81062	42.27297	43.47326	44.41409	45.123	45.6413	46.01213	46.27361	46.45631	46.58338	46.67163	46.73304
636.35	0.001905499	0.001975515	0.004959684	0.1240337	3.402804	26.69602	36.67145	38.9482	40.66519	42.12232	43.31832	44.25579	44.96217	45.47862	45.84813	46.10867	46.29073	46.41734	46.50527	46.56646
637	0.001917396	0.00198716	0.004960687	0.1236102	3.390694	26.6009	36.54078	38.80942	40.52028	41.9722	43.16394	44.09806	44.80192	45.31652	45.68471	45.94432	46.12573	46.25188	46.33951	46.40047
637.65	0.001929251	0.001998764	0.004961686	0.1231883	3.378628	26.50611	36.41058	38.67113	40.37588	41.82262	43.0101	43.94088	44.64223	45.155	45.52187	45.78056	45.96132	46.08702	46.17433	46.23508
638.3	0.001941063	0.002010326	0.004962682	0.1227679	3.366604	26.41166	36.28085	38.53333	40.232	41.67358	42.85681	43.78428	44.48312	44.99405	45.35962	45.61738	45.79749	45.92275	46.00975	46.07028
638.95	0.001952833	0.002021847	0.004963675	0.122349	3.354623	26.31755	36.15157	38.39602	40.08863	41.52506	42.70407	43.62822	44.32457	44.83368	45.19794	45.45478	45.63425	45.75906	45.84575	45.90607
639.6	0.00196456	0.002033327	0.004964663	0.1219316	3.342685	26.22377	36.02276	38.25921	39.94577	41.37707	42.55188	43.47272	44.16659	44.67388	45.03684	45.29277	45.4716	45.59596	45.68233	45.74244
640.25	0.001976247	0.002044766	0.004965649	0.1215157	3.33079	26.13033	35.89441	38.12288	39.80342	41.22961	42.40022	43.31778	44.00917	44.51465	44.87631	45.13133	45.30952	45.43344	45.5195	45.57939
640.9	0.001987891	0.002056165	0.00496663	0.1211012	3.318937	26.03722	35.76651	37.98703	39.66158	41.08268	42.24911	43.16339	43.85231	44.35599	44.71636	44.97046	45.14801	45.27149	45.35726	45.41693
641.55	0.001999494	0.002067522	0.004967608	0.1206882	3.307126	25.94444	35.63907	37.85168	39.52024	40.93627	42.09853	43.00956	43.69601	44.19789	44.55698	44.81017	44.98709	45.11013	45.19558	45.25504
642.2	0.002011056	0.002078839	0.004968583	0.1202767	3.295357	25.852	35.51208	37.7168	39.37941	40.79038	41.9485	42.85627	43.54027	44.04036	44.39816	44.65045	44.82674	44.94934	45.03449	45.09374
642.85	0.002022576	0.002090116	0.004969554	0.1198667	3.28363	25.75988	35.38555	37.5824	39.23908	40.64501	41.79899	42.70353	43.38509	43.88339	44.23991	44.4913	44.66696	44.78912	44.87397	44.93301
643.5	0.002034055	0.002101352	0.004970522	0.1194581	3.271945	25.66809	35.25947	37.44849	39.09925	40.50016	41.65002	42.55132	43.23046	43.72698	44.08223	44.33272	44.50775	44.62947	44.71402	44.77285
644.15	0.002045494	0.002112549	0.004971487	0.119051	3.260302	25.57663	35.13384	37.31504	38.95992	40.35583	41.50159	42.39967	43.07637	43.57112	43.92511	44.17471	44.34911	44.4704	44.55464	44.61326
644.8	0.002056891	0.002123705	0.004972448	0.1186454	3.2487	25.48549	35.00865	37.18208	38.82108	40.21201	41.35368	42.24855	42.92284	43.41582	43.76854	44.01725	44.19104	44.31189	44.39583	44.45424
645.45	0.002068248	0.002134822	0.004973405	0.1182411	3.23714	25.39468	34.88391	37.04959	38.68274	40.06871	41.2063	42.09798	42.76986	43.26108	43.61254	43.86036	44.03352	44.15395	44.23759	44.29579
646.1	0.002079564	0.002145899	0.004974359	0.1178384	3.225621	25.3042	34.75962	36.91758	38.54489	39.92591	41.05944	41.94794	42.61742	43.10689	43.45709	43.70403	43.87657	43.99657	44.07991	44.1379
646.75	0.00209084	0.002156937	0.00497531	0.117437	3.214142	25.21403	34.63577	36.78603	38.40754	39.78363	40.91311	41.79843	42.46552	42.95324	43.3022	43.54825	43.72018	43.83975	43.92279	43.98058
647.4	0.002102076	0.002167935	0.004976257	0.1170371	3.202705	25.12419	34.51236	36.65495	38.27067	39.64185	40.7673	41.64946	42.31417	42.80015	43.14786	43.39304	43.56435	43.68349	43.76624	43.82381
648.05	0.002113272	0.002178894	0.004977201	0.1166386	3.191308	25.03467	34.38939	36.52434	38.13429	39.50057	40.622	41.50102	42.16336	42.6476	42.99407	43.23837	43.40907	43.52779	43.61024	43.66761
648.7	0.002124428	0.002189814	0.004978141	0.1162416	3.179953	24.94546	34.26686	36.39419	37.9984	39.3598	40.47723	41.35311	42.01308	42.49559	42.84083	43.08426	43.25435	43.37264	43.4548	43.51196
649.35	0.002135544	0.002200695	0.004979078	0.1158459	3.168638	24.85658	34.14476	36.26451	37.863	39.21954	40.33297	41.20572	41.86334	42.34413	42.68813	42.93069	43.10017	43.21804	43.29991	43.35687
650	0.00214662	0.002211537	0.004980012	0.1154517	3.157362	24.76801	34.0231	36.13529	37.72807	39.07977	40.18923	41.05886	41.71413	42.19321	42.53598	42.77767	42.94655	43.064	43.14557	43.20233
