Time (ms)	Sweep 1	Sweep 2	Sweep 3	Sweep 4	Sweep 5	Sweep 6	Sweep 7	Sweep 8	Sweep 9	Sweep 10	Sweep 11	Sweep 12	Sweep 13	Sweep 14	Sweep 15	Sweep 16	Sweep 17	Sweep 18	Sweep 19	Sweep 20
0	-9.412657E-13	-9.412657E-13	-9.412657E-13	-9.412657E-13	-9.412657E-13	-9.412657E-13	-9.412657E-13	-9.412657E-13	-9.412657E-13	-9.412657E-13	-9.412657E-13	-9.412657E-13	-9.412657E-13	-9.412657E-13	-9.412657E-13	-9.412657E-13	-9.412657E-13	-9.412657E-13	-9.412657E-13	-9.412657E-13
0.65	-9.460734E-13	-9.460734E-13	-9.460734E-13	-9.460734E-13	-9.460734E-13	-9.460734E-13	-9.460734E-13	-9.460734E-13	-9.460734E-13	-9.460734E-13	-9.460734E-13	-9.460734E-13	-9.460734E-13	-9.460734E-13	-9.460734E-13	-9.460734E-13	-9.460734E-13	-9.460734E-13	-9.460734E-13	-9.460734E-13
1.3	-9.486633E-13	-9.486633E-13	-9.486633E-13	-9.486633E-13	-9.486633E-13	-9.486633E-13	-9.486633E-13	-9.486633E-13	-9.486633E-13	-9.486633E-13	-9.486633E-13	-9.486633E-13	-9.486633E-13	-9.486633E-13	-9.486633E-13	-9.486633E-13	-9.486633E-13	-9.486633E-13	-9.486633E-13	-9.486633E-13
1.95	-9.504189E-13	-9.504189E-13	-9.504189E-13	-9.504189E-13	-9.504189E-13	-9.504189E-13	-9.504189E-13	-9.504189E-13	-9.504189E-13	-9.504189E-13	-9.504189E-13	-9.504189E-13	-9.504189E-13	-9.504189E-13	-9.504189E-13	-9.504189E-13	-9.504189E-13	-9.504189E-13	-9.504189E-13	-9.504189E-13
2.6	-9.5185E-13	-9.5185E-13	-9.5185E-13	-9.5185E-13	-9.5185E-13	-9.5185E-13	-9.5185E-13	-9.5185E-13	-9.5185E-13	-9.5185E-13	-9.5185E-13	-9.5185E-13	-9.5185E-13	-9.5185E-13	-9.5185E-13	-9.5185E-13	-9.5185E-13	-9.5185E-13	-9.5185E-13	-9.5185E-13
3.25	-9.531452E-13	-9.531452E-13	-9.531452E-13	-9.531452E-13	-9.531452E-13	-9.531452E-13	-9.531452E-13	-9.531452E-13	-9.531452E-13	-9.531452E-13	-9.531452E-13	-9.531452E-13	-9.531452E-13	-9.531452E-13	-9.531452E-13	-9.531452E-13	-9.531452E-13	-9.531452E-13	-9.531452E-13	-9.531452E-13
3.9	-9.543743E-13	-9.543743E-13	-9.543743E-13	-9.543743E-13	-9.543743E-13	-9.543743E-13	-9.543743E-13	-9.543743E-13	-9.543743E-13	-9.543743E-13	-9.543743E-13	-9.543743E-13	-9.543743E-13	-9.543743E-13	-9.543743E-13	-9.543743E-13	-9.543743E-13	-9.543743E-13	-9.543743E-13	-9.543743E-13
4.55	-9.555633E-13	-9.555633E-13	-9.555633E-13	-9.555633E-13	-9.555633E-13	-9.555633E-13	-9.555633E-13	-9.555633E-13	-9.555633E-13	-9.555633E-13	-9.555633E-13	-9.555633E-13	-9.555633E-13	-9.555633E-13	-9.555633E-13	-9.555633E-13	-9.555633E-13	-9.555633E-13	-9.555633E-13	-9.555633E-13
5.2	-9.567221E-13	-9.567221E-13	-9.567221E-13	-9.567221E-13	-9.567221E-13	-9.567221E-13	-9.567221E-13	-9.567221E-13	-9.567221E-13	-9.567221E-13	-9.567221E-13	-9.567221E-13	-9.567221E-13	-9.567221E-13	-9.567221E-13	-9.567221E-13	-9.567221E-13	-9.567221E-13	-9.567221E-13	-9.567221E-13
5.85	-9.578547E-13	-9.578547E-13	-9.578547E-13	-9.578547E-13	-9.578547E-13	-9.578547E-13	-9.578547E-13	-9.578547E-13	-9.578547E-13	-9.578547E-13	-9.578547E-13	-9.578547E-13	-9.578547E-13	-9.578547E-13	-9.578547E-13	-9.578547E-13	-9.578547E-13	-9.578547E-13	-9.578547E-13	-9.578547E-13
6.5	-9.589628E-13	-9.589628E-13	-9.589628E-13	-9.589628E-13	-9.589628E-13	-9.589628E-13	-9.589628E-13	-9.589628E-13	-9.589628E-13	-9.589628E-13	-9.589628E-13	-9.589628E-13	-9.589628E-13	-9.589628E-13	-9.589628E-13	-9.589628E-13	-9.589628E-13	-9.589628E-13	-9.589628E-13	-9.589628E-13
7.15	-9.600476E-13	-9.600476E-13	-9.600476E-13	-9.600476E-13	-9.600476E-13	-9.600476E-13	-9.600476E-13	-9.600476E-13	-9.600476E-13	-9.600476E-13	-9.600476E-13	-9.600476E-13	-9.600476E-13	-9.600476E-13	-9.600476E-13	-9.600476E-13	-9.600476E-13	-9.600476E-13	-9.600476E-13	-9.600476E-13
7.8	-9.611096E-13	-9.611096E-13	-9.611096E-13	-9.611096E-13	-9.611096E-13	-9.611096E-13	-9.611096E-13	-9.611096E-13	-9.611096E-13	-9.611096E-13	-9.611096E-13	-9.611096E-13	-9.611096E-13	-9.611096E-13	-9.611096E-13	-9.611096E-13	-9.611096E-13	-9.611096E-13	-9.611096E-13	-9.611096E-13
8.45	-9.621492E-13	-9.621492E-13	-9.621492E-13	-9.621492E-13	-9.621492E-13	-9.621492E-13	-9.621492E-13	-9.621492E-13	-9.621492E-13	-9.621492E-13	-9.621492E-13	-9.621492E-13	-9.621492E-13	-9.621492E-13	-9.621492E-13	-9.621492E-13	-9.621492E-13	-9.621492E-13	-9.621492E-13	-9.621492E-13
9.1	-9.631672E-13	-9.631672E-13	-9.631672E-13	-9.631672E-13	-9.631672E-13	-9.631672E-13	-9.631672E-13	-9.631672E-13	-9.631672E-13	-9.631672E-13	-9.631672E-13	-9.631672E-13	-9.631672E-13	-9.631672E-13	-9.631672E-13	-9.631672E-13	-9.631672E-13	-9.631672E-13	-9.631672E-13	-9.631672E-13
9.75	-9.641638E-13	-9.641638E-13	-9.641638E-13	-9.641638E-13	-9.641638E-13	-9.641638E-13	-9.641638E-13	-9.641638E-13	-9.641638E-13	-9.641638E-13	-9.641638E-13	-9.641638E-13	-9.641638E-13	-9.641638E-13	-9.641638E-13	-9.641638E-13	-9.641638E-13	-9.641638E-13	-9.641638E-13	-9.641638E-13
10.4	-9.651395E-13	-9.651395E-13	-9.651395E-13	-9.651395E-13	-9.651395E-13	-9.651395E-13	-9.651395E-13	-9.651395E-13	-9.651395E-13	-9.651395E-13	-9.651395E-13	-9.651395E-13	-9.651395E-13	-9.651395E-13	-9.651395E-13	-9.651395E-13	-9.651395E-13	-9.651395E-13	-9.651395E-13	-9.651395E-13
11.05	-9.660949E-13	-9.660949E-13	-9.660949E-13	-9.660949E-13	-9.660949E-13	-9.660949E-13	-9.660949E-13	-9.660949E-13	-9.660949E-13	-9.660949E-13	-9.660949E-13	-9.660949E-13	-9.660949E-13	-9.660949E-13	-9.660949E-13	-9.660949E-13	-9.660949E-13	-9.660949E-13	-9.660949E-13	-9.660949E-13
11.7	-9.670304E-13	-9.670304E-13	-9.670304E-13	-9.670304E-13	-9.670304E-13	-9.670304E-13	-9.670304E-13	-9.670304E-13	-9.670304E-13	-9.670304E-13	-9.670304E-13	-9.670304E-13	-9.670304E-13	-9.670304E-13	-9.670304E-13	-9.670304E-13	-9.670304E-13	-9.670304E-13	-9.670304E-13	-9.670304E-13
12.35	-9.679462E-13	-9.679462E-13	-9.679462E-13	-9.679462E-13	-9.679462E-13	-9.679462E-13	-9.679462E-13	-9.679462E-13	-9.679462E-13	-9.679462E-13	-9.679462E-13	-9.679462E-13	-9.679462E-13	-9.679462E-13	-9.679462E-13	-9.679462E-13	-9.679462E-13	-9.679462E-13	-9.679462E-13	-9.679462E-13
13	-9.688428E-13	-9.688428E-13	-9.688428E-13	-9.688428E-13	-9.688428E-13	-9.688428E-13	-9.688428E-13	-9.688428E-13	-9.688428E-13	-9.688428E-13	-9.688428E-13	-9.688428E-13	-9.688428E-13	-9.688428E-13	-9.688428E-13	-9.688428E-13	-9.688428E-13	-9.688428E-13	-9.688428E-13	-9.688428E-13
13.65	-9.697208E-13	-9.697208E-13	-9.697208E-13	-9.697208E-13	-9.697208E-13	-9.697208E-13	-9.697208E-13	-9.697208E-13	-9.697208E-13	-9.697208E-13	-9.697208E-13	-9.697208E-13	-9.697208E-13	-9.697208E-13	-9.697208E-13	-9.697208E-13	-9.697208E-13	-9.697208E-13	-9.697208E-13	-9.697208E-13
14.3	-9.705804E-13	-9.705804E-13	-9.705804E-13	-9.705804E-13	-9.705804E-13	-9.705804E-13	-9.705804E-13	-9.705804E-13	-9.705804E-13	-9.705804E-13	-9.705804E-13	-9.705804E-13	-9.705804E-13	-9.705804E-13	-9.705804E-13	-9.705804E-13	-9.705804E-13	-9.705804E-13	-9.705804E-13	-9.705804E-13
14.95	-9.714219E-13	-9.714219E-13	-9.714219E-13	-9.714219E-13	-9.714219E-13	-9.714219E-13	-9.714219E-13	-9.714219E-13	-9.714219E-13	-9.714219E-13	-9.714219E-13	-9.714219E-13	-9.714219E-13	-9.714219E-13	-9.714219E-13	-9.714219E-13	-9.714219E-13	-9.714219E-13	-9.714219E-13	-9.714219E-13
15.6	-9.722459E-13	-9.722459E-13	-9.722459E-13	-9.722459E-13	-9.722459E-13	-9.722459E-13	-9.722459E-13	-9.722459E-13	-9.722459E-13	-9.722459E-13	-9.722459E-13	-9.722459E-13	-9.722459E-13	-9.722459E-13	-9.722459E-13	-9.722459E-13	-9.722459E-13	-9.722459E-13	-9.722459E-13	-9.722459E-13
16.25	-9.730526E-13	-9.730526E-13	-9.730526E-13	-9.730526E-13	-9.730526E-13	-9.730526E-13	-9.730526E-13	-9.730526E-13	-9.730526E-13	-9.730526E-13	-9.730526E-13	-9.730526E-13	-9.730526E-13	-9.730526E-13	-9.730526E-13	-9.730526E-13	-9.730526E-13	-9.730526E-13	-9.730526E-13	-9.730526E-13
16.9	-9.738425E-13	-9.738425E-13	-9.738425E-13	-9.738425E-13	-9.738425E-13	-9.738425E-13	-9.738425E-13	-9.738425E-13	-9.738425E-13	-9.738425E-13	-9.738425E-13	-9.738425E-13	-9.738425E-13	-9.738425E-13	-9.738425E-13	-9.738425E-13	-9.738425E-13	-9.738425E-13	-9.738425E-13	-9.738425E-13
17.55	-9.746158E-13	-9.746158E-13	-9.746158E-13	-9.746158E-13	-9.746158E-13	-9.746158E-13	-9.746158E-13	-9.746158E-13	-9.746158E-13	-9.746158E-13	-9.746158E-13	-9.746158E-13	-9.746158E-13	-9.746158E-13	-9.746158E-13	-9.746158E-13	-9.746158E-13	-9.746158E-13	-9.746158E-13	-9.746158E-13
18.2	-9.75373E-13	-9.75373E-13	-9.75373E-13	-9.75373E-13	-9.75373E-13	-9.75373E-13	-9.75373E-13	-9.75373E-13	-9.75373E-13	-9.75373E-13	-9.75373E-13	-9.75373E-13	-9.75373E-13	-9.75373E-13	-9.75373E-13	-9.75373E-13	-9.75373E-13	-9.75373E-13	-9.75373E-13	-9.75373E-13
18.85	-9.761144E-13	-9.761144E-13	-9.761144E-13	-9.761144E-13	-9.761144E-13	-9.761144E-13	-9.761144E-13	-9.761144E-13	-9.761144E-13	-9.761144E-13	-9.761144E-13	-9.761144E-13	-9.761144E-13	-9.761144E-13	-9.761144E-13	-9.761144E-13	-9.761144E-13	-9.761144E-13	-9.761144E-13	-9.761144E-13
19.5	-9.768401E-13	-9.768401E-13	-9.768401E-13	-9.768401E-13	-9.768401E-13	-9.768401E-13	-9.768401E-13	-9.768401E-13	-9.768401E-13	-9.768401E-13	-9.768401E-13	-9.768401E-13	-9.768401E-13	-9.768401E-13	-9.768401E-13	-9.768401E-13	-9.768401E-13	-9.768401E-13	-9.768401E-13	-9.768401E-13
20.15	-9.775508E-13	-9.775508E-13	-9.775508E-13	-9.775508E-13	-9.775508E-13	-9.775508E-13	-9.775508E-13	-9.775508E-13	-9.775508E-13	-9.775508E-13	-9.775508E-13	-9.775508E-13	-9.775508E-13	-9.775508E-13	-9.775508E-13	-9.775508E-13	-9.775508E-13	-9.775508E-13	-9.775508E-13	-9.775508E-13
20.8	-9.782466E-13	-9.782466E-13	-9.782466E-13	-9.782466E-13	-9.782466E-13	-9.782466E-13	-9.782466E-13	-9.782466E-13	-9.782466E-13	-9.782466E-13	-9.782466E-13	-9.782466E-13	-9.782466E-13	-9.782466E-13	-9.782466E-13	-9.782466E-13	-9.782466E-13	-9.782466E-13	-9.782466E-13	-9.782466E-13
21.45	-9.789278E-13	-9.789278E-13	-9.789278E-13	-9.789278E-13	-9.789278E-13	-9.789278E-13	-9.789278E-13	-9.789278E-13	-9.789278E-13	-9.789278E-13	-9.789278E-13	-9.789278E-13	-9.789278E-13	-9.789278E-13	-9.789278E-13	-9.789278E-13	-9.789278E-13	-9.789278E-13	-9.789278E-13	-9.789278E-13
22.1	-9.795948E-13	-9.795948E-13	-9.795948E-13	-9.795948E-13	-9.795948E-13	-9.795948E-13	-9.795948E-13	-9.795948E-13	-9.795948E-13	-9.795948E-13	-9.795948E-13	-9.795948E-13	-9.795948E-13	-9.795948E-13	-9.795948E-13	-9.795948E-13	-9.795948E-13	-9.795948E-13	-9.795948E-13	-9.795948E-13
22.75	-9.802478E-13	-9.802478E-13	-9.802478E-13	-9.802478E-13	-9.802478E-13	-9.802478E-13	-9.802478E-13	-9.802478E-13	-9.802478E-13	-9.802478E-13	-9.802478E-13	-9.802478E-13	-9.802478E-13	-9.802478E-13	-9.802478E-13	-9.802478E-13	-9.802478E-13	-9.802478E-13	-9.802478E-13	-9.802478E-13
23.4	-9.808871E-13	-9.808871E-13	-9.808871E-13	-9.808871E-13	-9.808871E-13	-9.808871E-13	-9.808871E-13	-9.808871E-13	-9.808871E-13	-9.808871E-13	-9.808871E-13	-9.808871E-13	-9.808871E-13	-9.808871E-13	-9.808871E-13	-9.808871E-13	-9.808871E-13	-9.808871E-13	-9.808871E-13	-9.808871E-13
24.05	-9.815132E-13	-9.815132E-13	-9.815132E-13	-9.815132E-13	-9.815132E-13	-9.815132E-13	-9.815132E-13	-9.815132E-13	-9.815132E-13	-9.815132E-13	-9.815132E-13	-9.815132E-13	-9.815132E-13	-9.815132E-13	-9.815132E-13	-9.815132E-13	-9.815132E-13	-9.815132E-13	-9.815132E-13	-9.815132E-13
24.7	-9.821261E-13	-9.821261E-13	-9.821261E-13	-9.821261E-13	-9.821261E-13	-9.821261E-13	-9.821261E-13	-9.821261E-13	-9.821261E-13	-9.821261E-13	-9.821261E-13	-9.821261E-13	-9.821261E-13	-9.821261E-13	-9.821261E-13	-9.821261E-13	-9.821261E-13	-9.821261E-13	-9.821261E-13	-9.821261E-13
25.35	-9.827262E-13	-9.827262E-13	-9.827262E-13	-9.827262E-13	-9.827262E-13	-9.827262E-13	-9.827262E-13	-9.827262E-13	-9.827262E-13	-9.827262E-13	-9.827262E-13	-9.827262E-13	-9.827262E-13	-9.827262E-13	-9.827262E-13	-9.827262E-13	-9.827262E-13	-9.827262E-13	-9.827262E-13	-9.827262E-13
26	-9.833137E-13	-9.833137E-13	-9.833137E-13	-9.833137E-13	-9.833137E-13	-9.833137E-13	-9.833137E-13	-9.833137E-13	-9.833137E-13	-9.833137E-13	-9.833137E-13	-9.833137E-13	-9.833137E-13	-9.833137E-13	-9.833137E-13	-9.833137E-13	-9.833137E-13	-9.833137E-13	-9.833137E-13	-9.833137E-13
26.65	-9.838889E-13	-9.838889E-13	-9.838889E-13	-9.838889E-13	-9.838889E-13	-9.838889E-13	-9.838889E-13	-9.838889E-13	-9.838889E-13	-9.838889E-13	-9.838889E-13	-9.838889E-13	-9.838889E-13	-9.838889E-13	-9.838889E-13	-9.838889E-13	-9.838889E-13	-9.838889E-13	-9.838889E-13	-9.838889E-13
27.3	-9.844521E-13	-9.844521E-13	-9.844521E-13	-9.844521E-13	-9.844521E-13	-9.844521E-13	-9.844521E-13	-9.844521E-13	-9.844521E-13	-9.844521E-13	-9.844521E-13	-9.844521E-13	-9.844521E-13	-9.844521E-13	-9.844521E-13	-9.844521E-13	-9.844521E-13	-9.844521E-13	-9.844521E-13	-9.844521E-13
27.95	-9.850035E-13	-9.850035E-13	-9.850035E-13	-9.850035E-13	-9.850035E-13	-9.850035E-13	-9.850035E-13	-9.850035E-13	-9.850035E-13	-9.850035E-13	-9.850035E-13	-9.850035E-13	-9.850035E-13	-9.850035E-13	-9.850035E-13	-9.850035E-13	-9.850035E-13	-9.850035E-13	-9.850035E-13	-9.850035E-13
28.6	-9.855434E-13	-9.855434E-13	-9.855434E-13	-9.855434E-13	-9.855434E-13	-9.855434E-13	-9.855434E-13	-9.855434E-13	-9.855434E-13	-9.855434E-13	-9.855434E-13	-9.855434E-13	-9.855434E-13	-9.855434E-13	-9.855434E-13	-9.855434E-13	-9.855434E-13	-9.855434E-13	-9.855434E-13	-9.855434E-13
29.25	-9.86072E-13	-9.86072E-13	-9.86072E-13	-9.86072E-13	-9.86072E-13	-9.86072E-13	-9.86072E-13	-9.86072E-13	-9.86072E-13	-9.86072E-13	-9.86072E-13	-9.86072E-13	-9.86072E-13	-9.86072E-13	-9.86072E-13	-9.86072E-13	-9.86072E-13	-9.86072E-13	-9.86072E-13	-9.86072E-13
29.9	-9.865895E-13	-9.865895E-13	-9.865895E-13	-9.865895E-13	-9.865895E-13	-9.865895E-13	-9.865895E-13	-9.865895E-13	-9.865895E-13	-9.865895E-13	-9.865895E-13	-9.865895E-13	-9.865895E-13	-9.865895E-13	-9.865895E-13	-9.865895E-13	-9.865895E-13	-9.865895E-13	-9.865895E-13	-9.865895E-13
30.55	-9.870963E-13	-9.870963E-13	-9.870963E-13	-9.870963E-13	-9.870963E-13	-9.870963E-13	-9.870963E-13	-9.870963E-13	-9.870963E-13	-9.870963E-13	-9.870963E-13	-9.870963E-13	-9.870963E-13	-9.870963E-13	-9.870963E-13	-9.870963E-13	-9.870963E-13	-9.870963E-13	-9.870963E-13	-9.870963E-13
31.2	-9.875924E-13	-9.875924E-13	-9.875924E-13	-9.875924E-13	-9.875924E-13	-9.875924E-13	-9.875924E-13	-9.875924E-13	-9.875924E-13	-9.875924E-13	-9.875924E-13	-9.875924E-13	-9.875924E-13	-9.875924E-13	-9.875924E-13	-9.875924E-13	-9.875924E-13	-9.875924E-13	-9.875924E-13	-9.875924E-13
31.85	-9.880781E-13	-9.880781E-13	-9.880781E-13	-9.880781E-13	-9.880781E-13	-9.880781E-13	-9.880781E-13	-9.880781E-13	-9.880781E-13	-9.880781E-13	-9.880781E-13	-9.880781E-13	-9.880781E-13	-9.880781E-13	-9.880781E-13	-9.880781E-13	-9.880781E-13	-9.880781E-13	-9.880781E-13	-9.880781E-13
32.5	-9.885536E-13	-9.885536E-13	-9.885536E-13	-9.885536E-13	-9.885536E-13	-9.885536E-13	-9.885536E-13	-9.885536E-13	-9.885536E-13	-9.885536E-13	-9.885536E-13	-9.885536E-13	-9.885536E-13	-9.885536E-13	-9.885536E-13	-9.885536E-13	-9.885536E-13	-9.885536E-13	-9.885536E-13	-9.885536E-13
33.15	-9.890193E-13	-9.890193E-13	-9.890193E-13	-9.890193E-13	-9.890193E-13	-9.890193E-13	-9.890193E-13	-9.890193E-13	-9.890193E-13	-9.890193E-13	-9.890193E-13	-9.890193E-13	-9.890193E-13	-9.890193E-13	-9.890193E-13	-9.890193E-13	-9.890193E-13	-9.890193E-13	-9.890193E-13	-9.890193E-13
33.8	-9.894752E-13	-9.894752E-13	-9.894752E-13	-9.894752E-13	-9.894752E-13	-9.894752E-13	-9.894752E-13	-9.894752E-13	-9.894752E-13	-9.894752E-13	-9.894752E-13	-9.894752E-13	-9.894752E-13	-9.894752E-13	-9.894752E-13	-9.894752E-13	-9.894752E-13	-9.894752E-13	-9.894752E-13	-9.894752E-13
34.45	-9.899216E-13	-9.899216E-13	-9.899216E-13	-9.899216E-13	-9.899216E-13	-9.899216E-13	-9.899216E-13	-9.899216E-13	-9.899216E-13	-9.899216E-13	-9.899216E-13	-9.899216E-13	-9.899216E-13	-9.899216E-13	-9.899216E-13	-9.899216E-13	-9.899216E-13	-9.899216E-13	-9.899216E-13	-9.899216E-13
35.1	-9.903585E-13	-9.903585E-13	-9.903585E-13	-9.903585E-13	-9.903585E-13	-9.903585E-13	-9.903585E-13	-9.903585E-13	-9.903585E-13	-9.903585E-13	-9.903585E-13	-9.903585E-13	-9.903585E-13	-9.903585E-13	-9.903585E-13	-9.903585E-13	-9.903585E-13	-9.903585E-13	-9.903585E-13	-9.903585E-13
35.75	-9.907864E-13	-9.907864E-13	-9.907864E-13	-9.907864E-13	-9.907864E-13	-9.907864E-13	-9.907864E-13	-9.907864E-13	-9.907864E-13	-9.907864E-13	-9.907864E-13	-9.907864E-13	-9.907864E-13	-9.907864E-13	-9.907864E-13	-9.907864E-13	-9.907864E-13	-9.907864E-13	-9.907864E-13	-9.907864E-13
36.4	-9.912054E-13	-9.912054E-13	-9.912054E-13	-9.912054E-13	-9.912054E-13	-9.912054E-13	-9.912054E-13	-9.912054E-13	-9.912054E-13	-9.912054E-13	-9.912054E-13	-9.912054E-13	-9.912054E-13	-9.912054E-13	-9.912054E-13	-9.912054E-13	-9.912054E-13	-9.912054E-13	-9.912054E-13	-9.912054E-13
37.05	-9.916155E-13	-9.916155E-13	-9.916155E-13	-9.916155E-13	-9.916155E-13	-9.916155E-13	-9.916155E-13	-9.916155E-13	-9.916155E-13	-9.916155E-13	-9.916155E-13	-9.916155E-13	-9.916155E-13	-9.916155E-13	-9.916155E-13	-9.916155E-13	-9.916155E-13	-9.916155E-13	-9.916155E-13	-9.916155E-13
37.7	-9.920171E-13	-9.920171E-13	-9.920171E-13	-9.920171E-13	-9.920171E-13	-9.920171E-13	-9.920171E-13	-9.920171E-13	-9.920171E-13	-9.920171E-13	-9.920171E-13	-9.920171E-13	-9.920171E-13	-9.920171E-13	-9.920171E-13	-9.920171E-13	-9.920171E-13	-9.920171E-13	-9.920171E-13	-9.920171E-13
38.35	-9.924103E-13	-9.924103E-13	-9.924103E-13	-9.924103E-13	-9.924103E-13	-9.924103E-13	-9.924103E-13	-9.924103E-13	-9.924103E-13	-9.924103E-13	-9.924103E-13	-9.924103E-13	-9.924103E-13	-9.924103E-13	-9.924103E-13	-9.924103E-13	-9.924103E-13	-9.924103E-13	-9.924103E-13	-9.924103E-13
39	-9.927953E-13	-9.927953E-13	-9.927953E-13	-9.927953E-13	-9.927953E-13	-9.927953E-13	-9.927953E-13	-9.927953E-13	-9.927953E-13	-9.927953E-13	-9.927953E-13	-9.927953E-13	-9.927953E-13	-9.927953E-13	-9.927953E-13	-9.927953E-13	-9.927953E-13	-9.927953E-13	-9.927953E-13	-9.927953E-13
39.65	-9.931721E-13	-9.931721E-13	-9.931721E-13	-9.931721E-13	-9.931721E-13	-9.931721E-13	-9.931721E-13	-9.931721E-13	-9.931721E-13	-9.931721E-13	-9.931721E-13	-9.931721E-13	-9.931721E-13	-9.931721E-13	-9.931721E-13	-9.931721E-13	-9.931721E-13	-9.931721E-13	-9.931721E-13	-9.931721E-13
40.3	-9.935412E-13	-9.935412E-13	-9.935412E-13	-9.935412E-13	-9.935412E-13	-9.935412E-13	-9.935412E-13	-9.935412E-13	-9.935412E-13	-9.935412E-13	-9.935412E-13	-9.935412E-13	-9.935412E-13	-9.935412E-13	-9.935412E-13	-9.935412E-13	-9.935412E-13	-9.935412E-13	-9.935412E-13	-9.935412E-13
40.95	-9.939024E-13	-9.939024E-13	-9.939024E-13	-9.939024E-13	-9.939024E-13	-9.939024E-13	-9.939024E-13	-9.939024E-13	-9.939024E-13	-9.939024E-13	-9.939024E-13	-9.939024E-13	-9.939024E-13	-9.939024E-13	-9.939024E-13	-9.939024E-13	-9.939024E-13	-9.939024E-13	-9.939024E-13	-9.939024E-13
41.6	-9.942562E-13	-9.942562E-13	-9.942562E-13	-9.942562E-13	-9.942562E-13	-9.942562E-13	-9.942562E-13	-9.942562E-13	-9.942562E-13	-9.942562E-13	-9.942562E-13	-9.942562E-13	-9.942562E-13	-9.942562E-13	-9.942562E-13	-9.942562E-13	-9.942562E-13	-9.942562E-13	-9.942562E-13	-9.942562E-13
42.25	-9.946026E-13	-9.946026E-13	-9.946026E-13	-9.946026E-13	-9.946026E-13	-9.946026E-13	-9.946026E-13	-9.946026E-13	-9.946026E-13	-9.946026E-13	-9.946026E-13	-9.946026E-13	-9.946026E-13	-9.946026E-13	-9.946026E-13	-9.946026E-13	-9.946026E-13	-9.946026E-13	-9.946026E-13	-9.946026E-13
42.9	-9.949417E-13	-9.949417E-13	-9.949417E-13	-9.949417E-13	-9.949417E-13	-9.949417E-13	-9.949417E-13	-9.949417E-13	-9.949417E-13	-9.949417E-13	-9.949417E-13	-9.949417E-13	-9.949417E-13	-9.949417E-13	-9.949417E-13	-9.949417E-13	-9.949417E-13	-9.949417E-13	-9.949417E-13	-9.949417E-13
43.55	-9.952737E-13	-9.952737E-13	-9.952737E-13	-9.952737E-13	-9.952737E-13	-9.952737E-13	-9.952737E-13	-9.952737E-13	-9.952737E-13	-9.952737E-13	-9.952737E-13	-9.952737E-13	-9.952737E-13	-9.952737E-13	-9.952737E-13	-9.952737E-13	-9.952737E-13	-9.952737E-13	-9.952737E-13	-9.952737E-13
44.2	-9.955988E-13	-9.955988E-13	-9.955988E-13	-9.955988E-13	-9.955988E-13	-9.955988E-13	-9.955988E-13	-9.955988E-13	-9.955988E-13	-9.955988E-13	-9.955988E-13	-9.955988E-13	-9.955988E-13	-9.955988E-13	-9.955988E-13	-9.955988E-13	-9.955988E-13	-9.955988E-13	-9.955988E-13	-9.955988E-13
44.85	-9.95917E-13	-9.95917E-13	-9.95917E-13	-9.95917E-13	-9.95917E-13	-9.95917E-13	-9.95917E-13	-9.95917E-13	-9.95917E-13	-9.95917E-13	-9.95917E-13	-9.95917E-13	-9.95917E-13	-9.95917E-13	-9.95917E-13	-9.95917E-13	-9.95917E-13	-9.95917E-13	-9.95917E-13	-9.95917E-13
45.5	-9.962286E-13	-9.962286E-13	-9.962286E-13	-9.962286E-13	-9.962286E-13	-9.962286E-13	-9.962286E-13	-9.962286E-13	-9.962286E-13	-9.962286E-13	-9.962286E-13	-9.962286E-13	-9.962286E-13	-9.962286E-13	-9.962286E-13	-9.962286E-13	-9.962286E-13	-9.962286E-13	-9.962286E-13	-9.962286E-13
46.15	-9.965337E-13	-9.965337E-13	-9.965337E-13	-9.965337E-13	-9.965337E-13	-9.965337E-13	-9.965337E-13	-9.965337E-13	-9.965337E-13	-9.965337E-13	-9.965337E-13	-9.965337E-13	-9.965337E-13	-9.965337E-13	-9.965337E-13	-9.965337E-13	-9.965337E-13	-9.965337E-13	-9.965337E-13	-9.965337E-13
46.8	-9.968324E-13	-9.968324E-13	-9.968324E-13	-9.968324E-13	-9.968324E-13	-9.968324E-13	-9.968324E-13	-9.968324E-13	-9.968324E-13	-9.968324E-13	-9.968324E-13	-9.968324E-13	-9.968324E-13	-9.968324E-13	-9.968324E-13	-9.968324E-13	-9.968324E-13	-9.968324E-13	-9.968324E-13	-9.968324E-13
47.45	-9.971249E-13	-9.971249E-13	-9.971249E-13	-9.971249E-13	-9.971249E-13	-9.971249E-13	-9.971249E-13	-9.971249E-13	-9.971249E-13	-9.971249E-13	-9.971249E-13	-9.971249E-13	-9.971249E-13	-9.971249E-13	-9.971249E-13	-9.971249E-13	-9.971249E-13	-9.971249E-13	-9.971249E-13	-9.971249E-13
48.1	-9.974112E-13	-9.974112E-13	-9.974112E-13	-9.974112E-13	-9.974112E-13	-9.974112E-13	-9.974112E-13	-9.974112E-13	-9.974112E-13	-9.974112E-13	-9.974112E-13	-9.974112E-13	-9.974112E-13	-9.974112E-13	-9.974112E-13	-9.974112E-13	-9.974112E-13	-9.974112E-13	-9.974112E-13	-9.974112E-13
48.75	-9.976916E-13	-9.976916E-13	-9.976916E-13	-9.976916E-13	-9.976916E-13	-9.976916E-13	-9.976916E-13	-9.976916E-13	-9.976916E-13	-9.976916E-13	-9.976916E-13	-9.976916E-13	-9.976916E-13	-9.976916E-13	-9.976916E-13	-9.976916E-13	-9.976916E-13	-9.976916E-13	-9.976916E-13	-9.976916E-13
49.4	-9.979661E-13	-9.979661E-13	-9.979661E-13	-9.979661E-13	-9.979661E-13	-9.979661E-13	-9.979661E-13	-9.979661E-13	-9.979661E-13	-9.979661E-13	-9.979661E-13	-9.979661E-13	-9.979661E-13	-9.979661E-13	-9.979661E-13	-9.979661E-13	-9.979661E-13	-9.979661E-13	-9.979661E-13	-9.979661E-13
50.05	-9.982348E-13	-9.982348E-13	-9.982348E-13	-9.982348E-13	-9.982348E-13	-9.982348E-13	-9.982348E-13	-9.982348E-13	-9.982348E-13	-9.982348E-13	-9.982348E-13	-9.982348E-13	-9.982348E-13	-9.982348E-13	-9.982348E-13	-9.982348E-13	-9.982348E-13	-9.982348E-13	-9.982348E-13	-9.982348E-13
50.7	-9.984979E-13	-9.984979E-13	-9.984979E-13	-9.984979E-13	-9.984979E-13	-9.984979E-13	-9.984979E-13	-9.984979E-13	-9.984979E-13	-9.984979E-13	-9.984979E-13	-9.984979E-13	-9.984979E-13	-9.984979E-13	-9.984979E-13	-9.984979E-13	-9.984979E-13	-9.984979E-13	-9.984979E-13	-9.984979E-13
51.35	-9.987555E-13	-9.987555E-13	-9.987555E-13	-9.987555E-13	-9.987555E-13	-9.987555E-13	-9.987555E-13	-9.987555E-13	-9.987555E-13	-9.987555E-13	-9.987555E-13	-9.987555E-13	-9.987555E-13	-9.987555E-13	-9.987555E-13	-9.987555E-13	-9.987555E-13	-9.987555E-13	-9.987555E-13	-9.987555E-13
52	-9.990078E-13	-9.990078E-13	-9.990078E-13	-9.990078E-13	-9.990078E-13	-9.990078E-13	-9.990078E-13	-9.990078E-13	-9.990078E-13	-9.990078E-13	-9.990078E-13	-9.990078E-13	-9.990078E-13	-9.990078E-13	-9.990078E-13	-9.990078E-13	-9.990078E-13	-9.990078E-13	-9.990078E-13	-9.990078E-13
52.65	-9.992548E-13	-9.992548E-13	-9.992548E-13	-9.992548E-13	-9.992548E-13	-9.992548E-13	-9.992548E-13	-9.992548E-13	-9.992548E-13	-9.992548E-13	-9.992548E-13	-9.992548E-13	-9.992548E-13	-9.992548E-13	-9.992548E-13	-9.992548E-13	-9.992548E-13	-9.992548E-13	-9.992548E-13	-9.992548E-13
53.3	-9.994966E-13	-9.994966E-13	-9.994966E-13	-9.994966E-13	-9.994966E-13	-9.994966E-13	-9.994966E-13	-9.994966E-13	-9.994966E-13	-9.994966E-13	-9.994966E-13	-9.994966E-13	-9.994966E-13	-9.994966E-13	-9.994966E-13	-9.994966E-13	-9.994966E-13	-9.994966E-13	-9.994966E-13	-9.994966E-13
53.95	-9.997333E-13	-9.997333E-13	-9.997333E-13	-9.997333E-13	-9.997333E-13	-9.997333E-13	-9.997333E-13	-9.997333E-13	-9.997333E-13	-9.997333E-13	-9.997333E-13	-9.997333E-13	-9.997333E-13	-9.997333E-13	-9.997333E-13	-9.997333E-13	-9.997333E-13	-9.997333E-13	-9.997333E-13	-9.997333E-13
54.6	-9.999651E-13	-9.999651E-13	-9.999651E-13	-9.999651E-13	-9.999651E-13	-9.999651E-13	-9.999651E-13	-9.999651E-13	-9.999651E-13	-9.999651E-13	-9.999651E-13	-9.999651E-13	-9.999651E-13	-9.999651E-13	-9.999651E-13	-9.999651E-13	-9.999651E-13	-9.999651E-13	-9.999651E-13	-9.999651E-13
55.25	-1.000192E-12	-1.000192E-12	-1.000192E-12	-1.000192E-12	-1.000192E-12	-1.000192E-12	-1.000192E-12	-1.000192E-12	-1.000192E-12	-1.000192E-12	-1.000192E-12	-1.000192E-12	-1.000192E-12	-1.000192E-12	-1.000192E-12	-1.000192E-12	-1.000192E-12	-1.000192E-12	-1.000192E-12	-1.000192E-12
55.9	-1.000414E-12	-1.000414E-12	-1.000414E-12	-1.000414E-12	-1.000414E-12	-1.000414E-12	-1.000414E-12	-1.000414E-12	-1.000414E-12	-1.000414E-12	-1.000414E-12	-1.000414E-12	-1.000414E-12	-1.000414E-12	-1.000414E-12	-1.000414E-12	-1.000414E-12	-1.000414E-12	-1.000414E-12	-1.000414E-12
56.55	-1.000632E-12	-1.000632E-12	-1.000632E-12	-1.000632E-12	-1.000632E-12	-1.000632E-12	-1.000632E-12	-1.000632E-12	-1.000632E-12	-1.000632E-12	-1.000632E-12	-1.000632E-12	-1.000632E-12	-1.000632E-12	-1.000632E-12	-1.000632E-12	-1.000632E-12	-1.000632E-12	-1.000632E-12	-1.000632E-12
57.2	-1.000845E-12	-1.000845E-12	-1.000845E-12	-1.000845E-12	-1.000845E-12	-1.000845E-12	-1.000845E-12	-1.000845E-12	-1.000845E-12	-1.000845E-12	-1.000845E-12	-1.000845E-12	-1.000845E-12	-1.000845E-12	-1.000845E-12	-1.000845E-12	-1.000845E-12	-1.000845E-12	-1.000845E-12	-1.000845E-12
57.85	-1.001053E-12	-1.001053E-12	-1.001053E-12	-1.001053E-12	-1.001053E-12	-1.001053E-12	-1.001053E-12	-1.001053E-12	-1.001053E-12	-1.001053E-12	-1.001053E-12	-1.001053E-12	-1.001053E-12	-1.001053E-12	-1.001053E-12	-1.001053E-12	-1.001053E-12	-1.001053E-12	-1.001053E-12	-1.001053E-12
58.5	-1.001257E-12	-1.001257E-12	-1.001257E-12	-1.001257E-12	-1.001257E-12	-1.001257E-12	-1.001257E-12	-1.001257E-12	-1.001257E-12	-1.001257E-12	-1.001257E-12	-1.001257E-12	-1.001257E-12	-1.001257E-12	-1.001257E-12	-1.001257E-12	-1.001257E-12	-1.001257E-12	-1.001257E-12	-1.001257E-12
59.15	-1.001457E-12	-1.001457E-12	-1.001457E-12	-1.001457E-12	-1.001457E-12	-1.001457E-12	-1.001457E-12	-1.001457E-12	-1.001457E-12	-1.001457E-12	-1.001457E-12	-1.001457E-12	-1.001457E-12	-1.001457E-12	-1.001457E-12	-1.001457E-12	-1.001457E-12	-1.001457E-12	-1.001457E-12	-1.001457E-12
59.8	-1.001653E-12	-1.001653E-12	-1.001653E-12	-1.001653E-12	-1.001653E-12	-1.001653E-12	-1.001653E-12	-1.001653E-12	-1.001653E-12	-1.001653E-12	-1.001653E-12	-1.001653E-12	-1.001653E-12	-1.001653E-12	-1.001653E-12	-1.001653E-12	-1.001653E-12	-1.001653E-12	-1.001653E-12	-1.001653E-12
60.45	-1.001845E-12	-1.001845E-12	-1.001845E-12	-1.001845E-12	-1.001845E-12	-1.001845E-12	-1.001845E-12	-1.001845E-12	-1.001845E-12	-1.001845E-12	-1.001845E-12	-1.001845E-12	-1.001845E-12	-1.001845E-12	-1.001845E-12	-1.001845E-12	-1.001845E-12	-1.001845E-12	-1.001845E-12	-1.001845E-12
61.1	-1.002032E-12	-1.002032E-12	-1.002032E-12	-1.002032E-12	-1.002032E-12	-1.002032E-12	-1.002032E-12	-1.002032E-12	-1.002032E-12	-1.002032E-12	-1.002032E-12	-1.002032E-12	-1.002032E-12	-1.002032E-12	-1.002032E-12	-1.002032E-12	-1.002032E-12	-1.002032E-12	-1.002032E-12	-1.002032E-12
61.75	-1.002216E-12	-1.002216E-12	-1.002216E-12	-1.002216E-12	-1.002216E-12	-1.002216E-12	-1.002216E-12	-1.002216E-12	-1.002216E-12	-1.002216E-12	-1.002216E-12	-1.002216E-12	-1.002216E-12	-1.002216E-12	-1.002216E-12	-1.002216E-12	-1.002216E-12	-1.002216E-12	-1.002216E-12	-1.002216E-12
62.4	-1.002396E-12	-1.002396E-12	-1.002396E-12	-1.002396E-12	-1.002396E-12	-1.002396E-12	-1.002396E-12	-1.002396E-12	-1.002396E-12	-1.002396E-12	-1.002396E-12	-1.002396E-12	-1.002396E-12	-1.002396E-12	-1.002396E-12	-1.002396E-12	-1.002396E-12	-1.002396E-12	-1.002396E-12	-1.002396E-12
63.05	-1.002572E-12	-1.002572E-12	-1.002572E-12	-1.002572E-12	-1.002572E-12	-1.002572E-12	-1.002572E-12	-1.002572E-12	-1.002572E-12	-1.002572E-12	-1.002572E-12	-1.002572E-12	-1.002572E-12	-1.002572E-12	-1.002572E-12	-1.002572E-12	-1.002572E-12	-1.002572E-12	-1.002572E-12	-1.002572E-12
63.7	-1.002744E-12	-1.002744E-12	-1.002744E-12	-1.002744E-12	-1.002744E-12	-1.002744E-12	-1.002744E-12	-1.002744E-12	-1.002744E-12	-1.002744E-12	-1.002744E-12	-1.002744E-12	-1.002744E-12	-1.002744E-12	-1.002744E-12	-1.002744E-12	-1.002744E-12	-1.002744E-12	-1.002744E-12	-1.002744E-12
64.35	-1.002913E-12	-1.002913E-12	-1.002913E-12	-1.002913E-12	-1.002913E-12	-1.002913E-12	-1.002913E-12	-1.002913E-12	-1.002913E-12	-1.002913E-12	-1.002913E-12	-1.002913E-12	-1.002913E-12	-1.002913E-12	-1.002913E-12	-1.002913E-12	-1.002913E-12	-1.002913E-12	-1.002913E-12	-1.002913E-12
65	-1.003078E-12	-1.003078E-12	-1.003078E-12	-1.003078E-12	-1.003078E-12	-1.003078E-12	-1.003078E-12	-1.003078E-12	-1.003078E-12	-1.003078E-12	-1.003078E-12	-1.003078E-12	-1.003078E-12	-1.003078E-12	-1.003078E-12	-1.003078E-12	-1.003078E-12	-1.003078E-12	-1.003078E-12	-1.003078E-12
65.65	-1.00324E-12	-1.00324E-12	-1.00324E-12	-1.00324E-12	-1.00324E-12	-1.00324E-12	-1.00324E-12	-1.00324E-12	-1.00324E-12	-1.00324E-12	-1.00324E-12	-1.00324E-12	-1.00324E-12	-1.00324E-12	-1.00324E-12	-1.00324E-12	-1.00324E-12	-1.00324E-12	-1.00324E-12	-1.00324E-12
66.3	-1.003399E-12	-1.003399E-12	-1.003399E-12	-1.003399E-12	-1.003399E-12	-1.003399E-12	-1.003399E-12	-1.003399E-12	-1.003399E-12	-1.003399E-12	-1.003399E-12	-1.003399E-12	-1.003399E-12	-1.003399E-12	-1.003399E-12	-1.003399E-12	-1.003399E-12	-1.003399E-12	-1.003399E-12	-1.003399E-12
66.95	-1.003554E-12	-1.003554E-12	-1.003554E-12	-1.003554E-12	-1.003554E-12	-1.003554E-12	-1.003554E-12	-1.003554E-12	-1.003554E-12	-1.003554E-12	-1.003554E-12	-1.003554E-12	-1.003554E-12	-1.003554E-12	-1.003554E-12	-1.003554E-12	-1.003554E-12	-1.003554E-12	-1.003554E-12	-1.003554E-12
67.6	-1.003706E-12	-1.003706E-12	-1.003706E-12	-1.003706E-12	-1.003706E-12	-1.003706E-12	-1.003706E-12	-1.003706E-12	-1.003706E-12	-1.003706E-12	-1.003706E-12	-1.003706E-12	-1.003706E-12	-1.003706E-12	-1.003706E-12	-1.003706E-12	-1.003706E-12	-1.003706E-12	-1.003706E-12	-1.003706E-12
68.25	-1.003854E-12	-1.003854E-12	-1.003854E-12	-1.003854E-12	-1.003854E-12	-1.003854E-12	-1.003854E-12	-1.003854E-12	-1.003854E-12	-1.003854E-12	-1.003854E-12	-1.003854E-12	-1.003854E-12	-1.003854E-12	-1.003854E-12	-1.003854E-12	-1.003854E-12	-1.003854E-12	-1.003854E-12	-1.003854E-12
68.9	-1.004E-12	-1.004E-12	-1.004E-12	-1.004E-12	-1.004E-12	-1.004E-12	-1.004E-12	-1.004E-12	-1.004E-12	-1.004E-12	-1.004E-12	-1.004E-12	-1.004E-12	-1.004E-12	-1.004E-12	-1.004E-12	-1.004E-12	-1.004E-12	-1.004E-12	-1.004E-12
69.55	-1.004143E-12	-1.004143E-12	-1.004143E-12	-1.004143E-12	-1.004143E-12	-1.004143E-12	-1.004143E-12	-1.004143E-12	-1.004143E-12	-1.004143E-12	-1.004143E-12	-1.004143E-12	-1.004143E-12	-1.004143E-12	-1.004143E-12	-1.004143E-12	-1.004143E-12	-1.004143E-12	-1.004143E-12	-1.004143E-12
70.2	-1.004282E-12	-1.004282E-12	-1.004282E-12	-1.004282E-12	-1.004282E-12	-1.004282E-12	-1.004282E-12	-1.004282E-12	-1.004282E-12	-1.004282E-12	-1.004282E-12	-1.004282E-12	-1.004282E-12	-1.004282E-12	-1.004282E-12	-1.004282E-12	-1.004282E-12	-1.004282E-12	-1.004282E-12	-1.004282E-12
70.85	-1.004419E-12	-1.004419E-12	-1.004419E-12	-1.004419E-12	-1.004419E-12	-1.004419E-12	-1.004419E-12	-1.004419E-12	-1.004419E-12	-1.004419E-12	-1.004419E-12	-1.004419E-12	-1.004419E-12	-1.004419E-12	-1.004419E-12	-1.004419E-12	-1.004419E-12	-1.004419E-12	-1.004419E-12	-1.004419E-12
71.5	-1.004552E-12	-1.004552E-12	-1.004552E-12	-1.004552E-12	-1.004552E-12	-1.004552E-12	-1.004552E-12	-1.004552E-12	-1.004552E-12	-1.004552E-12	-1.004552E-12	-1.004552E-12	-1.004552E-12	-1.004552E-12	-1.004552E-12	-1.004552E-12	-1.004552E-12	-1.004552E-12	-1.004552E-12	-1.004552E-12
72.15	-1.004683E-12	-1.004683E-12	-1.004683E-12	-1.004683E-12	-1.004683E-12	-1.004683E-12	-1.004683E-12	-1.004683E-12	-1.004683E-12	-1.004683E-12	-1.004683E-12	-1.004683E-12	-1.004683E-12	-1.004683E-12	-1.004683E-12	-1.004683E-12	-1.004683E-12	-1.004683E-12	-1.004683E-12	-1.004683E-12
72.8	-1.004812E-12	-1.004812E-12	-1.004812E-12	-1.004812E-12	-1.004812E-12	-1.004812E-12	-1.004812E-12	-1.004812E-12	-1.004812E-12	-1.004812E-12	-1.004812E-12	-1.004812E-12	-1.004812E-12	-1.004812E-12	-1.004812E-12	-1.004812E-12	-1.004812E-12	-1.004812E-12	-1.004812E-12	-1.004812E-12
73.45	-1.004937E-12	-1.004937E-12	-1.004937E-12	-1.004937E-12	-1.004937E-12	-1.004937E-12	-1.004937E-12	-1.004937E-12	-1.004937E-12	-1.004937E-12	-1.004937E-12	-1.004937E-12	-1.004937E-12	-1.004937E-12	-1.004937E-12	-1.004937E-12	-1.004937E-12	-1.004937E-12	-1.004937E-12	-1.004937E-12
74.1	-1.00506E-12	-1.00506E-12	-1.00506E-12	-1.00506E-12	-1.00506E-12	-1.00506E-12	-1.00506E-12	-1.00506E-12	-1.00506E-12	-1.00506E-12	-1.00506E-12	-1.00506E-12	-1.00506E-12	-1.00506E-12	-1.00506E-12	-1.00506E-12	-1.00506E-12	-1.00506E-12	-1.00506E-12	-1.00506E-12
74.75	-1.005181E-12	-1.005181E-12	-1.005181E-12	-1.005181E-12	-1.005181E-12	-1.005181E-12	-1.005181E-12	-1.005181E-12	-1.005181E-12	-1.005181E-12	-1.005181E-12	-1.005181E-12	-1.005181E-12	-1.005181E-12	-1.005181E-12	-1.005181E-12	-1.005181E-12	-1.005181E-12	-1.005181E-12	-1.005181E-12
75.4	-1.005298E-12	-1.005298E-12	-1.005298E-12	-1.005298E-12	-1.005298E-12	-1.005298E-12	-1.005298E-12	-1.005298E-12	-1.005298E-12	-1.005298E-12	-1.005298E-12	-1.005298E-12	-1.005298E-12	-1.005298E-12	-1.005298E-12	-1.005298E-12	-1.005298E-12	-1.005298E-12	-1.005298E-12	-1.005298E-12
76.05	-1.005414E-12	-1.005414E-12	-1.005414E-12	-1.005414E-12	-1.005414E-12	-1.005414E-12	-1.005414E-12	-1.005414E-12	-1.005414E-12	-1.005414E-12	-1.005414E-12	-1.005414E-12	-1.005414E-12	-1.005414E-12	-1.005414E-12	-1.005414E-12	-1.005414E-12	-1.005414E-12	-1.005414E-12	-1.005414E-12
76.7	-1.005527E-12	-1.005527E-12	-1.005527E-12	-1.005527E-12	-1.005527E-12	-1.005527E-12	-1.005527E-12	-1.005527E-12	-1.005527E-12	-1.005527E-12	-1.005527E-12	-1.005527E-12	-1.005527E-12	-1.005527E-12	-1.005527E-12	-1.005527E-12	-1.005527E-12	-1.005527E-12	-1.005527E-12	-1.005527E-12
77.35	-1.005637E-12	-1.005637E-12	-1.005637E-12	-1.005637E-12	-1.005637E-12	-1.005637E-12	-1.005637E-12	-1.005637E-12	-1.005637E-12	-1.005637E-12	-1.005637E-12	-1.005637E-12	-1.005637E-12	-1.005637E-12	-1.005637E-12	-1.005637E-12	-1.005637E-12	-1.005637E-12	-1.005637E-12	-1.005637E-12
78	-1.005746E-12	-1.005746E-12	-1.005746E-12	-1.005746E-12	-1.005746E-12	-1.005746E-12	-1.005746E-12	-1.005746E-12	-1.005746E-12	-1.005746E-12	-1.005746E-12	-1.005746E-12	-1.005746E-12	-1.005746E-12	-1.005746E-12	-1.005746E-12	-1.005746E-12	-1.005746E-12	-1.005746E-12	-1.005746E-12
78.65	-1.005852E-12	-1.005852E-12	-1.005852E-12	-1.005852E-12	-1.005852E-12	-1.005852E-12	-1.005852E-12	-1.005852E-12	-1.005852E-12	-1.005852E-12	-1.005852E-12	-1.005852E-12	-1.005852E-12	-1.005852E-12	-1.005852E-12	-1.005852E-12	-1.005852E-12	-1.005852E-12	-1.005852E-12	-1.005852E-12
79.3	-1.005955E-12	-1.005955E-12	-1.005955E-12	-1.005955E-12	-1.005955E-12	-1.005955E-12	-1.005955E-12	-1.005955E-12	-1.005955E-12	-1.005955E-12	-1.005955E-12	-1.005955E-12	-1.005955E-12	-1.005955E-12	-1.005955E-12	-1.005955E-12	-1.005955E-12	-1.005955E-12	-1.005955E-12	-1.005955E-12
79.95	-1.006057E-12	-1.006057E-12	-1.006057E-12	-1.006057E-12	-1.006057E-12	-1.006057E-12	-1.006057E-12	-1.006057E-12	-1.006057E-12	-1.006057E-12	-1.006057E-12	-1.006057E-12	-1.006057E-12	-1.006057E-12	-1.006057E-12	-1.006057E-12	-1.006057E-12	-1.006057E-12	-1.006057E-12	-1.006057E-12
80.6	-1.006157E-12	-1.006157E-12	-1.006157E-12	-1.006157E-12	-1.006157E-12	-1.006157E-12	-1.006157E-12	-1.006157E-12	-1.006157E-12	-1.006157E-12	-1.006157E-12	-1.006157E-12	-1.006157E-12	-1.006157E-12	-1.006157E-12	-1.006157E-12	-1.006157E-12	-1.006157E-12	-1.006157E-12	-1.006157E-12
81.25	-1.006254E-12	-1.006254E-12	-1.006254E-12	-1.006254E-12	-1.006254E-12	-1.006254E-12	-1.006254E-12	-1.006254E-12	-1.006254E-12	-1.006254E-12	-1.006254E-12	-1.006254E-12	-1.006254E-12	-1.006254E-12	-1.006254E-12	-1.006254E-12	-1.006254E-12	-1.006254E-12	-1.006254E-12	-1.006254E-12
81.9	-1.006349E-12	-1.006349E-12	-1.006349E-12	-1.006349E-12	-1.006349E-12	-1.006349E-12	-1.006349E-12	-1.006349E-12	-1.006349E-12	-1.006349E-12	-1.006349E-12	-1.006349E-12	-1.006349E-12	-1.006349E-12	-1.006349E-12	-1.006349E-12	-1.006349E-12	-1.006349E-12	-1.006349E-12	-1.006349E-12
82.55	-1.006443E-12	-1.006443E-12	-1.006443E-12	-1.006443E-12	-1.006443E-12	-1.006443E-12	-1.006443E-12	-1.006443E-12	-1.006443E-12	-1.006443E-12	-1.006443E-12	-1.006443E-12	-1.006443E-12	-1.006443E-12	-1.006443E-12	-1.006443E-12	-1.006443E-12	-1.006443E-12	-1.006443E-12	-1.006443E-12
83.2	-1.006534E-12	-1.006534E-12	-1.006534E-12	-1.006534E-12	-1.006534E-12	-1.006534E-12	-1.006534E-12	-1.006534E-12	-1.006534E-12	-1.006534E-12	-1.006534E-12	-1.006534E-12	-1.006534E-12	-1.006534E-12	-1.006534E-12	-1.006534E-12	-1.006534E-12	-1.006534E-12	-1.006534E-12	-1.006534E-12
83.85	-1.006624E-12	-1.006624E-12	-1.006624E-12	-1.006624E-12	-1.006624E-12	-1.006624E-12	-1.006624E-12	-1.006624E-12	-1.006624E-12	-1.006624E-12	-1.006624E-12	-1.006624E-12	-1.006624E-12	-1.006624E-12	-1.006624E-12	-1.006624E-12	-1.006624E-12	-1.006624E-12	-1.006624E-12	-1.006624E-12
84.5	-1.006711E-12	-1.006711E-12	-1.006711E-12	-1.006711E-12	-1.006711E-12	-1.006711E-12	-1.006711E-12	-1.006711E-12	-1.006711E-12	-1.006711E-12	-1.006711E-12	-1.006711E-12	-1.006711E-12	-1.006711E-12	-1.006711E-12	-1.006711E-12	-1.006711E-12	-1.006711E-12	-1.006711E-12	-1.006711E-12
85.15	-1.006797E-12	-1.006797E-12	-1.006797E-12	-1.006797E-12	-1.006797E-12	-1.006797E-12	-1.006797E-12	-1.006797E-12	-1.006797E-12	-1.006797E-12	-1.006797E-12	-1.006797E-12	-1.006797E-12	-1.006797E-12	-1.006797E-12	-1.006797E-12	-1.006797E-12	-1.006797E-12	-1.006797E-12	-1.006797E-12
85.8	-1.006881E-12	-1.006881E-12	-1.006881E-12	-1.006881E-12	-1.006881E-12	-1.006881E-12	-1.006881E-12	-1.006881E-12	-1.006881E-12	-1.006881E-12	-1.006881E-12	-1.006881E-12	-1.006881E-12	-1.006881E-12	-1.006881E-12	-1.006881E-12	-1.006881E-12	-1.006881E-12	-1.006881E-12	-1.006881E-12
86.45	-1.006964E-12	-1.006964E-12	-1.006964E-12	-1.006964E-12	-1.006964E-12	-1.006964E-12	-1.006964E-12	-1.006964E-12	-1.006964E-12	-1.006964E-12	-1.006964E-12	-1.006964E-12	-1.006964E-12	-1.006964E-12	-1.006964E-12	-1.006964E-12	-1.006964E-12	-1.006964E-12	-1.006964E-12	-1.006964E-12
87.1	-1.007044E-12	-1.007044E-12	-1.007044E-12	-1.007044E-12	-1.007044E-12	-1.007044E-12	-1.007044E-12	-1.007044E-12	-1.007044E-12	-1.007044E-12	-1.007044E-12	-1.007044E-12	-1.007044E-12	-1.007044E-12	-1.007044E-12	-1.007044E-12	-1.007044E-12	-1.007044E-12	-1.007044E-12	-1.007044E-12
87.75	-1.007123E-12	-1.007123E-12	-1.007123E-12	-1.007123E-12	-1.007123E-12	-1.007123E-12	-1.007123E-12	-1.007123E-12	-1.007123E-12	-1.007123E-12	-1.007123E-12	-1.007123E-12	-1.007123E-12	-1.007123E-12	-1.007123E-12	-1.007123E-12	-1.007123E-12	-1.007123E-12	-1.007123E-12	-1.007123E-12
88.4	-1.0072E-12	-1.0072E-12	-1.0072E-12	-1.0072E-12	-1.0072E-12	-1.0072E-12	-1.0072E-12	-1.0072E-12	-1.0072E-12	-1.0072E-12	-1.0072E-12	-1.0072E-12	-1.0072E-12	-1.0072E-12	-1.0072E-12	-1.0072E-12	-1.0072E-12	-1.0072E-12	-1.0072E-12	-1.0072E-12
89.05	-1.007276E-12	-1.007276E-12	-1.007276E-12	-1.007276E-12	-1.007276E-12	-1.007276E-12	-1.007276E-12	-1.007276E-12	-1.007276E-12	-1.007276E-12	-1.007276E-12	-1.007276E-12	-1.007276E-12	-1.007276E-12	-1.007276E-12	-1.007276E-12	-1.007276E-12	-1.007276E-12	-1.007276E-12	-1.007276E-12
89.7	-1.00735E-12	-1.00735E-12	-1.00735E-12	-1.00735E-12	-1.00735E-12	-1.00735E-12	-1.00735E-12	-1.00735E-12	-1.00735E-12	-1.00735E-12	-1.00735E-12	-1.00735E-12	-1.00735E-12	-1.00735E-12	-1.00735E-12	-1.00735E-12	-1.00735E-12	-1.00735E-12	-1.00735E-12	-1.00735E-12
90.35	-1.007422E-12	-1.007422E-12	-1.007422E-12	-1.007422E-12	-1.007422E-12	-1.007422E-12	-1.007422E-12	-1.007422E-12	-1.007422E-12	-1.007422E-12	-1.007422E-12	-1.007422E-12	-1.007422E-12	-1.007422E-12	-1.007422E-12	-1.007422E-12	-1.007422E-12	-1.007422E-12	-1.007422E-12	-1.007422E-12
91	-1.007493E-12	-1.007493E-12	-1.007493E-12	-1.007493E-12	-1.007493E-12	-1.007493E-12	-1.007493E-12	-1.007493E-12	-1.007493E-12	-1.007493E-12	-1.007493E-12	-1.007493E-12	-1.007493E-12	-1.007493E-12	-1.007493E-12	-1.007493E-12	-1.007493E-12	-1.007493E-12	-1.007493E-12	-1.007493E-12
91.65	-1.007563E-12	-1.007563E-12	-1.007563E-12	-1.007563E-12	-1.007563E-12	-1.007563E-12	-1.007563E-12	-1.007563E-12	-1.007563E-12	-1.007563E-12	-1.007563E-12	-1.007563E-12	-1.007563E-12	-1.007563E-12	-1.007563E-12	-1.007563E-12	-1.007563E-12	-1.007563E-12	-1.007563E-12	-1.007563E-12
92.3	-1.007631E-12	-1.007631E-12	-1.007631E-12	-1.007631E-12	-1.007631E-12	-1.007631E-12	-1.007631E-12	-1.007631E-12	-1.007631E-12	-1.007631E-12	-1.007631E-12	-1.007631E-12	-1.007631E-12	-1.007631E-12	-1.007631E-12	-1.007631E-12	-1.007631E-12	-1.007631E-12	-1.007631E-12	-1.007631E-12
92.95	-1.007697E-12	-1.007697E-12	-1.007697E-12	-1.007697E-12	-1.007697E-12	-1.007697E-12	-1.007697E-12	-1.007697E-12	-1.007697E-12	-1.007697E-12	-1.007697E-12	-1.007697E-12	-1.007697E-12	-1.007697E-12	-1.007697E-12	-1.007697E-12	-1.007697E-12	-1.007697E-12	-1.007697E-12	-1.007697E-12
93.6	-1.007762E-12	-1.007762E-12	-1.007762E-12	-1.007762E-12	-1.007762E-12	-1.007762E-12	-1.007762E-12	-1.007762E-12	-1.007762E-12	-1.007762E-12	-1.007762E-12	-1.007762E-12	-1.007762E-12	-1.007762E-12	-1.007762E-12	-1.007762E-12	-1.007762E-12	-1.007762E-12	-1.007762E-12	-1.007762E-12
94.25	-1.007826E-12	-1.007826E-12	-1.007826E-12	-1.007826E-12	-1.007826E-12	-1.007826E-12	-1.007826E-12	-1.007826E-12	-1.007826E-12	-1.007826E-12	-1.007826E-12	-1.007826E-12	-1.007826E-12	-1.007826E-12	-1.007826E-12	-1.007826E-12	-1.007826E-12	-1.007826E-12	-1.007826E-12	-1.007826E-12
94.9	-1.007889E-12	-1.007889E-12	-1.007889E-12	-1.007889E-12	-1.007889E-12	-1.007889E-12	-1.007889E-12	-1.007889E-12	-1.007889E-12	-1.007889E-12	-1.007889E-12	-1.007889E-12	-1.007889E-12	-1.007889E-12	-1.007889E-12	-1.007889E-12	-1.007889E-12	-1.007889E-12	-1.007889E-12	-1.007889E-12
95.55	-1.00795E-12	-1.00795E-12	-1.00795E-12	-1.00795E-12	-1.00795E-12	-1.00795E-12	-1.00795E-12	-1.00795E-12	-1.00795E-12	-1.00795E-12	-1.00795E-12	-1.00795E-12	-1.00795E-12	-1.00795E-12	-1.00795E-12	-1.00795E-12	-1.00795E-12	-1.00795E-12	-1.00795E-12	-1.00795E-12
96.2	-1.00801E-12	-1.00801E-12	-1.00801E-12	-1.00801E-12	-1.00801E-12	-1.00801E-12	-1.00801E-12	-1.00801E-12	-1.00801E-12	-1.00801E-12	-1.00801E-12	-1.00801E-12	-1.00801E-12	-1.00801E-12	-1.00801E-12	-1.00801E-12	-1.00801E-12	-1.00801E-12	-1.00801E-12	-1.00801E-12
96.85	-1.008069E-12	-1.008069E-12	-1.008069E-12	-1.008069E-12	-1.008069E-12	-1.008069E-12	-1.008069E-12	-1.008069E-12	-1.008069E-12	-1.008069E-12	-1.008069E-12	-1.008069E-12	-1.008069E-12	-1.008069E-12	-1.008069E-12	-1.008069E-12	-1.008069E-12	-1.008069E-12	-1.008069E-12	-1.008069E-12
97.5	-1.008126E-12	-1.008126E-12	-1.008126E-12	-1.008126E-12	-1.008126E-12	-1.008126E-12	-1.008126E-12	-1.008126E-12	-1.008126E-12	-1.008126E-12	-1.008126E-12	-1.008126E-12	-1.008126E-12	-1.008126E-12	-1.008126E-12	-1.008126E-12	-1.008126E-12	-1.008126E-12	-1.008126E-12	-1.008126E-12
98.15	-1.008182E-12	-1.008182E-12	-1.008182E-12	-1.008182E-12	-1.008182E-12	-1.008182E-12	-1.008182E-12	-1.008182E-12	-1.008182E-12	-1.008182E-12	-1.008182E-12	-1.008182E-12	-1.008182E-12	-1.008182E-12	-1.008182E-12	-1.008182E-12	-1.008182E-12	-1.008182E-12	-1.008182E-12	-1.008182E-12
98.8	-1.008237E-12	-1.008237E-12	-1.008237E-12	-1.008237E-12	-1.008237E-12	-1.008237E-12	-1.008237E-12	-1.008237E-12	-1.008237E-12	-1.008237E-12	-1.008237E-12	-1.008237E-12	-1.008237E-12	-1.008237E-12	-1.008237E-12	-1.008237E-12	-1.008237E-12	-1.008237E-12	-1.008237E-12	-1.008237E-12
99.45	-1.008291E-12	-1.008291E-12	-1.008291E-12	-1.008291E-12	-1.008291E-12	-1.008291E-12	-1.008291E-12	-1.008291E-12	-1.008291E-12	-1.008291E-12	-1.008291E-12	-1.008291E-12	-1.008291E-12	-1.008291E-12	-1.008291E-12	-1.008291E-12	-1.008291E-12	-1.008291E-12	-1.008291E-12	-1.008291E-12
100.1	1.699426E-11	2.695819E-11	3.884893E-11	5.945348E-11	1.257957E-10	4.487132E-10	2.240174E-09	1.25232E-08	7.206211E-08	4.170464E-07	2.404255E-06	1.372456E-05	7.710485E-05	0.0004231323	0.002246857	0.01140299	0.05443362	0.2395487	0.9489028	3.297271
100.75	1.4655E-10	3.339739E-09	5.061917E-08	5.352522E-07	4.469134E-06	3.213582E-05	0.0002094821	0.00127146	0.007261963	0.0390132	0.1954162	0.8983272	3.708019	13.38852	41.17391	105.6339	224.5667	400.6367	617.9465	854.8007
101.4	7.566073E-10	3.190864E-08	7.688403E-07	1.129015E-05	0.0001151765	0.0009179771	0.006189115	0.03689901	0.1981468	0.9585951	4.125105	15.45353	49.12075	129.4743	279.8361	500.0986	760.7035	1025.726	1274.443	1501.218
102.05	1.72638E-09	9.642668E-08	3.150686E-06	5.974562E-05	0.0007217564	0.006284793	0.04349755	0.253758	1.280432	5.60001	20.94367	65.55716	168.2555	350.8904	601.4803	876.2481	1135.236	1363.851	1564.431	1743.476
102.7	2.859236E-09	1.870074E-07	7.540869E-06	0.0001754453	0.00245539	0.02315122	0.1638626	0.9342859	4.435257	17.62411	57.95036	155.0214	334.0124	584.671	858.6829	1110.447	1325.764	1511.1	1676.032	1827.303
103.35	4.053135E-09	2.918667E-07	1.365038E-05	0.0003743792	0.005959005	0.0603889	0.4358613	2.427432	10.85958	39.40842	115.1851	268.6861	501.9554	771.2231	1022.388	1233.88	1412.749	1571.305	1717.618	1855.899
104	5.26326E-09	4.033524E-07	2.097951E-05	0.0006569863	0.0117031	0.1266278	0.9296753	5.055894	21.35442	71.13226	186.7419	386.7725	643.7826	898.804	1114.993	1294.032	1450.699	1595.357	1732.942	1865.58
104.65	6.470698E-09	5.173629E-07	2.907516E-05	0.001013417	0.01991793	0.2287058	1.704214	9.048884	36.15274	111.0964	264.5489	494.5123	750.5361	978.1835	1163.918	1322.14	1466.879	1604.839	1738.522	1868.803
105.3	7.667612E-09	6.318834E-07	3.760776E-05	0.001429481	0.030613	0.3709501	2.799787	14.51389	54.959	156.5698	341.3316	584.4312	824.8609	1024.571	1188.668	1334.932	1473.659	1608.513	1740.498	1869.821
105.95	8.850834E-09	7.459702E-07	4.636328E-05	0.001890727	0.04363628	0.5551388	4.23609	21.44044	77.10109	204.606	411.9672	654.8225	873.7971	1050.499	1200.808	1340.626	1476.433	1609.878	1741.142	1870.087
106.6	1.001916E-08	8.591966E-07	5.521194E-05	0.002384519	0.05873917	0.7808709	6.013921	29.7228	101.7079	252.5942	473.6325	707.3602	904.6939	1064.508	1206.607	1343.088	1477.51	1610.329	1741.293	1870.096
107.25	1.117219E-08	9.713758E-07	6.407859E-05	0.002900728	0.07563043	1.046107	8.11887	39.18973	127.8616	298.5242	525.3568	745.1618	923.5674	1071.86	1209.291	1344.093	1477.869	1610.416	1741.263	1870.018
107.9	1.230991E-08	1.082431E-06	7.292115E-05	0.003431673	0.09401422	1.347722	10.52564	49.63354	154.7048	341.0413	567.4141	771.5844	934.7827	1075.607	1210.47	1344.444	1477.926	1610.36	1741.165	1869.91
108.55	1.343241E-08	1.192336E-06	8.171673E-05	0.003971745	0.1136134	1.681983	13.20219	60.83418	181.5028	379.377	600.7814	789.6231	941.282	1077.443	1210.93	1344.503	1477.855	1610.247	1741.042	1869.792
109.2	1.453984E-08	1.301083E-06	9.045322E-05	0.00451696	0.1341817	2.044924	16.11311	72.57698	207.6694	413.2265	626.7383	801.6957	944.9521	1078.285	1211.049	1344.432	1477.731	1610.111	1740.91	1869.67
109.85	1.563241E-08	1.408679E-06	9.912442E-05	0.00506454	0.1555078	2.432609	19.22235	84.66431	232.7681	442.6181	646.6104	809.6342	946.9595	1078.616	1211.007	1344.304	1477.584	1609.966	1740.775	1869.547
110.5	1.671028E-08	1.515132E-06	0.0001077274	0.005612579	0.1774151	2.841313	22.49505	96.92201	256.4985	467.7968	661.6246	814.7671	948.0058	1078.687	1210.89	1344.15	1477.427	1609.818	1740.638	1869.423
111.15	1.777368E-08	1.620452E-06	0.0001162607	0.006159786	0.199759	3.267616	25.89872	109.2022	278.675	489.1322	672.8427	818.0277	948.5043	1078.627	1210.737	1343.984	1477.267	1609.668	1740.501	1869.3
111.8	1.882277E-08	1.724651E-06	0.0001247242	0.006705292	0.2224225	3.708458	29.40395	121.383	299.2042	507.0512	681.1436	820.0557	948.6942	1078.502	1210.567	1343.813	1477.104	1609.517	1740.364	1869.176
112.45	1.985777E-08	1.827741E-06	0.0001331178	0.007248523	0.2453122	4.16115	32.9847	133.3672	318.0628	521.9918	687.2322	821.2812	948.7118	1078.344	1210.39	1343.641	1476.942	1609.367	1740.227	1869.052
113.1	2.087885E-08	1.929733E-06	0.0001414418	0.007789098	0.2683542	4.623357	36.61829	145.0795	335.2787	534.3747	691.6604	821.989	948.634	1078.169	1210.209	1343.467	1476.778	1609.216	1740.09	1868.929
113.75	2.18862E-08	2.030639E-06	0.0001496968	0.008326772	0.2914901	5.093082	40.28527	156.4634	350.9153	544.5864	694.8529	822.3655	948.504	1077.987	1210.027	1343.292	1476.615	1609.066	1739.953	1868.805
114.4	2.288002E-08	2.130471E-06	0.0001578832	0.008861388	0.3146745	5.568624	43.96917	167.4785	365.0587	552.9719	697.132	822.5314	948.3453	1077.801	1209.844	1343.118	1476.452	1608.915	1739.815	1868.682
115.05	2.386047E-08	2.229239E-06	0.0001660016	0.009392849	0.3378717	6.048552	47.65618	178.0976	377.8083	559.8323	698.7395	822.564	948.1711	1077.613	1209.661	1342.943	1476.288	1608.764	1739.678	1868.558
115.7	2.482774E-08	2.326955E-06	0.0001740524	0.009921098	0.3610543	6.531662	51.33483	188.3038	389.2697	565.4261	699.8555	822.5128	947.9885	1077.424	1209.477	1342.769	1476.125	1608.614	1739.541	1868.435
116.35	2.578201E-08	2.423631E-06	0.0001820364	0.0104461	0.3842009	7.016952	54.9957	198.0889	399.5497	569.973	700.6129	822.409	947.8015	1077.235	1209.293	1342.594	1475.962	1608.463	1739.404	1868.311
117	2.672345E-08	2.519277E-06	0.0001899539	0.01096785	0.407295	7.503586	58.63111	207.4513	408.7526	573.6575	701.1097	822.2725	947.6121	1077.045	1209.11	1342.419	1475.799	1608.313	1739.267	1868.188
117.65	2.765223E-08	2.613905E-06	0.0001978056	0.01148634	0.4303242	7.990875	62.23484	216.3941	416.9784	576.6335	701.4173	822.1154	947.4214	1076.856	1208.926	1342.245	1475.635	1608.162	1739.13	1868.064
118.3	2.856853E-08	2.707525E-06	0.0002055921	0.01200158	0.4532786	8.478247	65.80195	224.9245	424.3211	579.0288	701.588	821.9457	947.2301	1076.666	1208.743	1342.07	1475.472	1608.011	1738.993	1867.94
118.95	2.947251E-08	2.800148E-06	0.0002133137	0.01251357	0.4761509	8.965231	69.32849	233.0523	430.8681	580.9491	701.6597	821.7682	947.0385	1076.476	1208.559	1341.896	1475.309	1607.861	1738.855	1867.817
119.6	3.036433E-08	2.891785E-06	0.0002209712	0.01302234	0.4989355	9.451443	72.81143	240.7893	436.6996	582.4813	701.66	821.5859	946.8467	1076.287	1208.376	1341.721	1475.146	1607.71	1738.718	1867.693
120.25	3.124417E-08	2.982445E-06	0.000228565	0.01352789	0.5216283	9.936564	76.24841	248.1486	441.8892	583.6966	701.6086	821.4005	946.6548	1076.097	1208.192	1341.547	1474.982	1607.56	1738.581	1867.57
120.9	3.211218E-08	3.07214E-06	0.0002360957	0.01403025	0.5442261	10.42034	79.63767	255.1442	446.5036	584.6536	701.5202	821.2134	946.463	1075.908	1208.009	1341.373	1474.819	1607.409	1738.444	1867.446
121.55	3.296852E-08	3.16088E-06	0.0002435637	0.01452943	0.5667266	10.90255	82.97797	261.7906	450.6033	585.4002	701.405	821.0251	946.2711	1075.718	1207.825	1341.198	1474.656	1607.259	1738.307	1867.323
122.2	3.381335E-08	3.248675E-06	0.0002509696	0.01502545	0.589128	11.38303	86.26839	268.1024	454.2427	585.9753	701.2706	820.8362	946.0792	1075.529	1207.642	1341.024	1474.493	1607.108	1738.17	1867.199
122.85	3.464682E-08	3.335535E-06	0.000258314	0.01551834	0.6114293	11.86165	89.50842	274.0943	457.471	586.4109	701.1224	820.6469	945.8875	1075.339	1207.458	1340.849	1474.33	1606.958	1738.033	1867.076
123.5	3.546909E-08	3.42147E-06	0.0002655972	0.0160081	0.6336297	12.33828	92.69775	279.7805	460.3322	586.7328	700.9642	820.4574	945.6957	1075.15	1207.275	1340.675	1474.167	1606.807	1737.896	1866.953
124.15	3.62803E-08	3.50649E-06	0.0002728199	0.01649477	0.6557286	12.81284	95.8363	285.1753	462.8657	586.9625	700.799	820.2678	945.504	1074.961	1207.092	1340.501	1474.004	1606.657	1737.759	1866.829
124.8	3.708061E-08	3.590605E-06	0.0002799826	0.01697835	0.6777258	13.28526	98.92416	290.2924	465.1068	587.1169	700.6285	820.0781	945.3123	1074.771	1206.908	1340.327	1473.841	1606.507	1737.622	1866.706
125.45	3.787016E-08	3.673823E-06	0.0002870857	0.01745887	0.6996211	13.75548	101.9616	295.145	467.0872	587.2102	700.4545	819.8883	945.1206	1074.582	1206.725	1340.152	1473.678	1606.356	1737.485	1866.582
126.1	3.864909E-08	3.756155E-06	0.0002941297	0.01793636	0.7214146	14.22345	104.9489	299.746	468.835	587.2538	700.2778	819.6986	944.929	1074.393	1206.542	1339.978	1473.515	1606.206	1737.348	1866.459
126.75	3.941755E-08	3.837611E-06	0.0003011152	0.01841081	0.7431064	14.68915	107.8865	304.1075	470.3755	587.257	700.0993	819.5089	944.7374	1074.203	1206.359	1339.804	1473.352	1606.056	1737.211	1866.335
127.4	4.017568E-08	3.918199E-06	0.0003080425	0.01888227	0.7646967	15.15255	110.7749	308.2416	471.7313	587.2274	699.9194	819.3193	944.5459	1074.014	1206.176	1339.63	1473.189	1605.905	1737.074	1866.212
128.05	4.092362E-08	3.997929E-06	0.0003149123	0.01935074	0.7861858	15.61362	113.6146	312.1594	472.9223	587.171	699.7386	819.1296	944.3544	1073.825	1205.992	1339.456	1473.026	1605.755	1736.937	1866.089
128.7	4.166151E-08	4.07681E-06	0.0003217249	0.01981624	0.807574	16.07236	116.4063	315.8716	473.9664	587.093	699.5571	818.9401	944.163	1073.636	1205.809	1339.281	1472.863	1605.604	1736.8	1865.965
129.35	4.238947E-08	4.154851E-06	0.0003284809	0.0202788	0.8288617	16.52875	119.1506	319.3886	474.8798	586.9973	699.3752	818.7505	943.9715	1073.447	1205.626	1339.107	1472.7	1605.454	1736.663	1865.842
130	4.310765E-08	4.23206E-06	0.0003351807	0.02073843	0.8500491	16.98279	121.8481	322.7202	475.6765	586.8873	699.193	818.561	943.7802	1073.258	1205.443	1338.933	1472.537	1605.304	1736.526	1865.719
130.65	4.381618E-08	4.308448E-06	0.0003418248	0.02119515	0.8711368	17.43448	124.4994	325.8757	476.3693	586.7657	699.0105	818.3716	943.5888	1073.069	1205.26	1338.759	1472.374	1605.154	1736.39	1865.595
131.3	4.451518E-08	4.384022E-06	0.0003484137	0.02164897	0.8921251	17.88382	127.1053	328.864	476.9695	586.6346	698.8279	818.1822	943.3975	1072.88	1205.077	1338.585	1472.211	1605.003	1736.253	1865.472
131.95	4.520478E-08	4.458791E-06	0.0003549477	0.02209992	0.9130145	18.33081	129.6664	331.6935	477.4873	586.4959	698.6452	817.9928	943.2063	1072.691	1204.894	1338.411	1472.048	1604.853	1736.116	1865.349
132.6	4.588511E-08	4.532764E-06	0.0003614274	0.02254802	0.9338055	18.77546	132.1833	334.3723	477.9315	586.351	698.4625	817.8035	943.0151	1072.502	1204.711	1338.237	1471.885	1604.703	1735.979	1865.225
133.25	4.65563E-08	4.605949E-06	0.0003678533	0.02299328	0.9544982	19.21777	134.6569	336.908	478.3102	586.2009	698.2797	817.6142	942.8239	1072.313	1204.528	1338.063	1471.723	1604.553	1735.842	1865.102
133.9	4.721846E-08	4.678354E-06	0.0003742257	0.02343572	0.9750934	19.65774	137.0877	339.3079	478.6306	586.0468	698.097	817.425	942.6328	1072.124	1204.345	1337.889	1471.56	1604.403	1735.705	1864.979
134.55	4.787172E-08	4.749989E-06	0.0003805451	0.02387537	0.9955914	20.09539	139.4765	341.5788	478.899	585.8893	697.9142	817.2358	942.4417	1071.935	1204.163	1337.715	1471.397	1604.252	1735.568	1864.855
135.2	4.85162E-08	4.820861E-06	0.0003868119	0.02431222	1.015993	20.53073	141.8239	343.7272	479.121	585.7292	697.7315	817.0467	942.2506	1071.747	1203.98	1337.541	1471.234	1604.102	1735.432	1864.732
135.85	4.915202E-08	4.890978E-06	0.0003930267	0.02474631	1.036298	20.96375	144.1305	345.7595	479.3018	585.5669	697.5488	816.8576	942.0596	1071.558	1203.797	1337.367	1471.072	1603.952	1735.295	1864.609
136.5	4.977928E-08	4.960348E-06	0.0003991897	0.02517765	1.056507	21.39448	146.3971	347.6815	479.4458	585.4028	697.3661	816.6685	941.8687	1071.369	1203.614	1337.194	1470.909	1603.802	1735.158	1864.485
137.15	5.039812E-08	5.02898E-06	0.0004053016	0.02560627	1.07662	21.82292	148.6243	349.4988	479.5571	585.2373	697.1835	816.4796	941.6777	1071.181	1203.431	1337.02	1470.746	1603.652	1735.021	1864.362
137.8	5.100864E-08	5.09688E-06	0.0004113626	0.02603216	1.096639	22.24909	150.8127	351.2167	479.6392	585.0707	697.001	816.2906	941.4868	1070.992	1203.249	1336.846	1470.583	1603.502	1734.884	1864.239
138.45	5.161095E-08	5.164058E-06	0.0004173731	0.02645536	1.116563	22.67298	152.963	352.8404	479.6952	584.9031	696.8185	816.1017	941.296	1070.803	1203.066	1336.672	1470.421	1603.352	1734.748	1864.116
139.1	5.220516E-08	5.230519E-06	0.0004233338	0.02687589	1.136393	23.09462	155.0758	354.3745	479.7281	584.7347	696.636	815.9128	941.1051	1070.615	1202.883	1336.498	1470.258	1603.202	1734.611	1863.992
139.75	5.279138E-08	5.296274E-06	0.0004292448	0.02729374	1.15613	23.51401	157.1517	355.8236	479.7404	584.5659	696.4536	815.7239	940.9144	1070.426	1202.701	1336.325	1470.095	1603.052	1734.474	1863.869
140.4	5.336972E-08	5.361328E-06	0.0004351067	0.02770896	1.175773	23.93116	159.1914	357.1921	479.7343	584.3965	696.2711	815.5352	940.7236	1070.238	1202.518	1336.151	1469.933	1602.901	1734.337	1863.746
141.05	5.394029E-08	5.425689E-06	0.0004409198	0.02812154	1.195323	24.34609	161.1954	358.4841	479.7119	584.2267	696.0888	815.3464	940.533	1070.049	1202.336	1335.977	1469.77	1602.751	1734.201	1863.623
141.7	5.450319E-08	5.489365E-06	0.0004466846	0.02853151	1.214782	24.7588	163.1643	359.7035	479.6748	584.0567	695.9065	815.1578	940.3423	1069.861	1202.153	1335.804	1469.608	1602.601	1734.064	1863.5
142.35	5.505852E-08	5.552363E-06	0.0004524015	0.02893889	1.234148	25.16931	165.0987	360.8539	479.6248	583.8864	695.7242	814.9691	940.1517	1069.672	1201.971	1335.63	1469.445	1602.451	1733.927	1863.376
143	5.560638E-08	5.61469E-06	0.0004580708	0.02934368	1.253422	25.57763	166.9992	361.9388	479.5632	583.716	695.5421	814.7805	939.9611	1069.484	1201.788	1335.456	1469.283	1602.302	1733.791	1863.253
143.65	5.614688E-08	5.676352E-06	0.000463693	0.02974592	1.272606	25.98377	168.8663	362.9616	479.4914	583.5454	695.3599	814.592	939.7706	1069.296	1201.606	1335.283	1469.12	1602.151	1733.654	1863.13
144.3	5.668011E-08	5.737359E-06	0.0004692684	0.0301456	1.291699	26.38773	170.7006	363.9255	479.4103	583.3748	695.1778	814.4034	939.5801	1069.107	1201.423	1335.109	1468.958	1602.002	1733.517	1863.007
144.95	5.720618E-08	5.797715E-06	0.0004747975	0.03054276	1.310702	26.78953	172.5027	364.8335	479.3211	583.204	694.9958	814.215	939.3896	1068.919	1201.241	1334.936	1468.795	1601.852	1733.381	1862.884
145.6	5.772517E-08	5.857429E-06	0.0004802806	0.0309374	1.329615	27.18919	174.273	365.6884	479.2246	583.0332	694.8138	814.0266	939.1992	1068.731	1201.058	1334.762	1468.633	1601.702	1733.244	1862.761
146.25	5.823719E-08	5.916507E-06	0.0004857181	0.03132954	1.348439	27.5867	176.0121	366.4928	479.1216	582.8624	694.6318	813.8382	939.0089	1068.543	1200.876	1334.589	1468.47	1601.552	1733.107	1862.637
146.9	5.874232E-08	5.974956E-06	0.0004911104	0.0317192	1.367174	27.98209	177.7206	367.2495	479.0129	582.6915	694.4499	813.6499	938.8185	1068.355	1200.694	1334.415	1468.308	1601.402	1732.971	1862.514
147.55	5.924067E-08	6.032782E-06	0.0004964578	0.03210639	1.38582	28.37536	179.3989	367.9607	478.8991	582.5207	694.2681	813.4616	938.6282	1068.167	1200.511	1334.242	1468.146	1601.252	1732.834	1862.391
148.2	5.973231E-08	6.089993E-06	0.0005017607	0.03249113	1.404378	28.76653	181.0475	368.6288	478.7806	582.3499	694.0862	813.2734	938.4379	1067.978	1200.329	1334.068	1467.983	1601.102	1732.698	1862.268
148.85	6.021734E-08	6.146594E-06	0.0005070196	0.03287343	1.422849	29.15559	182.667	369.2561	478.6582	582.179	693.9045	813.0851	938.2477	1067.79	1200.147	1333.895	1467.821	1600.952	1732.561	1862.145
149.5	6.069585E-08	6.202592E-06	0.0005122348	0.03325332	1.441232	29.54258	184.2578	369.8446	478.5321	582.0082	693.7228	812.897	938.0576	1067.602	1199.965	1333.722	1467.658	1600.802	1732.425	1862.022
150.15	6.116793E-08	6.257995E-06	0.0005174065	0.03363079	1.459529	29.92748	185.8204	370.3962	478.4028	581.8374	693.5411	812.7089	937.8674	1067.414	1199.783	1333.548	1467.496	1600.653	1732.288	1861.899
150.8	6.163366E-08	6.312807E-06	0.0005225352	0.03400588	1.477739	30.31033	187.3553	370.9129	478.2707	581.6667	693.3595	812.5208	937.6773	1067.226	1199.601	1333.375	1467.334	1600.503	1732.151	1861.776
151.45	6.209314E-08	6.367035E-06	0.0005276214	0.03437859	1.495863	30.69112	188.8629	371.3964	478.136	581.496	693.1779	812.3328	937.4872	1067.038	1199.418	1333.202	1467.172	1600.353	1732.015	1861.653
152.1	6.254643E-08	6.420686E-06	0.0005326652	0.03474895	1.513901	31.06987	190.3437	371.8484	477.999	581.3253	692.9964	812.1448	937.2972	1066.851	1199.236	1333.028	1467.009	1600.203	1731.878	1861.53
152.75	6.299364E-08	6.473766E-06	0.000537667	0.03511695	1.531854	31.44658	191.7981	372.2706	477.86	581.1547	692.8149	811.9569	937.1073	1066.663	1199.054	1332.855	1466.847	1600.054	1731.742	1861.407
153.4	6.343483E-08	6.52628E-06	0.0005426273	0.03548263	1.549722	31.82128	193.2266	372.6643	477.7193	580.9841	692.6335	811.769	936.9174	1066.475	1198.872	1332.682	1466.685	1599.904	1731.605	1861.284
154.05	6.387008E-08	6.578235E-06	0.0005475463	0.03584599	1.567506	32.19395	194.6296	373.0312	477.577	580.8136	692.4521	811.5812	936.7274	1066.287	1198.69	1332.509	1466.523	1599.754	1731.469	1861.161
154.7	6.429949E-08	6.629636E-06	0.0005524245	0.03620705	1.585206	32.56464	196.0075	373.3726	477.4333	580.6431	692.2708	811.3934	936.5376	1066.099	1198.508	1332.335	1466.36	1599.604	1731.333	1861.037
155.35	6.472312E-08	6.680491E-06	0.000557262	0.03656582	1.602822	32.93332	197.3608	373.6896	477.2883	580.4727	692.0895	811.2057	936.3478	1065.912	1198.326	1332.162	1466.198	1599.455	1731.196	1860.914
156	6.514107E-08	6.730803E-06	0.0005620593	0.03692232	1.620354	33.30003	198.6899	373.9837	477.1422	580.3022	691.9083	811.0179	936.158	1065.724	1198.145	1331.989	1466.036	1599.305	1731.06	1860.792
156.65	6.555339E-08	6.78058E-06	0.0005668167	0.03727657	1.637804	33.66476	199.9951	374.256	476.9951	580.1319	691.7272	810.8303	935.9683	1065.536	1197.963	1331.816	1465.874	1599.155	1730.923	1860.668
157.3	6.596017E-08	6.829826E-06	0.0005715346	0.03762857	1.655172	34.02753	201.2769	374.5075	476.8472	579.9616	691.546	810.6427	935.7786	1065.349	1197.781	1331.643	1465.712	1599.006	1730.787	1860.546
157.95	6.636147E-08	6.878549E-06	0.0005762132	0.03797834	1.672457	34.38835	202.5356	374.7394	476.6985	579.7913	691.365	810.4551	935.5889	1065.161	1197.599	1331.47	1465.55	1598.856	1730.65	1860.422
158.6	6.675739E-08	6.926752E-06	0.000580853	0.0383259	1.689661	34.74723	203.7717	374.9526	476.5492	579.6212	691.184	810.2676	935.3993	1064.974	1197.417	1331.297	1465.388	1598.706	1730.514	1860.3
159.25	6.714798E-08	6.974442E-06	0.0005854541	0.03867125	1.706783	35.10418	204.9855	375.1481	476.3992	579.451	691.0029	810.0801	935.2097	1064.786	1197.235	1331.124	1465.226	1598.557	1730.378	1860.177
159.9	6.753332E-08	7.021624E-06	0.0005900169	0.03901442	1.723825	35.4592	206.1774	375.3268	476.2487	579.2809	690.822	809.8927	935.0201	1064.599	1197.054	1330.951	1465.064	1598.407	1730.241	1860.054
160.55	6.791348E-08	7.068304E-06	0.0005945419	0.03935542	1.740785	35.81231	207.3477	375.4896	476.0978	579.1108	690.6411	809.7053	934.8307	1064.411	1196.872	1330.778	1464.902	1598.258	1730.105	1859.931
161.2	6.828854E-08	7.114486E-06	0.0005990292	0.03969425	1.757666	36.16352	208.4969	375.6372	475.9464	578.9409	690.4603	809.5179	934.6412	1064.224	1196.69	1330.605	1464.74	1598.108	1729.969	1859.808
161.85	6.865854E-08	7.160177E-06	0.0006034792	0.04003095	1.774467	36.51284	209.6252	375.7705	475.7947	578.7709	690.2795	809.3306	934.4518	1064.036	1196.509	1330.432	1464.578	1597.958	1729.832	1859.685
162.5	6.902358E-08	7.205381E-06	0.0006078922	0.0403655	1.791188	36.86028	210.733	375.8901	475.6427	578.601	690.0988	809.1434	934.2624	1063.849	1196.327	1330.259	1464.416	1597.809	1729.696	1859.562
163.15	6.93837E-08	7.250104E-06	0.0006122684	0.04069794	1.807831	37.20584	211.8207	375.9968	475.4904	578.4312	689.9181	808.9562	934.0731	1063.662	1196.145	1330.086	1464.254	1597.659	1729.56	1859.439
163.8	6.973899E-08	7.29435E-06	0.0006166083	0.04102828	1.824394	37.54953	212.8886	376.0912	475.3378	578.2614	689.7374	808.769	933.8838	1063.474	1195.964	1329.913	1464.092	1597.51	1729.423	1859.316
164.45	7.00895E-08	7.338126E-06	0.0006209121	0.04135652	1.84088	37.89138	213.937	376.174	475.1851	578.0916	689.5569	808.5819	933.6945	1063.287	1195.782	1329.74	1463.93	1597.36	1729.287	1859.193
165.1	7.04353E-08	7.381434E-06	0.0006251801	0.04168268	1.857287	38.23137	214.9663	376.2457	475.0321	577.9219	689.3763	808.3948	933.5052	1063.1	1195.601	1329.568	1463.768	1597.211	1729.151	1859.07
165.75	7.077644E-08	7.424282E-06	0.0006294126	0.04200678	1.873617	38.56953	215.9767	376.307	474.8791	577.7523	689.1958	808.2078	933.3161	1062.913	1195.419	1329.395	1463.606	1597.062	1729.014	1858.948
166.4	7.111301E-08	7.466674E-06	0.0006336099	0.04232883	1.889869	38.90587	216.9687	376.3582	474.7259	577.5826	689.0154	808.0208	933.127	1062.726	1195.238	1329.222	1463.444	1596.912	1728.878	1858.825
167.05	7.144504E-08	7.508614E-06	0.0006377723	0.04264883	1.906045	39.24039	217.9424	376.4001	474.5725	577.4131	688.835	807.8339	932.9379	1062.539	1195.057	1329.049	1463.283	1596.763	1728.742	1858.702
167.7	7.177262E-08	7.550107E-06	0.0006419001	0.04296682	1.922145	39.5731	218.8982	376.433	474.4191	577.2436	688.6547	807.647	932.7488	1062.352	1194.875	1328.877	1463.121	1596.613	1728.606	1858.579
168.35	7.209579E-08	7.591158E-06	0.0006459936	0.04328278	1.938168	39.90401	219.8364	376.4574	474.2656	577.0742	688.4743	807.4601	932.5598	1062.165	1194.694	1328.704	1462.959	1596.464	1728.469	1858.456
169	7.241461E-08	7.631773E-06	0.000650053	0.04359674	1.954115	40.23314	220.7573	376.4737	474.1121	576.9048	688.2941	807.2733	932.3708	1061.978	1194.512	1328.531	1462.797	1596.314	1728.333	1858.333
169.65	7.272916E-08	7.671954E-06	0.0006540786	0.04390872	1.969987	40.56047	221.6612	376.4824	473.9585	576.7354	688.1139	807.0865	932.1818	1061.791	1194.331	1328.359	1462.635	1596.165	1728.197	1858.21
170.3	7.303947E-08	7.711708E-06	0.0006580708	0.04421872	1.985784	40.88605	222.5483	376.4838	473.8048	576.5662	687.9337	806.8998	931.9929	1061.604	1194.15	1328.186	1462.474	1596.016	1728.061	1858.088
170.95	7.33456E-08	7.751039E-06	0.0006620298	0.04452676	2.001506	41.20985	223.419	376.4783	473.6511	576.3969	687.7536	806.7131	931.8041	1061.417	1193.969	1328.014	1462.312	1595.866	1727.925	1857.965
171.6	7.364763E-08	7.789949E-06	0.0006659558	0.04483285	2.017154	41.53191	224.2735	376.4663	473.4974	576.2277	687.5735	806.5265	931.6152	1061.23	1193.787	1327.841	1462.15	1595.717	1727.789	1857.842
172.25	7.394559E-08	7.828447E-06	0.0006698493	0.045137	2.032727	41.85222	225.1121	376.4481	473.3437	576.0586	687.3936	806.3399	931.4265	1061.043	1193.606	1327.668	1461.989	1595.568	1727.652	1857.719
172.9	7.423955E-08	7.866534E-06	0.0006737103	0.04543922	2.048227	42.1708	225.9351	376.424	473.19	575.8895	687.2136	806.1533	931.2377	1060.856	1193.425	1327.496	1461.827	1595.418	1727.516	1857.597
173.55	7.452956E-08	7.904216E-06	0.0006775392	0.04573953	2.063654	42.48764	226.7427	376.3943	473.0363	575.7205	687.0337	805.9669	931.049	1060.67	1193.244	1327.323	1461.665	1595.269	1727.38	1857.474
174.2	7.481567E-08	7.941496E-06	0.0006813363	0.04603793	2.079008	42.80278	227.5351	376.3593	472.8826	575.5515	686.8538	805.7804	930.8604	1060.483	1193.063	1327.151	1461.504	1595.12	1727.244	1857.351
174.85	7.509792E-08	7.978379E-06	0.0006851018	0.04633445	2.094289	43.1162	228.3127	376.3193	472.7289	575.3825	686.674	805.594	930.6717	1060.296	1192.882	1326.978	1461.342	1594.971	1727.108	1857.228
175.5	7.537639E-08	8.014869E-06	0.0006888359	0.04662909	2.109498	43.42792	229.0756	376.2745	472.5752	575.2136	686.4942	805.4076	930.4831	1060.109	1192.701	1326.806	1461.181	1594.821	1726.972	1857.105
176.15	7.565112E-08	8.050971E-06	0.000692539	0.04692186	2.124635	43.73795	229.8242	376.2252	472.4215	575.0448	686.3145	805.2213	930.2946	1059.923	1192.52	1326.634	1461.019	1594.672	1726.836	1856.983
176.8	7.592215E-08	8.086688E-06	0.0006962114	0.04721278	2.1397	44.04629	230.5586	376.1716	472.2679	574.876	686.1348	805.035	930.1061	1059.736	1192.339	1326.461	1460.858	1594.523	1726.7	1856.86
177.45	7.618953E-08	8.122025E-06	0.0006998532	0.04750185	2.154694	44.35296	231.2791	376.114	472.1143	574.7073	685.9552	804.8488	929.9176	1059.55	1192.158	1326.289	1460.696	1594.374	1726.564	1856.737
178.1	7.645333E-08	8.156986E-06	0.0007034647	0.0477891	2.169617	44.65797	231.9859	376.0525	471.9607	574.5386	685.7756	804.6626	929.7291	1059.363	1191.977	1326.116	1460.535	1594.225	1726.428	1856.615
178.75	7.671357E-08	8.191574E-06	0.0007070461	0.04807452	2.184469	44.96132	232.6793	375.9873	471.8071	574.37	685.5961	804.4764	929.5408	1059.177	1191.796	1325.944	1460.373	1594.076	1726.292	1856.492
179.4	7.697032E-08	8.225794E-06	0.0007105978	0.04835814	2.199251	45.26302	233.3595	375.9186	471.6536	574.2014	685.4166	804.2903	929.3524	1058.99	1191.615	1325.772	1460.212	1593.926	1726.156	1856.369
180.05	7.722361E-08	8.259649E-06	0.0007141199	0.04863996	2.213964	45.56307	234.0267	375.8467	471.5001	574.0329	685.2372	804.1043	929.1641	1058.804	1191.434	1325.6	1460.05	1593.777	1726.02	1856.247
180.7	7.74735E-08	8.293144E-06	0.0007176128	0.04891999	2.228606	45.8615	234.6811	375.7717	471.3466	573.8644	685.0578	803.9183	928.9758	1058.618	1191.253	1325.427	1459.889	1593.628	1725.884	1856.124
181.35	7.772003E-08	8.326282E-06	0.0007210766	0.04919826	2.24318	46.1583	235.3229	375.6936	471.1932	573.696	684.8785	803.7323	928.7876	1058.431	1191.073	1325.255	1459.727	1593.479	1725.748	1856.001
182	7.796324E-08	8.359068E-06	0.0007245116	0.04947476	2.257684	46.45349	235.9524	375.6128	471.0398	573.5276	684.6992	803.5464	928.5994	1058.245	1190.892	1325.083	1459.566	1593.33	1725.612	1855.879
182.65	7.820319E-08	8.391503E-06	0.000727918	0.04974951	2.272119	46.74706	236.5697	375.5293	470.8865	573.3593	684.52	803.3605	928.4113	1058.059	1190.711	1324.911	1459.405	1593.181	1725.476	1855.756
183.3	7.843991E-08	8.423593E-06	0.0007312961	0.05002252	2.286487	47.03904	237.1751	375.4433	470.7332	573.191	684.3408	803.1747	928.2231	1057.872	1190.531	1324.739	1459.243	1593.032	1725.34	1855.633
183.95	7.867345E-08	8.455343E-06	0.0007346461	0.0502938	2.300786	47.32943	237.7687	375.3549	470.5799	573.0228	684.1616	802.9889	928.035	1057.686	1190.35	1324.567	1459.082	1592.883	1725.204	1855.511
184.6	7.890385E-08	8.486753E-06	0.0007379683	0.05056336	2.315018	47.61823	238.3508	375.2642	470.4267	572.8546	683.9825	802.8031	927.847	1057.5	1190.169	1324.394	1458.921	1592.734	1725.068	1855.388
185.25	7.913115E-08	8.51783E-06	0.0007412627	0.05083121	2.329182	47.90546	238.9215	375.1714	470.2736	572.6865	683.8035	802.6174	927.659	1057.314	1189.989	1324.222	1458.759	1592.585	1724.932	1855.266
185.9	7.93554E-08	8.548574E-06	0.0007445299	0.05109737	2.343279	48.19112	239.481	375.0765	470.1205	572.5184	683.6245	802.4318	927.4711	1057.128	1189.808	1324.05	1458.598	1592.436	1724.796	1855.143
186.55	7.957663E-08	8.578992E-06	0.0007477698	0.05136184	2.35731	48.47523	240.0296	374.9797	469.9674	572.3503	683.4455	802.2462	927.2831	1056.942	1189.627	1323.878	1458.437	1592.287	1724.66	1855.02
187.2	7.979489E-08	8.609087E-06	0.0007509828	0.05162463	2.371274	48.75778	240.5673	374.8811	469.8143	572.1824	683.2666	802.0606	927.0952	1056.756	1189.447	1323.706	1458.276	1592.138	1724.524	1854.898
187.85	8.001021E-08	8.63886E-06	0.0007541691	0.05188577	2.385171	49.03879	241.0945	374.7807	469.6614	572.0145	683.0878	801.8751	926.9074	1056.57	1189.266	1323.534	1458.114	1591.989	1724.388	1854.775
188.5	8.022263E-08	8.668316E-06	0.0007573289	0.05214524	2.399004	49.31826	241.6112	374.6787	469.5084	571.8466	682.9089	801.6896	926.7196	1056.384	1189.086	1323.362	1457.953	1591.84	1724.252	1854.653
189.15	8.043221E-08	8.697459E-06	0.0007604624	0.05240308	2.41277	49.5962	242.1176	374.5751	469.3555	571.6788	682.7302	801.5042	926.5319	1056.198	1188.906	1323.19	1457.792	1591.691	1724.117	1854.53
189.8	8.063896E-08	8.726291E-06	0.0007635698	0.05265928	2.426472	49.87263	242.614	374.4701	469.2027	571.511	682.5515	801.3187	926.3441	1056.012	1188.725	1323.018	1457.631	1591.542	1723.981	1854.408
190.45	8.084294E-08	8.754815E-06	0.0007666514	0.05291386	2.440108	50.14754	243.1004	374.3636	469.0499	571.3433	682.3728	801.1334	926.1564	1055.826	1188.545	1322.847	1457.47	1591.393	1723.845	1854.285
191.1	8.104417E-08	8.783037E-06	0.0007697073	0.05316682	2.45368	50.42095	243.577	374.2558	468.8972	571.1756	682.1942	800.9481	925.9688	1055.64	1188.364	1322.675	1457.308	1591.244	1723.709	1854.162
191.75	8.12427E-08	8.810957E-06	0.0007727378	0.05341818	2.467188	50.69286	244.0441	374.1468	468.7445	571.008	682.0156	800.7628	925.7812	1055.454	1188.184	1322.503	1457.147	1591.095	1723.573	1854.04
192.4	8.143856E-08	8.83858E-06	0.0007757432	0.05366796	2.480632	50.96329	244.5017	374.0366	468.5918	570.8404	681.8372	800.5776	925.5936	1055.269	1188.004	1322.331	1456.986	1590.947	1723.438	1853.917
193.05	8.163178E-08	8.86591E-06	0.0007787236	0.05391614	2.494012	51.23223	244.9501	373.9252	468.4392	570.6729	681.6586	800.3925	925.4061	1055.083	1187.823	1322.159	1456.825	1590.798	1723.302	1853.795
193.7	8.182241E-08	8.892948E-06	0.0007816791	0.05416276	2.507329	51.4997	245.3893	373.8128	468.2867	570.5054	681.4802	800.2073	925.2186	1054.897	1187.643	1321.987	1456.664	1590.649	1723.166	1853.672
194.35	8.201048E-08	8.919698E-06	0.00078461	0.05440781	2.520582	51.7657	245.8195	373.6993	468.1342	570.338	681.3019	800.0222	925.0312	1054.711	1187.463	1321.816	1456.503	1590.5	1723.03	1853.55
195	8.219602E-08	8.946164E-06	0.0007875166	0.05465132	2.533773	52.03024	246.241	373.585	467.9818	570.1707	681.1235	799.8372	924.8438	1054.526	1187.283	1321.644	1456.342	1590.351	1722.894	1853.428
195.65	8.237906E-08	8.972347E-06	0.0007903991	0.05489327	2.546901	52.29333	246.6537	373.4697	467.8294	570.0033	680.9453	799.6522	924.6564	1054.34	1187.103	1321.472	1456.181	1590.203	1722.759	1853.305
196.3	8.255964E-08	8.998251E-06	0.0007932576	0.0551337	2.559968	52.55498	247.058	373.3535	467.677	569.8361	680.767	799.4672	924.4691	1054.155	1186.922	1321.301	1456.02	1590.054	1722.623	1853.183
196.95	8.273779E-08	9.02388E-06	0.0007960922	0.0553726	2.572972	52.81519	247.4538	373.2365	467.5247	569.6688	680.5889	799.2823	924.2817	1053.969	1186.742	1321.129	1455.859	1589.905	1722.487	1853.06
197.6	8.291355E-08	9.049236E-06	0.0007989033	0.05560999	2.585915	53.07397	247.8414	373.1188	467.3725	569.5016	680.4107	799.0975	924.0945	1053.784	1186.562	1320.957	1455.698	1589.756	1722.352	1852.938
198.25	8.308695E-08	9.074321E-06	0.000801691	0.05584588	2.598796	53.33133	248.2209	373.0003	467.2203	569.3345	680.2326	798.9127	923.9073	1053.598	1186.382	1320.786	1455.537	1589.608	1722.216	1852.815
198.9	8.325802E-08	9.09914E-06	0.0008044555	0.05608027	2.611617	53.58727	248.5925	372.8812	467.0681	569.1675	680.0546	798.7278	923.7201	1053.413	1186.202	1320.614	1455.377	1589.459	1722.08	1852.693
199.55	8.342678E-08	9.123693E-06	0.0008071971	0.05631318	2.624376	53.8418	248.9562	372.7614	466.916	569.0004	679.8766	798.5432	923.533	1053.227	1186.022	1320.443	1455.216	1589.31	1721.945	1852.571
200.2	8.359328E-08	9.147986E-06	0.0008099158	0.05654461	2.637075	54.09494	249.3121	372.641	466.764	568.8335	679.6987	798.3585	923.3459	1053.042	1185.842	1320.271	1455.055	1589.162	1721.809	1852.448
200.85	8.375753E-08	9.17202E-06	0.000812612	0.05677458	2.649714	54.34668	249.6606	372.52	466.612	568.6666	679.5208	798.1738	923.1588	1052.857	1185.662	1320.099	1454.894	1589.013	1721.673	1852.326
201.5	8.391959E-08	9.195798E-06	0.0008152857	0.05700308	2.662293	54.59704	250.0015	372.3984	466.4601	568.4997	679.3429	797.9892	922.9718	1052.671	1185.483	1319.928	1454.733	1588.864	1721.538	1852.203
202.15	8.407946E-08	9.219322E-06	0.0008179371	0.05723015	2.674813	54.84601	250.3352	372.2764	466.3082	568.3329	679.1651	797.8046	922.7849	1052.486	1185.303	1319.757	1454.572	1588.716	1721.402	1852.081
202.8	8.423718E-08	9.242597E-06	0.0008205666	0.05745577	2.687273	55.09362	250.6616	372.1538	466.1563	568.1661	678.9874	797.6201	922.5979	1052.301	1185.123	1319.585	1454.411	1588.567	1721.266	1851.959
203.45	8.439278E-08	9.265623E-06	0.0008231741	0.05767996	2.699674	55.33986	250.9809	372.0308	466.0045	567.9994	678.8096	797.4357	922.411	1052.116	1184.943	1319.414	1454.251	1588.419	1721.131	1851.836
204.1	8.454629E-08	9.288404E-06	0.00082576	0.05790273	2.712017	55.58474	251.2933	371.9073	465.8528	567.8327	678.632	797.2512	922.2241	1051.931	1184.763	1319.242	1454.09	1588.27	1720.995	1851.714
204.75	8.469774E-08	9.310942E-06	0.0008283243	0.0581241	2.7243	55.82827	251.5989	371.7835	465.7011	567.6661	678.4544	797.0668	922.0374	1051.745	1184.583	1319.071	1453.929	1588.121	1720.86	1851.592
205.4	8.484714E-08	9.333241E-06	0.0008308673	0.05834406	2.736526	56.07045	251.8977	371.6592	465.5494	567.4995	678.2768	796.8825	921.8505	1051.56	1184.404	1318.9	1453.769	1587.973	1720.724	1851.469
206.05	8.499455E-08	9.355302E-06	0.0008333892	0.05856263	2.748694	56.31129	252.1899	371.5346	465.3979	567.333	678.0993	796.6982	921.6638	1051.375	1184.224	1318.728	1453.608	1587.824	1720.589	1851.347
206.7	8.513997E-08	9.377128E-06	0.0008358901	0.05877981	2.760804	56.55081	252.4756	371.4097	465.2463	567.1666	677.9218	796.514	921.4771	1051.19	1184.044	1318.557	1453.447	1587.676	1720.453	1851.225
207.35	8.528343E-08	9.398721E-06	0.0008383701	0.05899561	2.772856	56.78901	252.7549	371.2844	465.0948	567.0001	677.7444	796.3298	921.2904	1051.005	1183.865	1318.386	1453.287	1587.527	1720.318	1851.102
208	8.542497E-08	9.420084E-06	0.0008408296	0.05921005	2.784852	57.02588	253.0278	371.1588	464.9434	566.8337	677.567	796.1456	921.1038	1050.82	1183.685	1318.214	1453.126	1587.379	1720.182	1850.98
208.65	8.55646E-08	9.44122E-06	0.0008432686	0.05942313	2.796791	57.26144	253.2947	371.0329	464.792	566.6674	677.3897	795.9615	920.9172	1050.635	1183.505	1318.043	1452.965	1587.23	1720.047	1850.858
209.3	8.570236E-08	9.462131E-06	0.0008456873	0.05963486	2.808672	57.4957	253.5554	370.9068	464.6406	566.5012	677.2125	795.7774	920.7307	1050.45	1183.326	1317.872	1452.805	1587.082	1719.911	1850.735
209.95	8.583827E-08	9.482819E-06	0.0008480859	0.05984525	2.820498	57.72866	253.8101	370.7804	464.4893	566.335	677.0352	795.5934	920.5442	1050.266	1183.146	1317.701	1452.644	1586.933	1719.776	1850.613
210.6	8.597234E-08	9.503286E-06	0.0008504646	0.0600543	2.832268	57.96034	254.059	370.6537	464.3381	566.1688	676.858	795.4094	920.3577	1050.081	1182.967	1317.53	1452.484	1586.785	1719.64	1850.491
211.25	8.610461E-08	9.523536E-06	0.0008528234	0.06026203	2.843982	58.19073	254.3021	370.5269	464.1869	566.0027	676.6809	795.2255	920.1713	1049.896	1182.787	1317.359	1452.323	1586.637	1719.505	1850.369
211.9	8.623511E-08	9.543571E-06	0.0008551627	0.06046845	2.85564	58.41984	254.5395	370.3998	464.0358	565.8366	676.5038	795.0416	919.9849	1049.711	1182.608	1317.187	1452.163	1586.488	1719.369	1850.246
212.55	8.636385E-08	9.563391E-06	0.0008574824	0.06067355	2.867243	58.64768	254.7713	370.2725	463.8847	565.6706	676.3268	794.8577	919.7985	1049.527	1182.429	1317.016	1452.002	1586.34	1719.234	1850.124
213.2	8.649086E-08	9.583001E-06	0.0008597829	0.06087736	2.878791	58.87425	254.9976	370.1451	463.7336	565.5046	676.1498	794.6739	919.6122	1049.342	1182.249	1316.845	1451.842	1586.192	1719.098	1850.002
213.85	8.661617E-08	9.602401E-06	0.0008620643	0.06107987	2.890284	59.09957	255.2185	370.0174	463.5826	565.3387	675.9728	794.4901	919.4259	1049.157	1182.07	1316.674	1451.681	1586.043	1718.963	1849.88
214.5	8.673979E-08	9.621595E-06	0.0008643267	0.06128111	2.901723	59.32364	255.4341	369.8896	463.4317	565.1729	675.796	794.3064	919.2397	1048.973	1181.891	1316.503	1451.521	1585.895	1718.828	1849.758
215.15	8.686175E-08	9.640585E-06	0.0008665702	0.06148107	2.913107	59.54646	255.6445	369.7617	463.2808	565.007	675.6191	794.1227	919.0535	1048.788	1181.711	1316.332	1451.36	1585.746	1718.692	1849.635
215.8	8.698206E-08	9.659372E-06	0.0008687951	0.06167975	2.924438	59.76804	255.8497	369.6336	463.13	564.8412	675.4423	793.9391	918.8674	1048.604	1181.532	1316.161	1451.2	1585.598	1718.557	1849.513
216.45	8.710076E-08	9.677959E-06	0.0008710015	0.06187719	2.935714	59.98838	256.0499	369.5054	462.9792	564.6755	675.2656	793.7555	918.6812	1048.419	1181.353	1315.99	1451.039	1585.45	1718.421	1849.391
217.1	8.721786E-08	9.696349E-06	0.0008731896	0.06207337	2.946937	60.20751	256.2451	369.377	462.8284	564.5099	675.0889	793.572	918.4951	1048.234	1181.173	1315.819	1450.879	1585.302	1718.286	1849.269
217.75	8.733339E-08	9.714543E-06	0.0008753594	0.06226831	2.958107	60.42541	256.4355	369.2486	462.6778	564.3442	674.9122	793.3884	918.3091	1048.05	1180.994	1315.648	1450.719	1585.153	1718.151	1849.147
218.4	8.744737E-08	9.732542E-06	0.0008775112	0.06246201	2.969224	60.6421	256.621	369.12	462.5271	564.1786	674.7356	793.205	918.1231	1047.866	1180.815	1315.477	1450.558	1585.005	1718.015	1849.025
219.05	8.755981E-08	9.750351E-06	0.0008796451	0.06265449	2.980289	60.85758	256.8018	368.9914	462.3765	564.0131	674.559	793.0215	917.9371	1047.681	1180.636	1315.307	1450.398	1584.857	1717.88	1848.902
219.7	8.767075E-08	9.767969E-06	0.0008817613	0.06284574	2.9913	61.07186	256.978	368.8626	462.226	563.8477	674.3825	792.8382	917.7512	1047.497	1180.457	1315.136	1450.238	1584.709	1717.745	1848.78
220.35	8.778019E-08	9.785399E-06	0.0008838598	0.06303579	3.00226	61.28494	257.1497	368.7338	462.0755	563.6823	674.206	792.6548	917.5653	1047.313	1180.278	1314.965	1450.078	1584.56	1717.609	1848.658
221	8.788816E-08	9.802644E-06	0.0008859409	0.06322462	3.013167	61.49684	257.3168	368.6049	461.925	563.5169	674.0296	792.4716	917.3795	1047.128	1180.099	1314.794	1449.917	1584.412	1717.474	1848.536
221.65	8.799468E-08	9.819705E-06	0.0008880047	0.06341226	3.024023	61.70755	257.4795	368.4759	461.7747	563.3516	673.8532	792.2883	917.1937	1046.944	1179.92	1314.623	1449.757	1584.264	1717.339	1848.414
222.3	8.809976E-08	9.836585E-06	0.0008900512	0.06359872	3.034827	61.91708	257.6379	368.3469	461.6243	563.1863	673.6769	792.1051	917.0079	1046.76	1179.741	1314.453	1449.597	1584.116	1717.204	1848.292
222.95	8.820344E-08	9.853285E-06	0.0008920808	0.063784	3.04558	62.12545	257.7921	368.2178	461.474	563.0211	673.5006	791.9219	916.8222	1046.576	1179.562	1314.282	1449.437	1583.968	1717.068	1848.17
223.6	8.830572E-08	9.869807E-06	0.0008940935	0.06396809	3.056282	62.33265	257.942	368.0886	461.3238	562.8559	673.3244	791.7388	916.6365	1046.391	1179.383	1314.111	1449.276	1583.82	1716.933	1848.048
224.25	8.840662E-08	9.886153E-06	0.0008960895	0.06415103	3.066933	62.53868	258.0878	367.9594	461.1736	562.6908	673.1482	791.5558	916.4509	1046.207	1179.204	1313.941	1449.116	1583.672	1716.798	1847.926
224.9	8.850617E-08	9.902325E-06	0.0008980689	0.0643328	3.077534	62.74357	258.2296	367.8301	461.0235	562.5257	672.972	791.3727	916.2652	1046.023	1179.025	1313.77	1448.956	1583.523	1716.663	1847.804
225.55	8.860437E-08	9.918324E-06	0.0009000318	0.06451342	3.088084	62.94731	258.3674	367.7009	460.8734	562.3607	672.796	791.1898	916.0797	1045.839	1178.846	1313.599	1448.796	1583.375	1716.528	1847.682
226.2	8.870126E-08	9.934153E-06	0.0009019783	0.06469289	3.098584	63.14991	258.5012	367.5715	460.7233	562.1957	672.6199	791.0068	915.8941	1045.655	1178.667	1313.429	1448.636	1583.227	1716.392	1847.56
226.85	8.879685E-08	9.949814E-06	0.0009039087	0.06487123	3.109035	63.35137	258.6313	367.4422	460.5734	562.0308	672.444	790.8239	915.7086	1045.471	1178.489	1313.258	1448.476	1583.079	1716.257	1847.438
227.5	8.889116E-08	9.965308E-06	0.000905823	0.06504844	3.119435	63.5517	258.7575	367.3128	460.4234	561.8659	672.268	790.6411	915.5231	1045.287	1178.31	1313.088	1448.316	1582.931	1716.122	1847.315
228.15	8.898419E-08	9.980637E-06	0.0009077214	0.06522453	3.129787	63.7509	258.88	367.1834	460.2735	561.701	672.0921	790.4583	915.3378	1045.103	1178.131	1312.917	1448.156	1582.783	1715.987	1847.193
228.8	8.907597E-08	9.995802E-06	0.000909604	0.0653995	3.140089	63.94899	258.9988	367.054	460.1237	561.5363	671.9163	790.2755	915.1523	1044.92	1177.953	1312.746	1447.996	1582.635	1715.852	1847.071
229.45	8.916652E-08	1.001081E-05	0.000911471	0.06557336	3.150342	64.14597	259.1141	366.9246	459.9739	561.3716	671.7404	790.0928	914.967	1044.736	1177.774	1312.576	1447.836	1582.487	1715.717	1846.949
230.1	8.925585E-08	1.002565E-05	0.0009133224	0.06574611	3.160547	64.34184	259.2258	366.7951	459.8242	561.2069	671.5647	789.9101	914.7817	1044.552	1177.595	1312.406	1447.676	1582.339	1715.581	1846.827
230.75	8.934398E-08	1.004034E-05	0.0009151584	0.06591778	3.170703	64.53661	259.334	366.6656	459.6745	561.0423	671.389	789.7275	914.5964	1044.368	1177.417	1312.235	1447.516	1582.191	1715.446	1846.705
231.4	8.943093E-08	1.005487E-05	0.0009169791	0.06608836	3.180811	64.73028	259.4389	366.5362	459.5248	560.8777	671.2133	789.5449	914.4113	1044.184	1177.238	1312.065	1447.356	1582.043	1715.311	1846.583
232.05	8.95167E-08	1.006924E-05	0.0009187847	0.06625786	3.190871	64.92286	259.5403	366.4067	459.3752	560.7131	671.0377	789.3624	914.2261	1044.001	1177.059	1311.894	1447.196	1581.895	1715.176	1846.462
232.7	8.960133E-08	1.008346E-05	0.0009205753	0.06642628	3.200883	65.11435	259.6385	366.2773	459.2257	560.5487	670.8621	789.1799	914.0409	1043.817	1176.881	1311.724	1447.036	1581.747	1715.041	1846.34
233.35	8.968481E-08	1.009753E-05	0.000922351	0.06659363	3.210848	65.30477	259.7334	366.1478	459.0762	560.3843	670.6866	788.9974	913.8558	1043.633	1176.702	1311.554	1446.876	1581.599	1714.906	1846.218
234	8.976718E-08	1.011145E-05	0.0009241119	0.06675992	3.220765	65.49411	259.8251	366.0183	458.9268	560.2198	670.5111	788.8149	913.6707	1043.45	1176.524	1311.383	1446.716	1581.452	1714.771	1846.096
234.65	8.984843E-08	1.012523E-05	0.0009258581	0.06692516	3.230635	65.68239	259.9137	365.8889	458.7774	560.0555	670.3357	788.6326	913.4857	1043.266	1176.345	1311.213	1446.556	1581.304	1714.636	1845.974
235.3	8.99286E-08	1.013885E-05	0.0009275898	0.06708936	3.240458	65.8696	259.9991	365.7594	458.628	559.8912	670.1603	788.4503	913.3007	1043.083	1176.167	1311.043	1446.396	1581.156	1714.501	1845.852
235.95	9.000768E-08	1.015233E-05	0.0009293072	0.0672525	3.250235	66.05576	260.0816	365.63	458.4787	559.7271	669.985	788.268	913.1157	1042.899	1175.989	1310.872	1446.237	1581.008	1714.366	1845.73
236.6	9.008571E-08	1.016567E-05	0.0009310102	0.06741463	3.259965	66.24086	260.1611	365.5005	458.3295	559.5629	669.8097	788.0858	912.9308	1042.716	1175.81	1310.702	1446.077	1580.86	1714.231	1845.608
237.25	9.016268E-08	1.017886E-05	0.0009326991	0.06757572	3.269649	66.42492	260.2376	365.3711	458.1803	559.3987	669.6345	787.9036	912.746	1042.532	1175.632	1310.532	1445.917	1580.712	1714.096	1845.486
237.9	9.023861E-08	1.019192E-05	0.0009343739	0.06773578	3.279287	66.60793	260.3112	365.2417	458.0312	559.2346	669.4592	787.7214	912.5611	1042.349	1175.453	1310.362	1445.757	1580.564	1713.961	1845.364
238.55	9.031353E-08	1.020483E-05	0.0009360348	0.06789484	3.288879	66.78991	260.382	365.1124	457.882	559.0706	669.2841	787.5392	912.3763	1042.165	1175.275	1310.192	1445.597	1580.417	1713.826	1845.242
239.2	9.038745E-08	1.021761E-05	0.0009376819	0.06805288	3.298426	66.97086	260.4501	364.983	457.733	558.9066	669.109	787.3572	912.1915	1041.982	1175.097	1310.021	1445.438	1580.269	1713.691	1845.12
239.85	9.046036E-08	1.023025E-05	0.0009393152	0.06820993	3.307927	67.15079	260.5154	364.8536	457.584	558.7427	668.934	787.1752	912.0068	1041.799	1174.919	1309.851	1445.278	1580.121	1713.556	1844.999
240.5	9.05323E-08	1.024276E-05	0.000940935	0.06836598	3.317383	67.32969	260.5779	364.7243	457.4351	558.5788	668.7589	786.9932	911.8221	1041.615	1174.741	1309.681	1445.118	1579.973	1713.421	1844.877
241.15	9.060327E-08	1.025513E-05	0.0009425413	0.06852104	3.326794	67.50758	260.6379	364.595	457.2862	558.4149	668.584	786.8112	911.6375	1041.432	1174.562	1309.511	1444.959	1579.826	1713.286	1844.755
241.8	9.067328E-08	1.026737E-05	0.0009441343	0.06867512	3.336161	67.68446	260.6952	364.4658	457.1373	558.2512	668.4091	786.6293	911.4529	1041.249	1174.384	1309.341	1444.799	1579.678	1713.151	1844.633
242.45	9.074235E-08	1.027948E-05	0.000945714	0.06882822	3.345483	67.86034	260.75	364.3365	456.9885	558.0874	668.2342	786.4475	911.2683	1041.066	1174.206	1309.171	1444.639	1579.53	1713.016	1844.511
243.1	9.08105E-08	1.029147E-05	0.0009472805	0.06898034	3.35476	68.03521	260.8022	364.2073	456.8398	557.9237	668.0594	786.2657	911.0838	1040.883	1174.028	1309.001	1444.48	1579.383	1712.881	1844.39
243.75	9.087773E-08	1.030332E-05	0.000948834	0.06913152	3.363994	68.20909	260.852	364.0781	456.6911	557.7601	667.8846	786.0839	910.8993	1040.7	1173.85	1308.831	1444.32	1579.235	1712.747	1844.268
244.4	9.094406E-08	1.031505E-05	0.0009503746	0.06928172	3.373183	68.38199	260.8994	363.9489	456.5424	557.5965	667.7099	785.9022	910.7148	1040.517	1173.672	1308.661	1444.161	1579.087	1712.612	1844.146
245.05	9.100949E-08	1.032665E-05	0.0009519024	0.06943098	3.382329	68.55389	260.9443	363.8198	456.3938	557.4329	667.5352	785.7205	910.5305	1040.333	1173.494	1308.491	1444.001	1578.94	1712.477	1844.024
245.7	9.107404E-08	1.033813E-05	0.0009534174	0.06957929	3.391432	68.72482	260.9869	363.6906	456.2453	557.2694	667.3606	785.5389	910.3461	1040.151	1173.316	1308.321	1443.841	1578.792	1712.342	1843.902
246.35	9.113773E-08	1.034949E-05	0.0009549199	0.06972665	3.400491	68.89478	261.0273	363.5616	456.0968	557.106	667.186	785.3573	910.1617	1039.968	1173.138	1308.151	1443.682	1578.644	1712.207	1843.781
247	9.120055E-08	1.036073E-05	0.0009564098	0.06987309	3.409507	69.06377	261.0653	363.4325	455.9483	556.9426	667.0115	785.1757	909.9775	1039.785	1172.96	1307.982	1443.522	1578.497	1712.072	1843.659
247.65	9.126254E-08	1.037184E-05	0.0009578874	0.0700186	3.41848	69.23179	261.1011	363.3035	455.7999	556.7792	666.837	784.9943	909.7932	1039.602	1172.782	1307.812	1443.363	1578.349	1711.938	1843.537
248.3	9.132369E-08	1.038284E-05	0.0009593527	0.07016318	3.42741	69.39885	261.1347	363.1745	455.6516	556.616	666.6625	784.8127	909.6089	1039.419	1172.604	1307.642	1443.203	1578.202	1711.803	1843.415
248.95	9.138402E-08	1.039372E-05	0.0009608058	0.07030685	3.436299	69.56496	261.1661	363.0456	455.5033	556.4527	666.4882	784.6313	909.4248	1039.236	1172.427	1307.472	1443.044	1578.054	1711.668	1843.294
249.6	9.144354E-08	1.040449E-05	0.0009622468	0.07044961	3.445144	69.73012	261.1954	362.9167	455.355	556.2895	666.3138	784.45	909.2407	1039.053	1172.249	1307.302	1442.885	1577.906	1711.533	1843.172
250.25	9.150226E-08	1.041514E-05	0.0009636758	0.07059146	3.453948	69.89433	261.2227	362.7878	455.2068	556.1263	666.1395	784.2686	909.0565	1038.87	1172.071	1307.133	1442.725	1577.759	1711.398	1843.05
250.9	9.156019E-08	1.042568E-05	0.0009650929	0.07073241	3.46271	70.0576	261.2478	362.6589	455.0587	555.9633	665.9652	784.0873	908.8725	1038.688	1171.893	1306.963	1442.566	1577.611	1711.264	1842.928
251.55	9.161734E-08	1.04361E-05	0.0009664982	0.07087248	3.47143	70.21994	261.271	362.5301	454.9106	555.8002	665.791	783.9061	908.6885	1038.505	1171.716	1306.793	1442.406	1577.464	1711.129	1842.807
252.2	9.167372E-08	1.044642E-05	0.0009678918	0.07101165	3.480109	70.38135	261.2922	362.4014	454.7625	555.6372	665.6169	783.7249	908.5045	1038.322	1171.538	1306.624	1442.247	1577.317	1710.994	1842.685
252.85	9.172934E-08	1.045662E-05	0.0009692739	0.07114994	3.488746	70.54183	261.3114	362.2726	454.6145	555.4742	665.4427	783.5438	908.3205	1038.14	1171.36	1306.454	1442.088	1577.169	1710.859	1842.563
253.5	9.178422E-08	1.046672E-05	0.0009706444	0.07128735	3.497342	70.7014	261.3287	362.1439	454.4666	555.3113	665.2687	783.3626	908.1366	1037.957	1171.183	1306.284	1441.928	1577.022	1710.725	1842.442
254.15	9.183835E-08	1.047671E-05	0.0009720036	0.0714239	3.505898	70.86005	261.3442	362.0153	454.3186	555.1485	665.0947	783.1815	907.9528	1037.775	1171.005	1306.115	1441.769	1576.874	1710.59	1842.32
254.8	9.189176E-08	1.048659E-05	0.0009733514	0.07155957	3.514413	71.01778	261.3578	361.8867	454.1708	554.9857	664.9207	783.0005	907.7689	1037.592	1170.827	1305.945	1441.61	1576.727	1710.455	1842.198
255.45	9.194445E-08	1.049636E-05	0.000974688	0.07169439	3.522887	71.17461	261.3695	361.7581	454.023	554.8229	664.7468	782.8195	907.5851	1037.409	1170.65	1305.776	1441.451	1576.579	1710.321	1842.077
256.1	9.199643E-08	1.050603E-05	0.0009760135	0.07182835	3.531321	71.33054	261.3795	361.6295	453.8752	554.6602	664.5729	782.6385	907.4014	1037.227	1170.472	1305.606	1441.291	1576.432	1710.186	1841.955
256.75	9.204772E-08	1.05156E-05	0.0009773279	0.07196146	3.539714	71.48557	261.3878	361.501	453.7275	554.4975	664.399	782.4576	907.2177	1037.045	1170.295	1305.437	1441.132	1576.285	1710.052	1841.833
257.4	9.209831E-08	1.052507E-05	0.0009786315	0.07209373	3.548068	71.6397	261.3943	361.3726	453.5798	554.3349	664.2252	782.2768	907.0339	1036.862	1170.117	1305.267	1440.973	1576.137	1709.917	1841.712
258.05	9.214823E-08	1.053444E-05	0.0009799242	0.07222516	3.556382	71.79295	261.399	361.2442	453.4322	554.1724	664.0515	782.096	906.8503	1036.68	1169.94	1305.098	1440.814	1575.99	1709.782	1841.59
258.7	9.219747E-08	1.05437E-05	0.0009812061	0.07235575	3.564657	71.94531	261.4022	361.1158	453.2847	554.0098	663.8778	781.9152	906.6667	1036.497	1169.763	1304.928	1440.655	1575.843	1709.648	1841.469
259.35	9.224605E-08	1.055287E-05	0.0009824773	0.07248552	3.572892	72.0968	261.4037	360.9874	453.1371	553.8474	663.7042	781.7345	906.4832	1036.315	1169.585	1304.759	1440.495	1575.695	1709.513	1841.347
260	9.229398E-08	1.056194E-05	0.0009837381	0.07261447	3.581088	72.24741	261.4036	360.8591	452.9897	553.6849	663.5306	781.5538	906.2996	1036.133	1169.408	1304.589	1440.336	1575.548	1709.378	1841.225
260.65	9.234126E-08	1.057092E-05	0.0009849883	0.0727426	3.589244	72.39715	261.4019	360.7309	452.8423	553.5226	663.357	781.3732	906.1161	1035.951	1169.23	1304.42	1440.177	1575.401	1709.244	1841.104
261.3	9.238791E-08	1.057979E-05	0.0009862281	0.07286991	3.597363	72.54602	261.3986	360.6027	452.6949	553.3602	663.1835	781.1926	905.9327	1035.768	1169.053	1304.251	1440.018	1575.253	1709.109	1840.982
261.95	9.243393E-08	1.058858E-05	0.0009874576	0.07299642	3.605442	72.69404	261.3938	360.4745	452.5476	553.198	663.01	781.012	905.7493	1035.586	1168.876	1304.081	1439.859	1575.106	1708.975	1840.861
262.6	9.247933E-08	1.059727E-05	0.0009886768	0.07312213	3.613483	72.84119	261.3875	360.3464	452.4003	553.0358	662.8366	780.8315	905.5659	1035.404	1168.699	1303.912	1439.7	1574.959	1708.84	1840.739
263.25	9.252413E-08	1.060586E-05	0.0009898859	0.07324704	3.621485	72.9875	261.3797	360.2183	452.2531	552.8736	662.6633	780.651	905.3826	1035.222	1168.521	1303.743	1439.541	1574.812	1708.706	1840.618
263.9	9.256831E-08	1.061437E-05	0.000991085	0.07337115	3.62945	73.13295	261.3705	360.0902	452.1059	552.7115	662.4899	780.4706	905.1993	1035.04	1168.344	1303.573	1439.382	1574.664	1708.571	1840.496
264.55	9.261191E-08	1.062278E-05	0.000992274	0.07349449	3.637377	73.27757	261.3598	359.9622	451.9588	552.5494	662.3167	780.2902	905.016	1034.858	1168.167	1303.404	1439.223	1574.517	1708.437	1840.375
265.2	9.265491E-08	1.063111E-05	0.0009934532	0.07361703	3.645265	73.42133	261.3477	359.8343	451.8117	552.3873	662.1434	780.1099	904.8328	1034.676	1167.99	1303.235	1439.064	1574.37	1708.302	1840.253
265.85	9.269735E-08	1.063935E-05	0.0009946226	0.07373881	3.653116	73.56427	261.3343	359.7064	451.6647	552.2254	661.9702	779.9296	904.6496	1034.494	1167.813	1303.066	1438.905	1574.223	1708.168	1840.132
266.5	9.273921E-08	1.06475E-05	0.0009957822	0.0738598	3.66093	73.70638	261.3195	359.5785	451.5177	552.0635	661.7971	779.7493	904.4664	1034.312	1167.636	1302.897	1438.746	1574.076	1708.033	1840.01
267.15	9.27805E-08	1.065556E-05	0.0009969322	0.07398003	3.668707	73.84766	261.3033	359.4507	451.3708	551.9016	661.624	779.5691	904.2833	1034.13	1167.459	1302.727	1438.587	1573.929	1707.899	1839.889
267.8	9.282125E-08	1.066353E-05	0.0009980726	0.0740995	3.676447	73.98811	261.2859	359.3229	451.2239	551.7397	661.451	779.3889	904.1003	1033.948	1167.282	1302.558	1438.428	1573.781	1707.764	1839.767
268.45	9.286143E-08	1.067143E-05	0.0009992035	0.07421821	3.684149	74.12775	261.2671	359.1952	451.0771	551.5779	661.278	779.2087	903.9172	1033.766	1167.105	1302.389	1438.269	1573.634	1707.63	1839.646
269.1	9.290109E-08	1.067923E-05	0.001000325	0.07433617	3.691815	74.26657	261.2471	359.0675	450.9303	551.4162	661.105	779.0287	903.7343	1033.585	1166.928	1302.22	1438.11	1573.487	1707.495	1839.524
269.75	9.294021E-08	1.068696E-05	0.001001437	0.07445338	3.699445	74.40459	261.2258	358.9398	450.7836	551.2545	660.9321	778.8486	903.5513	1033.403	1166.751	1302.051	1437.951	1573.34	1707.361	1839.403
270.4	9.29788E-08	1.06946E-05	0.00100254	0.07456985	3.707038	74.54179	261.2034	358.8122	450.6369	551.0929	660.7593	778.6686	903.3684	1033.221	1166.574	1301.882	1437.793	1573.193	1707.227	1839.281
271.05	9.301688E-08	1.070216E-05	0.001003634	0.07468558	3.714595	74.6782	261.1797	358.6846	450.4902	550.9313	660.5865	778.4887	903.1855	1033.039	1166.397	1301.713	1437.634	1573.046	1707.092	1839.16
271.7	9.305445E-08	1.070964E-05	0.001004718	0.07480058	3.722116	74.8138	261.1548	358.5571	450.3437	550.7698	660.4137	778.3088	903.0027	1032.858	1166.22	1301.544	1437.475	1572.899	1706.958	1839.039
272.35	9.30915E-08	1.071704E-05	0.001005794	0.07491484	3.729601	74.94862	261.1288	358.4297	450.1971	550.6083	660.241	778.1289	902.8199	1032.676	1166.043	1301.375	1437.316	1572.752	1706.823	1838.917
273	9.312806E-08	1.072436E-05	0.001006861	0.07502838	3.73705	75.08265	261.1016	358.3022	450.0506	550.4468	660.0683	777.949	902.6371	1032.494	1165.867	1301.206	1437.157	1572.605	1706.689	1838.796
273.65	9.316413E-08	1.07316E-05	0.001007919	0.07514121	3.744464	75.21589	261.0733	358.1748	449.9042	550.2854	659.8957	777.7693	902.4544	1032.313	1165.69	1301.037	1436.999	1572.458	1706.555	1838.674
274.3	9.319972E-08	1.073877E-05	0.001008968	0.07525331	3.751843	75.34834	261.0439	358.0475	449.7578	550.1241	659.7231	777.5895	902.2717	1032.131	1165.513	1300.868	1436.84	1572.311	1706.42	1838.553
274.95	9.323482E-08	1.074586E-05	0.001010008	0.07536471	3.759186	75.48003	261.0135	357.9202	449.6115	549.9628	659.5506	777.4099	902.0891	1031.95	1165.336	1300.7	1436.681	1572.164	1706.286	1838.432
275.6	9.326945E-08	1.075287E-05	0.001011039	0.07547539	3.766495	75.61093	260.9819	357.7929	449.4652	549.8015	659.3781	777.2302	901.9065	1031.768	1165.16	1300.531	1436.523	1572.017	1706.152	1838.31
276.25	9.330362E-08	1.075981E-05	0.001012063	0.07558538	3.773768	75.74107	260.9493	357.6657	449.3189	549.6403	659.2056	777.0505	901.7239	1031.587	1164.983	1300.362	1436.364	1571.87	1706.017	1838.189
276.9	9.333733E-08	1.076668E-05	0.001013077	0.07569467	3.781007	75.87045	260.9157	357.5386	449.1727	549.4791	659.0333	776.871	901.5414	1031.406	1164.807	1300.193	1436.205	1571.723	1705.883	1838.068
277.55	9.337058E-08	1.077347E-05	0.001014083	0.07580326	3.788211	75.99905	260.8811	357.4115	449.0266	549.3181	658.8609	776.6915	901.3589	1031.224	1164.63	1300.024	1436.047	1571.576	1705.749	1837.946
278.2	9.340339E-08	1.078019E-05	0.001015081	0.07591117	3.795381	76.12691	260.8454	357.2844	448.8805	549.157	658.6886	776.512	901.1765	1031.043	1164.453	1299.856	1435.888	1571.429	1705.615	1837.825
278.85	9.343575E-08	1.078684E-05	0.00101607	0.07601839	3.802517	76.25401	260.8088	357.1573	448.7344	548.996	658.5164	776.3325	900.994	1030.861	1164.277	1299.687	1435.729	1571.282	1705.48	1837.703
279.5	9.346768E-08	1.079342E-05	0.001017051	0.07612494	3.809619	76.38036	260.7713	357.0304	448.5884	548.835	658.3441	776.1531	900.8116	1030.68	1164.1	1299.518	1435.571	1571.136	1705.346	1837.582
280.15	9.349919E-08	1.079992E-05	0.001018024	0.0762308	3.816687	76.50597	260.7328	356.9034	448.4425	548.6741	658.172	775.9738	900.6293	1030.499	1163.924	1299.349	1435.412	1570.989	1705.212	1837.461
280.8	9.353026E-08	1.080636E-05	0.001018989	0.076336	3.823721	76.63082	260.6934	356.7766	448.2966	548.5132	657.9999	775.7944	900.447	1030.318	1163.747	1299.181	1435.254	1570.842	1705.078	1837.34
281.45	9.356092E-08	1.081273E-05	0.001019946	0.07644053	3.830721	76.75495	260.653	356.6497	448.1507	548.3524	657.8278	775.6152	900.2648	1030.137	1163.571	1299.012	1435.095	1570.695	1704.943	1837.218
282.1	9.359117E-08	1.081903E-05	0.001020895	0.07654439	3.837689	76.87833	260.6118	356.5229	448.0049	548.1917	657.6558	775.4359	900.0825	1029.955	1163.395	1298.844	1434.937	1570.548	1704.809	1837.097
282.75	9.362101E-08	1.082527E-05	0.001021836	0.07664759	3.844623	77.00099	260.5697	356.3961	447.8592	548.0309	657.4838	775.2568	899.9003	1029.774	1163.218	1298.675	1434.778	1570.402	1704.675	1836.976
283.4	9.365045E-08	1.083144E-05	0.001022769	0.07675015	3.851524	77.12292	260.5267	356.2694	447.7134	547.8702	657.3118	775.0776	899.7182	1029.593	1163.042	1298.506	1434.62	1570.255	1704.541	1836.854
284.05	9.36795E-08	1.083754E-05	0.001023695	0.07685205	3.858392	77.24413	260.4828	356.1428	447.5678	547.7097	657.14	774.8985	899.5361	1029.412	1162.865	1298.338	1434.461	1570.108	1704.407	1836.733
284.7	9.370815E-08	1.084358E-05	0.001024612	0.07695331	3.865227	77.36462	260.4382	356.0162	447.4221	547.5491	656.9681	774.7194	899.354	1029.231	1162.689	1298.169	1434.303	1569.961	1704.272	1836.612
285.35	9.373642E-08	1.084955E-05	0.001025522	0.07705391	3.872029	77.48439	260.3927	355.8896	447.2766	547.3885	656.7963	774.5404	899.1719	1029.05	1162.513	1298.001	1434.145	1569.815	1704.138	1836.491
286	9.376431E-08	1.085546E-05	0.001026425	0.07715389	3.878799	77.60345	260.3464	355.7631	447.1311	547.2281	656.6246	774.3615	898.99	1028.869	1162.337	1297.832	1433.986	1569.668	1704.004	1836.37
286.65	9.379182E-08	1.086131E-05	0.00102732	0.07725323	3.885537	77.72179	260.2993	355.6366	446.9856	547.0676	656.4529	774.1825	898.808	1028.688	1162.161	1297.664	1433.828	1569.521	1703.87	1836.248
287.3	9.381896E-08	1.086709E-05	0.001028207	0.07735194	3.892243	77.83944	260.2515	355.5101	446.8402	546.9072	656.2813	774.0036	898.6261	1028.507	1161.984	1297.495	1433.669	1569.375	1703.736	1836.127
287.95	9.384574E-08	1.087281E-05	0.001029088	0.07745002	3.898916	77.95638	260.2029	355.3838	446.6948	546.7469	656.1096	773.8248	898.4442	1028.327	1161.808	1297.327	1433.511	1569.228	1703.602	1836.006
288.6	9.387216E-08	1.087848E-05	0.00102996	0.07754748	3.905558	78.07262	260.1535	355.2574	446.5495	546.5866	655.938	773.646	898.2624	1028.146	1161.632	1297.159	1433.353	1569.081	1703.468	1835.885
289.25	9.389822E-08	1.088408E-05	0.001030826	0.07764433	3.912168	78.18818	260.1034	355.1311	446.4042	546.4264	655.7665	773.4672	898.0806	1027.965	1161.456	1296.99	1433.194	1568.935	1703.334	1835.763
289.9	9.392393E-08	1.088962E-05	0.001031684	0.07774056	3.918746	78.30304	260.0526	355.0049	446.259	546.2662	655.5951	773.2885	897.8988	1027.784	1161.28	1296.822	1433.036	1568.788	1703.2	1835.642
290.55	9.39493E-08	1.08951E-05	0.001032536	0.07783617	3.925294	78.41721	260.001	354.8786	446.1138	546.1061	655.4236	773.1098	897.717	1027.604	1161.104	1296.654	1432.878	1568.641	1703.066	1835.521
291.2	9.397432E-08	1.090053E-05	0.00103338	0.07793119	3.931809	78.5307	259.9488	354.7525	445.9687	545.946	655.2523	772.9312	897.5353	1027.423	1160.928	1296.485	1432.72	1568.495	1702.932	1835.4
291.85	9.399901E-08	1.090589E-05	0.001034217	0.07802559	3.938294	78.64351	259.8958	354.6264	445.8236	545.7859	655.0809	772.7526	897.3537	1027.242	1160.752	1296.317	1432.562	1568.348	1702.798	1835.279
292.5	9.402337E-08	1.09112E-05	0.001035047	0.0781194	3.944748	78.75564	259.8423	354.5003	445.6786	545.6259	654.9097	772.574	897.1721	1027.062	1160.576	1296.149	1432.403	1568.202	1702.664	1835.158
293.15	9.40474E-08	1.091645E-05	0.00103587	0.07821262	3.951171	78.8671	259.788	354.3743	445.5336	545.4659	654.7384	772.3955	896.9905	1026.881	1160.4	1295.981	1432.245	1568.055	1702.53	1835.036
293.8	9.40711E-08	1.092165E-05	0.001036686	0.07830524	3.957563	78.97789	259.7331	354.2483	445.3886	545.3061	654.5672	772.217	896.809	1026.701	1160.224	1295.813	1432.087	1567.908	1702.396	1834.915
294.45	9.409449E-08	1.092679E-05	0.001037496	0.07839727	3.963924	79.08801	259.6775	354.1223	445.2438	545.1462	654.3961	772.0386	896.6275	1026.52	1160.048	1295.644	1431.929	1567.762	1702.262	1834.794
295.1	9.411756E-08	1.093188E-05	0.001038299	0.07848873	3.970256	79.19747	259.6213	353.9965	445.0989	544.9864	654.225	771.8603	896.446	1026.339	1159.872	1295.476	1431.771	1567.615	1702.128	1834.673
295.75	9.414033E-08	1.093691E-05	0.001039095	0.0785796	3.976557	79.30627	259.5645	353.8706	444.9541	544.8267	654.0539	771.6819	896.2646	1026.159	1159.697	1295.308	1431.613	1567.469	1701.994	1834.552
296.4	9.416278E-08	1.094189E-05	0.001039885	0.07866989	3.982828	79.41441	259.5071	353.7448	444.8094	544.6669	653.8829	771.5036	896.0832	1025.979	1159.521	1295.14	1431.454	1567.322	1701.86	1834.431
297.05	9.418493E-08	1.094681E-05	0.001040668	0.07875962	3.989069	79.5219	259.4491	353.619	444.6647	544.5073	653.712	771.3254	895.9019	1025.798	1159.345	1294.972	1431.296	1567.176	1701.726	1834.31
297.7	9.420679E-08	1.095169E-05	0.001041444	0.07884876	3.99528	79.62875	259.3905	353.4933	444.5201	544.3477	653.541	771.1472	895.7205	1025.618	1159.169	1294.804	1431.138	1567.03	1701.592	1834.189
298.35	9.422835E-08	1.095651E-05	0.001042214	0.07893735	4.001461	79.73495	259.3313	353.3677	444.3754	544.1881	653.3702	770.969	895.5392	1025.438	1158.994	1294.636	1430.98	1566.883	1701.458	1834.068
299	9.424963E-08	1.096128E-05	0.001042978	0.07902538	4.007613	79.8405	259.2716	353.2421	444.2309	544.0286	653.1993	770.7909	895.358	1025.257	1158.818	1294.468	1430.822	1566.737	1701.324	1833.947
299.65	9.427061E-08	1.0966E-05	0.001043735	0.07911284	4.013735	79.94541	259.2113	353.1165	444.0864	543.8691	653.0286	770.6128	895.1768	1025.077	1158.642	1294.3	1430.664	1566.59	1701.19	1833.826
300.3	9.429132E-08	1.097067E-05	0.001044486	0.07919975	4.019828	80.04969	259.1505	352.991	443.9419	543.7097	652.8578	770.4348	894.9957	1024.897	1158.467	1294.132	1430.506	1566.444	1701.056	1833.705
300.95	9.431174E-08	1.097529E-05	0.00104523	0.07928611	4.025893	80.15334	259.0891	352.8655	443.7975	543.5503	652.6871	770.2568	894.8146	1024.717	1158.291	1293.964	1430.348	1566.297	1700.922	1833.584
301.6	9.43319E-08	1.097985E-05	0.001045969	0.07937193	4.031928	80.25635	259.0272	352.7401	443.6532	543.391	652.5165	770.0788	894.6335	1024.536	1158.115	1293.796	1430.19	1566.151	1700.788	1833.463
302.25	9.435178E-08	1.098438E-05	0.001046701	0.07945719	4.037934	80.35873	258.9648	352.6147	443.5089	543.2317	652.3459	769.9009	894.4524	1024.356	1157.94	1293.628	1430.032	1566.005	1700.655	1833.342
302.9	9.437139E-08	1.098885E-05	0.001047427	0.07954192	4.043911	80.4605	258.9018	352.4893	443.3646	543.0725	652.1754	769.723	894.2714	1024.176	1157.764	1293.46	1429.875	1565.858	1700.521	1833.221
303.55	9.439074E-08	1.099327E-05	0.001048148	0.07962611	4.04986	80.56165	258.8384	352.364	443.2204	542.9133	652.0048	769.5452	894.0905	1023.996	1157.589	1293.292	1429.717	1565.712	1700.387	1833.1
304.2	9.440983E-08	1.099765E-05	0.001048862	0.07970976	4.05578	80.66217	258.7745	352.2388	443.0762	542.7542	651.8344	769.3674	893.9095	1023.816	1157.414	1293.124	1429.559	1565.566	1700.253	1832.979
304.85	9.442866E-08	1.100198E-05	0.00104957	0.07979289	4.061673	80.76208	258.7101	352.1136	442.9321	542.5951	651.6639	769.1896	893.7286	1023.636	1157.238	1292.957	1429.401	1565.42	1700.119	1832.858
305.5	9.444724E-08	1.100627E-05	0.001050272	0.07987548	4.067537	80.86139	258.6453	351.9884	442.788	542.436	651.4936	769.012	893.5477	1023.456	1157.063	1292.789	1429.243	1565.273	1699.986	1832.737
306.15	9.446556E-08	1.101051E-05	0.001050969	0.07995755	4.073372	80.96008	258.5799	351.8633	442.644	542.277	651.3232	768.8343	893.3669	1023.276	1156.887	1292.621	1429.085	1565.127	1699.852	1832.616
306.8	9.448365E-08	1.10147E-05	0.001051659	0.0800391	4.07918	81.05817	258.5142	351.7382	442.5	542.1181	651.153	768.6567	893.1862	1023.096	1156.712	1292.453	1428.927	1564.981	1699.718	1832.495
307.45	9.450149E-08	1.101885E-05	0.001052344	0.08012013	4.08496	81.15567	258.4479	351.6132	442.3561	541.9592	650.9827	768.4791	893.0054	1022.917	1156.537	1292.286	1428.77	1564.835	1699.584	1832.374
308.1	9.451908E-08	1.102296E-05	0.001053024	0.08020065	4.090713	81.25256	258.3813	351.4882	442.2122	541.8004	650.8126	768.3016	892.8247	1022.737	1156.361	1292.118	1428.612	1564.688	1699.451	1832.253
308.75	9.453645E-08	1.102702E-05	0.001053697	0.08028066	4.096438	81.34886	258.3141	351.3633	442.0684	541.6415	650.6425	768.1241	892.644	1022.557	1156.186	1291.95	1428.454	1564.542	1699.317	1832.132
309.4	9.455358E-08	1.103104E-05	0.001054365	0.08036016	4.102136	81.44456	258.2466	351.2384	441.9246	541.4828	650.4724	767.9467	892.4634	1022.377	1156.011	1291.783	1428.297	1564.396	1699.183	1832.011
310.05	9.457047E-08	1.103501E-05	0.001055028	0.08043916	4.107806	81.53968	258.1787	351.1135	441.7809	541.3241	650.3023	767.7692	892.2828	1022.198	1155.836	1291.615	1428.139	1564.25	1699.049	1831.89
310.7	9.458714E-08	1.103895E-05	0.001055685	0.08051765	4.113449	81.63421	258.1104	350.9887	441.6372	541.1655	650.1323	767.5919	892.1022	1022.018	1155.661	1291.447	1427.981	1564.104	1698.916	1831.769
311.35	9.460359E-08	1.104284E-05	0.001056336	0.08059564	4.119065	81.72816	258.0416	350.864	441.4935	541.0068	649.9623	767.4146	891.9218	1021.838	1155.485	1291.28	1427.823	1563.958	1698.782	1831.648
312	9.461981E-08	1.104669E-05	0.001056982	0.08067314	4.124655	81.82153	257.9725	350.7393	441.3499	540.8483	649.7924	767.2372	891.7413	1021.659	1155.31	1291.112	1427.666	1563.811	1698.648	1831.527
312.65	9.463582E-08	1.10505E-05	0.001057623	0.08075015	4.130217	81.91432	257.903	350.6146	441.2064	540.6898	649.6226	767.06	891.5609	1021.479	1155.135	1290.945	1427.508	1563.665	1698.515	1831.407
313.3	9.465162E-08	1.105427E-05	0.001058258	0.08082667	4.135753	82.00654	257.833	350.49	441.0629	540.5313	649.4527	766.8828	891.3804	1021.299	1154.96	1290.777	1427.35	1563.519	1698.381	1831.286
313.95	9.46672E-08	1.105799E-05	0.001058888	0.0809027	4.141262	82.09818	257.7628	350.3654	440.9194	540.3729	649.283	766.7057	891.2001	1021.12	1154.785	1290.61	1427.193	1563.373	1698.247	1831.165
314.6	9.468257E-08	1.106168E-05	0.001059513	0.08097826	4.146745	82.18926	257.6921	350.2409	440.776	540.2145	649.1132	766.5286	891.0197	1020.94	1154.61	1290.442	1427.035	1563.227	1698.114	1831.044
315.25	9.469773E-08	1.106533E-05	0.001060132	0.08105333	4.152202	82.27977	257.6211	350.1164	440.6327	540.0562	648.9435	766.3515	890.8394	1020.761	1154.435	1290.275	1426.878	1563.081	1697.98	1830.923
315.9	9.471269E-08	1.106894E-05	0.001060747	0.08112793	4.157632	82.36972	257.5498	349.992	440.4894	539.8979	648.7739	766.1744	890.6592	1020.581	1154.26	1290.107	1426.72	1562.935	1697.847	1830.802
316.55	9.472745E-08	1.107251E-05	0.001061356	0.08120205	4.163037	82.45911	257.4781	349.8676	440.3461	539.7397	648.6043	765.9975	890.4789	1020.402	1154.085	1289.94	1426.563	1562.789	1697.713	1830.682
317.2	9.474201E-08	1.107605E-05	0.00106196	0.08127569	4.168416	82.54795	257.406	349.7432	440.2029	539.5815	648.4348	765.8206	890.2988	1020.223	1153.91	1289.773	1426.405	1562.643	1697.579	1830.561
317.85	9.475637E-08	1.107954E-05	0.001062559	0.08134888	4.173769	82.63623	257.3336	349.6189	440.0598	539.4233	648.2653	765.6436	890.1187	1020.043	1153.735	1289.605	1426.248	1562.497	1697.446	1830.44
318.5	9.477054E-08	1.1083E-05	0.001063154	0.0814216	4.179096	82.72396	257.261	349.4947	439.9166	539.2653	648.0958	765.4668	889.9385	1019.864	1153.561	1289.438	1426.09	1562.351	1697.312	1830.319
319.15	9.478453E-08	1.108642E-05	0.001063743	0.08149385	4.184398	82.81114	257.188	349.3705	439.7736	539.1072	647.9264	765.29	889.7585	1019.685	1153.386	1289.271	1425.933	1562.205	1697.179	1830.198
319.8	9.479832E-08	1.108981E-05	0.001064327	0.08156566	4.189674	82.89778	257.1146	349.2463	439.6305	538.9492	647.757	765.1132	889.5785	1019.506	1153.211	1289.103	1425.775	1562.059	1697.045	1830.078
320.45	9.481192E-08	1.109316E-05	0.001064907	0.081637	4.194925	82.98388	257.041	349.1222	439.4875	538.7913	647.5877	764.9365	889.3985	1019.326	1153.036	1288.936	1425.618	1561.913	1696.912	1829.957
321.1	9.482535E-08	1.109647E-05	0.001065481	0.08170789	4.20015	83.06944	256.967	348.9981	439.3446	538.6334	647.4185	764.7598	889.2185	1019.147	1152.862	1288.769	1425.461	1561.767	1696.778	1829.836
321.75	9.483859E-08	1.109975E-05	0.001066051	0.08177833	4.205351	83.15445	256.8928	348.8741	439.2018	538.4755	647.2492	764.5831	889.0386	1018.968	1152.687	1288.602	1425.303	1561.621	1696.645	1829.715
322.4	9.485165E-08	1.110299E-05	0.001066616	0.08184832	4.210527	83.23894	256.8182	348.7501	439.0589	538.3177	647.08	764.4065	888.8588	1018.789	1152.512	1288.434	1425.146	1561.475	1696.511	1829.595
323.05	9.486454E-08	1.11062E-05	0.001067177	0.08191787	4.215678	83.32289	256.7434	348.6262	438.9161	538.16	646.9109	764.23	888.6789	1018.61	1152.338	1288.267	1424.989	1561.329	1696.378	1829.474
323.7	9.487726E-08	1.110938E-05	0.001067732	0.08198697	4.220805	83.40631	256.6683	348.5023	438.7734	538.0023	646.7418	764.0534	888.4991	1018.431	1152.163	1288.1	1424.831	1561.184	1696.244	1829.353
324.35	9.488981E-08	1.111252E-05	0.001068284	0.08205564	4.225906	83.48921	256.5929	348.3784	438.6307	537.8446	646.5728	763.877	888.3193	1018.252	1151.988	1287.933	1424.674	1561.038	1696.111	1829.233
325	9.490218E-08	1.111563E-05	0.00106883	0.08212387	4.230984	83.57159	256.5173	348.2546	438.4881	537.687	646.4037	763.7005	888.1396	1018.073	1151.814	1287.766	1424.517	1560.892	1695.977	1829.112
325.65	9.491439E-08	1.11187E-05	0.001069372	0.08219167	4.236037	83.65344	256.4414	348.1309	438.3455	537.5294	646.2348	763.5241	887.9599	1017.894	1151.639	1287.599	1424.359	1560.746	1695.844	1828.991
326.3	9.492643E-08	1.112174E-05	0.00106991	0.08225904	4.241066	83.73479	256.3652	348.0071	438.2029	537.3719	646.0659	763.3478	887.7803	1017.715	1151.465	1287.432	1424.202	1560.6	1695.71	1828.87
326.95	9.493831E-08	1.112475E-05	0.001070443	0.08232597	4.24607	83.81561	256.2888	347.8835	438.0604	537.2144	645.897	763.1714	887.6006	1017.536	1151.29	1287.265	1424.045	1560.454	1695.577	1828.75
327.6	9.495004E-08	1.112773E-05	0.001070971	0.08239249	4.25105	83.89592	256.2121	347.7598	437.918	537.057	645.7282	762.9952	887.4211	1017.357	1151.116	1287.098	1423.888	1560.309	1695.444	1828.629
328.25	9.496161E-08	1.113067E-05	0.001071495	0.08245859	4.256007	83.97572	256.1351	347.6363	437.7756	536.8997	645.5594	762.819	887.2416	1017.179	1150.941	1286.931	1423.731	1560.163	1695.31	1828.508
328.9	9.497302E-08	1.113358E-05	0.001072015	0.08252425	4.26094	84.05502	256.058	347.5127	437.6332	536.7423	645.3907	762.6428	887.0621	1017	1150.767	1286.764	1423.573	1560.017	1695.177	1828.388
329.55	9.498427E-08	1.113647E-05	0.001072531	0.08258951	4.265849	84.1338	255.9806	347.3892	437.4909	536.585	645.222	762.4666	886.8826	1016.821	1150.593	1286.597	1423.416	1559.871	1695.043	1828.267
330.2	9.499538E-08	1.113932E-05	0.001073042	0.08265435	4.270735	84.21209	255.9029	347.2658	437.3487	536.4278	645.0533	762.2905	886.7032	1016.642	1150.418	1286.43	1423.259	1559.726	1694.91	1828.146
330.85	9.500634E-08	1.114214E-05	0.001073549	0.08271878	4.275597	84.28988	255.8251	347.1424	437.2065	536.2706	644.8848	762.1145	886.5238	1016.464	1150.244	1286.263	1423.102	1559.58	1694.777	1828.026
331.5	9.501714E-08	1.114493E-05	0.001074051	0.0827828	4.280436	84.36717	255.747	347.019	437.0643	536.1135	644.7162	761.9385	886.3444	1016.285	1150.07	1286.096	1422.945	1559.434	1694.643	1827.905
332.15	9.502781E-08	1.114769E-05	0.00107455	0.08284641	4.285251	84.44396	255.6687	346.8957	436.9221	535.9564	644.5477	761.7625	886.1651	1016.106	1149.895	1285.929	1422.788	1559.289	1694.51	1827.785
332.8	9.503832E-08	1.115043E-05	0.001075044	0.08290962	4.290044	84.52027	255.5901	346.7725	436.7801	535.7993	644.3793	761.5865	885.9858	1015.928	1149.721	1285.763	1422.631	1559.143	1694.377	1827.664
333.45	9.50487E-08	1.115313E-05	0.001075534	0.08297243	4.294813	84.59608	255.5114	346.6492	436.6381	535.6423	644.2109	761.4106	885.8066	1015.749	1149.547	1285.596	1422.474	1558.997	1694.244	1827.543
334.1	9.505894E-08	1.11558E-05	0.001076021	0.08303484	4.29956	84.67142	255.4325	346.5261	436.4961	535.4854	644.0425	761.2348	885.6274	1015.571	1149.373	1285.429	1422.317	1558.852	1694.11	1827.423
334.75	9.506904E-08	1.115845E-05	0.001076503	0.08309685	4.304284	84.74626	255.3533	346.403	436.3542	535.3285	643.8741	761.059	885.4482	1015.392	1149.199	1285.262	1422.16	1558.706	1693.977	1827.302
335.4	9.5079E-08	1.116107E-05	0.001076981	0.08315847	4.308985	84.82063	255.274	346.2798	436.2123	535.1716	643.7059	760.8832	885.2691	1015.214	1149.024	1285.095	1422.003	1558.561	1693.844	1827.182
336.05	9.508884E-08	1.116366E-05	0.001077455	0.0832197	4.313663	84.89452	255.1944	346.1568	436.0704	535.0148	643.5377	760.7075	885.09	1015.035	1148.85	1284.929	1421.846	1558.415	1693.71	1827.061
336.7	9.509854E-08	1.116622E-05	0.001077925	0.08328054	4.318319	84.96792	255.1147	346.0338	435.9286	534.858	643.3694	760.5318	884.911	1014.857	1148.676	1284.762	1421.689	1558.269	1693.577	1826.941
337.35	9.51081E-08	1.116876E-05	0.001078391	0.08334099	4.322953	85.04086	255.0348	345.9109	435.7869	534.7014	643.2014	760.3562	884.732	1014.679	1148.502	1284.595	1421.532	1558.124	1693.444	1826.82
338	9.511754E-08	1.117126E-05	0.001078854	0.08340105	4.327564	85.11332	254.9547	345.788	435.6452	534.5447	643.0332	760.1806	884.553	1014.5	1148.328	1284.429	1421.375	1557.978	1693.311	1826.7
338.65	9.512685E-08	1.117374E-05	0.001079312	0.08346074	4.332153	85.18531	254.8744	345.6651	435.5036	534.3881	642.8652	760.005	884.3741	1014.322	1148.154	1284.262	1421.218	1557.833	1693.177	1826.579
339.3	9.513604E-08	1.11762E-05	0.001079767	0.08352005	4.336721	85.25684	254.794	345.5423	435.362	534.2314	642.6971	759.8295	884.1952	1014.144	1147.98	1284.095	1421.061	1557.687	1693.044	1826.459
339.95	9.51451E-08	1.117863E-05	0.001080218	0.08357898	4.341266	85.3279	254.7133	345.4195	435.2204	534.075	642.5292	759.6541	884.0163	1013.966	1147.806	1283.929	1420.904	1557.542	1692.911	1826.338
340.6	9.515404E-08	1.118103E-05	0.001080665	0.08363754	4.345789	85.3985	254.6325	345.2968	435.0789	533.9185	642.3613	759.4786	883.8375	1013.787	1147.632	1283.762	1420.747	1557.396	1692.778	1826.218
341.25	9.516287E-08	1.118341E-05	0.001081108	0.08369572	4.350291	85.46864	254.5516	345.1741	434.9374	533.762	642.1934	759.3032	883.6587	1013.609	1147.459	1283.596	1420.591	1557.251	1692.645	1826.097
341.9	9.517156E-08	1.118576E-05	0.001081548	0.08375353	4.354771	85.53832	254.4705	345.0515	434.796	533.6057	642.0256	759.1279	883.48	1013.431	1147.285	1283.429	1420.434	1557.105	1692.512	1825.977
342.55	9.518016E-08	1.118808E-05	0.001081984	0.08381099	4.35923	85.60755	254.3892	344.9289	434.6547	533.4493	641.8578	758.9526	883.3012	1013.253	1147.111	1283.263	1420.277	1556.96	1692.379	1825.856
343.2	9.518862E-08	1.119039E-05	0.001082417	0.08386806	4.363667	85.67632	254.3077	344.8063	434.5133	533.293	641.6901	758.7773	883.1226	1013.075	1146.937	1283.096	1420.12	1556.814	1692.245	1825.736
343.85	9.519698E-08	1.119266E-05	0.001082845	0.08392479	4.368082	85.74465	254.2262	344.6838	434.3721	533.1368	641.5224	758.6021	882.9439	1012.897	1146.763	1282.93	1419.964	1556.669	1692.112	1825.615
344.5	9.520522E-08	1.119492E-05	0.001083271	0.08398114	4.372477	85.81252	254.1444	344.5614	434.2308	532.9805	641.3547	758.4269	882.7653	1012.719	1146.59	1282.764	1419.807	1556.524	1691.979	1825.495
345.15	9.521335E-08	1.119714E-05	0.001083692	0.08403714	4.37685	85.87996	254.0625	344.439	434.0897	532.8244	641.1871	758.2518	882.5868	1012.541	1146.416	1282.597	1419.65	1556.378	1691.846	1825.374
345.8	9.522137E-08	1.119935E-05	0.001084111	0.08409279	4.381202	85.94695	253.9805	344.3166	433.9485	532.6683	641.0196	758.0767	882.4083	1012.363	1146.242	1282.431	1419.493	1556.233	1691.713	1825.254
346.45	9.522929E-08	1.120153E-05	0.001084525	0.08414808	4.385533	86.01349	253.8983	344.1942	433.8075	532.5122	640.8521	757.9016	882.2297	1012.185	1146.069	1282.264	1419.337	1556.088	1691.58	1825.134
347.1	9.52371E-08	1.120369E-05	0.001084937	0.08420302	4.389843	86.0796	253.816	344.072	433.6664	532.3562	640.6846	757.7266	882.0513	1012.007	1145.895	1282.098	1419.18	1555.942	1691.447	1825.013
347.75	9.52448E-08	1.120583E-05	0.001085344	0.08425761	4.394134	86.14527	253.7336	343.9497	433.5254	532.2003	640.5172	757.5516	881.8729	1011.829	1145.721	1281.932	1419.023	1555.797	1691.314	1824.893
348.4	9.52524E-08	1.120794E-05	0.001085749	0.08431186	4.398403	86.21051	253.651	343.8275	433.3845	532.0443	640.3498	757.3766	881.6945	1011.652	1145.548	1281.766	1418.867	1555.651	1691.181	1824.772
349.05	9.52599E-08	1.121003E-05	0.00108615	0.08436576	4.402651	86.27531	253.5683	343.7054	433.2436	531.8885	640.1825	757.2018	881.5162	1011.474	1145.374	1281.599	1418.71	1555.506	1691.048	1824.652
349.7	9.52673E-08	1.12121E-05	0.001086548	0.08441931	4.406879	86.33969	253.4855	343.5833	433.1028	531.7327	640.0152	757.0269	881.3379	1011.296	1145.201	1281.433	1418.554	1555.361	1690.915	1824.532
350.35	9.527459E-08	1.121414E-05	0.001086942	0.08447253	4.411087	86.40364	253.4025	343.4612	432.9619	531.5768	639.848	756.8521	881.1596	1011.118	1145.027	1281.267	1418.397	1555.216	1690.782	1824.411
351	9.528179E-08	1.121617E-05	0.001087333	0.08452541	4.415274	86.46716	253.3195	343.3392	432.8212	531.4211	639.6808	756.6774	880.9814	1010.941	1144.854	1281.101	1418.241	1555.07	1690.649	1824.291
351.65	9.52889E-08	1.121817E-05	0.001087721	0.08457795	4.419442	86.53026	253.2363	343.2173	432.6805	531.2654	639.5136	756.5026	880.8032	1010.763	1144.68	1280.934	1418.084	1554.925	1690.516	1824.171
352.3	9.52959E-08	1.122015E-05	0.001088106	0.08463015	4.423589	86.59294	253.153	343.0953	432.5398	531.1098	639.3465	756.3279	880.6251	1010.586	1144.507	1280.768	1417.927	1554.78	1690.383	1824.05
352.95	9.530282E-08	1.122211E-05	0.001088487	0.08468203	4.427716	86.6552	253.0695	342.9734	432.3992	530.9542	639.1794	756.1533	880.4469	1010.408	1144.333	1280.602	1417.771	1554.635	1690.25	1823.93
353.6	9.530963E-08	1.122405E-05	0.001088865	0.08473358	4.431823	86.71704	252.986	342.8516	432.2586	530.7987	639.0125	755.9787	880.2689	1010.23	1144.16	1280.436	1417.615	1554.49	1690.117	1823.81
354.25	9.531636E-08	1.122596E-05	0.00108924	0.0847848	4.435911	86.77847	252.9024	342.7298	432.1181	530.6432	638.8455	755.8041	880.0908	1010.053	1143.987	1280.27	1417.458	1554.344	1689.984	1823.689
354.9	9.5323E-08	1.122786E-05	0.001089612	0.08483569	4.439979	86.83949	252.8186	342.6081	431.9776	530.4877	638.6785	755.6296	879.9128	1009.875	1143.814	1280.104	1417.302	1554.199	1689.851	1823.569
355.55	9.532954E-08	1.122974E-05	0.001089981	0.08488626	4.444027	86.90009	252.7348	342.4864	431.8372	530.3323	638.5117	755.4552	879.7349	1009.698	1143.64	1279.938	1417.145	1554.054	1689.718	1823.449
356.2	9.5336E-08	1.12316E-05	0.001090347	0.08493651	4.448056	86.96029	252.6508	342.3647	431.6968	530.1769	638.3448	755.2808	879.5569	1009.521	1143.467	1279.772	1416.989	1553.909	1689.585	1823.328
356.85	9.534237E-08	1.123344E-05	0.00109071	0.08498644	4.452065	87.02008	252.5668	342.2431	431.5565	530.0217	638.178	755.1063	879.379	1009.343	1143.294	1279.606	1416.833	1553.764	1689.452	1823.208
357.5	9.534866E-08	1.123525E-05	0.00109107	0.08503605	4.456055	87.07947	252.4827	342.1215	431.4162	529.8664	638.0113	754.932	879.2012	1009.166	1143.121	1279.44	1416.676	1553.619	1689.319	1823.088
358.15	9.535486E-08	1.123705E-05	0.001091426	0.08508535	4.460026	87.13846	252.3984	342	431.276	529.7112	637.8445	754.7577	879.0234	1008.989	1142.948	1279.274	1416.52	1553.474	1689.187	1822.968
358.8	9.536098E-08	1.123883E-05	0.00109178	0.08513433	4.463977	87.19704	252.3141	341.8785	431.1358	529.556	637.6779	754.5834	878.8456	1008.811	1142.774	1279.108	1416.364	1553.329	1689.054	1822.847
359.45	9.536701E-08	1.124059E-05	0.001092131	0.085183	4.46791	87.25523	252.2297	341.7571	430.9956	529.4009	637.5113	754.4092	878.6678	1008.634	1142.601	1278.942	1416.207	1553.183	1688.921	1822.727
360.1	9.537298E-08	1.124233E-05	0.001092479	0.08523136	4.471824	87.31303	252.1452	341.6357	430.8555	529.2458	637.3447	754.235	878.4901	1008.457	1142.428	1278.776	1416.051	1553.038	1688.788	1822.607
360.75	9.537884E-08	1.124406E-05	0.001092824	0.08527942	4.475718	87.37043	252.0606	341.5143	430.7155	529.0908	637.1782	754.0609	878.3124	1008.28	1142.255	1278.61	1415.895	1552.893	1688.655	1822.487
361.4	9.538464E-08	1.124576E-05	0.001093166	0.08532717	4.479594	87.42744	251.9759	341.393	430.5754	528.9358	637.0117	753.8868	878.1348	1008.103	1142.082	1278.445	1415.738	1552.748	1688.522	1822.366
362.05	9.539036E-08	1.124745E-05	0.001093505	0.08537462	4.483452	87.48405	251.8911	341.2718	430.4355	528.7808	636.8453	753.7127	877.9572	1007.925	1141.909	1278.279	1415.582	1552.603	1688.39	1822.246
362.7	9.5396E-08	1.124912E-05	0.001093842	0.08542176	4.48729	87.54028	251.8063	341.1506	430.2956	528.626	636.6789	753.5387	877.7797	1007.748	1141.736	1278.113	1415.426	1552.458	1688.257	1822.126
363.35	9.540157E-08	1.125077E-05	0.001094175	0.08546861	4.49111	87.59613	251.7214	341.0294	430.1557	528.4711	636.5126	753.3647	877.6022	1007.571	1141.563	1277.947	1415.27	1552.313	1688.124	1822.006
364	9.540705E-08	1.12524E-05	0.001094506	0.08551515	4.494912	87.6516	251.6364	340.9083	430.0159	528.3163	636.3463	753.1908	877.4247	1007.394	1141.39	1277.782	1415.114	1552.168	1687.991	1821.886
364.65	9.541247E-08	1.125402E-05	0.001094834	0.08556139	4.498695	87.70668	251.5513	340.7872	429.8761	528.1616	636.18	753.0169	877.2473	1007.217	1141.217	1277.616	1414.957	1552.024	1687.859	1821.766
365.3	9.541781E-08	1.125562E-05	0.00109516	0.08560736	4.50246	87.76138	251.4662	340.6661	429.7364	528.0068	636.0138	752.843	877.0698	1007.04	1141.045	1277.45	1414.801	1551.879	1687.726	1821.645
365.95	9.542308E-08	1.12572E-05	0.001095482	0.08565302	4.506207	87.8157	251.381	340.5451	429.5967	527.8522	635.8477	752.6693	876.8925	1006.863	1140.872	1277.285	1414.645	1551.734	1687.593	1821.525
366.6	9.542828E-08	1.125876E-05	0.001095802	0.08569839	4.509936	87.86965	251.2957	340.4242	429.4571	527.6976	635.6815	752.4955	876.7151	1006.687	1140.699	1277.119	1414.489	1551.589	1687.46	1821.405
367.25	9.543341E-08	1.126031E-05	0.00109612	0.08574348	4.513647	87.92323	251.2103	340.3033	429.3175	527.543	635.5154	752.3217	876.5378	1006.51	1140.526	1276.953	1414.333	1551.444	1687.328	1821.285
367.9	9.543847E-08	1.126184E-05	0.001096434	0.08578827	4.51734	87.97643	251.1249	340.1824	429.1779	527.3885	635.3494	752.1481	876.3606	1006.333	1140.353	1276.788	1414.177	1551.299	1687.195	1821.165
368.55	9.544347E-08	1.126336E-05	0.001096746	0.08583279	4.521015	88.02927	251.0394	340.0616	429.0384	527.234	635.1834	751.9744	876.1833	1006.156	1140.181	1276.622	1414.021	1551.154	1687.062	1821.045
369.2	9.544839E-08	1.126485E-05	0.001097056	0.08587702	4.524673	88.08173	250.9539	339.9408	428.899	527.0796	635.0175	751.8008	876.0062	1005.979	1140.008	1276.457	1413.865	1551.009	1686.93	1820.925
369.85	9.545325E-08	1.126634E-05	0.001097362	0.08592097	4.528312	88.13383	250.8683	339.8201	428.7596	526.9252	634.8516	751.6273	875.829	1005.803	1139.835	1276.291	1413.709	1550.865	1686.797	1820.804
370.5	9.545805E-08	1.126781E-05	0.001097667	0.08596464	4.531934	88.18557	250.7827	339.6994	428.6202	526.7709	634.6857	751.4537	875.6519	1005.626	1139.663	1276.125	1413.553	1550.72	1686.664	1820.684
371.15	9.546277E-08	1.126926E-05	0.001097969	0.08600803	4.535539	88.23694	250.6969	339.5788	428.4809	526.6166	634.5199	751.2802	875.4749	1005.449	1139.49	1275.96	1413.397	1550.575	1686.532	1820.564
371.8	9.546744E-08	1.127069E-05	0.001098268	0.08605114	4.539126	88.28796	250.6112	339.4582	428.3416	526.4623	634.3541	751.1068	875.2978	1005.273	1139.318	1275.795	1413.241	1550.43	1686.399	1820.444
372.45	9.547205E-08	1.127211E-05	0.001098565	0.08609398	4.542696	88.33861	250.5253	339.3376	428.2024	526.3082	634.1884	750.9334	875.1208	1005.096	1139.145	1275.629	1413.085	1550.285	1686.266	1820.324
373.1	9.547659E-08	1.127352E-05	0.001098859	0.08613656	4.546248	88.38891	250.4395	339.2171	428.0633	526.154	634.0228	750.76	874.9438	1004.919	1138.972	1275.464	1412.929	1550.141	1686.134	1820.204
373.75	9.548106E-08	1.127491E-05	0.001099151	0.08617885	4.549783	88.43885	250.3535	339.0966	427.9241	525.9999	633.8571	750.5867	874.7669	1004.743	1138.8	1275.298	1412.773	1549.996	1686.001	1820.084
374.4	9.548548E-08	1.127629E-05	0.00109944	0.08622088	4.553302	88.48844	250.2675	338.9762	427.7851	525.8458	633.6915	750.4135	874.59	1004.566	1138.627	1275.133	1412.617	1549.851	1685.869	1819.964
375.05	9.548985E-08	1.127765E-05	0.001099727	0.08626264	4.556803	88.53768	250.1815	338.8558	427.646	525.6918	633.526	750.2402	874.4131	1004.39	1138.455	1274.968	1412.461	1549.706	1685.736	1819.844
375.7	9.549414E-08	1.127899E-05	0.001100012	0.08630414	4.560287	88.58657	250.0954	338.7355	427.507	525.5379	633.3605	750.067	874.2363	1004.213	1138.282	1274.802	1412.305	1549.562	1685.604	1819.724
376.35	9.549839E-08	1.128032E-05	0.001100294	0.08634537	4.563755	88.63512	250.0093	338.6152	427.3681	525.384	633.195	749.8939	874.0596	1004.037	1138.11	1274.637	1412.15	1549.417	1685.471	1819.604
377	9.550258E-08	1.128164E-05	0.001100574	0.08638635	4.567205	88.68332	249.9232	338.4949	427.2292	525.2301	633.0296	749.7208	873.8828	1003.861	1137.938	1274.472	1411.994	1549.272	1685.338	1819.484
377.65	9.550671E-08	1.128295E-05	0.001100851	0.08642705	4.57064	88.73117	249.837	338.3748	427.0904	525.0763	632.8643	749.5477	873.7061	1003.684	1137.765	1274.306	1411.838	1549.128	1685.206	1819.364
378.3	9.551078E-08	1.128424E-05	0.001101126	0.0864675	4.574057	88.77868	249.7507	338.2546	426.9515	524.9225	632.6989	749.3747	873.5295	1003.508	1137.593	1274.141	1411.682	1548.983	1685.073	1819.244
378.95	9.55148E-08	1.128551E-05	0.001101399	0.08650769	4.577458	88.82585	249.6644	338.1345	426.8128	524.7687	632.5336	749.2017	873.3528	1003.332	1137.421	1273.976	1411.526	1548.838	1684.941	1819.124
379.6	9.551876E-08	1.128678E-05	0.00110167	0.08654763	4.580842	88.87269	249.5781	338.0144	426.6741	524.6151	632.3684	749.0287	873.1763	1003.155	1137.249	1273.811	1411.371	1548.694	1684.808	1819.004
380.25	9.552267E-08	1.128802E-05	0.001101938	0.08658732	4.58421	88.91918	249.4917	337.8943	426.5354	524.4614	632.2032	748.8558	872.9997	1002.979	1137.076	1273.646	1411.215	1548.549	1684.676	1818.884
380.9	9.552653E-08	1.128926E-05	0.001102204	0.08662675	4.587562	88.96535	249.4053	337.7744	426.3968	524.3079	632.0381	748.683	872.8232	1002.803	1136.904	1273.48	1411.059	1548.405	1684.543	1818.764
381.55	9.553034E-08	1.129048E-05	0.001102468	0.08666592	4.590897	89.01118	249.3189	337.6544	426.2582	524.1543	631.873	748.5101	872.6467	1002.627	1136.732	1273.315	1410.904	1548.26	1684.411	1818.644
382.2	9.55341E-08	1.129169E-05	0.00110273	0.08670486	4.594216	89.05667	249.2324	337.5345	426.1197	524.0008	631.7079	748.3374	872.4703	1002.451	1136.56	1273.15	1410.748	1548.115	1684.279	1818.524
382.85	9.55378E-08	1.129289E-05	0.00110299	0.08674353	4.59752	89.10184	249.1459	337.4147	425.9812	523.8474	631.5429	748.1646	872.2938	1002.275	1136.388	1272.985	1410.592	1547.971	1684.146	1818.404
383.5	9.554146E-08	1.129407E-05	0.001103247	0.08678197	4.600807	89.14668	249.0593	337.2949	425.8428	523.6939	631.378	747.9919	872.1175	1002.099	1136.216	1272.82	1410.437	1547.826	1684.014	1818.284
384.15	9.554506E-08	1.129524E-05	0.001103502	0.08682016	4.604078	89.19119	248.9728	337.1751	425.7044	523.5405	631.213	747.8193	871.9412	1001.923	1136.044	1272.655	1410.281	1547.682	1683.881	1818.165
384.8	9.554862E-08	1.12964E-05	0.001103755	0.08685812	4.607334	89.23538	248.8862	337.0554	425.5661	523.3872	631.0482	747.6467	871.7648	1001.747	1135.871	1272.49	1410.125	1547.537	1683.749	1818.045
385.45	9.555213E-08	1.129755E-05	0.001104006	0.08689582	4.610574	89.27924	248.7995	336.9357	425.4278	523.2339	630.8834	747.4741	871.5886	1001.571	1135.699	1272.325	1409.97	1547.393	1683.616	1817.925
386.1	9.555559E-08	1.129868E-05	0.001104255	0.08693328	4.613798	89.32279	248.7129	336.816	425.2895	523.0807	630.7186	747.3016	871.4124	1001.395	1135.527	1272.16	1409.814	1547.248	1683.484	1817.805
386.75	9.555901E-08	1.129981E-05	0.001104502	0.08697052	4.617006	89.36601	248.6262	336.6965	425.1513	522.9276	630.5538	747.1291	871.2361	1001.219	1135.356	1271.995	1409.659	1547.104	1683.352	1817.685
387.4	9.556238E-08	1.130091E-05	0.001104747	0.08700751	4.620199	89.40892	248.5395	336.5769	425.0132	522.7744	630.3891	746.9566	871.06	1001.043	1135.184	1271.83	1409.503	1546.959	1683.219	1817.565
388.05	9.55657E-08	1.130201E-05	0.00110499	0.08704426	4.623376	89.45152	248.4528	336.4574	424.875	522.6213	630.2244	746.7842	870.8839	1000.867	1135.012	1271.665	1409.348	1546.815	1683.087	1817.445
388.7	9.556898E-08	1.13031E-05	0.00110523	0.08708078	4.626538	89.49379	248.366	336.338	424.737	522.4683	630.0598	746.6118	870.7078	1000.691	1134.84	1271.5	1409.192	1546.671	1682.955	1817.325
389.35	9.557222E-08	1.130417E-05	0.001105469	0.08711708	4.629684	89.53575	248.2792	336.2185	424.599	522.3153	629.8953	746.4395	870.5318	1000.516	1134.668	1271.336	1409.037	1546.526	1682.822	1817.206
390	9.557541E-08	1.130524E-05	0.001105706	0.08715314	4.632816	89.5774	248.1924	336.0992	424.461	522.1624	629.7307	746.2672	870.3558	1000.34	1134.496	1271.171	1408.881	1546.382	1682.69	1817.086
390.65	9.557856E-08	1.130629E-05	0.00110594	0.08718896	4.635932	89.61874	248.1056	335.9798	424.3231	522.0095	629.5663	746.095	870.1798	1000.164	1134.324	1271.006	1408.726	1546.238	1682.558	1816.966
391.3	9.558166E-08	1.130733E-05	0.001106173	0.08722457	4.639033	89.65978	248.0187	335.8605	424.1852	521.8566	629.4019	745.9228	870.0039	999.9885	1134.153	1270.841	1408.571	1546.093	1682.425	1816.846
391.95	9.558472E-08	1.130836E-05	0.001106404	0.08725994	4.642119	89.70051	247.9319	335.7413	424.0473	521.7038	629.2374	745.7506	869.828	999.8129	1133.981	1270.676	1408.415	1545.949	1682.293	1816.726
392.6	9.558775E-08	1.130938E-05	0.001106633	0.08729509	4.64519	89.74093	247.845	335.6221	423.9095	521.551	629.0731	745.5785	869.6522	999.6373	1133.809	1270.512	1408.26	1545.805	1682.161	1816.607
393.25	9.559073E-08	1.131039E-05	0.00110686	0.08733001	4.648246	89.78104	247.7581	335.5029	423.7718	521.3983	628.9088	745.4064	869.4763	999.4617	1133.637	1270.347	1408.104	1545.66	1682.029	1816.487
393.9	9.559368E-08	1.131138E-05	0.001107085	0.08736472	4.651288	89.82086	247.6712	335.3838	423.6341	521.2456	628.7445	745.2344	869.3005	999.2862	1133.466	1270.182	1407.949	1545.516	1681.896	1816.367
394.55	9.559658E-08	1.131237E-05	0.001107308	0.0873992	4.654314	89.86038	247.5843	335.2647	423.4965	521.093	628.5803	745.0624	869.1248	999.1107	1133.294	1270.018	1407.794	1545.372	1681.764	1816.247
395.2	9.559944E-08	1.131335E-05	0.00110753	0.08743346	4.657326	89.8996	247.4973	335.1457	423.3589	520.9404	628.4161	744.8904	868.9491	998.9352	1133.123	1269.853	1407.638	1545.227	1681.632	1816.127
395.85	9.560227E-08	1.131431E-05	0.001107749	0.08746751	4.660323	89.93852	247.4104	335.0267	423.2213	520.7878	628.252	744.7185	868.7734	998.7598	1132.951	1269.688	1407.483	1545.083	1681.5	1816.008
396.5	9.560505E-08	1.131527E-05	0.001107967	0.08750133	4.663306	89.97715	247.3234	334.9078	423.0838	520.6354	628.088	744.5466	868.5978	998.5844	1132.779	1269.524	1407.328	1544.939	1681.368	1815.888
397.15	9.56078E-08	1.131621E-05	0.001108183	0.08753494	4.666274	90.01548	247.2364	334.7889	422.9463	520.4829	627.9239	744.3748	868.4222	998.409	1132.608	1269.359	1407.173	1544.795	1681.235	1815.768
397.8	9.561051E-08	1.131715E-05	0.001108397	0.08756834	4.669228	90.05352	247.1494	334.67	422.8089	520.3305	627.7599	744.203	868.2466	998.2336	1132.436	1269.194	1407.017	1544.651	1681.103	1815.648
398.45	9.561319E-08	1.131807E-05	0.001108609	0.08760153	4.672167	90.09126	247.0624	334.5512	422.6715	520.1782	627.5959	744.0313	868.0711	998.0583	1132.265	1269.03	1406.862	1544.506	1680.971	1815.529
399.1	9.561582E-08	1.131899E-05	0.00110882	0.0876345	4.675092	90.12872	246.9754	334.4324	422.5342	520.0259	627.4321	743.8595	867.8956	997.8831	1132.094	1268.865	1406.707	1544.362	1680.839	1815.409
399.75	9.561843E-08	1.131989E-05	0.001109028	0.08766726	4.678003	90.16589	246.8884	334.3137	422.3969	519.8736	627.2682	743.6879	867.7202	997.7078	1131.922	1268.701	1406.552	1544.218	1680.707	1815.289
400.4	9.5621E-08	1.132079E-05	0.001109235	0.08769982	4.6809	90.20278	246.8013	334.195	422.2596	519.7214	627.1044	743.5162	867.5448	997.5326	1131.751	1268.536	1406.397	1544.074	1680.575	1815.17
401.05	9.562353E-08	1.132167E-05	0.00110944	0.08773217	4.683782	90.23938	246.7143	334.0764	422.1224	519.5692	626.9406	743.3446	867.3694	997.3574	1131.579	1268.372	1406.242	1543.93	1680.443	1815.05
401.7	9.562604E-08	1.132255E-05	0.001109644	0.08776431	4.686651	90.2757	246.6272	333.9578	421.9853	519.4171	626.7769	743.1731	867.194	997.1823	1131.408	1268.208	1406.086	1543.786	1680.31	1814.93
402.35	9.56285E-08	1.132342E-05	0.001109846	0.08779625	4.689506	90.31173	246.5402	333.8392	421.8482	519.265	626.6132	743.0016	867.0187	997.0071	1131.237	1268.043	1405.931	1543.641	1680.178	1814.811
403	9.563093E-08	1.132427E-05	0.001110046	0.08782798	4.692346	90.34749	246.4531	333.7207	421.7111	519.113	626.4495	742.8301	866.8435	996.832	1131.065	1267.879	1405.776	1543.497	1680.046	1814.691
403.65	9.563333E-08	1.132512E-05	0.001110245	0.08785951	4.695173	90.38297	246.366	333.6023	421.5741	518.961	626.2859	742.6587	866.6683	996.657	1130.894	1267.714	1405.621	1543.353	1679.914	1814.571
404.3	9.56357E-08	1.132596E-05	0.001110442	0.08789084	4.697987	90.41816	246.279	333.4839	421.4372	518.809	626.1224	742.4873	866.493	996.4819	1130.723	1267.55	1405.466	1543.209	1679.782	1814.452
404.95	9.563804E-08	1.132679E-05	0.001110637	0.08792197	4.700786	90.45308	246.1919	333.3655	421.3002	518.6572	625.9589	742.3159	866.3179	996.3069	1130.552	1267.386	1405.311	1543.065	1679.65	1814.332
405.6	9.564034E-08	1.132762E-05	0.00111083	0.0879529	4.703572	90.48772	246.1048	333.2471	421.1634	518.5053	625.7954	742.1447	866.1428	996.132	1130.381	1267.221	1405.156	1542.921	1679.518	1814.213
406.25	9.564261E-08	1.132843E-05	0.001111022	0.08798364	4.706344	90.5221	246.0177	333.1288	421.0265	518.3535	625.632	741.9734	865.9677	995.957	1130.209	1267.057	1405.001	1542.777	1679.386	1814.093
406.9	9.564486E-08	1.132923E-05	0.001111213	0.08801418	4.709103	90.55621	245.9307	333.0106	420.8897	518.2017	625.4686	741.8021	865.7927	995.7822	1130.038	1266.893	1404.846	1542.633	1679.254	1813.973
407.55	9.564707E-08	1.133003E-05	0.001111401	0.08804452	4.711849	90.59003	245.8436	332.8924	420.753	518.05	625.3052	741.631	865.6176	995.6073	1129.867	1266.729	1404.691	1542.489	1679.122	1813.854
408.2	9.564925E-08	1.133082E-05	0.001111589	0.08807468	4.714581	90.6236	245.7565	332.7742	420.6163	517.8983	625.142	741.4598	865.4427	995.4324	1129.696	1266.565	1404.536	1542.345	1678.99	1813.734
408.85	9.565141E-08	1.13316E-05	0.001111774	0.08810464	4.717299	90.65689	245.6694	332.6561	420.4796	517.7467	624.9787	741.2887	865.2678	995.2576	1129.525	1266.4	1404.381	1542.201	1678.858	1813.615
409.5	9.565353E-08	1.133237E-05	0.001111958	0.0881344	4.720005	90.68992	245.5823	332.538	420.343	517.5952	624.8156	741.1177	865.0928	995.0829	1129.354	1266.236	1404.226	1542.057	1678.726	1813.495
410.15	9.565562E-08	1.133313E-05	0.001112141	0.08816398	4.722697	90.72269	245.4953	332.42	420.2065	517.4436	624.6523	740.9467	864.918	994.9081	1129.183	1266.072	1404.072	1541.913	1678.594	1813.375
410.8	9.565769E-08	1.133388E-05	0.001112322	0.08819337	4.725376	90.75519	245.4082	332.302	420.07	517.2921	624.4893	740.7756	864.7432	994.7335	1129.012	1265.908	1403.917	1541.769	1678.462	1813.256
411.45	9.565973E-08	1.133463E-05	0.001112501	0.08822258	4.728043	90.78742	245.3211	332.1841	419.9335	517.1407	624.3262	740.6047	864.5684	994.5588	1128.841	1265.744	1403.762	1541.625	1678.33	1813.136
412.1	9.566174E-08	1.133537E-05	0.001112679	0.08825159	4.730696	90.8194	245.234	332.0661	419.7971	516.9893	624.1631	740.4338	864.3936	994.3841	1128.67	1265.58	1403.607	1541.482	1678.198	1813.017
412.75	9.566373E-08	1.13361E-05	0.001112856	0.08828042	4.733336	90.85112	245.1469	331.9483	419.6607	516.838	624.0002	740.2629	864.2189	994.2095	1128.5	1265.416	1403.452	1541.338	1678.066	1812.897
413.4	9.566568E-08	1.133682E-05	0.001113031	0.08830907	4.735963	90.88258	245.0599	331.8304	419.5244	516.6866	623.8372	740.0922	864.0442	994.0349	1128.329	1265.252	1403.297	1541.194	1677.934	1812.778
414.05	9.566762E-08	1.133753E-05	0.001113205	0.08833754	4.738578	90.91379	244.9728	331.7127	419.3881	516.5353	623.6743	739.9214	863.8696	993.8604	1128.158	1265.088	1403.143	1541.05	1677.802	1812.658
414.7	9.566952E-08	1.133824E-05	0.001113377	0.08836582	4.741179	90.94473	244.8858	331.5949	419.2519	516.3842	623.5115	739.7506	863.6949	993.6859	1127.987	1264.924	1402.988	1540.906	1677.671	1812.539
415.35	9.56714E-08	1.133894E-05	0.001113548	0.08839393	4.743769	90.97543	244.7987	331.4772	419.1157	516.233	623.3487	739.58	863.5204	993.5114	1127.816	1264.76	1402.833	1540.762	1677.539	1812.419
416	9.567326E-08	1.133963E-05	0.001113717	0.08842185	4.746345	91.00587	244.7117	331.3596	418.9795	516.0818	623.1859	739.4093	863.3458	993.3369	1127.646	1264.596	1402.678	1540.619	1677.407	1812.3
416.65	9.567508E-08	1.134032E-05	0.001113885	0.0884496	4.748909	91.03606	244.6246	331.242	418.8434	515.9308	623.0232	739.2386	863.1713	993.1625	1127.475	1264.432	1402.524	1540.475	1677.275	1812.18
417.3	9.567689E-08	1.1341E-05	0.001114051	0.08847716	4.75146	91.06601	244.5376	331.1244	418.7074	515.7797	622.8605	739.0681	862.9969	992.9881	1127.304	1264.268	1402.369	1540.331	1677.143	1812.061
417.95	9.567867E-08	1.134166E-05	0.001114216	0.08850456	4.753999	91.0957	244.4505	331.0069	418.5714	515.6288	622.6979	738.8976	862.8224	992.8138	1127.134	1264.104	1402.214	1540.187	1677.011	1811.941
418.6	9.568043E-08	1.134233E-05	0.00111438	0.08853178	4.756526	91.12514	244.3635	330.8894	418.4354	515.4778	622.5353	738.7271	862.6481	992.6395	1126.963	1263.94	1402.06	1540.043	1676.88	1811.822
419.25	9.568216E-08	1.134298E-05	0.001114542	0.08855883	4.75904	91.15435	244.2765	330.772	418.2994	515.3269	622.3727	738.5566	862.4737	992.4651	1126.792	1263.776	1401.905	1539.9	1676.748	1811.703
419.9	9.568387E-08	1.134363E-05	0.001114703	0.0885857	4.761542	91.1833	244.1895	330.6546	418.1636	515.1761	622.2102	738.3862	862.2994	992.2909	1126.622	1263.613	1401.75	1539.756	1676.616	1811.583
420.55	9.568556E-08	1.134427E-05	0.001114863	0.0886124	4.764031	91.21201	244.1025	330.5373	418.0277	515.0253	622.0478	738.2158	862.1251	992.1166	1126.451	1263.449	1401.596	1539.612	1676.484	1811.464
421.2	9.568722E-08	1.134491E-05	0.001115021	0.08863893	4.766509	91.24049	244.0155	330.42	417.8919	514.8745	621.8854	738.0455	861.9509	991.9424	1126.281	1263.285	1401.441	1539.469	1676.352	1811.344
421.85	9.568886E-08	1.134554E-05	0.001115178	0.0886653	4.768974	91.26871	243.9286	330.3027	417.7562	514.7238	621.723	737.8752	861.7767	991.7683	1126.11	1263.121	1401.287	1539.325	1676.221	1811.225
422.5	9.569047E-08	1.134616E-05	0.001115334	0.08869149	4.771428	91.2967	243.8416	330.1855	417.6205	514.5731	621.5607	737.705	861.6025	991.5942	1125.94	1262.958	1401.132	1539.181	1676.089	1811.105
423.15	9.569207E-08	1.134677E-05	0.001115488	0.08871752	4.773869	91.32446	243.7546	330.0683	417.4849	514.4225	621.3984	737.5348	861.4284	991.42	1125.769	1262.794	1400.978	1539.038	1675.957	1810.986
423.8	9.569365E-08	1.134738E-05	0.001115641	0.08874338	4.776299	91.35197	243.6677	329.9511	417.3492	514.2719	621.2361	737.3646	861.2543	991.246	1125.599	1262.63	1400.823	1538.894	1675.825	1810.867
424.45	9.569521E-08	1.134798E-05	0.001115793	0.08876908	4.778716	91.37925	243.5808	329.834	417.2137	514.1214	621.0739	737.1945	861.0802	991.072	1125.428	1262.467	1400.669	1538.75	1675.694	1810.747
425.1	9.569673E-08	1.134858E-05	0.001115944	0.0887946	4.781122	91.40629	243.4938	329.717	417.0782	513.9709	620.9117	737.0244	860.9062	990.8979	1125.258	1262.303	1400.514	1538.607	1675.562	1810.628
425.75	9.569825E-08	1.134917E-05	0.001116093	0.08881997	4.783516	91.4331	243.4069	329.6	416.9427	513.8204	620.7496	736.8544	860.7322	990.724	1125.088	1262.14	1400.36	1538.463	1675.43	1810.509
426.4	9.569974E-08	1.134975E-05	0.001116241	0.08884519	4.785898	91.45968	243.32	329.483	416.8073	513.67	620.5876	736.6843	860.5583	990.55	1124.917	1261.976	1400.205	1538.32	1675.299	1810.389
427.05	9.570121E-08	1.135033E-05	0.001116388	0.08887023	4.788269	91.48602	243.2332	329.3661	416.6719	513.5197	620.4255	736.5144	860.3843	990.3761	1124.747	1261.812	1400.051	1538.176	1675.167	1810.27
427.7	9.570267E-08	1.13509E-05	0.001116533	0.08889512	4.790627	91.51214	243.1463	329.2492	416.5366	513.3694	620.2636	736.3444	860.2104	990.2023	1124.577	1261.649	1399.896	1538.032	1675.035	1810.151
428.35	9.57041E-08	1.135146E-05	0.001116678	0.08891985	4.792975	91.53803	243.0594	329.1324	416.4013	513.2191	620.1016	736.1746	860.0366	990.0284	1124.407	1261.485	1399.742	1537.889	1674.904	1810.031
429	9.570551E-08	1.135202E-05	0.001116821	0.08894441	4.795311	91.56369	242.9726	329.0156	416.266	513.0689	619.9398	736.0047	859.8628	989.8546	1124.237	1261.322	1399.588	1537.745	1674.772	1809.912
429.65	9.57069E-08	1.135257E-05	0.001116963	0.08896883	4.797636	91.58913	242.8858	328.8988	416.1308	512.9187	619.7779	735.8349	859.689	989.6808	1124.066	1261.158	1399.433	1537.602	1674.64	1809.793
430.3	9.570828E-08	1.135312E-05	0.001117104	0.08899309	4.799949	91.61434	242.7989	328.7821	415.9957	512.7686	619.6161	735.6652	859.5153	989.507	1123.896	1260.995	1399.279	1537.458	1674.509	1809.673
430.95	9.570964E-08	1.135366E-05	0.001117243	0.08901719	4.80225	91.63933	242.7121	328.6655	415.8605	512.6185	619.4543	735.4954	859.3416	989.3333	1123.726	1260.832	1399.125	1537.315	1674.377	1809.554
431.6	9.571097E-08	1.135419E-05	0.001117382	0.08904114	4.804541	91.66409	242.6254	328.5488	415.7255	512.4684	619.2926	735.3257	859.168	989.1596	1123.556	1260.668	1398.971	1537.172	1674.246	1809.435
432.25	9.571229E-08	1.135472E-05	0.001117519	0.08906493	4.80682	91.68863	242.5386	328.4323	415.5905	512.3185	619.1309	735.1561	858.9943	988.986	1123.386	1260.505	1398.816	1537.028	1674.114	1809.316
432.9	9.57136E-08	1.135525E-05	0.001117655	0.08908858	4.809089	91.71295	242.4518	328.3157	415.4555	512.1685	618.9693	734.9865	858.8207	988.8124	1123.216	1260.341	1398.662	1536.885	1673.982	1809.196
433.55	9.571488E-08	1.135576E-05	0.00111779	0.08911207	4.811346	91.73706	242.3651	328.1992	415.3206	512.0186	618.8077	734.817	858.6472	988.6387	1123.046	1260.178	1398.508	1536.741	1673.851	1809.077
434.2	9.571615E-08	1.135628E-05	0.001117924	0.08913542	4.813591	91.76094	242.2784	328.0828	415.1857	511.8688	618.6462	734.6475	858.4737	988.4652	1122.876	1260.015	1398.354	1536.598	1673.719	1808.958
434.85	9.57174E-08	1.135678E-05	0.001118057	0.08915861	4.815826	91.78461	242.1917	327.9663	415.0508	511.719	618.4847	734.478	858.3002	988.2917	1122.706	1259.851	1398.199	1536.454	1673.588	1808.839
435.5	9.571863E-08	1.135729E-05	0.001118188	0.08918166	4.81805	91.80807	242.105	327.85	414.916	511.5692	618.3232	734.3085	858.1268	988.1182	1122.536	1259.688	1398.045	1536.311	1673.456	1808.719
436.15	9.571985E-08	1.135778E-05	0.001118319	0.08920456	4.820264	91.83131	242.0183	327.7336	414.7813	511.4195	618.1618	734.1391	857.9534	987.9447	1122.366	1259.525	1397.891	1536.168	1673.325	1808.6
436.8	9.572105E-08	1.135827E-05	0.001118448	0.08922731	4.822466	91.85433	241.9317	327.6174	414.6466	511.2698	618.0004	733.9697	857.78	987.7713	1122.196	1259.362	1397.737	1536.024	1673.193	1808.481
437.45	9.572223E-08	1.135876E-05	0.001118577	0.08924992	4.824657	91.87714	241.845	327.5011	414.5119	511.1201	617.8391	733.8004	857.6067	987.5978	1122.026	1259.198	1397.583	1535.881	1673.062	1808.362
438.1	9.57234E-08	1.135924E-05	0.001118704	0.08927239	4.826838	91.89975	241.7584	327.3849	414.3773	510.9706	617.6778	733.6312	857.4333	987.4245	1121.857	1259.035	1397.429	1535.738	1672.93	1808.243
438.75	9.572455E-08	1.135971E-05	0.00111883	0.0892947	4.829008	91.92214	241.6718	327.2688	414.2427	510.821	617.5165	733.4619	857.2601	987.2512	1121.687	1258.872	1397.275	1535.594	1672.799	1808.123
439.4	9.572569E-08	1.136018E-05	0.001118955	0.08931688	4.831167	91.94432	241.5852	327.1526	414.1082	510.6715	617.3553	733.2927	857.0869	987.0778	1121.517	1258.709	1397.12	1535.451	1672.667	1808.004
440.05	9.572681E-08	1.136065E-05	0.001119079	0.08933892	4.833316	91.9663	241.4987	327.0366	413.9737	510.5221	617.1942	733.1236	856.9137	986.9046	1121.347	1258.546	1396.966	1535.308	1672.536	1807.885
440.7	9.572791E-08	1.136111E-05	0.001119202	0.08936081	4.835454	91.98807	241.4121	326.9205	413.8393	510.3727	617.0331	732.9545	856.7405	986.7313	1121.178	1258.383	1396.812	1535.165	1672.404	1807.766
441.35	9.572901E-08	1.136156E-05	0.001119324	0.08938257	4.837582	92.00963	241.3256	326.8045	413.7049	510.2233	616.872	732.7854	856.5674	986.5581	1121.008	1258.22	1396.658	1535.021	1672.273	1807.647
442	9.573008E-08	1.136201E-05	0.001119445	0.08940419	4.839699	92.03099	241.2391	326.6886	413.5705	510.074	616.711	732.6163	856.3943	986.3849	1120.838	1258.057	1396.504	1534.878	1672.142	1807.528
442.65	9.573115E-08	1.136246E-05	0.001119565	0.08942566	4.841806	92.05215	241.1526	326.5727	413.4362	509.9247	616.55	732.4473	856.2213	986.2118	1120.669	1257.894	1396.35	1534.735	1672.01	1807.408
443.3	9.573219E-08	1.13629E-05	0.001119684	0.08944701	4.843903	92.0731	241.0661	326.4568	413.3019	509.7755	616.389	732.2784	856.0483	986.0387	1120.499	1257.731	1396.197	1534.592	1671.879	1807.289
443.95	9.573323E-08	1.136333E-05	0.001119802	0.08946821	4.845989	92.09385	240.9797	326.341	413.1677	509.6263	616.2281	732.1095	855.8753	985.8656	1120.329	1257.568	1396.042	1534.448	1671.747	1807.17
444.6	9.573424E-08	1.136377E-05	0.001119919	0.08948928	4.848064	92.1144	240.8933	326.2253	413.0336	509.4771	616.0673	731.9406	855.7024	985.6925	1120.16	1257.405	1395.889	1534.305	1671.616	1807.051
445.25	9.573525E-08	1.136419E-05	0.001120036	0.08951022	4.85013	92.13475	240.8069	326.1095	412.8994	509.3281	615.9065	731.7717	855.5295	985.5195	1119.99	1257.242	1395.735	1534.162	1671.485	1806.932
445.9	9.573624E-08	1.136461E-05	0.001120151	0.08953102	4.852186	92.15491	240.7205	325.9938	412.7654	509.179	615.7457	731.603	855.3566	985.3465	1119.821	1257.079	1395.581	1534.019	1671.353	1806.813
446.55	9.573722E-08	1.136503E-05	0.001120265	0.08955169	4.854231	92.17487	240.6341	325.8781	412.6313	509.03	615.585	731.4342	855.1838	985.1735	1119.651	1256.916	1395.427	1533.876	1671.222	1806.694
447.2	9.573819E-08	1.136544E-05	0.001120378	0.08957222	4.856266	92.19463	240.5478	325.7625	412.4973	508.881	615.4243	731.2655	855.011	985.0006	1119.482	1256.753	1395.273	1533.733	1671.091	1806.575
447.85	9.573914E-08	1.136585E-05	0.00112049	0.08959263	4.858292	92.21419	240.4615	325.647	412.3634	508.7321	615.2637	731.0968	854.8383	984.8277	1119.313	1256.59	1395.119	1533.59	1670.959	1806.456
448.5	9.574008E-08	1.136626E-05	0.001120601	0.0896129	4.860307	92.23357	240.3752	325.5315	412.2295	508.5833	615.1031	730.9282	854.6655	984.6548	1119.143	1256.428	1394.965	1533.447	1670.828	1806.337
449.15	9.5741E-08	1.136666E-05	0.001120712	0.08963305	4.862313	92.25274	240.2889	325.416	412.0956	508.4344	614.9426	730.7596	854.4929	984.4821	1118.974	1256.265	1394.812	1533.304	1670.697	1806.218
449.8	9.574192E-08	1.136705E-05	0.001120821	0.08965306	4.864308	92.27173	240.2027	325.3005	411.9618	508.2856	614.782	730.591	854.3203	984.3092	1118.804	1256.102	1394.658	1533.161	1670.566	1806.099
450.45	9.574282E-08	1.136744E-05	0.00112093	0.08967295	4.866294	92.29053	240.1164	325.1851	411.828	508.1369	614.6216	730.4225	854.1476	984.1365	1118.635	1255.939	1394.504	1533.017	1670.434	1805.98
451.1	9.574371E-08	1.136783E-05	0.001121037	0.08969271	4.86827	92.30914	240.0302	325.0698	411.6943	507.9882	614.4611	730.254	853.975	983.9637	1118.466	1255.776	1394.35	1532.874	1670.303	1805.861
451.75	9.574458E-08	1.136821E-05	0.001121144	0.08971234	4.870236	92.32755	239.944	324.9545	411.5606	507.8396	614.3008	730.0856	853.8025	983.791	1118.297	1255.614	1394.197	1532.731	1670.172	1805.742
452.4	9.574545E-08	1.136859E-05	0.00112125	0.08973186	4.872193	92.34578	239.8579	324.8392	411.427	507.6909	614.1404	729.9172	853.63	983.6183	1118.127	1255.451	1394.043	1532.588	1670.041	1805.623
453.05	9.57463E-08	1.136897E-05	0.001121355	0.08975124	4.874139	92.36382	239.7717	324.7239	411.2934	507.5424	613.9802	729.7488	853.4575	983.4457	1117.958	1255.288	1393.889	1532.445	1669.909	1805.504
453.7	9.574715E-08	1.136934E-05	0.001121459	0.0897705	4.876077	92.38168	239.6856	324.6088	411.1599	507.3939	613.8199	729.5806	853.2851	983.2731	1117.789	1255.126	1393.736	1532.302	1669.778	1805.385
454.35	9.574798E-08	1.136971E-05	0.001121562	0.08978964	4.878005	92.39935	239.5995	324.4936	411.0263	507.2454	613.6597	729.4123	853.1127	983.1005	1117.62	1254.963	1393.582	1532.159	1669.647	1805.266
455	9.57488E-08	1.137007E-05	0.001121664	0.08980866	4.879923	92.41684	239.5135	324.3785	410.8929	507.097	613.4995	729.244	852.9404	982.9279	1117.451	1254.801	1393.428	1532.016	1669.516	1805.147
455.65	9.574961E-08	1.137043E-05	0.001121766	0.08982755	4.881832	92.43414	239.4274	324.2634	410.7595	506.9486	613.3394	729.0759	852.7681	982.7554	1117.282	1254.638	1393.275	1531.874	1669.385	1805.028
456.3	9.57504E-08	1.137078E-05	0.001121866	0.08984632	4.883731	92.45127	239.3414	324.1484	410.6261	506.8003	613.1793	728.9077	852.5958	982.5829	1117.113	1254.475	1393.121	1531.731	1669.253	1804.909
456.95	9.575119E-08	1.137113E-05	0.001121966	0.08986498	4.885621	92.46821	239.2554	324.0334	410.4928	506.652	613.0193	728.7396	852.4235	982.4105	1116.944	1254.313	1392.967	1531.588	1669.122	1804.79
457.6	9.575196E-08	1.137148E-05	0.001122065	0.08988351	4.887502	92.48498	239.1694	323.9185	410.3595	506.5037	612.8593	728.5715	852.2513	982.238	1116.775	1254.15	1392.814	1531.445	1668.991	1804.671
458.25	9.575273E-08	1.137183E-05	0.001122163	0.08990192	4.889373	92.50156	239.0835	323.8036	410.2263	506.3555	612.6993	728.4034	852.0791	982.0657	1116.606	1253.988	1392.66	1531.302	1668.86	1804.552
458.9	9.575349E-08	1.137217E-05	0.00112226	0.08992022	4.891235	92.51796	238.9975	323.6888	410.093	506.2074	612.5394	728.2355	851.907	981.8933	1116.437	1253.826	1392.507	1531.159	1668.729	1804.433
459.55	9.575423E-08	1.13725E-05	0.001122357	0.0899384	4.893088	92.53419	238.9117	323.5739	409.9599	506.0593	612.3796	728.0675	851.7349	981.721	1116.268	1253.663	1392.353	1531.016	1668.598	1804.314
460.2	9.575496E-08	1.137284E-05	0.001122452	0.08995647	4.894932	92.55024	238.8258	323.4592	409.8268	505.9112	612.2197	727.8996	851.5628	981.5487	1116.099	1253.501	1392.2	1530.874	1668.467	1804.195
460.85	9.575569E-08	1.137316E-05	0.001122547	0.08997442	4.896767	92.56612	238.7399	323.3445	409.6938	505.7632	612.06	727.7318	851.3908	981.3764	1115.93	1253.338	1392.046	1530.731	1668.336	1804.077
461.5	9.575641E-08	1.137349E-05	0.001122641	0.08999225	4.898592	92.58182	238.6541	323.2298	409.5607	505.6152	611.9003	727.5639	851.2188	981.2042	1115.761	1253.176	1391.893	1530.588	1668.204	1803.958
462.15	9.575711E-08	1.137381E-05	0.001122735	0.09000997	4.900409	92.59735	238.5683	323.1151	409.4278	505.4673	611.7405	727.3961	851.0468	981.032	1115.592	1253.014	1391.739	1530.445	1668.073	1803.839
462.8	9.575781E-08	1.137413E-05	0.001122827	0.09002758	4.902216	92.61271	238.4825	323.0005	409.2948	505.3194	611.5809	727.2283	850.8749	980.8598	1115.423	1252.851	1391.586	1530.302	1667.942	1803.72
463.45	9.575849E-08	1.137445E-05	0.001122919	0.09004507	4.904015	92.62789	238.3968	322.886	409.162	505.1715	611.4213	727.0607	850.703	980.6877	1115.255	1252.689	1391.433	1530.16	1667.811	1803.601
464.1	9.575917E-08	1.137476E-05	0.00112301	0.09006245	4.905805	92.64291	238.3111	322.7714	409.0291	505.0237	611.2617	726.8929	850.5312	980.5156	1115.086	1252.527	1391.279	1530.017	1667.68	1803.482
464.75	9.575984E-08	1.137507E-05	0.0011231	0.09007972	4.907586	92.65775	238.2254	322.657	408.8963	504.8759	611.1022	726.7253	850.3594	980.3435	1114.917	1252.364	1391.126	1529.874	1667.549	1803.363
465.4	9.57605E-08	1.137537E-05	0.001123189	0.09009688	4.909358	92.67242	238.1397	322.5425	408.7636	504.7282	610.9427	726.5577	850.1876	980.1714	1114.748	1252.202	1390.973	1529.731	1667.418	1803.245
466.05	9.576114E-08	1.137568E-05	0.001123278	0.09011393	4.911121	92.68693	238.054	322.4281	408.6309	504.5806	610.7833	726.3902	850.0158	979.9994	1114.58	1252.04	1390.819	1529.589	1667.287	1803.126
466.7	9.576178E-08	1.137598E-05	0.001123366	0.09013087	4.912876	92.70127	237.9684	322.3138	408.4982	504.433	610.6239	726.2227	849.8441	979.8275	1114.411	1251.878	1390.666	1529.446	1667.156	1803.007
467.35	9.576242E-08	1.137627E-05	0.001123453	0.0901477	4.914621	92.71545	237.8828	322.1995	408.3656	504.2854	610.4645	726.0552	849.6724	979.6555	1114.243	1251.715	1390.513	1529.303	1667.025	1802.888
468	9.576304E-08	1.137656E-05	0.00112354	0.09016443	4.916358	92.72945	237.7973	322.0852	408.233	504.1378	610.3052	725.8878	849.5008	979.4836	1114.074	1251.553	1390.359	1529.161	1666.894	1802.769
468.65	9.576366E-08	1.137685E-05	0.001123626	0.09018105	4.918087	92.74329	237.7117	321.9709	408.1005	503.9903	610.146	725.7204	849.3292	979.3116	1113.905	1251.391	1390.206	1529.018	1666.763	1802.651
469.3	9.576426E-08	1.137714E-05	0.001123711	0.09019756	4.919807	92.75697	237.6262	321.8568	407.968	503.8429	609.9868	725.553	849.1577	979.1398	1113.737	1251.229	1390.053	1528.875	1666.632	1802.532
469.95	9.576486E-08	1.137742E-05	0.001123795	0.09021397	4.921519	92.77049	237.5407	321.7426	407.8355	503.6955	609.8276	725.3857	848.9861	978.968	1113.568	1251.067	1389.9	1528.733	1666.502	1802.413
470.6	9.576545E-08	1.13777E-05	0.001123879	0.09023027	4.923222	92.78385	237.4553	321.6285	407.7032	503.5481	609.6685	725.2184	848.8146	978.7962	1113.4	1250.905	1389.746	1528.59	1666.371	1802.294
471.25	9.576603E-08	1.137798E-05	0.001123961	0.09024646	4.924917	92.79704	237.3698	321.5145	407.5708	503.4008	609.5093	725.0512	848.6432	978.6245	1113.231	1250.743	1389.593	1528.448	1666.24	1802.176
471.9	9.576661E-08	1.137825E-05	0.001124044	0.09026255	4.926603	92.81008	237.2844	321.4004	407.4385	503.2535	609.3503	724.884	848.4717	978.4527	1113.063	1250.581	1389.44	1528.305	1666.109	1802.057
472.55	9.576718E-08	1.137853E-05	0.001124125	0.09027854	4.928281	92.82295	237.199	321.2864	407.3062	503.1063	609.1913	724.7169	848.3004	978.281	1112.895	1250.419	1389.287	1528.162	1665.978	1801.938
473.2	9.576774E-08	1.137879E-05	0.001124206	0.09029444	4.92995	92.83567	237.1137	321.1725	407.174	502.9591	609.0323	724.5497	848.129	978.1093	1112.726	1250.257	1389.134	1528.02	1665.847	1801.819
473.85	9.576829E-08	1.137906E-05	0.001124286	0.09031022	4.931612	92.84824	237.0284	321.0586	407.0418	502.812	608.8734	724.3826	847.9577	977.9377	1112.558	1250.095	1388.981	1527.877	1665.716	1801.701
474.5	9.576883E-08	1.137932E-05	0.001124366	0.09032591	4.933264	92.86063	236.9431	320.9448	406.9097	502.6649	608.7145	724.2156	847.7864	977.7661	1112.39	1249.933	1388.828	1527.735	1665.585	1801.582
475.15	9.576937E-08	1.137958E-05	0.001124445	0.09034149	4.934909	92.87289	236.8578	320.831	406.7776	502.5179	608.5557	724.0486	847.6152	977.5945	1112.221	1249.771	1388.674	1527.592	1665.454	1801.463
475.8	9.57699E-08	1.137984E-05	0.001124523	0.09035698	4.936546	92.88498	236.7726	320.7172	406.6456	502.3708	608.3969	723.8817	847.444	977.423	1112.053	1249.609	1388.521	1527.45	1665.324	1801.345
476.45	9.577042E-08	1.138009E-05	0.0011246	0.09037235	4.938174	92.89691	236.6873	320.6035	406.5135	502.2239	608.2382	723.7147	847.2728	977.2515	1111.885	1249.447	1388.368	1527.307	1665.193	1801.226
477.1	9.577094E-08	1.138034E-05	0.001124677	0.09038764	4.939795	92.9087	236.6021	320.4897	406.3816	502.077	608.0795	723.5479	847.1017	977.08	1111.717	1249.286	1388.215	1527.165	1665.062	1801.107
477.75	9.577144E-08	1.138059E-05	0.001124753	0.09040283	4.941407	92.92033	236.517	320.3761	406.2497	501.9301	607.9208	723.381	846.9306	976.9085	1111.548	1249.124	1388.062	1527.023	1664.931	1800.989
478.4	9.577195E-08	1.138084E-05	0.001124829	0.09041792	4.943011	92.93181	236.4319	320.2625	406.1178	501.7833	607.7621	723.2142	846.7595	976.7371	1111.38	1248.962	1387.909	1526.88	1664.801	1800.87
479.05	9.577244E-08	1.138108E-05	0.001124904	0.09043292	4.944608	92.94314	236.3468	320.149	405.986	501.6365	607.6036	723.0475	846.5885	976.5657	1111.212	1248.8	1387.756	1526.738	1664.67	1800.751
479.7	9.577293E-08	1.138132E-05	0.001124978	0.09044781	4.946196	92.95432	236.2617	320.0354	405.8542	501.4897	607.4451	722.8807	846.4175	976.3943	1111.044	1248.638	1387.603	1526.595	1664.539	1800.633
480.35	9.577341E-08	1.138156E-05	0.001125052	0.09046262	4.947777	92.96535	236.1766	319.9219	405.7225	501.343	607.2866	722.7141	846.2465	976.223	1110.876	1248.477	1387.45	1526.453	1664.408	1800.514
481	9.577388E-08	1.13818E-05	0.001125125	0.09047733	4.949349	92.97623	236.0916	319.8085	405.5908	501.1964	607.1281	722.5474	846.0756	976.0518	1110.708	1248.315	1387.297	1526.311	1664.277	1800.395
481.65	9.577435E-08	1.138203E-05	0.001125197	0.09049194	4.950914	92.98696	236.0066	319.6951	405.4591	501.0498	606.9697	722.3808	845.9047	975.8805	1110.54	1248.153	1387.145	1526.168	1664.147	1800.277
482.3	9.577481E-08	1.138226E-05	0.001125269	0.09050646	4.952471	92.99755	235.9217	319.5817	405.3275	500.9032	606.8113	722.2143	845.7339	975.7092	1110.372	1247.992	1386.992	1526.026	1664.016	1800.158
482.95	9.577526E-08	1.138249E-05	0.00112534	0.09052089	4.954021	93.008	235.8367	319.4684	405.196	500.7567	606.653	722.0477	845.5631	975.538	1110.204	1247.83	1386.839	1525.884	1663.885	1800.04
483.6	9.577572E-08	1.138272E-05	0.001125411	0.09053522	4.955562	93.01829	235.7518	319.3552	405.0644	500.6102	606.4947	721.8813	845.3923	975.3669	1110.036	1247.668	1386.686	1525.741	1663.755	1799.921
484.25	9.577616E-08	1.138294E-05	0.001125481	0.09054947	4.957096	93.02843	235.6669	319.2419	404.933	500.4638	606.3365	721.7148	845.2216	975.1957	1109.868	1247.507	1386.533	1525.599	1663.624	1799.802
484.9	9.577659E-08	1.138316E-05	0.001125551	0.09056362	4.958622	93.03844	235.5821	319.1287	404.8015	500.3174	606.1783	721.5484	845.0508	975.0247	1109.7	1247.345	1386.38	1525.457	1663.493	1799.684
485.55	9.577703E-08	1.138338E-05	0.00112562	0.09057768	4.960141	93.04831	235.4973	319.0156	404.6701	500.1711	606.0201	721.3821	844.8802	974.8536	1109.532	1247.184	1386.228	1525.314	1663.363	1799.565
486.2	9.577745E-08	1.138359E-05	0.001125688	0.09059165	4.961652	93.05803	235.4125	318.9025	404.5388	500.0247	605.862	721.2158	844.7095	974.6825	1109.364	1247.022	1386.075	1525.172	1663.232	1799.447
486.85	9.577787E-08	1.138381E-05	0.001125756	0.09060553	4.963155	93.06761	235.3277	318.7894	404.4075	499.8785	605.7039	721.0494	844.5389	974.5115	1109.197	1246.86	1385.922	1525.03	1663.101	1799.328
487.5	9.577828E-08	1.138402E-05	0.001125823	0.09061933	4.964651	93.07705	235.243	318.6764	404.2762	499.7323	605.5459	720.8832	844.3684	974.3405	1109.029	1246.699	1385.769	1524.888	1662.971	1799.21
488.15	9.577869E-08	1.138423E-05	0.001125889	0.09063303	4.96614	93.08635	235.1583	318.5634	404.145	499.5861	605.3879	720.717	844.1979	974.1696	1108.861	1246.538	1385.617	1524.745	1662.84	1799.091
488.8	9.577909E-08	1.138444E-05	0.001125955	0.09064664	4.967621	93.09551	235.0736	318.4504	404.0139	499.44	605.23	720.5508	844.0274	973.9987	1108.693	1246.376	1385.464	1524.603	1662.709	1798.973
489.45	9.577949E-08	1.138464E-05	0.001126021	0.09066017	4.969095	93.10453	234.989	318.3375	403.8827	499.2939	605.0721	720.3847	843.8569	973.8278	1108.526	1246.215	1385.311	1524.461	1662.579	1798.854
490.1	9.577988E-08	1.138484E-05	0.001126086	0.09067361	4.970561	93.11342	234.9043	318.2247	403.7516	499.1479	604.9142	720.2186	843.6865	973.6569	1108.358	1246.053	1385.159	1524.319	1662.448	1798.736
490.75	9.578027E-08	1.138504E-05	0.00112615	0.09068697	4.97202	93.12216	234.8198	318.1118	403.6206	499.0019	604.7564	720.0526	843.5161	973.4861	1108.19	1245.892	1385.006	1524.177	1662.318	1798.617
491.4	9.578065E-08	1.138524E-05	0.001126214	0.09070024	4.973472	93.13078	234.7352	317.9991	403.4896	498.8559	604.5986	719.8866	843.3458	973.3153	1108.023	1245.731	1384.853	1524.035	1662.187	1798.499
492.05	9.578103E-08	1.138544E-05	0.001126277	0.09071342	4.974916	93.13925	234.6507	317.8863	403.3586	498.71	604.4409	719.7206	843.1755	973.1445	1107.855	1245.569	1384.701	1523.892	1662.057	1798.38
492.7	9.57814E-08	1.138563E-05	0.00112634	0.09072652	4.976354	93.14759	234.5662	317.7736	403.2278	498.5641	604.2832	719.5547	843.0052	972.9738	1107.687	1245.408	1384.548	1523.75	1661.926	1798.262
493.35	9.578176E-08	1.138583E-05	0.001126403	0.09073953	4.977784	93.1558	234.4817	317.6609	403.0969	498.4183	604.1255	719.3888	842.835	972.8031	1107.52	1245.247	1384.396	1523.608	1661.796	1798.143
494	9.578212E-08	1.138602E-05	0.001126464	0.09075247	4.979207	93.16387	234.3973	317.5483	402.9661	498.2726	603.968	719.223	842.6647	972.6324	1107.352	1245.085	1384.243	1523.466	1661.665	1798.025
494.65	9.578248E-08	1.13862E-05	0.001126526	0.09076532	4.980622	93.17181	234.3129	317.4358	402.8353	498.1268	603.8104	719.0571	842.4946	972.4618	1107.185	1244.924	1384.09	1523.324	1661.535	1797.906
495.3	9.578282E-08	1.138639E-05	0.001126586	0.09077808	4.982031	93.17962	234.2285	317.3232	402.7046	497.9811	603.6529	718.8914	842.3245	972.2912	1107.017	1244.763	1383.938	1523.182	1661.404	1797.788
495.95	9.578317E-08	1.138657E-05	0.001126646	0.09079077	4.983433	93.18729	234.1441	317.2107	402.5739	497.8355	603.4954	718.7256	842.1544	972.1206	1106.85	1244.602	1383.785	1523.04	1661.274	1797.67
496.6	9.578351E-08	1.138675E-05	0.001126706	0.09080337	4.984828	93.19485	234.0598	317.0983	402.4432	497.6899	603.338	718.5599	841.9843	971.9501	1106.682	1244.44	1383.633	1522.898	1661.143	1797.551
497.25	9.578385E-08	1.138693E-05	0.001126765	0.09081589	4.986215	93.20226	233.9755	316.9859	402.3126	497.5443	603.1806	718.3943	841.8143	971.7795	1106.515	1244.279	1383.48	1522.756	1661.013	1797.433
497.9	9.578418E-08	1.138711E-05	0.001126824	0.09082834	4.987596	93.20955	233.8913	316.8735	402.182	497.3988	603.0233	718.2287	841.6443	971.6091	1106.348	1244.118	1383.328	1522.614	1660.882	1797.314
498.55	9.578451E-08	1.138729E-05	0.001126882	0.0908407	4.98897	93.21671	233.807	316.7612	402.0515	497.2534	602.8659	718.0631	841.4743	971.4387	1106.18	1243.957	1383.176	1522.472	1660.752	1797.196
499.2	9.578483E-08	1.138746E-05	0.00112694	0.09085298	4.990337	93.22374	233.7228	316.6489	401.9211	497.1079	602.7087	717.8976	841.3044	971.2682	1106.013	1243.796	1383.023	1522.33	1660.621	1797.078
499.85	9.578515E-08	1.138763E-05	0.001126997	0.09086519	4.991697	93.23064	233.6386	316.5366	401.7906	496.9626	602.5515	717.7321	841.1345	971.0978	1105.846	1243.635	1382.871	1522.188	1660.491	1796.959
500.5	9.578547E-08	1.13878E-05	0.001127054	0.09087731	4.99305	93.23743	233.5545	316.4244	401.6602	496.8172	602.3942	717.5667	840.9647	970.9275	1105.679	1243.474	1382.718	1522.046	1660.36	1796.841
501.15	9.578577E-08	1.138797E-05	0.00112711	0.09088936	4.994397	93.24408	233.4704	316.3123	401.5299	496.6719	602.2371	717.4012	840.7949	970.7571	1105.511	1243.313	1382.566	1521.904	1660.23	1796.723
501.8	9.578608E-08	1.138814E-05	0.001127166	0.09090133	4.995737	93.25061	233.3863	316.2001	401.3996	496.5267	602.08	717.2358	840.6251	970.5869	1105.344	1243.152	1382.414	1521.762	1660.1	1796.604
502.45	9.578638E-08	1.138831E-05	0.001127221	0.09091322	4.997069	93.25701	233.3023	316.088	401.2693	496.3815	601.923	717.0705	840.4553	970.4166	1105.177	1242.991	1382.261	1521.62	1659.969	1796.486
503.1	9.578668E-08	1.138847E-05	0.001127276	0.09092504	4.998396	93.26329	233.2182	315.976	401.1391	496.2363	601.7659	716.9052	840.2856	970.2463	1105.01	1242.83	1382.109	1521.478	1659.839	1796.368
503.75	9.578697E-08	1.138863E-05	0.001127331	0.09093678	4.999715	93.26945	233.1342	315.864	401.0089	496.0912	601.6089	716.74	840.116	970.0762	1104.843	1242.669	1381.957	1521.337	1659.709	1796.249
504.4	9.578726E-08	1.138879E-05	0.001127385	0.09094845	5.001029	93.27548	233.0503	315.752	400.8788	495.9461	601.452	716.5748	839.9463	969.906	1104.676	1242.508	1381.804	1521.195	1659.578	1796.131
505.05	9.578755E-08	1.138895E-05	0.001127438	0.09096004	5.002335	93.2814	232.9664	315.6401	400.7487	495.8011	601.2952	716.4095	839.7767	969.7358	1104.509	1242.347	1381.652	1521.053	1659.448	1796.013
505.7	9.578783E-08	1.13891E-05	0.001127491	0.09097155	5.003634	93.28719	232.8824	315.5282	400.6187	495.6561	601.1383	716.2444	839.6071	969.5657	1104.342	1242.186	1381.5	1520.911	1659.318	1795.894
506.35	9.57881E-08	1.138926E-05	0.001127544	0.090983	5.004928	93.29286	232.7986	315.4164	400.4887	495.5112	600.9815	716.0793	839.4376	969.3956	1104.174	1242.025	1381.348	1520.769	1659.187	1795.776
507	9.578838E-08	1.138941E-05	0.001127596	0.09099437	5.006215	93.29842	232.7147	315.3046	400.3588	495.3662	600.8248	715.9143	839.2681	969.2256	1104.008	1241.865	1381.195	1520.627	1659.057	1795.658
507.65	9.578865E-08	1.138956E-05	0.001127648	0.09100566	5.007495	93.30385	232.6309	315.1928	400.2289	495.2214	600.668	715.7493	839.0987	969.0556	1103.841	1241.704	1381.043	1520.486	1658.927	1795.54
508.3	9.578891E-08	1.138971E-05	0.001127699	0.09101688	5.008769	93.30917	232.5471	315.0811	400.099	495.0766	600.5114	715.5843	838.9293	968.8856	1103.674	1241.543	1380.891	1520.344	1658.797	1795.421
508.95	9.578918E-08	1.138986E-05	0.00112775	0.09102803	5.010036	93.31436	232.4634	314.9695	399.9691	494.9318	600.3547	715.4193	838.7598	968.7156	1103.507	1241.382	1380.739	1520.202	1658.666	1795.303
509.6	9.578944E-08	1.139001E-05	0.0011278	0.09103911	5.011298	93.31944	232.3797	314.8578	399.8394	494.7871	600.1981	715.2545	838.5905	968.5457	1103.34	1241.221	1380.587	1520.06	1658.536	1795.185
510.25	9.578969E-08	1.139015E-05	0.00112785	0.09105012	5.012552	93.32441	232.296	314.7462	399.7096	494.6424	600.0416	715.0895	838.4212	968.3759	1103.173	1241.061	1380.435	1519.919	1658.406	1795.067
510.9	9.578994E-08	1.13903E-05	0.0011279	0.09106106	5.013801	93.32926	232.2123	314.6346	399.5799	494.4978	599.8851	714.9247	838.2519	968.206	1103.006	1240.9	1380.283	1519.777	1658.276	1794.948
511.55	9.579019E-08	1.139044E-05	0.001127949	0.09107193	5.015043	93.33399	232.1287	314.5231	399.4503	494.3531	599.7286	714.7599	838.0826	968.0361	1102.839	1240.739	1380.13	1519.635	1658.145	1794.83
512.2	9.579043E-08	1.139058E-05	0.001127998	0.09108272	5.016279	93.33862	232.0451	314.4117	399.3207	494.2086	599.5722	714.5952	837.9135	967.8663	1102.672	1240.579	1379.979	1519.493	1658.015	1794.712
512.85	9.579067E-08	1.139072E-05	0.001128046	0.09109345	5.017509	93.34312	231.9615	314.3002	399.1911	494.0641	599.4158	714.4305	837.7443	967.6966	1102.506	1240.418	1379.826	1519.352	1657.885	1794.594
513.5	9.579092E-08	1.139085E-05	0.001128094	0.09110411	5.018732	93.34751	231.878	314.1888	399.0616	493.9196	599.2595	714.2658	837.5751	967.5269	1102.339	1240.257	1379.674	1519.21	1657.755	1794.476
514.15	9.579115E-08	1.139099E-05	0.001128141	0.0911147	5.019949	93.35179	231.7945	314.0775	398.9321	493.7752	599.1031	714.1012	837.406	967.3572	1102.172	1240.097	1379.522	1519.068	1657.625	1794.357
514.8	9.579139E-08	1.139112E-05	0.001128189	0.09112522	5.021161	93.35596	231.711	313.9662	398.8027	493.6308	598.9469	713.9366	837.2369	967.1875	1102.006	1239.936	1379.37	1518.927	1657.494	1794.239
515.45	9.579161E-08	1.139126E-05	0.001128235	0.09113567	5.022366	93.36001	231.6276	313.8549	398.6733	493.4865	598.7907	713.7721	837.0679	967.0178	1101.839	1239.776	1379.218	1518.785	1657.364	1794.121
516.1	9.579184E-08	1.139139E-05	0.001128282	0.09114606	5.023564	93.36395	231.5442	313.7437	398.5439	493.3422	598.6345	713.6075	836.8989	966.8482	1101.672	1239.615	1379.067	1518.644	1657.234	1794.003
516.75	9.579206E-08	1.139152E-05	0.001128328	0.09115638	5.024757	93.36779	231.4608	313.6325	398.4146	493.1979	598.4784	713.4431	836.73	966.6786	1101.506	1239.455	1378.915	1518.502	1657.104	1793.885
517.4	9.579228E-08	1.139164E-05	0.001128373	0.09116663	5.025944	93.37151	231.3775	313.5213	398.2854	493.0537	598.3223	713.2786	836.561	966.5091	1101.339	1239.294	1378.763	1518.36	1656.974	1793.767
518.05	9.579249E-08	1.139177E-05	0.001128418	0.09117682	5.027125	93.37513	231.2941	313.4102	398.1561	492.9096	598.1663	713.1143	836.3922	966.3396	1101.173	1239.134	1378.611	1518.219	1656.844	1793.649
518.7	9.579271E-08	1.13919E-05	0.001128463	0.09118694	5.0283	93.37864	231.2108	313.2992	398.027	492.7654	598.0103	712.9499	836.2233	966.1701	1101.006	1238.973	1378.459	1518.077	1656.714	1793.53
519.35	9.579292E-08	1.139202E-05	0.001128508	0.091197	5.029469	93.38204	231.1276	313.1881	397.8978	492.6214	597.8543	712.7856	836.0545	966.0006	1100.84	1238.813	1378.307	1517.936	1656.583	1793.412
520	9.579313E-08	1.139215E-05	0.001128552	0.09120699	5.030632	93.38533	231.0444	313.0771	397.7687	492.4774	597.6984	712.6213	835.8857	965.8312	1100.673	1238.653	1378.155	1517.794	1656.453	1793.294
520.65	9.579333E-08	1.139227E-05	0.001128595	0.09121691	5.031789	93.38852	230.9612	312.9662	397.6397	492.3333	597.5425	712.4571	835.7169	965.6618	1100.507	1238.492	1378.003	1517.653	1656.323	1793.176
521.3	9.579353E-08	1.139239E-05	0.001128639	0.09122678	5.03294	93.3916	230.878	312.8553	397.5107	492.1894	597.3867	712.2929	835.5482	965.4924	1100.34	1238.332	1377.851	1517.511	1656.193	1793.058
521.95	9.579373E-08	1.139251E-05	0.001128682	0.09123658	5.034086	93.39457	230.7949	312.7444	397.3817	492.0455	597.2309	712.1287	835.3795	965.3231	1100.174	1238.172	1377.7	1517.37	1656.063	1792.94
522.6	9.579393E-08	1.139262E-05	0.001128724	0.09124632	5.035226	93.39745	230.7118	312.6336	397.2528	491.9016	597.0751	711.9646	835.2109	965.1538	1100.008	1238.011	1377.548	1517.228	1655.933	1792.822
523.25	9.579412E-08	1.139274E-05	0.001128766	0.09125599	5.03636	93.40021	230.6287	312.5228	397.1239	491.7578	596.9194	711.8005	835.0423	964.9846	1099.841	1237.851	1377.396	1517.087	1655.803	1792.704
523.9	9.579431E-08	1.139286E-05	0.001128808	0.0912656	5.037488	93.40287	230.5457	312.412	396.9951	491.614	596.7637	711.6365	834.8737	964.8153	1099.675	1237.691	1377.244	1516.946	1655.673	1792.586
524.55	9.57945E-08	1.139297E-05	0.00112885	0.09127516	5.03861	93.40543	230.4626	312.3014	396.8663	491.4703	596.6081	711.4725	834.7052	964.6461	1099.509	1237.53	1377.093	1516.804	1655.543	1792.468
525.2	9.579468E-08	1.139308E-05	0.001128891	0.09128464	5.039727	93.40788	230.3797	312.1907	396.7375	491.3266	596.4525	711.3085	834.5367	964.4769	1099.343	1237.37	1376.941	1516.663	1655.413	1792.35
525.85	9.579487E-08	1.139319E-05	0.001128932	0.09129407	5.040838	93.41024	230.2967	312.08	396.6088	491.183	596.297	711.1446	834.3682	964.3077	1099.176	1237.21	1376.789	1516.521	1655.283	1792.232
526.5	9.579505E-08	1.139331E-05	0.001128972	0.09130344	5.041944	93.41249	230.2138	311.9695	396.4802	491.0394	596.1415	710.9807	834.1998	964.1387	1099.01	1237.05	1376.638	1516.38	1655.153	1792.114
527.15	9.579523E-08	1.139341E-05	0.001129012	0.09131274	5.043043	93.41464	230.1309	311.8589	396.3516	490.8958	595.986	710.8168	834.0314	963.9695	1098.844	1236.89	1376.486	1516.239	1655.023	1791.996
527.8	9.57954E-08	1.139352E-05	0.001129052	0.09132199	5.044137	93.41669	230.0481	311.7484	396.223	490.7523	595.8306	710.6531	833.863	963.8005	1098.678	1236.729	1376.334	1516.097	1654.893	1791.878
528.45	9.579558E-08	1.139363E-05	0.001129092	0.09133118	5.045226	93.41864	229.9652	311.638	396.0945	490.6088	595.6752	710.4893	833.6947	963.6315	1098.512	1236.569	1376.183	1515.956	1654.764	1791.76
529.1	9.579575E-08	1.139373E-05	0.001129131	0.0913403	5.046309	93.42049	229.8824	311.5275	395.9659	490.4654	595.5199	710.3256	833.5264	963.4625	1098.345	1236.409	1376.031	1515.815	1654.634	1791.642
529.75	9.579591E-08	1.139384E-05	0.001129169	0.09134937	5.047387	93.42225	229.7997	311.4171	395.8375	490.322	595.3646	710.1619	833.3582	963.2935	1098.179	1236.249	1375.88	1515.673	1654.504	1791.524
530.4	9.579608E-08	1.139394E-05	0.001129208	0.09135838	5.048459	93.4239	229.717	311.3068	395.7091	490.1787	595.2094	709.9982	833.1899	963.1246	1098.013	1236.089	1375.728	1515.532	1654.374	1791.406
531.05	9.579625E-08	1.139405E-05	0.001129246	0.09136733	5.049526	93.42546	229.6343	311.1965	395.5807	490.0354	595.0541	709.8346	833.0217	962.9557	1097.847	1235.929	1375.576	1515.391	1654.244	1791.288
531.7	9.57964E-08	1.139415E-05	0.001129284	0.09137623	5.050587	93.42692	229.5516	311.0862	395.4524	489.8921	594.899	709.671	832.8536	962.7868	1097.681	1235.769	1375.425	1515.249	1654.114	1791.17
532.35	9.579657E-08	1.139425E-05	0.001129321	0.09138507	5.051643	93.42828	229.469	310.976	395.3241	489.7489	594.7438	709.5075	832.6855	962.618	1097.515	1235.609	1375.273	1515.108	1653.984	1791.052
533	9.579672E-08	1.139435E-05	0.001129359	0.09139384	5.052694	93.42955	229.3864	310.8658	395.1959	489.6057	594.5887	709.344	832.5174	962.4492	1097.349	1235.449	1375.122	1514.967	1653.854	1790.934
533.65	9.579688E-08	1.139444E-05	0.001129395	0.09140257	5.053739	93.43072	229.3038	310.7557	395.0677	489.4626	594.4337	709.1805	832.3494	962.2804	1097.184	1235.289	1374.97	1514.826	1653.724	1790.816
534.3	9.579703E-08	1.139454E-05	0.001129432	0.09141123	5.054779	93.43179	229.2212	310.6456	394.9395	489.3195	594.2787	709.0171	832.1813	962.1116	1097.018	1235.13	1374.819	1514.684	1653.595	1790.698
534.95	9.579718E-08	1.139464E-05	0.001129468	0.09141985	5.055813	93.43278	229.1387	310.5356	394.8114	489.1765	594.1237	708.8538	832.0134	961.9429	1096.852	1234.97	1374.667	1514.543	1653.465	1790.58
535.6	9.579733E-08	1.139473E-05	0.001129504	0.0914284	5.056842	93.43367	229.0563	310.4255	394.6834	489.0335	593.9688	708.6904	831.8454	961.7742	1096.686	1234.81	1374.516	1514.402	1653.335	1790.462
536.25	9.579747E-08	1.139482E-05	0.00112954	0.0914369	5.057867	93.43446	228.9738	310.3155	394.5554	488.8905	593.814	708.5271	831.6775	961.6056	1096.52	1234.65	1374.365	1514.261	1653.205	1790.344
536.9	9.579762E-08	1.139492E-05	0.001129575	0.09144535	5.058885	93.43517	228.8914	310.2056	394.4274	488.7476	593.6591	708.3638	831.5096	961.437	1096.354	1234.49	1374.213	1514.12	1653.076	1790.227
537.55	9.579776E-08	1.139501E-05	0.00112961	0.09145374	5.059899	93.43578	228.809	310.0957	394.2994	488.6047	593.5043	708.2006	831.3418	961.2684	1096.189	1234.33	1374.062	1513.979	1652.946	1790.109
538.2	9.57979E-08	1.13951E-05	0.001129645	0.09146208	5.060907	93.43629	228.7267	309.9858	394.1715	488.4619	593.3495	708.0374	831.174	961.0999	1096.023	1234.17	1373.911	1513.838	1652.816	1789.991
538.85	9.579804E-08	1.139519E-05	0.001129679	0.09147035	5.061911	93.43672	228.6443	309.876	394.0437	488.3191	593.1949	707.8743	831.0062	960.9313	1095.857	1234.011	1373.759	1513.696	1652.686	1789.873
539.5	9.579818E-08	1.139528E-05	0.001129714	0.09147859	5.062909	93.43706	228.562	309.7662	393.9159	488.1764	593.0402	707.7112	830.8385	960.7628	1095.692	1233.851	1373.608	1513.555	1652.557	1789.755
540.15	9.579831E-08	1.139537E-05	0.001129747	0.09148676	5.063902	93.4373	228.4798	309.6565	393.7881	488.0337	592.8856	707.5481	830.6708	960.5943	1095.526	1233.691	1373.457	1513.414	1652.427	1789.637
540.8	9.579844E-08	1.139545E-05	0.001129781	0.09149489	5.06489	93.43745	228.3976	309.5468	393.6604	487.891	592.731	707.3851	830.5032	960.4259	1095.36	1233.531	1373.305	1513.273	1652.297	1789.52
541.45	9.579858E-08	1.139554E-05	0.001129814	0.09150296	5.065873	93.43752	228.3154	309.4371	393.5327	487.7484	592.5764	707.2221	830.3355	960.2575	1095.195	1233.372	1373.154	1513.132	1652.167	1789.402
542.1	9.57987E-08	1.139562E-05	0.001129847	0.09151097	5.066851	93.4375	228.2332	309.3275	393.4051	487.6058	592.4219	707.0591	830.168	960.0891	1095.029	1233.212	1373.003	1512.991	1652.038	1789.284
542.75	9.579883E-08	1.139571E-05	0.00112988	0.09151894	5.067823	93.43739	228.151	309.2179	393.2775	487.4633	592.2675	706.8962	830.0004	959.9208	1094.864	1233.053	1372.852	1512.85	1651.908	1789.166
543.4	9.579895E-08	1.139579E-05	0.001129913	0.09152686	5.068791	93.43719	228.0689	309.1084	393.1499	487.3208	592.113	706.7333	829.8329	959.7524	1094.698	1232.893	1372.7	1512.709	1651.778	1789.048
544.05	9.579908E-08	1.139587E-05	0.001129945	0.09153472	5.069755	93.4369	227.9869	308.9989	393.0224	487.1784	591.9587	706.5705	829.6654	959.5842	1094.533	1232.733	1372.549	1512.568	1651.649	1788.931
544.7	9.57992E-08	1.139595E-05	0.001129977	0.09154253	5.070713	93.43652	227.9048	308.8894	392.8949	487.036	591.8043	706.4077	829.4979	959.4159	1094.367	1232.574	1372.398	1512.427	1651.519	1788.813
545.35	9.579932E-08	1.139603E-05	0.001130008	0.0915503	5.071665	93.43607	227.8228	308.78	392.7675	486.8936	591.65	706.2449	829.3305	959.2477	1094.202	1232.414	1372.247	1512.286	1651.389	1788.695
546	9.579944E-08	1.139611E-05	0.00113004	0.09155801	5.072614	93.43552	227.7408	308.6706	392.6401	486.7513	591.4958	706.0822	829.1631	959.0795	1094.036	1232.255	1372.096	1512.145	1651.26	1788.577
546.65	9.579956E-08	1.139619E-05	0.001130071	0.09156568	5.073557	93.43489	227.6589	308.5612	392.5128	486.609	591.3416	705.9196	828.9958	958.9113	1093.871	1232.095	1371.945	1512.004	1651.13	1788.459
547.3	9.579967E-08	1.139627E-05	0.001130102	0.09157329	5.074496	93.43417	227.577	308.452	392.3855	486.4668	591.1874	705.7569	828.8285	958.7432	1093.706	1231.936	1371.794	1511.863	1651	1788.342
547.95	9.579978E-08	1.139635E-05	0.001130132	0.09158085	5.075429	93.43337	227.4951	308.3427	392.2582	486.3246	591.0333	705.5943	828.6613	958.5751	1093.54	1231.776	1371.642	1511.722	1650.871	1788.224
548.6	9.57999E-08	1.139642E-05	0.001130163	0.09158836	5.076358	93.43249	227.4132	308.2335	392.131	486.1825	590.8792	705.4318	828.494	958.407	1093.375	1231.617	1371.491	1511.582	1650.741	1788.106
549.25	9.58E-08	1.13965E-05	0.001130193	0.09159584	5.077282	93.43152	227.3314	308.1243	392.0038	486.0404	590.7252	705.2692	828.3268	958.239	1093.21	1231.458	1371.34	1511.441	1650.612	1787.989
549.9	9.580012E-08	1.139657E-05	0.001130223	0.09160325	5.078202	93.43047	227.2496	308.0151	391.8767	485.8983	590.5711	705.1068	828.1596	958.071	1093.044	1231.298	1371.189	1511.3	1650.482	1787.871
550.55	2.641867E-07	1.670226E-05	0.001130252	0.06799222	2.947583	44.01444	89.39874	103.5358	114.6522	125.6403	136.6984	147.6896	158.4196	168.6994	178.3685	187.307	195.4389	202.7302	209.1835	214.83
551.2	8.792624E-07	1.854877E-05	0.001130281	0.06494346	2.701614	38.79582	75.96768	85.07903	91.38987	97.45612	103.508	109.4965	115.3246	120.8946	126.1232	130.9486	135.3324	139.2584	142.7297	145.7645
551.85	3.062077E-06	2.187196E-05	0.00113031	0.06327357	2.576803	36.22824	69.46516	76.22926	80.30643	84.08681	87.81425	91.48013	95.03265	98.41635	101.5838	104.5001	107.1442	109.5083	111.5956	113.4183
552.5	7.248583E-06	2.695923E-05	0.001130339	0.06223488	2.508051	34.88822	66.17089	71.82758	74.86147	77.57594	80.21997	82.8036	85.29595	87.66122	89.86861	91.89577	93.72974	95.36642	96.80929	98.06764
553.15	1.319893E-05	3.350219E-05	0.001130368	0.06148749	2.465312	34.11748	64.36362	69.48683	72.02838	74.24157	76.3766	78.45203	80.4467	82.33403	84.09097	85.70103	87.15501	88.45058	89.59126	90.58498
553.8	2.04209E-05	4.104717E-05	0.001130396	0.06087593	2.434696	33.61141	63.24681	68.10233	70.40659	72.37983	74.27174	76.10466	77.86204	79.5216	81.06397	82.47543	83.74852	84.88176	85.87866	86.7465
554.45	2.845117E-05	4.920555E-05	0.001130424	0.06032892	2.409779	33.22906	62.45185	67.16285	69.34791	71.20222	72.9741	74.68755	76.32816	77.87579	79.3128	80.6268	81.8112	82.86488	83.79134	84.59753
555.1	3.6947E-05	5.770318E-05	0.001130452	0.05981372	2.387587	32.9052	61.80815	66.43179	68.55238	70.34383	72.0527	73.70367	75.28337	76.77271	78.15494	79.41834	80.55674	81.5692	82.45919	83.23349
555.75	4.568368E-05	6.636536E-05	0.00113048	0.05931531	2.366744	32.60962	61.23674	65.79964	67.88118	69.63577	71.30809	72.923	74.46769	75.92361	77.27454	78.50907	79.62127	80.61029	81.47957	82.23577
556.4	5.452414E-05	7.508748E-05	0.001130507	0.05882677	2.346614	32.32835	60.70105	65.2157	67.27002	68.99986	70.64793	72.23907	73.76079	75.19488	76.52539	77.74117	78.83636	79.81021	80.6661	81.41061
557.05	6.338864E-05	8.380954E-05	0.001130534	0.05834492	2.3269	32.05489	60.18414	64.6565	66.68915	68.39989	70.02947	71.6026	73.10697	74.52463	75.83983	77.04155	78.12406	79.08659	79.9325	80.66833
557.7	7.223241E-05	9.249823E-05	0.001130561	0.05786827	2.307466	31.78624	59.67817	64.11115	66.12477	67.81911	69.43291	70.99075	72.48043	73.88421	75.18651	76.37641	77.44827	78.40129	79.23885	79.9674
558.35	8.103102E-05	0.0001011355	0.001130588	0.05739613	2.288246	31.521	59.17947	63.57458	65.57048	67.24972	68.84908	70.39291	71.86921	73.26035	74.5509	75.73006	76.79223	77.73663	78.56662	79.28857
559	8.977149E-05	0.0001097121	0.001130614	0.05692818	2.269212	31.2585	58.68634	63.04445	65.02329	66.6881	68.27367	69.8042	71.26775	72.64686	73.92625	75.09522	76.14819	77.08443	77.90723	78.62292
559.65	9.844716E-05	0.000118223	0.001130641	0.05646422	2.250346	30.99844	58.19796	62.51964	64.48181	66.13255	67.70472	69.22229	70.67345	72.04089	73.30944	74.4685	75.51255	76.44084	77.25666	77.96629
560.3	0.0001070548	0.0001266662	0.001130667	0.05600418	2.231643	30.74066	57.71395	61.99961	63.94537	65.58228	67.14127	68.64611	70.08509	71.44106	72.69897	73.8483	74.88358	75.80409	76.61306	77.31673
560.95	0.000115593	0.0001350407	0.001130693	0.05554798	2.213098	30.48508	57.2341	61.4841	63.41363	65.03688	66.58285	68.07513	69.50209	70.84673	72.09413	73.23387	74.26051	75.17332	75.97553	76.67332
561.6	0.0001240613	0.0001433464	0.001130718	0.05509559	2.194708	30.23164	56.75831	60.97296	62.88643	64.49615	66.02924	67.50908	68.92415	70.25758	71.49459	72.62482	73.6429	74.54811	75.34364	76.03561
562.25	0.0001324597	0.0001515834	0.001130744	0.05464696	2.176471	29.98032	56.2865	60.46611	62.36366	63.95998	65.48031	66.94782	68.35111	69.67344	70.90015	72.02097	73.03057	73.92824	74.71714	75.40336
562.9	0.0001407886	0.0001597522	0.001130769	0.05420207	2.158386	29.7311	55.81863	59.9635	61.84526	63.4283	64.93597	66.39128	67.78289	69.09421	70.31071	71.4222	72.4234	73.3136	74.09593	74.77644
563.55	0.0001490484	0.0001678531	0.001130794	0.05376087	2.140452	29.48395	55.35465	59.46508	61.33118	62.90105	64.39618	65.83938	67.21941	68.51981	69.72619	70.82844	71.8213	72.70409	73.47991	74.15475
564.2	0.0001572395	0.0001758867	0.001130818	0.05332335	2.122667	29.23886	54.89453	58.97079	60.82138	62.37819	63.86088	65.29207	66.66062	67.95021	69.14655	70.23962	71.22422	72.09967	72.86903	73.53826
564.85	0.0001653626	0.0001838536	0.001130843	0.05288946	2.10503	28.9958	54.43824	58.48063	60.31582	61.85968	63.33004	64.74932	66.10648	67.38534	68.57172	69.6557	70.63212	71.50027	72.26324	72.9269
565.5	0.0001734182	0.0001917542	0.001130867	0.05245918	2.087539	28.75477	53.98574	57.99453	59.81447	61.34549	62.8036	64.21108	65.55695	66.82517	68.00169	69.07664	70.04494	70.90588	71.66249	72.32063
566.15	0.0001814068	0.0001995892	0.001130891	0.05203247	2.070194	28.51574	53.537	57.51248	59.31728	60.83556	62.28155	63.67731	65.01199	66.26966	67.43639	68.5024	69.46264	70.31641	71.06673	71.7194
566.8	0.0001893289	0.0002073589	0.001130915	0.05160931	2.052994	28.2787	53.092	57.03443	58.82423	60.32988	61.76384	63.14799	64.47156	65.71877	66.87579	67.93294	68.88518	69.73185	70.47594	71.12317
567.45	0.0001971852	0.0002150641	0.001130939	0.05118968	2.035935	28.04362	52.65069	56.56036	58.33527	59.8284	61.25043	62.62307	63.93562	65.17245	66.31985	67.3682	68.31252	69.15215	69.89005	70.53189
568.1	0.0002049762	0.0002227052	0.001130962	0.05077353	2.019019	27.81051	52.21305	56.09023	57.85038	59.33108	60.74128	62.1025	63.40414	64.63068	65.76853	66.80817	67.74463	68.57727	69.30902	69.94553
568.75	0.0002127024	0.0002302828	0.001130986	0.05036084	2.002244	27.57933	51.77905	55.624	57.36951	58.83791	60.23637	61.58627	62.87708	64.09341	65.22179	66.25278	67.18146	68.00717	68.73283	69.36404
569.4	0.0002203643	0.0002377974	0.001131009	0.04995158	1.985608	27.35007	51.34865	55.16166	56.89265	58.34882	59.73566	61.07433	62.3544	63.56062	64.67961	65.70201	66.62296	67.44181	68.16144	68.7874
570.05	0.0002279625	0.0002452495	0.001131032	0.04954572	1.96911	27.12272	50.92184	54.70315	56.41975	57.86381	59.23911	60.56664	61.83606	63.03224	64.14193	65.15583	66.06911	66.88115	67.59479	68.21554
570.7	0.0002354976	0.0002526396	0.001131054	0.04914324	1.95275	26.89725	50.49857	54.24846	55.95078	57.38283	58.74669	60.06317	61.32203	62.50826	63.60872	64.61418	65.51987	66.32515	67.03285	67.64844
571.35	0.00024297	0.0002599683	0.001131077	0.0487441	1.936525	26.67367	50.07882	53.79754	55.48571	56.90585	58.25836	59.56389	60.81228	61.98864	63.07994	64.07704	64.97519	65.77377	66.47559	67.08605
572	0.0002503802	0.000267236	0.001131099	0.04834829	1.920435	26.45194	49.66256	53.35037	55.0245	56.43283	57.77409	59.06876	60.30676	61.47334	62.55556	63.54436	64.43504	65.22697	65.92296	66.52834
572.65	0.0002577289	0.0002744433	0.001131121	0.04795576	1.90448	26.23205	49.24976	52.90693	54.56713	55.96374	57.29384	58.57774	59.80545	60.96232	62.03553	63.01611	63.89938	64.68473	65.37492	65.97527
573.3	0.0002650164	0.0002815907	0.001131143	0.0475665	1.888656	26.01399	48.84039	52.46716	54.11356	55.49855	56.81759	58.09081	59.3083	60.45555	61.51983	62.49225	63.36818	64.14699	64.83144	65.42679
573.95	0.0002722433	0.0002886786	0.001131165	0.04718047	1.872965	25.79775	48.43442	52.03105	53.66376	55.03723	56.3453	57.60793	58.81529	59.95299	61.00842	61.97275	62.84139	63.61372	64.29247	64.88287
574.6	0.0002794102	0.0002957076	0.001131187	0.04679765	1.857403	25.5833	48.03183	51.59857	53.2177	54.57975	55.87693	57.12906	58.32637	59.45461	60.50126	61.45757	62.31898	63.08488	63.75799	64.34348
575.25	0.0002865174	0.0003026782	0.001131208	0.04641801	1.841971	25.37063	47.63258	51.16968	52.77535	54.12606	55.41246	56.65416	57.84152	58.96037	59.99831	60.94667	61.80091	62.56044	63.22795	63.80857
575.9	0.0002935655	0.0003095908	0.001131229	0.04604153	1.826668	25.15974	47.23665	50.74435	52.33667	53.67615	54.95184	56.18322	57.3607	58.47024	59.49955	60.44001	61.28715	62.04037	62.70232	63.27811
576.55	0.0003005551	0.0003164459	0.00113125	0.04566818	1.811491	24.95059	46.84401	50.32257	51.90164	53.22998	54.49506	55.71619	56.88388	57.98418	59.00493	59.93757	60.77766	61.52461	62.18106	62.75206
577.2	0.0003074865	0.000323244	0.001131271	0.04529794	1.796441	24.74319	46.45464	49.90429	51.47023	52.78752	54.04207	55.25304	56.41101	57.50217	58.51443	59.4393	60.27241	61.01314	61.66413	62.23038
577.85	0.0003143603	0.0003299856	0.001131292	0.04493077	1.781516	24.53751	46.0685	49.48948	51.0424	52.34873	53.59285	54.79375	55.94209	57.02417	58.028	58.94518	59.77135	60.50593	61.1515	61.71304
578.5	0.0003211769	0.0003366712	0.001131312	0.04456666	1.766715	24.33354	45.68558	49.07812	50.61813	51.91359	53.14736	54.33827	55.47705	56.55013	57.54562	58.45517	59.27446	60.00293	60.64313	61.19999
579.15	0.0003279368	0.0003433011	0.001131332	0.04420557	1.752037	24.13126	45.30584	48.67019	50.19738	51.48207	52.70558	53.88658	55.01589	56.08004	57.06724	57.96923	58.78171	59.50411	60.13898	60.69122
579.8	0.0003346406	0.0003498759	0.001131353	0.04384749	1.737481	23.93067	44.92925	48.26564	49.78014	51.05414	52.26747	53.43864	54.55856	55.61386	56.59284	57.48733	58.29305	59.00944	59.63903	60.18667
580.45	0.0003412885	0.000356396	0.001131373	0.04349238	1.723047	23.73174	44.55579	47.86445	49.36636	50.62976	51.833	52.99443	54.10503	55.15155	56.12239	57.00943	57.80845	58.51888	59.14323	59.68632
581.1	0.0003478812	0.000362862	0.001131392	0.04314022	1.708732	23.53447	44.18544	47.4666	48.95602	50.20892	51.40214	52.55391	53.65527	54.69308	55.65585	56.53551	57.32788	58.03241	58.65156	59.19013
581.75	0.0003544191	0.0003692741	0.001131412	0.04279099	1.694536	23.33883	43.81816	47.07206	48.54909	49.79156	50.97486	52.11705	53.20925	54.23843	55.19318	56.06553	56.85131	57.54997	58.16397	58.69806
582.4	0.0003609026	0.000375633	0.001131432	0.04244466	1.680458	23.14483	43.45395	46.68079	48.14554	49.37768	50.55114	51.68383	52.76694	53.78755	54.73437	55.59945	56.3787	57.07154	57.68044	58.21009
583.05	0.0003673322	0.0003819389	0.001131451	0.04210122	1.666497	22.95243	43.09275	46.29278	47.74535	48.96724	50.13094	51.2542	52.3283	53.34043	54.27937	55.13725	55.91002	56.5971	57.20093	57.72617
583.7	0.0003737084	0.0003881925	0.00113147	0.04176063	1.652652	22.76164	42.73456	45.908	47.34848	48.56021	49.71423	50.82815	51.89331	52.89701	53.82814	54.6789	55.44523	56.1266	56.72541	57.24627
584.35	0.0003800315	0.000394394	0.001131489	0.04142287	1.638923	22.57243	42.37934	45.52641	46.95492	48.15657	49.30098	50.40564	51.46194	52.45729	53.38067	54.22435	54.98431	55.66001	56.25383	56.77037
585	0.000386302	0.000400544	0.001131508	0.04108792	1.625307	22.3848	42.02708	45.14799	46.56462	47.75628	48.89117	49.98663	51.03415	52.02122	52.93692	53.77358	54.52721	55.1973	55.78618	56.29842
585.65	0.0003925204	0.0004066428	0.001131526	0.04075575	1.611805	22.19872	41.67775	44.77272	46.17757	47.35931	48.48476	49.57112	50.60992	51.58878	52.49686	53.32656	54.07393	54.73843	55.32242	55.83039
586.3	0.0003986871	0.0004126909	0.001131545	0.04042635	1.598415	22.01419	41.33132	44.40057	45.79374	46.96565	48.08174	49.15905	50.18921	51.15993	52.06046	52.88326	53.6244	54.28338	54.86251	55.36626
586.95	0.0004048025	0.0004186888	0.001131563	0.04009968	1.585136	21.8312	40.98777	44.03151	45.41309	46.57526	47.68206	48.75042	49.77201	50.73465	51.62769	52.44364	53.17862	53.83211	54.40643	54.90598
587.6	0.000410867	0.0004246367	0.001131581	0.03977573	1.571968	21.64973	40.64708	43.66552	45.03561	46.18811	47.28571	48.34518	49.35827	50.3129	51.19851	52.00767	52.73654	53.3846	53.95413	54.44954
588.25	0.0004168812	0.0004305352	0.001131599	0.03945447	1.558909	21.46976	40.30922	43.30257	44.66127	45.80418	46.89265	47.94331	48.94797	49.89466	50.7729	51.57533	52.29813	52.9408	53.5056	53.99688
588.9	0.0004228453	0.0004363846	0.001131617	0.03913588	1.545958	21.29129	39.97416	42.94264	44.29004	45.42345	46.50286	47.54477	48.54108	49.4799	50.35083	51.14659	51.86338	52.5007	53.06079	53.54799
589.55	0.0004287598	0.0004421854	0.001131635	0.03881995	1.533116	21.11431	39.64189	42.5857	43.9219	45.04588	46.11631	47.14956	48.13757	49.06858	49.93227	50.72141	51.43223	52.06425	52.61969	53.10283
590.2	0.0004346251	0.000447938	0.001131653	0.03850664	1.52038	20.9388	39.31239	42.23173	43.55682	44.67144	45.73297	46.75762	47.73742	48.66069	49.51719	50.29976	51.00467	51.63143	52.18225	52.66137
590.85	0.0004404417	0.0004536427	0.00113167	0.03819593	1.50775	20.76474	38.98562	41.8807	43.19477	44.30012	45.35282	46.36895	47.3406	48.25618	49.10556	49.88161	50.58067	51.20221	51.74845	52.22358
591.5	0.0004462099	0.0004593	0.001131687	0.03788781	1.495225	20.59213	38.66157	41.53259	42.83573	43.93189	44.97583	45.98351	46.94707	47.85503	48.69735	49.46695	50.16018	50.77656	51.31825	51.78944
592.15	0.0004519301	0.0004649103	0.001131704	0.03758224	1.482804	20.42096	38.34021	41.18737	42.47967	43.56672	44.60197	45.60126	46.55681	47.45723	48.29253	49.05573	49.7432	50.35445	50.89163	51.3589
592.8	0.0004576028	0.0004704739	0.001131721	0.03727922	1.470486	20.25121	38.02152	40.84502	42.12658	43.20458	44.23122	45.2222	46.1698	47.06273	47.89108	48.64793	49.32968	49.93584	50.46856	50.93194
593.45	0.0004632283	0.0004759912	0.001131738	0.03697872	1.458271	20.08287	37.70548	40.50552	41.77642	42.84545	43.86356	44.84629	45.78601	46.6715	47.49297	48.24352	48.9196	49.52072	50.04901	50.50853
594.1	0.000468807	0.0004814627	0.001131755	0.03668072	1.446157	19.91593	37.39207	40.16883	41.42916	42.48931	43.49895	44.4735	45.4054	46.28353	47.09816	47.84248	48.51293	49.10905	49.63294	50.08864
594.75	0.0004743393	0.0004868887	0.001131771	0.03638519	1.434144	19.75038	37.08127	39.83495	41.0848	42.13613	43.13737	44.10382	45.02797	45.89879	46.70664	47.44476	48.10964	48.7008	49.22033	49.67224
595.4	0.0004798256	0.0004922695	0.001131788	0.03609212	1.422231	19.5862	36.77304	39.50385	40.7433	41.78588	42.77879	43.7372	44.65366	45.51724	46.31837	47.05035	47.7097	48.29594	48.81115	49.2593
596.05	0.0004852663	0.0004976056	0.001131804	0.03580149	1.410417	19.4234	36.46738	39.17549	40.40464	41.43855	42.4232	43.37364	44.28247	45.13887	45.93333	46.65923	47.31309	47.89445	48.40538	48.8498
596.7	0.0004906618	0.0005028974	0.00113182	0.03551327	1.398701	19.26194	36.16426	38.84986	40.06879	41.0941	42.07056	43.01309	43.91437	44.76364	45.5515	46.27135	46.91977	47.4963	48.00298	48.4437
597.35	0.0004960123	0.0005081451	0.001131836	0.03522745	1.387083	19.10182	35.86367	38.52694	39.73574	40.75252	41.72085	42.65554	43.54932	44.39153	45.17284	45.8867	46.52972	47.10146	47.60392	48.04097
598	0.0005013184	0.0005133492	0.001131852	0.03494401	1.375561	18.94304	35.56556	38.20671	39.40545	40.41377	41.37405	42.30097	43.18731	44.02251	44.79732	45.50525	46.14292	46.7099	47.20818	47.6416
598.65	0.0005065804	0.00051851	0.001131868	0.03466292	1.364135	18.78558	35.26994	37.88914	39.07791	40.07784	41.03014	41.94934	42.82831	43.65656	44.42492	45.12696	45.75933	46.32159	46.81573	47.24554
599.3	0.0005117986	0.0005236279	0.001131883	0.03438416	1.352804	18.62942	34.97678	37.5742	38.75309	39.74471	40.68908	41.60064	42.47229	43.29366	44.05563	44.75182	45.37893	45.93652	46.42654	46.85278
599.95	0.0005169734	0.0005287032	0.001131899	0.03410773	1.341567	18.47457	34.68605	37.26189	38.43097	39.41434	40.35086	41.25483	42.11924	42.93377	43.6894	44.3798	45.0017	45.55464	46.04059	46.46328
600.6	0.0005221052	0.0005337364	0.001131914	0.0338336	1.330424	18.321	34.39773	36.95217	38.11153	39.08672	40.01545	40.9119	41.76912	42.57687	43.32621	44.01088	44.6276	45.17594	45.65785	46.07703
601.25	0.0005271943	0.0005387277	0.001131929	0.03356174	1.319373	18.1687	34.11182	36.64502	37.79474	38.76182	39.68282	40.57182	41.42191	42.22294	42.96605	43.64502	44.25661	44.80039	45.27829	45.69398
601.9	0.0005322411	0.0005436775	0.001131944	0.03329214	1.308414	18.01768	33.82828	36.34043	37.48059	38.43962	39.35296	40.23457	41.07758	41.87195	42.60888	43.2822	43.8887	44.42796	44.90188	45.31411
602.55	0.0005372459	0.0005485861	0.001131959	0.03302479	1.297546	17.8679	33.5471	36.03837	37.16904	38.12011	39.02585	39.90012	40.73612	41.52388	42.25468	42.9224	43.52385	44.05863	44.52861	44.93741
603.2	0.0005422091	0.0005534539	0.001131974	0.03275966	1.286769	17.71938	33.26825	35.73882	36.86009	37.80324	38.70145	39.56845	40.3975	41.1787	41.90342	42.56559	43.16204	43.69236	44.15843	44.56384
603.85	0.0005471311	0.0005582812	0.001131989	0.03249673	1.276081	17.57209	32.99172	35.44176	36.55371	37.48901	38.37975	39.23954	40.06168	40.8364	41.55509	42.21174	42.80323	43.32915	43.79134	44.19337
604.5	0.0005520121	0.0005630684	0.001132003	0.03223599	1.265482	17.42602	32.71749	35.14717	36.24987	37.17739	38.06072	38.91336	39.72867	40.49693	41.20964	41.86084	42.44741	42.96895	43.42729	43.82598
605.15	0.0005568524	0.0005678158	0.001132017	0.03197741	1.254971	17.28117	32.44555	34.85502	35.94856	36.86837	37.74435	38.58989	39.39842	40.16029	40.86708	41.51285	42.09454	42.61174	43.06628	43.46165
605.8	0.0005616526	0.0005725237	0.001132032	0.03172098	1.244547	17.13752	32.17586	34.56531	35.64975	36.56191	37.4306	38.26911	39.07092	39.82645	40.52736	41.16776	41.74461	42.25751	42.70826	43.10034
606.45	0.0005664129	0.0005771925	0.001132046	0.03146669	1.23421	16.99507	31.90841	34.278	35.35343	36.258	37.11947	37.951	38.74613	39.49539	40.19046	40.82553	41.39759	41.90622	42.35322	42.74204
607.1	0.0005711335	0.0005818224	0.00113206	0.03121451	1.223959	16.8538	31.64318	33.99309	35.05957	35.95662	36.81092	37.63553	38.42405	39.16707	39.85636	40.48616	41.05345	41.55785	42.00113	42.38672
607.75	0.0005758149	0.0005864138	0.001132074	0.03096443	1.213794	16.7137	31.38017	33.71054	34.76815	35.65774	36.50493	37.32269	38.10465	38.84149	39.52504	40.1496	40.71217	41.21238	41.65197	42.03435
608.4	0.0005804574	0.0005909671	0.001132088	0.03071643	1.203712	16.57477	31.11933	33.43034	34.47916	35.36134	36.20149	37.01244	37.7879	38.51861	39.19648	39.81584	40.37373	40.86978	41.30572	41.68491
609.05	0.0005850613	0.0005954825	0.001132101	0.03047049	1.193715	16.43699	30.86067	33.15247	34.19256	35.06741	35.90057	36.70478	37.47379	38.19841	38.87065	39.48485	40.03811	40.53003	40.96234	41.33838
609.7	0.0005896268	0.0005999603	0.001132115	0.03022659	1.183801	16.30036	30.60415	32.8769	33.90835	34.77592	35.60215	36.39967	37.16228	37.88088	38.54752	39.15662	39.70527	40.1931	40.62181	40.99473
610.35	0.0005941545	0.0006044009	0.001132128	0.02998472	1.173969	16.16487	30.34977	32.60363	33.6265	34.48686	35.30622	36.0971	36.85336	37.56599	38.22709	38.83111	39.3752	39.85897	40.28412	40.65393
611	0.0005986444	0.0006088046	0.001132142	0.02974486	1.164219	16.0305	30.0975	32.33263	33.347	34.2002	35.01274	35.79705	36.54702	37.25372	37.90931	38.50832	39.04788	39.52762	39.94923	40.31597
611.65	0.000603097	0.0006131717	0.001132155	0.029507	1.15455	15.89725	29.84733	32.06388	33.06982	33.91592	34.7217	35.49949	36.24322	36.94403	37.59418	38.1882	38.72327	39.19902	39.61713	39.98082
612.3	0.0006075126	0.0006175024	0.001132168	0.02927111	1.144961	15.7651	29.59924	31.79737	32.79494	33.63401	34.43308	35.2044	35.94194	36.63693	37.28167	37.87075	38.40137	38.87316	39.28779	39.64845
612.95	0.0006118915	0.0006217971	0.001132181	0.02903719	1.135452	15.63406	29.35321	31.53307	32.52234	33.35443	34.14687	34.91176	35.64317	36.33238	36.97175	37.55593	38.08214	38.55001	38.96119	39.31885
613.6	0.000616234	0.0006260562	0.001132194	0.0288052	1.126022	15.5041	29.10923	31.27097	32.25202	33.07718	33.86303	34.62156	35.34689	36.03036	36.66441	37.24373	37.76556	38.22954	38.6373	38.99199
614.25	0.0006205403	0.0006302798	0.001132207	0.02857515	1.11667	15.37523	28.86727	31.01105	31.98394	32.80224	33.58154	34.33377	35.05306	35.73085	36.35963	36.93413	37.45162	37.91174	38.3161	38.66784
614.9	0.0006248108	0.0006344682	0.001132219	0.02834701	1.107397	15.24742	28.62733	30.75329	31.71808	32.52958	33.3024	34.04837	34.76168	35.43383	36.05738	36.6271	37.14029	37.59658	37.99758	38.34639
615.55	0.0006290459	0.0006386219	0.001132232	0.02812077	1.0982	15.12068	28.38937	30.49767	31.45444	32.25919	33.02559	33.76535	34.47272	35.13928	35.75764	36.32262	36.83154	37.28404	37.68171	38.02761
616.2	0.0006332457	0.000642741	0.001132244	0.02789641	1.08908	14.99499	28.1534	30.24417	31.19299	31.99105	32.75106	33.48467	34.18616	34.84718	35.4604	36.02068	36.52536	36.97409	37.36845	37.71148
616.85	0.0006374106	0.0006468258	0.001132257	0.02767391	1.080035	14.87035	27.91939	29.99279	30.93371	31.72513	32.47883	33.20633	33.90199	34.55751	35.16562	35.72124	36.22173	36.66673	37.05781	37.39798
617.5	0.0006415408	0.0006508767	0.001132269	0.02745326	1.071066	14.74674	27.68732	29.74349	30.67659	31.46143	32.20885	32.93031	33.62018	34.27024	34.8733	35.4243	35.92062	36.36192	36.74974	37.08709
618.15	0.0006456367	0.0006548939	0.001132281	0.02723445	1.062171	14.62416	27.45719	29.49626	30.42161	31.19991	31.94112	32.65658	33.34071	33.98536	34.5834	35.12982	35.62202	36.05964	36.44424	36.77878
618.8	0.0006496985	0.0006588777	0.001132293	0.02701745	1.053351	14.5026	27.22896	29.25109	30.16874	30.94057	31.67562	32.38512	33.06356	33.70285	34.29592	34.83779	35.32589	35.75988	36.14128	36.47303
619.45	0.0006537266	0.0006628284	0.001132305	0.02680226	1.044603	14.38205	27.00263	29.00796	29.91798	30.68339	31.41232	32.11592	32.78872	33.4227	34.01083	34.54819	35.03223	35.46261	35.84084	36.16983
620.1	0.0006577211	0.0006667462	0.001132317	0.02658886	1.035929	14.2625	26.77819	28.76685	29.6693	30.42834	31.15121	31.84896	32.51616	33.14486	33.7281	34.261	34.74101	35.1678	35.54289	35.86915
620.75	0.0006616825	0.0006706315	0.001132329	0.02637724	1.027326	14.14395	26.55561	28.52774	29.42269	30.17542	30.89227	31.58422	32.24587	32.86934	33.44773	33.97619	34.45221	34.87546	35.24742	35.57096
621.4	0.0006656109	0.0006744844	0.00113234	0.02616737	1.018795	14.02638	26.33488	28.29062	29.17812	29.9246	30.63549	31.32168	31.97782	32.59611	33.16969	33.69375	34.16581	34.58554	34.95441	35.27526
622.05	0.0006695066	0.0006783053	0.001132352	0.02595925	1.010335	13.90979	26.11598	28.05547	28.93559	29.67586	30.38084	31.06132	31.71201	32.32515	32.89396	33.41366	33.8818	34.29803	34.66383	34.98201
622.7	0.0006733699	0.0006820944	0.001132363	0.02575285	1.001945	13.79417	25.89891	27.82227	28.69508	29.42919	30.1283	30.80312	31.4484	32.05644	32.62052	33.1359	33.60014	34.01291	34.37567	34.69121
623.35	0.0006772011	0.000685852	0.001132374	0.02554818	0.9936252	13.67951	25.68364	27.59102	28.45657	29.18457	29.87787	30.54708	31.18699	31.78997	32.34935	32.86045	33.32083	33.73016	34.0899	34.40282
624	0.0006810005	0.0006895784	0.001132386	0.0253452	0.9853744	13.5658	25.47015	27.36168	28.22004	28.94198	29.62951	30.29316	30.92774	31.52571	32.08044	32.58728	33.04383	33.44976	33.80651	34.11682
624.65	0.0006847682	0.0006932737	0.001132397	0.02514392	0.9771921	13.45304	25.25845	27.13425	27.98547	28.70141	29.38323	30.04135	30.67065	31.26365	31.81376	32.31639	32.76914	33.1717	33.52548	33.83321
625.3	0.0006885046	0.0006969384	0.001132408	0.0249443	0.9690779	13.34121	25.0485	26.90872	27.75285	28.46284	29.13898	29.79163	30.4157	31.00377	31.5493	32.04775	32.49674	32.89594	33.24678	33.55195
625.95	0.00069221	0.0007005725	0.001132419	0.02474635	0.9610311	13.23032	24.8403	26.68505	27.52217	28.22626	28.89677	29.54399	30.16287	30.74604	31.28704	31.78135	32.2266	32.62248	32.9704	33.27303
626.6	0.0006958845	0.0007041765	0.001132429	0.02455004	0.9530512	13.12034	24.63383	26.46325	27.29341	27.99163	28.65658	29.29841	29.91214	30.49046	31.02696	31.51715	31.9587	32.35129	32.69632	32.99643
627.25	0.0006995284	0.0007077504	0.00113244	0.02435536	0.9451376	13.01128	24.42907	26.24329	27.06654	27.75896	28.41838	29.05487	29.6635	30.23701	30.76904	31.25516	31.69303	32.08236	32.42451	32.72213
627.9	0.0007031421	0.0007112947	0.001132451	0.0241623	0.9372899	12.90313	24.22602	26.02516	26.84157	27.52823	28.18215	28.81335	29.41692	29.98566	30.51327	30.99534	31.42957	31.81566	32.15497	32.45011
628.55	0.0007067257	0.0007148095	0.001132461	0.02397085	0.9295074	12.79588	24.02465	25.80884	26.61846	27.29941	27.9479	28.57384	29.17239	29.7364	30.25962	30.73768	31.1683	31.55118	31.88766	32.18035
629.2	0.0007102795	0.000718295	0.001132472	0.02378099	0.9217895	12.68952	23.82496	25.59432	26.39721	27.07249	27.71559	28.33633	28.9299	29.48921	30.00808	30.48217	30.9092	31.28889	31.62258	31.91283
629.85	0.0007138037	0.0007217516	0.001132482	0.0235927	0.9141359	12.58404	23.62693	25.38158	26.17779	26.84746	27.48521	28.10079	28.68941	29.24408	29.75863	30.22877	30.65226	31.02879	31.3597	31.64754
630.5	0.0007172987	0.0007251794	0.001132492	0.02340599	0.9065458	12.47944	23.43054	25.17061	25.9602	26.6243	27.25674	27.8672	28.45094	29.00099	29.51126	29.97749	30.39745	30.77085	31.09901	31.38445
631.15	0.0007207646	0.0007285787	0.001132503	0.02322082	0.8990189	12.37571	23.23579	24.9614	25.74442	26.403	27.03018	27.63556	28.21444	28.75991	29.26594	29.72829	30.14476	30.51506	30.84048	31.12355
631.8	0.0007242017	0.0007319498	0.001132513	0.02303719	0.8915545	12.27284	23.04265	24.75392	25.53044	26.18353	26.8055	27.40584	27.9799	28.52084	29.02266	29.48117	29.89417	30.26139	30.58411	30.86482
632.45	0.0007276101	0.0007352928	0.001132523	0.02285509	0.8841522	12.17082	22.85112	24.54817	25.31823	25.96589	26.58268	27.17803	27.74732	28.28376	28.78141	29.2361	29.64567	30.00983	30.32986	30.60824
633.1	0.0007309903	0.000738608	0.001132533	0.02267451	0.8768114	12.06966	22.66119	24.34413	25.10778	25.75006	26.36172	26.95212	27.51667	28.04865	28.54216	28.99306	29.39923	29.76036	30.07773	30.3538
633.75	0.0007343423	0.0007418956	0.001132543	0.02249542	0.8695317	11.96933	22.47283	24.14178	24.89909	25.53602	26.1426	26.72808	27.28794	27.81549	28.3049	28.75205	29.15484	29.51296	29.8277	30.10147
634.4	0.0007376664	0.000745156	0.001132552	0.02231783	0.8623125	11.86984	22.28603	23.94112	24.69213	25.32377	25.92529	26.50591	27.06111	27.58427	28.0696	28.51304	28.91248	29.26763	29.57974	29.85123
635.05	0.0007409629	0.0007483891	0.001132562	0.02214171	0.8551533	11.77118	22.10079	23.74212	24.48689	25.11327	25.70979	26.28558	26.83617	27.35498	27.83627	28.27602	28.67213	29.02433	29.33385	29.60308
635.7	0.000744232	0.0007515954	0.001132571	0.02196705	0.8480536	11.67333	21.91709	23.54478	24.28335	24.90453	25.49609	26.06709	26.61309	27.12759	27.60488	28.04097	28.43379	28.78305	29.09	29.35699
636.35	0.0007474739	0.0007547751	0.001132581	0.02179385	0.841013	11.5763	21.73492	23.34908	24.08151	24.69752	25.28416	25.85041	26.39187	26.90209	27.37541	27.80787	28.19742	28.54378	28.84817	29.11295
637	0.0007506888	0.0007579282	0.00113259	0.02162209	0.8340308	11.48008	21.55426	23.15501	23.88134	24.49223	25.07399	25.63553	26.17249	26.67846	27.14785	27.57671	27.96302	28.3065	28.60836	28.87093
637.65	0.000753877	0.0007610552	0.0011326	0.02145175	0.8271067	11.38466	21.3751	22.96255	23.68284	24.28865	24.86557	25.42244	25.95493	26.4567	26.92217	27.34748	27.73057	28.07119	28.37054	28.63093
638.3	0.0007570387	0.0007641562	0.001132609	0.02128283	0.8202402	11.29003	21.19744	22.77168	23.48599	24.08676	24.65888	25.21112	25.73918	26.23677	26.69838	27.12014	27.50005	27.83784	28.1347	28.39292
638.95	0.000760174	0.0007672314	0.001132618	0.02111532	0.8134307	11.19618	21.02124	22.58241	23.29078	23.88655	24.45391	25.00156	25.52523	26.01868	26.47645	26.8947	27.27145	27.60643	27.90082	28.15689
639.6	0.0007632833	0.000770281	0.001132627	0.0209492	0.8066779	11.10312	20.84652	22.39471	23.09719	23.688	24.25065	24.79374	25.31305	25.8024	26.25636	26.67113	27.04475	27.37694	27.66888	27.92282
640.25	0.0007663668	0.0007733052	0.001132636	0.02078445	0.7999812	11.01083	20.67324	22.20857	22.9052	23.4911	24.04907	24.58764	25.10264	25.58791	26.0381	26.44942	26.81993	27.14936	27.43887	27.6907
640.9	0.0007694246	0.0007763043	0.001132645	0.02062108	0.7933402	10.9193	20.50141	22.02397	22.71482	23.29585	23.84917	24.38326	24.89397	25.37521	25.82165	26.22956	26.59698	26.92367	27.21078	27.46051
641.55	0.0007724569	0.0007792785	0.001132654	0.02045907	0.7867544	10.82854	20.331	21.84091	22.52601	23.10221	23.65093	24.18058	24.68704	25.16428	25.60701	26.01152	26.37589	26.69986	26.98457	27.23223
642.2	0.0007754641	0.0007822279	0.001132663	0.0202984	0.7802233	10.73853	20.16201	21.65937	22.33878	22.91018	23.45434	23.97958	24.48183	24.9551	25.39414	25.79529	26.15663	26.47791	26.76025	27.00585
642.85	0.0007784463	0.0007851528	0.001132672	0.02013907	0.7737466	10.64928	19.99443	21.47934	22.1531	22.71975	23.25938	23.78026	24.27833	24.74766	25.18305	25.58086	25.93919	26.2578	26.5378	26.78135
643.5	0.0007814036	0.0007880534	0.00113268	0.01998107	0.7673236	10.56076	19.82824	21.30081	21.96896	22.5309	23.06605	23.58259	24.07652	24.54194	24.97371	25.36822	25.72357	26.03952	26.31719	26.55872
644.15	0.0007843364	0.0007909298	0.001132689	0.01982437	0.7609541	10.47298	19.66343	21.12376	21.78636	22.34362	22.87432	23.38656	23.87638	24.33794	24.76612	25.15734	25.50973	25.82306	26.09842	26.33794
644.8	0.0007872447	0.0007937824	0.001132697	0.01966898	0.7546375	10.38593	19.49999	20.94818	21.60527	22.1579	22.68418	23.19217	23.67791	24.13563	24.56025	24.94821	25.29768	25.6084	25.88147	26.119
645.45	0.0007901288	0.0007966112	0.001132706	0.01951488	0.7483734	10.2996	19.33791	20.77407	21.42569	21.97372	22.49563	22.99939	23.48109	23.935	24.35609	24.74082	25.08738	25.39552	25.66632	25.90187
646.1	0.000792989	0.0007994164	0.001132714	0.01936207	0.7421615	10.21399	19.17717	20.6014	21.2476	21.79108	22.30864	22.80821	23.28591	23.73604	24.15362	24.53516	24.87884	25.18441	25.45296	25.68655
646.75	0.0007958254	0.0008021984	0.001132722	0.01921052	0.7360011	10.12909	19.01777	20.43016	21.07099	21.60995	22.12321	22.61862	23.09235	23.53874	23.95284	24.33121	24.67203	24.97506	25.24137	25.47302
647.4	0.0007986382	0.0008049572	0.00113273	0.01906023	0.729892	10.0449	18.8597	20.26035	20.89585	21.43032	21.93931	22.43061	22.90039	23.34307	23.75373	24.12895	24.46693	24.76744	25.03154	25.26126
648.05	0.0008014276	0.0008076931	0.001132739	0.0189112	0.7238336	9.961402	18.70294	20.09195	20.72217	21.2522	21.75695	22.24416	22.71004	23.14903	23.55628	23.92838	24.26355	24.56156	24.82346	25.05127
648.7	0.0008041938	0.0008104062	0.001132747	0.0187634	0.7178256	9.878603	18.54748	19.92495	20.54992	21.07555	21.5761	22.05926	22.52126	22.9566	23.36047	23.72947	24.06185	24.35738	24.61711	24.84302
649.35	0.0008069371	0.0008130968	0.001132754	0.01861683	0.7118676	9.796493	18.39332	19.75934	20.37912	20.90037	21.39676	21.87589	22.33405	22.76578	23.16628	23.53221	23.86183	24.1549	24.41247	24.63651
650	0.0008096574	0.0008157649	0.001132762	0.01847148	0.7059591	9.715064	18.24044	19.5951	20.20973	20.72664	21.2189	21.69406	22.14841	22.57654	22.97371	23.3366	23.66347	23.95411	24.20953	24.4317
