Time (ms)	Sweep 1	Sweep 2	Sweep 3	Sweep 4	Sweep 5	Sweep 6	Sweep 7	Sweep 8	Sweep 9	Sweep 10	Sweep 11	Sweep 12	Sweep 13	Sweep 14	Sweep 15	Sweep 16	Sweep 17	Sweep 18
0	0	0	0	0	0	0	0	0	0	0	0	0	0	0	0	0	0	0
0.65	0	0	0	0	0	0	0	0	0	0	0	0	0	0	0	0	0	0
1.3	0	0	0	0	0	0	0	0	0	0	0	0	0	0	0	0	0	0
1.95	0	0	0	0	0	0	0	0	0	0	0	0	0	0	0	0	0	0
2.6	0	0	0	0	0	0	0	0	0	0	0	0	0	0	0	0	0	0
3.25	0	0	0	0	0	0	0	0	0	0	0	0	0	0	0	0	0	0
3.9	0	0	0	0	0	0	0	0	0	0	0	0	0	0	0	0	0	0
4.55	0	0	0	0	0	0	0	0	0	0	0	0	0	0	0	0	0	0
5.2	0	0	0	0	0	0	0	0	0	0	0	0	0	0	0	0	0	0
5.85	0	0	0	0	0	0	0	0	0	0	0	0	0	0	0	0	0	0
6.5	0	0	0	0	0	0	0	0	0	0	0	0	0	0	0	0	0	0
7.15	0	0	0	0	0	0	0	0	0	0	0	0	0	0	0	0	0	0
7.8	0	0	0	0	0	0	0	0	0	0	0	0	0	0	0	0	0	0
8.45	0	0	0	0	0	0	0	0	0	0	0	0	0	0	0	0	0	0
9.1	0	0	0	0	0	0	0	0	0	0	0	0	0	0	0	0	0	0
9.75	0	0	0	0	0	0	0	0	0	0	0	0	0	0	0	0	0	0
10.4	0	0	0	0	0	0	0	0	0	0	0	0	0	0	0	0	0	0
11.05	0	0	0	0	0	0	0	0	0	0	0	0	0	0	0	0	0	0
11.7	0	0	0	0	0	0	0	0	0	0	0	0	0	0	0	0	0	0
12.35	0	0	0	0	0	0	0	0	0	0	0	0	0	0	0	0	0	0
13	0	0	0	0	0	0	0	0	0	0	0	0	0	0	0	0	0	0
13.65	0	0	0	0	0	0	0	0	0	0	0	0	0	0	0	0	0	0
14.3	0	0	0	0	0	0	0	0	0	0	0	0	0	0	0	0	0	0
14.95	0	0	0	0	0	0	0	0	0	0	0	0	0	0	0	0	0	0
15.6	0	0	0	0	0	0	0	0	0	0	0	0	0	0	0	0	0	0
16.25	0	0	0	0	0	0	0	0	0	0	0	0	0	0	0	0	0	0
16.9	0	0	0	0	0	0	0	0	0	0	0	0	0	0	0	0	0	0
17.55	0	0	0	0	0	0	0	0	0	0	0	0	0	0	0	0	0	0
18.2	0	0	0	0	0	0	0	0	0	0	0	0	0	0	0	0	0	0
18.85	0	0	0	0	0	0	0	0	0	0	0	0	0	0	0	0	0	0
19.5	0	0	0	0	0	0	0	0	0	0	0	0	0	0	0	0	0	0
20.15	0	0	0	0	0	0	0	0	0	0	0	0	0	0	0	0	0	0
20.8	0	0	0	0	0	0	0	0	0	0	0	0	0	0	0	0	0	0
21.45	0	0	0	0	0	0	0	0	0	0	0	0	0	0	0	0	0	0
22.1	0	0	0	0	0	0	0	0	0	0	0	0	0	0	0	0	0	0
22.75	0	0	0	0	0	0	0	0	0	0	0	0	0	0	0	0	0	0
23.4	0	0	0	0	0	0	0	0	0	0	0	0	0	0	0	0	0	0
24.05	0	0	0	0	0	0	0	0	0	0	0	0	0	0	0	0	0	0
24.7	0	0	0	0	0	0	0	0	0	0	0	0	0	0	0	0	0	0
25.35	0	0	0	0	0	0	0	0	0	0	0	0	0	0	0	0	0	0
26	0	0	0	0	0	0	0	0	0	0	0	0	0	0	0	0	0	0
26.65	0	0	0	0	0	0	0	0	0	0	0	0	0	0	0	0	0	0
27.3	0	0	0	0	0	0	0	0	0	0	0	0	0	0	0	0	0	0
27.95	0	0	0	0	0	0	0	0	0	0	0	0	0	0	0	0	0	0
28.6	0	0	0	0	0	0	0	0	0	0	0	0	0	0	0	0	0	0
29.25	0	0	0	0	0	0	0	0	0	0	0	0	0	0	0	0	0	0
29.9	0	0	0	0	0	0	0	0	0	0	0	0	0	0	0	0	0	0
30.55	0	0	0	0	0	0	0	0	0	0	0	0	0	0	0	0	0	0
31.2	0	0	0	0	0	0	0	0	0	0	0	0	0	0	0	0	0	0
31.85	0	0	0	0	0	0	0	0	0	0	0	0	0	0	0	0	0	0
32.5	0	0	0	0	0	0	0	0	0	0	0	0	0	0	0	0	0	0
33.15	0	0	0	0	0	0	0	0	0	0	0	0	0	0	0	0	0	0
33.8	0	0	0	0	0	0	0	0	0	0	0	0	0	0	0	0	0	0
34.45	0	0	0	0	0	0	0	0	0	0	0	0	0	0	0	0	0	0
35.1	0	0	0	0	0	0	0	0	0	0	0	0	0	0	0	0	0	0
35.75	0	0	0	0	0	0	0	0	0	0	0	0	0	0	0	0	0	0
36.4	0	0	0	0	0	0	0	0	0	0	0	0	0	0	0	0	0	0
37.05	0	0	0	0	0	0	0	0	0	0	0	0	0	0	0	0	0	0
37.7	0	0	0	0	0	0	0	0	0	0	0	0	0	0	0	0	0	0
38.35	0	0	0	0	0	0	0	0	0	0	0	0	0	0	0	0	0	0
39	0	0	0	0	0	0	0	0	0	0	0	0	0	0	0	0	0	0
39.65	0	0	0	0	0	0	0	0	0	0	0	0	0	0	0	0	0	0
40.3	0	0	0	0	0	0	0	0	0	0	0	0	0	0	0	0	0	0
40.95	0	0	0	0	0	0	0	0	0	0	0	0	0	0	0	0	0	0
41.6	0	0	0	0	0	0	0	0	0	0	0	0	0	0	0	0	0	0
42.25	0	0	0	0	0	0	0	0	0	0	0	0	0	0	0	0	0	0
42.9	0	0	0	0	0	0	0	0	0	0	0	0	0	0	0	0	0	0
43.55	0	0	0	0	0	0	0	0	0	0	0	0	0	0	0	0	0	0
44.2	0	0	0	0	0	0	0	0	0	0	0	0	0	0	0	0	0	0
44.85	0	0	0	0	0	0	0	0	0	0	0	0	0	0	0	0	0	0
45.5	0	0	0	0	0	0	0	0	0	0	0	0	0	0	0	0	0	0
46.15	0	0	0	0	0	0	0	0	0	0	0	0	0	0	0	0	0	0
46.8	0	0	0	0	0	0	0	0	0	0	0	0	0	0	0	0	0	0
47.45	0	0	0	0	0	0	0	0	0	0	0	0	0	0	0	0	0	0
48.1	0	0	0	0	0	0	0	0	0	0	0	0	0	0	0	0	0	0
48.75	0	0	0	0	0	0	0	0	0	0	0	0	0	0	0	0	0	0
49.4	0	0	0	0	0	0	0	0	0	0	0	0	0	0	0	0	0	0
50.05	0	0	0	0	0	0	0	0	0	0	0	0	0	0	0	0	0	0
50.7	0	0	0	0	0	0	0	0	0	0	0	0	0	0	0	0	0	0
51.35	0	0	0	0	0	0	0	0	0	0	0	0	0	0	0	0	0	0
52	0	0	0	0	0	0	0	0	0	0	0	0	0	0	0	0	0	0
52.65	0	0	0	0	0	0	0	0	0	0	0	0	0	0	0	0	0	0
53.3	0	0	0	0	0	0	0	0	0	0	0	0	0	0	0	0	0	0
53.95	0	0	0	0	0	0	0	0	0	0	0	0	0	0	0	0	0	0
54.6	0	0	0	0	0	0	0	0	0	0	0	0	0	0	0	0	0	0
55.25	0	0	0	0	0	0	0	0	0	0	0	0	0	0	0	0	0	0
55.9	0	0	0	0	0	0	0	0	0	0	0	0	0	0	0	0	0	0
56.55	0	0	0	0	0	0	0	0	0	0	0	0	0	0	0	0	0	0
57.2	0	0	0	0	0	0	0	0	0	0	0	0	0	0	0	0	0	0
57.85	0	0	0	0	0	0	0	0	0	0	0	0	0	0	0	0	0	0
58.5	0	0	0	0	0	0	0	0	0	0	0	0	0	0	0	0	0	0
59.15	0	0	0	0	0	0	0	0	0	0	0	0	0	0	0	0	0	0
59.8	0	0	0	0	0	0	0	0	0	0	0	0	0	0	0	0	0	0
60.45	0	0	0	0	0	0	0	0	0	0	0	0	0	0	0	0	0	0
61.1	0	0	0	0	0	0	0	0	0	0	0	0	0	0	0	0	0	0
61.75	0	0	0	0	0	0	0	0	0	0	0	0	0	0	0	0	0	0
62.4	0	0	0	0	0	0	0	0	0	0	0	0	0	0	0	0	0	0
63.05	0	0	0	0	0	0	0	0	0	0	0	0	0	0	0	0	0	0
63.7	0	0	0	0	0	0	0	0	0	0	0	0	0	0	0	0	0	0
64.35	0	0	0	0	0	0	0	0	0	0	0	0	0	0	0	0	0	0
65	0	0	0	0	0	0	0	0	0	0	0	0	0	0	0	0	0	0
65.65	0	0	0	0	0	0	0	0	0	0	0	0	0	0	0	0	0	0
66.3	0	0	0	0	0	0	0	0	0	0	0	0	0	0	0	0	0	0
66.95	0	0	0	0	0	0	0	0	0	0	0	0	0	0	0	0	0	0
67.6	0	0	0	0	0	0	0	0	0	0	0	0	0	0	0	0	0	0
68.25	0	0	0	0	0	0	0	0	0	0	0	0	0	0	0	0	0	0
68.9	0	0	0	0	0	0	0	0	0	0	0	0	0	0	0	0	0	0
69.55	0	0	0	0	0	0	0	0	0	0	0	0	0	0	0	0	0	0
70.2	0	0	0	0	0	0	0	0	0	0	0	0	0	0	0	0	0	0
70.85	0	0	0	0	0	0	0	0	0	0	0	0	0	0	0	0	0	0
71.5	0	0	0	0	0	0	0	0	0	0	0	0	0	0	0	0	0	0
72.15	0	0	0	0	0	0	0	0	0	0	0	0	0	0	0	0	0	0
72.8	0	0	0	0	0	0	0	0	0	0	0	0	0	0	0	0	0	0
73.45	0	0	0	0	0	0	0	0	0	0	0	0	0	0	0	0	0	0
74.1	0	0	0	0	0	0	0	0	0	0	0	0	0	0	0	0	0	0
74.75	0	0	0	0	0	0	0	0	0	0	0	0	0	0	0	0	0	0
75.4	0	0	0	0	0	0	0	0	0	0	0	0	0	0	0	0	0	0
76.05	0	0	0	0	0	0	0	0	0	0	0	0	0	0	0	0	0	0
76.7	0	0	0	0	0	0	0	0	0	0	0	0	0	0	0	0	0	0
77.35	0	0	0	0	0	0	0	0	0	0	0	0	0	0	0	0	0	0
78	0	0	0	0	0	0	0	0	0	0	0	0	0	0	0	0	0	0
78.65	0	0	0	0	0	0	0	0	0	0	0	0	0	0	0	0	0	0
79.3	0	0	0	0	0	0	0	0	0	0	0	0	0	0	0	0	0	0
79.95	0	0	0	0	0	0	0	0	0	0	0	0	0	0	0	0	0	0
80.6	0	0	0	0	0	0	0	0	0	0	0	0	0	0	0	0	0	0
81.25	0	0	0	0	0	0	0	0	0	0	0	0	0	0	0	0	0	0
81.9	0	0	0	0	0	0	0	0	0	0	0	0	0	0	0	0	0	0
82.55	0	0	0	0	0	0	0	0	0	0	0	0	0	0	0	0	0	0
83.2	0	0	0	0	0	0	0	0	0	0	0	0	0	0	0	0	0	0
83.85	0	0	0	0	0	0	0	0	0	0	0	0	0	0	0	0	0	0
84.5	0	0	0	0	0	0	0	0	0	0	0	0	0	0	0	0	0	0
85.15	0	0	0	0	0	0	0	0	0	0	0	0	0	0	0	0	0	0
85.8	0	0	0	0	0	0	0	0	0	0	0	0	0	0	0	0	0	0
86.45	0	0	0	0	0	0	0	0	0	0	0	0	0	0	0	0	0	0
87.1	0	0	0	0	0	0	0	0	0	0	0	0	0	0	0	0	0	0
87.75	0	0	0	0	0	0	0	0	0	0	0	0	0	0	0	0	0	0
88.4	0	0	0	0	0	0	0	0	0	0	0	0	0	0	0	0	0	0
89.05	0	0	0	0	0	0	0	0	0	0	0	0	0	0	0	0	0	0
89.7	0	0	0	0	0	0	0	0	0	0	0	0	0	0	0	0	0	0
90.35	0	0	0	0	0	0	0	0	0	0	0	0	0	0	0	0	0	0
91	0	0	0	0	0	0	0	0	0	0	0	0	0	0	0	0	0	0
91.65	0	0	0	0	0	0	0	0	0	0	0	0	0	0	0	0	0	0
92.3	0	0	0	0	0	0	0	0	0	0	0	0	0	0	0	0	0	0
92.95	0	0	0	0	0	0	0	0	0	0	0	0	0	0	0	0	0	0
93.6	0	0	0	0	0	0	0	0	0	0	0	0	0	0	0	0	0	0
94.25	0	0	0	0	0	0	0	0	0	0	0	0	0	0	0	0	0	0
94.9	0	0	0	0	0	0	0	0	0	0	0	0	0	0	0	0	0	0
95.55	0	0	0	0	0	0	0	0	0	0	0	0	0	0	0	0	0	0
96.2	0	0	0	0	0	0	0	0	0	0	0	0	0	0	0	0	0	0
96.85	0	0	0	0	0	0	0	0	0	0	0	0	0	0	0	0	0	0
97.5	0	0	0	0	0	0	0	0	0	0	0	0	0	0	0	0	0	0
98.15	0	0	0	0	0	0	0	0	0	0	0	0	0	0	0	0	0	0
98.8	0	0	0	0	0	0	0	0	0	0	0	0	0	0	0	0	0	0
99.45	0	0	0	0	0	0	0	0	0	0	0	0	0	0	0	0	0	0
100.1	0	0	0	0	0	0	0	0	0	0	0	0	0	0	0	0	0	0
100.75	0	0	0	0	0	0	0	0	0	0	0	0	0	0	0	1.181772	3.57649	8.119453
101.4	0	0	0	0	0	0	0	0	0	0	0	0	0	0.1488245	2.223543	8.103577	28.96957	86.10397
102.05	0	0	0	0	0	0	0	0	0	0	0	0	0.832947	3.274139	10.16477	34.94667	107.1159	251.8919
102.7	0	0	0	0	0	0	0	0	0	0	0.1188245	0.515298	2.360017	8.631822	26.20604	86.26933	224.2459	467.5295
103.35	0	0	0	0	0	0	0	0	0	0.1088245	0.3564735	1.674719	3.887086	19.34719	56.3827	155.825	362.1196	679.3906
104	0	0	0	0	0	0	0	0	0	0.1088245	0.8317716	2.57649	9.023593	34.82494	98.78884	251.7173	500.7086	847.6332
104.65	0	0	0	0	0	0	0	0	0	0.217649	1.30707	4.122384	16.10364	55.36272	152.3127	346.0902	645.3776	981.6986
105.3	0	0	0	0	0	0	0	0	0.09882451	0.3264735	2.851788	7.214172	24.43311	83.63937	206.4719	430.6713	754.8182	1056.473
105.95	0	0	0	0	0	0	0	0	0.09882451	0.5441225	3.921209	12.23833	32.90141	117.2737	261.584	528.9272	840.654	1102.546
106.6	0	0	0	0	0	0	0	0	0.09882451	0.7617716	5.109454	17.64896	50.67094	144.5086	324.1608	598.6517	912.7203	1150.13
107.25	0	0	0	0	0	0	0	0	0.197649	1.632368	7.485944	20.86957	64.5534	181.2682	382.4494	676.9863	954.3864	1169.39
107.9	0	0	0	0	0	0	0	0	0.09882451	2.285315	8.674189	28.72787	86.07119	220.4091	438.8321	748.0614	1009.643	1186.196
108.55	0	0	0	0	0	0	0	0	0.2964735	2.394139	10.45656	39.16265	102.4525	254.9364	497.5972	799.7217	1034.857	1198.091
109.2	0	0	0	0	0	0	0	0	0.395298	3.264735	13.0707	42.51208	124.8032	296.6072	551.4387	849.1873	1055.78	1194.504
109.85	0	0	0	0	0	0	0.07882451	0.0888245	0.4941225	4.244156	16.51661	53.46217	148.681	334.111	606.7096	886.4975	1069.37	1202.246
110.5	0	0	0	0	0	0	0.157649	0.177649	1.08707	6.202997	18.77427	61.19164	167.8388	369.0848	644.6686	895.4452	1073.126	1199.791
111.15	0	0	0	0	0	0	0	0.0888245	0.8894206	6.52947	23.40843	76.52176	195.1873	408.2256	687.7101	922.9636	1087.789	1199.791
111.8	0	0	0	0	0	0	0	0.0888245	1.08707	7.182417	27.09199	85.41064	215.7333	437.9905	724.8751	934.106	1085.465	1207.344
112.45	0	0	0	0	0	0	0	0.0888245	1.284719	8.92361	30.41907	98.67957	239.7499	470.4343	749.1752	956.5596	1098.34	1220.562
113.1	0	0	0	0	0	0	0	0.177649	1.581192	9.032434	37.31089	111.8197	263.7666	504.9615	761.4047	965.1697	1103.347	1208.854
113.75	0	0	0	0	0	0	0	0.2664735	1.778841	11.1001	43.60859	124.3157	284.8679	530.7082	780.7813	969.3903	1097.267	1207.533
114.4	0	0	0	0	0	0	0	0.355298	2.668262	13.71189	50.73806	135.9099	303.748	567.6166	796.9814	986.1039	1104.778	1204.134
115.05	0	0	0	0	0	0	0	0.4441225	3.458858	15.77955	58.22401	151.1111	331.7906	580.4156	820.9639	992.6881	1096.552	1191.672
115.7	0	0	0	0	0	0	0	0.6217715	3.06356	17.73839	60.71932	161.6748	363.0261	615.0917	841.7699	989.9869	1105.135	1200.357
116.35	0	0	0	0	0	0	0	0.6217715	3.458858	20.24136	66.06642	179.4525	377.8803	622.2352	849.3934	984.4157	1106.03	1205.833
117	0	0	0	0	0	0	0	0.888245	3.360033	24.26786	74.38414	191.4332	396.0663	633.0994	845.7405	992.6881	1098.34	1197.147
117.65	0	0	0	0	0	0	0	1.154719	4.348278	24.59434	80.44419	207.1498	414.6688	652.0002	857.4935	998.7657	1088.505	1194.693
118.3	0	0	0	0	0	0	0	1.154719	4.743576	28.72967	85.31599	220.1611	436.1866	671.4962	856.0641	988.1298	1090.472	1202.434
118.95	0	0	0	0	0	0	0	1.065894	5.929471	26.55318	94.46548	231.8841	449.6526	687.2715	847.3287	994.5452	1097.267	1201.868
119.6	0	0	0	0	0	0	0	0.9770696	7.411838	28.83849	100.4067	249.5331	467.6998	702.0052	863.2112	1000.116	1094.406	1205.644
120.25	0	0	0	0	0	0	0	1.154719	6.621242	31.77676	107.655	254.8149	477.5563	713.7623	866.2289	993.5322	1093.154	1195.07
120.9	0	0	0	0	0	0	0	0.9770696	6.324769	33.95325	117.0421	272.9791	497.1306	722.0965	875.2819	984.0781	1098.877	1189.028
121.55	0	0	0	0	0	0	0	0.7994205	8.103609	39.93859	124.4093	284.5733	511.7071	724.7753	870.8348	1000.792	1084.034	1197.903
122.2	0	0	0	0	0	0	0	1.065894	8.696556	41.67979	134.034	299.2593	518.2319	739.9554	881.6348	1004.337	1082.782	1199.413
122.85	0	0	0	0	0	0	0	1.065894	9.487152	44.94452	140.3317	309.4365	524.0625	739.2113	890.3702	1001.636	1077.954	1191.672
123.5	0	0	0	0	0	0	0	0.9770696	10.0801	44.18275	147.6989	319.0983	539.3332	745.1643	895.6114	1007.038	1096.373	1198.091
124.15	0	0	0	0	0	0	0.07882451	1.421192	11.56247	49.51515	151.5013	333.0114	552.7992	752.0103	893.7055	1023.245	1091.008	1194.504
124.8	0	0	0	0	0	0	0.07882451	1.77649	13.04484	52.99754	161.839	344.6056	555.4368	742.4855	887.9878	1010.415	1084.213	1199.602
125.45	0	0	0	0	0	0	0.07882451	1.954139	13.14366	55.39167	157.799	354.6539	571.8181	762.4279	893.5467	1009.571	1066.509	1185.063
126.1	0	0	0	0	0	0	0.07882451	1.77649	14.23073	59.85348	164.0966	363.1563	582.5076	780.1381	895.1349	998.7657	1070.086	1186.196
126.75	0	0	0	0	0	0	0.07882451	1.865315	15.02133	64.09763	170.9885	372.6893	588.6159	777.0128	900.535	1011.596	1086.001	1192.427
127.4	0	0	0	0	0	0.06882451	0.07882451	1.77649	15.12015	67.0359	181.6827	382.9953	599.1666	777.9057	894.6584	1012.609	1081.173	1191.294
128.05	0	0	0	0	0	0.06882451	0.07882451	1.598841	14.72485	70.30063	190.3569	399.7424	612.7714	789.6628	889.4172	1011.428	1085.107	1185.251
128.7	0	0	0	0	0	0.06882451	0	1.865315	16.00957	71.4977	197.6051	406.9566	608.0513	793.3834	891.3231	992.0128	1087.968	1169.39
129.35	0	0	0	0	0	0.06882451	0	2.575911	17.09664	74.21832	205.804	413.6555	608.329	788.9187	911.8115	999.7787	1068.655	1180.153
130	0	0	0	0	0	0.06882451	0	2.131788	16.10839	77.48305	213.6465	419.3238	626.3762	789.514	912.7644	1000.623	1069.192	1189.783
130.65	0	0	0	0	0	0.06882451	0	2.398262	14.72485	80.20366	220.5383	426.0226	646.0892	793.6811	918.1645	990.9998	1080.815	1191.672
131.3	0	0	0	0	0	0.06882451	0	2.220613	17.49194	84.44781	227.6678	432.2062	637.3433	795.9135	904.0291	997.9216	1065.258	1172.789
131.95	0	0	0	0	0	0.06882451	0	2.842384	19.27078	84.55664	230.876	435.8133	652.4752	794.7228	895.7702	977.8315	1063.291	1176.566
132.6	0	0	0	0	0	0.06882451	0	2.220613	18.57901	89.01845	240.5008	435.0403	645.2563	799.1876	892.4349	990.3245	1062.396	1185.818
133.25	0	0	0	0	0	0.06882451	0.07882451	2.042964	18.87548	88.3655	245.1349	453.8487	654.5576	797.6993	898.1526	1000.792	1074.735	1179.776
133.9	0	0	0	0	0	0	0.07882451	2.042964	20.35785	89.23609	248.8185	455.3946	653.7246	788.7699	882.2701	996.7399	1070.086	1178.265
134.55	0	0	0	0	0	0	0.07882451	2.131788	22.72964	89.45374	261.2951	468.0194	666.9129	788.3234	889.7349	990.1557	1069.549	1188.65
135.2	0	0	0	0	0	0	0.07882451	2.575911	21.24727	94.78615	267.474	478.4542	657.334	792.1929	885.6055	975.9745	1072.053	1170.901
135.85	0	0	0	0	0	0	0	2.75356	24.50848	96.74499	268.0681	487.4719	656.9175	801.2711	875.9172	990.9998	1064.363	1187.517
136.5	0	0	0	0	0	0	0	2.75356	22.82846	101.9686	266.761	492.8826	666.4965	794.1276	880.6819	996.571	1069.192	1186.007
137.15	0	0	0	0	0	0	0	2.842384	23.91553	104.798	268.1869	493.1402	667.8847	790.5558	872.423	985.091	1071.159	1177.698
137.8	0	0	0	0	0	0	0	2.931209	23.02611	108.2804	276.6234	493.7843	663.8588	785.9422	870.3583	975.1304	1077.954	1179.964
138.45	0	0	0	0	0	0	0.07882451	2.75356	24.50848	108.0627	274.7223	497.7779	670.9388	799.7829	877.9819	994.714	1069.728	1170.146
139.1	0	0	0	0	0	0	0.07882451	2.487086	24.11318	108.6069	285.7729	500.8697	674.8259	794.1276	872.1053	980.7015	1063.291	1180.342
139.75	0	0	0	0	0	0	0	2.398262	23.52023	113.9393	292.0706	505.8938	668.44	806.48	888.9407	980.7015	1069.549	1177.887
140.4	0	0	0	0	0	0	0	2.487086	25.99084	114.3746	294.0906	513.881	676.6306	802.0153	893.0702	990.6622	1053.813	1173.733
141.05	0	0	0	0	0	0	0	2.487086	25.0026	116.8775	300.9825	504.0903	677.6024	797.4017	895.7702	983.4028	1057.568	1176.377
141.7	0	0	0	0	0	0	0.07882451	2.664735	26.18849	121.2305	306.0919	510.5315	675.2424	792.7881	878.2995	980.7015	1065.973	1186.196
142.35	0	0	0	0	0	0	0.07882451	3.020033	27.17674	123.407	307.7555	525.9905	674.5483	788.621	887.5114	985.2598	1068.834	1176.566
143	0	0	0	0	0	0	0.07882451	2.842384	28.36263	124.2776	309.3002	529.5975	684.6824	789.9604	892.1172	990.4933	1058.462	1167.124
143.65	0	0	0	0	0	0	0.07882451	2.931209	28.95558	129.0659	311.6767	513.7521	685.6542	789.6628	894.0231	987.6234	1065.973	1152.962
144.3	0	0	0	0	0	0	0.07882451	2.842384	27.27556	132.8747	319.7567	525.0887	683.5718	785.1981	890.2114	987.961	1065.973	1152.207
144.95	0	0	0	0	0	0	0.07882451	3.375331	27.17674	138.0983	320.2321	518.5186	685.5154	792.7881	882.2701	993.1946	1061.502	1160.704
145.6	0	0	0	0	0	0	0.07882451	3.375331	29.25205	137.8806	322.8462	527.4075	690.3743	793.2346	890.3702	980.5327	1064.006	1160.138
146.25	0	0	0	0	0	0.06882451	0.157649	3.108858	28.26381	135.5953	328.5497	529.8552	678.713	805.7359	883.0643	975.9745	1051.488	1163.725
146.9	0	0	0	0	0	0	0.2364735	3.020033	29.845	141.9072	330.9262	530.6281	683.9883	788.9187	883.5407	979.1821	1052.561	1168.635
147.55	0	0	0	0	0	0	0.07882451	2.664735	30.43795	139.4042	334.0157	525.2175	684.5436	788.4722	881.9525	973.6109	1064.006	1157.494
148.2	0	0	0	0	0	0	0.07882451	3.464156	29.74618	140.9277	340.551	531.1434	687.1813	796.5087	893.5467	975.1304	1064.363	1162.781
148.85	0	0	0	0	0	0	0	3.641805	32.31561	144.5189	337.2239	543.3818	686.0707	798.2947	880.8407	976.6498	1060.787	1158.627
149.5	0	0	0	0	0	0	0.07882451	2.931209	34.98388	146.0425	339.9569	541.4494	677.3248	790.8534	880.5231	971.4162	1064.721	1152.018
150.15	0	0	0	0	0	0	0.157649	2.75356	35.87329	149.0896	343.5216	541.3206	674.8259	782.5192	880.5231	972.598	1054.17	1153.718
150.8	0	0	0	0	0	0	0.157649	2.575911	33.69916	149.9602	345.5417	545.5718	677.3248	780.2869	883.8584	980.8704	1063.827	1144.088
151.45	0	0	0	0	0	0	0.157649	3.020033	33.99563	148.8719	352.7899	546.86	686.7648	798.4435	874.4877	969.728	1066.152	1160.704
152.1	0	0	0	0	0	0	0.157649	3.464156	36.96037	149.416	354.5723	550.0806	674.5483	792.7881	869.8818	967.0268	1057.926	1154.851
152.75	0	0	0	0	0	0	0.157649	3.730629	35.87329	153.8779	357.7806	550.2095	677.7412	785.3469	868.77	965.845	1060.072	1147.487
153.4	0	0	0	0	0	0	0.157649	3.730629	38.24508	154.5308	362.4147	547.2465	686.3483	790.2581	884.176	968.8839	1059.535	1145.409
154.05	0	0	0	0	0	0	0.2364735	3.730629	38.14626	154.7484	363.8406	548.9212	689.1248	786.3887	887.5114	963.1438	1064.363	1148.62
154.7	0	0	0	0	0	0	0.157649	3.020033	36.76271	156.0543	364.1971	552.9148	687.3201	785.3469	892.9114	963.9879	1059.535	1154.284
155.35	0	0	0	0	0	0	0.157649	3.730629	36.26859	159.2103	364.1971	545.0565	682.4612	776.1198	879.7289	960.6115	1060.072	1170.712
156	0	0	0	0	0	0	0.157649	3.641805	33.99563	160.0808	371.8019	547.2465	685.6542	776.4174	877.9819	957.5726	1052.025	1161.648
156.65	0	0	0	0	0	0	0.07882451	3.020033	36.56507	161.3867	373.4654	545.9583	690.5131	780.7333	884.176	961.962	1043.441	1160.704
157.3	0	0	0	0	0	0	0.07882451	3.286507	38.7392	161.2779	369.0689	545.4429	695.5107	782.0728	871.47	978.1692	1043.799	1154.284
157.95	0	0	0	0	0	0	0.07882451	3.375331	37.55331	159.3191	369.663	554.203	685.0989	786.0911	875.123	964.832	1045.229	1155.04
158.6	0	0	0	0	0	0	0.157649	2.931209	36.96037	163.9985	364.5536	550.0806	690.7907	779.5428	868.4524	973.1044	1052.203	1164.292
159.25	0	0	0	0	0	0	0.07882451	3.020033	37.05919	164.6515	370.8513	553.6877	691.346	775.6733	863.6877	963.1438	1036.109	1156.172
159.9	0	0	0	0	0	0	0.07882451	3.286507	37.94861	173.031	370.2572	545.1853	678.4354	784.0075	879.2524	965.6761	1035.394	1133.325
160.55	0	0	0	0	0	0	0.07882451	2.75356	37.25684	169.1133	374.0595	548.4059	677.0471	778.3522	870.8348	965.6761	1041.474	1139.556
161.2	0	0	0	0	0	0	0.157649	3.108858	38.04744	169.3309	387.0114	551.4977	680.3789	783.1146	859.3994	969.3903	1051.13	1146.542
161.85	0	0	0	0	0	0	0.157649	2.75356	40.41922	173.031	387.962	559.2272	688.0142	771.0598	865.2759	967.7021	1039.149	1154.662
162.5	0	0	0	0	0	0	0.2364735	2.575911	42.19806	171.6162	387.4867	564.8954	674.6871	774.7804	876.8701	972.0915	1036.467	1150.319
163.15	0	0	0	0	0	0	0.157649	2.842384	41.70394	168.7868	386.1797	561.6749	671.2165	768.0833	878.1407	957.4037	1045.945	1155.04
163.8	0	0	0	0	0	0	0.07882451	2.131788	42.09924	166.2838	384.5161	565.0243	673.8541	769.4227	863.2112	970.5721	1053.276	1150.697
164.45	0	0	0	0	0	0	0.07882451	2.575911	41.60512	166.9368	389.6255	566.3125	671.4941	768.8274	858.6053	963.6503	1038.792	1140.878
165.1	0	0	0	0	0	0	0.07882451	2.664735	40.91335	164.978	392.8338	565.2819	675.1036	764.8091	864.0053	955.209	1042.547	1132.758
165.75	0	0	0	0	0	0	0.157649	3.020033	41.90159	170.0927	387.6055	563.4784	673.0212	771.2086	869.0877	955.3779	1048.269	1140.878
166.4	0	0	0	0	0	0	0.157649	2.931209	40.3204	179.3428	384.3973	568.2449	678.713	775.6733	861.1465	955.8843	1040.043	1142.577
167.05	0	0	0	0	0	0	0.157649	2.75356	41.70394	178.1457	382.3773	563.736	691.0684	773.441	858.9229	960.7803	1029.493	1136.157
167.7	0	0	0	0	0	0	0.157649	3.286507	43.68043	181.6281	382.0208	566.5702	683.433	768.6786	864.4818	964.832	1047.375	1142.577
168.35	0	0	0	0	0	0	0.2364735	3.197682	44.56985	180.2134	389.1503	561.8036	679.1295	779.3939	867.6583	968.5462	1041.832	1141.633
169	0	0	0	0	0	0	0.157649	3.020033	43.68043	184.5664	394.6162	561.9325	676.6306	773.1433	871.3112	965.845	1034.5	1146.542
169.65	0	0	0	0	0	0	0.07882451	2.575911	40.3204	183.9134	391.5267	569.4043	680.2401	781.6263	866.8641	945.2484	1025.022	1132.381
170.3	0	0	0	0	0	0	0.157649	2.664735	44.66868	181.9546	398.0621	567.3431	682.3224	772.548	862.8936	943.2225	1030.029	1122.939
170.95	0	0	0	0	0	0	0.157649	3.197682	43.87808	179.9957	400.0821	573.269	676.353	772.8456	848.5993	952.0014	1026.81	1140.122
171.6	0	0	0	0	0	0	0.2364735	3.464156	41.70394	181.9546	397.1115	564.7666	667.6071	772.548	855.5876	958.5856	1023.591	1147.298
172.25	0	0	0	0	0	0	0.07882451	3.108858	42.88984	181.7369	399.9633	569.4043	669.6894	773.7386	869.0877	953.6896	1038.97	1136.535
172.9	0	0	0	0	0	0	0.157649	3.108858	41.90159	181.8457	403.6469	567.7296	670.1059	768.8274	859.717	962.1309	1036.288	1131.436
173.55	0	0	0	0	0	0	0.2364735	3.55298	44.86633	183.4781	391.7644	560.129	668.7177	764.8091	864.3229	963.3126	1027.704	1134.646
174.2	0	0	0	0	0	0	0.157649	3.464156	47.23811	178.6898	392.8338	562.8343	671.0776	763.4697	857.6523	953.5208	1029.493	1129.737
174.85	0	0	0	0	0	0	0.2364735	3.286507	46.64517	185.7634	389.1503	559.8713	664.9694	771.6551	869.5641	949.9755	1036.109	1125.016
175.5	0	0	0	0	0	0	0.315298	3.197682	47.04047	193.49	392.2397	554.0742	665.247	771.0598	867.6583	958.2479	1038.97	1120.862
176.15	0	0	0	0	0	0	0.472947	4.263576	44.96515	190.3341	387.2491	562.4478	668.44	781.924	864.4818	939.1707	1034.857	1114.82
176.8	0	0	0	0	0	0	0.2364735	4.53005	46.94164	190.5517	392.715	555.1048	665.5247	769.2739	858.1288	946.9366	1048.269	1125.961
177.45	0	0	0	0	0	0	0.2364735	4.53005	48.72048	191.4223	398.6562	562.0613	668.3011	768.6786	855.7465	939.6772	1053.276	1116.708
178.1	0	0	0	0	0	0	0.2364735	4.352401	47.73223	192.0753	390.9326	561.4172	675.1036	766.2974	849.8699	944.9108	1025.022	1118.219
178.75	0	0	0	0	0	0	0.2364735	3.730629	45.85457	188.8105	393.3091	560.129	663.5811	771.0598	861.1465	954.7026	1038.792	1133.325
179.4	0	0	0	0	0	0	0.2364735	3.908278	48.91813	191.9664	400.3198	555.8777	659.5552	770.7621	849.2346	950.9885	1036.824	1119.163
180.05	0	0	0	0	0	0	0.157649	3.375331	48.42401	190.0076	393.0715	563.8649	664.9694	767.7856	854.4758	946.4302	1029.493	1119.541
180.7	0	0	0	0	0	0	0.157649	3.55298	47.43576	189.6811	400.3198	562.4478	665.247	770.1668	865.5936	943.0537	1041.653	1108.777
181.35	0	0	0	0	0	0	0.2364735	3.730629	46.94164	189.2458	398.2997	557.0372	672.4659	766.2974	861.3053	941.8719	1034.142	1110.477
182	0	0	0	0	0	0	0.2364735	3.464156	46.84282	195.0135	396.755	546.3447	658.0281	756.0285	868.77	948.9625	1018.942	1114.631
182.65	0	0	0	0	0	0	0.2364735	3.819454	48.52283	194.4694	396.755	547.8906	666.7741	760.4932	864.3229	945.0796	1036.824	1122.184
183.3	0	0	0	0	0	0	0.2364735	3.908278	47.33694	196.6459	401.0327	557.2948	675.3812	757.9632	843.0405	924.9894	1031.996	1122.184
183.95	0	0	0	0	0	0	0.315298	3.908278	45.26162	195.5576	400.795	555.7489	666.9129	758.2609	848.1229	942.0407	1028.956	1104.812
184.6	0	0	0	0	0	0	0	4.085927	47.53459	195.5576	394.8538	562.7054	662.4705	759.8979	853.3641	946.2614	1030.029	1114.253
185.25	0	0	0	0	0	0	0	3.819454	48.22636	198.8224	397.9433	556.9083	658.9999	764.3627	842.8817	939.3395	1029.85	1122.184
185.9	0	0	0	0	0	0	0.3941225	4.618874	45.45927	196.5371	400.4386	553.1724	661.9152	760.1956	843.1993	946.7678	1035.752	1116.33
186.55	0	0	0	0	0	0	0.3941225	4.618874	47.33694	198.9312	399.3692	557.166	662.4705	753.4985	842.8817	947.4431	1031.46	1111.61
187.2	0	0	0	0	0	0	0.3941225	4.441225	47.53459	192.837	401.7457	555.4913	656.7787	743.2296	840.4993	943.5602	1019.121	1116.142
187.85	0	0	0	0	0	0	0.3941225	4.53005	46.84282	196.7547	405.6669	559.7425	652.614	748.1408	839.7051	952.0014	1026.989	1111.799
188.5	0	0	0	0	0	0	0.2364735	4.352401	46.54634	191.64	404.241	555.7489	660.3882	763.7673	847.3287	945.5861	1013.935	1109.91
189.15	0	0	0	0	0	0	0.157649	4.352401	45.45927	194.2517	404.8351	551.4977	661.0823	759.8979	849.5523	935.7943	1020.015	1111.421
189.8	0	0	0	0	0	0	0.157649	3.908278	44.7675	198.6047	405.7857	549.1789	667.0518	763.9162	848.4405	940.3525	1014.829	1120.107
190.45	0	0	0	0	0	0	0.157649	3.730629	45.1628	197.5165	407.0927	550.8536	658.5834	760.4932	854.6346	946.599	1008.034	1110.099
191.1	0	0	0	0	0	0	0.157649	3.997103	47.92989	198.0606	407.6869	551.6265	650.3928	746.8014	848.7582	947.9496	1016.081	1105.379
191.75	0	0	0	0	0	0	0.157649	4.352401	49.2146	200.0194	402.1021	554.8472	650.1152	747.099	842.2463	931.236	1010.358	1111.799
192.4	0	0	0	0	0	0	0.07882451	3.997103	46.84282	195.6665	404.8351	564.509	662.3317	748.2896	843.8346	931.236	1016.081	1120.673
193.05	0	0	0	0	0	0	0.157649	4.53005	47.63341	201.8695	392.8338	557.0372	660.2493	757.5167	847.9641	934.106	1017.333	1126.149
193.7	0	0	0	0	0	0	0.07882451	4.707699	46.34869	202.9577	395.6856	550.3383	660.3882	753.052	847.3287	944.7419	1010.895	1112.743
194.35	0	0	0	0	0	0	0.07882451	4.441225	47.92989	199.3665	395.8044	565.6684	663.3035	755.2844	838.911	936.8072	1022.518	1108.966
195	0	0	0	0	0	0	0.07882451	4.53005	46.74399	198.1694	399.2503	559.6136	658.4446	756.0285	844.9464	936.4695	1016.438	1114.065
195.65	0	0	0	0	0	0	0.157649	4.618874	46.34869	205.3518	400.2009	546.2159	664.9694	755.2844	847.3287	946.2614	1008.749	1100.658
196.3	0	0	0	0	0	0	0.2364735	3.730629	45.06398	203.6107	407.0927	554.0742	655.8069	764.6603	848.7582	937.6513	1009.643	1112.932
196.95	0	0	0	0	0	0	0.157649	3.997103	45.85457	204.0459	401.0327	552.3995	648.7269	761.2374	844.7875	947.4431	1008.928	1111.988
197.6	0	0	0	0	0	0	0.315298	3.641805	46.54634	201.1077	397.8244	556.6507	654.6964	755.2844	830.1757	928.8724	1006.961	1099.903
198.25	0	0	0	0	0	0	0.3941225	3.108858	48.32518	202.1959	398.5374	543.1241	646.0892	764.2138	838.911	929.3789	1009.286	1085.363
198.9	0	0	0	0	0	0	0.315298	2.75356	47.33694	199.04	393.1903	551.4977	640.1198	759.3026	842.7228	928.366	1009.286	1094.427
199.55	0	0	0	0	0	0	0.2364735	2.842384	46.74399	200.3459	397.468	547.5042	644.1457	765.5533	831.4463	927.353	1001.417	1090.65
200.2	0	0	0	0	0	0	0.157649	2.842384	48.42401	198.7135	395.5668	549.3077	642.8963	756.3261	834.3051	920.9377	1005.173	1097.637
200.85	0	0	0	0	0	0	0.2364735	3.286507	47.83106	199.9106	397.5868	546.6024	642.7574	756.0285	833.0345	919.2495	1002.311	1091.406
201.5	0	0	0	0	0	0	0.157649	3.730629	47.13929	200.7812	399.7256	556.9083	645.2563	750.6708	831.1287	928.366	1007.318	1109.533
202.15	0	0	0	0	0	0	0.315298	3.286507	46.34869	196.8635	392.8338	548.1483	641.3692	748.4384	832.0816	931.0671	995.5161	1103.302
202.8	0	0	0	0	0	0	0.3941225	3.55298	46.94164	200.7812	400.795	542.9953	654.8352	751.5638	827.4756	918.4053	1006.424	1113.309
203.45	0	0	0	0	0	0	0.3941225	3.641805	45.65692	202.6312	402.4586	547.633	652.3364	754.6891	829.3816	920.4312	998.9137	1100.847
204.1	0	0	0	0	0	0	0.2364735	3.286507	47.23811	200.89	400.9139	552.5283	649.421	755.1356	842.7228	933.2618	994.2642	1107.645
204.75	0	0	0	0	0	0	0.2364735	3.730629	45.9534	202.7401	411.2516	553.9454	650.6705	754.0938	840.9758	919.4183	998.0196	1103.113
205.4	0	0	0	0	0	0	0.2364735	3.730629	45.9534	204.5901	405.7857	555.3624	651.0869	751.7126	837.3228	927.6907	1012.147	1103.113
206.05	0	0	0	0	0	0	0.157649	3.730629	47.73223	203.9371	409.8257	556.0066	660.527	747.5455	831.4463	931.236	1007.676	1096.504
206.7	0	0	0	0	0	0	0.157649	3.997103	47.04047	208.6166	409.4692	544.5412	651.2258	745.1643	840.3405	926.3401	1011.253	1096.126
207.35	0	0	0	0	0	0	0.07882451	3.997103	47.13929	209.0519	404.1221	543.7682	646.6445	757.3679	830.1757	919.0806	1009.107	1101.413
208	0	0	0	0	0	0	0	3.730629	46.84282	206.5489	403.7657	552.2706	657.334	753.9449	834.1463	920.9377	1012.147	1100.469
208.65	0	0	0	0	0	0	0	4.352401	48.72048	206.2224	407.8057	544.2835	642.341	743.8249	830.6522	924.6518	1020.194	1090.65
209.3	0	0	0	0	0	0	0	3.641805	48.32518	203.6107	400.3198	543.6394	641.7857	738.3184	834.3051	923.6389	1004.1	1095.371
209.95	0	0	0	0	0	0.06882451	0	3.464156	47.53459	202.8489	401.2704	543.2529	636.9268	730.133	818.2639	927.5219	997.8408	1100.092
210.6	0	0	0	0	0	0.06882451	0.2364735	3.375331	48.72048	205.5695	401.508	539.6459	638.7316	737.5742	820.8051	927.8595	996.9466	1083.853
211.25	0	0	0	0	0	0	0.07882451	3.108858	49.2146	207.5283	399.2503	546.2159	637.0657	753.3497	826.8404	918.0677	1000.881	1084.986
211.9	0	0	0	0	0	0	0.07882451	3.55298	49.51108	204.8077	403.8845	541.0629	645.1175	758.7073	822.2344	924.9894	998.1984	1090.65
212.55	0	0	0	0	0	0	0.157649	3.55298	50.49932	210.7931	402.1021	538.2288	650.9481	758.8561	829.6992	927.1842	996.2313	1085.93
213.2	0	0	0	0	0	0	0.157649	3.730629	50.59815	204.6989	401.8645	543.5106	655.5293	746.9502	823.6639	921.7818	993.7278	1101.036
213.85	0	0	0	0	0	0	0.2364735	3.375331	51.68521	206.4401	399.8445	536.1676	644.0069	754.8379	821.5992	911.3147	998.1984	1093.483
214.5	0	0	0	0	0	0	0.157649	3.197682	48.32518	204.5901	400.0821	542.3512	639.981	756.0285	826.3639	923.8077	982.9983	1089.706
215.15	0	0	0	0	0	0	0.157649	3.997103	47.92989	204.9165	404.3598	549.823	640.1198	751.2661	816.9933	921.7818	983.8925	1103.302
215.8	0	0	0	0	0	0	0.157649	4.263576	49.6099	201.6518	400.5574	541.0629	646.5057	741.7413	821.5992	914.3535	989.7936	1087.063
216.45	0	0	0	0	0	0	0.2364735	3.908278	49.80755	202.9577	403.2904	542.2224	641.3692	743.8249	820.3286	906.9252	993.7278	1084.042
217.1	0	0	0	0	0	0	0.157649	3.908278	50.89462	203.9371	404.0033	533.3334	648.5881	741.4437	821.4404	909.7953	993.1913	1081.209
217.75	0	0	0	0	0	0	0.157649	3.55298	48.91813	200.6724	399.9633	540.9341	648.1716	739.2113	818.4227	905.237	985.5018	1080.454
218.4	0	0	0	0	0	0	0	3.375331	50.49932	207.4195	398.2997	536.4252	650.5316	744.569	812.3873	905.237	977.9912	1080.454
219.05	0	0	0	0	0	0	0.07882451	3.286507	47.83106	209.7048	402.3398	544.5412	646.9222	733.8536	813.8168	919.9247	988.8995	1075.356
219.7	0	0	0	0	0	0	0.07882451	3.108858	49.51108	208.9431	401.508	542.7377	645.5339	738.7648	818.8992	928.8724	988.0054	1088.196
220.35	0	0	0	0	0	0	0	3.464156	48.81931	210.3578	395.9232	530.1129	637.3433	730.4307	819.5344	908.107	987.4689	1083.286
221	0	0	0	0	0	0	0	3.108858	49.6099	212.6431	396.8738	535.5235	638.0374	739.6578	799.0461	907.7693	985.1442	1082.342
221.65	0	0	0	0	0	0	0	2.664735	48.91813	209.7048	403.8845	529.2111	632.4844	740.9972	808.7344	910.9771	978.3489	1094.993
222.3	0	0	0	0	0	0	0	3.375331	50.59815	210.5754	403.528	536.9406	635.6774	739.6578	809.052	911.6523	981.7465	1075.356
222.95	0	0	0	0	0	0	0.07882451	3.020033	50.20285	214.1666	399.1315	539.6459	631.5127	746.3549	825.5698	902.1982	987.1113	1077.244
223.6	0	0	0	0	0	0	0.157649	2.842384	47.73223	207.9636	396.8738	550.0806	631.5127	738.1696	816.5168	919.0806	988.7207	1084.23
224.25	0	0	0	0	0	0	0.157649	2.931209	46.34869	207.4195	399.8445	544.67	627.6256	738.9137	824.2992	908.6135	975.8453	1075.922
224.9	0	0	0	0	0	0	0.07882451	3.197682	45.9534	208.3989	405.0728	540.9341	640.8139	731.1748	812.2285	905.5746	976.203	1064.593
225.55	0	0	0	0	0	0	0.07882451	3.197682	47.53459	206.7666	399.8445	540.4188	633.7339	731.9189	810.3226	914.86	969.2288	1077.433
226.2	0	0	0	0	0	0	0.07882451	3.197682	46.94164	207.8548	402.5774	549.05	643.5904	737.4254	808.5756	909.9641	967.9771	1075.356
226.85	0	0	0	0	0	0	0.07882451	3.55298	47.92989	204.1548	396.9927	539.0017	643.7292	731.7701	813.9756	915.7041	972.8053	1088.573
227.5	0	0	0	0	0	0	0.07882451	3.641805	47.04047	203.9371	404.1221	536.5541	638.3151	717.1853	802.8578	913.6782	971.5535	1075.167
228.15	0	0	0	0	0	0	0.07882451	3.464156	46.94164	206.3313	399.0127	535.7811	636.6492	724.0312	806.0344	906.4188	965.2947	1066.67
228.8	0	0	0	0	0	0	0.07882451	3.819454	45.85457	207.093	404.5974	533.4623	627.6256	730.2819	807.9402	906.4188	978.7065	1073.467
229.45	0	0	0	0	0	0	0	3.464156	46.74399	208.7254	400.6762	532.6893	637.621	734.1513	808.7344	910.3018	971.5535	1070.068
230.1	0	0	0	0	0	0	0.157649	3.286507	46.94164	205.6783	401.9833	537.5847	638.3151	732.663	814.7697	911.3147	975.8453	1060.25
230.75	0	0	0	0	0	0	0.157649	4.085927	44.56985	210.4666	405.3104	532.4317	629.8468	724.6265	816.6756	904.5617	976.9183	1060.438
231.4	0	0	0	0	0	0	0.07882451	3.730629	43.18631	206.5489	411.2516	533.3334	636.0939	724.3289	813.658	914.3535	981.5677	1068.558
232.05	0	0	0	0	0	0	0.07882451	3.730629	47.43576	205.896	397.9433	528.1805	625.1268	732.663	814.6109	912.8341	973.3418	1062.327
232.7	0	0	0	0	0	0	0.07882451	4.085927	46.44752	206.7666	397.468	533.7199	627.4868	730.4307	809.3697	904.3929	968.3347	1053.83
233.35	0	0	0	0	0	0	0.157649	4.263576	47.63341	206.2224	399.2503	537.7135	625.1268	732.5142	814.6109	914.86	955.9958	1062.893
234	0	0	0	0	0	0	0.2364735	3.997103	47.53459	208.8342	399.488	534.4929	626.2374	730.7283	811.5932	903.8864	961.0029	1066.103
234.65	0	0	0	0	0	0	0.07882451	4.085927	46.94164	208.3989	391.8832	537.8423	634.428	726.8589	793.1696	893.2505	968.6923	1074.034
235.3	0	0	0	0	0	0	0.07882451	4.085927	45.85457	206.4401	389.1503	528.0516	632.7621	714.2088	810.3226	892.5751	980.8524	1071.768
235.95	0	0	0	0	0	0	0.07882451	4.352401	45.85457	209.4872	400.4386	537.4558	630.9574	721.9477	812.3873	896.2893	965.6523	1073.09
236.6	0	0	0	0	0	0	0.157649	3.819454	45.06398	205.243	398.1809	536.0388	624.5715	719.4177	806.5109	905.0682	959.0358	1075.733
237.25	0	0	0	0	0	0	0.2364735	3.819454	43.77925	211.2284	398.5374	533.7199	628.875	722.543	812.2285	895.4452	960.1088	1066.103
237.9	0	0	0	0	0	0	0.315298	3.908278	44.17455	210.2489	393.7844	535.6523	640.2586	720.9059	806.9873	892.4063	977.4548	1060.627
238.55	0	0	0	0	0	0	0.2364735	3.730629	44.17455	207.9636	387.962	531.9164	630.2632	728.3471	811.4344	887.1728	974.0571	1052.13
239.2	0	0	0	0	0	0	0.315298	3.464156	44.86633	207.9636	387.0114	532.6893	635.8162	727.4542	808.4167	893.5881	974.9512	1059.494
239.85	0	0	0	0	0	0	0.315298	3.375331	45.75574	209.3783	396.5174	533.5911	632.7621	724.3289	808.8932	890.7181	966.0099	1066.858
240.5	0	0	0	0	0	0	0.157649	4.085927	47.63341	211.9901	391.0515	530.2416	631.6515	723.8824	805.399	887.3416	955.9958	1063.46
241.15	0	0	0	0	0	0	0.157649	3.997103	46.64517	214.1666	398.0621	523.9293	631.0962	724.4777	798.252	890.3804	963.5064	1053.641
241.8	0	0	0	0	0	0	0.2364735	4.352401	45.1628	206.3313	392.4774	528.3093	640.5363	727.0077	807.3049	901.5229	959.9299	1059.494
242.45	0	0	0	0	0	0	0.157649	3.55298	45.75574	207.9636	398.1809	521.3528	625.9597	722.9894	807.1461	896.627	963.1488	1071.957
243.1	0	0	0	0	0	0.06882451	0.157649	3.286507	45.85457	208.9431	392.002	537.4558	616.7973	716.2924	812.5461	894.7699	963.6852	1058.739
243.75	0	0	0	0	0	0	0.157649	3.197682	43.48278	211.5548	395.6856	526.5057	628.3197	710.9347	807.6226	891.2245	971.3747	1058.361
244.4	0	0	0	0	0	0	0.157649	3.997103	43.18631	214.4931	396.6362	520.9663	623.5997	716.8876	816.0403	882.9521	969.2288	1063.082
245.05	0	0	0	0	0	0	0.07882451	4.085927	43.97691	216.3431	397.3492	537.4558	630.1245	715.697	801.1108	877.2122	960.4664	1070.257
245.7	0	0	0	0	0	0	0.315298	4.618874	45.9534	215.146	399.7256	538.6152	628.1809	730.2819	778.8754	881.4327	951.3464	1050.997
246.35	0	0	0	0	0	0	0.3941225	4.441225	45.75574	211.3372	404.3598	535.7811	619.7126	722.543	785.3872	875.355	966.0099	1047.976
247	0	0	0	0	0	0	0.3941225	4.53005	47.63341	213.8401	399.6068	535.6523	620.2679	716.1435	803.3344	882.7833	966.9041	1054.207
247.65	0	0	0	0	0	0	0.315298	3.730629	45.9534	208.7254	394.4973	525.4752	611.2443	699.1776	797.299	897.3022	981.2101	1057.04
248.3	0	0	0	0	0	0	0.2364735	3.464156	44.86633	209.8136	397.5868	521.7393	619.1573	706.3211	796.5049	874.8486	966.9041	1054.774
248.95	0	0	0	0	0	0.06882451	0.2364735	3.286507	48.32518	208.8342	396.9927	532.8182	618.8796	717.9294	795.3931	883.4586	962.4335	1065.914
249.6	0	0	0	0	0	0.06882451	0.07882451	3.108858	49.41225	207.8548	398.2997	527.2787	611.6608	712.7206	788.4048	884.978	956.5323	1054.963
250.25	0	0	0	0	0	0.06882451	0.07882451	3.464156	48.22636	207.8548	392.4774	527.1499	609.8561	713.3159	801.2697	893.0816	954.9229	1065.159
250.9	0	0	0	0	0	0.06882451	0.157649	3.641805	47.23811	206.4401	392.9526	525.7328	613.6043	722.543	806.9873	881.7704	960.4664	1061.949
251.55	0	0	0	0	0	0	0.157649	2.931209	46.84282	208.9431	398.5374	527.794	615.5479	711.2323	802.0638	883.7963	962.4335	1033.625
252.2	0	0	0	0	0	0.06882451	0.07882451	2.575911	46.05222	206.6577	394.2597	523.8004	609.3008	717.9294	791.5814	881.6016	953.8499	1044.577
252.85	0	0	0	0	0	0.06882451	0.2364735	3.197682	46.64517	204.5901	395.2103	529.0822	617.4914	714.2088	794.599	875.6927	946.5181	1047.598
253.5	0	0	0	0	0	0.137649	0.157649	2.931209	48.12753	204.3724	395.8044	521.9969	616.6584	716.59	799.2049	877.7186	952.777	1056.473
254.15	0	0	0	0	0	0.06882451	0.157649	3.108858	48.32518	207.093	393.5468	517.8745	613.7432	719.4177	793.3284	884.4716	964.4006	1046.465
254.8	0	0	0	0	0	0.06882451	0	3.108858	46.54634	204.3724	397.9433	527.9229	612.6326	717.7806	790.3107	883.7963	961.1817	1044.388
255.45	0	0	0	0	0	0.06882451	0.157649	3.108858	48.52283	204.1548	391.4079	523.1563	619.1573	721.3524	786.499	884.8092	950.0946	1052.13
256.1	0	0	0	0	0	0	0.2364735	3.197682	48.52283	204.9165	393.0715	530.757	620.6844	712.1252	793.6461	882.2769	957.6052	1048.165
256.75	0	0	0	0	0	0	0.3941225	3.641805	47.92989	202.8489	390.9326	520.8375	626.0985	708.5535	790.4695	889.7051	958.4993	1054.396
257.4	0	0	0	0	0	0	0.3941225	3.908278	50.20285	208.7254	392.8338	531.9164	628.4586	699.1776	788.8813	886.3287	961.3605	1036.08
258.05	0	0	0	0	0	0	0.2364735	2.842384	50.4005	210.9019	386.0608	524.1869	625.6821	702.8981	784.4342	894.4323	959.0358	1039.29
258.7	0	0	0	0	0	0	0.2364735	3.020033	50.4005	210.2489	383.4467	531.4011	619.8514	704.9817	789.199	878.9004	958.3205	1034.569
259.35	0	0	0	0	0	0	0.2364735	3.464156	50.49932	210.1401	384.5161	525.2175	618.7408	710.1906	796.3461	871.6409	962.0759	1037.591
260	0	0	0	0	0	0	0.2364735	3.55298	48.81931	207.8548	383.6843	520.0645	613.7432	718.2271	791.4225	882.108	945.8028	1029.094
260.65	0	0	0	0	0	0	0.157649	3.55298	50.10402	206.5489	388.5561	521.6104	616.7973	713.7623	785.8636	879.0692	954.744	1033.059
261.3	0	0	0	0	0	0	0.07882451	3.197682	49.80755	208.7254	393.0715	517.2304	608.0513	718.5247	782.3695	875.355	957.7841	1028.149
261.95	0	0	0	0	0	0	0.07882451	3.464156	49.80755	208.5078	392.4774	527.2787	610.1337	716.7388	780.4636	875.0174	946.1605	1033.059
262.6	0	0	0	0	0	0	0.07882451	4.085927	50.99345	207.093	394.3785	519.9357	616.3808	705.4282	784.2754	874.1733	944.0146	1023.995
263.25	0	0	0	0	0	0	0.07882451	3.108858	50.20285	208.6166	395.3291	514.9116	626.9315	706.4699	773.3165	882.7833	956.1746	1039.479
263.9	0	0	0	0	0	0	0.07882451	3.375331	49.2146	201.543	384.3973	511.0468	616.9361	703.6423	781.4166	880.5886	948.3063	1035.702
264.55	0	0	0	0	0	0	0.157649	3.908278	49.2146	200.89	395.2103	516.7151	612.9102	710.4882	789.6754	876.5368	944.3722	1045.71
265.2	0	0	0	0	0	0	0.157649	3.641805	50.7958	200.89	388.5561	515.9421	605.2748	706.6188	785.3872	874.5109	943.1204	1032.492
265.85	0	0	0	0	0	0	0.07882451	3.730629	49.70872	205.5695	388.7938	507.8262	603.1925	705.1305	782.0519	877.7186	942.0475	1020.408
266.5	0	0	0	0	0	0	0.07882451	4.263576	49.6099	202.9577	384.9914	507.5685	611.3831	710.9347	783.3224	865.0568	941.3322	1035.514
267.15	0	0	0	0	0	0	0.157649	3.730629	49.11578	200.6724	386.5361	501.1273	609.5784	710.7858	780.6224	862.6932	936.8616	1027.961
267.8	0	0	0	0	0	0	0.315298	3.197682	49.01696	196.9724	384.5161	507.0533	614.1596	711.6788	785.8636	866.4073	934.1792	1033.814
268.45	0	0	0	0	0	0	0.2364735	3.55298	51.68521	198.0606	380.3572	509.2433	610.689	699.7728	779.1931	869.4462	939.5439	1043.633
269.1	0	0	0	0	0	0	0.2364735	3.464156	50.69697	202.4136	386.8926	506.9244	602.0819	701.1122	769.9812	859.6544	941.6898	1040.423
269.75	0	0	0	0	0	0	0.2364735	3.55298	48.91813	200.0194	387.962	505.8938	612.0773	708.4047	775.8577	852.7326	948.1275	1033.059
270.4	0	0	0	0	0	0	0.157649	3.819454	50.69697	205.896	384.3973	508.4703	608.1902	706.3211	778.2401	865.0568	934.1792	1027.016
271.05	0	0	0	0	0	0	0.157649	3.908278	48.91813	205.3518	386.6549	510.5315	604.1642	712.2741	775.2224	861.005	947.0546	1037.968
271.7	0	0	0	0	0	0	0.157649	4.352401	49.01696	202.4136	389.3879	517.6169	602.776	704.0887	774.2695	868.6021	936.8616	1024.562
272.35	0	0	0	0	0	0	0.157649	4.085927	50.4005	202.9577	378.2184	513.108	608.329	697.2428	776.1754	868.2644	932.0333	1018.519
273	0	0	0	0	0	0	0.07882451	3.997103	50.10402	205.7871	377.6243	509.6297	599.3054	697.9869	779.0342	867.5891	928.0992	1018.897
273.65	0	0	0	0	0	0	0.07882451	4.263576	49.6099	209.1607	381.7831	516.7151	599.4442	693.5222	778.0812	862.0179	935.0734	1032.304
274.3	0	0	0	0	0	0	0.07882451	4.263576	50.89462	209.1607	381.5455	516.9727	615.8255	699.624	778.0812	860.1608	940.0804	1021.541
274.95	0	0	0	0	0	0	0.07882451	3.730629	47.33694	204.1548	379.4066	523.1563	613.049	703.0469	785.546	856.7844	933.6428	1026.639
275.6	0	0	0	0	0	0	0.07882451	3.197682	47.43576	206.5489	378.0996	518.0034	607.496	696.201	767.2812	870.9656	933.8216	1026.45
276.25	0	0	0	0	0	0	0.07882451	3.464156	46.34869	209.2695	380.9514	519.4204	609.9949	695.0104	769.8224	869.1086	950.631	1027.016
276.9	0	0	0	0	0	0	0.07882451	3.730629	45.45927	208.3989	383.3279	510.918	605.136	697.094	779.1931	871.3033	940.9745	1017.953
277.55	0	0	0	0	0	0	0.07882451	4.085927	47.73223	205.7871	382.0208	507.955	595.1406	691.2899	779.3519	883.4586	931.6757	1029.849
278.2	0	0	0	0	0	0	0.07882451	3.819454	48.62166	205.3518	384.6349	506.1515	607.7737	702.154	767.44	867.2515	923.0921	1032.87
278.85	0	0	0	0	0	0	0.157649	3.641805	50.0052	207.3107	387.8432	511.6909	603.7478	707.2141	769.6636	860.1608	931.4968	1019.841
279.5	0	0	0	0	0	0	0.07882451	3.908278	48.32518	203.5018	390.2197	510.918	600.6937	693.3734	774.2695	866.9138	918.6215	1033.437
280.15	0	0	0	0	0	0	0.07882451	4.174752	46.84282	206.8754	380.5949	513.7521	604.9972	688.7598	771.4106	863.875	918.8003	1022.485
280.8	0	0	0	0	0	0	0.07882451	4.085927	45.45927	204.1548	382.1396	514.9116	602.776	699.1776	769.0283	862.3556	928.8145	1032.492
281.45	0	0	0	0	0	0	0.157649	3.464156	48.02871	208.2901	386.7738	520.1934	603.3313	704.9817	772.2048	855.7714	929.351	1018.708
282.1	0	0	0	0	0	0	0.07882451	3.997103	47.23811	210.4666	383.209	509.8874	602.4984	696.7963	782.0519	863.1997	934.0004	1020.219
282.75	0	0	0	0	0	0	0.07882451	3.55298	45.9534	201.6518	383.5655	503.9615	601.1101	689.6528	777.2871	856.6155	927.2051	1018.519
283.4	0	0	0	0	0	0	0.07882451	3.286507	47.23811	204.0459	384.6349	507.5685	593.1971	689.6528	786.3401	862.6932	916.1179	1020.03
284.05	0	0	0	0	0	0	0	3.375331	47.33694	205.896	388.1996	503.9615	604.5807	692.4804	774.4283	849.6937	916.4756	1027.394
284.7	0	0	0	0	0	0	0.07882451	3.464156	46.15104	203.1754	384.0408	508.5992	604.1642	694.7128	768.3929	849.6937	904.6732	1024.939
285.35	0	0	0	0	0	0	0	3.108858	46.74399	201.543	381.0702	506.6668	607.2184	685.3369	764.5812	851.2131	917.3697	1020.03
286	0	0	0	0	0	0	0.07882451	3.908278	48.72048	198.0606	378.6937	508.728	588.0606	681.1697	766.9636	854.9273	921.6615	1015.876
286.65	0	0	0	0	0	0	0.07882451	4.618874	47.53459	198.6047	379.0502	501.7715	586.95	688.4622	769.9812	856.4467	923.0921	1010.022
287.3	0	0	0	0	0	0	0.07882451	4.263576	47.83106	201.1077	380.4761	503.8326	598.8889	699.4752	755.0517	851.2131	915.5815	1014.743
287.95	0	0	0	0	0	0	0	3.819454	48.32518	206.9842	384.2784	509.7586	599.5831	700.0705	762.9929	852.7326	924.165	1020.974
288.6	0	0	0	0	0	0	0.07882451	3.819454	47.73223	202.0871	382.3773	508.8568	596.1124	692.6293	770.2988	843.9537	923.6286	1021.729
289.25	0	0	0	0	0	0	0.07882451	3.819454	50.0052	198.8224	386.0608	516.1998	593.8912	692.9269	770.6165	859.3167	916.4756	1018.331
289.9	0	0	0	0	0	0	0.157649	3.641805	49.31343	201.8695	386.5361	516.7151	588.0606	688.9086	766.4871	866.0697	917.7274	1006.623
290.55	0	0	0	0	0	0	0.07882451	3.286507	46.24987	201.3253	390.695	518.0034	597.7783	686.9739	769.5047	864.2126	909.1438	1013.043
291.2	0	0	0	0	0	0	0.07882451	3.197682	47.23811	194.7959	392.715	503.7038	603.4702	679.3839	770.4577	852.9014	909.5015	1029.471
291.85	0	0	0	0	0	0	0.07882451	4.085927	47.13929	194.0341	387.7244	503.3174	596.5289	681.3186	756.3223	852.9014	912.1838	1018.897
292.5	0	0	0	0	0	0	0.07882451	3.730629	46.94164	196.7547	387.962	512.8503	596.1124	688.9086	754.8929	844.4602	918.6215	1019.086
293.15	0	0	0	0	0	0	0.07882451	3.730629	47.63341	202.9577	380.8326	502.5444	594.1689	677.3004	748.8575	835.6813	917.9062	1018.897
293.8	0	0	0	0	0	0	0.07882451	4.174752	48.12753	206.1136	381.5455	501.1273	601.249	687.718	758.7047	836.3566	910.0379	1020.596
294.45	0	0	0	0	0	0	0.07882451	4.796523	44.96515	204.8077	384.6349	503.8326	600.8325	680.128	752.5105	844.629	905.5673	1017.953
295.1	0	0	0	0	0	0	0.157649	3.997103	45.1628	202.6312	379.5255	498.0356	598.4725	681.4674	756.1635	852.7326	907.7132	1021.163
295.75	0	0	0	0	0	0	0.07882451	4.174752	43.87808	198.0606	376.3172	495.0726	597.5007	684.8904	762.5165	847.1614	898.2355	1020.03
296.4	0	0	0	0	0	0	0.07882451	4.974172	46.24987	196.9724	377.0302	499.4526	592.9194	689.3551	760.2929	845.642	910.2167	1015.876
297.05	0	0	0	0	0	0	0.07882451	5.062997	46.15104	197.4077	380.5949	507.4397	592.3641	688.4622	752.5105	848.3431	916.8333	1016.065
297.7	0	0	0	0	0	0	0.07882451	4.441225	46.24987	197.843	378.2184	502.802	595.0018	689.2063	756.64	848.8496	917.9062	1015.498
298.35	0	0	0	0	0	0	0.07882451	4.352401	47.63341	200.6724	377.8619	508.0839	582.6464	689.3551	759.8164	843.2784	923.6286	1018.331
299	0	0	0	0	0	0	0.07882451	4.707699	46.64517	197.843	377.8619	509.7586	597.0842	681.0209	755.8458	845.4731	906.1038	1022.485
299.65	0	0	0	0	0	0	0.07882451	4.618874	46.34869	197.4077	377.2678	508.0839	590.2818	682.2115	762.3576	853.0703	903.0638	1002.092
300.3	0	0	0	0	0	0	0.07882451	4.085927	44.7675	203.7195	378.5749	508.4703	591.5312	680.128	765.6929	850.369	915.4026	994.7275
300.95	0	0	0	0	0	0	0.07882451	3.375331	48.12753	201.8695	378.2184	505.765	603.7478	684.8904	760.7694	839.0578	908.965	995.4828
301.6	0	0	0	0	0	0	0	3.641805	46.54634	198.7135	376.7925	500.9985	597.7783	681.9139	752.0341	839.3954	914.3297	994.3499
302.25	0	0	0	0	0	0	0.07882451	3.55298	46.44752	202.3047	371.0889	496.8761	604.1642	666.585	743.934	836.3566	914.3297	999.0704
302.9	0	0	0	0	0	0	0.157649	3.641805	46.24987	200.4547	365.8607	498.1644	604.5807	676.8538	749.9693	845.9796	913.7932	1004.924
303.55	0	0	0	0	0	0	0.157649	4.085927	44.96515	202.9577	366.0983	497.2626	598.056	676.5562	749.0164	835.3436	906.8191	1002.092
304.2	0	0	0	0	0	0	0.07882451	4.085927	44.17455	204.0459	370.1383	495.9743	591.2535	687.1227	753.6223	834.1619	911.6473	1004.924
304.85	0	0	0	0	0	0	0.07882451	3.819454	44.3722	204.9165	371.683	500.3544	583.757	679.6815	746.4752	830.2789	903.9579	999.0704
305.5	0	0	0	0	0	0	0.07882451	3.997103	47.83106	199.4753	377.149	499.1949	586.8112	677.0027	762.3576	824.3701	908.7861	1001.148
306.15	0	0	0	0	0	0	0	3.997103	47.13929	200.5636	369.9007	508.4703	592.6418	676.1097	752.987	836.6943	912.3626	1003.791
306.8	0	0	0	0	0	0	0.07882451	4.174752	45.45927	201.6518	370.7325	504.3479	595.4183	678.3421	753.1458	838.5513	910.2167	1002.28
307.45	0	0	0	0	0	0	0.157649	3.730629	44.7675	200.2371	376.6737	494.6861	597.7783	679.3839	752.1929	832.136	911.4685	991.3287
308.1	0	0	0	0	0	0	0.2364735	3.730629	46.54634	197.9518	379.2878	501.2562	592.9194	677.598	752.8282	833.993	909.1438	1001.903
308.75	0	0	0	0	0	0	0.2364735	3.55298	46.05222	202.4136	373.2278	495.3302	589.31	668.9661	744.7281	841.759	899.8449	995.2939
309.4	0	0	0	0	0	0	0.2364735	3.997103	44.86633	206.7666	370.376	505.5074	590.0042	670.9009	750.7634	835.1748	899.4872	1005.679
310.05	0	0	0	0	0	0	0.157649	3.730629	44.47103	204.1548	375.129	498.422	585.4229	665.3943	745.2046	842.9407	901.2755	997.5599
310.7	0	0	0	0	0	0	0	3.375331	44.86633	201.8695	379.169	499.5814	578.0652	666.7338	739.9634	833.4866	904.3156	991.8951
311.35	0	0	0	0	0	0.06882451	0	3.197682	43.58161	200.9989	376.0796	499.9679	578.7593	662.8643	743.934	834.1619	904.3156	986.9857
312	0	0	0	0	0	0.06882451	0	3.819454	42.98866	202.6312	370.6136	496.3608	585.2841	667.9244	748.381	828.2531	902.5273	999.2593
312.65	0	0	0	0	0	0.06882451	0.07882451	3.819454	46.74399	202.0871	377.6243	494.4285	585.1453	667.7756	738.6927	845.1355	904.1367	991.1398
313.3	0	0	0	0	0	0.06882451	0.07882451	3.730629	47.23811	201.9783	373.9407	498.6797	577.0934	681.0209	744.8869	836.3566	903.2426	981.5098
313.95	0	0	0	0	0	0.06882451	0.07882451	4.174752	48.02871	196.8635	367.5242	498.9373	578.3429	681.1697	749.334	841.4213	889.8307	991.1398
314.6	0	0	0	0	0	0.06882451	0.07882451	4.174752	46.05222	197.4077	373.1089	494.8149	580.5641	683.551	744.0928	837.0319	886.6119	1006.057
315.25	0	0	0	0	0	0.06882451	0.07882451	4.352401	46.15104	196.5371	367.9995	495.9743	580.1476	680.2768	741.2339	832.8113	895.1955	993.7834
315.9	0	0	0	0	0	0.06882451	0	4.53005	43.68043	196.3194	364.9101	498.9373	583.0629	676.8538	738.6927	823.0195	897.1625	997.1822
316.55	0	0	0	0	0	0.06882451	0.07882451	4.352401	46.84282	198.9312	368.356	496.6185	580.9805	661.3761	748.5399	833.4866	890.0096	1004.924
317.2	0	0	0	0	0	0	0.07882451	4.174752	46.34869	201.543	368.356	499.9679	576.9547	663.4597	750.4458	843.7849	888.4001	1003.036
317.85	0	0	0	0	0	0	0.157649	3.730629	46.05222	199.4753	363.2465	493.1402	582.7853	668.9661	748.5399	839.5643	895.9108	982.8315
318.5	0	0	0	0	0	0	0.157649	3.997103	47.43576	202.0871	367.8807	492.4961	582.23	669.2638	745.0458	825.5518	896.4473	973.9568
319.15	0	0	0	0	0	0	0.157649	3.997103	44.07573	202.7401	360.6324	491.4655	577.0934	672.8356	745.8399	818.2924	892.1555	981.1321
319.8	0	0	0	0	0	0	0.07882451	3.730629	45.06398	201.9783	364.4348	494.1708	583.4794	668.6685	747.9046	830.4478	900.3814	991.7063
320.45	0	0	0	0	0	0	0.07882451	4.263576	45.06398	198.6047	373.4654	496.4897	586.3947	671.645	748.8575	824.7077	892.1555	987.5522
321.1	0	0	0	0	0	0	0.07882451	3.908278	46.44752	191.0958	367.2866	487.9872	584.1735	673.7285	745.9987	829.6036	882.3201	987.9298
321.75	0	0	0	0	0	0	0.157649	4.263576	48.12753	193.1635	366.6924	486.3125	580.2864	669.7103	734.881	837.3696	887.3272	989.8181
322.4	0	0	0	0	0	0	0.2364735	3.997103	47.33694	196.6459	369.1877	481.6748	586.3947	663.162	734.4045	819.6429	887.6849	992.0839
323.05	0	0	0	0	0	0	0.157649	4.707699	45.06398	205.0254	377.9807	481.8036	591.2535	660.3344	725.5103	816.4353	881.6048	996.6157
323.7	0	0	0	0	0	0	0.157649	3.908278	42.98866	201.6518	377.9807	487.2143	575.1499	668.6685	724.5574	814.7471	889.4731	992.6505
324.35	0	0	0	0	0	0	0.07882451	4.352401	44.17455	199.9106	378.6937	486.4413	569.4581	662.5667	728.2103	814.9159	888.7578	985.0975
325	0	0	0	0	0	0	0.07882451	3.997103	42.29689	198.9312	372.0395	487.8584	573.7617	665.692	736.3104	809.8511	883.0354	987.1745
325.65	0	0	0	0	0	0	0.07882451	4.085927	42.88984	202.3047	373.1089	485.7972	582.9241	659.4414	745.2046	812.3835	877.8495	981.8875
326.3	0	0	0	0	0	0	0.07882451	4.618874	44.86633	198.9312	374.7725	484.1225	585.1453	660.3344	742.3458	827.4089	885.3601	986.2304
326.95	0	0	0	0	0	0	0.07882451	4.174752	44.17455	200.89	372.5148	489.4043	577.0934	665.0967	729.1633	810.6953	877.8495	986.2304
327.6	0	0	0	0	0	0	0.07882451	3.997103	42.79101	199.04	368.7124	494.8149	582.5076	668.6685	732.181	821.8377	884.6448	984.3422
328.25	0	0	0	0	0	0	0.07882451	4.174752	43.48278	201.8695	361.4641	494.042	570.2911	667.0314	739.1693	812.2147	890.3672	987.9298
328.9	0	0	0	0	0	0	0	4.441225	42.79101	201.6518	371.683	498.5508	572.7899	662.5667	738.6927	815.76	894.3013	986.4192
329.55	0	0	0	0	0	0	0	3.997103	43.18631	204.9165	371.9207	493.3979	581.2582	656.7625	730.5927	832.6425	883.0354	984.5309
330.2	0	0	0	0	0	0	0	4.441225	43.38396	201.543	370.9701	479.7425	569.3193	667.1802	736.3104	822.6818	875.1671	965.082
330.85	0	0	0	0	0	0	0	4.707699	42.19806	199.5841	369.4254	482.5766	567.6534	663.9061	738.0575	833.1489	876.5977	981.321
331.5	0	0	0	0	0	0	0.07882451	4.441225	42.49454	200.0194	373.3466	495.8455	580.1476	659.8879	740.7575	834.8372	877.313	972.4462
332.15	0	0	0	0	0	0	0.07882451	3.908278	44.3722	200.7812	364.7912	487.2143	574.0393	659.4414	735.3575	821.1624	881.9625	973.3903
332.8	0	0	0	0	0	0	0.07882451	4.085927	43.87808	196.4282	367.643	484.2513	574.5946	661.6738	735.9927	825.383	876.5977	982.8315
333.45	0	0	0	0	0	0	0.07882451	4.53005	42.88984	197.2988	364.7912	479.7425	568.2087	661.6738	722.3339	836.8631	871.233	983.7757
334.1	0	0	0	0	0	0	0.157649	4.085927	40.22157	193.3811	362.6524	487.4719	563.6275	658.2508	725.5103	821.6689	881.0684	968.2921
334.75	0	0	0	0	0	0	0.07882451	4.352401	43.48278	199.8018	362.7712	486.8278	565.571	652.4467	715.9809	803.7735	871.9483	961.3055
335.4	0	0	0	0	0	0	0.07882451	4.441225	47.04047	202.9577	365.623	486.5702	565.7098	662.5667	722.0162	803.9423	880.5319	973.3903
336.05	0	0	0	0	0	0	0.2364735	4.796523	46.34869	198.0606	366.5736	483.9937	573.7617	668.222	724.3986	799.7217	885.7178	966.4038
336.7	0	0	0	0	0	0	0.2364735	4.974172	47.33694	196.8635	373.4654	480.1289	571.5405	670.4544	734.2457	803.4359	887.8636	965.4597
337.35	0	0	0	0	0	0	0.2364735	5.062997	46.54634	201.7606	368.356	488.3737	565.8487	670.1567	725.9868	806.3058	875.5248	973.9568
338	0	0	0	0	0	0	0.157649	4.618874	46.15104	200.1283	369.663	486.5702	566.9593	665.8408	727.4163	802.5917	878.0283	982.4539
338.65	0	0	0	0	0	0	0.157649	4.796523	46.84282	202.1959	370.9701	480.5154	570.8464	650.8096	721.6985	811.0329	871.0541	972.8239
339.3	0	0	0	0	0	0	0.157649	4.174752	47.83106	202.5224	367.0489	484.2513	568.6252	656.4649	714.2338	803.7735	880.353	956.3961
339.95	0	0	0	0	0	0	0.157649	3.908278	47.83106	193.1635	369.0689	480.0001	560.4345	656.1672	715.028	806.9811	873.2001	953.3749
340.6	0	0	0	0	0	0	0.07882451	4.263576	46.54634	194.0341	362.4147	491.7231	560.2957	642.9219	722.9692	815.0847	870.16	961.1168
341.25	0	0	0	0	0	0	0.07882451	3.997103	47.73223	195.1223	361.1077	484.509	571.124	638.1595	721.8574	821.5001	870.3389	972.8239
341.9	0	0	0	0	0	0	0.07882451	4.352401	48.91813	194.7959	367.8807	481.2884	562.2393	644.4101	713.7573	815.2535	871.233	963.5715
342.55	0	0	0	0	0	0	0.315298	3.997103	48.12753	197.7341	366.9301	477.2948	559.1851	648.4283	731.5457	813.5653	867.2988	968.4809
343.2	0	0	0	0	0	0	0.157649	3.641805	50.0052	199.2577	366.9301	481.9325	565.1545	653.9349	726.9398	814.5782	873.3789	965.6485
343.85	0	0	0	0	0	0	0.157649	3.997103	49.31343	202.1959	369.9007	481.0307	564.1828	656.9114	726.3044	807.8253	872.4847	960.7391
344.5	0	0	0	0	0	0	0.157649	4.53005	50.10402	201.9783	359.6818	482.8343	566.6816	652.2978	726.3044	808.6694	870.8754	962.2497
345.15	0	0	0	0	0	0	0.07882451	4.796523	50.20285	198.7135	362.1771	493.7843	572.0958	651.256	712.8044	811.5394	874.273	961.3055
345.8	0	0	0	0	0	0	0.315298	4.618874	47.92989	198.3871	355.9982	484.3801	569.1805	646.9401	719.475	804.7864	862.8282	952.4308
346.45	0	0	0	0	0	0	0.3941225	4.53005	50.10402	202.6312	368.2372	487.2143	569.4581	649.619	724.3986	811.0329	857.8212	959.9838
347.1	0	0	0	0	0	0	0.3941225	4.441225	48.52283	198.1694	367.2866	487.4719	568.4863	645.1542	718.8397	814.5782	858.7153	962.6273
347.75	0	0	0	0	0	0	0.315298	4.53005	46.15104	198.0606	363.2465	485.7972	565.9875	643.9636	723.6044	808.5005	860.5035	967.348
348.4	0	0	0	0	0	0	0.2364735	3.908278	47.13929	200.1283	363.9595	479.6136	569.4581	642.0289	725.3515	814.4094	871.233	965.8373
349.05	0	0	0	0	0	0	0.2364735	3.730629	46.15104	203.0665	367.4054	487.6007	578.0652	644.2613	722.6515	801.2411	867.8353	956.2073
349.7	0	0	0	0	0	0	0.2364735	3.819454	45.85457	205.0254	368.8313	488.7602	575.8441	646.4937	726.7809	792.4622	861.3976	948.8431
350.35	0	0	0	0	0	0	0.315298	3.55298	46.44752	202.7401	376.9113	481.6748	571.6793	650.3631	731.7045	794.6569	850.3105	957.1514
351	0	0	0	0	0	0	0.2364735	4.352401	47.43576	198.4959	367.9995	482.7054	567.2369	645.6007	733.2927	796.3452	865.6895	945.6331
351.65	0	0	0	0	0	0	0.157649	4.263576	46.74399	199.693	368.1183	487.3431	569.0416	643.2195	725.0339	806.4747	862.2917	945.0667
352.3	0	0	0	0	0	0	0.157649	4.263576	47.53459	200.9989	363.1277	484.509	568.0699	650.3631	728.2103	808.8382	860.3247	939.4019
352.95	0	0	0	0	0	0	0.07882451	3.819454	45.9534	200.6724	360.3947	487.7296	564.7381	655.8696	713.122	804.6176	869.4448	958.2844
353.6	0	0	0	0	0	0	0.157649	4.263576	46.94164	198.2782	355.9982	475.7489	569.3193	658.9949	710.422	812.5524	865.5106	965.8373
354.25	0	0	0	0	0	0	0.315298	4.53005	45.26162	198.7135	357.3053	482.7054	561.684	655.572	708.1985	800.5658	858.3576	951.2979
354.9	0	0	0	0	0	0	0.315298	4.618874	46.34869	197.9518	359.563	480.5154	559.7404	650.8096	713.9161	807.4876	852.2776	944.8778
355.55	0	0	0	0	0	0	0.315298	3.997103	47.63341	199.2577	361.1077	475.6201	563.211	648.726	717.8868	805.6306	842.2634	947.3325
356.2	0	0	0	0	0	0	0.2364735	3.908278	45.75574	196.2106	364.9101	474.0742	562.7946	652.4467	712.9632	798.3711	844.5881	949.4096
356.85	0	0	0	0	0	0	0.2364735	4.53005	47.13929	194.687	361.583	473.0436	553.3545	650.9584	723.128	798.5399	855.4965	944.1225
357.5	0	0	0	0	0	0	0.2364735	3.908278	47.73223	197.5165	365.1477	471.1112	556.5474	631.6112	725.828	801.5787	857.8212	939.0243
358.15	0	0	0	0	0	0	0.2364735	4.707699	48.52283	199.4753	361.2265	476.9083	557.3804	644.2613	710.1044	789.9299	850.6682	948.2767
358.8	0	0	0	0	0	0	0.2364735	4.352401	48.62166	200.89	369.3065	473.6877	561.9616	638.9036	712.3279	793.4752	849.0588	943.7449
359.45	0	0	0	0	0	0	0.2364735	4.174752	45.75574	193.2723	362.7712	474.7183	558.3522	652.4467	713.2809	805.2929	841.5481	945.0667
360.1	0	0	0	0	0	0	0.2364735	4.352401	44.96515	195.7753	357.8994	477.2948	559.1851	645.7495	716.1397	798.7087	845.8399	947.899
360.75	0	0	0	0	0	0	0.157649	3.908278	45.75574	195.1223	351.0076	473.6877	555.7145	639.2012	707.5632	798.3711	854.7811	953.9414
361.4	0	0	0	0	0	0	0.07882451	3.819454	45.9534	199.1488	355.0476	478.8407	553.2156	644.559	709.3102	802.0852	857.4635	945.0667
362.05	0	0	0	0	0	0	0.07882451	2.931209	44.3722	197.843	359.563	479.8713	552.2439	638.9036	708.8337	808.6694	858.5364	934.6813
362.7	0	0	0	0	0	0	0.315298	3.464156	43.68043	197.7341	358.3747	483.3495	547.5239	642.9219	716.4573	804.9553	856.5694	933.1707
363.35	0	0	0	0	0	0	0.315298	3.55298	45.65692	201.7606	364.9101	479.7425	553.2156	640.243	718.6809	802.254	848.8799	940.1572
364	0	0	0	0	0	0	0.2364735	3.197682	46.44752	200.3459	367.1677	472.1418	559.7404	639.6477	710.422	793.4752	855.4965	937.7025
364.65	0	0	0	0	0	0	0.157649	3.55298	47.04047	195.7753	367.4054	474.203	550.7168	635.0342	713.7573	795.6699	849.0588	940.5349
365.3	0	0	0	0	0	0	0.157649	3.55298	49.41225	198.1694	370.8513	479.2272	543.9144	634.8853	716.1397	794.9946	851.2047	934.3036
365.95	0	0	0	0	0	0	0.157649	3.819454	47.73223	197.5165	368.8313	476.1354	547.8015	630.4206	717.8868	790.6052	860.8611	937.8913
366.6	0	0	0	0	0	0	0.157649	4.085927	48.62166	199.9106	362.2959	477.8101	550.4391	637.8618	714.3926	803.6047	863.3647	937.136
367.25	0	0	0	0	0	0	0.157649	4.263576	46.74399	198.4959	357.1865	475.2336	545.7191	641.8801	716.2985	802.7605	861.5765	933.3596
367.9	0	0	0	0	0	0	0.157649	3.464156	49.2146	193.2723	354.6912	473.0436	544.0532	626.7	719.475	789.0858	848.1646	925.8066
368.55	0	0	0	0	0	0	0.157649	3.286507	50.0052	193.5988	356.7112	471.3689	542.665	630.7183	704.2278	792.1246	842.2634	937.136
369.2	0	0	0	0	0	0	0.2364735	3.108858	48.02871	196.9724	360.1571	474.5895	531.8367	623.4258	710.422	787.5663	839.0446	937.5137
369.85	0	0	0	0	0	0	0.2364735	3.375331	48.12753	198.0606	364.0783	477.6813	528.7825	620.747	702.4808	791.1116	840.2963	947.5214
370.5	0	0	0	0	0	0	0.315298	3.997103	48.52283	198.9312	358.9688	480.6442	542.3873	626.5511	714.3926	786.5533	839.2234	931.2825
371.15	0	0	0	0	0	0	0.315298	3.197682	49.90638	196.7547	351.1264	477.5524	544.8862	634.4388	707.5632	781.4886	844.4093	920.1418
371.8	0	0	0	0	0	0	0.315298	3.286507	48.22636	194.9047	354.2159	483.9937	543.9144	639.6477	700.7337	787.0598	845.1246	932.9819
372.45	0	0	0	0	0	0	0.07882451	3.197682	47.33694	194.4694	355.6418	488.2449	546.9686	636.0759	700.7337	783.6833	855.1388	934.3036
373.1	0	0	0	0	0	0	0.157649	3.819454	48.81931	196.5371	349.8193	478.0677	549.0509	635.4807	695.1749	787.2287	847.4493	938.269
373.75	0	0	0	0	0	0	0.157649	3.197682	46.05222	193.2723	357.3053	473.9453	542.9426	632.653	696.6043	771.0215	840.8328	931.8489
374.4	0	0	0	0	0	0	0.07882451	2.842384	48.02871	191.7488	349.8193	471.4977	550.3004	621.64	696.7631	775.4109	849.9529	930.1495
375.05	0	0	0	0	0	0	0.157649	2.575911	48.02871	196.6459	349.2252	465.9582	544.3309	631.9089	706.769	784.6963	846.734	932.793
375.7	0	0	0	0	0	0	0.157649	3.375331	49.01696	195.5576	355.6418	471.3689	549.8839	636.2247	702.0043	776.7615	844.4093	948.8431
376.35	0	0	0	0	0	0	0.157649	3.108858	50.10402	191.64	355.5229	469.3077	550.0227	632.9506	695.0161	793.8128	834.574	936.0031
377	0	0	0	0	0	0	0.2364735	2.931209	47.63341	192.4017	357.7806	464.5412	550.9944	629.9741	692.7925	788.4105	832.0704	934.4925
377.65	0	0	0	0	0	0	0.2364735	2.931209	46.64517	195.34	351.6017	469.1789	548.4956	638.1595	697.0807	781.151	822.0563	920.3306
378.3	0	0	0	0	0	0	0.157649	3.641805	46.64517	197.0812	350.7699	471.7553	545.858	631.76	701.8455	780.1381	836.0046	919.1977
378.95	0	0	0	0	0	0	0.2364735	3.55298	46.64517	196.4282	351.8394	469.5653	548.3568	634.29	695.8102	773.7227	839.5811	923.3518
379.6	0	0	0	0	0	0	0.2364735	4.441225	46.94164	196.3194	346.3734	471.3689	545.4415	630.5695	691.6807	771.6968	826.8845	915.0436
380.25	0	0	0	0	0	0	0.157649	3.819454	45.65692	194.4694	346.3734	462.48	547.1074	628.1882	694.6984	771.3592	826.5269	926.5618
380.9	0	0	0	0	0	0	0.07882451	3.997103	44.86633	194.3606	345.6605	463.897	548.6345	623.277	697.0807	783.6833	829.5669	932.2266
381.55	0	0	0	0	0	0	0.07882451	4.174752	48.32518	195.9929	352.3147	470.8536	550.1615	621.9376	687.3925	768.9956	828.3151	929.2054
382.2	0	0	0	0	0	0	0.07882451	4.174752	45.06398	199.04	354.4535	467.7618	549.7451	622.0864	698.8278	779.1251	831.3551	924.8624
382.85	0	0	0	0	0	0.06882451	0.157649	4.441225	44.7675	198.9312	353.6217	469.4365	551.6886	622.9794	694.8572	779.1251	831.3551	931.4713
383.5	0	0	0	0	0	0.06882451	0.157649	3.997103	42.49454	196.2106	350.057	468.1483	546.9686	620.1517	691.0454	767.645	822.4139	926.7507
384.15	0	0	0	0	0	0	0.2364735	3.997103	43.38396	194.9047	353.2653	466.7312	542.9426	616.2823	692.7925	776.4239	829.0304	939.2131
384.8	0	0	0	0	0	0	0.07882451	3.730629	45.1628	194.7959	354.2159	462.3511	534.3355	625.0629	698.5102	772.7098	836.541	936.9472
385.45	0	0	0	0	0	0	0.157649	3.464156	44.56985	190.8782	347.2052	463.1241	546.5521	619.7053	694.8572	772.8786	836.1834	926.1842
386.1	0	0	0	0	0	0.06882451	0.157649	3.641805	44.07573	188.8105	346.9676	470.7247	550.1615	620.0029	689.1395	763.9309	830.9975	917.6871
386.75	0	0	0	0	0	0.06882451	0.07882451	3.286507	43.38396	188.8105	350.1758	463.2529	542.5262	618.5146	686.2807	762.5803	832.9645	921.4636
387.4	0	0	0	0	0	0.06882451	0.07882451	4.085927	42.59336	189.7899	348.7499	474.203	538.9167	624.9141	683.8983	771.1904	839.5811	917.8759
388.05	0	0	0	0	0	0	0.157649	3.997103	45.06398	187.6134	345.6605	463.3817	541.1379	628.7835	677.863	777.7745	838.1505	919.3865
388.7	0	0	0	0	0	0	0	3.55298	45.9534	191.5311	350.6511	468.9212	539.6108	628.7835	687.869	781.8263	829.2092	927.6948
389.35	0	0	0	0	0	0	0.157649	3.730629	46.64517	190.2252	357.7806	467.633	540.5826	617.1752	684.0571	778.9562	833.1434	917.4983
390	0	0	0	0	0	0	0.157649	3.819454	49.11578	189.3546	352.9088	468.1483	533.9191	616.1334	682.1512	773.5539	823.8445	926.5618
390.65	0	0	0	0	0	0	0.157649	3.375331	46.05222	193.5988	346.9676	467.2465	540.9991	619.8541	683.7395	765.788	826.5269	919.953
391.3	0	0	0	0	0	0	0.315298	3.55298	47.33694	199.3665	340.551	463.3817	533.3638	631.0159	686.7571	765.6191	822.7715	914.0994
391.95	0	0	0	0	0	0	0.2364735	3.730629	45.36045	196.2106	346.9676	462.6088	530.4484	619.4076	687.0748	767.8138	821.6986	916.9318
392.6	0	0	0	0	0	0	0.2364735	4.352401	46.34869	199.8018	337.5804	463.1241	535.8626	618.9611	687.3925	768.4891	820.8045	921.0859
393.25	0	0	0	0	0	0.06882451	0.07882451	3.819454	46.15104	198.2782	333.778	464.5412	533.6414	629.3788	681.8336	761.0609	816.6915	927.8836
393.9	0	0	0	0	0	0	0.07882451	3.997103	48.72048	195.8841	342.0958	462.6088	534.6132	622.9794	679.7689	766.6321	826.1692	915.0436
394.55	0	0	0	0	0	0	0.07882451	3.908278	46.84282	193.8164	343.6405	456.554	536.2791	612.4128	681.6748	764.775	827.7786	915.0436
395.2	0	0	0	0	0	0	0.07882451	4.174752	45.85457	195.7753	341.7393	456.1676	538.7779	615.0917	682.6277	777.268	831.5339	906.1688
395.85	0	0	0	0	0	0	0.07882451	4.085927	44.86633	190.987	340.1945	454.7505	534.0579	617.9194	681.0395	773.5539	832.2493	903.5253
396.5	0	0	0	0	0	0	0.07882451	4.885348	45.45927	189.8988	346.1358	456.6829	534.752	619.5564	685.1689	757.8532	820.9833	905.0358
397.15	0	0	0	0	0	0	0.157649	4.53005	43.18631	191.9664	345.7793	464.0259	534.8908	611.9664	686.2807	758.5285	818.4797	914.4771
397.8	0	0	0	0	0	0	0.315298	4.263576	44.17455	191.3135	343.8781	467.8906	538.3615	603.4834	683.263	759.3726	819.3739	914.0994
398.45	0	0	0	0	0	0	0.157649	3.819454	47.13929	192.2929	341.7393	462.7376	533.7802	610.627	681.0395	761.905	812.5786	911.8336
399.1	0	0	0	0	0	0	0.07882451	4.085927	46.64517	187.1781	348.7499	463.7682	533.6414	611.3711	682.7866	759.8791	816.6915	910.3229
399.75	0	0	0	0	0	0	0.315298	4.174752	45.5581	187.7223	349.3441	462.2223	527.6719	614.3475	681.8336	762.2426	818.6586	912.9665
400.4	0	0	0	0	0	0	0.315298	5.151821	44.47103	187.6134	342.8087	457.8423	527.9496	613.4546	690.2513	763.2556	814.5456	908.8123
401.05	0	0	0	0	0	0	0.315298	4.618874	44.56985	193.1635	347.6805	461.707	534.0579	619.1099	685.0101	761.5673	818.8374	896.7276
401.7	0	0	0	0	0	0	0.2364735	4.707699	43.77925	195.34	348.9876	461.3206	527.9496	614.1987	679.61	763.2556	819.7315	899.3711
402.35	0	0	0	0	0	0	0.2364735	4.618874	44.17455	191.9664	351.3641	459.7747	531.0037	624.0212	691.5219	770.3462	810.4327	909.19
403	0	0	0	0	0	0	0.07882451	3.997103	45.45927	193.2723	344.9475	463.7682	535.4461	618.217	687.869	760.5544	823.4869	909.3788
403.65	0	0	0	0	0	0	0	4.263576	45.65692	195.6665	342.3334	462.8665	527.8108	618.6635	679.4512	769.5021	817.0492	908.4347
404.3	0	0	0	0	0	0	0	4.352401	44.66868	193.3811	338.531	465.0565	528.2272	599.614	677.863	769.6709	821.8774	907.4906
404.95	0	0	0	0	0	0	0	5.151821	47.43576	195.6665	344.4722	453.5911	526.4225	607.0552	682.3101	763.2556	812.0421	895.7834
405.6	0	0	0	0	0	0	0	4.796523	50.0052	193.7076	344.7099	455.6523	524.479	610.4781	674.5276	750.9314	822.0563	895.7834
406.25	0	0	0	0	0	0	0.07882451	4.352401	49.31343	190.1164	339.4816	450.3705	528.6437	610.9246	679.2924	755.152	823.8445	894.4617
406.9	0	0	0	0	0	0	0.07882451	4.707699	48.12753	191.4223	346.6111	451.2722	537.2509	605.7158	666.11	750.5938	810.4327	904.2806
407.55	0	0	0	0	0	0	0.157649	4.263576	49.41225	190.7694	346.9676	446.3769	533.9191	602.5904	671.9865	751.4379	806.4985	903.1476
408.2	0	0	0	0	0	0	0.2364735	5.151821	51.88287	195.9929	342.2146	450.4993	531.4202	605.2693	665.4747	742.1525	818.4797	910.1341
408.85	0	0	0	0	0	0	0.157649	5.32947	51.09227	191.9664	338.531	447.021	534.0579	610.627	673.7336	748.7367	812.0421	892.3846
409.5	0	0	0	0	0	0	0	4.53005	49.41225	192.9458	339.4816	446.8922	520.8696	607.204	678.3395	760.892	814.9033	898.427
410.15	0	0	0	0	0	0	0.07882451	4.707699	48.81931	190.4429	341.264	453.3334	524.0625	603.9299	677.3865	765.4503	810.2538	907.4906
410.8	0	0	0	0	0	0	0.07882451	4.53005	47.73223	190.1164	341.8581	449.5975	530.3096	606.9063	672.9395	755.9962	805.6044	907.1129
411.45	0	0	0	0	0	0	0.157649	4.974172	48.42401	189.6811	345.5417	452.3028	528.9214	606.9063	669.4453	746.2043	814.9033	898.2382
412.1	0	0	0	0	0	0	0	5.418295	46.94164	191.5311	338.6498	448.4381	522.5355	608.0969	675.6395	749.5808	823.4869	891.4405
412.75	0	0	0	0	0	0	0	5.507119	46.15104	193.0547	341.1451	450.6281	525.1731	605.1204	682.9454	748.2302	814.7244	902.9588
413.4	0	0	0	0	0	0	0	4.885348	47.43576	194.2517	341.0263	447.6652	526.006	614.6452	679.7689	760.0479	817.7645	897.2941
414.05	0	0	0	0	0	0	0	3.997103	46.24987	194.3606	333.3027	452.5605	533.6414	615.9846	681.6748	758.5285	800.4185	888.0416
414.7	0	0	0	0	0	0	0	4.885348	49.11578	199.1488	340.3134	448.9534	532.9473	609.4363	671.6688	766.4633	808.4656	899.9376
415.35	0	0	0	0	0	0	0	5.418295	47.53459	194.3606	338.8875	455.3946	533.2249	602.5904	678.3395	754.3079	810.9691	896.5388
416	0	0	0	0	0	0	0	5.062997	43.97691	191.0958	338.2934	454.7505	526.9778	603.1857	669.7629	762.918	810.6115	888.6081
416.65	0	0	0	0	0	0	0	5.32947	46.34869	194.687	335.0851	458.4864	528.7825	605.4181	671.9865	745.6978	805.6044	886.5311
417.3	0	0	0	0	0	0	0	4.53005	47.13929	195.8841	339.244	451.7875	522.9519	609.8828	675.7983	742.3214	803.995	894.4617
417.95	0	0	0	0	0	0.06882451	0	4.618874	46.15104	187.1781	331.9957	451.2722	519.3425	603.9299	672.7806	745.1913	802.0279	897.2941
418.6	0	0	0	0	0	0.137649	0	4.796523	48.52283	185.8723	331.6392	456.2964	521.5637	606.9063	668.0159	742.4902	809.8962	896.5388
419.25	0	0	0	0	0	0.137649	0.07882451	4.796523	49.41225	188.0488	337.6992	454.364	522.6743	604.0787	676.4336	738.4384	809.8962	876.3345
419.9	0	0	0	0	0	0.06882451	0.157649	4.441225	47.63341	191.2047	340.1945	449.984	530.4484	601.8463	669.9218	744.5161	819.7315	890.3076
420.55	0	0	0	0	0	0.06882451	0.07882451	4.53005	47.53459	188.9193	337.5804	456.2964	531.0037	597.0839	671.3512	734.8931	803.1008	891.2516
421.2	0	0	0	0	0	0.06882451	0.315298	4.441225	49.31343	190.6605	337.8181	452.6893	520.1754	598.5721	679.61	748.399	805.2468	883.5099
421.85	0	0	0	0	0	0.137649	0.2364735	3.908278	47.73223	195.4488	338.2934	452.6893	522.8131	597.3816	678.8159	749.5808	799.1667	882.1881
422.5	0	0	0	0	0	0.06882451	0.2364735	3.997103	47.92989	195.6665	337.3428	450.6281	521.286	600.9534	676.4336	750.2561	798.4514	894.8394
423.15	0	0	0	0	0	0.06882451	0.157649	4.174752	44.27338	193.1635	342.571	452.174	513.9283	594.2562	666.11	752.6196	795.9479	895.0281
423.8	0	0	0	0	0	0.06882451	0.157649	3.819454	49.31343	192.9458	346.017	455.0081	517.8154	599.0186	660.3923	744.6849	803.1008	888.2305
424.45	0	0	0	0	0	0.06882451	0.157649	3.464156	50.10402	188.0488	345.7793	453.3334	520.5919	597.5304	667.0629	740.6331	794.1596	889.5522
425.1	0	0	0	0	0	0.06882451	0.157649	3.641805	48.02871	190.3341	344.9475	449.8552	520.8696	603.4834	660.2335	739.2825	798.4514	891.8181
425.75	0	0	0	0	0	0.06882451	0.315298	3.641805	48.52283	194.4694	340.6699	450.3705	522.8131	599.1675	672.463	739.9578	791.1196	888.4193
426.4	0	0	0	0	0	0	0.157649	3.908278	45.9534	193.5988	342.3334	447.6652	524.3401	601.3998	664.8394	750.9314	799.882	884.2651
427.05	0	0	0	0	0	0	0.315298	3.55298	48.32518	192.5105	338.8875	446.7634	524.3401	599.7628	670.2394	740.6331	807.3926	880.2999
427.7	0	0	0	0	0	0	0.315298	3.819454	47.53459	191.5311	344.8287	448.6957	531.6979	593.8098	665.6335	745.1913	800.7761	880.111
428.35	0	0	0	0	0	0	0.157649	3.908278	47.13929	190.5517	344.4722	445.8616	526.4225	601.8463	663.0923	750.5938	798.6302	876.901
429	0	0	0	0	0	0	0.07882451	3.641805	46.15104	186.8517	343.6405	442.8987	534.8908	594.4051	663.7276	737.9319	793.4443	881.6216
429.65	0	0	0	0	0	0	0.07882451	3.819454	48.42401	189.0282	339.9569	447.2787	524.0625	593.3633	664.9982	731.3478	806.4985	878.0339
430.3	0	0	0	0	0	0	0.315298	4.174752	48.12753	190.987	330.2133	441.6104	523.2296	596.0421	666.9041	727.4648	795.4114	886.3422
430.95	0	0	0	0	0	0	0.157649	4.085927	48.91813	187.0693	330.6886	444.7022	524.6178	596.3398	668.9688	745.0225	793.2655	881.0551
431.6	0	0	0	0	0	0	0.2364735	4.174752	49.51108	183.3693	331.0451	442.5122	527.2555	597.9769	672.463	743.6719	802.5644	882.7546
432.25	0	0	0	0	0	0	0.2364735	3.908278	49.41225	183.5869	337.8181	450.4993	526.7002	603.781	656.8981	736.5813	800.5973	880.8663
432.9	0	0	0	0	0	0	0.2364735	3.730629	45.5581	187.3958	335.3228	450.6281	521.4249	607.3528	659.4393	739.1137	792.9078	886.1534
433.55	0	0	0	0	0	0	0.2364735	3.108858	47.13929	185.0017	336.6298	452.8181	523.0908	599.3163	666.9041	738.1007	797.1996	887.664
434.2	0	0	0	0	0	0	0	3.997103	48.12753	187.8311	333.778	451.6587	517.2601	593.2145	657.2158	742.8278	793.802	887.8528
434.85	0	0	0	0	0	0	0.07882451	3.286507	50.49932	186.8517	336.9863	449.4687	516.4272	601.1022	663.0923	744.5161	789.689	890.1187
435.5	0	0	0	0	0	0	0.157649	3.641805	51.98169	192.837	339.9569	440.9663	520.7307	595.298	666.5864	747.8926	786.2913	888.2305
436.15	0	0	0	0	0	0	0.157649	3.730629	49.80755	188.5929	332.7086	449.3399	518.2319	586.9639	660.8688	742.3214	785.7549	888.6081
436.8	0	0	0	0	0	0	0.07882451	3.641805	50.30167	192.5105	339.244	445.9904	508.9306	596.0421	663.0923	734.8931	805.2468	879.5446
437.45	0	0	0	0	0	0	0.2364735	3.908278	51.19109	187.8311	334.7286	451.1434	516.2883	600.2092	659.757	742.8278	785.0396	880.111
438.1	0	0	0	0	0	0	0.157649	4.085927	48.52283	184.2399	336.6298	447.9228	512.1236	597.6792	654.3569	741.8149	793.802	874.2574
438.75	0	0	0	0	0	0	0.07882451	3.997103	48.72048	189.7899	336.8675	446.1193	508.3753	595.1492	649.4334	748.399	788.4373	872.7469
439.4	0	0	0	0	0	0	0	3.819454	48.12753	191.2047	335.5604	451.0146	509.3471	597.6792	652.2922	739.2825	787.1855	875.0128
440.05	0	0	0	0	0	0	0	4.174752	48.81931	192.7282	341.264	446.3769	513.2342	587.7079	660.3923	726.4518	794.8749	863.4944
440.7	0	0	0	0	0	0	0.07882451	4.174752	47.92989	190.2252	335.2039	441.0951	517.8154	590.5356	664.9982	731.5166	793.0867	865.1939
441.35	0	0	0	0	0	0	0.157649	4.263576	49.51108	190.6605	335.3228	445.2175	517.5378	592.4703	645.6216	739.9578	785.9337	860.6621
442	0	0	0	0	0	0	0	4.085927	49.41225	187.8311	339.1252	449.8552	523.3684	588.3033	646.8922	739.1137	780.0325	866.8933
442.65	0	0	0	0	0	0	0.07882451	4.085927	49.11578	185.6546	341.9769	448.3093	516.9825	584.7315	638.3157	731.5166	774.1313	880.6775
443.3	0	0	0	0	0	0	0.3941225	3.997103	48.62166	192.4017	336.0357	440.3222	512.5401	590.8333	647.6863	733.5425	781.6419	870.8586
443.95	0	0	0	0	0	0	0.315298	3.55298	49.01696	192.4017	333.6592	436.5862	520.4531	584.7315	644.9863	740.4643	792.9078	868.9704
444.6	0	0	0	0	0	0.06882451	0.2364735	3.375331	46.54634	198.4959	335.7981	435.9421	516.9825	585.6245	648.9569	728.1401	792.729	874.4463
445.25	0	0	0	0	0	0.06882451	0.2364735	3.641805	47.73223	192.837	330.6886	436.071	513.0954	588.8986	650.704	735.0619	788.0796	875.7681
445.9	0	0	0	0	0	0.06882451	0.2364735	3.464156	46.44752	187.9399	331.9957	437.8745	511.4295	587.5591	656.2629	736.2437	785.3972	877.4675
446.55	0	0	0	0	0	0.137649	0.157649	3.464156	45.36045	188.8105	327.3615	441.7392	511.2906	588.6009	647.8452	731.3478	782.3572	875.0128
447.2	0	0	0	0	0	0.06882451	0.157649	3.997103	46.94164	191.64	328.9062	440.8375	507.6812	581.4573	644.0334	740.6331	780.7478	876.1457
447.85	0	0	0	0	0	0.06882451	0.315298	4.174752	47.92989	191.8576	339.4816	438.9051	503.933	581.4573	655.7864	734.5554	773.7736	868.9704
448.5	0	0	0	0	0	0.06882451	0.2364735	3.464156	49.31343	190.5517	336.2733	440.451	512.9565	578.4808	651.8158	739.2825	786.649	870.8586
449.15	0	0	0	0	0	0.06882451	0.157649	3.908278	50.89462	190.987	334.2533	437.488	509.7636	587.2615	653.5629	734.2178	775.2042	873.5021
449.8	0	0	0	0	0	0	0.2364735	4.085927	47.13929	188.3752	327.8368	439.8069	509.6248	581.0109	651.8158	727.6336	775.9196	862.3615
450.45	0	0	0	0	0	0	0.157649	4.263576	47.43576	187.1781	326.2921	437.6169	516.7048	581.6061	648.7981	736.4125	777.1713	863.8721
451.1	0	0	0	0	0	0	0.07882451	3.908278	46.34869	194.5782	327.8368	437.6169	516.4272	580.7132	646.4157	724.7636	779.6749	870.6698
451.75	0	0	0	0	0	0	0	3.908278	48.42401	192.1841	327.005	440.3222	518.7872	588.6009	646.5746	728.6465	792.729	862.928
452.4	0	0	0	0	0	0	0.07882451	4.174752	45.5581	192.7282	331.9957	438.9051	521.4249	580.5644	639.9039	719.3612	794.3384	861.0397
453.05	0	0	0	0	0	0	0.07882451	3.997103	48.81931	187.9399	328.4309	434.2674	512.8177	582.4991	645.7805	717.3353	791.1196	867.8374
453.7	0	0	0	0	0	0	0	3.819454	47.73223	186.3076	329.3815	432.9792	510.1801	590.3868	654.9922	726.4518	776.0983	864.6274
454.35	0	0	0	0	0	0	0	3.997103	46.84282	187.8311	330.5698	439.8069	506.7094	579.8203	647.051	714.6342	774.489	855.9415
455	0	0	0	0	0	0	0.157649	3.464156	46.54634	189.3546	329.3815	441.9969	519.4813	582.7968	655.7864	720.543	782.1784	864.8162
455.65	0	0	0	0	0	0	0.157649	3.108858	47.13929	193.49	334.6098	437.488	512.9565	583.0944	656.2629	728.8154	781.6419	862.1727
456.3	0	0	0	0	0	0	0.157649	3.55298	48.91813	193.0547	325.2227	442.2545	503.5165	581.0109	649.4334	721.8936	782.1784	858.2074
456.95	0	0	0	0	0	0	0.157649	4.263576	49.90638	190.0076	329.0251	447.1499	512.8177	584.285	656.104	717.5042	778.4231	856.3192
457.6	0	0	0	0	0	0	0.315298	4.263576	50.0052	190.987	331.5204	434.2674	501.7118	582.0526	655.4688	723.9195	775.5619	863.8721
458.25	0	0	0	0	0	0	0.2364735	4.174752	47.04047	194.687	335.9169	437.8745	510.0412	584.285	653.404	724.5948	778.0654	858.3962
458.9	0	0	0	0	0	0	0.2364735	3.819454	48.32518	189.8988	331.758	440.1933	508.653	572.379	642.1275	732.1919	765.0112	868.2151
459.55	0	0	0	0	0	0.06882451	0.2364735	4.441225	48.62166	190.5517	331.8768	435.8133	504.7659	574.7603	642.1275	719.6989	770.7336	863.4944
460.2	0	0	0	0	0	0.06882451	0.157649	4.174752	47.83106	188.0488	336.2733	426.4091	510.7354	575.0579	647.3687	712.1017	767.1571	861.0397
460.85	0	0	0	0	0	0	0.2364735	5.151821	44.47103	189.0282	330.2133	429.7585	502.8224	575.3555	645.1451	718.1794	765.1901	854.6197
461.5	0	0	0	0	0	0.06882451	0.157649	4.441225	43.08749	187.8311	333.778	428.0838	503.7941	584.8803	646.8922	725.6077	773.2372	854.6197
462.15	0	0	0	0	0	0.06882451	0.157649	4.263576	45.45927	185.5458	327.1239	439.4204	502.6835	571.4861	637.0451	721.5559	783.609	866.138
462.8	0	0	0	0	0	0.06882451	0	4.885348	47.83106	184.6752	325.2227	439.0339	495.6035	569.9979	643.0804	717.5042	772.5219	869.1592
463.45	0	0	0	0	0	0.137649	0.07882451	4.441225	46.44752	187.5046	327.4803	435.4268	502.1282	580.8621	647.2098	715.6471	770.7336	865.9492
464.1	0	0	0	0	0	0.137649	0.07882451	4.085927	48.52283	187.7223	330.5698	436.7151	501.7118	577.7368	661.9805	725.2701	768.5877	866.7045
464.75	0	0	0	0	0	0.06882451	0.07882451	3.819454	51.48757	186.5252	329.2627	435.6845	505.5988	585.3268	646.4157	725.1013	761.2559	850.4656
465.4	0	0	0	0	0	0.06882451	0.157649	3.108858	50.7958	188.0488	337.3428	428.5991	501.0176	585.3268	633.2333	719.0236	760.7194	857.0744
466.05	0	0	0	0	0	0.137649	0.2364735	3.020033	48.22636	188.3752	333.778	433.2368	502.9612	579.225	639.9039	721.0494	771.6277	858.0186
466.7	0	0	0	0	0	0	0.07882451	3.908278	46.05222	183.2605	335.5604	433.8809	502.2671	576.9926	643.2393	713.6212	766.263	864.8162
467.35	0	0	0	0	0	0	0	3.997103	48.62166	188.1576	326.7674	429.5009	501.5729	580.2667	638.6334	721.5559	761.0771	865.5715
468	0	0	0	0	0	0	0	3.730629	45.9534	187.287	329.6192	429.2433	500.3235	569.1049	638.7922	716.66	765.5477	856.1303
468.65	0	0	0	0	0	0	0.07882451	3.464156	46.44752	190.8782	327.1239	424.0903	504.7659	576.2485	623.3862	716.3224	766.0842	847.822
469.3	0	0	0	0	0	0	0.157649	3.55298	45.9534	183.2605	335.4416	429.3721	502.2671	575.3555	628.4686	714.803	766.6207	843.8567
469.95	0	0	0	0	0	0	0.157649	3.997103	46.94164	185.2193	334.0157	433.2368	503.7941	574.3138	634.0274	710.5823	769.303	853.6756
470.6	0	0	0	0	0	0	0.315298	4.174752	46.64517	186.1987	333.5404	434.7827	500.3235	577.2903	630.5333	718.1794	766.7995	841.9684
471.25	0	0	0	0	0	0	0.315298	3.908278	46.54634	184.3487	326.6486	427.5685	502.2671	569.9979	629.5803	721.8936	771.0912	847.2556
471.9	0	0	0	0	0	0	0.315298	4.352401	48.22636	187.7223	329.1439	413.5267	501.8506	575.3555	634.6627	712.1017	770.5548	845.7449
472.55	0	0	0	0	0	0	0.157649	4.263576	48.62166	190.987	320.8262	427.4397	501.7118	569.5514	632.2803	719.1924	762.3289	848.5773
473.2	0	0	0	0	0	0	0.07882451	4.263576	47.53459	189.7899	334.8474	426.6667	506.8483	574.6114	635.9333	710.7512	766.0842	842.7238
473.85	0	0	0	0	0	0	0	4.174752	48.22636	195.0135	332.5898	432.5927	501.4341	572.0814	631.9627	713.79	761.2559	847.2556
474.5	0	0	0	0	0	0	0.2364735	4.174752	46.05222	192.9458	329.6192	424.3479	499.6294	577.1414	638.6334	710.2447	759.8253	852.165
475.15	0	0	0	0	0	0	0.157649	3.55298	45.85457	194.9047	325.1039	422.4156	499.2129	571.6349	634.8215	712.6082	751.957	855.7527
475.8	0	0	0	0	0	0	0.157649	3.997103	44.96515	192.5105	321.6579	423.9615	499.6294	574.6114	629.4215	712.2706	764.1171	853.8644
476.45	0	0	0	0	0	0	0.2364735	3.819454	46.94164	189.3546	322.8462	421.7714	499.2129	570.1467	634.3451	715.8159	770.7336	855.375
477.1	0	0	0	0	0	0	0.07882451	4.174752	47.73223	191.5311	331.2827	424.3479	495.7423	565.5331	624.498	718.0106	761.0771	847.6332
477.75	0	0	0	0	0	0	0.07882451	4.53005	47.73223	183.1516	326.2921	424.992	497.4082	568.3608	627.0391	705.5176	763.7595	842.1573
478.4	0	0	0	0	0	0	0.07882451	4.263576	50.0052	189.2458	320.945	425.3785	496.8529	577.8856	620.3685	699.9464	752.3147	859.3403
479.05	0	0	0	0	0	0	0	3.464156	47.83106	189.4635	328.5497	428.728	498.9353	576.5461	626.4039	692.1805	757.6794	854.0532
479.7	0	0	0	0	0	0	0.2364735	4.174752	47.83106	188.0488	323.5591	429.5009	504.4883	568.212	626.5627	699.4399	747.8441	851.4097
480.35	0	0	0	0	0	0	0.2364735	4.085927	47.83106	188.9193	325.698	422.2867	492.2717	569.7002	631.0098	706.0241	746.7711	839.1361
481	0	0	0	0	0	0	0.315298	3.641805	47.63341	192.5105	325.8168	426.9244	491.994	566.1284	634.6627	715.3094	750.5264	853.2979
481.65	0	0	0	0	0	0	0.3941225	4.085927	47.43576	189.7899	326.2921	427.8262	491.4388	578.4808	629.2627	716.9977	762.6865	849.3326
482.3	0	0	0	0	0	0	0.2364735	3.197682	49.51108	189.6811	331.758	425.765	496.1588	569.1049	628.9451	710.7512	754.6394	835.1708
482.95	0	0	0	0	0	0	0.2364735	3.55298	50.7958	182.2811	329.8568	425.765	492.4105	568.6584	629.7391	705.1799	757.3218	837.4367
483.6	0	0	0	0	0	0	0.157649	3.730629	50.4005	184.5664	328.9062	423.4461	498.6576	570.1467	617.8273	704.3358	748.0229	846.1226
484.25	0	0	0	0	0	0	0.157649	4.085927	49.01696	186.8517	325.9356	425.765	496.1588	558.2407	621.3215	712.1017	740.1546	832.1496
484.9	0	0	0	0	0	0	0.157649	3.197682	45.45927	183.6958	323.3215	411.7231	490.7446	564.3425	632.4392	706.3618	748.2017	843.4791
485.55	0	0	0	0	0	0	0.157649	3.819454	47.83106	183.9134	325.8168	412.4961	487.274	572.0814	637.998	693.5311	755.5335	838.192
486.2	0	0	0	0	0	0	0.157649	4.085927	49.11578	182.3899	322.3709	413.6555	483.9422	584.1362	625.4509	703.4917	751.7782	842.1573
486.85	0	0	0	0	0	0	0	3.997103	47.92989	180.431	325.1039	420.8697	486.4411	575.5043	630.5333	703.8293	753.2088	840.4579
487.5	0	0	0	0	0	0	0	4.263576	50.30167	180.9752	331.1639	417.9067	487.8293	570.742	634.3451	711.9329	747.4865	822.1419
488.15	0	0	0	0	0	0	0	3.997103	47.73223	182.934	328.6686	420.2255	484.3587	573.8673	630.0568	713.79	745.5193	828.1843
488.8	0	0	0	0	0	0	0.07882451	4.441225	46.05222	185.1105	327.8368	418.422	489.0787	573.272	636.5686	707.8812	751.5994	834.0378
489.45	0	0	0	0	0	0	0.157649	4.441225	46.24987	184.4575	325.1039	418.2932	481.0269	567.319	618.6215	695.8946	752.1359	844.4232
490.1	0	0	0	0	0	0	0.157649	3.997103	47.13929	185.5458	321.4203	418.6797	486.7187	568.3608	628.3098	702.9852	760.5406	838.5696
490.75	0	0	0	0	0	0	0.07882451	3.286507	48.42401	188.1576	318.6873	413.1402	487.6905	573.1232	616.3979	707.8812	746.4135	833.0937
491.4	0	0	0	0	0	0	0.157649	3.108858	47.53459	184.784	325.2227	419.4526	499.6294	568.0631	625.9274	698.2582	738.7241	827.8066
492.05	0	0	0	0	0	0	0.2364735	3.997103	45.9534	186.634	330.9262	423.0597	490.7446	564.6402	627.0391	695.5569	745.1617	834.2267
492.7	0	0	0	0	0	0	0.315298	3.997103	48.22636	189.2458	325.698	423.1885	492.6882	563.8961	624.3391	698.0894	741.5852	840.4579
493.35	0	0	0	0	0	0	0.315298	4.707699	50.10402	188.0488	319.0438	420.3544	494.4929	555.8596	619.5744	691.8428	745.5193	830.4502
494	0	0	0	0	0	0	0.315298	4.085927	48.62166	187.6134	318.6873	424.8632	491.2999	555.413	617.0332	697.9205	748.3806	831.2054
494.65	0	0	0	0	0	0	0.157649	3.819454	46.74399	187.8311	325.1039	426.9244	498.6576	562.1102	612.9037	699.1023	750.5264	839.1361
495.3	0	0	0	0	0	0	0.07882451	3.908278	47.63341	188.2664	329.5004	422.0291	490.1893	557.0501	613.3802	702.6476	740.8699	828.562
495.95	0	0	0	0	0	0	0.157649	4.085927	47.63341	190.987	327.1239	420.7408	495.8811	564.3425	616.0803	714.4653	749.2747	828.562
496.6	0	0	0	0	0	0	0.2364735	4.441225	49.11578	190.6605	322.3709	414.8149	489.0787	561.366	612.2685	698.5958	741.5852	827.6178
497.25	0	0	0	0	0	0	0.2364735	4.263576	48.02871	187.5046	326.6486	417.0049	485.6081	565.3843	617.6685	692.687	740.1546	839.1361
497.9	0	0	0	0	0	0	0.157649	4.707699	50.20285	188.2664	326.1733	422.802	487.274	563.7473	623.2274	692.1805	739.797	839.325
498.55	0	0	0	0	0	0	0.07882451	4.352401	50.49932	186.634	320.4697	423.3173	487.274	557.6454	620.2097	702.9852	746.95	844.0455
499.2	0	0	0	0	0	0	0.07882451	4.352401	51.28992	185.7634	321.8956	424.3479	490.3282	559.5801	623.0685	704.8423	748.3806	834.9819
499.85	0	0	0	0	0	0	0.07882451	4.707699	48.52283	185.1105	316.5485	423.1885	492.2717	560.4731	619.7332	691.674	742.837	835.3596
500.5	0	0	0	0	0	0	0.2364735	5.062997	47.04047	186.3076	323.9156	423.9615	491.4388	562.7054	610.8391	693.6999	745.1617	839.1361
501.15	0	0	0	0	0	0	0.2364735	4.796523	46.94164	188.3752	325.3415	417.649	486.4411	561.0684	617.192	694.0375	742.837	830.2614
501.8	0	0	0	0	0	0	0.2364735	4.618874	47.53459	186.634	323.4403	414.5573	486.4411	557.7943	616.8744	689.6481	749.8112	811.1901
502.45	0	0	0	0	0	0	0.07882451	4.974172	47.83106	183.3693	318.4497	418.9373	486.5799	548.2695	622.592	701.9723	738.1876	826.8625
503.1	0	0	0	0	0	0	0.07882451	4.707699	46.84282	183.2605	325.9356	420.8697	483.5258	548.4183	619.7332	687.6222	740.6911	823.2748
503.75	0	0	0	0	0	0	0.157649	4.085927	47.53459	184.5664	322.7274	420.9985	482.2763	560.6219	623.7039	685.934	738.1876	816.666
504.4	0	0	0	0	0	0	0.157649	4.263576	47.53459	183.6958	316.5485	422.4156	476.0292	556.6036	621.0038	690.6611	732.8228	812.8895
505.05	0	0	0	0	0	0	0.07882451	4.441225	46.34869	188.5929	315.2414	416.232	472.4198	554.2225	613.8567	686.2716	741.2276	820.0648
505.7	0	0	0	0	0	0	0.157649	4.352401	46.44752	183.3693	318.0932	416.3608	473.9469	557.3478	621.4803	693.3622	734.7899	816.8548
506.35	0	0	0	0	0	0	0.157649	4.263576	48.22636	182.934	314.4096	411.852	476.0292	563.0031	623.7039	694.544	736.2205	821.5754
507	0	0	0	0	0	0	0.2364735	4.974172	47.33694	186.3076	319.8756	415.0726	475.3351	558.6872	616.3979	693.3622	733.8958	809.4907
507.65	0	0	0	0	0	0	0.3941225	5.240646	48.02871	182.1722	319.5191	413.9131	473.9469	556.4548	615.9214	689.1416	740.6911	814.7778
508.3	0	0	0	0	0	0	0.3941225	5.062997	48.81931	180.1046	322.6085	414.8149	477.1398	556.0084	615.1273	690.3234	738.0087	824.4078
508.95	0	0	0	0	0	0	0.3941225	4.618874	49.11578	179.6693	320.2321	415.459	478.1116	554.9666	618.7803	690.3234	743.91	831.9608
509.6	0	0	0	0	0	0	0.472947	4.263576	47.43576	179.0163	322.252	410.8214	483.2481	556.1572	616.0803	682.5575	728.531	831.9608
510.25	0	0	0	0	0	0	0.472947	4.263576	47.63341	181.084	324.8662	415.5879	475.6128	554.5201	616.2391	681.5446	733.7169	823.8413
510.9	0	0	0	0	0	0	0.315298	4.796523	46.74399	180.5399	323.5591	417.5202	466.728	556.0084	621.3215	693.6999	739.0817	818.9319
511.55	0	0	0	0	0	0	0.2364735	4.885348	46.24987	179.4516	315.8355	415.8455	471.7257	545.1442	615.7626	679.8563	734.7899	808.9242
512.2	0	0	0	0	0	0	0.315298	3.819454	47.13929	178.9075	317.6179	422.6732	479.2222	552.4366	603.3743	691.8428	743.3735	817.6101
512.85	0	0	0	0	0	0	0.3941225	3.997103	44.7675	178.0369	317.7367	414.2996	474.7798	550.9483	607.6625	692.8558	733.7169	814.0225
513.5	0	0	0	0	0	0	0.315298	4.085927	44.3722	176.4045	314.2908	412.1096	477.834	543.5071	608.4567	689.3105	724.4181	815.9107
514.15	0	0	0	0	0	0	0.3941225	4.085927	45.5581	179.1251	320.2321	413.6555	483.6646	540.9771	602.5802	684.2457	727.1005	816.666
514.8	0	0	0	0	0	0	0.315298	3.730629	45.06398	177.9281	315.9543	410.4349	482.2763	547.9718	599.8801	682.7263	724.4181	816.8548
515.45	0	0	0	0	0	0	0.315298	4.352401	46.44752	180.9752	314.5285	419.4526	482.2763	551.5436	602.1037	680.8692	724.4181	808.7354
516.1	0	0	0	0	0	0	0.315298	3.730629	46.64517	181.3016	318.3308	414.4284	476.5845	548.8647	598.6096	677.9992	741.0488	813.6448
516.75	0	0	0	0	0	0	0.315298	3.997103	45.9534	182.1722	316.5485	405.0242	482.554	548.2695	604.8037	687.9598	726.9216	802.8818
517.4	0	0	0	0	0	0	0.2364735	4.263576	47.04047	184.784	315.7167	403.4784	479.0834	545.8883	605.1213	677.3239	716.0133	815.1554
518.05	0	0	0	0	0	0	0.157649	4.263576	44.86633	183.4781	312.152	414.1708	475.3351	543.6559	604.6449	682.051	721.7357	822.3307
518.7	0	0	0	0	0	0	0.157649	4.707699	43.97691	184.4575	313.459	409.1466	485.0528	544.1024	611.6332	687.6222	724.4181	816.666
519.35	0	0	0	0	0	0	0.157649	4.085927	45.9534	185.3281	312.152	411.3366	481.5822	547.3765	613.2214	678.3369	729.7828	806.4695
520	0	0	0	0	0	0	0.07882451	4.174752	46.44752	181.7369	315.3602	408.6313	476.1681	540.3818	611.1567	686.4404	711.1851	799.6718
520.65	0	0	0	0	0	0	0.157649	4.085927	44.7675	179.7781	319.0438	398.583	477.9728	541.2747	611.9508	679.3498	718.1592	805.903
521.3	0	0	0	0	0	0	0.07882451	3.908278	44.17455	183.1516	321.7768	407.7296	472.5586	553.0319	602.739	690.3234	716.371	811.5677
521.95	0	0	0	0	0	0	0	3.908278	46.05222	182.7163	318.212	407.4719	466.8668	551.5436	610.9979	682.5575	726.7428	804.2036
522.6	0	0	0	0	0	0	0.07882451	3.55298	47.33694	180.5399	320.2321	405.6684	470.3374	554.2225	612.7449	675.1292	723.7028	813.8336
523.25	0	0	0	0	0	0	0.07882451	3.464156	44.7675	176.8398	314.7661	411.079	465.7562	555.413	610.5214	681.3757	726.0275	822.3307
523.9	0	0	0	0	0	0	0.07882451	3.375331	44.17455	178.4722	314.172	411.9808	471.5869	547.823	612.9037	673.9474	721.5569	804.77
524.55	0	0	0	0	0	0	0.07882451	3.819454	45.85457	179.5604	315.4791	401.9325	469.6433	547.0789	604.9625	682.8951	718.338	803.2595
525.2	0	0	0	0	0	0	0.07882451	3.375331	47.13929	176.8398	317.7367	406.699	475.6128	551.0972	605.7567	686.6093	719.5898	817.799
525.85	0	0	0	0	0	0	0.07882451	3.641805	49.01696	174.881	318.6873	405.7972	472.1422	549.3113	606.392	679.6874	719.411	807.7913
526.5	0	0	0	0	0	0	0.157649	3.55298	47.33694	175.5339	316.3108	405.5396	476.0292	544.6977	596.386	673.9474	716.5498	814.4001
527.15	0	0	0	0	0	0	0.157649	3.819454	46.84282	178.1457	318.3308	402.7054	469.921	543.5071	601.4684	676.4798	720.3051	812.323
527.8	0	0	0	0	0	0	0.157649	3.197682	47.53459	181.1928	319.7567	407.0854	475.6128	551.0972	602.5802	670.7397	711.3639	810.0571
528.45	0	0	0	0	0	0	0.157649	3.730629	49.31343	179.7781	318.0932	407.6007	468.9492	546.4836	601.9449	684.921	719.0533	803.4482
529.1	0	0	0	0	0	0	0.157649	3.108858	49.11578	185.5458	316.7861	411.3366	468.9492	542.0189	609.4096	680.1939	720.3051	801.3712
529.75	0	0	0	0.0488245	0	0	0.157649	3.464156	48.91813	181.1928	318.4497	408.2449	466.8668	538.8936	607.1861	669.7268	712.6157	816.666
530.4	0	0	0	0.0488245	0	0	0.157649	3.730629	48.32518	182.4987	315.8355	408.7602	470.7539	548.7159	610.3625	663.6491	707.2509	797.217
531.05	0	0	0	0.0488245	0	0	0.157649	3.286507	47.33694	178.4722	311.2014	410.0484	472.9751	542.763	606.2332	668.7139	717.2651	798.9165
531.7	0	0	0	0	0	0	0	3.55298	48.22636	183.0428	314.2908	409.5331	476.3069	543.9536	600.5154	667.5321	718.5168	798.5388
532.35	0	0	0	0	0	0	0.157649	3.908278	47.13929	177.8192	310.7261	407.0854	470.4763	542.3165	607.0273	679.181	716.371	803.8259
533	0	0	0	0	0	0	0.157649	3.641805	47.13929	179.8869	311.2014	401.0307	462.4244	538.8936	605.2802	679.181	711.3639	796.8394
533.65	0	0	0	0	0	0	0.07882451	3.908278	50.69697	176.6222	307.9931	402.5766	467.8386	530.857	612.9037	681.038	719.2322	806.8471
534.3	0	0	0	0	0	0	0.07882451	3.730629	50.99345	175.9692	306.9237	397.9389	474.641	535.9171	605.1213	680.8692	721.9146	795.7065
534.95	0	0	0	0	0	0	0.07882451	3.464156	52.67346	175.6427	308.2308	392.7859	474.641	539.0424	603.692	674.2851	715.8345	795.8953
535.6	0	0	0	0	0	0	0.07882451	3.286507	50.69697	177.1663	308.3496	397.166	469.3657	539.9353	602.4213	678.6745	723.1663	797.7835
536.25	0	0	0	0	0	0	0.07882451	3.55298	48.02871	177.4928	306.3296	402.5766	466.5892	536.3635	592.2566	683.5704	715.298	794.7623
536.9	0	0	0	0	0	0	0.07882451	3.55298	47.04047	178.0369	305.1413	400.3866	467.1445	534.28	604.0096	684.5834	709.5756	795.5176
537.55	0	0	0	0	0	0	0.07882451	3.197682	47.43576	175.8604	303.8343	401.4171	466.3115	526.3923	598.2919	665.675	712.4368	801.7488
538.2	0	0	0	0	0	0	0.157649	3.819454	46.05222	173.1398	310.4884	404.8954	475.4739	535.9171	607.3449	677.3239	716.7286	795.5176
538.85	0	0	0	0	0	0	0.07882451	4.174752	45.45927	173.2486	313.1026	402.8342	469.3657	543.5071	597.1801	675.6357	720.3051	797.7835
539.5	0	0	0	0	0	0	0.07882451	3.55298	45.75574	173.5751	318.0932	397.6812	465.7562	538.8936	589.0801	671.5839	716.5498	802.3153
540.15	0	0	0	0	0	0	0	3.641805	44.96515	174.5545	313.459	397.5524	470.6151	537.5541	597.4978	668.545	706.7144	790.9858
540.8	0	0	0	0	0	0	0.07882451	3.730629	45.5581	173.2486	314.7661	398.4542	458.9538	535.1729	585.7448	671.9215	706.5356	804.3924
541.45	0	0	0	0	0	0	0.07882451	3.55298	44.3722	179.1251	313.3402	398.3254	465.3398	538.4471	593.0507	670.2333	717.6227	796.0841
542.1	0	0	0	0	0	0	0.07882451	3.286507	43.97691	178.0369	312.0331	401.2883	470.1986	535.6194	589.8742	667.3633	710.6486	799.6718
542.75	0	0	0	0	0	0	0	3.641805	47.63341	180.1046	307.8743	399.8713	472.4198	538.8936	585.1095	667.1945	706.3568	805.903
543.4	0	0	0	0	0	0	0.07882451	4.707699	50.30167	178.1457	310.4884	396.2642	469.7821	543.8047	585.2683	667.7009	705.2839	800.4271
544.05	0	0	0	0	0	0	0.07882451	4.352401	48.12753	177.8192	315.1226	396.5218	466.5892	532.6429	588.1271	670.4021	710.1121	790.6082
544.7	0	0	0	0	0	0	0.2364735	4.174752	47.43576	182.0634	310.8449	399.8713	471.448	530.4105	587.8095	669.8956	711.9003	792.1188
545.35	0	0	0	0	0	0	0.157649	4.085927	47.83106	170.7457	313.1026	404.5089	467.1445	532.9406	586.0624	662.6362	707.0721	790.7971
546	0	0	0	0	0	0	0.2364735	3.819454	47.04047	177.4928	312.8649	404.1225	471.5869	535.4706	588.7625	670.0645	700.8132	782.8664
546.65	0	0	0	0	0	0	0.315298	3.730629	46.15104	175.8604	303.1213	409.0178	468.5327	527.1364	591.1448	670.0645	703.3168	785.3211
547.3	0	0	0	0	0	0	0.315298	3.908278	43.87808	175.2075	308.8249	400.5154	468.1162	525.6481	585.1095	664.4932	704.9262	772.2922
547.95	0	0	0	0	0	0	0.07882451	3.375331	43.97691	177.8192	306.686	397.0371	468.9492	524.6064	580.6624	662.6362	706.8932	787.587
548.6	0	0	0	0	0	0	0.07882451	3.375331	41.80276	176.2957	308.8249	393.8165	466.0339	536.6612	595.1154	666.3503	700.9921	779.6564
549.25	0	0	0	0	0	0	0.157649	3.730629	42.39571	179.0163	311.439	393.8165	462.9797	533.2382	591.9389	663.1426	697.4156	778.7123
549.9	0	0	0	0	0	0	0.2364735	3.641805	42.09924	176.4045	306.8049	401.6748	465.7562	535.0241	586.2213	647.442	697.4156	775.5023
550.55	0	0	0	0	0	0	-0.02117549	-0.5505629	-6.754983	-24.6271	-38.70881	-46.16258	-50.44003	-53.76458	-54.90806	-56.7715	-57.8938	-61.74774
551.2	0	0	0	0	0	0	-0.02117549	-0.3599834	-4.425678	-16.32631	-25.38942	-31.1915	-34.07137	-35.70189	-36.61243	-36.82418	-38.01001	-40.48755
551.85	0	0	0	0	0	0	-0.02117549	-0.2329304	-2.879867	-10.67245	-16.79217	-21.06962	-23.31422	-23.01776	-24.18242	-23.92831	-25.70705	-27.18933
552.5	0	0	0	0	0	0	-0.02117549	-0.1482285	-1.651689	-6.924387	-11.24419	-14.18758	-15.47929	-15.07695	-16.1569	-16.38983	-16.51689	-18.10505
553.15	0	0	0	0	0	0	-0.02117549	-0.1058775	-0.9317217	-4.404503	-7.432599	-9.507797	-9.973658	-10.14306	-10.73598	-11.45594	-10.48187	-11.87945
553.8	0	0	0	0	0	0	0	-0.06352648	-0.5717384	-2.964569	-5.230347	-6.20442	-6.585579	-6.86086	-6.86086	-7.665529	-7.157317	-7.644353
554.45	0	0	0	0	0	0	0	-0.06352648	-0.4235099	-2.181076	-3.705712	-4.235099	-4.129221	-4.340976	-4.573907	-5.082119	-4.722135	-5.3574
555.1	0	0	0	0	0	0	0	-0.06352648	-0.3599834	-1.672864	-2.329304	-3.00692	-2.879867	-2.858692	-2.858692	-3.536308	-3.218675	-3.684536
555.75	0	0	0	0	0	0	0	-0.02117549	-0.2541059	-0.9952483	-1.334056	-2.054023	-2.054023	-1.799917	-1.990497	-2.265778	-2.329304	-2.477533
556.4	0	0	0	0	0	0	0	-0.02117549	-0.169404	-0.6564403	-0.9105462	-1.291705	-1.439934	-1.143477	-1.376407	-1.524636	-1.609338	-1.799917
557.05	0	0	0	0	0	0	0	-0.02117549	-0.1058775	-0.3599834	-0.7199668	-0.9740728	-1.101126	-0.7834933	-0.9528973	-0.9317217	-1.058775	-1.249354
557.7	0	0	0	0	0	0	0	-0.02117549	-0.1058775	-0.2329304	-0.5082119	-0.6564403	-0.8046688	-0.5717384	-0.6564403	-0.5082119	-0.7199668	-0.6776158
558.35	0	0	0	0	0	0	0	0	-0.08470198	-0.1482285	-0.2329304	-0.4235099	-0.6140894	-0.3599834	-0.4446854	-0.3388079	-0.5293874	-0.4446854
559	0	0	0	0	0	0	0	0	-0.04235099	-0.127053	-0.169404	-0.3176324	-0.3388079	-0.2329304	-0.4235099	-0.2541059	-0.4023344	-0.3176324
559.65	0	0	0	0	0	0	0	0	-0.04235099	-0.06352648	-0.169404	-0.2117549	-0.2329304	-0.08470198	-0.3176324	-0.169404	-0.2329304	-0.1905794
560.3	0	0	0	0	0	0	0	0	-0.04235099	-0.04235099	-0.1058775	-0.1058775	-0.1058775	-0.06352648	-0.1905794	-0.1058775	-0.169404	-0.1058775
560.95	0	0	0	0	0	0	0	0	0	-0.04235099	-0.04235099	-0.06352648	-0.08470198	-0.06352648	-0.1905794	-0.08470198	-0.127053	-0.06352648
561.6	0	0	0	0	0	0	0	0	0	-0.02117549	-0.02117549	-0.02117549	-0.06352648	-0.04235099	-0.1058775	-0.02117549	-0.08470198	-0.06352648
562.25	0	0	0	0	0	0	0	0	0	-0.02117549	0	-0.02117549	-0.04235099	0	-0.04235099	-0.02117549	-0.04235099	-0.06352648
562.9	0	0	0	0	0	0	0	0	0	0	0	-0.02117549	0	0	-0.04235099	-0.02117549	0	-0.04235099
563.55	0	0	0	0	0	0	0	0	0	0	0	-0.02117549	0	0	-0.04235099	0	0	-0.02117549
564.2	0	0	0	0	0	0	0	0	0	0	0	-0.02117549	0	0	-0.04235099	0	0	-0.02117549
564.85	0	0	0	0	0	0	0	0	0	0	0	-0.02117549	0	0	-0.04235099	0	0	-0.02117549
565.5	0	0	0	0	0	0	0	0	0	0	0	-0.02117549	0	0	0	0	0	-0.02117549
566.15	0	0	0	0	0	0	0	0	0	0	0	-0.02117549	0	0	0	0	0	0
566.8	0	0	0	0	0	0	0	0	0	0	0	0	0	0	0	0	0	0
567.45	0	0	0	0	0	0	0	0	0	0	0	0	0	0	0	0	0	0
568.1	0	0	0	0	0	0	0	0	0	0	0	0	0	0	0	0	0	0
568.75	0	0	0	0	0	0	0	0	0	0	0	0	0	0	0	0	0	0
569.4	0	0	0	0	0	0	0	0	0	0	0	0	0	0	0	0	0	0
570.05	0	0	0	0	0	0	0	0	0	0	0	0	0	0	0	0	0	0
570.7	0	0	0	0	0	0	0	0	0	0	0	0	0	0	0	0	0	0
571.35	0	0	0	0	0	0	0	0	0	0	0	0	0	0	0	0	0	0
572	0	0	0	0	0	0	0	0	0	0	0	0	0	0	0	0	0	0
572.65	0	0	0	0	0	0	0	0	0	0	0	0	0	0	0	0	0	0
573.3	0	0	0	0	0	0	0	0	0	0	0	0	0	0	0	0	0	0
573.95	0	0	0	0	0	0	0	0	0	0	0	0	0	0	0	0	0	0
574.6	0	0	0	0	0	0	0	0	0	0	0	0	0	0	0	0	0	0
575.25	0	0	0	0	0	0	0	0	0	0	0	0	0	0	0	0	0	0
575.9	0	0	0	0	0	0	0	0	0	0	0	0	0	0	0	0	0	0
576.55	0	0	0	0	0	0	0	0	0	0	0	0	0	0	0	0	0	0
577.2	0	0	0	0	0	0	0	0	0	0	0	0	0	0	0	0	0	0
577.85	0	0	0	0	0	0	0	0	0	0	0	0	0	0	0	0	0	0
578.5	0	0	0	0	0	0	0	0	0	0	0	0	0	0	0	0	0	0
579.15	0	0	0	0	0	0	0	0	0	0	0	0	0	0	0	0	0	0
579.8	0	0	0	0	0	0	0	0	0	0	0	0	0	0	0	0	0	0
580.45	0	0	0	0	0	0	0	0	0	0	0	0	0	0	0	0	0	0
581.1	0	0	0	0	0	0	0	0	0	0	0	0	0	0	0	0	0	0
581.75	0	0	0	0	0	0	0	0	0	0	0	0	0	0	0	0	0	0
582.4	0	0	0	0	0	0	0	0	0	0	0	0	0	0	0	0	0	0
583.05	0	0	0	0	0	0	0	0	0	0	0	0	0	0	0	0	0	0
583.7	0	0	0	0	0	0	0	0	0	0	0	0	0	0	0	0	0	0
584.35	0	0	0	0	0	0	0	0	0	0	0	0	0	0	0	0	0	0
585	0	0	0	0	0	0	0	0	0	0	0	0	0	0	0	0	0	0
585.65	0	0	0	0	0	0	0	0	0	0	0	0	0	0	0	0	0	0
586.3	0	0	0	0	0	0	0	0	0	0	0	0	0	0	0	0	0	0
586.95	0	0	0	0	0	0	0	0	0	0	0	0	0	0	0	0	0	0
587.6	0	0	0	0	0	0	0	0	0	0	0	0	0	0	0	0	0	0
588.25	0	0	0	0	0	0	0	0	0	0	0	0	0	0	0	0	0	0
588.9	0	0	0	0	0	0	0	0	0	0	0	0	0	0	0	0	0	0
589.55	0	0	0	0	0	0	0	0	0	0	0	0	0	0	0	0	0	0
590.2	0	0	0	0	0	0	0	0	0	0	0	0	0	0	0	0	0	0
590.85	0	0	0	0	0	0	0	0	0	0	0	0	0	0	0	0	0	0
591.5	0	0	0	0	0	0	0	0	0	0	0	0	0	0	0	0	0	0
592.15	0	0	0	0	0	0	0	0	0	0	0	0	0	0	0	0	0	0
592.8	0	0	0	0	0	0	0	0	0	0	0	0	0	0	0	0	0	0
593.45	0	0	0	0	0	0	0	0	0	0	0	0	0	0	0	0	0	0
594.1	0	0	0	0	0	0	0	0	0	0	0	0	0	0	0	0	0	0
594.75	0	0	0	0	0	0	0	0	0	0	0	0	0	0	0	0	0	0
595.4	0	0	0	0	0	0	0	0	0	0	0	0	0	0	0	0	0	0
596.05	0	0	0	0	0	0	0	0	0	0	0	0	0	0	0	0	0	0
596.7	0	0	0	0	0	0	0	0	0	0	0	0	0	0	0	0	0	0
597.35	0	0	0	0	0	0	0	0	0	0	0	0	0	0	0	0	0	0
598	0	0	0	0	0	0	0	0	0	0	0	0	0	0	0	0	0	0
598.65	0	0	0	0	0	0	0	0	0	0	0	0	0	0	0	0	0	0
599.3	0	0	0	0	0	0	0	0	0	0	0	0	0	0	0	0	0	0
599.95	0	0	0	0	0	0	0	0	0	0	0	0	0	0	0	0	0	0
600.6	0	0	0	0	0	0	0	0	0	0	0	0	0	0	0	0	0	0
601.25	0	0	0	0	0	0	0	0	0	0	0	0	0	0	0	0	0	0
601.9	0	0	0	0	0	0	0	0	0	0	0	0	0	0	0	0	0	0
602.55	0	0	0	0	0	0	0	0	0	0	0	0	0	0	0	0	0	0
603.2	0	0	0	0	0	0	0	0	0	0	0	0	0	0	0	0	0	0
603.85	0	0	0	0	0	0	0	0	0	0	0	0	0	0	0	0	0	0
604.5	0	0	0	0	0	0	0	0	0	0	0	0	0	0	0	0	0	0
605.15	0	0	0	0	0	0	0	0	0	0	0	0	0	0	0	0	0	0
605.8	0	0	0	0	0	0	0	0	0	0	0	0	0	0	0	0	0	0
606.45	0	0	0	0	0	0	0	0	0	0	0	0	0	0	0	0	0	0
607.1	0	0	0	0	0	0	0	0	0	0	0	0	0	0	0	0	0	0
607.75	0	0	0	0	0	0	0	0	0	0	0	0	0	0	0	0	0	0
608.4	0	0	0	0	0	0	0	0	0	0	0	0	0	0	0	0	0	0
609.05	0	0	0	0	0	0	0	0	0	0	0	0	0	0	0	0	0	0
609.7	0	0	0	0	0	0	0	0	0	0	0	0	0	0	0	0	0	0
610.35	0	0	0	0	0	0	0	0	0	0	0	0	0	0	0	0	0	0
611	0	0	0	0	0	0	0	0	0	0	0	0	0	0	0	0	0	0
611.65	0	0	0	0	0	0	0	0	0	0	0	0	0	0	0	0	0	0
612.3	0	0	0	0	0	0	0	0	0	0	0	0	0	0	0	0	0	0
612.95	0	0	0	0	0	0	0	0	0	0	0	0	0	0	0	0	0	0
613.6	0	0	0	0	0	0	0	0	0	0	0	0	0	0	0	0	0	0
614.25	0	0	0	0	0	0	0	0	0	0	0	0	0	0	0	0	0	0
614.9	0	0	0	0	0	0	0	0	0	0	0	0	0	0	0	0	0	0
615.55	0	0	0	0	0	0	0	0	0	0	0	0	0	0	0	0	0	0
616.2	0	0	0	0	0	0	0	0	0	0	0	0	0	0	0	0	0	0
616.85	0	0	0	0	0	0	0	0	0	0	0	0	0	0	0	0	0	0
617.5	0	0	0	0	0	0	0	0	0	0	0	0	0	0	0	0	0	0
618.15	0	0	0	0	0	0	0	0	0	0	0	0	0	0	0	0	0	0
618.8	0	0	0	0	0	0	0	0	0	0	0	0	0	0	0	0	0	0
619.45	0	0	0	0	0	0	0	0	0	0	0	0	0	0	0	0	0	0
620.1	0	0	0	0	0	0	0	0	0	0	0	0	0	0	0	0	0	0
620.75	0	0	0	0	0	0	0	0	0	0	0	0	0	0	0	0	0	0
621.4	0	0	0	0	0	0	0	0	0	0	0	0	0	0	0	0	0	0
622.05	0	0	0	0	0	0	0	0	0	0	0	0	0	0	0	0	0	0
622.7	0	0	0	0	0	0	0	0	0	0	0	0	0	0	0	0	0	0
623.35	0	0	0	0	0	0	0	0	0	0	0	0	0	0	0	0	0	0
624	0	0	0	0	0	0	0	0	0	0	0	0	0	0	0	0	0	0
624.65	0	0	0	0	0	0	0	0	0	0	0	0	0	0	0	0	0	0
625.3	0	0	0	0	0	0	0	0	0	0	0	0	0	0	0	0	0	0
625.95	0	0	0	0	0	0	0	0	0	0	0	0	0	0	0	0	0	0
626.6	0	0	0	0	0	0	0	0	0	0	0	0	0	0	0	0	0	0
627.25	0	0	0	0	0	0	0	0	0	0	0	0	0	0	0	0	0	0
627.9	0	0	0	0	0	0	0	0	0	0	0	0	0	0	0	0	0	0
628.55	0	0	0	0	0	0	0	0	0	0	0	0	0	0	0	0	0	0
629.2	0	0	0	0	0	0	0	0	0	0	0	0	0	0	0	0	0	0
629.85	0	0	0	0	0	0	0	0	0	0	0	0	0	0	0	0	0	0
630.5	0	0	0	0	0	0	0	0	0	0	0	0	0	0	0	0	0	0
631.15	0	0	0	0	0	0	0	0	0	0	0	0	0	0	0	0	0	0
631.8	0	0	0	0	0	0	0	0	0	0	0	0	0	0	0	0	0	0
632.45	0	0	0	0	0	0	0	0	0	0	0	0	0	0	0	0	0	0
633.1	0	0	0	0	0	0	0	0	0	0	0	0	0	0	0	0	0	0
633.75	0	0	0	0	0	0	0	0	0	0	0	0	0	0	0	0	0	0
634.4	0	0	0	0	0	0	0	0	0	0	0	0	0	0	0	0	0	0
635.05	0	0	0	0	0	0	0	0	0	0	0	0	0	0	0	0	0	0
635.7	0	0	0	0	0	0	0	0	0	0	0	0	0	0	0	0	0	0
636.35	0	0	0	0	0	0	0	0	0	0	0	0	0	0	0	0	0	0
637	0	0	0	0	0	0	0	0	0	0	0	0	0	0	0	0	0	0
637.65	0	0	0	0	0	0	0	0	0	0	0	0	0	0	0	0	0	0
638.3	0	0	0	0	0	0	0	0	0	0	0	0	0	0	0	0	0	0
638.95	0	0	0	0	0	0	0	0	0	0	0	0	0	0	0	0	0	0
639.6	0	0	0	0	0	0	0	0	0	0	0	0	0	0	0	0	0	0
640.25	0	0	0	0	0	0	0	0	0	0	0	0	0	0	0	0	0	0
640.9	0	0	0	0	0	0	0	0	0	0	0	0	0	0	0	0	0	0
641.55	0	0	0	0	0	0	0	0	0	0	0	0	0	0	0	0	0	0
642.2	0	0	0	0	0	0	0	0	0	0	0	0	0	0	0	0	0	0
642.85	0	0	0	0	0	0	0	0	0	0	0	0	0	0	0	0	0	0
643.5	0	0	0	0	0	0	0	0	0	0	0	0	0	0	0	0	0	0
644.15	0	0	0	0	0	0	0	0	0	0	0	0	0	0	0	0	0	0
644.8	0	0	0	0	0	0	0	0	0	0	0	0	0	0	0	0	0	0
645.45	0	0	0	0	0	0	0	0	0	0	0	0	0	0	0	0	0	0
646.1	0	0	0	0	0	0	0	0	0	0	0	0	0	0	0	0	0	0
646.75	0	0	0	0	0	0	0	0	0	0	0	0	0	0	0	0	0	0
647.4	0	0	0	0	0	0	0	0	0	0	0	0	0	0	0	0	0	0
648.05	0	0	0	0	0	0	0	0	0	0	0	0	0	0	0	0	0	0
648.7	0	0	0	0	0	0	0	0	0	0	0	0	0	0	0	0	0	0
649.35	0	0	0	0	0	0	0	0	0	0	0	0	0	0	0	0	0	0
650	0	0	0	0	0	0	0	0	0	0	0	0	0	0	0	0	0	0
