Time (ms)	Sweep 1	Sweep 2	Sweep 3	Sweep 4	Sweep 5	Sweep 6	Sweep 7	Sweep 8	Sweep 9	Sweep 10	Sweep 11	Sweep 12	Sweep 13	Sweep 14	Sweep 15	Sweep 16	Sweep 17	Sweep 18
0	0	0	0	0	0	0	0	0	0	0	0	0	0	0	0	0	0	0
0.1	0	0	0	0	0	0	0	0	0	0	0	0	0	0	0	0	0	0
0.2	0	0	0	0	0	0	0	0	0	0	0	0	0	0	0	0	0	0
0.3	0	0	0	0	0	0	0	0	0	0	0	0	0	0	0	0	0	0
0.4	0	0	0	0	0	0	0	0	0	0	0	0	0	0	0	0	0	0
0.5	0	0	0	0	0	0	0	0	0	0	0	0	0	0	0	0	0	0
0.6	0	0	0	0	0	0	0	0	0	0	0	0	0	0	0	0	0	0
0.7	0	0	0	0	0	0	0	0	0	0	0	0	0	0	0	0	0	0
0.8	0	0	0	0	0	0	0	0	0	0	0	0	0	0	0	0	0	0
0.9	0	0	0	0	0	0	0	0	0	0	0	0	0	0	0	0	0	0
1	0	0	0	0	0	0	0	0	0	0	0	0	0	0	0	0	0	0
1.1	0	0	0	0	0	0	0	0	0	0	0	0	0	0	0	0	0	0
1.2	0	0	0	0	0	0	0	0	0	0	0	0	0	0	0	0	0	0
1.3	0	0	0	0	0	0	0	0	0	0	0	0	0	0	0	0	0	0
1.4	0	0	0	0	0	0	0	0	0	0	0	0	0	0	0	0	0	0
1.5	0	0	0	0	0	0	0	0	0	0	0	0	0	0	0	0	0	0
1.6	0	0	0	0	0	0	0	0	0	0	0	0	0	0	0	0	0	0
1.7	0	0	0	0	0	0	0	0	0	0	0	0	0	0	0	0	0	0
1.8	0	0	0	0	0	0	0	0	0	0	0	0	0	0	0	0	0	0
1.9	0	0	0	0	0	0	0	0	0	0	0	0	0	0	0	0	0	0
2	0	0	0	0	0	0	0	0	0	0	0	0	0	0	0	0	0	0
2.1	0	0	0	0	0	0	0	0	0	0	0	0	0	0	0	0	0	0
2.2	0	0	0	0	0	0	0	0	0	0	0	0	0	0	0	0	0	0
2.3	0	0	0	0	0	0	0	0	0	0	0	0	0	0	0	0	0	0
2.4	0	0	0	0	0	0	0	0	0	0	0	0	0	0	0	0	0	0
2.5	0	0	0	0	0	0	0	0	0	0	0	0	0	0	0	0	0	0
2.6	0	0	0	0	0	0	0	0	0	0	0	0	0	0	0	0	0	0
2.7	0	0	0	0	0	0	0	0	0	0	0	0	0	0	0	0	0	0
2.8	0	0	0	0	0	0	0	0	0	0	0	0	0	0	0	0	0	0
2.9	0	0	0	0	0	0	0	0	0	0	0	0	0	0	0	0	0	0
3	0	0	0	0	0	0	0	0	0	0	0	0	0	0	0	0	0	0
3.1	0	0	0	0	0	0	0	0	0	0	0	0	0	0	0	0	0	0
3.2	0	0	0	0	0	0	0	0	0	0	0	0	0	0	0	0	0	0
3.3	0	0	0	0	0	0	0	0	0	0	0	0	0	0	0	0	0	0
3.4	0	0	0	0	0	0	0	0	0	0	0	0	0	0	0	0	0	0
3.5	0	0	0	0	0	0	0	0	0	0	0	0	0	0	0	0	0	0
3.6	0	0	0	0	0	0	0	0	0	0	0	0	0	0	0	0	0	0
3.7	0	0	0	0	0	0	0	0	0	0	0	0	0	0	0	0	0	0
3.8	0	0	0	0	0	0	0	0	0	0	0	0	0	0	0	0	0	0
3.9	0	0	0	0	0	0	0	0	0	0	0	0	0	0	0	0	0	0
4	0	0	0	0	0	0	0	0	0	0	0	0	0	0	0	0	0	0
4.1	0	0	0	0	0	0	0	0	0	0	0	0	0	0	0	0	0	0
4.2	0	0	0	0	0	0	0	0	0	0	0	0	0	0	0	0	0	0
4.3	0	0	0	0	0	0	0	0	0	0	0	0	0	0	0	0	0	0
4.4	0	0	0	0	0	0	0	0	0	0	0	0	0	0	0	0	0	0
4.5	0	0	0	0	0	0	0	0	0	0	0	0	0	0	0	0	0	0
4.6	0	0	0	0	0	0	0	0	0	0	0	0	0	0	0	0	0	0
4.7	0	0	0	0	0	0	0	0	0	0	0	0	0	0	0	0	0	0
4.8	0	0	0	0	0	0	0	0	0	0	0	0	0	0	0	0	0	0
4.9	0	0	0	0	0	0	0	0	0	0	0	0	0	0	0	0	0	0
5	0	0	0	0	0	0	0	0	0	0	0	0	0	0	0	0	0	0
5.1	0	0	0	0	0	0	0	0	0	0	0	0	0	0	0	0	0	0
5.2	0	0	0	0	0	0	0	0	0	0	0	0	0	0	0	0	0	0
5.3	0	0	0	0	0	0	0	0	0	0	0	0	0	0	0	0	0	0
5.4	0	0	0	0	0	0	0	0	0	0	0	0	0	0	0	0	0	0
5.5	0	0	0	0	0	0	0	0	0	0	0	0	0	0	0	0	0	0
5.6	0	0	0	0	0	0	0	0	0	0	0	0	0	0	0	0	0	0
5.7	0	0	0	0	0	0	0	0	0	0	0	0	0	0	0	0	0	0
5.8	0	0	0	0	0	0	0	0	0	0	0	0	0	0	0	0	0	0
5.9	0	0	0	0	0	0	0	0	0	0	0	0	0	0	0	0	0	0
6	0	0	0	0	0	0	0	0	0	0	0	0	0	0	0	0	0	0
6.1	0	0	0	0	0	0	0	0	0	0	0	0	0	0	0	0	0	0
6.2	0	0	0	0	0	0	0	0	0	0	0	0	0	0	0	0	0	0
6.3	0	0	0	0	0	0	0	0	0	0	0	0	0	0	0	0	0	0
6.4	0	0	0	0	0	0	0	0	0	0	0	0	0	0	0	0	0	0
6.5	0	0	0	0	0	0	0	0	0	0	0	0	0	0	0	0	0	0
6.6	0	0	0	0	0	0	0	0	0	0	0	0	0	0	0	0	0	0
6.7	0	0	0	0	0	0	0	0	0	0	0	0	0	0	0	0	0	0
6.8	0	0	0	0	0	0	0	0	0	0	0	0	0	0	0	0	0	0
6.9	0	0	0	0	0	0	0	0	0	0	0	0	0	0	0	0	0	0
7	0	0	0	0	0	0	0	0	0	0	0	0	0	0	0	0	0	0
7.1	0	0	0	0	0	0	0	0	0	0	0	0	0	0	0	0	0	0
7.2	0	0	0	0	0	0	0	0	0	0	0	0	0	0	0	0	0	0
7.3	0	0	0	0	0	0	0	0	0	0	0	0	0	0	0	0	0	0
7.4	0	0	0	0	0	0	0	0	0	0	0	0	0	0	0	0	0	0
7.5	0	0	0	0	0	0	0	0	0	0	0	0	0	0	0	0	0	0
7.6	0	0	0	0	0	0	0	0	0	0	0	0	0	0	0	0	0	0
7.7	0	0	0	0	0	0	0	0	0	0	0	0	0	0	0	0	0	0
7.8	0	0	0	0	0	0	0	0	0	0	0	0	0	0	0	0	0	0
7.9	0	0	0	0	0	0	0	0	0	0	0	0	0	0	0	0	0	0
8	0	0	0	0	0	0	0	0	0	0	0	0	0	0	0	0	0	0
8.1	0	0	0	0	0	0	0	0	0	0	0	0	0	0	0	0	0	0
8.2	0	0	0	0	0	0	0	0	0	0	0	0	0	0	0	0	0	0
8.3	0	0	0	0	0	0	0	0	0	0	0	0	0	0	0	0	0	0
8.4	0	0	0	0	0	0	0	0	0	0	0	0	0	0	0	0	0	0
8.5	0	0	0	0	0	0	0	0	0	0	0	0	0	0	0	0	0	0
8.6	0	0	0	0	0	0	0	0	0	0	0	0	0	0	0	0	0	0
8.7	0	0	0	0	0	0	0	0	0	0	0	0	0	0	0	0	0	0
8.8	0	0	0	0	0	0	0	0	0	0	0	0	0	0	0	0	0	0
8.9	0	0	0	0	0	0	0	0	0	0	0	0	0	0	0	0	0	0
9	0	0	0	0	0	0	0	0	0	0	0	0	0	0	0	0	0	0
9.1	0	0	0	0	0	0	0	0	0	0	0	0	0	0	0	0	0	0
9.2	0	0	0	0	0	0	0	0	0	0	0	0	0	0	0	0	0	0
9.3	0	0	0	0	0	0	0	0	0	0	0	0	0	0	0	0	0	0
9.4	0	0	0	0	0	0	0	0	0	0	0	0	0	0	0	0	0	0
9.5	0	0	0	0	0	0	0	0	0	0	0	0	0	0	0	0	0	0
9.6	0	0	0	0	0	0	0	0	0	0	0	0	0	0	0	0	0	0
9.7	0	0	0	0	0	0	0	0	0	0	0	0	0	0	0	0	0	0
9.8	0	0	0	0	0	0	0	0	0	0	0	0	0	0	0	0	0	0
9.9	0	0	0	0	0	0	0	0	0	0	0	0	0	0	0	0	0	0
10	0	0	0	0	0	0	0	0	0	0	0	0	0	0	0	0	0	0
10.1	0	0	0	0	0	0	0	0	0	0	0	0	0	0	0	0	0	0
10.2	0	0	0	0	0	0	0	0	0	0	0	0	0	0	0	0	0	0
10.3	0	0	0	0	0	0	0	0	0	0	0	0	0	0	0	0	0	0
10.4	0	0	0	0	0	0	0	0	0	0	0	0	0	0	0	0	0	0
10.5	0	0	0	0	0	0	0	0	0	0	0	0	0	0	0	0	0	0
10.6	0	0	0	0	0	0	0	0	0	0	0	0	0	0	0	0	0	0
10.7	0	0	0	0	0	0	0	0	0	0	0	0	0	0	0	0	0	0
10.8	0	0	0	0	0	0	0	0	0	0	0	0	0	0	0	0	0	0
10.9	0	0	0	0	0	0	0	0	0	0	0	0	0	0	0	0	0	0
11	0	0	0	0	0	0	0	0	0	0	0	0	0	0	0	0	0	0
11.1	0	0	0	0	0	0	0	0	0	0	0	0	0	0	0	0	0	0
11.2	0	0	0	0	0	0	0	0	0	0	0	0	0	0	0	0	0	0
11.3	0	0	0	0	0	0	0	0	0	0	0	0	0	0	0	0	0	0
11.4	0	0	0	0	0	0	0	0	0	0	0	0	0	0	0	0	0	0
11.5	0	0	0	0	0	0	0	0	0	0	0	0	0	0	0	0	0	0
11.6	0	0	0	0	0	0	0	0	0	0	0	0	0	0	0	0	0	0
11.7	0	0	0	0	0	0	0	0	0	0	0	0	0	0	0	0	0	0
11.8	0	0	0	0	0	0	0	0	0	0	0	0	0	0	0	0	0	0
11.9	0	0	0	0	0	0	0	0	0	0	0	0	0	0	0	0	0	0
12	0	0	0	0	0	0	0	0	0	0	0	0	0	0	0	0	0	0
12.1	0	0	0	0	0	0	0	0	0	0	0	0	0	0	0	0	0	0
12.2	0	0	0	0	0	0	0	0	0	0	0	0	0	0	0	0	0	0
12.3	0	0	0	0	0	0	0	0	0	0	0	0	0	0	0	0	0	0
12.4	0	0	0	0	0	0	0	0	0	0	0	0	0	0	0	0	0	0
12.5	0	0	0	0	0	0	0	0	0	0	0	0	0	0	0	0	0	0
12.6	0	0	0	0	0	0	0	0	0	0	0	0	0	0	0	0	0	0
12.7	0	0	0	0	0	0	0	0	0	0	0	0	0	0	0	0	0	0
12.8	0	0	0	0	0	0	0	0	0	0	0	0	0	0	0	0	0	0
12.9	0	0	0	0	0	0	0	0	0	0	0	0	0	0	0	0	0	0
13	0	0	0	0	0	0	0	0	0	0	0	0	0	0	0	0	0	0
13.1	0	0	0	0	0	0	0	0	0	0	0	0	0	0	0	0	0	0
13.2	0	0	0	0	0	0	0	0	0	0	0	0	0	0	0	0	0	0
13.3	0	0	0	0	0	0	0	0	0	0	0	0	0	0	0	0	0	0
13.4	0	0	0	0	0	0	0	0	0	0	0	0	0	0	0	0	0	0
13.5	0	0	0	0	0	0	0	0	0	0	0	0	0	0	0	0	0	0
13.6	0	0	0	0	0	0	0	0	0	0	0	0	0	0	0	0	0	0
13.7	0	0	0	0	0	0	0	0	0	0	0	0	0	0	0	0	0	0
13.8	0	0	0	0	0	0	0	0	0	0	0	0	0	0	0	0	0	0
13.9	0	0	0	0	0	0	0	0	0	0	0	0	0	0	0	0	0	0
14	0	0	0	0	0	0	0	0	0	0	0	0	0	0	0	0	0	0
14.1	0	0	0	0	0	0	0	0	0	0	0	0	0	0	0	0	0	0
14.2	0	0	0	0	0	0	0	0	0	0	0	0	0	0	0	0	0	0
14.3	0	0	0	0	0	0	0	0	0	0	0	0	0	0	0	0	0	0
14.4	0	0	0	0	0	0	0	0	0	0	0	0	0	0	0	0	0	0
14.5	0	0	0	0	0	0	0	0	0	0	0	0	0	0	0	0	0	0
14.6	0	0	0	0	0	0	0	0	0	0	0	0	0	0	0	0	0	0
14.7	0	0	0	0	0	0	0	0	0	0	0	0	0	0	0	0	0	0
14.8	0	0	0	0	0	0	0	0	0	0	0	0	0	0	0	0	0	0
14.9	0	0	0	0	0	0	0	0	0	0	0	0	0	0	0	0	0	0
15	0	0	0	0	0	0	0	0	0	0	0	0	0	0	0	0	0	0
15.1	0	0	0	0	0	0	0	0	0	0	0	0	0	0	0	0	0	0
15.2	0	0	0	0	0	0	0	0	0	0	0	0	0	0	0	0	0	0
15.3	0	0	0	0	0	0	0	0	0	0	0	0	0	0	0	0	0	0
15.4	0	0	0	0	0	0	0	0	0	0	0	0	0	0	0	0	0	0
15.5	0	0	0	0	0	0	0	0	0	0	0	0	0	0	0	0	0	0
15.6	0	0	0	0	0	0	0	0	0	0	0	0	0	0	0	0	0	0
15.7	0	0	0	0	0	0	0	0	0	0	0	0	0	0	0	0	0	0
15.8	0	0	0	0	0	0	0	0	0	0	0	0	0	0	0	0	0	0
15.9	0	0	0	0	0	0	0	0	0	0	0	0	0	0	0	0	0	0
16	0	0	0	0	0	0	0	0	0	0	0	0	0	0	0	0	0	0
16.1	0	0	0	0	0	0	0	0	0	0	0	0	0	0	0	0	0	0
16.2	0	0	0	0	0	0	0	0	0	0	0	0	0	0	0	0	0	0
16.3	0	0	0	0	0	0	0	0	0	0	0	0	0	0	0	0	0	0
16.4	0	0	0	0	0	0	0	0	0	0	0	0	0	0	0	0	0	0
16.5	0	0	0	0	0	0	0	0	0	0	0	0	0	0	0	0	0	0
16.6	0	0	0	0	0	0	0	0	0	0	0	0	0	0	0	0	0	0
16.7	0	0	0	0	0	0	0	0	0	0	0	0	0	0	0	0	0	0
16.8	0	0	0	0	0	0	0	0	0	0	0	0	0	0	0	0	0	0
16.9	0	0	0	0	0	0	0	0	0	0	0	0	0	0	0	0	0	0
17	0	0	0	0	0	0	0	0	0	0	0	0	0	0	0	0	0	0
17.1	0	0	0	0	0	0	0	0	0	0	0	0	0	0	0	0	0	0
17.2	0	0	0	0	0	0	0	0	0	0	0	0	0	0	0	0	0	0
17.3	0	0	0	0	0	0	0	0	0	0	0	0	0	0	0	0	0	0
17.4	0	0	0	0	0	0	0	0	0	0	0	0	0	0	0	0	0	0
17.5	0	0	0	0	0	0	0	0	0	0	0	0	0	0	0	0	0	0
17.6	0	0	0	0	0	0	0	0	0	0	0	0	0	0	0	0	0	0
17.7	0	0	0	0	0	0	0	0	0	0	0	0	0	0	0	0	0	0
17.8	0	0	0	0	0	0	0	0	0	0	0	0	0	0	0	0	0	0
17.9	0	0	0	0	0	0	0	0	0	0	0	0	0	0	0	0	0	0
18	0	0	0	0	0	0	0	0	0	0	0	0	0	0	0	0	0	0
18.1	0	0	0	0	0	0	0	0	0	0	0	0	0	0	0	0	0	0
18.2	0	0	0	0	0	0	0	0	0	0	0	0	0	0	0	0	0	0
18.3	0	0	0	0	0	0	0	0	0	0	0	0	0	0	0	0	0	0
18.4	0	0	0	0	0	0	0	0	0	0	0	0	0	0	0	0	0	0
18.5	0	0	0	0	0	0	0	0	0	0	0	0	0	0	0	0	0	0
18.6	0	0	0	0	0	0	0	0	0	0	0	0	0	0	0	0	0	0
18.7	0	0	0	0	0	0	0	0	0	0	0	0	0	0	0	0	0	0
18.8	0	0	0	0	0	0	0	0	0	0	0	0	0	0	0	0	0	0
18.9	0	0	0	0	0	0	0	0	0	0	0	0	0	0	0	0	0	0
19	0	0	0	0	0	0	0	0	0	0	0	0	0	0	0	0	0	0
19.1	0	0	0	0	0	0	0	0	0	0	0	0	0	0	0	0	0	0
19.2	0	0	0	0	0	0	0	0	0	0	0	0	0	0	0	0	0	0
19.3	0	0	0	0	0	0	0	0	0	0	0	0	0	0	0	0	0	0
19.4	0	0	0	0	0	0	0	0	0	0	0	0	0	0	0	0	0	0
19.5	0	0	0	0	0	0	0	0	0	0	0	0	0	0	0	0	0	0
19.6	0	0	0	0	0	0	0	0	0	0	0	0	0	0	0	0	0	0
19.7	0	0	0	0	0	0	0	0	0	0	0	0	0	0	0	0	0	0
19.8	0	0	0	0	0	0	0	0	0	0	0	0	0	0	0	0	0	0
19.9	0	0	0	0	0	0	0	0	0	0	0	0	0	0	0	0	0	0
20	0	0	0	0	0	0	0	0	0	0	0	0	0	0	0	0	0	0
20.1	0	0	0	0	0	0	0	0	0	0	0	0	0	0	0	0	0	0
20.2	0	0	0	0	0	0	0	0	0	0	0	0	0	0	0	0	0	0
20.3	0	0	0	0	0	0	0	0	0	0	0	0	0	0	0	0	0	0
20.4	0	0	0	0	0	0	0	0	0	0	0	0	0	0	0	0	0	0
20.5	0	0	0	0	0	0	0	0	0	0	0	0	0	0	0	0	0	0
20.6	0	0	0	0	0	0	0	0	0	0	0	0	0	0	0	0	0	0
20.7	0	0	0	0	0	0	0	0	0	0	0	0	0	0	0	0	0	0
20.8	0	0	0	0	0	0	0	0	0	0	0	0	0	0	0	0	0	0
20.9	0	0	0	0	0	0	0	0	0	0	0	0	0	0	0	0	0	0
21	0	0	0	0	0	0	0	0	0	0	0	0	0	0	0	0	0	0
21.1	0	0	0	0	0	0	0	0	0	0	0	0	0	0	0	0	0	0
21.2	0	0	0	0	0	0	0	0	0	0	0	0	0	0	0	0	0	0
21.3	0	0	0	0	0	0	0	0	0	0	0	0	0	0	0	0	0	0
21.4	0	0	0	0	0	0	0	0	0	0	0	0	0	0	0	0	0	0
21.5	0	0	0	0	0	0	0	0	0	0	0	0	0	0	0	0	0	0
21.6	0	0	0	0	0	0	0	0	0	0	0	0	0	0	0	0	0	0
21.7	0	0	0	0	0	0	0	0	0	0	0	0	0	0	0	0	0	0
21.8	0	0	0	0	0	0	0	0	0	0	0	0	0	0	0	0	0	0
21.9	0	0	0	0	0	0	0	0	0	0	0	0	0	0	0	0	0	0
22	0	0	0	0	0	0	0	0	0	0	0	0	0	0	0	0	0	0
22.1	0	0	0	0	0	0	0	0	0	0	0	0	0	0	0	0	0	0
22.2	0	0	0	0	0	0	0	0	0	0	0	0	0	0	0	0	0	0
22.3	0	0	0	0	0	0	0	0	0	0	0	0	0	0	0	0	0	0
22.4	0	0	0	0	0	0	0	0	0	0	0	0	0	0	0	0	0	0
22.5	0	0	0	0	0	0	0	0	0	0	0	0	0	0	0	0	0	0
22.6	0	0	0	0	0	0	0	0	0	0	0	0	0	0	0	0	0	0
22.7	0	0	0	0	0	0	0	0	0	0	0	0	0	0	0	0	0	0
22.8	0	0	0	0	0	0	0	0	0	0	0	0	0	0	0	0	0	0
22.9	0	0	0	0	0	0	0	0	0	0	0	0	0	0	0	0	0	0
23	0	0	0	0	0	0	0	0	0	0	0	0	0	0	0	0	0	0
23.1	0	0	0	0	0	0	0	0	0	0	0	0	0	0	0	0	0	0
23.2	0	0	0	0	0	0	0	0	0	0	0	0	0	0	0	0	0	0
23.3	0	0	0	0	0	0	0	0	0	0	0	0	0	0	0	0	0	0
23.4	0	0	0	0	0	0	0	0	0	0	0	0	0	0	0	0	0	0
23.5	0	0	0	0	0	0	0	0	0	0	0	0	0	0	0	0	0	0
23.6	0	0	0	0	0	0	0	0	0	0	0	0	0	0	0	0	0	0
23.7	0	0	0	0	0	0	0	0	0	0	0	0	0	0	0	0	0	0
23.8	0	0	0	0	0	0	0	0	0	0	0	0	0	0	0	0	0	0
23.9	0	0	0	0	0	0	0	0	0	0	0	0	0	0	0	0	0	0
24	0	0	0	0	0	0	0	0	0	0	0	0	0	0	0	0	0	0
24.1	0	0	0	0	0	0	0	0	0	0	0	0	0	0	0	0	0	0
24.2	0	0	0	0	0	0	0	0	0	0	0	0	0	0	0	0	0	0
24.3	0	0	0	0	0	0	0	0	0	0	0	0	0	0	0	0	0	0
24.4	0	0	0	0	0	0	0	0	0	0	0	0	0	0	0	0	0	0
24.5	0	0	0	0	0	0	0	0	0	0	0	0	0	0	0	0	0	0
24.6	0	0	0	0	0	0	0	0	0	0	0	0	0	0	0	0	0	0
24.7	0	0	0	0	0	0	0	0	0	0	0	0	0	0	0	0	0	0
24.8	0	0	0	0	0	0	0	0	0	0	0	0	0	0	0	0	0	0
24.9	0	0	0	0	0	0	0	0	0	0	0	0	0	0	0	0	0	0
25	0	0	0	0	0	0	0	0	0	0	0	0	0	0	0	0	0	0
25.1	0	0	0	0	0	0	0	0	0	0	0	0	0	0	0	0	0	0
25.2	0	0	0	0	0	0	0	0	0	0	0	0	0	0	0	0	0	0
25.3	0	0	0	0	0	0	0	0	0	0	0	0	0	0	0	0	0	0
25.4	0	0	0	0	0	0	0	0	0	0	0	0	0	0	0	0	0	0
25.5	0	0	0	0	0	0	0	0	0	0	0	0	0	0	0	0	0	0
25.6	0	0	0	0	0	0	0	0	0	0	0	0	0	0	0	0	0	0
25.7	0	0	0	0	0	0	0	0	0	0	0	0	0	0	0	0	0	0
25.8	0	0	0	0	0	0	0	0	0	0	0	0	0	0	0	0	0	0
25.9	0	0	0	0	0	0	0	0	0	0	0	0	0	0	0	0	0	0
26	0	0	0	0	0	0	0	0	0	0	0	0	0	0	0	0	0	0
26.1	0	0	0	0	0	0	0	0	0	0	0	0	0	0	0	0	0	0
26.2	0	0	0	0	0	0	0	0	0	0	0	0	0	0	0	0	0	0
26.3	0	0	0	0	0	0	0	0	0	0	0	0	0	0	0	0	0	0
26.4	0	0	0	0	0	0	0	0	0	0	0	0	0	0	0	0	0	0
26.5	0	0	0	0	0	0	0	0	0	0	0	0	0	0	0	0	0	0
26.6	0	0	0	0	0	0	0	0	0	0	0	0	0	0	0	0	0	0
26.7	0	0	0	0	0	0	0	0	0	0	0	0	0	0	0	0	0	0
26.8	0	0	0	0	0	0	0	0	0	0	0	0	0	0	0	0	0	0
26.9	0	0	0	0	0	0	0	0	0	0	0	0	0	0	0	0	0	0
27	0	0	0	0	0	0	0	0	0	0	0	0	0	0	0	0	0	0
27.1	0	0	0	0	0	0	0	0	0	0	0	0	0	0	0	0	0	0
27.2	0	0	0	0	0	0	0	0	0	0	0	0	0	0	0	0	0	0
27.3	0	0	0	0	0	0	0	0	0	0	0	0	0	0	0	0	0	0
27.4	0	0	0	0	0	0	0	0	0	0	0	0	0	0	0	0	0	0
27.5	0	0	0	0	0	0	0	0	0	0	0	0	0	0	0	0	0	0
27.6	0	0	0	0	0	0	0	0	0	0	0	0	0	0	0	0	0	0
27.7	0	0	0	0	0	0	0	0	0	0	0	0	0	0	0	0	0	0
27.8	0	0	0	0	0	0	0	0	0	0	0	0	0	0	0	0	0	0
27.9	0	0	0	0	0	0	0	0	0	0	0	0	0	0	0	0	0	0
28	0	0	0	0	0	0	0	0	0	0	0	0	0	0	0	0	0	0
28.1	0	0	0	0	0	0	0	0	0	0	0	0	0	0	0	0	0	0
28.2	0	0	0	0	0	0	0	0	0	0	0	0	0	0	0	0	0	0
28.3	0	0	0	0	0	0	0	0	0	0	0	0	0	0	0	0	0	0
28.4	0	0	0	0	0	0	0	0	0	0	0	0	0	0	0	0	0	0
28.5	0	0	0	0	0	0	0	0	0	0	0	0	0	0	0	0	0	0
28.6	0	0	0	0	0	0	0	0	0	0	0	0	0	0	0	0	0	0
28.7	0	0	0	0	0	0	0	0	0	0	0	0	0	0	0	0	0	0
28.8	0	0	0	0	0	0	0	0	0	0	0	0	0	0	0	0	0	0
28.9	0	0	0	0	0	0	0	0	0	0	0	0	0	0	0	0	0	0
29	0	0	0	0	0	0	0	0	0	0	0	0	0	0	0	0	0	0
29.1	0	0	0	0	0	0	0	0	0	0	0	0	0	0	0	0	0	0
29.2	0	0	0	0	0	0	0	0	0	0	0	0	0	0	0	0	0	0
29.3	0	0	0	0	0	0	0	0	0	0	0	0	0	0	0	0	0	0
29.4	0	0	0	0	0	0	0	0	0	0	0	0	0	0	0	0	0	0
29.5	0	0	0	0	0	0	0	0	0	0	0	0	0	0	0	0	0	0
29.6	0	0	0	0	0	0	0	0	0	0	0	0	0	0	0	0	0	0
29.7	0	0	0	0	0	0	0	0	0	0	0	0	0	0	0	0	0	0
29.8	0	0	0	0	0	0	0	0	0	0	0	0	0	0	0	0	0	0
29.9	0	0	0	0	0	0	0	0	0	0	0	0	0	0	0	0	0	0
30	0	0	0	0	0	0	0	0	0	0	0	0	0	0	0	0	0	0
30.1	0	0	0	0	0	0	0	0	0	0	0	0	0	0	0	0	0	0
30.2	0	0	0	0	0	0	0	0	0	0	0	0	0	0	0	0	0	0
30.3	0	0	0	0	0	0	0	0	0	0	0	0	0	0	0	0	0	0
30.4	0	0	0	0	0	0	0	0	0	0	0	0	0	0	0	0	0	0
30.5	0	0	0	0	0	0	0	0	0	0	0	0	0	0	0	0	0	0
30.6	0	0	0	0	0	0	0	0	0	0	0	0	0	0	0	0	0	0
30.7	0	0	0	0	0	0	0	0	0	0	0	0	0	0	0	0	0	0
30.8	0	0	0	0	0	0	0	0	0	0	0	0	0	0	0	0	0	0
30.9	0	0	0	0	0	0	0	0	0	0	0	0	0	0	0	0	0	0
31	0	0	0	0	0	0	0	0	0	0	0	0	0	0	0	0	0	0
31.1	0	0	0	0	0	0	0	0	0	0	0	0	0	0	0	0	0	0
31.2	0	0	0	0	0	0	0	0	0	0	0	0	0	0	0	0	0	0
31.3	0	0	0	0	0	0	0	0	0	0	0	0	0	0	0	0	0	0
31.4	0	0	0	0	0	0	0	0	0	0	0	0	0	0	0	0	0	0
31.5	0	0	0	0	0	0	0	0	0	0	0	0	0	0	0	0	0	0
31.6	0	0	0	0	0	0	0	0	0	0	0	0	0	0	0	0	0	0
31.7	0	0	0	0	0	0	0	0	0	0	0	0	0	0	0	0	0	0
31.8	0	0	0	0	0	0	0	0	0	0	0	0	0	0	0	0	0	0
31.9	0	0	0	0	0	0	0	0	0	0	0	0	0	0	0	0	0	0
32	0	0	0	0	0	0	0	0	0	0	0	0	0	0	0	0	0	0
32.1	0	0	0	0	0	0	0	0	0	0	0	0	0	0	0	0	0	0
32.2	0	0	0	0	0	0	0	0	0	0	0	0	0	0	0	0	0	0
32.3	0	0	0	0	0	0	0	0	0	0	0	0	0	0	0	0	0	0
32.4	0	0	0	0	0	0	0	0	0	0	0	0	0	0	0	0	0	0
32.5	0	0	0	0	0	0	0	0	0	0	0	0	0	0	0	0	0	0
32.6	0	0	0	0	0	0	0	0	0	0	0	0	0	0	0	0	0	0
32.7	0	0	0	0	0	0	0	0	0	0	0	0	0	0	0	0	0	0
32.8	0	0	0	0	0	0	0	0	0	0	0	0	0	0	0	0	0	0
32.9	0	0	0	0	0	0	0	0	0	0	0	0	0	0	0	0	0	0
33	0	0	0	0	0	0	0	0	0	0	0	0	0	0	0	0	0	0
33.1	0	0	0	0	0	0	0	0	0	0	0	0	0	0	0	0	0	0
33.2	0	0	0	0	0	0	0	0	0	0	0	0	0	0	0	0	0	0
33.3	0	0	0	0	0	0	0	0	0	0	0	0	0	0	0	0	0	0
33.4	0	0	0	0	0	0	0	0	0	0	0	0	0	0	0	0	0	0
33.5	0	0	0	0	0	0	0	0	0	0	0	0	0	0	0	0	0	0
33.6	0	0	0	0	0	0	0	0	0	0	0	0	0	0	0	0	0	0
33.7	0	0	0	0	0	0	0	0	0	0	0	0	0	0	0	0	0	0
33.8	0	0	0	0	0	0	0	0	0	0	0	0	0	0	0	0	0	0
33.9	0	0	0	0	0	0	0	0	0	0	0	0	0	0	0	0	0	0
34	0	0	0	0	0	0	0	0	0	0	0	0	0	0	0	0	0	0
34.1	0	0	0	0	0	0	0	0	0	0	0	0	0	0	0	0	0	0
34.2	0	0	0	0	0	0	0	0	0	0	0	0	0	0	0	0	0	0
34.3	0	0	0	0	0	0	0	0	0	0	0	0	0	0	0	0	0	0
34.4	0	0	0	0	0	0	0	0	0	0	0	0	0	0	0	0	0	0
34.5	0	0	0	0	0	0	0	0	0	0	0	0	0	0	0	0	0	0
34.6	0	0	0	0	0	0	0	0	0	0	0	0	0	0	0	0	0	0
34.7	0	0	0	0	0	0	0	0	0	0	0	0	0	0	0	0	0	0
34.8	0	0	0	0	0	0	0	0	0	0	0	0	0	0	0	0	0	0
34.9	0	0	0	0	0	0	0	0	0	0	0	0	0	0	0	0	0	0
35	0	0	0	0	0	0	0	0	0	0	0	0	0	0	0	0	0	0
35.1	0	0	0	0	0	0	0	0	0	0	0	0	0	0	0	0	0	0
35.2	0	0	0	0	0	0	0	0	0	0	0	0	0	0	0	0	0	0
35.3	0	0	0	0	0	0	0	0	0	0	0	0	0	0	0	0	0	0
35.4	0	0	0	0	0	0	0	0	0	0	0	0	0	0	0	0	0	0
35.5	0	0	0	0	0	0	0	0	0	0	0	0	0	0	0	0	0	0
35.6	0	0	0	0	0	0	0	0	0	0	0	0	0	0	0	0	0	0
35.7	0	0	0	0	0	0	0	0	0	0	0	0	0	0	0	0	0	0
35.8	0	0	0	0	0	0	0	0	0	0	0	0	0	0	0	0	0	0
35.9	0	0	0	0	0	0	0	0	0	0	0	0	0	0	0	0	0	0
36	0	0	0	0	0	0	0	0	0	0	0	0	0	0	0	0	0	0
36.1	0	0	0	0	0	0	0	0	0	0	0	0	0	0	0	0	0	0
36.2	0	0	0	0	0	0	0	0	0	0	0	0	0	0	0	0	0	0
36.3	0	0	0	0	0	0	0	0	0	0	0	0	0	0	0	0	0	0
36.4	0	0	0	0	0	0	0	0	0	0	0	0	0	0	0	0	0	0
36.5	0	0	0	0	0	0	0	0	0	0	0	0	0	0	0	0	0	0
36.6	0	0	0	0	0	0	0	0	0	0	0	0	0	0	0	0	0	0
36.7	0	0	0	0	0	0	0	0	0	0	0	0	0	0	0	0	0	0
36.8	0	0	0	0	0	0	0	0	0	0	0	0	0	0	0	0	0	0
36.9	0	0	0	0	0	0	0	0	0	0	0	0	0	0	0	0	0	0
37	0	0	0	0	0	0	0	0	0	0	0	0	0	0	0	0	0	0
37.1	0	0	0	0	0	0	0	0	0	0	0	0	0	0	0	0	0	0
37.2	0	0	0	0	0	0	0	0	0	0	0	0	0	0	0	0	0	0
37.3	0	0	0	0	0	0	0	0	0	0	0	0	0	0	0	0	0	0
37.4	0	0	0	0	0	0	0	0	0	0	0	0	0	0	0	0	0	0
37.5	0	0	0	0	0	0	0	0	0	0	0	0	0	0	0	0	0	0
37.6	0	0	0	0	0	0	0	0	0	0	0	0	0	0	0	0	0	0
37.7	0	0	0	0	0	0	0	0	0	0	0	0	0	0	0	0	0	0
37.8	0	0	0	0	0	0	0	0	0	0	0	0	0	0	0	0	0	0
37.9	0	0	0	0	0	0	0	0	0	0	0	0	0	0	0	0	0	0
38	0	0	0	0	0	0	0	0	0	0	0	0	0	0	0	0	0	0
38.1	0	0	0	0	0	0	0	0	0	0	0	0	0	0	0	0	0	0
38.2	0	0	0	0	0	0	0	0	0	0	0	0	0	0	0	0	0	0
38.3	0	0	0	0	0	0	0	0	0	0	0	0	0	0	0	0	0	0
38.4	0	0	0	0	0	0	0	0	0	0	0	0	0	0	0	0	0	0
38.5	0	0	0	0	0	0	0	0	0	0	0	0	0	0	0	0	0	0
38.6	0	0	0	0	0	0	0	0	0	0	0	0	0	0	0	0	0	0
38.7	0	0	0	0	0	0	0	0	0	0	0	0	0	0	0	0	0	0
38.8	0	0	0	0	0	0	0	0	0	0	0	0	0	0	0	0	0	0
38.9	0	0	0	0	0	0	0	0	0	0	0	0	0	0	0	0	0	0
39	0	0	0	0	0	0	0	0	0	0	0	0	0	0	0	0	0	0
39.1	0	0	0	0	0	0	0	0	0	0	0	0	0	0	0	0	0	0
39.2	0	0	0	0	0	0	0	0	0	0	0	0	0	0	0	0	0	0
39.3	0	0	0	0	0	0	0	0	0	0	0	0	0	0	0	0	0	0
39.4	0	0	0	0	0	0	0	0	0	0	0	0	0	0	0	0	0	0
39.5	0	0	0	0	0	0	0	0	0	0	0	0	0	0	0	0	0	0
39.6	0	0	0	0	0	0	0	0	0	0	0	0	0	0	0	0	0	0
39.7	0	0	0	0	0	0	0	0	0	0	0	0	0	0	0	0	0	0
39.8	0	0	0	0	0	0	0	0	0	0	0	0	0	0	0	0	0	0
39.9	0	0	0	0	0	0	0	0	0	0	0	0	0	0	0	0	0	0
40	0	0	0	0	0	0	0	0	0	0	0	0	0	0	0	0	0	0
40.1	0	0	0	0	0	0	0	0	0	0	0	0	0	0	0	0	0	0
40.2	0	0	0	0	0	0	0	0	0	0	0	0	0	0	0	0	0	0
40.3	0	0	0	0	0	0	0	0	0	0	0	0	0	0	0	0	0	0
40.4	0	0	0	0	0	0	0	0	0	0	0	0	0	0	0	0	0	0
40.5	0	0	0	0	0	0	0	0	0	0	0	0	0	0	0	0	0	0
40.6	0	0	0	0	0	0	0	0	0	0	0	0	0	0	0	0	0	0
40.7	0	0	0	0	0	0	0	0	0	0	0	0	0	0	0	0	0	0
40.8	0	0	0	0	0	0	0	0	0	0	0	0	0	0	0	0	0	0
40.9	0	0	0	0	0	0	0	0	0	0	0	0	0	0	0	0	0	0
41	0	0	0	0	0	0	0	0	0	0	0	0	0	0	0	0	0	0
41.1	0	0	0	0	0	0	0	0	0	0	0	0	0	0	0	0	0	0
41.2	0	0	0	0	0	0	0	0	0	0	0	0	0	0	0	0	0	0
41.3	0	0	0	0	0	0	0	0	0	0	0	0	0	0	0	0	0	0
41.4	0	0	0	0	0	0	0	0	0	0	0	0	0	0	0	0	0	0
41.5	0	0	0	0	0	0	0	0	0	0	0	0	0	0	0	0	0	0
41.6	0	0	0	0	0	0	0	0	0	0	0	0	0	0	0	0	0	0
41.7	0	0	0	0	0	0	0	0	0	0	0	0	0	0	0	0	0	0
41.8	0	0	0	0	0	0	0	0	0	0	0	0	0	0	0	0	0	0
41.9	0	0	0	0	0	0	0	0	0	0	0	0	0	0	0	0	0	0
42	0	0	0	0	0	0	0	0	0	0	0	0	0	0	0	0	0	0
42.1	0	0	0	0	0	0	0	0	0	0	0	0	0	0	0	0	0	0
42.2	0	0	0	0	0	0	0	0	0	0	0	0	0	0	0	0	0	0
42.3	0	0	0	0	0	0	0	0	0	0	0	0	0	0	0	0	0	0
42.4	0	0	0	0	0	0	0	0	0	0	0	0	0	0	0	0	0	0
42.5	0	0	0	0	0	0	0	0	0	0	0	0	0	0	0	0	0	0
42.6	0	0	0	0	0	0	0	0	0	0	0	0	0	0	0	0	0	0
42.7	0	0	0	0	0	0	0	0	0	0	0	0	0	0	0	0	0	0
42.8	0	0	0	0	0	0	0	0	0	0	0	0	0	0	0	0	0	0
42.9	0	0	0	0	0	0	0	0	0	0	0	0	0	0	0	0	0	0
43	0	0	0	0	0	0	0	0	0	0	0	0	0	0	0	0	0	0
43.1	0	0	0	0	0	0	0	0	0	0	0	0	0	0	0	0	0	0
43.2	0	0	0	0	0	0	0	0	0	0	0	0	0	0	0	0	0	0
43.3	0	0	0	0	0	0	0	0	0	0	0	0	0	0	0	0	0	0
43.4	0	0	0	0	0	0	0	0	0	0	0	0	0	0	0	0	0	0
43.5	0	0	0	0	0	0	0	0	0	0	0	0	0	0	0	0	0	0
43.6	0	0	0	0	0	0	0	0	0	0	0	0	0	0	0	0	0	0
43.7	0	0	0	0	0	0	0	0	0	0	0	0	0	0	0	0	0	0
43.8	0	0	0	0	0	0	0	0	0	0	0	0	0	0	0	0	0	0
43.9	0	0	0	0	0	0	0	0	0	0	0	0	0	0	0	0	0	0
44	0	0	0	0	0	0	0	0	0	0	0	0	0	0	0	0	0	0
44.1	0	0	0	0	0	0	0	0	0	0	0	0	0	0	0	0	0	0
44.2	0	0	0	0	0	0	0	0	0	0	0	0	0	0	0	0	0	0
44.3	0	0	0	0	0	0	0	0	0	0	0	0	0	0	0	0	0	0
44.4	0	0	0	0	0	0	0	0	0	0	0	0	0	0	0	0	0	0
44.5	0	0	0	0	0	0	0	0	0	0	0	0	0	0	0	0	0	0
44.6	0	0	0	0	0	0	0	0	0	0	0	0	0	0	0	0	0	0
44.7	0	0	0	0	0	0	0	0	0	0	0	0	0	0	0	0	0	0
44.8	0	0	0	0	0	0	0	0	0	0	0	0	0	0	0	0	0	0
44.9	0	0	0	0	0	0	0	0	0	0	0	0	0	0	0	0	0	0
45	0	0	0	0	0	0	0	0	0	0	0	0	0	0	0	0	0	0
45.1	0	0	0	0	0	0	0	0	0	0	0	0	0	0	0	0	0	0
45.2	0	0	0	0	0	0	0	0	0	0	0	0	0	0	0	0	0	0
45.3	0	0	0	0	0	0	0	0	0	0	0	0	0	0	0	0	0	0
45.4	0	0	0	0	0	0	0	0	0	0	0	0	0	0	0	0	0	0
45.5	0	0	0	0	0	0	0	0	0	0	0	0	0	0	0	0	0	0
45.6	0	0	0	0	0	0	0	0	0	0	0	0	0	0	0	0	0	0
45.7	0	0	0	0	0	0	0	0	0	0	0	0	0	0	0	0	0	0
45.8	0	0	0	0	0	0	0	0	0	0	0	0	0	0	0	0	0	0
45.9	0	0	0	0	0	0	0	0	0	0	0	0	0	0	0	0	0	0
46	0	0	0	0	0	0	0	0	0	0	0	0	0	0	0	0	0	0
46.1	0	0	0	0	0	0	0	0	0	0	0	0	0	0	0	0	0	0
46.2	0	0	0	0	0	0	0	0	0	0	0	0	0	0	0	0	0	0
46.3	0	0	0	0	0	0	0	0	0	0	0	0	0	0	0	0	0	0
46.4	0	0	0	0	0	0	0	0	0	0	0	0	0	0	0	0	0	0
46.5	0	0	0	0	0	0	0	0	0	0	0	0	0	0	0	0	0	0
46.6	0	0	0	0	0	0	0	0	0	0	0	0	0	0	0	0	0	0
46.7	0	0	0	0	0	0	0	0	0	0	0	0	0	0	0	0	0	0
46.8	0	0	0	0	0	0	0	0	0	0	0	0	0	0	0	0	0	0
46.9	0	0	0	0	0	0	0	0	0	0	0	0	0	0	0	0	0	0
47	0	0	0	0	0	0	0	0	0	0	0	0	0	0	0	0	0	0
47.1	0	0	0	0	0	0	0	0	0	0	0	0	0	0	0	0	0	0
47.2	0	0	0	0	0	0	0	0	0	0	0	0	0	0	0	0	0	0
47.3	0	0	0	0	0	0	0	0	0	0	0	0	0	0	0	0	0	0
47.4	0	0	0	0	0	0	0	0	0	0	0	0	0	0	0	0	0	0
47.5	0	0	0	0	0	0	0	0	0	0	0	0	0	0	0	0	0	0
47.6	0	0	0	0	0	0	0	0	0	0	0	0	0	0	0	0	0	0
47.7	0	0	0	0	0	0	0	0	0	0	0	0	0	0	0	0	0	0
47.8	0	0	0	0	0	0	0	0	0	0	0	0	0	0	0	0	0	0
47.9	0	0	0	0	0	0	0	0	0	0	0	0	0	0	0	0	0	0
48	0	0	0	0	0	0	0	0	0	0	0	0	0	0	0	0	0	0
48.1	0	0	0	0	0	0	0	0	0	0	0	0	0	0	0	0	0	0
48.2	0	0	0	0	0	0	0	0	0	0	0	0	0	0	0	0	0	0
48.3	0	0	0	0	0	0	0	0	0	0	0	0	0	0	0	0	0	0
48.4	0	0	0	0	0	0	0	0	0	0	0	0	0	0	0	0	0	0
48.5	0	0	0	0	0	0	0	0	0	0	0	0	0	0	0	0	0	0
48.6	0	0	0	0	0	0	0	0	0	0	0	0	0	0	0	0	0	0
48.7	0	0	0	0	0	0	0	0	0	0	0	0	0	0	0	0	0	0
48.8	0	0	0	0	0	0	0	0	0	0	0	0	0	0	0	0	0	0
48.9	0	0	0	0	0	0	0	0	0	0	0	0	0	0	0	0	0	0
49	0	0	0	0	0	0	0	0	0	0	0	0	0	0	0	0	0	0
49.1	0	0	0	0	0	0	0	0	0	0	0	0	0	0	0	0	0	0
49.2	0	0	0	0	0	0	0	0	0	0	0	0	0	0	0	0	0	0
49.3	0	0	0	0	0	0	0	0	0	0	0	0	0	0	0	0	0	0
49.4	0	0	0	0	0	0	0	0	0	0	0	0	0	0	0	0	0	0
49.5	0	0	0	0	0	0	0	0	0	0	0	0	0	0	0	0	0	0
49.6	0	0	0	0	0	0	0	0	0	0	0	0	0	0	0	0	0	0
49.7	0	0	0	0	0	0	0	0	0	0	0	0	0	0	0	0	0	0
49.8	0	0	0	0	0	0	0	0	0	0	0	0	0	0	0	0	0	0
49.9	0	0	0	0	0	0	0	0	0	0	0	0	0	0	0	0	0	0
50	0	0	0	0	0	0	0	0	0	0	0	0	0	0	0	0	0	0
50.1	0	0	0	0	0	0	0	0	0	0	0	0	0	0	0	0	0	0
50.2	0	0	0	0	0	0	0	0	0	0	0	0	0	0	0	0	0	0
50.3	0	0	0	0	0	0	0	0	0	0	0	0	0	0	0	0	0	0
50.4	0	0	0	0	0	0	0	0	0	0	0	0	0	0	0	0	0	0
50.5	0	0	0	0	0	0	0	0	0	0	0	0	0	0	0	0	0	0
50.6	0	0	0	0	0	0	0	0	0	0	0	0	0	0	0	0	0	0
50.7	0	0	0	0	0	0	0	0	0	0	0	0	0	0	0	0	0	0
50.8	0	0	0	0	0	0	0	0	0	0	0	0	0	0	0	0	0	0
50.9	0	0	0	0	0	0	0	0	0	0	0	0	0	0	0	0	0	0
51	0	0	0	0	0	0	0	0	0	0	0	0	0	0	0	0	0	0
51.1	0	0	0	0	0	0	0	0	0	0	0	0	0	0	0	0	0	0
51.2	0	0	0	0	0	0	0	0	0	0	0	0	0	0	0	0	0	0
51.3	0	0	0	0	0	0	0	0	0	0	0	0	0	0	0	0	0	0
51.4	0	0	0	0	0	0	0	0	0	0	0	0	0	0	0	0	0	0
51.5	0	0	0	0	0	0	0	0	0	0	0	0	0	0	0	0	0	0
51.6	0	0	0	0	0	0	0	0	0	0	0	0	0	0	0	0	0	0
51.7	0	0	0	0	0	0	0	0	0	0	0	0	0	0	0	0	0	0
51.8	0	0	0	0	0	0	0	0	0	0	0	0	0	0	0	0	0	0
51.9	0	0	0	0	0	0	0	0	0	0	0	0	0	0	0	0	0	0
52	0	0	0	0	0	0	0	0	0	0	0	0	0	0	0	0	0	0
52.1	0	0	0	0	0	0	0	0	0	0	0	0	0	0	0	0	0	0
52.2	0	0	0	0	0	0	0	0	0	0	0	0	0	0	0	0	0	0
52.3	0	0	0	0	0	0	0	0	0	0	0	0	0	0	0	0	0	0
52.4	0	0	0	0	0	0	0	0	0	0	0	0	0	0	0	0	0	0
52.5	0	0	0	0	0	0	0	0	0	0	0	0	0	0	0	0	0	0
52.6	0	0	0	0	0	0	0	0	0	0	0	0	0	0	0	0	0	0
52.7	0	0	0	0	0	0	0	0	0	0	0	0	0	0	0	0	0	0
52.8	0	0	0	0	0	0	0	0	0	0	0	0	0	0	0	0	0	0
52.9	0	0	0	0	0	0	0	0	0	0	0	0	0	0	0	0	0	0
53	0	0	0	0	0	0	0	0	0	0	0	0	0	0	0	0	0	0
53.1	0	0	0	0	0	0	0	0	0	0	0	0	0	0	0	0	0	0
53.2	0	0	0	0	0	0	0	0	0	0	0	0	0	0	0	0	0	0
53.3	0	0	0	0	0	0	0	0	0	0	0	0	0	0	0	0	0	0
53.4	0	0	0	0	0	0	0	0	0	0	0	0	0	0	0	0	0	0
53.5	0	0	0	0	0	0	0	0	0	0	0	0	0	0	0	0	0	0
53.6	0	0	0	0	0	0	0	0	0	0	0	0	0	0	0	0	0	0
53.7	0	0	0	0	0	0	0	0	0	0	0	0	0	0	0	0	0	0
53.8	0	0	0	0	0	0	0	0	0	0	0	0	0	0	0	0	0	0
53.9	0	0	0	0	0	0	0	0	0	0	0	0	0	0	0	0	0	0
54	0	0	0	0	0	0	0	0	0	0	0	0	0	0	0	0	0	0
54.1	0	0	0	0	0	0	0	0	0	0	0	0	0	0	0	0	0	0
54.2	0	0	0	0	0	0	0	0	0	0	0	0	0	0	0	0	0	0
54.3	0	0	0	0	0	0	0	0	0	0	0	0	0	0	0	0	0	0
54.4	0	0	0	0	0	0	0	0	0	0	0	0	0	0	0	0	0	0
54.5	0	0	0	0	0	0	0	0	0	0	0	0	0	0	0	0	0	0
54.6	0	0	0	0	0	0	0	0	0	0	0	0	0	0	0	0	0	0
54.7	0	0	0	0	0	0	0	0	0	0	0	0	0	0	0	0	0	0
54.8	0	0	0	0	0	0	0	0	0	0	0	0	0	0	0	0	0	0
54.9	0	0	0	0	0	0	0	0	0	0	0	0	0	0	0	0	0	0
55	0	0	0	0	0	0	0	0	0	0	0	0	0	0	0	0	0	0
55.1	0	0	0	0	0	0	0	0	0	0	0	0	0	0	0	0	0	0
55.2	0	0	0	0	0	0	0	0	0	0	0	0	0	0	0	0	0	0
55.3	0	0	0	0	0	0	0	0	0	0	0	0	0	0	0	0	0	0
55.4	0	0	0	0	0	0	0	0	0	0	0	0	0	0	0	0	0	0
55.5	0	0	0	0	0	0	0	0	0	0	0	0	0	0	0	0	0	0
55.6	0	0	0	0	0	0	0	0	0	0	0	0	0	0	0	0	0	0
55.7	0	0	0	0	0	0	0	0	0	0	0	0	0	0	0	0	0	0
55.8	0	0	0	0	0	0	0	0	0	0	0	0	0	0	0	0	0	0
55.9	0	0	0	0	0	0	0	0	0	0	0	0	0	0	0	0	0	0
56	0	0	0	0	0	0	0	0	0	0	0	0	0	0	0	0	0	0
56.1	0	0	0	0	0	0	0	0	0	0	0	0	0	0	0	0	0	0
56.2	0	0	0	0	0	0	0	0	0	0	0	0	0	0	0	0	0	0
56.3	0	0	0	0	0	0	0	0	0	0	0	0	0	0	0	0	0	0
56.4	0	0	0	0	0	0	0	0	0	0	0	0	0	0	0	0	0	0
56.5	0	0	0	0	0	0	0	0	0	0	0	0	0	0	0	0	0	0
56.6	0	0	0	0	0	0	0	0	0	0	0	0	0	0	0	0	0	0
56.7	0	0	0	0	0	0	0	0	0	0	0	0	0	0	0	0	0	0
56.8	0	0	0	0	0	0	0	0	0	0	0	0	0	0	0	0	0	0
56.9	0	0	0	0	0	0	0	0	0	0	0	0	0	0	0	0	0	0
57	0	0	0	0	0	0	0	0	0	0	0	0	0	0	0	0	0	0
57.1	0	0	0	0	0	0	0	0	0	0	0	0	0	0	0	0	0	0
57.2	0	0	0	0	0	0	0	0	0	0	0	0	0	0	0	0	0	0
57.3	0	0	0	0	0	0	0	0	0	0	0	0	0	0	0	0	0	0
57.4	0	0	0	0	0	0	0	0	0	0	0	0	0	0	0	0	0	0
57.5	0	0	0	0	0	0	0	0	0	0	0	0	0	0	0	0	0	0
57.6	0	0	0	0	0	0	0	0	0	0	0	0	0	0	0	0	0	0
57.7	0	0	0	0	0	0	0	0	0	0	0	0	0	0	0	0	0	0
57.8	0	0	0	0	0	0	0	0	0	0	0	0	0	0	0	0	0	0
57.9	0	0	0	0	0	0	0	0	0	0	0	0	0	0	0	0	0	0
58	0	0	0	0	0	0	0	0	0	0	0	0	0	0	0	0	0	0
58.1	0	0	0	0	0	0	0	0	0	0	0	0	0	0	0	0	0	0
58.2	0	0	0	0	0	0	0	0	0	0	0	0	0	0	0	0	0	0
58.3	0	0	0	0	0	0	0	0	0	0	0	0	0	0	0	0	0	0
58.4	0	0	0	0	0	0	0	0	0	0	0	0	0	0	0	0	0	0
58.5	0	0	0	0	0	0	0	0	0	0	0	0	0	0	0	0	0	0
58.6	0	0	0	0	0	0	0	0	0	0	0	0	0	0	0	0	0	0
58.7	0	0	0	0	0	0	0	0	0	0	0	0	0	0	0	0	0	0
58.8	0	0	0	0	0	0	0	0	0	0	0	0	0	0	0	0	0	0
58.9	0	0	0	0	0	0	0	0	0	0	0	0	0	0	0	0	0	0
59	0	0	0	0	0	0	0	0	0	0	0	0	0	0	0	0	0	0
59.1	0	0	0	0	0	0	0	0	0	0	0	0	0	0	0	0	0	0
59.2	0	0	0	0	0	0	0	0	0	0	0	0	0	0	0	0	0	0
59.3	0	0	0	0	0	0	0	0	0	0	0	0	0	0	0	0	0	0
59.4	0	0	0	0	0	0	0	0	0	0	0	0	0	0	0	0	0	0
59.5	0	0	0	0	0	0	0	0	0	0	0	0	0	0	0	0	0	0
59.6	0	0	0	0	0	0	0	0	0	0	0	0	0	0	0	0	0	0
59.7	0	0	0	0	0	0	0	0	0	0	0	0	0	0	0	0	0	0
59.8	0	0	0	0	0	0	0	0	0	0	0	0	0	0	0	0	0	0
59.9	0	0	0	0	0	0	0	0	0	0	0	0	0	0	0	0	0	0
60	0	0	0	0	0	0	0	0	0	0	0	0	0	0	0	0	0	0
60.1	0	0	0	0	0	0	0	0	0	0	0	0	0	0	0	0	0	0
60.2	0	0	0	0	0	0	0	0	0	0	0	0	0	0	0	0	0	0
60.3	0	0	0	0	0	0	0	0	0	0	0	0	0	0	0	0	0	0
60.4	0	0	0	0	0	0	0	0	0	0	0	0	0	0	0	0	0	0
60.5	0	0	0	0	0	0	0	0	0	0	0	0	0	0	0	0	0	0
60.6	0	0	0	0	0	0	0	0	0	0	0	0	0	0	0	0	0	0
60.7	0	0	0	0	0	0	0	0	0	0	0	0	0	0	0	0	0	0
60.8	0	0	0	0	0	0	0	0	0	0	0	0	0	0	0	0	0	0
60.9	0	0	0	0	0	0	0	0	0	0	0	0	0	0	0	0	0	0
61	0	0	0	0	0	0	0	0	0	0	0	0	0	0	0	0	0	0
61.1	0	0	0	0	0	0	0	0	0	0	0	0	0	0	0	0	0	0
61.2	0	0	0	0	0	0	0	0	0	0	0	0	0	0	0	0	0	0
61.3	0	0	0	0	0	0	0	0	0	0	0	0	0	0	0	0	0	0
61.4	0	0	0	0	0	0	0	0	0	0	0	0	0	0	0	0	0	0
61.5	0	0	0	0	0	0	0	0	0	0	0	0	0	0	0	0	0	0
61.6	0	0	0	0	0	0	0	0	0	0	0	0	0	0	0	0	0	0
61.7	0	0	0	0	0	0	0	0	0	0	0	0	0	0	0	0	0	0
61.8	0	0	0	0	0	0	0	0	0	0	0	0	0	0	0	0	0	0
61.9	0	0	0	0	0	0	0	0	0	0	0	0	0	0	0	0	0	0
62	0	0	0	0	0	0	0	0	0	0	0	0	0	0	0	0	0	0
62.1	0	0	0	0	0	0	0	0	0	0	0	0	0	0	0	0	0	0
62.2	0	0	0	0	0	0	0	0	0	0	0	0	0	0	0	0	0	0
62.3	0	0	0	0	0	0	0	0	0	0	0	0	0	0	0	0	0	0
62.4	0	0	0	0	0	0	0	0	0	0	0	0	0	0	0	0	0	0
62.5	0	0	0	0	0	0	0	0	0	0	0	0	0	0	0	0	0	0
62.6	0	0	0	0	0	0	0	0	0	0	0	0	0	0	0	0	0	0
62.7	0	0	0	0	0	0	0	0	0	0	0	0	0	0	0	0	0	0
62.8	0	0	0	0	0	0	0	0	0	0	0	0	0	0	0	0	0	0
62.9	0	0	0	0	0	0	0	0	0	0	0	0	0	0	0	0	0	0
63	0	0	0	0	0	0	0	0	0	0	0	0	0	0	0	0	0	0
63.1	0	0	0	0	0	0	0	0	0	0	0	0	0	0	0	0	0	0
63.2	0	0	0	0	0	0	0	0	0	0	0	0	0	0	0	0	0	0
63.3	0	0	0	0	0	0	0	0	0	0	0	0	0	0	0	0	0	0
63.4	0	0	0	0	0	0	0	0	0	0	0	0	0	0	0	0	0	0
63.5	0	0	0	0	0	0	0	0	0	0	0	0	0	0	0	0	0	0
63.6	0	0	0	0	0	0	0	0	0	0	0	0	0	0	0	0	0	0
63.7	0	0	0	0	0	0	0	0	0	0	0	0	0	0	0	0	0	0
63.8	0	0	0	0	0	0	0	0	0	0	0	0	0	0	0	0	0	0
63.9	0	0	0	0	0	0	0	0	0	0	0	0	0	0	0	0	0	0
64	0	0	0	0	0	0	0	0	0	0	0	0	0	0	0	0	0	0
64.1	0	0	0	0	0	0	0	0	0	0	0	0	0	0	0	0	0	0
64.2	0	0	0	0	0	0	0	0	0	0	0	0	0	0	0	0	0	0
64.3	0	0	0	0	0	0	0	0	0	0	0	0	0	0	0	0	0	0
64.4	0	0	0	0	0	0	0	0	0	0	0	0	0	0	0	0	0	0
64.5	0	0	0	0	0	0	0	0	0	0	0	0	0	0	0	0	0	0
64.6	0	0	0	0	0	0	0	0	0	0	0	0	0	0	0	0	0	0
64.7	0	0	0	0	0	0	0	0	0	0	0	0	0	0	0	0	0	0
64.8	0	0	0	0	0	0	0	0	0	0	0	0	0	0	0	0	0	0
64.9	0	0	0	0	0	0	0	0	0	0	0	0	0	0	0	0	0	0
65	0	0	0	0	0	0	0	0	0	0	0	0	0	0	0	0	0	0
65.1	0	0	0	0	0	0	0	0	0	0	0	0	0	0	0	0	0	0
65.2	0	0	0	0	0	0	0	0	0	0	0	0	0	0	0	0	0	0
65.3	0	0	0	0	0	0	0	0	0	0	0	0	0	0	0	0	0	0
65.4	0	0	0	0	0	0	0	0	0	0	0	0	0	0	0	0	0	0
65.5	0	0	0	0	0	0	0	0	0	0	0	0	0	0	0	0	0	0
65.6	0	0	0	0	0	0	0	0	0	0	0	0	0	0	0	0	0	0
65.7	0	0	0	0	0	0	0	0	0	0	0	0	0	0	0	0	0	0
65.8	0	0	0	0	0	0	0	0	0	0	0	0	0	0	0	0	0	0
65.9	0	0	0	0	0	0	0	0	0	0	0	0	0	0	0	0	0	0
66	0	0	0	0	0	0	0	0	0	0	0	0	0	0	0	0	0	0
66.1	0	0	0	0	0	0	0	0	0	0	0	0	0	0	0	0	0	0
66.2	0	0	0	0	0	0	0	0	0	0	0	0	0	0	0	0	0	0
66.3	0	0	0	0	0	0	0	0	0	0	0	0	0	0	0	0	0	0
66.4	0	0	0	0	0	0	0	0	0	0	0	0	0	0	0	0	0	0
66.5	0	0	0	0	0	0	0	0	0	0	0	0	0	0	0	0	0	0
66.6	0	0	0	0	0	0	0	0	0	0	0	0	0	0	0	0	0	0
66.7	0	0	0	0	0	0	0	0	0	0	0	0	0	0	0	0	0	0
66.8	0	0	0	0	0	0	0	0	0	0	0	0	0	0	0	0	0	0
66.9	0	0	0	0	0	0	0	0	0	0	0	0	0	0	0	0	0	0
67	0	0	0	0	0	0	0	0	0	0	0	0	0	0	0	0	0	0
67.1	0	0	0	0	0	0	0	0	0	0	0	0	0	0	0	0	0	0
67.2	0	0	0	0	0	0	0	0	0	0	0	0	0	0	0	0	0	0
67.3	0	0	0	0	0	0	0	0	0	0	0	0	0	0	0	0	0	0
67.4	0	0	0	0	0	0	0	0	0	0	0	0	0	0	0	0	0	0
67.5	0	0	0	0	0	0	0	0	0	0	0	0	0	0	0	0	0	0
67.6	0	0	0	0	0	0	0	0	0	0	0	0	0	0	0	0	0	0
67.7	0	0	0	0	0	0	0	0	0	0	0	0	0	0	0	0	0	0
67.8	0	0	0	0	0	0	0	0	0	0	0	0	0	0	0	0	0	0
67.9	0	0	0	0	0	0	0	0	0	0	0	0	0	0	0	0	0	0
68	0	0	0	0	0	0	0	0	0	0	0	0	0	0	0	0	0	0
68.1	0	0	0	0	0	0	0	0	0	0	0	0	0	0	0	0	0	0
68.2	0	0	0	0	0	0	0	0	0	0	0	0	0	0	0	0	0	0
68.3	0	0	0	0	0	0	0	0	0	0	0	0	0	0	0	0	0	0
68.4	0	0	0	0	0	0	0	0	0	0	0	0	0	0	0	0	0	0
68.5	0	0	0	0	0	0	0	0	0	0	0	0	0	0	0	0	0	0
68.6	0	0	0	0	0	0	0	0	0	0	0	0	0	0	0	0	0	0
68.7	0	0	0	0	0	0	0	0	0	0	0	0	0	0	0	0	0	0
68.8	0	0	0	0	0	0	0	0	0	0	0	0	0	0	0	0	0	0
68.9	0	0	0	0	0	0	0	0	0	0	0	0	0	0	0	0	0	0
69	0	0	0	0	0	0	0	0	0	0	0	0	0	0	0	0	0	0
69.1	0	0	0	0	0	0	0	0	0	0	0	0	0	0	0	0	0	0
69.2	0	0	0	0	0	0	0	0	0	0	0	0	0	0	0	0	0	0
69.3	0	0	0	0	0	0	0	0	0	0	0	0	0	0	0	0	0	0
69.4	0	0	0	0	0	0	0	0	0	0	0	0	0	0	0	0	0	0
69.5	0	0	0	0	0	0	0	0	0	0	0	0	0	0	0	0	0	0
69.6	0	0	0	0	0	0	0	0	0	0	0	0	0	0	0	0	0	0
69.7	0	0	0	0	0	0	0	0	0	0	0	0	0	0	0	0	0	0
69.8	0	0	0	0	0	0	0	0	0	0	0	0	0	0	0	0	0	0
69.9	0	0	0	0	0	0	0	0	0	0	0	0	0	0	0	0	0	0
70	0	0	0	0	0	0	0	0	0	0	0	0	0	0	0	0	0	0
70.1	0	0	0	0	0	0	0	0	0	0	0	0	0	0	0	0	0	0
70.2	0	0	0	0	0	0	0	0	0	0	0	0	0	0	0	0	0	0
70.3	0	0	0	0	0	0	0	0	0	0	0	0	0	0	0	0	0	0
70.4	0	0	0	0	0	0	0	0	0	0	0	0	0	0	0	0	0	0
70.5	0	0	0	0	0	0	0	0	0	0	0	0	0	0	0	0	0	0
70.6	0	0	0	0	0	0	0	0	0	0	0	0	0	0	0	0	0	0
70.7	0	0	0	0	0	0	0	0	0	0	0	0	0	0	0	0	0	0
70.8	0	0	0	0	0	0	0	0	0	0	0	0	0	0	0	0	0	0
70.9	0	0	0	0	0	0	0	0	0	0	0	0	0	0	0	0	0	0
71	0	0	0	0	0	0	0	0	0	0	0	0	0	0	0	0	0	0
71.1	0	0	0	0	0	0	0	0	0	0	0	0	0	0	0	0	0	0
71.2	0	0	0	0	0	0	0	0	0	0	0	0	0	0	0	0	0	0
71.3	0	0	0	0	0	0	0	0	0	0	0	0	0	0	0	0	0	0
71.4	0	0	0	0	0	0	0	0	0	0	0	0	0	0	0	0	0	0
71.5	0	0	0	0	0	0	0	0	0	0	0	0	0	0	0	0	0	0
71.6	0	0	0	0	0	0	0	0	0	0	0	0	0	0	0	0	0	0
71.7	0	0	0	0	0	0	0	0	0	0	0	0	0	0	0	0	0	0
71.8	0	0	0	0	0	0	0	0	0	0	0	0	0	0	0	0	0	0
71.9	0	0	0	0	0	0	0	0	0	0	0	0	0	0	0	0	0	0
72	0	0	0	0	0	0	0	0	0	0	0	0	0	0	0	0	0	0
72.1	0	0	0	0	0	0	0	0	0	0	0	0	0	0	0	0	0	0
72.2	0	0	0	0	0	0	0	0	0	0	0	0	0	0	0	0	0	0
72.3	0	0	0	0	0	0	0	0	0	0	0	0	0	0	0	0	0	0
72.4	0	0	0	0	0	0	0	0	0	0	0	0	0	0	0	0	0	0
72.5	0	0	0	0	0	0	0	0	0	0	0	0	0	0	0	0	0	0
72.6	0	0	0	0	0	0	0	0	0	0	0	0	0	0	0	0	0	0
72.7	0	0	0	0	0	0	0	0	0	0	0	0	0	0	0	0	0	0
72.8	0	0	0	0	0	0	0	0	0	0	0	0	0	0	0	0	0	0
72.9	0	0	0	0	0	0	0	0	0	0	0	0	0	0	0	0	0	0
73	0	0	0	0	0	0	0	0	0	0	0	0	0	0	0	0	0	0
73.1	0	0	0	0	0	0	0	0	0	0	0	0	0	0	0	0	0	0
73.2	0	0	0	0	0	0	0	0	0	0	0	0	0	0	0	0	0	0
73.3	0	0	0	0	0	0	0	0	0	0	0	0	0	0	0	0	0	0
73.4	0	0	0	0	0	0	0	0	0	0	0	0	0	0	0	0	0	0
73.5	0	0	0	0	0	0	0	0	0	0	0	0	0	0	0	0	0	0
73.6	0	0	0	0	0	0	0	0	0	0	0	0	0	0	0	0	0	0
73.7	0	0	0	0	0	0	0	0	0	0	0	0	0	0	0	0	0	0
73.8	0	0	0	0	0	0	0	0	0	0	0	0	0	0	0	0	0	0
73.9	0	0	0	0	0	0	0	0	0	0	0	0	0	0	0	0	0	0
74	0	0	0	0	0	0	0	0	0	0	0	0	0	0	0	0	0	0
74.1	0	0	0	0	0	0	0	0	0	0	0	0	0	0	0	0	0	0
74.2	0	0	0	0	0	0	0	0	0	0	0	0	0	0	0	0	0	0
74.3	0	0	0	0	0	0	0	0	0	0	0	0	0	0	0	0	0	0
74.4	0	0	0	0	0	0	0	0	0	0	0	0	0	0	0	0	0	0
74.5	0	0	0	0	0	0	0	0	0	0	0	0	0	0	0	0	0	0
74.6	0	0	0	0	0	0	0	0	0	0	0	0	0	0	0	0	0	0
74.7	0	0	0	0	0	0	0	0	0	0	0	0	0	0	0	0	0	0
74.8	0	0	0	0	0	0	0	0	0	0	0	0	0	0	0	0	0	0
74.9	0	0	0	0	0	0	0	0	0	0	0	0	0	0	0	0	0	0
75	0	0	0	0	0	0	0	0	0	0	0	0	0	0	0	0	0	0
75.1	0	0	0	0	0	0	0	0	0	0	0	0	0	0	0	0	0	0
75.2	0	0	0	0	0	0	0	0	0	0	0	0	0	0	0	0	0	0
75.3	0	0	0	0	0	0	0	0	0	0	0	0	0	0	0	0	0	0
75.4	0	0	0	0	0	0	0	0	0	0	0	0	0	0	0	0	0	0
75.5	0	0	0	0	0	0	0	0	0	0	0	0	0	0	0	0	0	0
75.6	0	0	0	0	0	0	0	0	0	0	0	0	0	0	0	0	0	0
75.7	0	0	0	0	0	0	0	0	0	0	0	0	0	0	0	0	0	0
75.8	0	0	0	0	0	0	0	0	0	0	0	0	0	0	0	0	0	0
75.9	0	0	0	0	0	0	0	0	0	0	0	0	0	0	0	0	0	0
76	0	0	0	0	0	0	0	0	0	0	0	0	0	0	0	0	0	0
76.1	0	0	0	0	0	0	0	0	0	0	0	0	0	0	0	0	0	0
76.2	0	0	0	0	0	0	0	0	0	0	0	0	0	0	0	0	0	0
76.3	0	0	0	0	0	0	0	0	0	0	0	0	0	0	0	0	0	0
76.4	0	0	0	0	0	0	0	0	0	0	0	0	0	0	0	0	0	0
76.5	0	0	0	0	0	0	0	0	0	0	0	0	0	0	0	0	0	0
76.6	0	0	0	0	0	0	0	0	0	0	0	0	0	0	0	0	0	0
76.7	0	0	0	0	0	0	0	0	0	0	0	0	0	0	0	0	0	0
76.8	0	0	0	0	0	0	0	0	0	0	0	0	0	0	0	0	0	0
76.9	0	0	0	0	0	0	0	0	0	0	0	0	0	0	0	0	0	0
77	0	0	0	0	0	0	0	0	0	0	0	0	0	0	0	0	0	0
77.1	0	0	0	0	0	0	0	0	0	0	0	0	0	0	0	0	0	0
77.2	0	0	0	0	0	0	0	0	0	0	0	0	0	0	0	0	0	0
77.3	0	0	0	0	0	0	0	0	0	0	0	0	0	0	0	0	0	0
77.4	0	0	0	0	0	0	0	0	0	0	0	0	0	0	0	0	0	0
77.5	0	0	0	0	0	0	0	0	0	0	0	0	0	0	0	0	0	0
77.6	0	0	0	0	0	0	0	0	0	0	0	0	0	0	0	0	0	0
77.7	0	0	0	0	0	0	0	0	0	0	0	0	0	0	0	0	0	0
77.8	0	0	0	0	0	0	0	0	0	0	0	0	0	0	0	0	0	0
77.9	0	0	0	0	0	0	0	0	0	0	0	0	0	0	0	0	0	0
78	0	0	0	0	0	0	0	0	0	0	0	0	0	0	0	0	0	0
78.1	0	0	0	0	0	0	0	0	0	0	0	0	0	0	0	0	0	0
78.2	0	0	0	0	0	0	0	0	0	0	0	0	0	0	0	0	0	0
78.3	0	0	0	0	0	0	0	0	0	0	0	0	0	0	0	0	0	0
78.4	0	0	0	0	0	0	0	0	0	0	0	0	0	0	0	0	0	0
78.5	0	0	0	0	0	0	0	0	0	0	0	0	0	0	0	0	0	0
78.6	0	0	0	0	0	0	0	0	0	0	0	0	0	0	0	0	0	0
78.7	0	0	0	0	0	0	0	0	0	0	0	0	0	0	0	0	0	0
78.8	0	0	0	0	0	0	0	0	0	0	0	0	0	0	0	0	0	0
78.9	0	0	0	0	0	0	0	0	0	0	0	0	0	0	0	0	0	0
79	0	0	0	0	0	0	0	0	0	0	0	0	0	0	0	0	0	0
79.1	0	0	0	0	0	0	0	0	0	0	0	0	0	0	0	0	0	0
79.2	0	0	0	0	0	0	0	0	0	0	0	0	0	0	0	0	0	0
79.3	0	0	0	0	0	0	0	0	0	0	0	0	0	0	0	0	0	0
79.4	0	0	0	0	0	0	0	0	0	0	0	0	0	0	0	0	0	0
79.5	0	0	0	0	0	0	0	0	0	0	0	0	0	0	0	0	0	0
79.6	0	0	0	0	0	0	0	0	0	0	0	0	0	0	0	0	0	0
79.7	0	0	0	0	0	0	0	0	0	0	0	0	0	0	0	0	0	0
79.8	0	0	0	0	0	0	0	0	0	0	0	0	0	0	0	0	0	0
79.9	0	0	0	0	0	0	0	0	0	0	0	0	0	0	0	0	0	0
80	0	0	0	0	0	0	0	0	0	0	0	0	0	0	0	0	0	0
80.1	0	0	0	0	0	0	0	0	0	0	0	0	0	0	0	0	0	0
80.2	0	0	0	0	0	0	0	0	0	0	0	0	0	0	0	0	0	0
80.3	0	0	0	0	0	0	0	0	0	0	0	0	0	0	0	0	0	0
80.4	0	0	0	0	0	0	0	0	0	0	0	0	0	0	0	0	0	0
80.5	0	0	0	0	0	0	0	0	0	0	0	0	0	0	0	0	0	0
80.6	0	0	0	0	0	0	0	0	0	0	0	0	0	0	0	0	0	0
80.7	0	0	0	0	0	0	0	0	0	0	0	0	0	0	0	0	0	0
80.8	0	0	0	0	0	0	0	0	0	0	0	0	0	0	0	0	0	0
80.9	0	0	0	0	0	0	0	0	0	0	0	0	0	0	0	0	0	0
81	0	0	0	0	0	0	0	0	0	0	0	0	0	0	0	0	0	0
81.1	0	0	0	0	0	0	0	0	0	0	0	0	0	0	0	0	0	0
81.2	0	0	0	0	0	0	0	0	0	0	0	0	0	0	0	0	0	0
81.3	0	0	0	0	0	0	0	0	0	0	0	0	0	0	0	0	0	0
81.4	0	0	0	0	0	0	0	0	0	0	0	0	0	0	0	0	0	0
81.5	0	0	0	0	0	0	0	0	0	0	0	0	0	0	0	0	0	0
81.6	0	0	0	0	0	0	0	0	0	0	0	0	0	0	0	0	0	0
81.7	0	0	0	0	0	0	0	0	0	0	0	0	0	0	0	0	0	0
81.8	0	0	0	0	0	0	0	0	0	0	0	0	0	0	0	0	0	0
81.9	0	0	0	0	0	0	0	0	0	0	0	0	0	0	0	0	0	0
82	0	0	0	0	0	0	0	0	0	0	0	0	0	0	0	0	0	0
82.1	0	0	0	0	0	0	0	0	0	0	0	0	0	0	0	0	0	0
82.2	0	0	0	0	0	0	0	0	0	0	0	0	0	0	0	0	0	0
82.3	0	0	0	0	0	0	0	0	0	0	0	0	0	0	0	0	0	0
82.4	0	0	0	0	0	0	0	0	0	0	0	0	0	0	0	0	0	0
82.5	0	0	0	0	0	0	0	0	0	0	0	0	0	0	0	0	0	0
82.6	0	0	0	0	0	0	0	0	0	0	0	0	0	0	0	0	0	0
82.7	0	0	0	0	0	0	0	0	0	0	0	0	0	0	0	0	0	0
82.8	0	0	0	0	0	0	0	0	0	0	0	0	0	0	0	0	0	0
82.9	0	0	0	0	0	0	0	0	0	0	0	0	0	0	0	0	0	0
83	0	0	0	0	0	0	0	0	0	0	0	0	0	0	0	0	0	0
83.1	0	0	0	0	0	0	0	0	0	0	0	0	0	0	0	0	0	0
83.2	0	0	0	0	0	0	0	0	0	0	0	0	0	0	0	0	0	0
83.3	0	0	0	0	0	0	0	0	0	0	0	0	0	0	0	0	0	0
83.4	0	0	0	0	0	0	0	0	0	0	0	0	0	0	0	0	0	0
83.5	0	0	0	0	0	0	0	0	0	0	0	0	0	0	0	0	0	0
83.6	0	0	0	0	0	0	0	0	0	0	0	0	0	0	0	0	0	0
83.7	0	0	0	0	0	0	0	0	0	0	0	0	0	0	0	0	0	0
83.8	0	0	0	0	0	0	0	0	0	0	0	0	0	0	0	0	0	0
83.9	0	0	0	0	0	0	0	0	0	0	0	0	0	0	0	0	0	0
84	0	0	0	0	0	0	0	0	0	0	0	0	0	0	0	0	0	0
84.1	0	0	0	0	0	0	0	0	0	0	0	0	0	0	0	0	0	0
84.2	0	0	0	0	0	0	0	0	0	0	0	0	0	0	0	0	0	0
84.3	0	0	0	0	0	0	0	0	0	0	0	0	0	0	0	0	0	0
84.4	0	0	0	0	0	0	0	0	0	0	0	0	0	0	0	0	0	0
84.5	0	0	0	0	0	0	0	0	0	0	0	0	0	0	0	0	0	0
84.6	0	0	0	0	0	0	0	0	0	0	0	0	0	0	0	0	0	0
84.7	0	0	0	0	0	0	0	0	0	0	0	0	0	0	0	0	0	0
84.8	0	0	0	0	0	0	0	0	0	0	0	0	0	0	0	0	0	0
84.9	0	0	0	0	0	0	0	0	0	0	0	0	0	0	0	0	0	0
85	0	0	0	0	0	0	0	0	0	0	0	0	0	0	0	0	0	0
85.1	0	0	0	0	0	0	0	0	0	0	0	0	0	0	0	0	0	0
85.2	0	0	0	0	0	0	0	0	0	0	0	0	0	0	0	0	0	0
85.3	0	0	0	0	0	0	0	0	0	0	0	0	0	0	0	0	0	0
85.4	0	0	0	0	0	0	0	0	0	0	0	0	0	0	0	0	0	0
85.5	0	0	0	0	0	0	0	0	0	0	0	0	0	0	0	0	0	0
85.6	0	0	0	0	0	0	0	0	0	0	0	0	0	0	0	0	0	0
85.7	0	0	0	0	0	0	0	0	0	0	0	0	0	0	0	0	0	0
85.8	0	0	0	0	0	0	0	0	0	0	0	0	0	0	0	0	0	0
85.9	0	0	0	0	0	0	0	0	0	0	0	0	0	0	0	0	0	0
86	0	0	0	0	0	0	0	0	0	0	0	0	0	0	0	0	0	0
86.1	0	0	0	0	0	0	0	0	0	0	0	0	0	0	0	0	0	0
86.2	0	0	0	0	0	0	0	0	0	0	0	0	0	0	0	0	0	0
86.3	0	0	0	0	0	0	0	0	0	0	0	0	0	0	0	0	0	0
86.4	0	0	0	0	0	0	0	0	0	0	0	0	0	0	0	0	0	0
86.5	0	0	0	0	0	0	0	0	0	0	0	0	0	0	0	0	0	0
86.6	0	0	0	0	0	0	0	0	0	0	0	0	0	0	0	0	0	0
86.7	0	0	0	0	0	0	0	0	0	0	0	0	0	0	0	0	0	0
86.8	0	0	0	0	0	0	0	0	0	0	0	0	0	0	0	0	0	0
86.9	0	0	0	0	0	0	0	0	0	0	0	0	0	0	0	0	0	0
87	0	0	0	0	0	0	0	0	0	0	0	0	0	0	0	0	0	0
87.1	0	0	0	0	0	0	0	0	0	0	0	0	0	0	0	0	0	0
87.2	0	0	0	0	0	0	0	0	0	0	0	0	0	0	0	0	0	0
87.3	0	0	0	0	0	0	0	0	0	0	0	0	0	0	0	0	0	0
87.4	0	0	0	0	0	0	0	0	0	0	0	0	0	0	0	0	0	0
87.5	0	0	0	0	0	0	0	0	0	0	0	0	0	0	0	0	0	0
87.6	0	0	0	0	0	0	0	0	0	0	0	0	0	0	0	0	0	0
87.7	0	0	0	0	0	0	0	0	0	0	0	0	0	0	0	0	0	0
87.8	0	0	0	0	0	0	0	0	0	0	0	0	0	0	0	0	0	0
87.9	0	0	0	0	0	0	0	0	0	0	0	0	0	0	0	0	0	0
88	0	0	0	0	0	0	0	0	0	0	0	0	0	0	0	0	0	0
88.1	0	0	0	0	0	0	0	0	0	0	0	0	0	0	0	0	0	0
88.2	0	0	0	0	0	0	0	0	0	0	0	0	0	0	0	0	0	0
88.3	0	0	0	0	0	0	0	0	0	0	0	0	0	0	0	0	0	0
88.4	0	0	0	0	0	0	0	0	0	0	0	0	0	0	0	0	0	0
88.5	0	0	0	0	0	0	0	0	0	0	0	0	0	0	0	0	0	0
88.6	0	0	0	0	0	0	0	0	0	0	0	0	0	0	0	0	0	0
88.7	0	0	0	0	0	0	0	0	0	0	0	0	0	0	0	0	0	0
88.8	0	0	0	0	0	0	0	0	0	0	0	0	0	0	0	0	0	0
88.9	0	0	0	0	0	0	0	0	0	0	0	0	0	0	0	0	0	0
89	0	0	0	0	0	0	0	0	0	0	0	0	0	0	0	0	0	0
89.1	0	0	0	0	0	0	0	0	0	0	0	0	0	0	0	0	0	0
89.2	0	0	0	0	0	0	0	0	0	0	0	0	0	0	0	0	0	0
89.3	0	0	0	0	0	0	0	0	0	0	0	0	0	0	0	0	0	0
89.4	0	0	0	0	0	0	0	0	0	0	0	0	0	0	0	0	0	0
89.5	0	0	0	0	0	0	0	0	0	0	0	0	0	0	0	0	0	0
89.6	0	0	0	0	0	0	0	0	0	0	0	0	0	0	0	0	0	0
89.7	0	0	0	0	0	0	0	0	0	0	0	0	0	0	0	0	0	0
89.8	0	0	0	0	0	0	0	0	0	0	0	0	0	0	0	0	0	0
89.9	0	0	0	0	0	0	0	0	0	0	0	0	0	0	0	0	0	0
90	0	0	0	0	0	0	0	0	0	0	0	0	0	0	0	0	0	0
90.1	0	0	0	0	0	0	0	0	0	0	0	0	0	0	0	0	0	0
90.2	0	0	0	0	0	0	0	0	0	0	0	0	0	0	0	0	0	0
90.3	0	0	0	0	0	0	0	0	0	0	0	0	0	0	0	0	0	0
90.4	0	0	0	0	0	0	0	0	0	0	0	0	0	0	0	0	0	0
90.5	0	0	0	0	0	0	0	0	0	0	0	0	0	0	0	0	0	0
90.6	0	0	0	0	0	0	0	0	0	0	0	0	0	0	0	0	0	0
90.7	0	0	0	0	0	0	0	0	0	0	0	0	0	0	0	0	0	0
90.8	0	0	0	0	0	0	0	0	0	0	0	0	0	0	0	0	0	0
90.9	0	0	0	0	0	0	0	0	0	0	0	0	0	0	0	0	0	0
91	0	0	0	0	0	0	0	0	0	0	0	0	0	0	0	0	0	0
91.1	0	0	0	0	0	0	0	0	0	0	0	0	0	0	0	0	0	0
91.2	0	0	0	0	0	0	0	0	0	0	0	0	0	0	0	0	0	0
91.3	0	0	0	0	0	0	0	0	0	0	0	0	0	0	0	0	0	0
91.4	0	0	0	0	0	0	0	0	0	0	0	0	0	0	0	0	0	0
91.5	0	0	0	0	0	0	0	0	0	0	0	0	0	0	0	0	0	0
91.6	0	0	0	0	0	0	0	0	0	0	0	0	0	0	0	0	0	0
91.7	0	0	0	0	0	0	0	0	0	0	0	0	0	0	0	0	0	0
91.8	0	0	0	0	0	0	0	0	0	0	0	0	0	0	0	0	0	0
91.9	0	0	0	0	0	0	0	0	0	0	0	0	0	0	0	0	0	0
92	0	0	0	0	0	0	0	0	0	0	0	0	0	0	0	0	0	0
92.1	0	0	0	0	0	0	0	0	0	0	0	0	0	0	0	0	0	0
92.2	0	0	0	0	0	0	0	0	0	0	0	0	0	0	0	0	0	0
92.3	0	0	0	0	0	0	0	0	0	0	0	0	0	0	0	0	0	0
92.4	0	0	0	0	0	0	0	0	0	0	0	0	0	0	0	0	0	0
92.5	0	0	0	0	0	0	0	0	0	0	0	0	0	0	0	0	0	0
92.6	0	0	0	0	0	0	0	0	0	0	0	0	0	0	0	0	0	0
92.7	0	0	0	0	0	0	0	0	0	0	0	0	0	0	0	0	0	0
92.8	0	0	0	0	0	0	0	0	0	0	0	0	0	0	0	0	0	0
92.9	0	0	0	0	0	0	0	0	0	0	0	0	0	0	0	0	0	0
93	0	0	0	0	0	0	0	0	0	0	0	0	0	0	0	0	0	0
93.1	0	0	0	0	0	0	0	0	0	0	0	0	0	0	0	0	0	0
93.2	0	0	0	0	0	0	0	0	0	0	0	0	0	0	0	0	0	0
93.3	0	0	0	0	0	0	0	0	0	0	0	0	0	0	0	0	0	0
93.4	0	0	0	0	0	0	0	0	0	0	0	0	0	0	0	0	0	0
93.5	0	0	0	0	0	0	0	0	0	0	0	0	0	0	0	0	0	0
93.6	0	0	0	0	0	0	0	0	0	0	0	0	0	0	0	0	0	0
93.7	0	0	0	0	0	0	0	0	0	0	0	0	0	0	0	0	0	0
93.8	0	0	0	0	0	0	0	0	0	0	0	0	0	0	0	0	0	0
93.9	0	0	0	0	0	0	0	0	0	0	0	0	0	0	0	0	0	0
94	0	0	0	0	0	0	0	0	0	0	0	0	0	0	0	0	0	0
94.1	0	0	0	0	0	0	0	0	0	0	0	0	0	0	0	0	0	0
94.2	0	0	0	0	0	0	0	0	0	0	0	0	0	0	0	0	0	0
94.3	0	0	0	0	0	0	0	0	0	0	0	0	0	0	0	0	0	0
94.4	0	0	0	0	0	0	0	0	0	0	0	0	0	0	0	0	0	0
94.5	0	0	0	0	0	0	0	0	0	0	0	0	0	0	0	0	0	0
94.6	0	0	0	0	0	0	0	0	0	0	0	0	0	0	0	0	0	0
94.7	0	0	0	0	0	0	0	0	0	0	0	0	0	0	0	0	0	0
94.8	0	0	0	0	0	0	0	0	0	0	0	0	0	0	0	0	0	0
94.9	0	0	0	0	0	0	0	0	0	0	0	0	0	0	0	0	0	0
95	0	0	0	0	0	0	0	0	0	0	0	0	0	0	0	0	0	0
95.1	0	0	0	0	0	0	0	0	0	0	0	0	0	0	0	0	0	0
95.2	0	0	0	0	0	0	0	0	0	0	0	0	0	0	0	0	0	0
95.3	0	0	0	0	0	0	0	0	0	0	0	0	0	0	0	0	0	0
95.4	0	0	0	0	0	0	0	0	0	0	0	0	0	0	0	0	0	0
95.5	0	0	0	0	0	0	0	0	0	0	0	0	0	0	0	0	0	0
95.6	0	0	0	0	0	0	0	0	0	0	0	0	0	0	0	0	0	0
95.7	0	0	0	0	0	0	0	0	0	0	0	0	0	0	0	0	0	0
95.8	0	0	0	0	0	0	0	0	0	0	0	0	0	0	0	0	0	0
95.9	0	0	0	0	0	0	0	0	0	0	0	0	0	0	0	0	0	0
96	0	0	0	0	0	0	0	0	0	0	0	0	0	0	0	0	0	0
96.1	0	0	0	0	0	0	0	0	0	0	0	0	0	0	0	0	0	0
96.2	0	0	0	0	0	0	0	0	0	0	0	0	0	0	0	0	0	0
96.3	0	0	0	0	0	0	0	0	0	0	0	0	0	0	0	0	0	0
96.4	0	0	0	0	0	0	0	0	0	0	0	0	0	0	0	0	0	0
96.5	0	0	0	0	0	0	0	0	0	0	0	0	0	0	0	0	0	0
96.6	0	0	0	0	0	0	0	0	0	0	0	0	0	0	0	0	0	0
96.7	0	0	0	0	0	0	0	0	0	0	0	0	0	0	0	0	0	0
96.8	0	0	0	0	0	0	0	0	0	0	0	0	0	0	0	0	0	0
96.9	0	0	0	0	0	0	0	0	0	0	0	0	0	0	0	0	0	0
97	0	0	0	0	0	0	0	0	0	0	0	0	0	0	0	0	0	0
97.1	0	0	0	0	0	0	0	0	0	0	0	0	0	0	0	0	0	0
97.2	0	0	0	0	0	0	0	0	0	0	0	0	0	0	0	0	0	0
97.3	0	0	0	0	0	0	0	0	0	0	0	0	0	0	0	0	0	0
97.4	0	0	0	0	0	0	0	0	0	0	0	0	0	0	0	0	0	0
97.5	0	0	0	0	0	0	0	0	0	0	0	0	0	0	0	0	0	0
97.6	0	0	0	0	0	0	0	0	0	0	0	0	0	0	0	0	0	0
97.7	0	0	0	0	0	0	0	0	0	0	0	0	0	0	0	0	0	0
97.8	0	0	0	0	0	0	0	0	0	0	0	0	0	0	0	0	0	0
97.9	0	0	0	0	0	0	0	0	0	0	0	0	0	0	0	0	0	0
98	0	0	0	0	0	0	0	0	0	0	0	0	0	0	0	0	0	0
98.1	0	0	0	0	0	0	0	0	0	0	0	0	0	0	0	0	0	0
98.2	0	0	0	0	0	0	0	0	0	0	0	0	0	0	0	0	0	0
98.3	0	0	0	0	0	0	0	0	0	0	0	0	0	0	0	0	0	0
98.4	0	0	0	0	0	0	0	0	0	0	0	0	0	0	0	0	0	0
98.5	0	0	0	0	0	0	0	0	0	0	0	0	0	0	0	0	0	0
98.6	0	0	0	0	0	0	0	0	0	0	0	0	0	0	0	0	0	0
98.7	0	0	0	0	0	0	0	0	0	0	0	0	0	0	0	0	0	0
98.8	0	0	0	0	0	0	0	0	0	0	0	0	0	0	0	0	0	0
98.9	0	0	0	0	0	0	0	0	0	0	0	0	0	0	0	0	0	0
99	0	0	0	0	0	0	0	0	0	0	0	0	0	0	0	0	0	0
99.1	0	0	0	0	0	0	0	0	0	0	0	0	0	0	0	0	0	0
99.2	0	0	0	0	0	0	0	0	0	0	0	0	0	0	0	0	0	0
99.3	0	0	0	0	0	0	0	0	0	0	0	0	0	0	0	0	0	0
99.4	0	0	0	0	0	0	0	0	0	0	0	0	0	0	0	0	0	0
99.5	0	0	0	0	0	0	0	0	0	0	0	0	0	0	0	0	0	0
99.6	0	0	0	0	0	0	0	0	0	0	0	0	0	0	0	0	0	0
99.7	0	0	0	0	0	0	0	0	0	0	0	0	0	0	0	0	0	0
99.8	0	0	0	0	0	0	0	0	0	0	0	0	0	0	0	0	0	0
99.9	0	0	0	0	0	0	0	0	0	0	0	0	0	0	0	0	0	0
100	0	0	0	0	0	0	0	0	0	0	0	0	0	0	0	0	0	0
100.1	0	0	0	0	0	0	0	0	0	0	0	0	0	0	0	0	0.715298	1.888245
100.2	0	0	0	0	0	0	0	0	0	0	0	0	0	0	0.1588245	2.363543	7.689454	20.58187
100.3	0	0	0	0	0	0	0	0	0	0	0	0	0	0.7441225	3.335315	10.12947	28.96957	63.63386
100.4	0	0	0	0	0	0	0	0	0	0	0	0.1288245	0.1388245	2.530017	8.894173	25.66133	63.84035	125.0018
100.5	0	0	0	0	0	0	0	0	0	0	0.1188245	0.6441225	1.110596	5.804156	19.69424	51.32265	110.5135	195.4334
100.6	0	0	0	0	0	0	0	0	0	0.1088245	0.5941225	1.41707	4.025911	12.94773	35.25904	84.91872	163.088	266.809
100.7	0	0	0	0	0	0	0	0	0	0.1088245	0.8317716	2.190017	7.774172	21.13308	58.76507	122.9042	219.5965	332.1423
100.8	0	0	0	0	0	0	0	0	0.09882451	0.3264735	1.425894	3.864735	12.91068	36.01553	83.54169	166.2921	278.2509	401.0633
100.9	0	0	0	0	0	0	0	0	0.09882451	0.5441225	2.138841	5.797103	20.54603	52.53505	110.2242	208.4983	339.9454	465.4524
101	0	0	0	0	0	0	0	0	0.09882451	0.8705961	3.089437	8.760066	26.23783	67.26868	144.0538	255.938	392.8774	530.5969
101.1	0	0	0	0	0	0	0	0	0.09882451	1.088245	4.396507	12.6248	38.17674	87.50881	179.3129	302.1959	442.5906	581.5795
101.2	0	0	0	0	0	0	0	0	0.2964735	1.741192	5.941225	17.52013	48.31093	112.0648	213.9366	352.1679	493.0192	632.7509
101.3	0	0	0	0	0	0	0	0.0888245	0.2964735	2.17649	7.367119	23.70371	61.63808	139.0021	251.2604	399.27	545.0571	687.8877
101.4	0	0	0	0	0	0	0	0.0888245	0.6917716	2.829437	9.862434	29.88729	76.90878	162.6652	292.0783	441.6449	596.7374	738.4926
101.5	0	0	0	0	0	0	0	0.177649	0.6917716	4.35298	12.00128	37.10146	92.04065	190.6442	327.8138	486.2146	641.98	786.454
101.6	0	0	0	0	0	0	0	0.2664735	0.9882451	5.55005	15.32836	45.47505	111.3372	218.772	366.8846	524.2001	687.5802	833.6602
101.7	0	0	0	0	0	0	0	0.2664735	1.185894	7.291242	18.8931	55.39454	129.9397	248.3881	404.526	562.3544	727.6369	879.9222
101.8	0	0	0	0	0	0	0	0.532947	1.383543	8.597136	22.8143	65.82932	148.9587	278.5995	441.3733	603.3788	769.1242	921.0859
101.9	0	0	0	0	0	0	0	0.532947	1.97649	10.55598	27.44846	75.36234	169.9212	307.9179	474.0912	639.676	804.5314	964.1379
102	0	0	0	0	0	0	0	0.6217715	2.767086	12.84129	33.74616	87.08537	191.3002	340.3616	510.6208	676.6486	844.767	1001.714
102.1	0	0	0	0	0	0	0.07882451	0.888245	3.162384	15.01778	39.56856	98.8084	213.5121	369.3824	542.2269	714.4653	877.1342	1034.947
102.2	0	0	0	0	0	0	0.07882451	0.888245	4.051805	17.84722	46.34156	112.7214	236.2793	396.1708	579.3918	744.5161	908.965	1068.747
102.3	0	0	0	0	0	0	0.07882451	0.9770696	4.941225	20.35018	52.40161	127.9227	258.4912	422.2151	610.3625	774.0604	941.1534	1104.812
102.4	0	0	0	0	0	0	0.07882451	1.421192	6.12712	23.61492	60.6005	142.6087	281.8138	448.7059	641.4922	807.15	972.4476	1135.402
102.5	0	0	0	0	0	0	0.07882451	1.510017	7.115365	26.55318	67.61115	158.1965	305.5527	475.4943	668.6512	830.9542	1001.417	1165.991
102.6	0	0	0	0	0	0.06882451	0.2364735	1.77649	7.905961	30.14439	75.92886	174.0419	328.7364	503.9198	700.4161	859.8232	1030.387	1190.916
102.7	0	0	0	0	0	0.137649	0.472947	2.220613	9.190679	33.62677	86.02894	190.5314	352.7531	530.5594	729.0045	885.4846	1059.714	1219.051
102.8	0	0	0	0	0	0.2064735	0.472947	2.398262	10.4754	37.7621	94.94078	207.021	376.2144	556.0084	756.4811	908.6135	1083.677	1242.843
102.9	0	0	0	0	0	0.2064735	0.630596	2.75356	11.36482	42.22391	104.2091	223.124	397.5934	581.4573	784.5931	932.9242	1113.54	1268.145
103	0	0	0	0	0	0.275298	0.8670695	3.020033	13.14366	46.35924	113.5962	240.0001	417.5841	604.3763	807.9402	962.1309	1131.065	1289.294
103.1	0	0	0	0	0	0.275298	1.103543	3.464156	14.23073	50.27692	126.0728	258.5508	439.1019	630.5695	830.9698	987.2857	1152.882	1312.33
103.2	0	0	0	0	0	0.275298	1.182368	3.997103	16.89899	56.47992	136.5294	274.0097	460.8974	651.5537	850.9817	1011.934	1172.016	1332.346
103.3	0	0	0	0	0	0.275298	1.182368	4.618874	18.87548	61.59467	147.58	288.5669	480.3328	676.2585	873.8524	1030.167	1189.541	1352.928
103.4	0	0	0	0	0	0.275298	1.497666	4.974172	20.25902	65.07706	159.106	305.4429	503.5165	699.624	895.1349	1051.439	1207.602	1367.656
103.5	0	0	0	0	0	0.275298	1.655315	5.151821	22.23551	71.933	169.0873	323.8648	521.286	721.5012	916.735	1068.659	1224.054	1384.839
103.6	0	0	0	0	0	0.3441225	1.734139	6.30654	24.80495	78.35365	182.8709	340.7408	539.3332	740.5507	941.194	1087.905	1244.082	1402.777
103.7	0	0	0	0	0	0.3441225	1.891788	7.550083	27.37439	84.33899	196.8922	358.5186	557.9357	761.0885	959.7765	1104.45	1265.362	1420.149
103.8	0	0	0	0	0	0.4817715	1.970613	7.994205	29.15323	90.75964	208.1805	374.7505	574.0393	778.7986	977.7236	1122.514	1280.205	1432.234
103.9	0	0	0	0	0	0.4817715	2.049437	8.527152	32.80973	97.39793	221.7265	390.2094	591.5312	798.4435	993.765	1140.578	1298.266	1448.473
104	0	0	0	0	0	0.412947	2.207086	9.415398	37.15801	103.7098	235.5102	406.4413	610.689	813.9212	1011.236	1155.941	1313.824	1462.446
104.1	0	0	0	0	0	0.412947	2.44356	10.65894	40.12275	110.6745	248.462	425.5074	628.3197	833.7149	1032.359	1171.136	1330.633	1476.797
104.2	0	0	0	0	0	0.412947	2.601209	11.10306	43.87808	118.7275	261.4139	438.3898	644.2845	850.532	1042.683	1183.629	1345.833	1487.937
104.3	0	0	0	0	0	0.412947	2.601209	11.90248	47.33694	125.3658	273.6528	454.8793	661.3599	869.1351	1056.024	1193.589	1357.457	1499.455
104.4	0	0	0	0	0	0.4817715	2.916507	12.96838	50.49932	133.963	286.6047	470.5959	677.8801	885.2081	1071.112	1208.446	1370.511	1510.974
104.5	0	0	0	0	0	0.5505961	3.231805	14.1231	54.74878	140.2748	298.4872	485.7972	695.5107	901.2812	1085.089	1220.264	1382.671	1522.492
104.6	0	0	0	0	0	0.5505961	3.547103	15.01134	58.40528	148.6543	310.7261	500.7408	711.0591	915.7172	1100.654	1231.406	1395.189	1533.066
104.7	0	0	0	0	0	0.5505961	4.02005	16.52136	62.06179	154.9661	325.4603	515.9421	726.0522	933.5761	1111.295	1244.068	1403.415	1541.752
104.8	0	0	0	0	0	0.5505961	4.335348	17.67608	65.52065	163.1279	337.6992	531.4011	741.7393	948.6074	1122.254	1255.379	1412.535	1551.382
104.9	0	0	0	0	0	0.6194205	4.492997	18.56432	69.3748	170.9633	351.7206	546.3447	757.9818	960.6622	1131.307	1264.664	1420.045	1558.18
105	0	0	0	0	0	0.6882451	5.044768	19.89669	75.0078	179.0163	363.9595	560.3866	769.7819	974.8005	1141.63	1276.651	1431.133	1564.978
105.1	0	0	0	0.0488245	0	0.6882451	5.517715	21.93965	79.25726	186.634	377.3866	572.3672	782.5537	986.26	1150.207	1286.949	1438.286	1570.642
105.2	0	0	0	0.0488245	0	0.7570696	5.754189	23.00555	83.01258	195.5576	389.2691	584.7344	793.382	998.0172	1160.689	1295.897	1448.121	1580.65
105.3	0	0	0	0.0488245	0	0.7570696	6.069487	24.42674	86.47144	203.5018	401.6268	599.2916	806.7092	1007.095	1168.948	1308.728	1456.883	1585.371
105.4	0	0	0	0.0488245	0	0.7570696	6.542434	26.29205	91.90679	212.8607	412.4398	608.567	816.0104	1018.108	1180.225	1319.195	1463.142	1593.112
105.5	0	0	0	0.0488245	0	0.7570696	7.015381	28.51267	97.93508	219.8255	423.2529	621.8359	829.7541	1027.484	1186.896	1330	1468.686	1602.554
105.6	0	0	0	0.0488245	0	0.8258941	7.409503	30.8221	102.2834	227.3344	434.1848	635.749	840.9988	1037.009	1194.996	1337.09	1476.375	1607.463
105.7	0	0	0	0.0488245	0	0.8947186	7.488328	32.59859	106.6316	236.3668	444.8789	651.079	849.4672	1051.892	1202.937	1343.674	1482.098	1611.617
105.8	0	0	0	0.0488245	0	0.8947186	7.803626	34.28626	112.6599	245.1816	455.4543	662.5444	860.4343	1059.184	1209.925	1352.115	1487.462	1616.715
105.9	0	0	0	0.0488245	0	0.9635431	8.434222	35.44098	117.7	253.5611	466.6238	673.2369	871.4014	1068.56	1215.484	1360.388	1495.867	1618.226
106	0	0	0	0.0488245	0	1.101192	8.74952	38.01689	122.1471	264.8788	479.9322	684.0581	885.4227	1078.234	1224.696	1365.115	1503.199	1625.59
106.1	0	0	0	0.0488245	0	1.101192	9.064818	40.14868	127.7801	273.1495	489.4381	695.2659	895.4181	1085.377	1230.89	1372.037	1508.921	1631.255
106.2	0	0	0	0.0488245	0	1.170017	9.695415	41.56987	133.0178	283.1614	500.1324	708.9213	903.4699	1092.372	1237.561	1377.101	1514.644	1636.164
106.3	0	0	0	0.0488245	0	1.238841	10.16836	44.41225	136.8719	291.5409	510.4701	719.6137	912.077	1100.557	1245.343	1381.997	1521.618	1639.374
106.4	0	0	0	0.0488245	0	1.238841	10.56248	45.92227	141.0226	302.2057	521.2831	730.4349	923.4606	1108.891	1250.743	1388.413	1525.731	1643.151
106.5	0	0	0	0.0488245	0	1.37649	10.95661	47.16581	144.5802	309.9322	531.2643	740.7409	932.3454	1115.44	1257.731	1394.828	1528.055	1646.361
106.6	0	0	0	0.0488245	0	1.514139	11.35073	49.38643	149.7191	319.8352	541.2456	751.8198	940.6749	1123.03	1263.449	1401.581	1531.274	1648.438
106.7	0	0	0	0.0488245	0	1.582964	12.2178	51.16291	154.9568	328.65	548.7316	760.8375	949.282	1128.239	1270.12	1406.477	1534.314	1652.026
106.8	0	0	0	0.0488245	0	1.651788	12.76957	53.02823	159.2063	338.0089	558.4752	771.4011	958.0279	1136.275	1274.884	1412.217	1540.037	1655.991
106.9	0	0	0	0.0488245	0	1.789437	13.16369	55.51532	163.3569	346.8237	567.0305	780.0324	964.8303	1142.079	1281.714	1415.594	1544.15	1659.956
107	0	0	0	0.0488245	0	1.927086	13.71546	57.73593	168.7923	353.5708	578.6754	789.1789	973.0209	1147.883	1287.749	1421.502	1547.547	1660.712
107.1	0	0	0	0.0488245	0	1.927086	13.95194	58.97947	175.0182	361.8415	586.8742	794.976	978.0186	1153.985	1292.673	1425.216	1551.839	1663.733
107.2	0	0	0	0.0488245	0	1.927086	14.34606	61.37774	180.3547	369.1327	595.7861	803.6072	985.2375	1160.087	1298.232	1428.931	1553.985	1665.054
107.3	0	0	0	0.0488245	0	2.064735	15.05548	63.33187	185.8889	378.0563	604.8167	812.8826	992.0399	1164.701	1303.79	1432.814	1557.383	1667.509
107.4	0	0	0	0.0488245	0	2.202384	15.60725	65.10836	190.0395	385.2387	612.5403	821.5139	999.9529	1169.165	1305.696	1434.671	1560.78	1669.586
107.5	0	0	0	0.0488245	0.05882451	2.202384	16.00138	66.52956	195.4749	394.4888	619.1945	829.6298	1005.506	1173.035	1310.62	1440.579	1565.072	1670.153
107.6	0	0	0	0.0488245	0.05882451	2.202384	16.78962	69.37194	201.5032	401.236	628.2252	837.3593	1009.393	1179.434	1316.02	1441.93	1565.072	1671.286
107.7	0	0	0	0.0488245	0.05882451	2.271209	17.81434	70.88196	206.642	409.9419	636.1864	846.377	1015.362	1183.899	1321.102	1445.307	1564.536	1672.041
107.8	0	0	0	0.0488245	0.05882451	2.408858	17.81434	73.54669	212.5715	417.4508	644.7418	853.0759	1021.054	1189.703	1323.008	1447.164	1565.966	1672.607
107.9	0	0	0	0.0488245	0.05882451	2.477682	18.91788	76.30025	217.7104	424.9597	652.9407	862.0936	1027.995	1196.847	1325.391	1449.527	1567.754	1675.629
108	0	0	0	0.0488245	0.05882451	2.615331	19.9426	78.78734	222.7504	432.9039	661.7336	869.4366	1034.798	1202.204	1327.614	1453.241	1569.9	1680.349
108.1	0	0	0	0.0488245	0.05882451	2.615331	20.49437	81.27442	227.5928	439.7598	671.7149	876.1354	1040.351	1205.33	1330.949	1454.423	1570.616	1683.182
108.2	0	0	0	0.0488245	0.05882451	2.75298	21.44027	83.22856	233.0282	447.704	679.9138	879.8714	1048.264	1211.58	1332.696	1456.955	1573.477	1686.392
108.3	0	0	0	0.0488245	0.05882451	2.890629	21.99204	85.44917	238.1671	454.3423	687.3998	885.1532	1053.261	1216.491	1337.144	1456.955	1575.802	1688.28
108.4	0	0	0	0.0488245	0.05882451	2.959454	22.54381	87.31449	243.8	462.2865	693.341	889.4044	1057.287	1220.51	1341.749	1459.825	1577.59	1688.846
108.5	0	0	0	0.0488245	0.117649	3.097103	23.09558	88.55803	248.9389	469.7954	699.0446	894.815	1062.84	1223.189	1343.973	1462.358	1579.378	1690.546
108.6	0	0	0	0.0488245	0.117649	3.097103	23.88383	91.57806	255.2637	476.4337	707.3623	900.3545	1066.866	1226.016	1347.149	1462.864	1582.954	1690.546
108.7	0	0	0	0.0488245	0.117649	3.097103	24.35677	93.1769	260.9955	484.8132	716.5118	907.4398	1074.224	1228.844	1349.532	1466.747	1583.133	1692.434
108.8	0	0	0	0.0488245	0.117649	3.165927	25.22384	96.01929	266.4309	491.8868	723.2848	912.5928	1079.638	1230.779	1351.279	1466.072	1584.206	1694.133
108.9	0	0	0	0.0488245	0.117649	3.234752	26.01209	98.5952	271.965	499.2868	730.2954	919.4205	1083.664	1233.606	1352.867	1468.942	1584.922	1693.189
109	0	0	0	0.0488245	0.117649	3.234752	26.95798	100.6382	275.918	506.3604	739.2073	925.2176	1087.274	1235.988	1355.408	1470.124	1587.962	1693.945
109.1	0	0	0	0.0488245	0.117649	3.303576	27.90388	102.8588	280.6616	511.9105	745.0297	929.2112	1089.772	1237.476	1357.314	1472.487	1588.14	1694.7
109.2	0	0	0	0.0488245	0.117649	3.372401	28.77094	106.0565	285.1087	518.2223	752.1591	935.6524	1093.243	1240.601	1358.426	1476.201	1589.929	1694.133
109.3	0	0	0	0.0488245	0.117649	3.372401	29.08624	109.2541	290.3464	524.7518	757.7439	941.063	1096.575	1245.512	1359.855	1478.565	1591.18	1695.078
109.4	0	0	0	0.0488245	0.117649	3.51005	30.26861	111.7412	295.1888	530.0842	763.3286	947.6331	1098.935	1251.316	1361.92	1478.059	1592.79	1695.266
109.5	0	0	0	0.0488245	0.117649	3.647699	30.82038	114.9389	300.9206	537.3754	767.131	952.9149	1103.099	1252.656	1363.985	1479.24	1592.969	1694.322
109.6	0	0	0	0.0488245	0.117649	3.785348	31.05685	117.5148	306.2571	544.0137	771.6464	958.3255	1106.987	1255.632	1365.414	1479.409	1593.505	1695.833
109.7	0	0	0	0.0488245	0.117649	3.854172	31.2145	120.6237	309.6172	551.1961	776.3993	962.5767	1111.29	1258.758	1369.067	1478.227	1595.472	1696.022
109.8	0	0	0	0.0488245	0.117649	4.12947	31.60863	122.8443	315.0525	557.6168	783.6476	966.6991	1115.177	1260.99	1370.814	1479.578	1597.26	1695.455
109.9	0	0	0	0.0488245	0.117649	4.12947	32.31805	125.6867	320.4879	564.2551	788.7571	968.6315	1117.26	1264.115	1372.085	1479.916	1599.228	1697.155
110	0	0	0	0.0488245	0.117649	4.267119	32.79099	127.3743	325.0338	570.1316	794.6983	973.9133	1120.453	1266.943	1373.038	1481.435	1600.301	1696.211
110.1	0	0	0	0.0488245	0.235298	4.473593	33.26394	129.8614	330.568	575.0287	799.2136	976.4897	1123.229	1269.473	1375.261	1484.812	1602.446	1698.288
110.2	0	0	0	0.0488245	0.235298	4.542418	34.13101	131.6379	334.9163	581.4493	801.7089	981.6428	1126.283	1271.705	1377.644	1484.305	1602.446	1698.288
110.3	0	0	0	0.0488245	0.235298	4.611242	35.0769	134.8356	339.6598	585.9111	807.056	985.5074	1128.921	1274.979	1379.232	1485.993	1604.235	1697.721
110.4	0	0	0	0.0488245	0.235298	4.748891	35.62868	137.145	345.194	591.6788	812.522	989.501	1131.142	1277.658	1379.232	1485.656	1602.268	1698.288
110.5	0	0	0	0.0488245	0.2941225	4.88654	36.49575	139.6321	349.7399	598.2083	818.2255	991.8199	1133.363	1277.807	1378.597	1485.487	1602.625	1696.777
110.6	0	0	0	0.0488245	0.2941225	5.161838	36.96869	141.5863	353.6929	602.8878	821.9091	996.3287	1137.112	1278.849	1379.708	1486.162	1603.341	1696.777
110.7	0	0	0	0.0488245	0.2941225	5.230662	37.75694	145.2281	358.9306	608.7643	826.0679	999.6782	1139.888	1280.932	1383.361	1485.993	1604.413	1696.022
110.8	0	0	0	0.0488245	0.2941225	5.368311	38.62401	147.9816	364.4648	612.6819	831.1774	1005.089	1141.693	1282.421	1383.997	1487.006	1604.95	1695.455
110.9	0	0	0	0.0488245	0.2941225	5.50596	39.8852	150.2022	369.6036	618.6673	837.4751	1007.536	1144.053	1284.058	1384.156	1489.37	1605.844	1692.245
111	0	0	0	0.0488245	0.2941225	5.64361	40.35815	152.7782	374.446	623.782	841.5151	1010.499	1145.996	1285.1	1384.632	1489.37	1605.665	1691.679
111.1	0	0	0	0.0488245	0.2941225	5.918908	41.30404	154.5546	378.8932	627.9174	845.0799	1015.137	1147.107	1287.183	1386.379	1492.24	1606.917	1692.434
111.2	0	0	0	0.0488245	0.2941225	6.194205	42.24994	157.5747	383.9332	634.338	849.0011	1015.781	1147.94	1288.671	1386.697	1493.084	1607.99	1691.679
111.3	0	0	0	0.0488245	0.2941225	6.400679	43.27465	161.0388	387.985	639.0175	853.7541	1019.904	1149.745	1289.416	1388.285	1493.253	1609.599	1692.056
111.4	0	0	0	0.0488245	0.2941225	6.675977	44.3782	163.4371	392.3333	643.9146	855.8929	1022.222	1151.966	1290.011	1387.808	1492.746	1610.494	1693.945
111.5	0	0	0	0.0488245	0.2941225	6.744802	44.77232	166.013	397.2745	649.3558	858.8635	1024.412	1153.354	1290.755	1387.173	1494.266	1608.705	1693.756
111.6	0	0	0	0.0488245	0.2941225	7.0201	45.40292	167.9671	402.1169	652.6205	861.7153	1028.792	1155.297	1294.624	1389.238	1495.448	1609.242	1694.322
111.7	0	0	0	0.0488245	0.2941225	7.0201	46.19116	170.8983	406.3664	658.1706	865.5177	1030.983	1160.018	1295.666	1389.238	1496.46	1611.745	1698.099
111.8	0	0	0	0.0488245	0.2941225	7.157749	47.05823	173.5631	410.9123	661.7618	868.4883	1032.4	1160.434	1295.815	1390.509	1497.473	1609.421	1698.476
111.9	0	0	0	0.0488245	0.2941225	7.295398	48.31942	175.9613	414.6676	666.7678	870.9836	1034.59	1161.406	1297.303	1390.985	1496.967	1612.639	1699.232
112	0	0	0	0.0488245	0.2941225	7.433047	49.81709	178.7149	417.7312	673.6237	875.0237	1036.135	1161.545	1298.196	1390.667	1497.98	1610.494	1699.043
112.1	0	0	0	0.0488245	0.2941225	7.433047	50.8418	181.7349	422.4748	678.9561	877.7566	1038.454	1162.1	1300.28	1390.826	1497.473	1611.388	1698.854
112.2	0	0	0	0.0488245	0.2941225	7.570695	51.23593	183.8667	427.416	683.5267	880.252	1040.258	1162.1	1300.726	1389.873	1496.123	1611.566	1698.099
112.3	0	0	0	0.0488245	0.2941225	7.845994	52.18182	187.0644	431.5666	686.7914	884.292	1042.061	1164.182	1303.703	1389.079	1497.473	1611.566	1697.155
112.4	0	0	0	0.0488245	0.2941225	8.190116	53.36419	190.2621	437.6937	689.6209	890.1144	1044.638	1166.126	1305.489	1388.92	1495.616	1613.176	1697.155
112.5	0	0	0	0.0488245	0.2941225	8.190116	54.15244	193.0157	442.5361	692.8856	894.392	1045.411	1167.792	1304.596	1389.873	1495.448	1612.639	1695.833
112.6	0	0	0	0.0488245	0.2941225	8.327765	54.70421	196.1245	446.4891	695.3886	899.3827	1047.987	1167.931	1306.977	1389.873	1495.279	1611.745	1696.777
112.7	0	0	0	0.0488245	0.2941225	8.327765	56.04422	198.5228	448.6633	699.8504	900.4521	1049.276	1168.625	1308.316	1388.761	1495.785	1611.03	1696.777
112.8	0	0	0	0.0488245	0.352947	8.396589	56.67482	201.0987	452.5174	703.6592	905.0862	1051.466	1170.568	1309.656	1388.126	1495.279	1611.03	1697.344
112.9	0	0	0	0.0488245	0.4117715	8.534239	58.33014	203.4081	455.9763	707.1417	908.5322	1053.14	1172.095	1309.507	1387.332	1496.292	1610.494	1697.532
113	0	0	0	0.0488245	0.4117715	8.671887	59.11838	205.4511	459.6328	710.4064	911.0275	1054.042	1174.733	1309.209	1387.491	1497.811	1612.282	1698.288
113.1	0	0	0	0.0488245	0.4117715	8.809537	59.74897	207.9382	463.0916	713.7799	913.0475	1056.232	1175.705	1310.549	1388.603	1499.162	1612.818	1698.665
113.2	0	0	0	0.0488245	0.4117715	9.084835	60.37957	209.537	467.7364	716.3917	915.7805	1057.52	1176.26	1312.632	1390.509	1499.162	1611.924	1700.365
113.3	0	0	0	0.0488245	0.4117715	9.291308	61.08899	212.3794	472.8752	719.7653	917.0875	1058.551	1175.427	1312.186	1392.256	1500.343	1612.639	1701.875
113.4	0	0	0	0.0488245	0.4117715	9.360133	61.48312	214.4224	477.52	724.0095	920.6523	1059.582	1177.371	1313.674	1391.303	1501.525	1612.997	1703.386
113.5	0	0	0	0.0488245	0.470596	9.566607	62.03489	217.3536	481.7695	727.1653	922.9099	1060.354	1179.036	1313.823	1391.462	1502.538	1612.282	1701.498
113.6	0	0	0	0.0488245	0.470596	9.77308	62.42901	220.9954	484.7342	730.1036	926.3558	1060.354	1180.286	1314.269	1392.891	1502.876	1613.355	1700.931
113.7	0	0	0	0.0488245	0.470596	9.704255	63.61138	223.1272	487.5013	732.7154	927.5441	1062.029	1182.785	1315.46	1394.797	1502.707	1613.891	1701.498
113.8	0	0	0	0.0488245	0.470596	9.910728	64.32079	225.0813	491.5531	736.8507	928.97	1061.9	1184.867	1315.311	1396.067	1502.032	1613.891	1701.498
113.9	0	0	0	0.0488245	0.470596	9.979553	64.87257	226.5913	495.3084	740.1155	931.5841	1063.575	1185.145	1314.865	1395.909	1502.2	1614.07	1703.008
114	0	0	0	0.0488245	0.470596	10.04838	66.13376	228.9008	498.8661	742.9449	932.5347	1063.704	1187.088	1315.46	1393.844	1500.85	1612.103	1704.141
114.1	0	0	0	0.0488245	0.470596	10.25485	67.31612	232.0096	502.5226	746.3185	934.5547	1066.538	1188.615	1314.12	1393.526	1501.525	1610.315	1701.686
114.2	0	0	0	0.0488245	0.470596	10.32368	68.41967	234.0526	505.685	749.2567	937.2877	1067.311	1187.644	1313.376	1395.115	1498.824	1608.348	1701.12
114.3	0	0	0	0.0488245	0.470596	10.32368	68.41967	236.895	509.2427	752.6303	938.7136	1068.47	1188.615	1313.972	1395.115	1498.993	1607.096	1701.309
114.4	0	0	0	0.0488245	0.470596	10.46132	69.20792	239.4709	513.2945	754.2626	940.7336	1069.501	1187.366	1313.972	1394.479	1499.499	1606.559	1701.309
114.5	0	0	0	0.0488245	0.470596	10.6678	70.15381	242.0468	516.0616	756.7656	943.2289	1070.789	1187.782	1313.823	1395.432	1499.668	1606.023	1700.365
114.6	0	0	0	0.0488245	0.470596	10.9431	71.0997	244.1786	520.4099	759.1597	943.8231	1071.305	1187.921	1312.483	1394.32	1499.499	1606.917	1701.686
114.7	0	0	0	0.0488245	0.470596	11.21839	71.96677	246.1327	523.7699	760.6833	944.7736	1073.237	1188.06	1311.442	1394.797	1496.967	1607.275	1703.008
114.8	0	0	0	0.0488245	0.470596	11.49369	72.99149	247.8204	527.9205	762.8598	945.9619	1072.85	1189.726	1310.697	1396.226	1497.811	1605.665	1702.819
114.9	0	0	0	0.0488245	0.470596	11.56252	73.77974	250.5739	531.1817	764.9274	947.5066	1074.783	1190.975	1311.59	1397.338	1497.305	1605.844	1702.442
115	0	0	0	0.0488245	0.470596	11.63134	74.41033	251.8175	534.1464	766.9951	949.8831	1074.912	1190.42	1311.888	1397.656	1497.136	1606.202	1701.12
115.1	0	0	0	0.0488245	0.470596	11.83782	74.9621	253.3275	537.0124	769.9333	951.5466	1076.071	1191.253	1312.632	1397.814	1496.798	1606.559	1700.742
115.2	0	0	0	0.0488245	0.470596	11.90664	75.67152	255.5481	539.6806	771.3481	951.9031	1075.813	1191.253	1312.334	1396.862	1498.149	1606.738	1700.931
115.3	0	0	0	0.0488245	0.470596	11.97546	76.45977	258.2128	543.3372	772.9805	954.0419	1076.458	1191.947	1312.334	1399.085	1499.837	1606.738	1699.043
115.4	0	0	0	0.0488245	0.470596	12.52606	77.24802	260.4334	546.5983	774.7217	955.9432	1077.359	1192.086	1312.186	1399.562	1500.175	1606.202	1698.854
115.5	0	0	0	0.0488245	0.470596	12.45724	78.27274	263.0982	548.8713	776.6805	957.6067	1077.488	1192.225	1311.442	1399.085	1498.993	1604.95	1700.365
115.6	0	0	0	0.0488245	0.5294206	12.45724	79.21863	265.23	550.8478	777.6599	958.6761	1077.746	1193.197	1311.442	1399.244	1499.162	1605.665	1699.798
115.7	0	0	0	0.0488245	0.588245	12.45724	80.16452	267.5394	553.4172	778.7482	960.2208	1079.807	1194.307	1312.037	1400.356	1498.993	1605.308	1700.365
115.8	0	0	0	0.0488245	0.588245	12.52606	81.18924	269.6712	556.9749	780.707	962.122	1081.353	1193.752	1313.823	1399.562	1499.668	1607.096	1700.931
115.9	0	0	0	0.0488245	0.588245	12.45724	82.13513	272.1583	559.5444	782.8835	963.1915	1082.384	1192.641	1313.079	1398.767	1500.85	1606.738	1700.176
116	0	0	0	0.0488245	0.588245	12.59488	83.15985	274.7342	561.8173	784.407	963.6667	1083.028	1193.058	1312.483	1397.973	1500.006	1607.99	1698.854
116.1	0	0	0	0.0488245	0.588245	12.59488	84.34222	275.9778	565.0786	786.91	964.4985	1083.285	1190.698	1312.483	1397.02	1498.318	1609.599	1699.987
116.2	0	0	0	0.0488245	0.6470696	12.52606	85.05164	278.2872	568.1421	788.9777	964.4985	1084.96	1191.253	1313.227	1398.767	1498.318	1609.957	1700.553
116.3	0	0	0	0.0488245	0.6470696	12.45724	85.76106	280.9519	570.0198	791.263	965.2115	1086.764	1190.837	1313.972	1399.244	1497.305	1610.851	1698.288
116.4	0	0	0	0.0488245	0.6470696	12.93901	86.54931	283.0837	573.8739	793.8748	966.9938	1087.794	1190.559	1314.567	1399.562	1495.954	1611.03	1699.232
116.5	0	0	0	0.0488245	0.6470696	13.00783	87.4952	284.2384	577.4316	796.7042	967.9444	1087.279	1190.281	1314.12	1399.72	1495.11	1609.242	1698.854
116.6	0	0	0	0.0488245	0.6470696	12.93901	88.12579	286.459	581.3846	798.7719	967.1127	1088.567	1190.281	1313.376	1397.973	1497.136	1609.778	1698.854
116.7	0	0	0	0.0488245	0.6470696	13.14548	88.51992	288.7685	583.5587	799.7513	969.3703	1088.696	1190.559	1314.716	1398.291	1496.123	1608.884	1695.833
116.8	0	0	0	0.0488245	0.6470696	13.14548	88.99287	291.3444	586.0293	801.9278	970.2021	1089.34	1191.947	1313.227	1396.544	1497.642	1609.599	1697.721
116.9	0	0	0	0.0488245	0.6470696	13.35195	90.25406	293.2097	587.5117	802.5807	970.4398	1089.469	1193.891	1311.59	1395.591	1497.305	1609.599	1696.777
117	0	0	0	0.0488245	0.7058941	13.4896	90.96348	295.9633	588.8952	804.4307	971.0339	1089.469	1194.307	1311.739	1397.814	1496.292	1609.063	1697.344
117.1	0	0	0	0.0488245	0.7058941	13.69608	91.51525	298.4503	591.9588	806.3896	971.2715	1090.242	1194.724	1310.846	1397.179	1494.603	1608.526	1696.211
117.2	0	0	0	0.0488245	0.7058941	13.83373	92.14584	300.138	595.7141	808.2396	972.8162	1089.855	1195.14	1310.697	1396.385	1491.733	1608.884	1694.889
117.3	0	0	0	0.0488245	0.7058941	14.10902	92.69762	302.3586	598.4812	808.7838	973.5292	1089.211	1195.973	1310.995	1397.338	1492.409	1607.453	1696.399
117.4	0	0	0	0.0488245	0.7058941	14.24667	93.24939	304.5792	601.3471	810.4161	974.4798	1089.082	1194.307	1311.59	1397.179	1491.396	1608.705	1697.721
117.5	0	0	0	0.0488245	0.7058941	14.24667	93.87999	306.8887	604.3118	811.722	975.1927	1090.371	1194.863	1313.227	1396.862	1493.759	1606.559	1697.344
117.6	0	0	0	0.0488245	0.7058941	14.24667	94.27411	309.1093	606.9801	813.4632	975.4304	1091.144	1193.058	1310.846	1394.956	1492.577	1607.632	1697.721
117.7	0	0	0	0.0488245	0.7647186	14.45315	95.37766	311.6852	608.5613	815.0955	976.4998	1091.401	1193.058	1311.59	1395.432	1491.733	1608.348	1697.91
117.8	0	0	0	0.0488245	0.8235431	14.52197	96.00825	312.6623	611.4272	818.4691	975.668	1091.659	1194.168	1312.186	1395.75	1492.746	1608.348	1699.798
117.9	0	0	0	0.0488245	0.8235431	14.65962	97.19061	314.9717	613.1072	819.8839	975.7869	1092.174	1195.834	1312.781	1396.226	1493.928	1607.99	1699.232
118	0	0	0	0.0488245	0.8235431	14.93492	98.05769	315.4158	615.2814	820.4279	976.2621	1092.561	1195.834	1311.739	1394.479	1494.097	1607.811	1696.588
118.1	0	0	0	0.0488245	0.8235431	14.93492	98.76711	317.1035	617.4555	822.1691	977.8069	1093.205	1194.724	1310.846	1394.32	1494.266	1607.811	1696.777
118.2	0	0	0	0.0488245	0.8235431	15.14139	99.55535	319.2353	619.2344	823.9103	977.4504	1095.266	1195.279	1311.888	1393.367	1494.266	1607.99	1696.022
118.3	0	0	0	0.0488245	0.8235431	15.14139	100.1859	321.4559	621.3097	824.6721	978.5198	1095.137	1194.446	1310.995	1394.638	1494.435	1607.632	1695.833
118.4	0	0	0	0.0488245	0.8235431	15.48551	100.6589	323.2324	622.8909	825.4339	978.401	1095.524	1193.335	1310.995	1394.797	1495.279	1608.526	1694.889
118.5	0	0	0	0.0488245	0.8235431	15.55434	101.9989	324.2094	624.2744	826.9574	979.2327	1095.91	1192.502	1310.102	1393.844	1495.954	1607.453	1694.889
118.6	0	0	0	0.0488245	0.8235431	15.62316	103.4177	326.0748	626.0532	828.0457	980.7775	1094.493	1192.919	1310.102	1392.891	1496.123	1608.884	1696.777
118.7	0	0	0	0.0488245	0.8235431	15.69199	103.8119	327.9401	629.018	830.4398	980.8963	1093.72	1194.863	1309.656	1393.844	1496.123	1607.096	1697.344
118.8	0	0	0	0.0488245	0.8235431	15.76081	104.8366	329.7166	631.291	832.6163	981.4904	1093.462	1195.418	1309.358	1393.05	1496.46	1606.917	1696.211
118.9	0	0	0	0.0488245	0.8235431	15.69199	106.1766	331.2266	633.0698	832.8339	982.0845	1093.591	1196.806	1309.804	1394.161	1495.616	1606.917	1694.889
119	0	0	0	0.0488245	0.8235431	15.82964	106.9649	333.3584	634.3545	834.2487	981.9657	1094.622	1195.557	1308.167	1395.75	1496.123	1607.096	1693
119.1	0	0	0	0.0488245	0.8235431	15.96729	107.6743	334.6907	634.5521	835.5546	981.9657	1095.395	1194.03	1306.828	1395.432	1495.616	1607.453	1693.567
119.2	0	0	0	0.0488245	0.8235431	16.03611	108.4625	336.3784	636.331	836.6428	982.2034	1096.425	1193.752	1307.87	1395.909	1495.11	1607.99	1693.378
119.3	0	0	0	0.0488245	0.8235431	16.03611	109.1719	337.9772	638.7028	838.4928	982.2034	1096.941	1192.919	1306.977	1396.862	1494.772	1607.453	1695.833
119.4	0	0	0	0.0488245	0.8823676	15.96729	109.8814	340.2867	638.5051	839.9075	983.3916	1096.812	1192.641	1306.53	1396.862	1493.422	1607.453	1698.476
119.5	0	0	0	0.0488245	0.8823676	16.10493	110.1178	341.2638	640.0863	840.6693	985.7681	1096.941	1192.641	1305.489	1397.497	1493.59	1607.275	1695.644
119.6	0	0	0	0.0488245	0.8823676	16.38023	110.9849	343.1291	643.0511	841.4311	987.4316	1097.714	1192.086	1306.084	1398.132	1493.084	1604.056	1694.322
119.7	0	0	0	0.0488245	0.8823676	16.38023	111.6943	345.3497	644.7311	841.5399	987.9069	1098.873	1191.67	1306.679	1398.132	1492.577	1602.983	1695.455
119.8	0	0	0	0.0488245	0.8823676	16.38023	112.0884	348.0144	646.4111	842.5193	988.6199	1100.29	1190.975	1307.423	1397.338	1493.759	1601.731	1696.022
119.9	0	0	0	0.0488245	0.8823676	16.58671	113.2708	349.4356	648.9805	843.1722	988.7387	1100.29	1191.67	1307.721	1396.385	1494.266	1600.658	1696.022
120	0	0	0	0.0488245	0.8823676	16.51788	114.0591	351.5674	650.1664	844.8046	989.0952	1100.677	1191.808	1306.53	1395.115	1494.941	1599.943	1695.833
120.1	0	0	0	0.0488245	0.8823676	16.51788	114.6897	353.2551	652.8347	844.9135	989.9269	1101.063	1191.392	1304.744	1395.115	1493.59	1598.87	1695.833
120.2	0	0	0	0.0488245	0.8823676	16.58671	115.5567	355.2092	654.3171	846.7635	989.4517	1101.449	1191.114	1303.851	1396.385	1493.928	1599.585	1697.721
120.3	0	0	0	0.0488245	0.8823676	16.58671	117.8426	357.0745	655.0089	848.5047	990.5211	1102.351	1190.698	1303.851	1397.179	1493.759	1598.333	1696.211
120.4	0	0	0	0.0488245	0.8823676	16.72436	119.025	358.7622	656.4912	848.6135	991.947	1102.351	1191.531	1303.703	1394.797	1492.915	1598.333	1696.588
120.5	0	0	0	0.0488245	0.8823676	16.65553	119.4191	360.4498	657.4794	849.2664	992.1846	1103.382	1190.837	1302.214	1394.797	1493.084	1598.512	1694.889
120.6	0	0	0	0.0488245	0.8823676	16.72436	120.1285	360.894	659.1594	850.8988	992.3035	1103.124	1189.865	1301.47	1394.638	1494.097	1597.618	1695.833
120.7	0	0	0	0.0488245	0.8823676	16.72436	120.9168	362.4928	661.1359	852.2047	993.6105	1102.609	1189.726	1300.726	1394.797	1493.928	1597.082	1693.945
120.8	0	0	0	0.0488245	0.8823676	16.79318	121.2321	363.8252	662.7172	852.5312	994.9176	1102.48	1189.448	1300.875	1395.75	1494.941	1594.936	1694.133
120.9	0	0	0	0.0488245	0.8823676	16.862	121.705	365.1575	664.1006	854.2723	995.5117	1101.578	1187.782	1301.173	1394.956	1493.759	1594.757	1693.378
121	0	0	0	0.0488245	0.8823676	17.06848	122.8874	366.3123	665.9783	854.0547	997.5317	1102.609	1187.782	1300.875	1393.685	1492.915	1595.472	1691.49
121.1	0	0	0	0.0488245	0.8823676	17.06848	124.2274	369.0658	667.4607	854.7076	997.1752	1102.351	1187.505	1302.512	1392.573	1494.435	1594.578	1690.923
121.2	0	0	0	0.0488245	0.8823676	17.27495	124.4639	370.5758	669.1407	855.1429	995.987	1101.965	1186.949	1300.875	1391.62	1492.915	1596.724	1690.923
121.3	0	0	0	0.09764901	0.8823676	17.4126	124.5427	372.0858	669.9313	856.34	996.4623	1100.934	1188.199	1301.322	1391.303	1492.071	1596.724	1692.812
121.4	0	0	0	0.09764901	0.8823676	17.61907	125.4886	372.8853	671.5125	858.0812	996.5811	1100.29	1187.366	1302.661	1392.414	1492.071	1596.724	1694.7
121.5	0	0	0	0.09764901	0.8823676	17.61907	125.7251	375.1059	672.1055	860.4753	995.3929	1099.517	1186.255	1304.447	1392.097	1494.097	1597.26	1695.455
121.6	0	0	0	0.09764901	0.8823676	17.55025	126.1192	376.4383	672.6984	861.8901	995.7493	1099.517	1185.839	1306.53	1392.573	1493.084	1597.797	1695.833
121.7	0	0	0	0.09764901	0.8823676	17.75672	126.8286	378.6589	673.3902	863.0872	995.1552	1099.002	1186.255	1307.423	1392.414	1492.577	1597.618	1694.7
121.8	0	0	0	0.09764901	0.8823676	17.75672	127.3804	379.7248	674.082	863.7401	995.7493	1100.032	1186.394	1306.977	1394.638	1491.396	1597.082	1696.022
121.9	0	0	0	0.09764901	0.8235431	17.82555	128.1686	381.9454	674.9714	864.8284	995.0364	1100.29	1185.7	1306.084	1393.209	1490.552	1597.26	1694.511
122	0	0	0	0.09764901	0.8235431	17.82555	128.8781	384.0771	675.3667	865.046	994.4423	1100.548	1187.227	1304.149	1393.05	1490.383	1596.366	1694.133
122.1	0	0	0	0.09764901	0.8235431	17.9632	129.824	385.4984	676.2561	865.8077	994.6799	1099.388	1188.477	1305.042	1394.638	1490.383	1598.512	1694.511
122.2	0	0	0	0.09764901	0.8235431	18.23849	129.7451	386.4754	677.3431	866.896	995.1552	1099.646	1189.31	1303.405	1394.161	1488.863	1598.691	1694.133
122.3	0	0	0	0.09764901	0.8823676	18.16967	129.7451	388.1631	679.4185	866.5695	994.9176	1099.388	1190.42	1302.066	1394.797	1489.032	1598.691	1696.211
122.4	0	0	0	0.09764901	0.8823676	18.23849	130.4546	390.4725	680.5056	867.9843	995.8682	1099.131	1190.975	1302.363	1394.638	1489.201	1597.976	1695.833
122.5	0	0	0	0.09764901	0.8823676	18.51379	131.4793	392.0714	682.4821	867.9843	994.5611	1098.229	1191.114	1302.81	1395.909	1489.876	1597.976	1695.455
122.6	0	0	0	0.09764901	0.8823676	18.65144	132.504	394.2032	684.0632	867.7666	995.1552	1098.358	1190.975	1304.149	1396.067	1489.876	1599.049	1692.245
122.7	0	0	0	0.09764901	0.8823676	18.78909	133.3711	394.8249	684.5574	869.0725	995.1552	1097.971	1190.004	1304.893	1396.226	1488.694	1599.049	1692.812
122.8	0	0	0	0.09764901	0.8823676	18.72027	134.0017	396.1573	684.4585	869.399	995.987	1097.327	1189.865	1304.596	1396.226	1487.85	1598.155	1692.245
122.9	0	0	0	0.09764901	0.8823676	18.78909	134.7111	397.6673	685.1503	870.3784	997.1752	1099.002	1189.587	1307.126	1396.544	1487.175	1596.903	1691.301
123	0	0	0	0.09764901	0.8823676	18.99556	135.184	398.3779	686.5338	869.9431	996.4623	1099.904	1188.199	1306.53	1394.797	1486.162	1596.366	1689.224
123.1	0	0	0	0.09764901	0.8823676	18.92674	136.524	400.5985	686.9291	871.0314	996.7	1098.615	1187.227	1307.126	1394.32	1487.175	1594.578	1689.413
123.2	0	0	0	0.09764901	0.8823676	19.06439	137.0758	402.4638	687.028	870.2696	997.0564	1099.775	1186.533	1306.53	1393.209	1486.5	1594.042	1691.301
123.3	0	0	0	0.09764901	0.8823676	19.33969	137.6276	403.4409	687.6209	871.249	997.6506	1099.775	1187.088	1306.53	1391.779	1486.162	1596.545	1692.434
123.4	0	0	0	0.09764901	0.8823676	19.47733	138.4947	404.9509	688.9056	870.2696	997.2941	1100.805	1186.672	1305.34	1393.526	1485.993	1596.724	1692.245
123.5	0	0	0	0.09764901	0.8823676	19.61498	138.8888	406.0168	690.7833	870.7049	996.3435	1100.805	1187.088	1305.489	1394.479	1486.162	1596.188	1691.301
123.6	0	0	0	0.09764901	0.8823676	19.61498	139.5982	406.6386	691.5739	870.8137	995.0364	1100.032	1187.644	1304.744	1394.161	1485.656	1595.651	1692.056
123.7	0	0	0	0.09764901	0.9411921	19.68381	139.9135	408.1486	693.5504	871.4666	994.2047	1098.358	1187.782	1305.489	1391.144	1485.487	1595.293	1692.434
123.8	0	0	0	0.09764901	1.000017	19.82146	141.0959	408.948	694.2421	872.5549	992.6599	1099.26	1186.533	1305.637	1390.826	1485.824	1595.651	1692.056
123.9	0	0	0	0.09764901	1.000017	19.89028	141.2535	409.7474	694.1433	872.7725	993.4917	1099.131	1185.561	1305.786	1392.732	1486.162	1594.757	1692.245
124	0	0	0	0.1464735	1.000017	19.68381	142.1206	410.9022	695.428	872.446	993.6105	1098.358	1184.728	1305.489	1392.256	1484.812	1592.79	1694.511
124.1	0	0	0	0.1464735	1.000017	19.89028	142.7512	412.9451	696.4163	872.9902	993.254	1096.941	1185.145	1304.447	1391.303	1483.799	1593.863	1696.022
124.2	0	0	0	0.1464735	1.000017	20.02793	143.3818	415.3434	697.701	873.5343	991.947	1095.395	1185.284	1302.661	1392.573	1483.461	1592.611	1697.155
124.3	0	0	0	0.1464735	1.000017	19.95911	144.4853	416.5869	697.2069	874.8402	991.7094	1095.008	1187.505	1302.81	1391.779	1483.123	1591.896	1698.099
124.4	0	0	0	0.1464735	1.000017	20.16558	144.8006	419.1628	698.5905	874.949	992.4222	1094.107	1189.171	1303.851	1393.05	1482.617	1592.432	1697.721
124.5	0	0	0	0.1464735	1.000017	20.44088	145.2736	419.9622	700.0728	875.3843	993.0164	1093.076	1188.893	1302.214	1392.573	1483.123	1592.969	1695.833
124.6	0	0	0	0.1464735	1.000017	20.71618	145.5889	421.3835	701.9504	876.0373	992.3035	1093.849	1188.338	1302.958	1390.826	1483.461	1592.79	1696.211
124.7	0	0	0	0.1464735	1.000017	20.92265	145.8253	423.2488	703.334	876.9078	991.947	1095.137	1187.782	1302.066	1389.714	1482.617	1593.326	1693
124.8	0	0	0	0.1464735	1.000017	20.85382	146.0618	424.3147	704.0258	877.6696	990.8776	1094.88	1188.477	1302.363	1389.873	1481.773	1593.147	1693.945
124.9	0	0	0	0.1464735	1.000017	21.12912	147.323	424.9364	705.2117	878.5402	989.8081	1095.524	1189.31	1302.214	1391.144	1479.747	1593.326	1694.889
125	0	0	0	0.1464735	1.058841	21.3356	147.6383	425.8247	704.9152	877.9961	990.1646	1094.751	1190.004	1301.322	1389.714	1480.422	1593.147	1694.889
125.1	0	0	0	0.1464735	1.058841	21.81737	148.663	426.7129	705.5081	877.0167	990.7587	1094.235	1190.559	1301.024	1388.444	1479.578	1594.22	1693.945
125.2	0	0	0	0.1464735	1.058841	22.09267	148.8995	427.9565	706.694	877.5608	991.1152	1093.849	1190.698	1302.214	1389.238	1478.903	1594.578	1691.49
125.3	0	0	0	0.1464735	1.058841	22.09267	149.5301	428.8447	706.5952	876.9078	991.8281	1093.462	1190.559	1301.47	1388.92	1477.89	1592.969	1691.301
125.4	0	0	0	0.1464735	1.058841	22.02384	150.003	429.8218	705.9034	876.5814	991.8281	1093.462	1189.865	1299.982	1389.714	1478.059	1591.717	1689.979
125.5	0	0	0	0.1464735	1.117666	22.09267	150.8701	430.71	705.9034	876.6902	992.6599	1092.432	1189.726	1300.28	1389.714	1476.877	1590.286	1690.168
125.6	0	0	0	0.1464735	1.117666	22.09267	151.5795	432.22	706.694	876.6902	992.7787	1090.628	1190.281	1301.024	1389.397	1477.214	1590.823	1689.602
125.7	0	0	0	0.1464735	1.117666	22.16149	151.6584	433.0195	707.287	876.5814	992.5411	1089.469	1189.726	1299.684	1388.126	1475.526	1590.108	1688.658
125.8	0	0	0	0.1464735	1.117666	22.23032	152.0525	433.7301	708.1764	876.3638	992.5411	1090.886	1190.42	1299.536	1386.379	1476.877	1590.108	1688.469
125.9	0	0	0	0.1464735	1.117666	22.29914	151.6584	434.1742	709.8564	876.2549	992.4222	1090.242	1189.171	1299.833	1385.585	1476.201	1591.359	1688.469
126	0	0	0	0.1464735	1.117666	22.36796	152.3678	436.1283	709.8564	875.4932	991.5905	1089.984	1190.142	1300.28	1385.109	1477.721	1591.717	1687.147
126.1	0	0	0	0.1464735	1.117666	22.57444	152.5254	437.2831	710.5482	875.7108	990.9964	1089.855	1189.865	1300.429	1383.361	1477.214	1590.108	1689.413
126.2	0	0	0	0.1464735	1.117666	22.71209	152.7619	438.6154	711.4376	875.8196	990.4023	1089.984	1190.142	1298.047	1383.997	1477.721	1590.108	1689.791
126.3	0	0	0	0.1464735	1.117666	22.64326	152.9984	439.4148	712.5247	875.602	989.5705	1090.371	1189.865	1297.899	1381.614	1477.721	1590.108	1689.035
126.4	0	0	0	0.1464735	1.17649	22.78091	153.3925	441.2802	713.9082	875.8196	988.8575	1091.015	1189.587	1297.601	1381.614	1478.227	1588.856	1688.658
126.5	0	0	0	0.1464735	1.17649	22.71209	154.4172	441.9908	714.3035	876.0373	988.501	1089.211	1189.31	1298.494	1382.25	1477.89	1589.929	1686.958
126.6	0	0	0	0.1464735	1.17649	22.84974	154.8902	443.4119	715.6871	876.6902	989.0952	1087.923	1189.726	1300.28	1382.885	1477.214	1589.213	1686.203
126.7	0	0	0	0.1464735	1.17649	22.84974	155.3631	445.1884	715.4894	876.6902	989.4517	1086.377	1188.754	1301.173	1384.632	1478.059	1589.571	1685.448
126.8	0	0	0	0.1464735	1.17649	22.91856	156.309	445.8102	717.1694	876.2549	989.5705	1086.764	1187.921	1300.131	1384.314	1478.227	1587.604	1684.126
126.9	0	0	0	0.1464735	1.17649	23.12503	156.8608	447.5867	717.4659	876.3638	989.9269	1086.119	1188.199	1300.28	1383.679	1479.24	1589.929	1686.958
127	0	0	0	0.1464735	1.117666	23.26268	157.5702	448.919	717.3671	877.3431	989.8081	1084.702	1188.06	1300.577	1383.52	1479.24	1590.823	1685.07
127.1	0	0	0	0.1464735	1.117666	23.19386	158.2008	449.8073	719.2448	877.8873	990.2834	1085.475	1188.477	1300.875	1383.679	1480.084	1590.823	1686.014
127.2	0	0	0	0.1464735	1.117666	23.26268	158.2008	450.7844	720.0353	876.2549	990.5211	1086.892	1187.505	1300.875	1383.203	1480.591	1592.432	1686.203
127.3	0	0	0	0.1464735	1.117666	23.33151	158.4373	451.3173	721.3201	876.1461	990.0458	1087.794	1187.227	1301.024	1381.297	1481.097	1594.22	1687.902
127.4	0	0	0	0.1464735	1.117666	23.33151	159.7773	452.3832	722.2095	875.8196	990.9964	1087.536	1188.338	1300.131	1381.138	1480.929	1595.115	1686.769
127.5	0	0	0	0.1464735	1.117666	23.40033	159.8561	453.2715	722.7036	876.6902	990.6399	1088.567	1188.477	1299.387	1382.726	1480.253	1594.399	1687.336
127.6	0	0	0	0.1464735	1.117666	23.46916	160.4867	453.9821	723.7906	877.3431	991.5905	1087.923	1188.477	1298.643	1380.979	1479.578	1596.903	1687.336
127.7	0	0	0	0.1464735	1.117666	23.53798	161.1961	455.2256	724.186	877.5608	992.5411	1088.696	1189.31	1299.833	1380.661	1480.591	1596.366	1685.448
127.8	0	0	0	0.1464735	1.117666	23.60681	162.0632	456.8244	725.5695	877.8873	992.5411	1088.696	1188.199	1301.322	1380.661	1479.409	1597.26	1684.692
127.9	0	0	0	0.1464735	1.117666	23.81328	162.6938	457.535	726.2613	878.649	993.254	1087.15	1188.754	1301.322	1379.708	1478.734	1598.155	1684.315
128	0	0	0	0.1464735	1.117666	23.8821	163.2455	459.045	726.3601	879.302	992.6599	1088.181	1187.505	1302.661	1382.408	1479.578	1597.439	1681.671
128.1	0	0	0	0.1464735	1.17649	23.8821	163.955	459.4892	726.2613	879.5197	992.0658	1087.923	1187.921	1302.661	1380.344	1478.059	1597.082	1681.482
128.2	0	0	0	0.1464735	1.235315	24.01975	164.5067	460.1109	726.8542	880.6079	992.7787	1089.34	1189.171	1303.256	1379.391	1479.916	1596.366	1680.916
128.3	0	0	0	0.1464735	1.235315	24.01975	164.5856	460.9104	727.546	882.3491	992.6599	1088.953	1189.31	1304.298	1380.82	1482.11	1595.472	1681.293
128.4	0	0	0	0.1464735	1.235315	23.8821	164.9797	461.5321	728.0402	883.2197	992.8976	1090.628	1190.004	1302.661	1380.344	1481.604	1594.578	1679.972
128.5	0	0	0	0.1464735	1.235315	24.01975	164.9797	462.3315	729.3248	883.002	992.4222	1090.242	1190.42	1302.512	1380.344	1480.929	1593.684	1680.538
128.6	0	0	0	0.1464735	1.235315	24.1574	165.6891	463.0421	729.819	882.6755	993.1352	1088.696	1191.531	1301.768	1381.614	1479.24	1591.18	1679.027
128.7	0	0	0	0.1464735	1.235315	24.22623	167.0291	464.4633	730.1154	881.9138	993.8481	1089.34	1190.975	1300.429	1380.82	1480.253	1592.253	1678.839
128.8	0	0	0	0.1464735	1.235315	24.08858	167.5809	465.3516	731.2025	882.7844	993.0164	1089.726	1189.726	1298.494	1382.091	1480.422	1592.79	1677.895
128.9	0	0	0	0.1464735	1.235315	24.1574	167.7385	465.8845	731.3013	882.6755	992.5411	1089.34	1187.644	1298.047	1381.456	1480.084	1590.644	1678.272
129	0	0	0	0.1464735	1.235315	24.1574	168.2903	466.9504	731.6967	882.3491	992.0658	1088.438	1187.366	1298.196	1381.932	1477.383	1589.929	1679.027
129.1	0	0	0	0.1464735	1.235315	24.29505	169.4727	467.4834	732.1907	882.6755	992.8976	1088.052	1187.505	1296.708	1381.456	1478.059	1589.571	1678.272
129.2	0	0	0	0.1464735	1.235315	24.29505	170.4186	467.8387	732.3884	884.0903	992.0658	1088.567	1187.366	1298.345	1380.185	1477.383	1589.035	1677.517
129.3	0	0	0	0.1464735	1.235315	24.29505	170.8915	468.194	732.5861	884.5256	991.5905	1088.052	1187.088	1298.494	1380.026	1477.046	1588.14	1677.139
129.4	0	0	0	0.1464735	1.235315	24.4327	171.5221	469.5263	733.2778	885.1785	991.4717	1088.567	1187.505	1297.899	1381.614	1477.214	1587.962	1678.272
129.5	0	0	0	0.1464735	1.235315	24.57035	172.2315	470.5034	733.4755	884.8521	992.1846	1088.438	1186.255	1299.387	1381.614	1476.877	1589.392	1677.706
129.6	0	0	0	0.1464735	1.235315	24.50152	171.8374	471.3917	734.7602	885.1785	992.4222	1089.855	1187.505	1298.494	1380.82	1475.526	1588.14	1676.95
129.7	0	0	0	0.1464735	1.235315	24.4327	171.8374	472.2799	735.8473	884.5256	992.6599	1090.113	1188.754	1298.345	1380.661	1475.02	1588.14	1677.517
129.8	0	0	0	0.1464735	1.235315	24.63917	172.2315	472.9905	735.7484	884.7432	992.5411	1090.371	1187.921	1299.536	1380.344	1474.682	1585.816	1678.65
129.9	0	0	0	0.1464735	1.235315	24.77682	173.0198	474.5893	736.0449	884.5256	993.7293	1090.499	1187.921	1299.833	1379.232	1475.526	1586.71	1678.272
130	0	0	0	0.1464735	1.235315	24.84565	173.8869	474.5005	736.5391	885.0697	993.6105	1090.371	1186.672	1300.28	1380.185	1473.331	1585.637	1679.216
130.1	0	0	0	0.1464735	1.235315	24.84565	174.9116	475.6552	736.0449	885.7227	994.5611	1090.628	1187.088	1300.726	1379.867	1472.825	1583.491	1678.839
130.2	0	0	0	0.1464735	1.235315	24.84565	174.9116	476.7211	736.9343	885.505	995.7493	1090.499	1187.644	1301.173	1380.82	1473.838	1583.67	1677.706
130.3	0	0	0	0.1464735	1.235315	24.9833	176.0939	477.5205	737.5273	886.3756	995.987	1091.788	1186.949	1302.066	1379.708	1471.306	1583.133	1676.195
130.4	0	0	0	0.1464735	1.294139	25.18977	176.8034	478.6753	737.9226	886.3756	994.7988	1091.401	1187.227	1303.851	1379.232	1470.293	1581.703	1675.818
130.5	0	0	0	0.1464735	1.294139	25.12094	177.434	479.297	738.5155	887.1374	994.7988	1090.628	1188.199	1305.042	1379.391	1468.773	1582.776	1677.517
130.6	0	0	0	0.1464735	1.294139	25.12094	177.5916	479.6523	738.5155	887.5727	994.2047	1091.144	1186.811	1303.851	1377.485	1468.267	1582.418	1678.461
130.7	0	0	0	0.1464735	1.294139	25.39624	177.6704	480.6294	738.2191	888.3344	992.3035	1091.659	1187.921	1303.256	1376.214	1467.929	1580.809	1679.216
130.8	0	0	0	0.1464735	1.294139	25.39624	177.9857	481.0735	737.9226	888.2256	991.7094	1090.242	1187.782	1302.214	1375.42	1469.617	1581.166	1677.706
130.9	0	0	0	0.1464735	1.294139	25.60272	178.774	482.3171	737.5273	888.0079	993.3729	1090.757	1187.088	1302.066	1373.991	1469.955	1582.06	1676.195
131	0	0	0	0.1464735	1.294139	25.67154	179.5622	483.1165	737.8237	886.5933	993.6105	1090.499	1185.561	1301.917	1374.308	1470.124	1581.882	1675.818
131.1	0	0	0	0.1464735	1.352964	25.60272	180.114	483.2053	737.7249	885.9403	995.6306	1091.015	1185.006	1300.429	1373.991	1468.098	1582.418	1673.363
131.2	0	0	0	0.1464735	1.294139	25.67154	180.8234	483.9159	736.8355	886.7021	995.1552	1089.469	1186.811	1298.643	1372.244	1466.916	1581.524	1672.985
131.3	0	0	0	0.1464735	1.294139	25.67154	180.8234	484.2712	737.132	886.9197	996.1058	1088.825	1187.782	1297.154	1370.656	1467.254	1580.093	1672.985
131.4	0	0	0	0.1464735	1.294139	25.74037	180.9022	485.2483	737.9226	886.3756	995.987	1088.825	1186.949	1297.601	1372.879	1464.89	1581.166	1673.552
131.5	0	0	0	0.1464735	1.294139	25.87801	180.9022	485.6924	737.2308	886.7021	993.1352	1089.598	1186.255	1298.643	1371.926	1463.54	1580.451	1674.496
131.6	0	0	0	0.1464735	1.294139	26.15331	181.2964	486.9359	737.8237	886.8109	993.0164	1089.082	1184.451	1299.536	1372.72	1462.864	1581.882	1676.384
131.7	0	0	0	0.1464735	1.294139	26.35979	182.0058	487.4689	737.4285	887.355	993.1352	1088.438	1184.173	1300.726	1372.561	1463.033	1581.345	1677.895
131.8	0	0	0	0.1464735	1.294139	26.22214	183.1882	488.8012	737.9226	887.355	993.967	1087.408	1183.618	1300.28	1373.197	1463.877	1582.06	1680.538
131.9	0	0	0	0.1464735	1.294139	26.49743	182.7152	488.8012	739.3062	886.5933	995.0364	1087.408	1183.895	1299.833	1373.832	1463.708	1582.06	1679.216
132	0	0	0	0.1464735	1.235315	26.84156	183.8187	489.1566	740.7885	886.158	995.5117	1086.635	1184.728	1299.684	1374.944	1465.734	1582.418	1679.216
132.1	0	0	0	0.1464735	1.235315	27.11686	184.0552	489.6007	741.5791	886.0491	994.7988	1086.892	1186.394	1299.089	1375.261	1466.747	1581.345	1679.972
132.2	0	0	0	0.1464735	1.17649	27.18568	185.0799	490.5778	741.7767	885.8315	992.7787	1087.15	1186.672	1298.196	1377.167	1466.916	1581.703	1677.139
132.3	0	0	0	0.1464735	1.17649	27.2545	185.2376	491.2883	741.3815	885.7227	993.1352	1087.536	1187.782	1298.494	1375.42	1467.929	1581.524	1676.762
132.4	0	0	0	0.1464735	1.17649	27.32333	185.947	492.3542	741.3815	885.6138	992.1846	1087.923	1186.394	1298.94	1377.326	1466.578	1582.239	1675.251
132.5	0	0	0	0.1464735	1.17649	27.66745	186.4988	493.0648	742.6661	884.7432	992.0658	1087.279	1187.505	1300.131	1377.485	1465.059	1581.882	1675.629
132.6	0	0	0	0.1464735	1.17649	27.8051	186.7353	493.7754	742.765	885.0697	992.1846	1086.764	1187.088	1299.089	1377.485	1466.41	1582.06	1674.496
132.7	0	0	0	0.1464735	1.17649	27.66745	187.5235	494.5749	742.4685	883.655	992.4222	1087.665	1186.533	1298.196	1378.12	1469.955	1583.133	1673.552
132.8	0	0	0	0.1464735	1.17649	27.87392	187.2082	495.7296	743.3579	884.0903	992.7787	1087.279	1187.366	1298.196	1378.12	1468.604	1583.491	1673.929
132.9	0	0	0	0.1464735	1.17649	27.73628	188.1541	497.0619	743.5556	884.5256	992.7787	1088.309	1188.338	1298.345	1377.803	1468.436	1583.849	1672.796
133	0	0	0	0.1464735	1.17649	27.73628	189.5729	499.3714	744.6426	885.6138	992.1846	1088.181	1187.782	1297.303	1377.485	1470.124	1584.385	1672.419
133.1	0	0	0	0.1464735	1.17649	27.73628	189.4941	501.059	744.9391	885.9403	991.7094	1088.953	1188.06	1295.964	1377.167	1469.111	1586.352	1672.985
133.2	0	0	0	0.1464735	1.17649	27.8051	189.7306	502.3914	745.532	884.9609	992.8976	1090.371	1187.782	1295.815	1376.056	1470.799	1587.783	1672.607
133.3	0	0	0	0.1464735	1.17649	27.87392	190.2035	503.1908	746.0262	884.7432	991.1152	1090.886	1190.142	1294.178	1375.897	1470.968	1587.425	1671.097
133.4	0	0	0	0.1464735	1.17649	27.66745	190.2035	503.9902	747.1133	885.1785	991.3528	1088.825	1190.142	1294.922	1376.056	1471.643	1587.604	1672.23
133.5	0	0	0	0.1464735	1.17649	27.73628	190.44	504.8785	747.0145	883.4373	991.234	1089.211	1190.004	1295.964	1376.532	1471.137	1586.531	1673.363
133.6	0	0	0	0.1464735	1.235315	27.94275	191.1494	505.5003	747.6074	883.1108	990.7587	1088.309	1190.004	1296.41	1375.897	1471.643	1586.531	1674.307
133.7	0	0	0	0.1464735	1.294139	28.0804	192.0953	505.7667	748.1015	882.2403	990.8776	1087.279	1189.726	1296.41	1375.738	1471.137	1586.173	1674.873
133.8	0	0	0	0.1464735	1.294139	28.01157	192.1741	506.4773	749.3862	883.4373	990.9964	1087.021	1188.615	1295.22	1374.785	1471.306	1586.531	1674.873
133.9	0	0	0	0.1464735	1.294139	28.0804	192.3318	507.2768	749.9792	883.7638	990.8776	1086.635	1189.31	1294.624	1375.103	1470.968	1585.816	1675.251
134	0	0	0	0.1464735	1.294139	28.0804	193.0412	508.4315	749.6827	883.5461	991.234	1085.604	1189.865	1294.624	1375.261	1471.643	1584.385	1676.762
134.1	0	0	0	0.1464735	1.294139	28.14922	193.3565	509.1421	750.078	883.1108	990.5211	1085.991	1189.865	1294.624	1373.832	1473.5	1584.027	1676.762
134.2	0	0	0	0.1464735	1.294139	28.21805	193.7506	510.5633	750.3745	883.5461	989.8081	1085.604	1189.31	1292.094	1373.991	1475.357	1584.385	1678.65
134.3	0	0	0	0.1464735	1.294139	28.01157	194.5389	510.9185	749.485	882.7844	989.9269	1084.187	1188.199	1292.69	1371.767	1475.864	1583.849	1677.706
134.4	0	0	0	0.1464735	1.294139	28.21805	194.8542	512.3397	750.078	883.655	991.234	1085.218	1188.199	1291.797	1371.767	1475.695	1582.418	1677.706
134.5	0	0	0	0.1464735	1.294139	28.28687	195.4059	512.8727	750.078	883.5461	991.3528	1085.475	1187.505	1291.797	1372.879	1476.201	1581.345	1675.629
134.6	0	0	0	0.1464735	1.294139	28.28687	196.1154	512.6062	750.4733	884.4167	991.5905	1084.445	1188.338	1292.392	1371.767	1477.721	1581.524	1676.573
134.7	0	0	0	0.1464735	1.294139	28.21805	196.6671	512.9615	750.5721	886.7021	991.5905	1084.702	1187.921	1292.839	1371.45	1477.046	1581.882	1676.573
134.8	0	0	0	0.1464735	1.235315	28.42452	197.0613	514.6492	751.165	885.8315	991.3528	1085.089	1188.477	1293.285	1372.561	1475.864	1582.418	1675.251
134.9	0	0	0	0.1464735	1.235315	28.63099	197.3766	514.6492	751.165	886.2668	992.0658	1082.899	1188.754	1294.922	1372.72	1474.682	1583.312	1673.74
135	0	0	0	0.1464735	1.235315	28.76864	197.8495	515.2709	751.6592	886.2668	990.6399	1082.77	1189.726	1294.773	1372.403	1474.344	1581.882	1672.041
135.1	0	0	0	0.1464735	1.235315	29.04394	197.9283	515.8927	751.9557	886.4844	990.6399	1083.285	1189.865	1295.815	1371.767	1474.682	1581.703	1672.985
135.2	0	0	0	0.1464735	1.235315	29.11277	198.7954	515.9816	752.9439	886.0491	990.9964	1084.187	1188.615	1294.773	1373.832	1473.331	1580.809	1672.419
135.3	0	0	0	0.1464735	1.235315	29.25041	198.953	516.0704	753.8333	886.8109	989.0952	1083.285	1189.032	1295.22	1374.467	1471.981	1580.63	1672.041
135.4	0	0	0	0.1464735	1.235315	29.38806	199.7413	516.5145	754.5251	885.7227	989.3328	1083.028	1188.477	1293.285	1373.991	1470.968	1581.166	1668.831
135.5	0	0	0	0.1464735	1.235315	29.31924	200.4507	516.8698	753.7345	886.2668	990.0458	1083.543	1188.06	1292.69	1372.72	1471.643	1580.093	1667.32
135.6	0	0	0	0.1464735	1.235315	29.25041	200.2931	518.0245	753.9321	886.2668	989.6893	1084.187	1187.366	1293.136	1371.45	1472.656	1578.842	1666.754
135.7	0	0	0	0.1464735	1.235315	29.38806	200.6872	519.2681	752.4498	886.5933	990.1646	1083.801	1185.978	1293.583	1370.338	1472.825	1577.232	1665.81
135.8	0	0	0	0.1464735	1.235315	29.45689	201.0025	520.3339	751.8568	886.7021	990.4023	1083.285	1187.366	1293.731	1370.814	1471.643	1578.663	1665.243
135.9	0	0	0	0.1464735	1.235315	29.80101	202.0272	521.1334	751.758	886.4844	989.4517	1083.801	1185.422	1293.434	1370.02	1470.799	1577.947	1665.999
136	0	0	0	0.1464735	1.235315	29.73219	202.1849	523.354	751.5604	886.2668	988.9764	1084.96	1184.173	1293.88	1370.814	1471.306	1577.769	1664.866
136.1	0	0	0	0.1464735	1.235315	30.00748	202.1849	524.2422	750.671	886.9197	989.9269	1085.733	1184.312	1293.434	1371.926	1471.137	1578.126	1664.866
136.2	0	0	0	0.1464735	1.235315	30.00748	202.8155	524.3311	750.671	888.1168	990.2834	1086.119	1183.618	1293.434	1371.767	1472.15	1577.053	1664.677
136.3	0	0	0	0.1464735	1.235315	30.07631	203.2884	525.8411	752.5486	888.3344	989.0952	1085.604	1184.589	1292.839	1369.544	1471.474	1577.947	1665.054
136.4	0	0	0	0.1464735	1.294139	30.07631	203.0519	526.1964	752.7463	888.2256	989.5705	1086.119	1184.728	1293.731	1370.656	1470.124	1578.126	1664.866
136.5	0	0	0	0.1464735	1.294139	30.28278	203.8402	526.8181	752.2521	887.5727	990.5211	1086.635	1185.561	1293.731	1370.814	1468.942	1579.378	1663.733
136.6	0	0	0	0.1464735	1.294139	30.69573	203.6825	527.7064	752.351	885.9403	990.1646	1087.15	1186.255	1293.88	1371.291	1468.436	1578.663	1662.977
136.7	0	0	0	0.1464735	1.294139	30.9022	204.9437	527.6176	753.7345	885.6138	989.4517	1085.862	1185.839	1292.839	1371.608	1467.254	1579.378	1662.789
136.8	0	0	0	0.1464735	1.294139	30.83338	205.6531	528.5058	753.1415	885.8315	990.0458	1085.733	1184.173	1292.094	1370.338	1465.903	1579.557	1664.299
136.9	0	0	0	0.1464735	1.294139	30.62691	205.8108	529.1276	754.2286	885.505	988.6199	1085.604	1184.589	1290.011	1370.814	1467.929	1576.159	1663.922
137	0	0	0	0.1464735	1.235315	30.76455	206.1261	529.4828	754.6239	885.8315	987.6693	1085.991	1185.006	1291.499	1370.02	1467.423	1577.411	1667.32
137.1	0	0	0	0.1464735	1.235315	30.9022	206.4414	530.46	754.3275	885.6138	987.194	1085.862	1184.867	1290.606	1371.767	1468.436	1576.875	1668.076
137.2	0	0	0	0.1464735	1.235315	30.76455	207.4661	531.437	754.2286	886.158	986.3622	1085.475	1184.728	1290.308	1370.338	1466.241	1576.338	1666.943
137.3	0	0	0	0.1464735	1.235315	30.76455	207.7026	531.8812	754.9204	887.0286	985.174	1085.475	1184.589	1290.308	1371.926	1465.734	1576.159	1667.32
137.4	0	0	0	0.1464735	1.235315	30.83338	208.3332	531.8812	754.2286	886.5933	985.2928	1084.316	1185.145	1290.011	1371.926	1465.734	1574.729	1667.509
137.5	0	0	0	0.1464735	1.17649	31.10868	208.7273	532.2365	754.2286	885.8315	985.5305	1083.801	1185.422	1290.457	1372.085	1466.747	1575.802	1667.509
137.6	0	0	0	0.1464735	1.17649	30.97103	209.0426	532.8582	753.9321	885.0697	986.1246	1083.414	1186.255	1290.308	1371.926	1467.76	1577.053	1669.02
137.7	0	0	0	0.1464735	1.17649	31.03985	209.4367	532.947	753.2404	884.9609	986.3622	1084.702	1186.672	1291.946	1370.179	1468.436	1574.55	1668.642
137.8	0	0	0	0.1464735	1.235315	30.97103	210.1461	533.1247	753.8333	885.2874	988.0258	1085.733	1186.117	1294.029	1370.973	1467.929	1573.834	1668.076
137.9	0	0	0	0.1464735	1.235315	31.31515	211.565	533.2135	755.3157	885.2874	987.9069	1085.862	1185.978	1294.327	1370.02	1467.254	1573.656	1667.32
138	0	0	0	0.1464735	1.235315	31.59045	211.8015	534.1906	755.3157	884.4167	987.4316	1084.831	1185.7	1294.922	1370.656	1467.085	1572.761	1667.32
138.1	0	0	0	0.1464735	1.235315	31.65927	211.8803	535.0788	756.1063	883.5461	987.9069	1083.929	1186.117	1295.815	1371.767	1467.591	1570.973	1669.02
138.2	0	0	0	0.1464735	1.235315	31.59045	212.2744	535.6118	755.4145	884.0903	987.5505	1084.316	1185.145	1294.922	1370.338	1465.903	1569.364	1670.719
138.3	0	0	0	0.1464735	1.235315	31.86575	213.1415	535.8782	756.2051	883.2197	988.2634	1085.218	1185.422	1295.517	1369.226	1466.241	1571.152	1669.02
138.4	0	0	0	0.1464735	1.235315	31.93457	213.1415	536.2335	756.6992	883.5461	988.3823	1084.96	1186.533	1295.22	1369.226	1466.241	1571.331	1669.586
138.5	0	0	0	0.1464735	1.235315	31.86575	214.0874	536.8553	757.7863	882.5667	987.7881	1085.218	1186.255	1294.773	1368.908	1466.916	1570.079	1670.342
138.6	0	0	0	0.1464735	1.235315	31.93457	214.5603	537.9212	757.391	882.4579	986.1246	1086.248	1185.839	1294.476	1368.908	1466.578	1570.079	1670.53
138.7	0	0	0	0.1464735	1.235315	31.86575	214.8756	537.8324	757.9839	882.2403	985.7681	1086.506	1185.561	1293.583	1367.638	1464.046	1571.152	1670.908
138.8	0	0	0	0.1464735	1.235315	31.93457	214.8756	538.8983	759.5651	880.7167	985.5305	1085.346	1182.646	1294.624	1367.161	1463.708	1570.616	1669.209
138.9	0	0	0	0.1464735	1.235315	31.79692	215.1121	539.1647	759.4663	882.3491	984.8175	1086.119	1183.062	1295.517	1366.526	1462.864	1570.616	1667.32
139	0	0	0	0.1464735	1.235315	32.0034	215.5062	540.1418	758.6757	883.655	985.0552	1084.831	1184.312	1295.071	1365.732	1459.15	1569.006	1664.677
139.1	0	0	0	0.1464735	1.235315	31.93457	215.9791	541.1189	758.8734	883.2197	987.194	1084.702	1185.561	1294.029	1366.208	1459.319	1569.006	1664.677
139.2	0	0	0	0.1464735	1.235315	32.0034	215.9003	541.9183	758.3793	882.3491	986.7187	1086.248	1185.284	1291.499	1366.685	1457.968	1569.364	1664.11
139.3	0	0	0	0.1464735	1.235315	32.07222	216.2156	541.0301	758.6757	881.2609	986.0057	1086.764	1185.978	1291.201	1366.844	1458.137	1569.006	1664.488
139.4	0	0	0	0.1464735	1.235315	32.34752	216.925	541.6519	758.2805	881.9138	985.8869	1087.15	1185.978	1291.201	1367.003	1456.618	1567.039	1660.9
139.5	0	0	0	0.1464735	1.235315	32.27869	217.5556	542.0071	758.7745	881.2609	985.6493	1086.892	1184.034	1291.35	1366.05	1456.449	1568.291	1661.844
139.6	0	0	0	0.1464735	1.235315	32.48517	217.7133	541.9183	758.8734	882.6755	985.4116	1085.991	1183.479	1291.648	1365.414	1456.618	1567.576	1659.39
139.7	0	0	0	0.1464735	1.235315	32.41634	218.1074	542.0959	758.6757	881.3697	984.6987	1086.377	1183.062	1290.904	1365.732	1457.631	1569.006	1660.523
139.8	0	0	0	0.1464735	1.235315	32.34752	218.4227	542.5401	759.3675	881.805	985.5305	1086.892	1181.674	1288.671	1364.779	1459.488	1569.006	1659.579
139.9	0	0	0	0.1464735	1.235315	32.41634	218.3439	543.5172	758.8734	881.4785	985.8869	1088.181	1182.507	1288.82	1366.208	1458.813	1569.185	1660.9
140	0	0	0	0.1464735	1.235315	32.62281	218.4227	543.3395	760.0593	881.152	985.4116	1088.052	1181.535	1288.671	1365.414	1458.137	1569.364	1660.712
140.1	0	0	0	0.1464735	1.235315	32.76046	218.2651	544.1389	761.1464	883.002	986.2434	1087.923	1180.98	1290.755	1365.732	1460.163	1567.933	1660.523
140.2	0	0	0	0.1464735	1.235315	32.96694	218.5804	544.9384	761.4428	883.8726	986.5999	1086.248	1180.702	1290.904	1363.032	1458.981	1564.357	1659.012
140.3	0	0	0	0.1464735	1.235315	33.03576	218.8956	545.5601	761.6404	885.505	986.481	1084.831	1182.646	1291.648	1363.032	1458.137	1565.251	1659.956
140.4	0	0	0	0.1464735	1.235315	33.17341	219.2898	546.0931	762.431	885.7227	986.8375	1084.702	1182.785	1291.201	1362.714	1457.293	1565.966	1658.823
140.5	0	0	0	0.1464735	1.294139	33.10459	219.9992	546.3596	762.2334	885.6138	986.1246	1084.96	1182.507	1290.606	1363.508	1455.267	1565.787	1659.012
140.6	0	0	0	0.1464735	1.294139	33.03576	219.6839	546.1819	762.2334	886.0491	987.3128	1084.96	1182.368	1291.053	1363.508	1455.098	1567.754	1657.69
140.7	0	0	0	0.1464735	1.294139	32.89811	220.3145	546.7148	762.2334	884.7432	987.0752	1085.733	1182.785	1290.606	1364.144	1454.592	1566.682	1657.313
140.8	0	0	0	0.1464735	1.294139	33.17341	220.7874	546.5372	762.9252	884.7432	986.9564	1086.506	1183.201	1290.011	1365.573	1454.423	1568.649	1657.69
140.9	0	0	0	0.1464735	1.294139	33.44871	221.891	546.5372	762.431	884.5256	987.7881	1086.764	1182.646	1289.713	1365.414	1454.085	1567.039	1659.767
141	0	0	0	0.1464735	1.294139	33.58636	222.9945	546.5372	762.9252	884.6344	987.9069	1086.635	1182.368	1290.011	1364.779	1452.735	1565.609	1659.39
141.1	0	0	0	0.1464735	1.352964	33.51753	223.7039	546.8036	763.024	884.1991	987.9069	1086.248	1183.201	1288.374	1363.826	1452.735	1564.536	1659.579
141.2	0	0	0	0.1464735	1.352964	33.86166	223.9404	547.6919	763.3205	883.655	986.7187	1084.058	1181.396	1289.118	1363.667	1454.592	1563.641	1660.145
141.3	0	0	0	0.1464735	1.352964	34.06813	223.7828	547.6031	763.8146	884.7432	985.8869	1084.445	1181.813	1288.82	1363.826	1455.267	1565.251	1660.9
141.4	0	0	0	0.1464735	1.352964	34.2746	223.3098	547.7807	764.0123	884.7432	986.9564	1085.089	1179.87	1287.927	1363.191	1454.761	1564.357	1659.39
141.5	0	0	0	0.1464735	1.352964	34.34343	223.7039	548.3137	764.8029	884.3079	985.5305	1083.156	1178.481	1286.885	1365.255	1454.423	1564.357	1657.879
141.6	0	0	0	0.1464735	1.352964	34.2746	223.9404	548.136	765.6923	884.1991	985.2928	1084.316	1177.509	1287.63	1365.255	1455.267	1565.43	1659.956
141.7	0	0	0	0.1464735	1.352964	34.41225	224.2557	548.8466	766.384	882.3491	985.5305	1084.445	1177.787	1288.225	1365.732	1455.943	1565.43	1658.446
141.8	0	0	0	0.1464735	1.352964	34.34343	224.8863	550.0013	765.4946	882.6755	985.0552	1084.316	1177.093	1289.862	1364.779	1456.449	1566.682	1659.956
141.9	0	0	0	0.1464735	1.352964	34.41225	225.4381	548.8466	766.1864	881.9138	985.4116	1084.187	1177.787	1290.308	1364.144	1455.267	1565.609	1661.656
142	0	0	0	0.1464735	1.352964	34.2746	226.0687	549.2019	766.8782	883.2197	984.9363	1084.702	1179.036	1289.713	1364.302	1454.423	1566.86	1662.033
142.1	0	0	0	0.1464735	1.352964	34.5499	226.6993	549.2019	767.3723	883.9814	983.9857	1082.899	1178.62	1290.011	1364.62	1454.592	1567.218	1663.544
142.2	0	0	0	0.1464735	1.352964	34.61872	226.6993	548.8466	767.1746	884.1991	984.461	1082.384	1177.787	1290.16	1364.144	1453.748	1568.827	1660.9
142.3	0	0	0	0.1464735	1.411788	34.68755	227.1722	549.5572	767.0758	885.6138	984.9363	1082.641	1179.036	1291.053	1365.732	1454.254	1568.649	1659.767
142.4	0	0	0	0.1464735	1.411788	34.5499	227.4087	549.8237	767.0758	885.1785	984.9363	1083.543	1178.62	1289.862	1365.414	1453.748	1566.682	1659.39
142.5	0	0	0	0.1464735	1.411788	34.68755	227.3299	550.2678	767.5699	883.7638	984.461	1083.672	1178.62	1291.35	1363.985	1454.423	1566.503	1658.257
142.6	0	0	0	0.1464735	1.411788	34.8252	227.9605	550.7119	767.7676	883.002	983.0352	1082.899	1178.204	1291.946	1364.461	1454.423	1566.503	1658.823
142.7	0	0	0	0.1464735	1.470613	35.03167	228.7487	550.9784	768.5582	882.7844	981.9657	1082.641	1177.093	1291.797	1364.62	1454.93	1566.145	1658.823
142.8	0	0	0	0.1464735	1.529437	35.1005	228.9064	550.8896	768.657	882.7844	981.7281	1082.126	1176.121	1290.904	1366.367	1454.93	1564.536	1659.956
142.9	0	0	0	0.1464735	1.529437	34.89402	229.064	551.6002	768.9535	882.8932	981.9657	1083.414	1176.815	1291.499	1366.685	1455.943	1564.178	1658.823
143	0	0	0	0.1464735	1.529437	34.96285	229.3005	552.4884	769.1511	881.9138	982.0845	1083.672	1175.288	1290.904	1365.891	1457.293	1563.999	1658.257
143.1	0	0	0	0.1464735	1.529437	35.03167	229.9311	552.3996	768.5582	881.6962	981.0151	1083.929	1175.427	1290.16	1365.732	1458.137	1563.82	1658.634
143.2	0	0	0	0.1464735	1.529437	35.16932	230.7193	553.8208	768.4594	882.3491	981.9657	1082.899	1175.011	1291.499	1367.003	1457.631	1563.999	1658.446
143.3	0	0	0	0.1464735	1.529437	35.30697	230.877	554.8867	768.7558	882.4579	980.8963	1083.801	1175.149	1291.053	1366.526	1457.631	1563.284	1655.991
143.4	0	0	0	0.1464735	1.529437	35.44462	231.744	555.9526	767.4711	882.6755	982.3222	1082.641	1172.928	1291.201	1365.414	1458.306	1564.536	1657.69
143.5	0	0	0	0.1464735	1.529437	35.58227	232.1382	556.5743	766.2852	882.8932	981.3716	1082.255	1172.789	1291.35	1364.779	1456.28	1562.926	1658.634
143.6	0	0	0	0.1464735	1.588262	35.71992	233.0052	556.2191	765.9888	882.5667	981.0151	1082.77	1172.095	1292.69	1364.302	1454.592	1564.357	1658.634
143.7	0	0	0	0.1464735	1.647086	35.85757	233.3994	556.3079	765.0993	881.9138	981.2527	1080.709	1172.373	1292.987	1364.779	1454.423	1563.463	1655.802
143.8	0	0	0	0.1464735	1.647086	35.92639	234.1088	556.2191	765.297	881.5873	980.0645	1080.709	1172.095	1293.136	1364.779	1452.904	1562.747	1655.424
143.9	0	0	0	0.1464735	1.647086	35.92639	234.03	557.1961	764.704	881.2609	980.3022	1081.095	1171.54	1292.987	1364.302	1452.904	1562.747	1655.424
144	0	0	0	0.1464735	1.647086	36.06404	234.4241	556.8408	764.8029	880.3903	980.7775	1080.58	1172.512	1292.69	1363.508	1453.241	1562.032	1654.48
144.1	0	0	0	0.1464735	1.647086	36.20169	234.8182	556.752	765.0005	880.9344	981.9657	1080.709	1172.651	1291.35	1362.873	1452.904	1562.926	1653.347
144.2	0	0	0	0.1464735	1.647086	36.13287	235.37	556.8408	764.4075	881.9138	981.7281	1081.611	1172.651	1290.606	1363.35	1452.735	1563.284	1652.214
144.3	0	0	0	0.1464735	1.647086	36.13287	235.7641	557.1961	763.8146	881.2609	981.7281	1082.512	1172.373	1290.308	1363.032	1453.748	1562.568	1651.648
144.4	0	0	0	0.1464735	1.647086	36.13287	236.0006	557.4626	764.6052	881.152	981.2527	1081.997	1172.373	1290.904	1360.65	1454.423	1562.926	1649.948
144.5	0	0	0	0.1464735	1.647086	36.40816	237.1041	558.4396	765.1981	879.7373	982.6786	1082.512	1173.761	1290.904	1360.808	1454.761	1563.105	1649.948
144.6	0	0	0	0.1464735	1.647086	36.54581	237.3406	558.9726	766.5817	879.8461	982.6786	1082.512	1171.679	1290.16	1362.238	1454.423	1562.747	1649.76
144.7	0	0	0	0.09764901	1.705911	36.82111	237.6559	559.9497	765.8899	879.6285	982.2034	1081.482	1170.985	1290.308	1362.714	1455.267	1562.568	1646.927
144.8	0	0	0	0.09764901	1.705911	36.88993	237.9712	560.4826	765.4946	879.302	982.441	1080.709	1170.568	1289.713	1362.397	1456.28	1562.926	1647.116
144.9	0	0	0	0.09764901	1.705911	36.95876	238.2077	559.772	765.3958	878.4314	980.7775	1081.224	1171.124	1288.523	1360.967	1456.28	1562.211	1647.683
145	0	0	0	0.09764901	1.705911	37.16523	238.3653	559.8608	764.704	878.8667	980.1833	1080.966	1170.985	1288.225	1361.126	1457.462	1562.032	1648.438
145.1	0	0	0	0.09764901	1.705911	37.16523	238.8383	560.3938	764.9017	878.4314	980.8963	1080.451	1170.013	1288.076	1361.285	1454.254	1563.105	1648.438
145.2	0	0	0	0.09764901	1.705911	37.30288	238.9959	560.0385	765.0993	878.3226	980.1833	1080.065	1169.874	1287.778	1358.267	1454.423	1561.317	1650.515
145.3	0	0	0	0.09764901	1.705911	37.16523	239.39	560.2162	766.0876	877.9961	979.7081	1078.905	1168.902	1287.778	1358.267	1454.93	1560.423	1649.004
145.4	0	0	0	0.09764901	1.647086	37.37171	239.1535	560.838	765.5934	877.8873	980.5398	1079.936	1169.735	1287.778	1358.267	1456.955	1558.813	1649.948
145.5	0	0	0	0.09764901	1.647086	37.50935	239.39	560.838	765.7911	877.3431	981.4904	1080.065	1170.707	1287.778	1358.267	1457.124	1557.74	1651.081
145.6	0	0	0	0.09764901	1.647086	37.30288	239.2324	559.9497	765.4946	877.2343	980.1833	1079.163	1171.124	1287.63	1358.744	1458.306	1557.204	1652.214
145.7	0	0	0	0.09764901	1.705911	37.44053	239.3112	559.9497	765.9888	877.452	979.7081	1078.132	1171.124	1287.778	1358.585	1456.28	1557.74	1650.326
145.8	0	0	0	0.09764901	1.705911	37.57818	239.5477	559.9497	765.1981	877.7784	979.8268	1078.776	1169.319	1288.523	1359.538	1456.28	1558.277	1649.571
145.9	0	0	0	0.09764901	1.705911	37.44053	239.1535	560.4826	764.9017	877.1255	979.8268	1078.905	1170.152	1289.267	1360.332	1454.93	1557.204	1648.627
146	0	0	0	0.09764901	1.705911	37.50935	239.7841	560.1273	764.5063	876.4726	980.5398	1077.359	1171.818	1287.778	1359.855	1453.748	1556.667	1648.816
146.1	0	0	0	0.09764901	1.705911	37.57818	241.0453	561.3708	763.7158	874.8402	980.7775	1078.261	1171.679	1288.225	1359.855	1454.761	1555.594	1648.816
146.2	0	0	0	0.09764901	1.705911	37.37171	240.4147	560.4826	763.4193	874.949	980.5398	1076.973	1171.956	1287.034	1359.061	1454.423	1556.131	1648.816
146.3	0	0	0	0.09764901	1.705911	37.30288	240.8877	560.9268	763.6169	875.7108	980.0645	1077.102	1171.54	1286.29	1359.061	1453.917	1555.773	1649.948
146.4	0	0	0	0.09764901	1.705911	37.23406	241.2818	561.7262	764.1111	875.8196	979.8268	1076.715	1170.846	1286.737	1357.791	1454.592	1556.31	1650.515
146.5	0	0	0	0.09764901	1.705911	37.30288	241.9124	561.9038	763.6169	875.3843	978.9951	1076.586	1170.429	1285.844	1357.155	1452.904	1557.383	1649.76
146.6	0	0	0	0.09764901	1.705911	37.44053	242.2277	562.6144	764.0123	875.602	978.6386	1076.973	1171.262	1287.183	1356.361	1452.735	1557.383	1650.704
146.7	0	0	0	0.09764901	1.647086	37.44053	241.5971	562.5256	764.6052	875.7108	978.6386	1076.586	1170.429	1286.29	1356.361	1453.579	1560.244	1650.893
146.8	0	0	0	0.09764901	1.647086	37.37171	241.3606	561.815	764.3087	876.799	978.1633	1076.2	1169.041	1287.183	1355.25	1454.423	1562.39	1649.948
146.9	0	0	0	0.09764901	1.647086	37.16523	241.7548	560.838	764.5063	876.5814	978.0445	1075.427	1168.069	1285.844	1356.044	1455.436	1562.568	1650.704
147	0	0	0	0.09764901	1.647086	37.09641	242.3854	561.4597	764.0123	876.2549	977.5692	1075.169	1169.874	1284.802	1355.25	1453.917	1561.853	1650.137
147.1	0	0	0	0.09764901	1.647086	37.09641	241.9912	562.348	763.7158	875.9285	977.8069	1074.396	1168.347	1284.951	1355.885	1452.06	1560.423	1649.76
147.2	0	0	0	0.09764901	1.647086	37.09641	242.0701	561.815	763.8146	876.0373	978.0445	1073.752	1166.542	1284.951	1356.838	1451.215	1561.853	1648.249
147.3	0	0	0	0.09764901	1.647086	37.02758	241.9912	562.2591	763.6169	876.0373	977.5692	1074.912	1165.293	1282.272	1358.585	1452.397	1560.423	1649.004
147.4	0	0	0	0.09764901	1.647086	36.95876	241.9124	562.9697	763.9135	876.0373	977.2127	1075.685	1165.571	1281.677	1358.585	1452.904	1560.065	1649.948
147.5	0	0	0	0.09764901	1.647086	37.09641	241.7548	564.0356	763.9135	876.799	977.2127	1074.783	1166.126	1280.932	1360.173	1451.722	1560.065	1649.004
147.6	0	0	0	0.09764901	1.588262	37.37171	242.4642	564.3909	764.3087	876.3638	976.4998	1074.268	1166.681	1280.932	1359.22	1450.878	1558.813	1648.06
147.7	0	0	0	0.09764901	1.588262	37.23406	242.8583	563.9468	763.8146	876.9078	977.0939	1072.722	1165.571	1281.974	1358.902	1450.709	1558.277	1645.983
147.8	0	0	0	0.09764901	1.588262	37.44053	243.1736	564.835	764.3087	877.8873	975.9056	1071.949	1165.987	1282.57	1359.855	1449.865	1558.813	1646.739
147.9	0	0	0	0.09764901	1.529437	37.71583	243.5677	564.7462	764.0123	876.3638	976.9751	1071.691	1165.987	1282.272	1359.22	1449.696	1557.383	1646.927
148	0	0	0	0.09764901	1.529437	37.71583	243.4101	564.6574	764.9017	876.4726	976.7374	1071.176	1163.766	1282.867	1359.538	1450.034	1554.7	1647.494
148.1	0	0	0	0.09764901	1.529437	37.71583	243.3313	565.2792	765.1981	876.2549	975.5492	1070.403	1162.794	1282.421	1358.744	1449.696	1557.383	1646.739
148.2	0	0	0	0.09764901	1.529437	37.9223	243.6465	565.1903	764.5063	876.0373	975.1927	1068.986	1164.182	1281.974	1357.632	1450.709	1558.634	1646.927
148.3	0	0	0	0.09764901	1.529437	38.05995	243.6465	565.1903	764.704	876.4726	975.5492	1069.115	1161.822	1282.123	1356.202	1451.553	1556.846	1645.983
148.4	0	0	0	0.09764901	1.588262	38.12878	244.2771	564.9238	763.9135	876.3638	975.9056	1069.63	1160.85	1282.272	1357.314	1450.878	1557.025	1645.606
148.5	0	0	0	0.09764901	1.705911	38.26643	244.9077	564.9238	763.6169	876.9078	975.5492	1068.986	1160.573	1281.379	1357.314	1449.696	1555.773	1647.494
148.6	0	0	0	0.09764901	1.647086	38.26643	245.3019	565.2792	763.6169	877.2343	974.361	1069.115	1160.989	1281.528	1358.108	1450.709	1555.416	1649.193
148.7	0	0	0	0.09764901	1.705911	38.33525	245.8536	564.6574	762.7275	876.6902	973.7668	1070.274	1160.156	1282.123	1358.267	1451.215	1555.952	1649.76
148.8	0	0	0	0.09764901	1.647086	38.26643	246.4842	565.0127	761.8381	876.1461	973.5292	1071.949	1159.462	1282.57	1359.061	1451.215	1555.237	1650.137
148.9	0	0	0	0.09764901	1.647086	38.05995	246.9572	564.835	761.2452	877.1255	975.1927	1072.979	1160.434	1282.421	1361.285	1452.566	1554.521	1650.137
149	0	0	0	0.09764901	1.647086	38.12878	246.6419	565.368	760.9487	876.6902	974.8362	1072.593	1160.85	1281.974	1361.444	1452.904	1553.091	1650.326
149.1	0	0	0	0.09764901	1.647086	38.12878	246.9572	566.0786	761.344	875.7108	973.8856	1073.108	1159.601	1281.528	1360.967	1451.047	1554.521	1653.159
149.2	0	0	0	0.09764901	1.647086	38.12878	246.6419	566.1674	760.8499	875.7108	974.9551	1072.722	1160.018	1281.677	1360.491	1449.358	1554.879	1652.592
149.3	0	0	0	0.09764901	1.647086	38.05995	246.6419	565.9009	760.8499	875.3843	974.0045	1072.078	1161.267	1281.528	1360.173	1449.358	1555.952	1653.914
149.4	0	0	0	0.09764901	1.647086	38.05995	247.1148	566.1674	760.5534	874.4049	974.8362	1071.691	1160.712	1281.528	1361.603	1449.19	1556.31	1652.97
149.5	0	0	0	0.09764901	1.647086	38.05995	247.7454	565.9897	760.2569	875.1667	975.3115	1071.82	1160.156	1281.677	1361.126	1449.865	1555.416	1651.648
149.6	0	0	0	0.09764901	1.588262	38.05995	247.9031	565.7233	760.8499	874.949	975.7869	1071.691	1159.462	1281.825	1360.491	1448.683	1553.806	1652.214
149.7	0	0	0	0.09764901	1.588262	37.99113	247.5878	566.1674	760.9487	873.8608	975.1927	1071.691	1160.434	1281.081	1358.426	1449.358	1554.521	1649.76
149.8	0	0	0	0.09764901	1.588262	37.9223	248.376	566.6115	759.9604	875.0579	974.2421	1071.305	1159.323	1280.635	1358.744	1446.657	1555.773	1651.837
149.9	0	0	0	0.09764901	1.588262	38.05995	248.6125	566.9668	759.8616	875.0579	974.2421	1071.562	1159.046	1280.932	1358.267	1447.164	1556.667	1650.704
150	0	0	0	0.09764901	1.647086	38.12878	248.849	566.7003	758.9722	874.4049	973.7668	1070.918	1159.879	1281.528	1357.155	1445.644	1555.416	1647.683
150.1	0	0	0	0.09764901	1.647086	38.12878	249.0854	566.4339	759.2687	873.5343	974.1233	1070.661	1159.185	1280.635	1356.202	1445.307	1555.594	1648.249
150.2	0	0	0	0.09764901	1.647086	37.99113	249.5584	566.6115	759.4663	872.5549	975.668	1070.661	1160.573	1280.337	1356.044	1445.982	1554.343	1648.249
150.3	0	0	0	0.09764901	1.647086	38.26643	250.0313	567.4998	759.7628	872.446	976.1433	1070.274	1159.185	1280.337	1355.091	1444.125	1553.806	1646.927
150.4	0	0	0	0.09764901	1.647086	38.12878	250.5043	567.4109	759.664	872.1196	976.0245	1069.243	1159.601	1280.337	1355.091	1444.463	1555.237	1647.871
150.5	0	0	0	0.09764901	1.647086	38.12878	250.3466	569.0098	759.2687	872.0107	975.3115	1069.888	1160.434	1280.188	1354.138	1444.294	1555.594	1646.55
150.6	0	0	0	0.09764901	1.647086	38.05995	250.6619	569.9869	759.3675	871.9019	976.6186	1069.372	1159.462	1280.337	1354.932	1443.956	1555.237	1645.983
150.7	0	0	0	0.09764901	1.647086	37.9223	250.9772	569.2762	758.6757	870.3784	975.4304	1069.759	1161.406	1278.7	1355.726	1442.774	1553.985	1643.34
150.8	0	0	0	0.09764901	1.647086	37.71583	251.2925	569.0986	759.664	870.5961	974.361	1068.986	1159.879	1278.998	1356.044	1444.8	1555.058	1644.095
150.9	0	0	0	0.09764901	1.588262	37.647	251.6866	570.0757	759.664	870.3784	974.2421	1070.274	1160.156	1280.04	1357.155	1444.8	1555.237	1642.584
151	0	0	0	0.09764901	1.647086	37.71583	251.7655	570.5198	759.2687	870.0519	973.2915	1071.562	1160.434	1278.7	1357.791	1445.813	1555.773	1642.207
151.1	0	0	0	0.09764901	1.705911	37.647	251.9231	570.8751	759.664	869.399	971.5092	1072.206	1160.295	1278.105	1357.314	1446.32	1555.594	1641.263
151.2	0	0	0	0.09764901	1.705911	37.57818	251.9231	571.1415	758.9722	870.1608	972.5786	1072.078	1159.462	1276.914	1357.314	1444.125	1554.879	1639.941
151.3	0	0	0	0.09764901	1.705911	37.50935	251.9231	572.0298	759.664	869.8343	973.648	1072.335	1159.046	1276.914	1355.726	1441.592	1554.521	1640.13
151.4	0	0	0	0.09764901	1.705911	37.44053	252.3961	570.6974	759.9604	869.9431	974.1233	1071.82	1159.462	1275.724	1355.567	1441.255	1555.416	1638.997
151.5	0	0	0	0.09764901	1.647086	37.57818	253.2631	570.431	760.6522	870.5961	974.4798	1072.335	1158.907	1274.682	1356.361	1442.774	1555.237	1639.186
151.6	0	0	0	0.09764901	1.647086	37.57818	253.0267	570.431	759.071	870.2696	974.1233	1071.305	1158.49	1273.343	1357.632	1443.449	1554.521	1637.864
151.7	0	0	0	0.09764901	1.764735	37.78465	253.2631	570.9639	759.7628	869.5078	973.7668	1071.433	1158.907	1272.598	1358.108	1443.112	1553.448	1636.92
151.8	0	0	0	0.09764901	1.764735	37.71583	253.4208	571.0527	759.1699	869.1813	973.5292	1070.274	1157.241	1272.598	1357.155	1442.605	1555.237	1637.297
151.9	0	0	0	0.09764901	1.764735	37.9223	253.1055	571.5857	758.4781	869.399	973.648	1070.403	1156.963	1272.896	1357.155	1442.437	1554.7	1639.374
152	0	0	0	0.09764901	1.764735	38.12878	253.4996	572.2075	757.6875	868.6372	975.1927	1070.789	1156.825	1273.343	1357.632	1443.618	1555.416	1638.808
152.1	0	0	0	0.09764901	1.764735	38.1976	254.5243	572.7404	758.2805	868.2019	975.668	1071.691	1156.408	1272.896	1357.791	1443.618	1556.131	1640.885
152.2	0	0	0	0.09764901	1.764735	38.33525	253.7361	572.6516	759.3675	868.6372	976.0245	1072.078	1156.547	1271.854	1355.885	1443.956	1556.31	1641.64
152.3	0	0	0	0.09764901	1.764735	38.67937	254.1302	572.2963	759.3675	868.4196	974.5986	1071.691	1156.408	1271.259	1354.297	1444.294	1555.773	1641.64
152.4	0	0	0	0.09764901	1.705911	38.67937	254.7608	572.2075	760.2569	868.0931	974.1233	1071.433	1156.963	1270.217	1355.091	1443.787	1554.7	1642.018
152.5	0	0	0	0.09764901	1.705911	38.7482	255.2337	572.7404	760.751	867.9843	974.361	1070.789	1157.241	1270.961	1353.661	1441.424	1554.164	1639.374
152.6	0	0	0	0.09764901	1.705911	38.67937	255.3126	572.4739	760.5534	867.9843	974.361	1070.789	1157.38	1270.961	1353.026	1442.774	1553.806	1639.563
152.7	0	0	0	0.09764901	1.705911	38.7482	255.1549	572.3851	760.9487	867.2225	973.1727	1070.532	1156.686	1271.705	1351.438	1441.592	1552.554	1638.808
152.8	0	0	0	0.09764901	1.764735	38.67937	255.4702	573.2734	760.3558	867.549	972.3409	1069.63	1156.269	1272.301	1350.961	1441.93	1552.375	1638.43
152.9	0	0	0	0.09764901	1.764735	38.81702	255.9432	574.0728	760.2569	867.8754	972.5786	1069.63	1157.102	1272.003	1351.12	1441.592	1550.766	1637.297
153	0	0	0	0.09764901	1.764735	38.7482	255.8643	573.6287	760.1581	867.3313	973.1727	1069.759	1157.935	1272.449	1351.279	1442.268	1549.514	1635.22
153.1	0	0	0	0.09764901	1.764735	38.67937	256.2585	574.2504	759.9604	867.7666	974.0045	1071.047	1157.935	1271.705	1349.691	1441.255	1548.978	1634.087
153.2	0	0	0	0.1464735	1.764735	38.54172	256.1008	574.6057	759.071	868.4196	975.0739	1069.63	1157.519	1272.003	1349.691	1441.93	1547.905	1635.787
153.3	0	0	0	0.1464735	1.764735	38.61055	256.4949	575.3163	759.1699	868.8549	974.361	1069.888	1156.825	1271.854	1349.691	1442.437	1547.368	1637.297
153.4	0	0	0	0.1464735	1.82356	38.4729	256.8891	575.9381	759.664	869.2902	973.4103	1069.243	1157.519	1271.259	1348.896	1442.605	1545.759	1635.975
153.5	0	0	0	0.1464735	1.82356	38.40408	257.1255	576.0269	760.2569	869.5078	973.5292	1068.728	1158.907	1271.557	1347.785	1441.592	1545.759	1634.276
153.6	0	0	0	0.1464735	1.82356	38.81702	257.5197	576.1157	760.9487	869.7255	972.9351	1068.986	1157.519	1270.515	1348.42	1441.255	1543.971	1633.521
153.7	0	0	0	0.1464735	1.82356	38.67937	257.6773	575.8492	761.7393	869.2902	971.8656	1068.084	1156.963	1269.622	1345.402	1440.748	1543.077	1634.465
153.8	0	0	0	0.1464735	1.882384	38.81702	257.835	576.1157	761.1464	868.5284	971.3903	1068.47	1155.575	1270.366	1346.673	1441.086	1543.255	1633.898
153.9	0	0	0	0.1464735	1.882384	38.88585	257.9926	575.9381	761.4428	869.0725	971.7468	1067.053	1155.714	1269.473	1348.102	1440.748	1541.825	1635.409
154	0	0	0	0.1464735	1.882384	38.95467	258.5444	576.2046	761.6404	867.6578	971.628	1067.311	1156.13	1269.324	1349.532	1441.255	1543.792	1636.164
154.1	0	0	0	0.1464735	1.882384	39.02349	258.702	576.7375	761.0475	867.8754	972.2221	1067.311	1156.686	1269.92	1348.42	1441.761	1542.004	1636.731
154.2	0	0	0	0.1464735	1.882384	39.09232	258.3079	577.2704	761.1464	867.3313	972.1033	1068.213	1156.547	1270.068	1349.532	1440.073	1543.255	1636.353
154.3	0	0	0	0.1464735	1.882384	39.09232	258.4655	577.9811	761.344	867.1136	972.4598	1067.182	1155.575	1269.473	1348.261	1438.385	1542.361	1635.975
154.4	0	0	0	0.1464735	1.882384	39.09232	258.1503	578.6028	761.7393	867.3313	970.2021	1067.053	1155.436	1267.39	1349.214	1438.891	1540.931	1634.843
154.5	0	0	0	0.1464735	1.882384	39.09232	257.5985	578.8693	761.1464	867.4401	969.0139	1066.667	1155.992	1264.562	1348.579	1438.216	1541.288	1633.521
154.6	0	0	0	0.1464735	1.882384	39.09232	258.0714	578.8693	762.9252	867.4401	970.0833	1067.182	1155.992	1265.604	1347.944	1437.541	1540.215	1632.577
154.7	0	0	0	0.1464735	1.82356	39.22997	258.702	578.8693	762.5299	867.549	970.0833	1064.606	1156.686	1265.157	1349.214	1438.891	1540.215	1632.199
154.8	0	0	0	0.1464735	1.82356	39.22997	259.0962	579.2246	762.8264	867.6578	968.5386	1064.348	1157.241	1265.157	1348.738	1437.709	1541.11	1631.821
154.9	0	0	0	0.1464735	1.82356	39.36762	259.175	580.024	762.9252	868.5284	968.5386	1064.734	1156.963	1265.752	1347.467	1437.541	1542.898	1631.633
155	0	0	0	0.1464735	1.82356	39.16114	259.5691	580.1129	762.1346	868.746	968.6573	1064.219	1157.241	1265.604	1348.42	1437.203	1542.361	1632.954
155.1	0	0	0	0.09764901	1.82356	39.22997	259.8056	580.5569	762.7275	868.746	968.0632	1063.189	1156.963	1266.497	1349.849	1438.047	1541.288	1632.388
155.2	0	0	0	0.09764901	1.82356	39.22997	259.8056	581.5341	762.5299	869.7255	967.9444	1063.704	1157.38	1266.497	1349.055	1437.203	1541.825	1631.444
155.3	0	0	0	0.09764901	1.82356	39.29879	260.0421	581.1787	762.8264	868.4196	969.0139	1063.704	1156.269	1266.199	1346.832	1437.203	1543.434	1631.255
155.4	0	0	0	0.09764901	1.82356	39.09232	260.1997	581.7117	763.024	869.2902	969.4891	1063.704	1154.881	1266.497	1348.896	1436.528	1543.255	1631.633
155.5	0	0	0	0.09764901	1.82356	39.02349	260.1997	581.8005	763.2217	870.0519	970.4398	1063.446	1154.326	1265.752	1347.944	1436.021	1541.825	1631.255
155.6	0	0	0	0.09764901	1.882384	39.09232	260.5938	582.8664	763.024	869.6166	970.3209	1064.09	1154.326	1267.092	1348.102	1435.177	1541.288	1630.688
155.7	0	0	0	0.09764901	1.882384	38.95467	260.8303	582.7776	762.1346	869.6166	969.3703	1064.606	1154.187	1265.604	1347.308	1434.839	1541.646	1629.933
155.8	0	0	0	0.09764901	1.882384	38.95467	261.6974	582.9552	761.1464	868.5284	969.9644	1064.477	1153.771	1265.752	1348.102	1435.177	1542.719	1630.5
155.9	0	0	0	0.09764901	1.941209	38.95467	262.0127	583.2217	761.4428	867.6578	970.0833	1064.606	1152.66	1266.348	1348.738	1437.709	1542.004	1631.066
156	0	0	0	0.09764901	1.941209	39.16114	262.4068	583.3105	761.0475	868.4196	970.3209	1064.992	1153.909	1266.645	1348.896	1435.515	1541.467	1629.178
156.1	0	0	0	0.09764901	1.941209	39.16114	262.5644	583.7546	760.6522	867.8754	969.608	1064.09	1152.938	1267.241	1348.896	1436.021	1543.613	1628.989
156.2	0	0	0	0.09764901	1.941209	39.09232	262.4068	584.2876	760.4546	868.2019	969.1327	1063.575	1152.521	1266.348	1349.214	1437.541	1542.719	1629.178
156.3	0	0	0	0.09764901	1.941209	39.16114	262.4856	584.0211	761.0475	868.4196	967.7068	1062.287	1153.493	1265.901	1347.944	1437.034	1541.825	1629.744
156.4	0	0	0	0.09764901	1.941209	38.81702	262.7221	583.577	761.937	868.3107	967.2314	1062.802	1154.603	1265.604	1346.832	1435.684	1540.394	1629.744
156.5	0	0	0	0.09764901	1.882384	39.09232	263.0374	583.3994	761.4428	867.1136	967.7068	1063.833	1154.465	1266.943	1347.308	1436.528	1541.288	1630.5
156.6	0	0	0	0.09764901	1.882384	39.02349	263.0374	583.1329	762.0358	866.7872	966.7562	1064.734	1154.881	1267.092	1346.197	1435.852	1541.467	1631.255
156.7	0	0	0	0.09764901	1.882384	39.16114	263.0374	583.3994	761.937	866.243	967.8256	1064.477	1154.603	1265.901	1347.467	1435.515	1541.288	1631.066
156.8	0	0	0	0.09764901	1.882384	39.09232	262.7221	584.1099	761.6404	866.4607	967.4691	1065.507	1155.159	1264.562	1348.261	1433.151	1539.5	1631.066
156.9	0	0	0	0.09764901	1.882384	38.81702	263.7468	584.1099	761.2452	866.6783	966.162	1066.667	1154.881	1263.669	1348.102	1432.307	1539.143	1630.688
157	0	0	0	0.09764901	1.882384	39.02349	264.2986	584.8206	762.2334	866.7872	966.5186	1065.507	1156.686	1263.222	1347.308	1431.632	1539.321	1630.122
157.1	0	0	0	0.09764901	1.882384	39.02349	264.3774	584.8206	761.5416	866.6783	966.7562	1063.06	1157.658	1263.818	1347.467	1431.463	1537.712	1629.556
157.2	0	0	0	0.09764901	1.882384	38.95467	264.8503	584.2876	761.0475	866.5695	968.5386	1063.06	1156.686	1264.859	1348.42	1428.762	1537.891	1629.367
157.3	0	0	0	0.09764901	1.882384	38.88585	264.2198	583.7546	760.8499	866.4607	968.4197	1061.772	1158.213	1263.818	1348.738	1430.281	1537.533	1628.611
157.4	0	0	0	0.09764901	1.882384	39.02349	264.2198	583.6658	760.5534	866.7872	969.608	1062.029	1158.352	1264.562	1346.832	1431.463	1539.858	1628.8
157.5	0	0	0	0.09764901	1.882384	39.16114	264.535	583.1329	760.2569	867.549	969.4891	1061.643	1158.352	1265.455	1345.879	1431.294	1538.606	1628.045
157.6	0	0	0	0.09764901	1.882384	39.22997	264.6139	583.6658	760.6522	867.0048	970.7962	1060.741	1157.241	1265.306	1345.402	1430.788	1537.175	1628.045
157.7	0	0	0	0.09764901	1.882384	39.09232	264.7715	583.9323	760.3558	867.6578	971.628	1060.999	1157.935	1264.413	1345.879	1429.606	1537.175	1631.444
157.8	0	0	0	0.09764901	1.882384	39.02349	264.6139	583.9323	759.664	867.1136	971.0339	1060.097	1158.629	1265.752	1346.355	1430.788	1537.533	1632.199
157.9	0	0	0	0.09764901	1.882384	39.22997	264.6139	584.2876	758.9722	867.549	970.5585	1059.453	1158.629	1266.497	1347.149	1433.32	1536.103	1631.821
158	0	0	0	0.09764901	1.82356	39.22997	265.4021	584.6429	758.2805	868.2019	969.4891	1059.71	1159.323	1267.836	1346.991	1435.177	1534.135	1631.066
158.1	0	0	0	0.09764901	1.764735	39.29879	265.7962	584.6429	758.7745	868.2019	968.4197	1059.582	1158.49	1268.134	1349.691	1434.502	1533.42	1631.255
158.2	0	0	0	0.09764901	1.764735	39.29879	266.2692	584.9982	758.9722	867.7666	970.4398	1058.293	1158.768	1267.985	1348.579	1435.346	1534.314	1631.633
158.3	0	0	0	0.09764901	1.764735	39.50526	266.2692	585.087	759.2687	867.7666	970.4398	1058.293	1159.462	1269.175	1347.308	1435.515	1534.135	1632.577
158.4	0	0	0	0.09764901	1.764735	39.43644	266.348	585.087	759.5651	867.0048	970.4398	1056.876	1158.768	1267.241	1349.055	1434.164	1534.493	1632.577
158.5	0	0	0	0.09764901	1.764735	39.43644	266.4268	584.5541	758.8734	868.2019	969.8456	1056.619	1157.519	1268.431	1349.691	1433.995	1535.387	1632.766
158.6	0	0	0	0.09764901	1.705911	39.36762	266.8998	584.9982	759.2687	868.0931	970.6774	1057.134	1157.102	1269.92	1350.644	1434.164	1536.46	1632.01
158.7	0	0	0	0.09764901	1.705911	39.43644	266.5845	585.3535	757.6875	868.0931	969.608	1056.232	1157.38	1269.027	1350.485	1433.995	1534.135	1630.5
158.8	0	0	0	0.09764901	1.705911	39.22997	266.8998	585.1758	757.7863	869.2902	969.7268	1056.361	1158.629	1269.92	1348.896	1435.684	1532.526	1629.933
158.9	0	0	0	0.09764901	1.705911	39.02349	266.5845	585.7976	756.6992	869.8343	969.7268	1055.846	1159.323	1270.068	1349.214	1435.515	1533.599	1630.122
159	0	0	0	0.09764901	1.764735	39.02349	266.8998	585.1758	757.4898	869.6166	969.9644	1057.649	1158.629	1269.622	1349.055	1433.827	1534.851	1628.045
159.1	0	0	0	0.09764901	1.764735	39.09232	267.0574	584.9982	757.5887	869.1813	970.5585	1057.649	1157.935	1269.027	1348.896	1432.814	1535.387	1628.989
159.2	0	0	0	0.09764901	1.764735	39.09232	267.0574	585.7088	757.1934	869.8343	968.5386	1058.293	1158.768	1267.985	1348.579	1432.645	1534.851	1629.367
159.3	0	0	0	0.09764901	1.764735	39.22997	267.3727	585.5311	757.1934	868.9637	968.895	1058.036	1158.49	1267.092	1347.785	1431.969	1537.175	1630.122
159.4	0	0	0	0.09764901	1.764735	39.16114	267.3727	586.0641	758.2805	869.8343	969.3703	1058.809	1155.575	1268.58	1346.673	1431.969	1536.46	1631.066
159.5	0	0	0	0.09764901	1.764735	39.22997	267.5304	586.5082	757.8851	869.6166	969.608	1058.293	1155.159	1267.092	1345.879	1432.645	1536.818	1627.856
159.6	0	0	0	0.09764901	1.764735	39.29879	267.7668	587.13	756.8969	869.5078	969.4891	1057.778	1153.909	1266.943	1345.244	1432.814	1537.712	1628.422
159.7	0	0	0	0.09764901	1.764735	39.36762	268.0822	587.3076	756.2051	869.0725	968.5386	1056.619	1153.632	1266.199	1343.496	1432.645	1537.533	1626.723
159.8	0	0	0	0.09764901	1.764735	39.43644	268.3186	587.13	758.3793	869.399	968.1821	1057.907	1154.465	1266.199	1342.067	1432.982	1536.639	1626.534
159.9	0	0	0	0.09764901	1.764735	39.64291	268.9492	587.2188	757.7863	870.0519	968.7762	1058.551	1154.187	1266.645	1342.702	1433.151	1537.175	1627.856
160	0	0	0	0.09764901	1.764735	39.71174	268.7916	587.3965	756.8969	870.2696	969.1327	1057.778	1153.354	1266.645	1344.291	1433.151	1536.818	1626.534
160.1	0	0	0	0.09764901	1.764735	40.26234	269.1069	587.4853	755.3157	871.0314	968.7762	1057.52	1153.909	1266.645	1344.767	1433.32	1538.07	1625.968
160.2	0	0	0	0.09764901	1.764735	40.19351	269.8951	586.2418	755.6122	869.7255	967.7068	1057.778	1153.909	1267.39	1345.085	1434.502	1538.606	1626.345
160.3	0	0	0	0.09764901	1.705911	40.19351	270.368	586.3306	756.6004	871.0314	967.2314	1058.293	1154.603	1266.199	1346.514	1434.839	1538.606	1625.779
160.4	0	0	0	0.09764901	1.764735	40.05586	270.368	586.7747	754.9204	870.5961	968.4197	1057.263	1153.493	1267.687	1344.926	1436.528	1537.712	1626.534
160.5	0	0	0	0.09764901	1.764735	40.05586	270.5257	586.4194	755.3157	872.1196	968.3009	1055.846	1153.215	1267.092	1345.244	1436.359	1536.639	1627.667
160.6	0	0	0	0.09764901	1.764735	40.12469	270.0528	586.2418	755.2169	871.6843	967.1127	1055.846	1154.881	1266.05	1343.338	1436.19	1536.46	1627.478
160.7	0	0	0	0.09764901	1.764735	40.33116	270.9987	586.8635	756.4028	871.249	965.5679	1055.073	1154.326	1263.818	1343.02	1436.865	1534.314	1628.234
160.8	0	0	0	0.09764901	1.764735	40.26234	270.368	588.3735	755.711	869.9431	964.0232	1054.815	1154.603	1263.967	1342.067	1435.515	1535.745	1628.045
160.9	0	0	0	0.09764901	1.764735	40.26234	270.9987	588.2847	755.5134	870.3784	963.6667	1053.656	1152.938	1261.139	1343.655	1435.177	1535.924	1626.912
161	0	0	0	0.09764901	1.764735	40.19351	271.6292	587.6629	755.6122	870.3784	962.835	1053.913	1154.048	1261.437	1343.179	1435.177	1534.314	1629.178
161.1	0	0	0	0.09764901	1.764735	40.53763	271.5504	587.8406	755.2169	869.1813	963.7856	1055.202	1152.66	1260.99	1342.702	1435.515	1531.99	1628.8
161.2	0	0	0	0.09764901	1.82356	40.74411	271.6292	588.5511	755.3157	870.0519	964.4985	1053.784	1152.521	1261.734	1342.067	1434.164	1532.526	1627.856
161.3	0	0	0	0.09764901	1.882384	40.95058	271.7081	589.0841	755.0192	869.8343	963.6667	1053.527	1152.243	1260.544	1342.067	1432.645	1533.063	1627.856
161.4	0	0	0	0.09764901	1.82356	40.81293	271.8657	588.1959	754.6239	868.0931	963.9044	1054.815	1153.076	1260.544	1342.702	1433.489	1532.168	1629.178
161.5	0	0	0	0.09764901	1.82356	40.88176	272.1022	587.8406	754.4263	867.549	964.9738	1054.042	1153.771	1260.097	1341.273	1433.489	1532.526	1629.744
161.6	0	0	0	0.09764901	1.82356	40.74411	271.6292	587.9294	754.5251	867.1136	965.6868	1054.171	1154.603	1259.651	1341.432	1434.502	1531.632	1627.667
161.7	0	0	0	0.09764901	1.82356	40.81293	271.6292	587.5741	755.2169	866.5695	965.3303	1055.33	1152.799	1258.906	1340.955	1432.982	1531.095	1628.045
161.8	0	0	0	0.09764901	1.82356	40.88176	271.4716	587.9294	755.5134	867.6578	965.2115	1055.33	1152.938	1259.799	1341.432	1432.307	1533.063	1627.667
161.9	0	0	0	0.09764901	1.82356	40.95058	271.6292	588.1959	755.2169	868.0931	965.3303	1055.33	1151.966	1261.288	1340.797	1431.801	1533.599	1627.478
162	0	0	0	0.09764901	1.82356	40.81293	271.6292	588.1071	755.118	868.4196	966.0432	1054.944	1151.41	1261.734	1342.861	1431.801	1532.526	1626.345
162.1	0	0	0	0.09764901	1.82356	40.67528	271.8657	587.8406	755.0192	868.9637	966.9938	1054.686	1151.41	1262.627	1342.067	1433.32	1531.453	1627.29
162.2	0	0	0	0.09764901	1.82356	40.95058	271.6292	587.9294	755.3157	869.8343	967.4691	1055.846	1150.994	1261.585	1341.749	1432.645	1531.99	1629.556
162.3	0	0	0	0.0488245	1.82356	40.88176	271.8657	587.7518	755.9086	869.8343	967.8256	1054.815	1150.578	1260.544	1339.367	1433.827	1531.095	1629.744
162.4	0	0	0	0.0488245	1.764735	40.81293	271.7869	587.4853	756.1063	868.746	967.3503	1053.656	1148.634	1258.758	1340.161	1434.671	1532.168	1628.611
162.5	0	0	0	0.0488245	1.764735	40.95058	270.6833	588.0182	756.9957	869.6166	967.9444	1054.815	1149.189	1260.097	1338.891	1435.346	1533.063	1628.989
162.6	0	0	0	0.0488245	1.764735	40.74411	270.7622	587.9294	756.4028	868.3107	968.0632	1054.429	1149.05	1260.99	1337.461	1435.346	1531.274	1629.178
162.7	0	0	0	0.0488245	1.764735	40.81293	270.9987	588.0182	756.798	867.9843	968.0632	1054.686	1150.161	1261.288	1336.826	1433.827	1531.274	1628.611
162.8	0	0	0	0.0488245	1.764735	40.74411	270.9987	587.7518	756.4028	867.9843	968.4197	1054.557	1149.189	1260.097	1335.079	1431.632	1532.347	1626.723
162.9	0	0	0	0.0488245	1.764735	40.67528	270.9198	587.5741	757.9839	867.8754	968.1821	1056.49	1149.467	1259.204	1335.079	1431.125	1535.208	1626.534
163	0	0	0	0.0488245	1.764735	40.67528	271.7081	587.7518	759.1699	867.6578	968.0632	1056.747	1147.801	1258.758	1335.238	1433.32	1534.314	1627.29
163.1	0	0	0	0.0488245	1.764735	40.67528	271.7081	587.7518	759.071	867.1136	967.7068	1056.619	1149.189	1258.162	1334.443	1432.645	1533.599	1627.478
163.2	0	0	0	0.0488245	1.764735	40.95058	272.181	587.13	759.071	867.2225	967.1127	1056.49	1150.439	1258.014	1333.967	1434.333	1532.526	1628.422
163.3	0	0	0	0.0488245	1.764735	40.88176	272.4175	587.3965	759.2687	867.0048	965.8056	1055.974	1149.883	1257.716	1333.649	1432.307	1533.778	1627.667
163.4	0	0	0	0.0488245	1.705911	41.08823	273.1269	586.3306	759.3675	866.896	966.0432	1056.619	1150.716	1257.121	1333.332	1432.138	1534.851	1627.667
163.5	0	0	0	0.0488245	1.705911	41.2947	274.0728	586.3306	758.5769	866.243	966.7562	1056.103	1150.578	1257.567	1333.491	1431.463	1534.314	1627.101
163.6	0	0	0	0.0488245	1.705911	41.22588	273.8363	586.4194	759.1699	866.6783	966.5186	1055.459	1149.05	1256.674	1334.602	1431.463	1534.493	1628.989
163.7	0	0	0	0.0488245	1.705911	41.2947	273.9152	586.9523	758.5769	866.6783	967.1127	1055.717	1148.356	1256.525	1334.285	1431.801	1534.135	1628.989
163.8	0	0	0	0.0488245	1.705911	41.2947	273.994	587.4853	758.7745	867.0048	966.875	1055.073	1148.495	1256.823	1332.855	1431.632	1533.42	1627.478
163.9	0	0	0	0.0488245	1.764735	41.43235	273.8363	587.3965	758.7745	867.1136	966.6373	1056.232	1147.385	1257.121	1332.22	1430.281	1533.599	1626.723
164	0	0	0	0.0488245	1.764735	41.57	274.6246	587.6629	759.9604	867.6578	967.2314	1056.619	1147.801	1257.716	1331.267	1427.411	1533.42	1626.345
164.1	0	0	0	0.0488245	1.764735	41.63882	275.0187	588.3735	760.6522	868.2019	967.9444	1056.619	1147.662	1257.269	1331.902	1424.541	1533.778	1628.045
164.2	0	0	0	0.0488245	1.764735	41.91412	275.4128	588.4623	760.4546	868.5284	968.1821	1056.361	1148.218	1257.865	1330.632	1426.567	1535.03	1628.045
164.3	0	0	0	0.0488245	1.705911	42.18942	276.3587	588.8176	760.8499	867.9843	968.4197	1056.103	1149.328	1257.269	1330.314	1427.073	1535.387	1629.933
164.4	0	0	0	0.0488245	1.705911	42.3959	277.0681	588.64	761.2452	866.896	967.3503	1056.361	1149.467	1257.269	1330.473	1426.567	1535.566	1631.066
164.5	0	0	0	0.0488245	1.705911	42.32707	277.2258	588.64	761.2452	865.2637	967.4691	1056.103	1149.883	1255.781	1329.996	1428.255	1533.957	1632.199
164.6	0	0	0	0.0488245	1.705911	42.3959	277.0681	588.1959	761.344	865.8077	965.9244	1056.103	1149.189	1255.632	1331.744	1428.255	1533.778	1631.444
164.7	0	0	0	0.0488245	1.705911	42.3959	277.8564	588.3735	761.344	865.1548	966.0432	1055.588	1149.606	1256.525	1331.108	1428.762	1534.135	1629.556
164.8	0	0	0	0.0488245	1.705911	42.3959	278.1717	588.7288	761.0475	865.4813	965.6868	1055.202	1150.439	1255.335	1331.426	1428.255	1531.811	1627.856
164.9	0	0	0	0.0488245	1.705911	42.25825	277.6199	587.8406	760.4546	865.9166	964.4985	1054.815	1150.994	1254.888	1332.855	1428.593	1531.274	1626.157
165	0	0	0	0.0488245	1.705911	42.18942	277.4622	587.8406	760.1581	866.3519	963.1915	1053.913	1151.966	1255.186	1333.332	1428.424	1530.38	1624.835
165.1	0	0	0	0.0488245	1.705911	41.98295	277.6199	587.3076	759.3675	865.6989	963.3102	1054.557	1152.799	1254.293	1333.967	1428.931	1531.095	1623.135
165.2	0	0	0	0.0488245	1.705911	41.8453	277.3834	587.4853	758.8734	865.8077	962.3597	1055.846	1152.105	1254.888	1333.808	1426.736	1531.99	1621.814
165.3	0	0	0	0.0488245	1.705911	41.8453	277.2258	587.5741	758.4781	865.8077	961.7656	1054.686	1152.521	1256.525	1333.332	1426.736	1534.314	1622.569
165.4	0	0	0	0.0488245	1.705911	42.05177	276.9105	587.5741	758.4781	865.8077	961.0526	1053.656	1151.966	1255.186	1334.602	1425.723	1532.526	1621.247
165.5	0	0	0	0.0488245	1.647086	42.1206	277.0681	588.2847	759.2687	866.3519	960.8149	1054.815	1152.66	1253.995	1333.967	1426.229	1531.632	1619.359
165.6	0	0	0	0.0488245	1.588262	42.05177	276.9105	587.8406	759.2687	867.0048	961.0526	1054.815	1152.938	1254.739	1334.92	1425.216	1531.99	1619.925
165.7	0	0	0	0.0488245	1.588262	42.05177	277.0681	587.6629	758.6757	866.5695	961.1714	1054.429	1151.966	1255.632	1335.079	1426.229	1533.063	1620.492
165.8	0	0	0	0.0488245	1.588262	42.1206	276.5952	588.0182	759.1699	866.3519	960.5773	1053.784	1151.41	1256.376	1332.22	1425.048	1532.705	1621.436
165.9	0	0	0	0.0488245	1.588262	42.53354	276.7528	587.4853	758.9722	866.896	959.2702	1053.14	1151.549	1255.93	1332.061	1425.892	1532.347	1619.925
166	0	0	0	0.0488245	1.588262	42.46472	277.147	588.0182	758.4781	866.6783	958.9138	1053.527	1151.272	1256.228	1332.379	1426.567	1532.168	1619.548
166.1	0	0	0	0.0488245	1.588262	42.46472	276.8317	588.1071	758.6757	864.9372	958.6761	1053.011	1151.688	1255.484	1332.379	1427.749	1531.274	1619.17
166.2	0	0	0	0.0488245	1.588262	42.53354	276.674	587.3965	757.8851	864.3931	959.5079	1053.656	1151.966	1256.228	1331.902	1426.398	1531.095	1619.17
166.3	0	0	0	0.0488245	1.588262	42.46472	277.0681	587.13	758.0828	864.1754	959.1514	1053.656	1150.855	1256.376	1330.791	1426.736	1530.559	1618.792
166.4	0	0	0	0.0488245	1.588262	42.32707	277.2258	586.7747	757.0945	862.7607	959.2702	1054.944	1149.606	1255.037	1331.902	1425.892	1531.453	1618.981
166.5	0	0	0	0.0488245	1.588262	42.25825	276.5952	585.7088	757.391	861.6724	960.2208	1054.686	1151.41	1256.376	1331.108	1425.723	1530.38	1618.981
166.6	0	0	0	0.0488245	1.647086	42.25825	277.2258	585.2646	757.8851	860.3665	959.5079	1054.042	1149.745	1255.781	1331.744	1424.035	1530.022	1618.981
166.7	0	0	0	0.0488245	1.647086	42.3959	277.0681	584.8206	757.9839	861.1283	960.3397	1053.269	1150.161	1255.781	1331.744	1423.697	1528.055	1616.338
166.8	0	0	0	0.0488245	1.647086	42.32707	276.9105	584.9094	757.7863	860.693	960.3397	1054.042	1149.883	1256.674	1330.949	1426.061	1529.307	1614.827
166.9	0	0	0	0.0488245	1.647086	42.32707	276.8317	584.8206	757.1934	860.2577	960.2208	1053.011	1150.578	1256.525	1330.155	1425.892	1528.413	1615.016
167	0	0	0	0.0488245	1.647086	42.32707	277.147	584.8206	757.0945	859.8224	960.3397	1053.14	1149.328	1256.823	1330.949	1424.71	1530.022	1614.827
167.1	0	0	0	0.0488245	1.705911	42.25825	276.9105	584.1099	757.9839	859.8224	959.0326	1053.398	1147.801	1257.418	1331.108	1426.061	1530.38	1615.016
167.2	0	0	0	0.0488245	1.705911	42.1206	276.9893	583.4882	758.1816	858.9518	959.1514	1052.367	1148.079	1258.162	1331.267	1427.918	1529.307	1616.527
167.3	0	0	0	0.0488245	1.705911	42.18942	277.6199	583.8434	759.071	858.843	959.389	1053.011	1147.662	1256.823	1331.744	1427.918	1527.877	1615.394
167.4	0	0	0	0.0488245	1.705911	42.32707	278.1717	583.6658	758.0828	859.496	958.6761	1053.527	1148.912	1255.781	1331.267	1427.749	1529.486	1614.638
167.5	0	0	0	0.0488245	1.705911	42.60237	278.3293	584.3764	757.5887	857.9724	959.9832	1053.14	1149.328	1255.335	1332.061	1426.061	1529.486	1614.638
167.6	0	0	0	0.0488245	1.705911	42.80884	278.3293	584.7317	757.6875	857.9724	959.5079	1054.429	1148.356	1254.293	1332.061	1427.58	1530.559	1613.883
167.7	0	0	0	0.0488245	1.705911	42.87767	279.0388	584.5541	757.8851	857.9724	959.5079	1053.656	1145.719	1254.144	1333.491	1427.411	1530.917	1615.771
167.8	0	0	0	0.0488245	1.705911	42.87767	279.2752	584.2876	757.8851	856.993	959.389	1053.656	1145.996	1253.846	1333.014	1426.736	1530.738	1613.694
167.9	0	0	0	0.0488245	1.705911	43.08414	279.0388	584.2876	757.1934	856.5577	959.7455	1053.527	1144.053	1253.846	1331.108	1425.892	1530.738	1612.372
168	0	0	0	0.0488245	1.705911	43.22179	278.9599	584.9094	756.6992	857.4283	959.6267	1052.11	1143.359	1253.102	1330.632	1424.541	1531.632	1610.484
168.1	0	0	0	0.0488245	1.764735	43.15297	279.354	584.2876	755.5134	856.993	959.389	1052.496	1143.081	1251.912	1330.473	1424.372	1533.241	1613.505
168.2	0	0	0	0.0488245	1.764735	43.08414	279.5905	583.6658	755.711	856.8842	959.6267	1052.754	1143.497	1251.912	1329.679	1422.178	1532.168	1615.205
168.3	0	0	0	0.0488245	1.764735	43.29062	279.9846	582.9552	755.4145	857.4283	960.3397	1051.723	1143.22	1251.168	1330.632	1422.178	1531.99	1615.394
168.4	0	0	0	0.0488245	1.764735	43.35944	279.827	582.5999	756.1063	858.4077	959.389	1051.723	1142.248	1251.316	1329.996	1422.853	1531.274	1615.96
168.5	0	0	0	0.0488245	1.764735	43.35944	279.9058	581.8893	756.1063	858.0812	960.102	1051.208	1141.415	1250.87	1329.361	1421.84	1531.99	1616.904
168.6	0	0	0	0.0488245	1.764735	43.22179	279.9058	582.3334	755.4145	858.1901	958.7949	1051.337	1141.554	1249.977	1329.202	1422.684	1531.99	1616.904
168.7	0	0	0	0.0488245	1.764735	43.22179	280.2999	581.0011	755.711	858.0812	959.5079	1051.337	1140.166	1249.531	1330.155	1422.346	1531.453	1614.072
168.8	0	0	0	0.0488245	1.764735	43.29062	280.2211	581.7117	755.4145	857.6459	959.2702	1051.466	1140.582	1249.531	1330.473	1421.502	1531.274	1613.317
168.9	0	0	0	0.0488245	1.764735	43.35944	280.1423	582.2446	755.5134	857.7548	960.6961	1052.367	1138.639	1248.638	1331.108	1421.84	1530.38	1614.072
169	0	0	0	0.0488245	1.764735	43.42826	280.4576	582.5999	755.4145	856.6665	959.9832	1051.594	1140.443	1247.745	1330.155	1421.84	1529.307	1613.883
169.1	0	0	0	0.0488245	1.764735	43.35944	280.5364	582.7776	755.5134	856.7753	959.0326	1051.594	1138.916	1247.745	1330.155	1421.165	1529.486	1614.827
169.2	0	0	0	0.0488245	1.764735	43.35944	280.6152	581.3564	755.5134	856.6665	958.7949	1049.404	1139.055	1248.489	1329.838	1421.671	1530.022	1614.072
169.3	0	0	0	0.0488245	1.764735	43.42826	280.6152	581.3564	754.7228	856.8842	958.6761	1048.76	1138.639	1248.191	1328.408	1421.333	1529.128	1615.771
169.4	0	0	0	0.0488245	1.764735	43.70356	280.8517	582.4223	754.6239	856.1224	958.2008	1048.889	1137.944	1248.786	1326.344	1422.178	1528.771	1616.904
169.5	0	0	0	0.0488245	1.705911	43.70356	281.0882	581.9781	754.4263	855.1429	958.6761	1049.147	1137.944	1249.382	1325.232	1421.333	1530.022	1617.66
169.6	0	0	0	0.0488245	1.705911	43.63474	281.2458	582.5999	752.6475	856.1224	958.7949	1047.73	1138.639	1248.935	1324.596	1421.333	1529.486	1617.282
169.7	0	0	0	0.0488245	1.647086	43.63474	281.4035	582.2446	751.9557	857.1018	958.6761	1048.503	1138.916	1248.489	1323.802	1419.814	1529.665	1616.527
169.8	0	0	0	0.0488245	1.647086	43.70356	281.4035	581.5341	752.8451	857.3195	957.7255	1047.859	1138.777	1247.149	1325.867	1420.996	1527.519	1617.471
169.9	0	0	0	0.0488245	1.647086	43.84121	281.4823	581.5341	752.1533	856.7753	957.2502	1048.245	1137.528	1246.405	1327.138	1422.684	1525.91	1616.527
170	0	0	0	0.0488245	1.647086	43.84121	280.8517	581.5341	752.8451	855.7959	957.8444	1048.245	1138.361	1246.554	1327.932	1422.178	1525.731	1614.261
170.1	0	0	0	0.0488245	1.705911	43.77238	280.6152	581.9781	752.0545	856.5577	958.2008	1048.116	1139.194	1245.81	1329.52	1420.996	1525.91	1613.694
170.2	0	0	0	0.0488245	1.705911	43.91003	280.6941	582.3334	752.7463	856.4489	958.9138	1048.374	1138.083	1245.81	1329.996	1422.178	1526.267	1612.184
170.3	0	0	0	0.0488245	1.705911	43.91003	281.0882	583.1329	754.1298	856.7753	960.3397	1048.374	1138.639	1246.108	1330.632	1421.502	1525.552	1611.428
170.4	0	0	0	0.0488245	1.705911	44.04768	281.64	582.5111	753.8333	856.1224	959.5079	1049.018	1137.944	1246.554	1330.632	1422.684	1526.446	1610.862
170.5	0	0	0	0.0488245	1.764735	44.11651	280.9305	582.4223	754.1298	855.3606	959.5079	1049.662	1139.055	1246.108	1331.267	1422.515	1525.015	1608.785
170.6	0	0	0	0.0488245	1.764735	44.04768	280.4576	583.3105	753.5369	855.6871	960.8149	1047.472	1139.055	1244.619	1330.791	1423.359	1524.658	1607.841
170.7	0	0	0	0.0488245	1.764735	44.25416	281.2458	583.4882	752.5486	855.3606	959.6267	1047.987	1139.749	1245.066	1329.679	1423.191	1524.121	1608.785
170.8	0	0	0	0.0488245	1.764735	44.46063	281.7976	582.2446	752.6475	854.7076	959.2702	1048.503	1139.888	1245.512	1330.791	1422.178	1525.731	1608.596
170.9	0	0	0	0.0488245	1.82356	44.39181	282.1917	582.5999	752.8451	854.9253	959.6267	1048.503	1140.86	1247.596	1331.108	1422.346	1525.552	1608.596
171	0	0	0	0.0488245	1.82356	44.39181	281.7976	582.5999	752.7463	853.6194	959.9832	1049.147	1141.276	1247.149	1331.108	1420.996	1528.055	1605.575
171.1	0	0	0	0.0488245	1.82356	44.52945	281.7188	582.6888	752.4498	853.293	960.9338	1049.662	1142.248	1247.149	1331.744	1420.152	1526.267	1607.463
171.2	0	0	0	0.0488245	1.82356	44.59828	281.9553	582.9552	752.8451	853.4018	959.7455	1048.76	1143.497	1248.935	1332.696	1420.996	1525.552	1606.896
171.3	0	0	0	0.0488245	1.82356	44.52945	281.5611	583.2217	752.2521	852.7488	959.2702	1048.76	1144.053	1249.084	1332.22	1421.165	1524.658	1609.162
171.4	0	0	0	0.0488245	1.82356	44.52945	282.3494	582.6888	751.8568	852.8577	958.4385	1048.245	1144.192	1250.275	1331.744	1422.178	1523.942	1609.54
171.5	0	0	0	0.0488245	1.82356	44.6671	282.4282	581.7117	752.6475	852.7488	959.2702	1049.533	1143.22	1248.489	1333.649	1420.658	1523.227	1609.162
171.6	0	0	0	0.0488245	1.764735	44.6671	282.8223	581.8005	752.5486	852.8577	959.389	1048.889	1144.33	1248.786	1333.173	1420.152	1523.048	1611.24
171.7	0	0	0	0.0488245	1.764735	44.73593	283.0588	581.6229	752.9439	853.0753	960.5773	1048.76	1144.192	1246.703	1332.22	1420.321	1521.618	1609.918
171.8	0	0	0	0.0488245	1.764735	44.80475	283.0588	581.8005	753.3392	854.3812	960.3397	1048.631	1144.886	1246.554	1330.791	1419.308	1521.26	1609.351
171.9	0	0	0	0.0488245	1.764735	44.80475	283.2165	580.3793	751.9557	853.0753	959.8644	1048.374	1144.469	1247.149	1331.585	1419.645	1522.154	1607.652
172	0	0	0	0.0488245	1.764735	44.87358	283.1376	580.2017	750.671	853.293	959.389	1050.177	1144.469	1247.745	1331.426	1419.308	1521.975	1608.785
172.1	0	0	0	0.0488245	1.764735	45.01123	282.7435	580.2017	749.8804	852.9665	958.4385	1050.95	1144.469	1247.745	1332.696	1418.126	1522.154	1608.218
172.2	0	0	0	0.0488245	1.764735	44.87358	282.7435	579.7576	750.5721	853.1841	958.082	1050.564	1144.053	1249.084	1333.014	1419.139	1523.585	1607.463
172.3	0	0	0	0.0488245	1.764735	44.9424	282.6647	579.7576	751.2639	853.0753	957.7255	1049.662	1144.33	1248.638	1333.649	1418.97	1523.048	1608.03
172.4	0	0	0	0.0488245	1.764735	44.9424	282.2706	579.6687	751.758	853.9459	957.9631	1050.95	1143.636	1248.042	1332.538	1417.282	1522.154	1607.085
172.5	0	0	0	0.0488245	1.764735	45.01123	282.3494	579.1358	751.3627	854.0547	958.082	1052.239	1144.33	1247.893	1331.267	1416.438	1521.439	1604.253
172.6	0	0	0	0.0488245	1.764735	45.14888	281.7188	579.0469	750.9674	854.3812	958.7949	1052.11	1143.636	1247.149	1331.902	1418.126	1522.691	1606.33
172.7	0	0	0	0.0488245	1.764735	45.01123	283.0588	579.4022	751.5604	853.7283	959.8644	1051.852	1142.248	1247.447	1330.632	1417.451	1523.764	1603.309
172.8	0	0	0	0.0488245	1.705911	45.08005	283.1376	579.7576	751.758	853.8371	959.0326	1051.208	1140.86	1247.447	1331.744	1416.269	1524.658	1602.554
172.9	0	0	0	0.0488245	1.705911	45.01123	282.7435	580.4681	751.9557	853.9459	957.8444	1051.208	1139.194	1248.191	1332.22	1418.295	1526.267	1604.064
173	0	0	0	0.0488245	1.705911	44.80475	283.0588	579.8464	751.5604	854.0547	957.6067	1049.404	1139.194	1248.191	1331.585	1417.957	1525.552	1606.708
173.1	0	0	0	0.0488245	1.705911	45.08005	283.0588	580.4681	752.8451	854.0547	957.4879	1047.859	1138.916	1247.596	1331.267	1417.619	1523.764	1604.819
173.2	0	0	0	0.0488245	1.705911	45.08005	283.0588	580.024	752.9439	853.8371	956.5373	1047.987	1139.749	1247.447	1331.744	1418.464	1522.87	1604.819
173.3	0	0	0	0.0488245	1.705911	45.01123	283.1376	579.4911	752.4498	852.8577	955.4678	1048.245	1139.472	1247.745	1330.949	1417.957	1523.406	1603.875
173.4	0	0	0	0.0488245	1.647086	45.01123	282.98	579.5799	751.8568	852.2047	954.5173	1049.533	1138.916	1248.489	1331.108	1418.464	1523.764	1601.987
173.5	0	0	0	0.0488245	1.588262	45.01123	283.2165	580.024	752.7463	851.8782	954.1608	1049.276	1137.528	1248.489	1329.838	1417.451	1523.585	1603.687
173.6	0	0	0	0.0488245	1.588262	44.87358	283.1376	580.3793	753.438	852.2047	954.636	1049.018	1138.639	1248.489	1330.155	1417.619	1522.87	1603.875
173.7	0	0	0	0.0488245	1.588262	45.14888	282.9012	580.2905	754.4263	850.5723	953.9232	1047.601	1138.639	1247.298	1330.473	1418.295	1520.008	1605.386
173.8	0	0	0	0.0488245	1.588262	45.14888	282.6647	580.9123	752.5486	852.2047	954.0419	1047.859	1138.916	1246.852	1330.791	1418.295	1518.578	1605.386
173.9	0	0	0	0.0488245	1.647086	45.28653	282.4282	579.5799	753.2404	851.4429	955.1114	1048.889	1138.916	1245.363	1331.108	1417.788	1519.293	1604.064
174	0	0	0	0.0488245	1.705911	45.14888	282.507	580.9123	752.4498	851.6606	954.7549	1048.631	1138.361	1245.661	1330.314	1418.97	1519.829	1602.931
174.1	0	0	0	0.0488245	1.705911	45.08005	282.3494	581.2676	752.9439	851.5518	954.636	1048.889	1137.944	1244.768	1331.267	1417.282	1520.187	1603.12
174.2	0	0	0	0.0488245	1.705911	45.2177	282.0341	581.4452	752.7463	850.4635	954.636	1049.276	1138.222	1245.363	1329.679	1417.957	1518.399	1603.309
174.3	0	0	0	0.0488245	1.764735	45.2177	281.5611	581.1787	751.8568	850.79	954.5173	1050.049	1136.834	1245.215	1328.09	1418.801	1518.399	1603.12
174.4	0	0	0	0.0488245	1.764735	45.42418	281.3246	580.8234	751.3627	851.2253	954.636	1048.631	1134.335	1245.661	1327.932	1418.464	1517.505	1603.309
174.5	0	0	0	0.0488245	1.764735	45.42418	281.7188	580.9123	751.3627	851.8782	954.1608	1047.601	1133.919	1247	1327.455	1417.113	1516.611	1602.554
174.6	0	0	0	0.0488245	1.764735	45.35535	281.7976	580.2905	750.078	851.3341	954.8737	1048.76	1133.502	1245.661	1326.502	1416.438	1516.253	1601.609
174.7	0	0	0	0.0488245	1.764735	45.2177	282.4282	579.6687	749.0897	851.2253	954.3984	1046.441	1132.947	1245.959	1326.661	1415.425	1515.538	1600.099
174.8	0	0	0	0.0488245	1.764735	45.2177	282.4282	579.6687	748.8921	852.2047	954.9926	1045.54	1133.086	1246.554	1327.296	1417.451	1515.895	1600.099
174.9	0	0	0	0.0488245	1.764735	45.493	282.7435	579.9352	748.398	851.1165	955.4678	1045.024	1132.53	1247.596	1327.614	1417.451	1515.538	1599.344
175	0	0	0	0.0488245	1.764735	45.35535	282.6647	578.2476	748.5956	851.9871	954.636	1044.638	1131.42	1248.042	1327.138	1418.632	1513.213	1600.288
175.1	0	0	0	0.0488245	1.764735	45.35535	282.4282	577.9811	749.0897	852.3135	953.5667	1044.896	1131.142	1249.233	1327.138	1419.983	1513.928	1599.721
175.2	0	0	0	0.0488245	1.705911	45.493	282.98	577.7146	748.4968	852.0959	952.6161	1045.282	1130.864	1249.828	1326.344	1421.165	1515.895	1599.91
175.3	0	0	0	0.0488245	1.705911	45.56182	283.0588	577.8922	748.8921	851.5518	952.9725	1044.509	1128.921	1250.126	1325.549	1420.827	1514.822	1599.344
175.4	0	0	0	0.0488245	1.647086	45.56182	283.4529	578.3364	748.2991	850.79	952.8537	1044.251	1129.06	1251.763	1327.614	1419.983	1515.18	1600.099
175.5	0	0	0	0.0488245	1.588262	45.35535	284.0047	578.6917	748.8921	850.4635	952.6161	1044.896	1129.893	1251.912	1326.661	1419.645	1514.822	1599.91
175.6	0	0	0	0.0488245	1.529437	45.35535	284.0835	579.4022	748.8921	849.5929	952.2596	1043.865	1130.309	1250.423	1324.914	1419.814	1512.677	1599.344
175.7	0	0	0	0.0488245	1.529437	45.28653	283.6894	580.9123	748.1015	848.5047	953.0914	1043.607	1129.337	1250.126	1324.755	1419.814	1513.213	1599.344
175.8	0	0	0	0.0488245	1.588262	45.56182	283.2953	581.0011	748.8921	847.9606	953.329	1045.153	1129.754	1249.679	1323.326	1418.632	1511.425	1596.889
175.9	0	0	0	0.0488245	1.588262	45.42418	283.1376	580.5569	750.078	848.5047	953.8043	1044.38	1128.782	1249.382	1323.802	1419.476	1509.458	1598.777
176	0	0	0	0.0488245	1.588262	45.63065	283.0588	580.5569	750.2756	848.0694	954.2796	1045.153	1129.06	1248.191	1323.802	1420.996	1510.531	1598.777
176.1	0	0	0	0.0488245	1.588262	45.56182	283.6894	580.5569	750.3745	846.9811	953.2102	1046.441	1127.949	1247.149	1324.438	1422.009	1509.815	1599.721
176.2	0	0	0	0.0488245	1.588262	45.56182	284.32	581.0899	750.078	846.437	952.7349	1046.441	1128.643	1245.959	1324.279	1423.697	1512.498	1599.155
176.3	0	0	0	0.0488245	1.588262	45.69947	284.3988	580.3793	750.2756	847.1988	952.7349	1047.343	1130.17	1246.405	1323.485	1423.697	1513.571	1597.644
176.4	0	0	0	0.0488245	1.588262	45.83712	284.6353	579.9352	751.165	846.9811	952.7349	1047.987	1129.754	1245.215	1322.849	1423.191	1512.498	1598.777
176.5	0	0	0	0.0488245	1.588262	45.83712	285.4235	579.7576	750.7698	846.3282	952.2596	1048.76	1129.06	1245.959	1320.943	1423.697	1511.604	1597.833
176.6	0	0	0	0.0488245	1.588262	45.97477	285.5023	580.024	750.4733	844.4781	950.8337	1047.859	1130.309	1246.256	1321.261	1423.866	1512.677	1597.266
176.7	0	0	0	0.0488245	1.529437	46.04359	285.8965	579.7576	749.6827	844.6958	950.2396	1048.245	1130.726	1246.852	1320.785	1422.853	1514.644	1595.189
176.8	0	0	0	0.0488245	1.529437	46.04359	285.8177	579.6687	749.5839	843.4987	949.8831	1047.73	1130.031	1246.852	1319.037	1421.671	1513.213	1595.567
176.9	0	0	0	0.0488245	1.529437	46.04359	286.133	578.8693	748.398	843.934	949.6454	1048.374	1131.003	1246.108	1318.085	1421.84	1513.928	1596.511
177	0	0	0	0.0488245	1.588262	46.18124	286.0541	578.1587	748.5956	844.3693	949.1702	1047.859	1131.42	1246.405	1317.608	1419.645	1514.286	1596.322
177.1	0	0	0	0.0488245	1.588262	46.11242	286.2906	578.1587	749.2874	844.0428	950.1207	1046.57	1130.864	1245.512	1319.196	1420.658	1514.286	1595.001
177.2	0	0	0	0.0488245	1.588262	46.11242	286.3694	578.6028	748.4968	843.0634	950.0019	1047.343	1131.142	1244.619	1318.243	1421.671	1513.571	1595.378
177.3	0	0	0	0.0488245	1.588262	46.25007	286.0541	578.9581	747.8051	843.1722	949.8831	1046.441	1130.448	1242.982	1318.243	1419.814	1513.392	1593.868
177.4	0	0	0	0.0488245	1.588262	46.18124	286.0541	579.1358	747.1133	843.0634	949.8831	1046.699	1130.309	1242.536	1319.196	1419.476	1512.855	1594.057
177.5	0	0	0	0.0488245	1.588262	46.04359	286.6059	579.4911	747.6074	843.7164	950.3584	1045.926	1130.864	1242.536	1318.561	1417.619	1513.034	1594.812
177.6	0	0	0	0.0488245	1.588262	45.97477	286.9212	580.2905	748.398	844.4781	949.7643	1044.638	1130.587	1242.238	1317.926	1416.269	1510.888	1593.301
177.7	0	0	0	0.0488245	1.588262	45.90594	287.0789	581.0011	748.4968	845.6752	950.2396	1045.282	1130.17	1242.833	1318.72	1416.1	1510.888	1593.49
177.8	0	0	0	0.0488245	1.647086	45.83712	287.473	581.4452	747.9039	845.5664	949.8831	1045.153	1130.309	1242.685	1318.879	1416.1	1510.173	1593.49
177.9	0	0	0	0.0488245	1.647086	45.90594	287.2365	581.6229	747.9039	845.5664	949.5266	1044.767	1131.142	1242.387	1317.449	1415.425	1511.425	1594.057
178	0	0	0	0.0488245	1.647086	46.04359	286.9212	582.5111	748.0027	845.1311	949.4078	1043.736	1130.864	1241.048	1317.449	1415.594	1511.782	1593.49
178.1	0	0	0	0.0488245	1.647086	46.04359	286.8424	582.6888	746.9156	844.587	948.4572	1042.706	1130.864	1241.196	1317.449	1414.412	1511.246	1593.112
178.2	0	0	0	0.0488245	1.705911	46.04359	287.3941	582.7776	745.9274	843.6075	946.7936	1041.804	1130.031	1240.75	1319.196	1415.087	1512.677	1593.679
178.3	0	0	0	0.0488245	1.705911	45.83712	287.3153	581.9781	745.8286	843.4987	948.1007	1041.675	1129.754	1240.303	1319.037	1415.594	1512.498	1595.378
178.4	0	0	0	0.0488245	1.705911	45.83712	287.3941	580.7346	746.125	843.3899	949.0513	1040.129	1130.587	1241.048	1319.196	1415.087	1512.677	1596.7
178.5	0	0	0	0.0488245	1.705911	46.04359	288.6553	580.9123	746.4215	841.9752	949.289	1040.644	1130.448	1239.559	1321.42	1415.087	1512.677	1596.511
178.6	0	0	0	0.0488245	1.705911	46.04359	289.3647	581.6229	746.6191	842.5193	950.2396	1040.902	1131.142	1237.922	1322.849	1414.581	1511.246	1598.211
178.7	0	0	0	0.0488245	1.705911	46.04359	289.8377	582.4223	746.3227	842.4105	950.5961	1040.258	1129.893	1238.22	1321.102	1413.23	1510.888	1598.022
178.8	0	0	0	0.0488245	1.705911	46.18124	289.5224	582.4223	746.6191	843.7164	950.5961	1041.933	1129.06	1237.029	1322.373	1412.555	1510.888	1599.721
178.9	0	0	0	0.0488245	1.705911	46.11242	289.6801	582.4223	746.125	842.737	950.0019	1041.16	1128.366	1238.666	1323.643	1412.048	1511.961	1598.777
179	0	0	0	0.0488245	1.764735	46.11242	289.6012	582.5111	746.125	841.9752	948.9325	1041.675	1129.337	1238.071	1323.961	1411.035	1511.246	1599.155
179.1	0	0	0	0.0488245	1.764735	45.97477	289.8377	582.8664	745.4332	841.5399	949.4078	1041.546	1130.031	1239.262	1324.596	1410.529	1511.604	1598.777
179.2	0	0	0	0.0488245	1.82356	45.97477	290.3106	582.067	746.2238	841.6487	949.1702	1041.675	1131.281	1238.518	1322.532	1410.698	1513.213	1598.022
179.3	0	0	0	0.0488245	1.882384	46.11242	290.0742	582.3334	745.4332	841.2134	949.6454	1042.061	1129.337	1240.303	1321.896	1409.347	1513.392	1597.078
179.4	0	0	0	0.0488245	1.82356	46.04359	290.3895	581.9781	745.2356	840.7781	949.8831	1042.19	1130.17	1240.006	1322.055	1408.503	1513.928	1597.833
179.5	0	0	0	0.0488245	1.82356	45.97477	290.8624	582.3334	745.7297	840.0164	949.5266	1042.319	1130.309	1240.452	1323.326	1409.853	1513.571	1596.889
179.6	0	0	0	0.0488245	1.82356	45.97477	290.7048	582.3334	745.532	841.4311	949.289	1041.288	1128.643	1240.75	1323.326	1410.36	1513.749	1599.155
179.7	0	0	0	0.0488245	1.82356	46.04359	290.7836	581.8005	744.6426	841.8664	949.4078	1040.773	1128.643	1239.559	1323.167	1412.217	1511.961	1597.266
179.8	0	0	0	0.0488245	1.82356	45.83712	291.4142	582.4223	745.532	841.6487	950.2396	1040.773	1127.116	1239.857	1322.849	1413.399	1512.498	1597.266
179.9	0	0	0	0.0488245	1.82356	45.97477	291.4142	582.3334	746.0262	842.6282	950.3584	1040.773	1128.088	1237.922	1321.738	1412.217	1513.392	1598.211
180	0	0	0	0.0488245	1.82356	46.04359	291.1777	582.067	745.8286	841.4311	949.5266	1040.516	1128.921	1237.922	1322.532	1410.866	1514.644	1598.588
180.1	0	0	0	0.0488245	1.82356	46.18124	291.0201	583.3105	745.7297	841.6487	949.289	1039.743	1128.643	1237.327	1322.69	1411.373	1516.432	1598.211
180.2	0	0	0	0.0488245	1.82356	46.18124	290.153	583.6658	744.5438	841.6487	948.9325	1040.644	1129.476	1236.88	1323.961	1412.386	1516.611	1598.399
180.3	0	0	0	0.0488245	1.82356	46.25007	289.6012	583.0441	745.532	841.7576	949.0513	1040	1131.142	1236.88	1325.391	1412.892	1516.611	1599.532
180.4	0	0	0	0.0488245	1.882384	46.25007	289.6801	582.8664	744.8403	842.1929	949.0513	1040.773	1130.448	1236.136	1325.073	1414.074	1515.538	1599.155
180.5	0	0	0	0.0488245	1.882384	46.45654	289.6012	582.5111	745.038	842.737	947.5066	1040.387	1130.031	1236.732	1324.279	1413.568	1513.928	1598.399
180.6	0	0	0	0.0488245	1.882384	46.52536	289.0495	582.6888	745.2356	841.9752	947.3878	1039.485	1129.06	1236.285	1323.802	1414.243	1514.465	1601.043
180.7	0	0	0	0.0488245	1.882384	46.45654	289.1283	582.4223	746.4215	842.9546	946.6748	1038.97	1128.643	1237.029	1323.326	1412.892	1513.392	1602.176
180.8	0	0	0	0.0488245	1.882384	46.25007	289.2071	582.2446	746.9156	843.934	944.6548	1037.037	1128.921	1236.732	1323.008	1411.204	1513.571	1600.288
180.9	0	0	0	0.0488245	1.882384	46.31889	289.4436	582.8664	746.718	843.7164	944.536	1037.681	1128.227	1237.327	1323.643	1410.191	1513.749	1599.344
181	0	0	0	0.0488245	1.882384	46.38772	288.7342	582.4223	746.2238	843.4987	943.4666	1037.037	1128.921	1237.327	1323.485	1410.022	1514.286	1599.532
181.1	0	0	0	0.0488245	1.882384	46.45654	289.2859	582.3334	745.6309	842.9546	943.7042	1035.878	1129.337	1236.136	1323.167	1409.347	1513.392	1598.399
181.2	0	0	0	0.0488245	1.882384	46.59419	288.8918	582.9552	746.3227	842.3017	943.8231	1035.363	1129.754	1236.583	1321.896	1409.178	1513.213	1599.91
181.3	0	0	0	0.0488245	1.882384	46.38772	289.3647	583.3994	746.5203	842.8458	941.9219	1036.007	1129.893	1235.243	1322.055	1409.178	1512.677	1599.155
181.4	0	0	0	0.0488245	1.882384	46.52536	289.9165	583.577	745.8286	842.737	941.4465	1035.62	1130.031	1234.797	1322.055	1407.996	1512.677	1598.777
181.5	0	0	0	0.0488245	1.882384	46.59419	289.5224	583.577	746.4215	842.6282	941.5654	1035.363	1129.198	1236.136	1323.167	1407.828	1511.961	1598.399
181.6	0	0	0	0.0488245	1.882384	46.52536	290.0742	583.7546	747.3109	842.6282	940.7336	1034.461	1128.227	1236.88	1323.802	1407.49	1513.034	1599.155
181.7	0	0	0	0.0488245	1.82356	46.38772	290.7048	583.0441	746.8168	843.1722	942.516	1033.044	1127.672	1236.285	1324.12	1407.49	1512.14	1600.665
181.8	0	0	0	0.0488245	1.82356	46.25007	290.8624	583.2217	747.0145	842.3017	941.0901	1033.43	1127.255	1234.648	1323.008	1407.659	1510.709	1598.399
181.9	0	0	0	0.0488245	1.82356	45.97477	290.8624	582.5111	746.6191	842.3017	941.2089	1033.301	1127.672	1235.69	1323.485	1408.503	1511.604	1596.322
182	0	0	0	0.0488245	1.82356	46.38772	291.1777	582.9552	747.3109	843.1722	938.5948	1032.528	1126.422	1234.797	1323.326	1407.996	1509.636	1597.266
182.1	0	0	0	0.0488245	1.82356	46.38772	291.1777	582.4223	747.0145	842.8458	939.5453	1031.755	1126.7	1233.458	1321.896	1407.321	1509.279	1596.134
182.2	0	0	0	0.0488245	1.764735	46.38772	291.5718	582.5111	747.9039	842.1929	939.0701	1031.627	1127.533	1233.011	1322.532	1406.477	1508.206	1595.756
182.3	0	0	0	0.0488245	1.764735	46.38772	291.4142	581.5341	748.4968	841.9752	939.1889	1030.854	1127.672	1233.904	1323.008	1405.464	1507.669	1596.511
182.4	0	0	0	0.0488245	1.764735	46.73184	291.7295	581.4452	748.1015	841.9752	938.5948	1031.755	1128.643	1232.713	1323.326	1404.789	1508.206	1595.756
182.5	0	0	0	0.0488245	1.705911	46.80066	292.1236	581.0011	747.4097	841.7576	937.763	1029.179	1130.587	1233.011	1322.214	1404.282	1506.418	1595.756
182.6	0	0	0	0.0488245	1.764735	46.86949	292.2813	580.9123	747.6074	840.6693	939.3077	1028.535	1130.031	1233.606	1321.896	1402.256	1505.166	1595.001
182.7	0	0	0	0.0488245	1.764735	46.93831	292.0448	580.5569	748.4968	842.3017	940.9713	1028.792	1129.198	1232.713	1319.355	1401.075	1506.239	1592.735
182.8	0	0	0	0.0488245	1.764735	46.66301	292.833	580.2017	748.5956	842.8458	941.803	1029.437	1129.06	1233.458	1317.608	1402.763	1506.239	1592.546
182.9	0	0	0	0.0488245	1.764735	46.52536	293.4636	579.9352	748.9909	842.5193	941.6842	1030.21	1130.031	1230.779	1316.655	1403.269	1506.418	1590.469
183	0	0	0	0.0488245	1.764735	46.45654	293.8578	580.6458	748.8921	843.2811	942.1595	1029.823	1129.615	1230.927	1315.067	1405.295	1503.914	1590.658
183.1	0	0	0	0.0488245	1.764735	46.59419	294.0154	580.8234	749.1886	843.1722	941.3278	1029.308	1128.643	1231.672	1314.908	1406.983	1505.702	1590.469
183.2	0	0	0	0.0488245	1.764735	46.66301	294.0154	581.7117	750.2756	841.1046	940.8524	1029.823	1128.782	1231.969	1314.749	1406.646	1504.808	1588.958
183.3	0	0	0	0.0488245	1.764735	46.52536	293.7001	580.6458	750.078	840.9958	940.8524	1030.725	1128.782	1230.63	1313.955	1406.646	1504.093	1588.958
183.4	0	0	0	0.0488245	1.764735	46.45654	294.0942	580.5569	749.8804	840.9958	941.803	1031.24	1127.81	1230.035	1314.114	1406.983	1503.556	1590.091
183.5	0	0	0	0.0488245	1.82356	46.31889	294.3307	581.1787	750.078	840.3428	941.2089	1032.271	1126.839	1230.927	1315.385	1406.983	1505.881	1592.546
183.6	0	0	0	0.0488245	1.882384	46.31889	294.2519	581.7117	751.0662	840.0164	942.7536	1031.369	1126.977	1231.523	1316.179	1407.321	1504.093	1592.924
183.7	0	0	0	0.0488245	1.882384	46.31889	294.5672	582.5999	750.8686	840.7781	942.9913	1031.755	1125.45	1231.225	1316.814	1406.646	1504.629	1594.057
183.8	0	0	0	0.0488245	1.941209	46.52536	295.0401	582.4223	750.3745	841.6487	942.7536	1031.755	1124.201	1231.672	1315.543	1404.62	1502.841	1593.868
183.9	0	0	0	0.0488245	1.941209	46.52536	295.0401	582.5999	750.671	841.8664	942.9913	1030.338	1123.923	1230.183	1314.908	1404.282	1504.093	1593.49
184	0	0	0	0.0488245	1.941209	46.45654	294.8825	582.7776	751.758	842.084	942.9913	1030.338	1123.923	1230.035	1316.655	1404.958	1503.199	1592.924
184.1	0	0	0	0.0488245	1.941209	46.52536	295.3554	583.3105	751.165	841.8664	941.9219	1030.338	1123.646	1230.183	1316.814	1403.269	1501.768	1593.49
184.2	0	0	0	0.0488245	2.000033	46.66301	295.1978	582.9552	750.078	842.8458	941.2089	1030.081	1123.09	1231.076	1316.338	1402.425	1501.411	1593.49
184.3	0	0	0	0.0488245	2.000033	46.38772	295.119	583.1329	750.4733	842.3017	941.2089	1031.24	1122.119	1230.183	1318.085	1403.1	1502.484	1594.245
184.4	0	0	0	0.0488245	2.000033	46.38772	294.8036	584.6429	751.0662	841.8664	940.6148	1030.596	1121.286	1230.183	1317.608	1403.776	1501.053	1594.434
184.5	0	0	0	0.0488245	2.000033	46.52536	294.0154	584.4653	750.3745	842.084	939.783	1031.111	1122.257	1230.183	1317.132	1404.113	1500.516	1594.245
184.6	0	0	0	0.0488245	1.941209	46.31889	294.1731	584.6429	750.3745	841.4311	941.0901	1031.755	1122.813	1227.207	1317.926	1403.776	1500.695	1592.546
184.7	0	0	0	0.0488245	1.941209	46.25007	294.2519	584.8206	749.8804	842.6282	941.6842	1032.657	1124.201	1228.546	1316.814	1403.438	1500.874	1590.846
184.8	0	0	0	0.0488245	1.941209	46.45654	294.1731	584.5541	749.0897	842.4105	941.5654	1033.301	1123.784	1228.844	1315.861	1402.763	1499.443	1591.035
184.9	0	0	0	0.0488245	1.941209	46.59419	294.5672	584.6429	748.4968	842.3017	941.5654	1034.461	1123.784	1229.439	1315.543	1403.269	1499.98	1590.846
185	0	0	0	0.0488245	1.941209	46.86949	295.0401	583.8434	748.398	842.5193	941.0901	1036.522	1125.173	1229.29	1315.226	1403.945	1499.622	1593.49
185.1	0	0	0	0.0488245	1.941209	46.59419	294.7248	584.2876	747.9039	843.3899	940.3771	1036.651	1124.201	1227.653	1314.908	1404.451	1501.053	1593.679
185.2	0	0	0	0.0488245	2.000033	46.66301	294.8825	584.2876	747.6074	842.6282	940.9713	1034.847	1124.34	1226.165	1316.02	1402.932	1500.874	1592.168
185.3	0	0	0	0.0488245	2.000033	46.86949	295.5131	583.1329	747.7062	842.3017	938.7136	1035.234	1124.756	1226.76	1316.973	1403.438	1501.411	1591.791
185.4	0	0	0	0.0488245	2.000033	46.93831	295.7495	582.2446	748.1015	842.6282	937.6442	1034.461	1125.867	1226.463	1316.179	1402.932	1500.159	1591.413
185.5	0	0	0	0.0488245	1.941209	46.86949	295.5919	582.5999	747.4097	841.4311	936.6936	1034.461	1126.839	1226.165	1316.02	1402.594	1499.622	1591.035
185.6	0	0	0	0.0488245	2.000033	47.00714	295.2766	583.577	747.7062	841.9752	936.9312	1034.332	1128.088	1226.909	1316.338	1402.594	1499.443	1590.846
185.7	0	0	0	0.0488245	2.000033	46.93831	294.8036	582.5111	747.5085	840.7781	937.5253	1032.142	1126.561	1226.016	1317.132	1402.256	1501.053	1590.091
185.8	0	0	0	0.0488245	2.000033	47.00714	295.6707	581.3564	747.0145	839.5811	937.2877	1032.142	1126.7	1226.76	1315.702	1401.412	1500.695	1590.469
185.9	0	0	0	0.0488245	2.000033	47.21361	295.5131	581.2676	746.9156	839.2546	936.4559	1031.24	1125.728	1226.016	1315.385	1401.075	1500.159	1589.147
186	0	0	0	0.0488245	2.000033	47.35126	295.7495	580.7346	746.9156	838.8193	936.5748	1031.884	1123.507	1227.802	1314.273	1399.386	1500.159	1587.448
186.1	0	0	0	0.0488245	2.058858	47.35126	296.0648	579.7576	747.4097	838.0575	936.4559	1032.4	1124.201	1229.142	1314.114	1398.542	1499.265	1588.203
186.2	0	0	0	0.0488245	2.058858	47.28244	296.1437	579.6687	748.1015	838.8193	935.9807	1031.627	1123.646	1229.439	1315.543	1397.529	1498.192	1587.825
186.3	0	0	0	0.0488245	2.058858	47.14479	296.3801	580.4681	748.1015	837.6222	936.6936	1031.369	1123.784	1229.737	1315.702	1397.023	1498.192	1589.336
186.4	0	0	0	0.0488245	2.058858	47.28244	296.6166	580.1129	748.4968	837.2957	937.8818	1030.854	1123.923	1228.695	1315.543	1397.192	1498.549	1587.825
186.5	0	0	0	0.0488245	2.117682	47.62656	296.8531	580.5569	748.2991	838.384	939.0701	1029.565	1125.728	1230.63	1315.702	1397.023	1498.37	1589.147
186.6	0	0	0	0.0488245	2.117682	47.83303	296.6954	580.3793	748.0027	838.8193	939.3077	1028.535	1124.201	1232.118	1314.749	1397.36	1496.761	1589.525
186.7	0	0	0	0.0488245	2.117682	47.69538	296.3013	580.2905	748.2991	839.0369	939.5453	1028.664	1124.895	1232.565	1314.432	1395.672	1496.94	1589.147
186.8	0	0	0	0.0488245	2.117682	47.97068	296.3013	581.0011	748.9909	841.3223	939.6642	1028.921	1125.173	1230.779	1313.32	1394.997	1495.331	1589.147
186.9	0	0	0	0.0488245	2.117682	47.90186	296.3801	580.8234	748.1015	840.9958	939.4265	1027.633	1123.923	1230.183	1315.226	1395.672	1494.973	1587.825
187	0	0	0	0.0488245	2.117682	48.03951	296.1437	580.9123	747.8051	840.4517	938.2383	1026.603	1122.951	1230.63	1315.385	1393.984	1494.794	1589.902
187.1	0	0	0	0.0488245	2.176507	47.97068	295.7495	580.5569	747.6074	841.1046	938.5948	1026.603	1122.674	1230.035	1314.273	1394.322	1494.079	1588.392
187.2	0	0	0	0.0488245	2.235331	47.76421	295.6707	580.9123	746.9156	841.8664	938.8324	1026.603	1121.563	1229.588	1313.479	1394.997	1495.509	1589.336
187.3	0	0	0	0.0488245	2.176507	47.90186	296.0648	580.9123	747.1133	841.7576	938.2383	1027.118	1121.286	1230.63	1314.114	1395.166	1495.331	1590.846
187.4	0	0	0	0.0488245	2.235331	47.90186	296.1437	580.8234	747.3109	842.8458	939.0701	1027.247	1121.008	1230.035	1316.338	1397.192	1495.867	1590.846
187.5	0	0	0	0.0488245	2.235331	48.03951	296.1437	581.0899	747.3109	843.0634	938.476	1027.375	1119.758	1230.332	1315.702	1397.023	1496.225	1591.035
187.6	0	0	0	0.0488245	2.235331	48.03951	295.9072	581.7117	748.2991	842.5193	938.5948	1027.762	1120.314	1230.779	1315.067	1398.373	1497.298	1588.392
187.7	0	0	0	0.0488245	2.235331	48.17715	295.5919	581.9781	747.3109	843.7164	938.9512	1028.148	1119.481	1230.779	1312.526	1398.373	1496.046	1588.392
187.8	0	0	0	0.0488245	2.235331	48.17715	295.8284	581.1787	747.3109	845.1311	940.3771	1028.535	1118.787	1231.225	1313.32	1398.542	1495.688	1588.958
187.9	0	0	0	0.0488245	2.235331	48.03951	296.1437	581.5341	748.4968	845.2399	940.1395	1027.891	1117.676	1231.82	1314.432	1397.529	1494.973	1588.014
188	0	0	0	0.0488245	2.235331	48.03951	296.0648	581.8005	748.0027	843.8252	940.2583	1027.247	1117.398	1231.076	1315.543	1397.529	1494.436	1587.259
188.1	0	0	0	0.0488245	2.235331	48.10833	296.3801	582.5111	747.3109	841.8664	940.2583	1027.247	1118.231	1231.374	1315.861	1397.867	1494.973	1586.126
188.2	0	0	0	0.0488245	2.235331	48.10833	296.3013	582.1558	747.4097	841.1046	940.2583	1026.86	1117.954	1232.565	1316.179	1398.711	1493.363	1585.748
188.3	0	0	0	0.0488245	2.235331	47.90186	296.3801	582.7776	747.0145	839.9075	939.5453	1027.762	1117.398	1231.672	1315.385	1398.373	1494.258	1583.86
188.4	0	0	0	0.0488245	2.235331	47.76421	295.9072	583.1329	747.2121	841.1046	938.8324	1029.308	1117.398	1232.862	1313.637	1396.685	1493.363	1585.559
188.5	0	0	0	0.0488245	2.235331	47.42009	295.9072	584.1099	747.3109	841.7576	938.2383	1030.338	1117.954	1234.35	1313.002	1396.01	1492.827	1585.371
188.6	0	0	0	0.0488245	2.235331	47.21361	296.5378	583.8434	747.2121	841.5399	939.4265	1029.694	1116.843	1233.16	1312.367	1394.659	1494.615	1585.371
188.7	0	0	0	0.0488245	2.235331	47.35126	296.8531	582.7776	746.718	841.3223	938.8324	1029.694	1116.288	1233.011	1310.62	1394.49	1493.542	1584.993
188.8	0	0	0	0.0488245	2.235331	47.55773	297.0896	582.067	746.0262	841.1046	939.6642	1030.467	1116.843	1231.523	1310.461	1394.322	1493.542	1585.748
188.9	0	0	0	0.0488245	2.235331	47.42009	296.3013	581.2676	745.038	839.7987	940.0207	1030.854	1117.121	1230.63	1310.938	1396.348	1494.615	1588.392
189	0	0	0	0.0488245	2.235331	47.28244	296.2225	581.6229	744.1485	839.5811	938.3571	1029.565	1118.093	1231.374	1309.984	1394.153	1494.615	1588.203
189.1	0	0	0	0.0488245	2.294156	47.28244	297.0896	581.3564	743.3579	839.5811	938.8324	1029.05	1118.926	1231.076	1309.508	1395.166	1493.542	1589.336
189.2	0	0	0	0.0488245	2.235331	47.48891	297.326	582.1558	743.3579	839.3634	939.0701	1029.694	1118.231	1231.225	1308.396	1394.322	1494.079	1588.958
189.3	0	0	0	0.0488245	2.235331	47.48891	297.7202	581.8005	742.8638	838.9281	938.1194	1029.05	1120.175	1231.225	1308.396	1396.01	1494.794	1588.014
189.4	0	0	0	0.0488245	2.235331	47.21361	297.799	581.3564	742.1721	838.384	938.9512	1028.664	1118.926	1230.779	1309.032	1395.841	1495.509	1587.448
189.5	0	0	0	0.0488245	2.235331	47.35126	297.9566	581.7117	741.4803	840.1252	938.7136	1029.823	1120.869	1231.969	1307.602	1397.023	1495.688	1586.315
189.6	0	0	0	0.0488245	2.294156	47.35126	298.2719	581.8005	740.8873	839.2546	938.476	1030.983	1121.286	1231.523	1307.443	1396.516	1495.867	1586.692
189.7	0	0	0	0.0488245	2.294156	47.42009	298.4296	582.6888	740.5908	839.2546	938.8324	1030.983	1120.453	1231.523	1307.285	1396.348	1496.761	1587.07
189.8	0	0	0	0.0488245	2.294156	47.42009	298.9814	581.9781	740.8873	839.2546	938.9512	1030.081	1120.869	1230.183	1308.396	1395.335	1494.258	1586.881
189.9	0	0	0	0.0488245	2.294156	47.62656	298.2719	581.5341	740.1956	839.2546	939.1889	1029.565	1120.591	1229.439	1308.555	1394.828	1495.867	1586.881
190	0	0	0	0.0488245	2.294156	47.42009	298.5084	583.2217	739.405	839.3634	938.9512	1030.21	1120.453	1229.588	1307.92	1393.815	1494.079	1586.881
190.1	0	0	0	0.0488245	2.35298	47.35126	298.666	583.577	739.405	839.0369	938.1194	1030.081	1120.036	1230.63	1307.92	1394.49	1495.152	1586.504
190.2	0	0	0	0.0488245	2.35298	47.35126	298.9814	583.1329	740.1956	839.2546	937.5253	1029.952	1121.98	1230.927	1307.443	1394.997	1494.973	1586.126
190.3	0	0	0	0.0488245	2.35298	47.21361	298.5084	583.1329	739.8002	839.5811	936.8124	1029.179	1121.841	1230.481	1308.237	1395.841	1493.721	1585.559
190.4	0	0	0	0.0488245	2.35298	47.28244	298.9814	582.6888	739.7014	839.4722	935.5053	1030.081	1121.147	1228.397	1307.92	1396.516	1493.185	1585.937
190.5	0	0	0	0.0488245	2.35298	47.07596	299.3755	583.2217	739.9979	838.6016	934.3171	1030.725	1121.702	1227.802	1307.92	1396.854	1493.185	1584.049
190.6	0	0	0	0.0488245	2.35298	47.21361	299.7696	582.8664	740.492	837.5134	933.4853	1029.952	1121.841	1227.653	1307.126	1396.685	1493.721	1583.671
190.7	0	0	0	0.0488245	2.35298	47.21361	299.3755	583.0441	740.7885	837.5134	933.9606	1029.694	1122.396	1227.356	1306.173	1396.01	1493.363	1583.105
190.8	0	0	0	0.0488245	2.35298	47.21361	299.5331	582.7776	741.4803	837.731	933.723	1029.694	1123.368	1225.719	1306.332	1398.205	1492.291	1582.727
190.9	0	0	0	0.0488245	2.294156	47.48891	299.2967	582.6888	740.7885	837.5134	932.8912	1029.694	1123.368	1224.826	1307.285	1397.192	1492.291	1583.482
191	0	0	0	0.0488245	2.294156	47.69538	299.2967	583.1329	740.9861	836.7516	934.7924	1028.792	1123.229	1225.123	1306.808	1396.01	1493.006	1583.482
191.1	0	0	0	0.0488245	2.35298	47.90186	298.5872	583.1329	740.8873	836.6428	935.1489	1029.05	1124.201	1223.933	1308.873	1394.997	1492.291	1581.594
191.2	0	0	0	0.0488245	2.35298	47.83303	298.7449	584.0211	741.1838	836.8605	935.6241	1029.565	1125.034	1224.826	1308.714	1395.335	1491.218	1581.783
191.3	0	0	0	0.0488245	2.294156	47.83303	298.7449	584.1988	740.6897	838.1663	935.9807	1028.535	1124.34	1224.974	1308.396	1395.166	1491.039	1581.972
191.4	0	0	0	0.0488245	2.294156	47.55773	298.666	583.7546	740.3932	838.1663	936.8124	1028.664	1123.646	1225.719	1309.19	1394.153	1491.039	1581.972
191.5	0	0	0	0.0488245	2.294156	47.69538	298.9025	583.9323	740.9861	838.0575	936.0994	1028.535	1122.674	1225.123	1309.667	1392.296	1492.648	1581.216
191.6	0	0	0	0.0488245	2.235331	47.62656	298.9025	584.1988	740.6897	837.6222	936.2183	1026.345	1121.008	1224.974	1310.143	1392.296	1492.469	1580.839
191.7	0	0	0	0.0488245	2.235331	47.55773	299.4543	583.7546	740.5908	836.9693	936.3371	1025.314	1120.036	1226.165	1309.19	1390.776	1491.218	1580.272
191.8	0	0	0	0.0488245	2.235331	47.55773	299.7696	583.2217	740.2944	837.6222	934.9112	1024.928	1120.869	1227.058	1309.19	1391.114	1490.323	1579.517
191.9	0	0	0	0.0488245	2.235331	47.48891	300.479	583.2217	739.5038	837.187	934.1982	1024.541	1121.286	1226.76	1308.079	1390.776	1489.608	1580.461
192	0	0	0	0.0488245	2.235331	47.55773	301.0308	583.3105	738.812	837.187	934.1982	1024.928	1120.036	1226.463	1308.714	1389.088	1489.429	1580.839
192.1	0	0	0	0.0488245	2.294156	47.62656	300.8731	582.2446	739.8002	836.534	934.3171	1024.67	1119.62	1227.653	1308.079	1386.893	1489.072	1583.105
192.2	0	0	0	0.09764901	2.294156	47.69538	301.2673	582.3334	740.5908	835.6634	933.8418	1025.443	1119.62	1225.719	1309.19	1388.075	1487.82	1581.972
192.3	0	0	0	0.09764901	2.294156	47.55773	301.1096	582.5111	740.492	835.5546	934.0795	1025.443	1119.342	1226.909	1309.667	1385.712	1486.389	1582.349
192.4	0	0	0	0.09764901	2.294156	47.76421	301.2673	582.5111	740.5908	834.3575	934.1982	1025.314	1119.203	1226.909	1309.508	1385.374	1487.105	1580.839
192.5	0	0	0	0.09764901	2.294156	47.62656	301.3461	582.7776	740.5908	834.5751	934.3171	1025.958	1119.897	1226.76	1310.143	1385.712	1486.21	1579.139
192.6	0	0	0	0.09764901	2.294156	47.42009	301.4249	582.2446	739.8002	835.2281	934.1982	1025.185	1118.787	1228.249	1309.349	1386.556	1488.177	1578.762
192.7	0	0	0	0.09764901	2.35298	47.55773	301.3461	583.0441	739.899	835.1193	934.5547	1025.443	1118.787	1228.1	1309.349	1385.543	1487.462	1578.195
192.8	0	0	0	0.09764901	2.294156	47.48891	301.3461	583.6658	739.0096	835.3369	933.01	1024.155	1120.314	1228.695	1309.984	1388.582	1486.032	1578.951
192.9	0	0	0	0.09764901	2.235331	47.76421	301.7402	583.577	739.7014	835.2281	931.7029	1024.412	1121.147	1228.249	1309.508	1388.413	1486.568	1579.517
193	0	0	0	0.09764901	2.176507	47.55773	301.819	583.577	738.9108	835.2281	932.0594	1023.511	1120.73	1228.844	1309.667	1388.919	1485.495	1578.573
193.1	0	0	0	0.09764901	2.235331	47.42009	301.0308	583.6658	739.3062	835.3369	932.0594	1022.738	1119.481	1228.397	1308.714	1389.088	1483.528	1578.006
193.2	0	0	0	0.09764901	2.235331	47.28244	301.2673	584.4653	739.3062	834.4663	931.2277	1022.609	1118.648	1227.653	1309.19	1389.088	1484.959	1578.006
193.3	0	0	0	0.09764901	2.235331	47.28244	301.5826	584.3764	738.812	832.7251	930.277	1022.222	1118.509	1227.058	1308.396	1390.101	1484.78	1577.629
193.4	0	0	0	0.09764901	2.235331	47.35126	301.4249	584.9982	738.5155	833.2692	931.2277	1021.836	1117.537	1227.058	1308.396	1391.789	1484.959	1577.818
193.5	0	0	0	0.09764901	2.235331	47.48891	301.5826	585.2646	737.0331	833.8134	931.4653	1023.253	1117.676	1227.058	1306.967	1390.27	1484.065	1577.062
193.6	0	0	0	0.09764901	2.235331	47.42009	301.1884	584.9982	736.9343	834.684	930.99	1024.799	1118.648	1225.719	1306.49	1389.594	1486.21	1576.307
193.7	0	0	0	0.09764901	2.235331	47.42009	300.6367	584.1099	737.7249	834.684	931.2277	1023.253	1118.926	1227.058	1306.808	1389.763	1487.105	1575.363
193.8	0	0	0	0.09764901	2.235331	47.76421	300.8731	584.6429	736.9343	835.1193	930.8712	1023.382	1119.064	1225.57	1306.49	1386.893	1485.853	1575.363
193.9	0	0	0	0.09764901	2.235331	47.83303	300.5578	584.9982	736.2426	834.684	930.3959	1023.64	1120.175	1225.272	1307.126	1387.231	1487.105	1576.118
194	0	0	0	0.09764901	2.235331	47.76421	300.2426	585.1758	736.1437	833.7045	930.6335	1022.738	1119.897	1224.826	1309.032	1386.049	1487.462	1577.251
194.1	0	0	0	0.09764901	2.235331	47.76421	299.6119	584.9982	736.8355	834.684	930.3959	1022.351	1119.62	1224.23	1308.714	1387.062	1486.389	1575.552
194.2	0	0	0	0.09764901	2.235331	47.90186	299.2967	584.9094	736.1437	834.7928	931.9406	1021.965	1120.036	1225.272	1309.508	1386.893	1486.032	1575.174
194.3	0	0	0	0.09764901	2.235331	47.90186	299.2178	584.5541	735.9461	834.2487	931.7029	1021.321	1120.175	1225.867	1307.92	1387.062	1483.528	1574.23
194.4	0	0	0	0.09764901	2.235331	47.83303	298.8237	584.1988	735.3531	834.031	931.5841	1022.351	1119.758	1224.677	1308.396	1386.218	1485.316	1573.286
194.5	0	0	0	0.09764901	2.235331	47.76421	299.0602	583.1329	734.6614	834.4663	932.0594	1022.48	1119.62	1224.528	1307.92	1387.231	1485.674	1573.852
194.6	0	0	0	0.09764901	2.235331	47.76421	298.8237	582.9552	733.8708	834.2487	932.5347	1022.867	1118.926	1223.635	1306.808	1387.231	1486.389	1576.307
194.7	0	0	0	0.09764901	2.176507	47.62656	298.8237	582.8664	732.6849	834.2487	932.2971	1022.738	1118.231	1222.147	1307.761	1387.906	1488.356	1575.552
194.8	0	0	0	0.09764901	2.235331	47.69538	298.9814	582.7776	732.7837	833.7045	932.7723	1022.738	1118.926	1221.7	1306.967	1388.919	1485.853	1575.174
194.9	0	0	0	0.09764901	2.235331	47.55773	299.6119	583.0441	732.2896	833.9222	933.1288	1022.867	1119.897	1221.849	1306.014	1389.594	1484.601	1574.608
195	0	0	0	0.09764901	2.235331	47.69538	298.8237	583.0441	731.7955	833.0516	932.7723	1022.609	1119.62	1220.51	1303.473	1392.296	1483.886	1574.985
195.1	0	0	0	0.09764901	2.235331	47.62656	299.2178	583.577	731.6967	832.2898	933.2477	1021.321	1119.064	1221.254	1304.108	1392.802	1484.78	1574.23
195.2	0	0	0	0.09764901	2.235331	47.48891	299.3755	583.577	732.3884	832.5074	932.8912	1021.965	1118.787	1219.766	1302.679	1392.633	1485.316	1572.153
195.3	0	0	0	0.09764901	2.235331	47.62656	299.6119	583.1329	731.5978	834.1398	932.8912	1022.609	1117.537	1219.914	1303.155	1392.802	1484.78	1572.153
195.4	0	0	0	0.09764901	2.235331	47.48891	300.0061	583.7546	732.4872	833.7045	933.6041	1023.124	1116.288	1220.361	1303.632	1392.971	1485.138	1570.831
195.5	0	0	0	0.09764901	2.235331	47.62656	300.3214	583.3994	731.7955	833.4869	932.1782	1023.897	1116.704	1220.956	1303.632	1391.114	1486.747	1570.642
195.6	0	0	0	0.09764901	2.235331	47.69538	300.3214	582.6888	731.8943	833.5957	932.7723	1022.867	1116.01	1223.04	1304.743	1390.101	1487.641	1568.754
195.7	0	0	0	0.09764901	2.294156	47.62656	300.8731	582.7776	731.0049	833.3781	932.8912	1023.64	1115.038	1222.593	1302.52	1388.582	1488.356	1569.509
195.8	0	0	0	0.09764901	2.294156	47.55773	300.952	583.3994	731.4001	833.2692	932.6536	1022.609	1115.455	1223.486	1301.885	1388.413	1487.283	1570.265
195.9	0	0	0	0.09764901	2.294156	47.69538	301.819	583.7546	731.7955	833.3781	932.5347	1022.738	1114.9	1223.784	1300.614	1390.101	1486.747	1569.32
196	0	0	0	0.09764901	2.294156	47.69538	301.5826	584.3764	732.0919	834.2487	931.7029	1022.48	1115.871	1223.486	1299.82	1389.257	1485.853	1569.509
196.1	0	0	0	0.09764901	2.294156	47.69538	301.3461	584.6429	731.8943	833.5957	932.1782	1022.351	1116.01	1223.337	1300.296	1389.088	1485.495	1567.999
196.2	0	0	0	0.09764901	2.235331	47.55773	302.0555	584.2876	731.9931	833.2692	931.3465	1021.965	1116.01	1222.593	1299.82	1387.569	1484.78	1566.677
196.3	0	0	0	0.09764901	2.235331	47.62656	302.4496	584.1099	732.1907	833.0516	930.6335	1020.805	1115.594	1223.486	1299.343	1386.049	1485.138	1567.999
196.4	0	0	0	0.09764901	2.176507	47.62656	302.3708	584.2876	731.4001	833.3781	930.1582	1020.29	1114.483	1221.849	1298.39	1384.53	1484.959	1569.132
196.5	0	0	0	0.09764901	2.176507	47.69538	301.819	584.2876	731.1037	833.9222	930.8712	1018.744	1115.594	1222.593	1299.343	1385.712	1483.886	1569.887
196.6	0	0	0	0.09764901	2.117682	47.69538	302.1343	584.6429	730.7084	834.7928	930.3959	1018.358	1114.9	1222.742	1298.549	1386.387	1482.992	1569.698
196.7	0	0	0	0.09764901	2.117682	47.76421	301.819	583.9323	730.6096	834.4663	931.3465	1017.069	1114.483	1223.337	1299.026	1386.893	1483.17	1570.265
196.8	0	0	0	0.09764901	2.117682	47.90186	301.7402	583.577	730.2143	834.4663	931.8218	1017.198	1115.594	1223.337	1298.708	1387.062	1484.78	1569.887
196.9	0	0	0	0.09764901	2.117682	48.24598	301.6614	582.4223	730.4119	835.1193	932.4159	1016.941	1116.288	1224.23	1298.549	1387.062	1483.886	1568.943
197	0	0	0	0.09764901	2.117682	47.90186	300.952	583.0441	730.7084	834.2487	932.0594	1017.456	1116.982	1223.784	1298.708	1385.036	1484.065	1568.943
197.1	0	0	0	0.09764901	2.117682	47.90186	301.5037	583.2217	730.7084	834.3575	931.4653	1017.842	1117.537	1225.272	1298.549	1387.231	1483.886	1570.453
197.2	0	0	0	0.09764901	2.117682	48.17715	302.1343	582.6888	730.5107	832.9427	929.8018	1016.941	1117.398	1224.23	1298.867	1386.724	1482.813	1570.831
197.3	0	0	0	0.09764901	2.058858	48.5901	301.819	581.8893	729.9178	832.5074	929.5641	1014.879	1116.427	1224.082	1296.326	1385.374	1483.528	1569.698
197.4	0	0	0	0.09764901	2.058858	48.72775	301.819	582.067	730.1154	832.7251	929.9206	1014.751	1115.594	1224.826	1295.531	1384.361	1483.886	1569.887
197.5	0	0	0	0.09764901	2.058858	48.72775	302.1343	581.9781	729.9178	832.2898	930.8712	1015.137	1115.455	1224.082	1294.578	1384.192	1483.17	1570.076
197.6	0	0	0	0.09764901	2.058858	48.72775	302.5284	582.4223	729.4236	832.2898	930.277	1014.751	1116.566	1224.677	1295.531	1385.88	1480.667	1569.698
197.7	0	0	0	0.09764901	2.058858	48.5901	302.5284	582.3334	729.3248	831.9633	930.1582	1015.652	1116.704	1224.528	1294.896	1385.205	1480.309	1569.132
197.8	0	0	0	0.09764901	2.000033	48.65892	302.1343	582.2446	728.9296	832.6163	930.277	1015.524	1117.398	1224.677	1293.943	1385.205	1480.488	1569.887
197.9	0	0	0	0.09764901	2.000033	48.79657	302.1343	582.4223	730.8072	830.7663	930.0394	1015.781	1116.704	1223.337	1293.308	1385.543	1481.919	1571.209
198	0	0	0	0.09764901	2.000033	48.93422	302.2132	582.1558	730.7084	830.8751	929.6829	1016.941	1115.455	1223.933	1292.355	1386.893	1480.667	1571.775
198.1	0	0	0	0.09764901	2.000033	49.00305	302.292	581.6229	730.6096	830.6575	928.0194	1015.395	1114.761	1222.147	1293.784	1387.231	1481.203	1571.775
198.2	0	0	0	0.09764901	2.000033	48.5901	301.8979	581.7117	729.4236	830.6575	928.1382	1014.879	1113.511	1221.403	1294.261	1385.88	1480.309	1569.698
198.3	0	0	0	0.09764901	2.000033	48.65892	302.3708	582.6888	729.6213	829.4604	928.6135	1014.364	1112.123	1220.956	1294.578	1385.712	1480.309	1567.81
198.4	0	0	0	0.09764901	2.000033	49.1407	303.2379	582.6888	729.6213	828.3721	929.6829	1015.008	1111.151	1220.51	1295.055	1386.387	1480.667	1567.81
198.5	0	0	0	0.09764901	2.000033	49.07187	302.7649	582.7776	729.4236	827.3927	929.3265	1015.008	1110.457	1222.296	1296.484	1387.062	1479.952	1567.999
198.6	0	0	0	0.09764901	1.941209	49.07187	302.6073	582.5111	729.226	827.828	929.0888	1015.91	1109.902	1223.337	1296.008	1388.413	1478.521	1566.677
198.7	0	0	0	0.09764901	2.000033	49.07187	302.292	582.4223	729.3248	828.3721	928.6135	1017.069	1110.041	1225.272	1296.643	1389.594	1477.984	1568.565
198.8	0	0	0	0.09764901	2.058858	48.93422	301.3461	582.7776	729.4236	828.6986	929.3265	1016.683	1109.763	1224.826	1297.279	1388.582	1478.342	1570.642
198.9	0	0	0	0.09764901	2.058858	49.00305	301.3461	582.5999	729.6213	828.2633	929.9206	1017.971	1110.735	1223.337	1297.755	1385.712	1477.448	1570.831
199	0	0	0	0.09764901	2.058858	49.00305	300.952	583.1329	729.6213	827.7192	929.2076	1018.487	1110.18	1222.296	1297.12	1385.712	1477.09	1569.887
199.1	0	0	0	0.09764901	2.058858	49.00305	300.1637	582.5999	728.6331	828.0457	928.3759	1017.714	1111.151	1221.254	1297.12	1384.53	1478.163	1571.398
199.2	0	0	0	0.09764901	2.058858	49.00305	300.479	582.3334	728.2378	829.2427	928.257	1017.971	1110.318	1220.063	1297.755	1383.179	1477.806	1571.02
199.3	0	0	0	0.09764901	2.058858	49.27835	300.6367	582.3334	727.546	828.6986	928.1382	1018.487	1109.208	1219.17	1296.643	1383.179	1477.984	1571.209
199.4	0	0	0	0.09764901	2.058858	49.20952	300.4002	581.3564	727.2495	827.9368	927.7817	1018.358	1110.18	1218.724	1296.008	1383.854	1478.163	1571.209
199.5	0	0	0	0.09764901	2.058858	49.20952	300.1637	580.8234	726.2613	827.7192	928.257	1018.615	1110.874	1218.724	1295.849	1383.348	1478.521	1570.453
199.6	0	0	0	0.09764901	2.058858	49.1407	300.1637	580.3793	726.4589	826.7397	928.0194	1019.131	1110.457	1218.873	1295.531	1383.854	1479.057	1570.453
199.7	0	0	0	0.09764901	2.058858	49.00305	300.4002	580.4681	726.1625	827.0662	927.9006	1018.1	1110.735	1218.873	1295.531	1383.854	1480.309	1569.132
199.8	0	0	0	0.09764901	2.058858	49.34717	300.4002	580.1129	725.9648	827.6104	928.257	1018.615	1111.151	1219.468	1294.737	1382.842	1478.879	1567.432
199.9	0	0	0	0.09764901	2.058858	49.34717	300.8731	580.024	725.9648	827.2839	928.4947	1015.524	1111.429	1219.766	1295.373	1381.322	1478.521	1566.866
200	0	0	0	0.09764901	2.058858	49.27835	300.7943	580.5569	725.5695	827.7192	928.3759	1015.266	1110.318	1218.426	1296.008	1383.348	1477.806	1565.922
200.1	0	0	0	0.09764901	2.058858	49.416	300.7943	579.9352	725.3719	827.2839	927.5441	1015.781	1109.902	1217.831	1295.214	1382.673	1477.448	1566.299
200.2	0	0	0	0.09764901	2.058858	49.34717	300.479	580.3793	725.866	827.7192	927.6629	1015.781	1110.041	1218.873	1294.578	1383.517	1476.554	1567.055
200.3	0	0	0	0.09764901	2.117682	49.62247	300.5578	580.3793	724.9766	826.7397	926.7123	1015.652	1110.18	1219.766	1296.167	1382.335	1476.733	1566.299
200.4	0	0	0	0.09764901	2.117682	49.69129	300.479	581.2676	723.6918	827.2839	926.8311	1015.137	1110.18	1219.617	1295.849	1381.829	1476.375	1565.166
200.5	0	0	0	0.09764901	2.117682	49.62247	300.0849	581.5341	723.6918	828.481	927.3065	1014.751	1111.29	1220.063	1296.484	1382.842	1474.05	1564.789
200.6	0	0	0	0.09764901	2.117682	49.48482	300.0061	581.2676	723.6918	827.828	928.1382	1013.978	1111.984	1220.51	1295.214	1384.361	1473.693	1564.978
200.7	0	0	0	0.09764901	2.117682	49.34717	300.0849	581.2676	724.4824	827.828	928.257	1014.493	1111.707	1220.212	1296.802	1385.205	1473.872	1565.733
200.8	0	0	0	0.09764901	2.117682	49.62247	299.8484	582.067	724.8777	827.5015	928.0194	1013.978	1111.568	1221.552	1296.643	1384.023	1472.083	1565.166
200.9	0	0	0	0.09764901	2.117682	49.62247	300.2426	581.4452	724.7789	828.6986	928.97	1014.751	1111.707	1222.296	1298.232	1383.854	1470.832	1565.922
201	0	0	0	0.09764901	2.117682	49.76012	300.4002	582.067	725.2731	828.5898	928.3759	1016.297	1111.984	1220.956	1299.026	1385.374	1469.58	1566.299
201.1	0	0	0	0.09764901	2.117682	49.62247	300.8731	582.067	725.1742	829.1339	930.0394	1017.842	1113.789	1220.956	1299.343	1386.893	1469.043	1566.11
201.2	0	0	0	0.09764901	2.117682	49.82894	301.1096	581.6229	726.5577	830.8751	930.0394	1017.327	1114.067	1220.807	1297.279	1385.712	1468.686	1564.222
201.3	0	0	0	0.09764901	2.117682	49.55364	300.7155	581.6229	726.4589	830.7663	928.7324	1018.615	1113.511	1220.807	1296.008	1385.374	1468.507	1564.411
201.4	0	0	0	0.09764901	2.117682	49.55364	301.1096	581.7117	725.5695	830.331	929.4453	1017.456	1113.928	1220.956	1295.214	1385.374	1468.865	1564.789
201.5	0	0	0	0.09764901	2.058858	49.76012	301.5037	581.0899	725.3719	829.0251	930.6335	1016.683	1113.511	1219.766	1296.643	1385.88	1469.937	1564.789
201.6	0	0	0	0.09764901	2.058858	49.89777	301.5037	581.4452	725.3719	827.6104	930.3959	1016.297	1113.511	1219.468	1296.643	1384.699	1468.149	1564.411
201.7	0	0	0	0.09764901	2.058858	49.82894	301.2673	581.3564	725.4707	826.1956	930.277	1017.069	1113.928	1217.98	1296.008	1383.686	1467.613	1566.677
201.8	0	0	0	0.09764901	2.058858	49.76012	301.2673	581.4452	724.9766	826.5221	929.8018	1017.069	1112.262	1217.682	1297.914	1384.023	1468.686	1565.355
201.9	0	0	0	0.09764901	2.058858	49.76012	301.5037	582.1558	724.4824	825.6516	929.8018	1017.198	1112.54	1216.789	1296.961	1383.686	1467.076	1564.789
202	0	0	0	0.09764901	2.058858	49.76012	301.819	581.4452	724.5813	825.2162	928.3759	1017.069	1112.54	1217.236	1297.755	1385.036	1467.613	1564.033
202.1	0	0	0	0.09764901	2.058858	49.76012	301.3461	581.4452	725.0754	825.4339	929.3265	1017.069	1111.29	1216.343	1299.026	1383.517	1467.076	1564.978
202.2	0	0	0	0.09764901	2.000033	49.82894	301.819	581.6229	724.6801	824.5633	929.3265	1016.941	1110.735	1213.962	1299.502	1383.179	1466.182	1565.166
202.3	0	0	0	0.09764901	2.058858	49.89777	302.2132	581.5341	724.9766	824.128	929.6829	1017.585	1110.18	1213.664	1298.867	1384.192	1466.361	1567.243
202.4	0	0	0	0.09764901	2.058858	49.69129	302.5284	582.067	724.6801	823.9103	929.0888	1017.585	1109.347	1213.366	1298.232	1383.179	1466.897	1567.621
202.5	0	0	0	0.09764901	2.058858	49.69129	302.2132	581.8893	724.6801	824.0192	928.4947	1017.198	1108.93	1212.176	1298.232	1383.854	1466.361	1569.132
202.6	0	0	0	0.09764901	2.058858	49.76012	302.1343	580.9123	723.9883	824.0192	929.2076	1019.517	1109.763	1212.473	1299.343	1384.53	1466.182	1568.565
202.7	0	0	0	0.09764901	2.058858	49.76012	302.6073	581.1787	722.4072	824.4545	930.3959	1020.934	1110.18	1211.58	1300.932	1382.842	1466.182	1567.621
202.8	0	0	0	0.09764901	2.058858	50.03542	302.6861	581.0899	723.593	824.4545	930.7524	1020.29	1111.429	1210.092	1300.932	1384.192	1466.182	1565.544
202.9	0	0	0	0.09764901	2.058858	50.03542	302.0555	581.5341	723.3954	824.5633	929.8018	1020.419	1110.457	1210.39	1300.455	1384.361	1466.54	1565.733
203	0	0	0	0.09764901	2.058858	50.17307	302.292	581.0899	723.8895	824.128	929.3265	1020.161	1109.347	1210.836	1300.296	1381.997	1468.507	1564.6
203.1	0	0	0	0.09764901	2.058858	50.44836	302.3708	580.8234	723.1978	823.8015	927.5441	1019.775	1110.18	1212.324	1299.661	1382.504	1466.003	1563.089
203.2	0	0	0	0.09764901	2.058858	50.65483	301.8979	581.0011	722.7036	824.0192	928.0194	1019.646	1110.457	1212.324	1300.137	1382.842	1467.255	1564.978
203.3	0	0	0	0.09764901	2.058858	50.79248	302.292	581.4452	722.0118	823.8015	928.257	1017.585	1110.041	1211.432	1298.867	1382.504	1466.897	1564.978
203.4	0	0	0	0.09764901	2.058858	50.79248	302.9226	580.6458	722.1107	824.0192	928.257	1016.812	1108.652	1211.283	1297.437	1383.179	1467.97	1566.11
203.5	0	0	0	0.09764901	2.058858	50.93013	302.7649	580.4681	721.8142	823.6927	927.4253	1017.585	1107.958	1210.836	1297.596	1381.491	1467.613	1565.922
203.6	0	0	0	0.09764901	2.058858	50.72366	302.5284	580.3793	721.6165	822.9309	926.7123	1018.487	1107.403	1208.901	1296.643	1383.854	1466.897	1565.922
203.7	0	0	0	0.09764901	2.058858	50.99896	302.3708	579.4911	721.4189	822.278	927.1876	1019.517	1107.82	1209.199	1295.055	1383.517	1466.54	1565.166
203.8	0	0	0	0.09764901	2.058858	50.86131	302.2132	578.6917	720.6283	822.4956	926.8311	1019.259	1106.987	1208.009	1296.802	1383.179	1464.751	1564.033
203.9	0	0	0	0.09764901	2.000033	50.86131	301.2673	579.3134	721.3201	822.3868	926.7123	1017.971	1106.57	1209.348	1299.979	1382.673	1464.751	1563.467
204	0	0	0	0.09764901	2.000033	50.93013	300.7943	579.2246	721.7154	822.4956	925.4053	1017.456	1105.876	1209.943	1300.614	1381.997	1462.606	1563.656
204.1	0	0	0	0.09764901	2.000033	50.99896	301.1884	579.1358	720.4307	823.1486	925.1676	1018.487	1105.321	1209.199	1299.979	1380.647	1462.606	1560.446
204.2	0	0	0	0.09764901	2.000033	50.99896	301.1096	579.0469	720.9247	823.1486	924.9299	1018.229	1105.043	1209.05	1299.82	1381.997	1462.784	1559.502
204.3	0	0	0	0.09764901	2.000033	50.86131	301.1096	578.6028	721.4189	823.3662	924.217	1019.131	1104.488	1208.753	1299.343	1380.478	1462.606	1558.746
204.4	0	0	0	0.09764901	2.000033	50.93013	301.1096	579.3134	721.4189	823.8015	923.1476	1019.775	1104.071	1208.604	1299.979	1381.153	1463.142	1559.502
204.5	0	0	0	0.09764901	2.000033	50.79248	300.8731	579.0469	722.0118	824.128	922.6723	1019.131	1103.377	1209.497	1298.867	1380.984	1464.394	1560.257
204.6	0	0	0	0.09764901	2.000033	50.99896	300.7943	578.514	721.6165	824.5633	922.197	1018.615	1104.904	1208.455	1298.232	1381.829	1465.824	1559.502
204.7	0	0	0	0.09764901	2.000033	50.99896	301.1884	579.1358	721.7154	824.7809	921.9594	1018.358	1105.876	1207.264	1299.184	1381.153	1464.751	1556.858
204.8	0	0	0	0.09764901	2.000033	51.06778	301.5037	579.1358	722.0118	823.1486	920.8899	1017.456	1105.321	1207.264	1298.867	1381.153	1464.573	1556.858
204.9	0	0	0	0.09764901	2.000033	51.13661	301.1884	578.7805	721.3201	823.1486	919.4641	1017.585	1104.349	1206.967	1297.755	1381.491	1465.467	1555.536
205	0	0	0	0.09764901	2.000033	51.41191	300.7943	579.0469	723.0001	823.5839	917.6816	1016.168	1104.627	1207.413	1297.914	1381.491	1465.824	1556.292
205.1	0	0	0	0.09764901	2.000033	51.34308	300.8731	578.8693	723.0001	823.5839	918.8699	1016.168	1104.21	1208.009	1298.232	1379.465	1465.467	1557.236
205.2	0	0	0	0.09764901	2.000033	51.34308	300.8731	578.9581	721.8142	822.9309	919.7017	1015.137	1106.015	1207.711	1297.914	1377.27	1466.182	1557.236
205.3	0	0	0	0.09764901	1.941209	51.34308	300.952	578.9581	721.1224	822.278	919.4641	1014.622	1106.848	1207.413	1297.914	1376.426	1467.255	1558.746
205.4	0	0	0	0.09764901	1.941209	51.34308	301.0308	578.7805	720.5295	822.6044	918.6323	1013.72	1108.652	1206.967	1296.643	1376.089	1466.897	1558.369
205.5	0	0	0	0.09764901	1.941209	51.34308	300.8731	578.3364	721.4189	821.8427	919.1075	1013.72	1107.82	1206.967	1294.102	1376.595	1466.361	1558.746
205.6	0	0	0	0.09764901	1.941209	51.20543	301.7402	578.6028	721.6165	824.128	920.0582	1014.622	1106.431	1207.711	1294.578	1376.257	1467.076	1557.802
205.7	0	0	0	0.09764901	1.941209	51.13661	302.0555	578.2476	722.6048	824.8898	918.9887	1015.524	1106.015	1207.711	1294.261	1377.27	1466.182	1557.047
205.8	0	0	0	0.0488245	1.941209	51.27426	302.6073	578.9581	723.1978	824.0192	918.8699	1016.039	1106.848	1206.669	1293.943	1376.089	1465.467	1556.292
205.9	0	0	0	0.0488245	1.882384	51.27426	302.6861	578.514	721.913	823.8015	919.2264	1016.554	1106.015	1206.371	1293.626	1374.907	1465.467	1556.48
206	0	0	0	0.0488245	1.882384	51.48073	302.3708	577.8922	722.7036	823.2574	919.2264	1015.91	1104.627	1206.967	1293.308	1374.231	1466.54	1556.858
206.1	0	0	0	0.0488245	1.882384	51.6872	302.7649	576.5599	722.8024	824.2368	919.1075	1015.395	1104.071	1206.818	1292.196	1374.063	1466.003	1556.292
206.2	0	0	0	0.0488245	1.941209	51.54955	302.292	576.2046	722.7036	825.3251	918.8699	1015.524	1103.238	1206.967	1291.084	1373.556	1467.434	1556.48
206.3	0	0	0	0.0488245	1.941209	51.48073	302.3708	577.4481	722.7036	825.978	918.0381	1015.524	1102.405	1206.967	1290.926	1371.868	1467.076	1556.103
206.4	0	0	0	0.0488245	1.941209	51.34308	302.4496	577.2704	722.8024	826.8486	918.8699	1015.395	1103.516	1205.479	1290.449	1372.881	1467.97	1554.97
206.5	0	0	0	0.0488245	1.941209	51.13661	302.6073	576.7375	721.913	825.5427	917.6816	1014.622	1103.377	1203.693	1289.814	1371.868	1469.043	1555.914
206.6	0	0	0	0.0488245	1.941209	50.99896	303.0014	577.7146	722.7036	826.5221	917.6816	1014.364	1103.655	1204.288	1290.449	1372.543	1467.792	1555.725
206.7	0	0	0	0.0488245	1.882384	51.27426	302.8438	577.4481	722.4072	826.9574	917.3252	1013.334	1102.822	1205.33	1290.767	1374.907	1468.328	1556.48
206.8	0	0	0	0.0488245	1.882384	51.13661	302.3708	577.004	722.4072	827.6104	916.9687	1012.689	1102.961	1205.627	1290.29	1373.556	1467.613	1555.914
206.9	0	0	0	0.0488245	1.882384	51.06778	302.3708	577.4481	721.8142	826.9574	916.4934	1012.045	1102.267	1206.818	1290.449	1372.543	1466.182	1555.725
207	0	0	0	0.0488245	1.882384	51.06778	302.292	577.3593	721.6165	826.9574	917.444	1010.113	1102.128	1206.669	1292.514	1371.024	1465.467	1554.214
207.1	0	0	0	0.0488245	1.882384	51.48073	302.6073	577.1816	722.1107	827.175	918.3946	1009.598	1101.434	1207.264	1293.626	1371.868	1466.361	1551.949
207.2	0	0	0	0.0488245	1.882384	51.48073	302.3708	577.2704	721.7154	826.3044	918.6323	1008.309	1101.573	1207.562	1295.055	1372.206	1464.751	1551.382
207.3	0	0	0	0.0488245	1.941209	51.34308	301.6614	578.6028	720.5295	827.0662	917.6816	1007.408	1101.711	1206.074	1295.531	1371.699	1464.394	1550.816
207.4	0	0	0	0.0488245	1.941209	51.48073	301.2673	577.9811	720.4307	826.7397	916.8499	1007.15	1102.961	1204.586	1296.326	1371.361	1463.5	1549.494
207.5	0	0	0	0.0488245	1.941209	51.6872	300.7943	577.8034	720.1342	827.3927	916.4934	1007.923	1103.099	1206.52	1295.373	1371.361	1464.394	1549.494
207.6	0	0	0	0.0488245	1.941209	51.54955	300.6367	577.7146	719.9365	827.9368	916.3746	1007.536	1102.683	1207.562	1296.326	1371.024	1463.857	1547.983
207.7	0	0	0	0.0488245	1.941209	51.61838	300.479	577.7146	719.4424	827.3927	916.3746	1007.923	1102.405	1206.967	1294.737	1371.53	1463.857	1547.983
207.8	0	0	0	0.0488245	1.941209	51.61838	301.2673	576.9152	720.3318	826.6309	917.3252	1008.438	1101.711	1206.669	1294.578	1371.361	1465.467	1548.172
207.9	0	0	0	0.0488245	1.941209	51.61838	301.5826	575.8492	719.7389	826.4133	917.6816	1007.408	1099.351	1207.413	1294.737	1370.686	1466.361	1548.55
208	0	0	0	0.0488245	1.941209	51.75603	301.7402	576.2934	719.1459	825.4339	917.0875	1007.15	1100.045	1205.627	1294.896	1372.206	1464.215	1547.606
208.1	0	0	0	0.0488245	1.941209	51.82485	302.6073	575.9381	717.8612	824.5633	916.2557	1005.475	1101.295	1204.883	1293.467	1372.374	1463.857	1549.116
208.2	0	0	0	0.0488245	1.882384	51.89368	302.4496	575.6716	717.6636	824.3456	916.8499	1005.089	1100.74	1204.437	1292.037	1371.699	1464.215	1549.305
208.3	0	0	0	0.0488245	1.882384	51.89368	303.0802	575.3163	717.4659	824.5633	917.2064	1006.248	1099.768	1204.586	1290.449	1371.699	1461.712	1548.172
208.4	0	0	0	0.0488245	1.882384	51.89368	303.0014	575.9381	717.3671	824.6721	917.0875	1004.445	1099.907	1204.139	1289.814	1371.53	1462.069	1547.606
208.5	0	0	0	0.0488245	1.882384	51.9625	302.9226	576.2046	717.4659	826.0868	917.3252	1004.573	1099.907	1205.33	1286.955	1370.18	1463.5	1547.228
208.6	0	0	0	0.0488245	1.82356	52.10015	302.9226	575.5828	717.6636	825.978	917.444	1004.445	1099.907	1204.734	1288.226	1371.361	1462.606	1546.85
208.7	0	0	0	0.0488245	1.82356	52.03133	303.3167	575.7604	718.553	825.1074	916.8499	1005.089	1099.629	1203.841	1289.178	1372.037	1462.963	1547.228
208.8	0	0	0	0.0488245	1.882384	52.16898	303.2379	577.004	718.553	824.6721	915.5428	1003.801	1099.074	1203.544	1289.337	1371.868	1462.606	1546.661
208.9	0	0	0	0.0488245	1.941209	52.10015	302.5284	576.7375	719.1459	824.0192	915.424	1003.285	1098.935	1203.097	1288.702	1372.206	1462.248	1543.829
209	0	0	0	0.0488245	1.941209	52.30663	302.0555	577.004	718.9483	823.8015	913.6416	1002.899	1099.768	1203.99	1289.337	1372.712	1460.996	1544.962
209.1	0	0	0	0.0488245	1.941209	52.44427	302.5284	576.7375	719.2448	821.9515	914.7111	1003.156	1098.657	1203.693	1288.384	1372.206	1461.712	1547.039
209.2	0	0	0	0.0488245	1.941209	52.58192	302.2132	576.6487	719.0471	821.8427	913.404	1003.285	1097.685	1204.288	1288.543	1373.219	1462.427	1549.305
209.3	0	0	0	0.0488245	1.941209	52.65075	302.5284	576.5599	718.3553	821.0809	913.9981	1003.543	1097.547	1205.33	1288.226	1374.738	1463.679	1547.983
209.4	0	0	0	0.0488245	1.882384	52.78839	302.5284	576.9152	718.3553	821.1897	915.3052	1003.672	1097.963	1205.479	1288.226	1373.387	1462.606	1547.417
209.5	0	0	0	0.0488245	1.882384	52.85722	302.1343	577.4481	719.4424	821.4073	915.0675	1004.187	1098.657	1203.246	1287.908	1373.219	1464.215	1548.739
209.6	0	0	0	0.0488245	1.882384	52.99487	302.1343	578.1587	718.553	822.0603	915.8993	1002.383	1098.657	1203.544	1286.32	1373.725	1462.069	1546.85
209.7	0	0	0	0.0488245	1.882384	53.20134	302.292	577.8034	718.553	822.0603	915.7805	1002.255	1097.963	1201.907	1284.255	1374.063	1462.069	1547.039
209.8	0	0	0	0.0488245	1.882384	53.06369	302.5284	578.1587	719.1459	822.3868	915.424	1000.966	1097.13	1201.46	1285.208	1373.894	1461.89	1546.661
209.9	0	0	0	0.0488245	1.882384	52.99487	302.6073	577.7146	717.8612	823.1486	914.9487	1002.126	1097.13	1201.609	1285.049	1371.699	1462.784	1545.529
210	0	0	0	0.0488245	1.941209	52.92604	302.6073	577.8922	717.3671	823.1486	914.7111	1000.966	1097.963	1201.163	1286.479	1371.53	1464.573	1544.773
210.1	0	0	0	0.0488245	1.941209	52.85722	303.0014	577.5369	717.6636	822.9309	915.5428	1001.224	1097.269	1201.758	1287.273	1371.024	1463.5	1544.773
210.2	0	0	0	0.0488245	2.000033	52.99487	303.2379	577.0928	718.0588	822.4956	915.1863	1001.353	1096.852	1202.204	1286.32	1369.167	1462.963	1545.529
210.3	0	0	0	0.0488245	2.000033	52.71957	303.1591	577.7146	716.6753	822.7133	913.2852	1000.838	1097.408	1202.8	1285.843	1366.634	1461.354	1546.095
210.4	0	0	0	0.0488245	2.000033	52.78839	303.3167	577.4481	716.4777	823.5839	912.4534	999.807	1097.685	1201.907	1285.208	1366.803	1461.89	1544.396
210.5	0	0	0	0.0488245	2.000033	52.65075	303.1591	577.5369	716.28	823.5839	912.2157	1000.451	1097.824	1202.204	1284.731	1366.297	1462.606	1544.584
210.6	0	0	0	0.0488245	2.000033	52.37545	302.6073	578.4252	717.0706	823.6927	913.1663	1000.193	1097.963	1203.246	1283.62	1365.959	1460.817	1545.906
210.7	0	0	0	0.0488245	2.000033	52.58192	302.8438	578.4252	717.1694	823.1486	912.691	1001.353	1097.824	1200.567	1285.049	1365.79	1459.923	1544.584
210.8	0	0	0	0.0488245	2.000033	52.44427	302.8438	578.4252	718.4542	822.1691	914.1169	1000.322	1096.991	1199.674	1284.573	1364.777	1459.744	1544.207
210.9	0	0	0	0.0488245	2.000033	52.5131	302.8438	578.2476	719.5412	821.1897	914.4734	1000.193	1096.714	1199.972	1284.573	1364.609	1460.46	1546.284
211	0	0	0	0.0488245	2.000033	52.37545	303.5532	578.6028	719.3436	820.972	914.1169	1000.065	1096.02	1201.46	1284.096	1365.79	1460.639	1545.906
211.1	0	0	0	0.0488245	1.941209	52.30663	303.632	578.3364	717.96	820.7544	914.2357	1000.966	1096.575	1200.865	1283.461	1365.79	1461.712	1544.962
211.2	0	0	0	0.0488245	1.941209	52.2378	302.5284	578.1587	717.6636	821.0809	913.6416	1001.095	1096.158	1199.823	1281.873	1365.284	1461.533	1546.661
211.3	0	0	0	0.0488245	1.941209	52.16898	302.6073	577.8034	718.0588	820.1015	913.7604	1001.482	1095.187	1199.377	1281.078	1364.777	1461.712	1546.473
211.4	0	0	0	0.0488245	1.941209	51.9625	302.292	576.3822	718.4542	820.3191	913.5228	1002.641	1096.02	1198.037	1280.602	1363.596	1462.427	1548.361
211.5	0	0	0	0.0488245	1.941209	51.75603	301.9767	576.3822	718.4542	819.1221	913.5228	1003.285	1096.436	1199.079	1280.92	1363.933	1462.427	1548.55
211.6	0	0	0	0.0488245	1.941209	51.9625	301.3461	576.4711	718.2565	819.3397	914.5922	1004.96	1096.991	1197.442	1279.967	1364.777	1460.639	1548.361
211.7	0	0	0	0.0488245	1.941209	52.03133	301.6614	576.3822	718.8494	817.5985	913.5228	1004.058	1096.575	1198.484	1281.396	1363.764	1459.566	1547.794
211.8	0	0	0	0.0488245	1.941209	51.9625	301.2673	576.2934	719.1459	817.272	913.8793	1002.77	1097.269	1198.633	1280.602	1364.102	1458.314	1547.417
211.9	0	0	0	0.0488245	1.941209	51.9625	301.2673	575.9381	718.9483	817.1632	915.0675	1003.543	1097.408	1198.335	1280.125	1364.777	1459.208	1546.85
212	0	0	0	0.0488245	1.941209	52.10015	301.1884	576.5599	718.6518	817.7073	913.7604	1003.028	1096.575	1198.186	1280.92	1363.596	1459.566	1546.473
212.1	0	0	0	0.0488245	1.941209	52.2378	301.9767	575.9381	718.2565	818.0338	913.404	1001.739	1097.269	1198.335	1280.602	1363.258	1460.102	1545.529
212.2	0	0	0	0.0488245	1.941209	52.10015	302.3708	574.7834	718.1577	818.1426	913.6416	1002.641	1098.102	1198.484	1280.125	1363.089	1459.923	1545.906
212.3	0	0	0	0.0488245	1.941209	52.10015	302.6861	574.2504	718.6518	819.2309	914.2357	1001.868	1098.38	1198.781	1278.696	1362.076	1458.493	1544.773
212.4	0	0	0	0.0488245	1.941209	52.2378	302.5284	574.8722	719.2448	819.6662	912.5722	1001.868	1095.742	1199.377	1281.237	1361.401	1458.493	1544.584
212.5	0	0	0	0.0488245	1.941209	52.30663	302.0555	573.9839	719.7389	819.0132	913.0475	1001.739	1095.881	1199.377	1280.761	1361.57	1458.85	1544.018
212.6	0	0	0	0.0488245	1.941209	52.44427	302.1343	573.9839	719.2448	818.5779	912.8099	1001.611	1095.048	1197.888	1280.443	1363.427	1459.387	1543.829
212.7	0	0	0	0.0488245	1.941209	52.37545	301.7402	573.8063	718.6518	818.4691	912.8099	1000.58	1094.909	1196.4	1281.237	1363.764	1459.744	1543.452
212.8	0	0	0	0.0488245	1.941209	52.37545	301.3461	574.0728	719.1459	818.5779	911.1463	999.5493	1095.881	1196.995	1280.443	1367.141	1461.175	1544.207
212.9	0	0	0	0.0488245	1.941209	52.37545	301.0308	574.6946	720.0353	817.7073	911.9781	1001.095	1095.325	1196.698	1279.967	1366.803	1462.606	1541.752
213	0	0	0	0.0488245	1.882384	52.44427	300.7943	574.5169	719.1459	816.5103	911.384	1001.868	1095.603	1196.847	1279.49	1367.479	1462.963	1541.374
213.1	0	0	0	0.0488245	1.882384	52.5131	300.7943	575.1387	718.553	817.4897	911.7404	1002.512	1096.436	1197.591	1278.22	1366.972	1463.857	1540.43
213.2	0	0	0	0.0488245	1.882384	52.5131	301.2673	575.4052	718.6518	817.5985	911.2651	1001.997	1096.714	1196.847	1278.378	1365.453	1464.394	1541.752
213.3	0	0	0	0.0488245	1.882384	52.5131	301.7402	575.8492	718.2565	817.0544	911.6216	1001.611	1096.852	1196.103	1279.49	1365.79	1463.5	1542.507
213.4	0	0	0	0.0488245	1.882384	52.58192	301.4249	574.961	717.5648	817.1632	911.7404	1001.611	1096.575	1195.061	1281.555	1364.44	1464.036	1542.319
213.5	0	0	0	0.0488245	1.882384	52.44427	301.5826	575.4052	716.7741	817.925	913.5228	1001.739	1096.02	1196.549	1281.714	1362.583	1461.354	1541.941
213.6	0	0	0	0.0488245	1.882384	52.37545	302.3708	574.6946	715.8847	818.2515	913.9981	1002.255	1095.048	1194.912	1282.031	1362.583	1460.996	1541.374
213.7	0	0	0	0.0488245	1.882384	52.37545	302.6861	574.4281	715.9835	818.5779	913.1663	1001.868	1094.076	1192.977	1284.573	1362.583	1462.069	1543.452
213.8	0	0	0	0.0488245	1.882384	52.37545	302.6073	574.7834	716.7741	818.1426	914.5922	1001.611	1093.382	1192.531	1283.778	1362.414	1462.606	1543.074
213.9	0	0	0	0.0488245	1.882384	52.03133	302.9226	573.6287	717.3671	817.272	913.2852	1000.838	1092.965	1191.489	1282.826	1361.57	1462.427	1541.186
214	0	0	0	0.0488245	1.882384	51.9625	302.4496	574.2504	715.8847	817.0544	914.1169	1001.997	1091.855	1191.191	1282.031	1361.907	1460.639	1541.941
214.1	0	0	0	0.0488245	1.882384	51.9625	302.8438	573.8951	716.0823	816.2926	912.3345	1002.126	1092.965	1190.596	1280.602	1362.583	1461.175	1541.941
214.2	0	0	0	0.0488245	1.941209	51.9625	302.9226	573.8063	716.28	817.1632	911.6216	1001.868	1094.492	1190.745	1280.125	1362.92	1461.533	1540.619
214.3	0	0	0	0.0488245	1.941209	51.9625	302.8438	573.451	716.873	817.925	911.5028	1001.482	1093.937	1189.852	1279.967	1363.258	1461.712	1540.997
214.4	0	0	0	0.0488245	1.941209	52.16898	302.3708	573.3622	716.9718	818.1426	911.2651	1002.126	1092.965	1191.489	1278.696	1363.258	1461.354	1541.752
214.5	0	0	0	0.0488245	1.882384	52.16898	302.292	573.9839	716.1812	818.5779	912.0969	1002.383	1091.855	1191.042	1278.061	1363.258	1460.817	1540.241
214.6	0	0	0	0.0488245	1.82356	51.82485	302.7649	573.9839	716.28	818.3603	913.404	1001.868	1091.022	1191.489	1277.584	1364.271	1460.639	1541.752
214.7	0	0	0	0.0488245	1.82356	52.03133	302.9226	574.1616	717.0706	818.0338	913.8793	1001.353	1091.022	1193.126	1277.584	1365.284	1461.175	1542.13
214.8	0	0	0	0.0488245	1.82356	52.03133	302.8438	574.2504	717.1694	818.3603	914.1169	1000.58	1092.827	1192.233	1279.014	1365.453	1460.281	1541.941
214.9	0	0	0	0.0488245	1.82356	52.30663	302.6861	574.4281	717.7624	819.2309	914.2357	999.807	1092.549	1190.298	1279.331	1365.79	1461.89	1540.997
215	0	0	0	0.0488245	1.82356	51.9625	302.6073	574.961	717.4659	819.4485	914.5922	1000.966	1092.688	1190.447	1280.125	1365.959	1461.175	1540.053
215.1	0	0	0	0.0488245	1.764735	51.89368	301.9767	575.9381	717.7624	819.2309	915.424	1000.451	1091.855	1190.596	1279.49	1364.946	1461.175	1539.864
215.2	0	0	0	0.0488245	1.764735	51.75603	302.292	576.0269	717.8612	819.8839	914.9487	1000.451	1093.243	1193.126	1278.537	1365.79	1460.817	1539.675
215.3	0	0	0	0.0488245	1.764735	51.75603	302.0555	576.3822	718.1577	819.8839	914.7111	1000.838	1094.909	1193.573	1277.902	1365.79	1460.817	1540.997
215.4	0	0	0	0.0488245	1.764735	51.75603	301.7402	576.1157	717.5648	818.7956	914.8299	999.9358	1094.631	1193.87	1278.061	1366.297	1458.85	1540.619
215.5	0	0	0	0.0488245	1.764735	51.89368	301.8979	575.6716	717.3671	818.5779	915.0675	1001.739	1092.549	1191.34	1278.061	1364.271	1459.923	1542.507
215.6	0	0	0	0.0488245	1.764735	51.75603	302.292	575.9381	718.2565	818.6868	915.0675	1001.997	1091.577	1190.596	1278.537	1363.258	1460.281	1542.885
215.7	0	0	0	0.0488245	1.764735	51.82485	301.5037	574.961	718.553	819.4485	916.4934	1002.126	1091.022	1187.917	1278.696	1363.258	1459.208	1542.696
215.8	0	0	0	0.0488245	1.882384	51.82485	301.4249	573.8063	718.1577	819.0132	916.2557	1000.966	1089.356	1188.364	1276.79	1362.92	1458.314	1541.374
215.9	0	0	0	0.0488245	1.882384	51.75603	301.3461	573.8951	718.9483	819.6662	915.6616	1000.838	1091.577	1187.322	1276.155	1362.076	1456.704	1540.997
216	0	0	0	0.0488245	1.882384	51.9625	301.0308	573.3622	719.7389	819.8839	915.5428	1000.58	1092.271	1186.875	1275.837	1361.738	1455.81	1539.675
216.1	0	0	0	0.0488245	1.882384	51.82485	301.1096	574.1616	719.3436	820.2103	915.0675	1000.58	1092.549	1187.917	1276.314	1361.738	1455.453	1538.542
216.2	0	0	0	0.0488245	1.882384	51.82485	300.7943	573.9839	717.96	820.7544	913.8793	1000.193	1091.716	1186.875	1274.884	1360.725	1454.38	1538.92
216.3	0	0	0	0.0488245	1.882384	51.82485	300.0061	573.8951	718.3553	820.972	914.4734	1000.065	1091.161	1188.364	1274.725	1360.894	1453.486	1538.542
216.4	0	0	0	0.0488245	1.82356	51.6872	299.6119	573.9839	718.4542	820.2103	914.1169	1002.255	1092.827	1186.727	1275.043	1360.388	1452.591	1538.353
216.5	0	0	0	0.0488245	1.941209	51.41191	299.139	572.4739	718.6518	820.2103	915.1863	1001.739	1093.104	1187.917	1273.296	1359.881	1452.055	1537.976
216.6	0	0	0	0.0488245	1.941209	51.54955	299.6119	572.2963	718.3553	819.775	915.5428	1001.997	1093.243	1187.024	1273.773	1359.206	1450.803	1536.087
216.7	0	0	0	0.0488245	1.941209	51.61838	299.3755	573.0069	718.8494	820.1015	915.6616	1002.126	1093.937	1187.173	1272.343	1359.037	1449.551	1535.143
216.8	0	0	0	0.0488245	1.941209	51.54955	299.6119	573.2734	719.0471	821.2985	914.8299	1001.739	1094.215	1187.62	1271.708	1358.868	1449.73	1533.821
216.9	0	0	0	0.0488245	1.941209	51.48073	300.0061	573.2734	718.0588	820.7544	915.8993	1000.451	1093.243	1187.917	1271.231	1357.687	1448.3	1533.444
217	0	0	0	0.0488245	1.941209	51.41191	300.6367	572.9181	716.873	820.8632	915.8993	999.807	1092.41	1188.512	1269.325	1358.868	1449.194	1533.255
217.1	0	0	0	0.0488245	1.941209	51.82485	301.0308	572.4739	717.3671	821.1897	914.5922	999.5493	1091.299	1188.81	1269.484	1358.024	1450.446	1533.444
217.2	0	0	0	0.0488245	1.941209	51.9625	300.6367	572.6516	716.5765	821.8427	915.424	998.6476	1092.688	1188.512	1269.008	1357.349	1450.267	1534.199
217.3	0	0	0	0.0488245	1.941209	51.9625	300.7943	572.2963	717.4659	821.4073	914.7111	998.0034	1090.466	1188.066	1271.39	1357.011	1450.267	1535.143
217.4	0	0	0	0.0488245	1.941209	52.03133	300.0849	573.0069	716.873	822.0603	913.5228	997.7458	1092.132	1187.768	1270.755	1358.193	1449.73	1533.444
217.5	0	0	0	0.0488245	2.000033	51.89368	300.3214	572.6516	716.3788	821.7338	914.1169	998.2611	1092.827	1187.471	1271.867	1359.881	1449.73	1532.122
217.6	0	0	0	0.09764901	2.176507	52.16898	301.2673	572.6516	717.3671	821.5162	913.2852	998.0034	1093.243	1188.066	1271.39	1359.375	1450.624	1533.633
217.7	0	0	0	0.09764901	2.176507	52.2378	301.5826	572.3851	716.6753	820.5367	913.404	998.3899	1092.549	1188.81	1271.073	1357.687	1451.34	1534.577
217.8	0	0	0	0.09764901	2.176507	52.2378	301.6614	572.3851	716.0823	820.7544	913.1663	998.2611	1093.104	1189.703	1272.502	1357.011	1451.697	1533.633
217.9	0	0	0	0.09764901	2.294156	52.16898	301.5826	571.6745	714.8965	820.4279	913.8793	998.3899	1093.104	1189.108	1272.502	1357.518	1451.876	1534.954
218	0	0	0	0.1464735	2.294156	52.16898	301.2673	571.7634	714.7977	819.4485	916.2557	997.7458	1092.827	1189.108	1273.137	1357.518	1452.413	1535.899
218.1	0	0	0	0.1464735	2.294156	52.10015	301.0308	571.5857	714.3035	819.2309	915.1863	996.7152	1094.631	1189.257	1273.455	1356.167	1453.307	1535.899
218.2	0	0	0	0.1464735	2.294156	51.9625	300.8731	571.5857	715.2917	819.3397	914.9487	998.1323	1094.77	1188.364	1273.296	1356.336	1455.095	1536.843
218.3	0	0	0	0.1464735	2.294156	51.89368	300.952	571.1415	713.9082	819.6662	916.0181	997.6169	1094.354	1189.108	1273.614	1357.518	1453.843	1535.899
218.4	0	0	0	0.1464735	2.294156	51.75603	300.4002	572.7404	714.0071	819.4485	915.5428	996.844	1094.076	1188.364	1274.09	1358.193	1453.307	1535.521
218.5	0	0	0	0.1464735	2.294156	51.82485	300.479	573.0957	713.7106	820.1015	914.9487	995.2982	1094.492	1190.298	1272.978	1360.388	1454.201	1535.332
218.6	0	0	0	0.1464735	2.294156	52.03133	300.7943	572.5627	713.7106	820.4279	914.7111	994.5252	1094.492	1190.447	1273.931	1360.894	1452.77	1535.521
218.7	0	0	0	0.1464735	2.294156	52.03133	300.7155	572.8292	713.5129	820.6456	913.404	995.5558	1094.631	1191.042	1273.455	1362.245	1452.413	1534.577
218.8	0	0	0	0.1464735	2.35298	51.89368	300.3214	573.451	713.7106	820.4279	913.404	995.8134	1095.048	1190.15	1272.343	1362.751	1452.055	1534.199
218.9	0	0	0	0.1464735	2.35298	51.82485	300.2426	573.8951	714.2047	819.8839	913.5228	995.2982	1095.464	1191.191	1272.661	1362.245	1450.982	1535.521
219	0	0	0	0.1464735	2.35298	51.89368	300.2426	574.5169	714.2047	821.1897	913.404	994.2675	1094.77	1191.935	1273.296	1362.245	1452.413	1536.087
219.1	0	0	0	0.1464735	2.35298	51.89368	300.0849	574.3392	714.9953	822.1691	914.5922	994.9117	1093.937	1192.084	1272.978	1361.738	1452.413	1535.521
219.2	0	0	0	0.1464735	2.35298	51.9625	300.479	574.6057	715.1929	823.6927	914.9487	994.5252	1093.243	1190.447	1271.549	1362.751	1452.413	1536.276
219.3	0	0	0	0.1464735	2.35298	52.03133	300.7943	574.7834	715.2917	824.0192	916.0181	994.5252	1093.243	1188.959	1272.026	1360.557	1452.413	1535.71
219.4	0	0	0	0.1464735	2.35298	51.89368	301.0308	574.4281	714.7977	823.8015	916.137	994.5252	1092.41	1189.703	1272.026	1361.232	1452.234	1535.899
219.5	0	0	0	0.1464735	2.35298	51.75603	301.4249	574.961	714.1059	824.2368	916.6122	993.2369	1090.883	1190.15	1272.026	1362.245	1452.949	1536.276
219.6	0	0	0	0.1464735	2.411805	51.82485	301.1096	574.6057	713.7106	823.9103	917.2064	993.881	1090.05	1191.042	1272.82	1360.219	1454.022	1536.843
219.7	0	0	0	0.1464735	2.411805	52.03133	301.819	574.6946	713.0188	823.475	916.9687	993.3658	1090.328	1191.191	1272.343	1360.219	1452.234	1536.465
219.8	0	0	0	0.1464735	2.411805	51.75603	301.8979	574.3392	712.92	822.7133	916.3746	994.0099	1090.466	1191.191	1271.073	1359.881	1451.876	1534.766
219.9	0	0	0	0.1464735	2.411805	51.75603	301.5826	574.6946	711.9318	822.1691	917.5628	993.4946	1090.883	1191.191	1270.437	1361.063	1450.446	1535.143
220	0	0	0	0.1464735	2.411805	51.54955	302.292	574.4281	711.9318	822.6044	918.2758	993.1081	1091.299	1190.298	1270.596	1361.063	1448.836	1537.22
220.1	0	0	0	0.1464735	2.411805	51.75603	302.0555	575.2275	712.4258	822.278	919.8205	994.2675	1091.716	1188.959	1270.596	1359.375	1449.194	1538.92
220.2	0	0	0	0.1464735	2.35298	51.75603	302.6861	574.8722	712.5247	822.1691	920.2958	995.8134	1092.549	1189.108	1271.073	1359.713	1447.227	1537.22
220.3	0	0	0	0.1464735	2.294156	51.75603	302.8438	574.6057	712.6235	822.1691	920.6523	995.6846	1090.328	1190.298	1271.073	1361.063	1448.657	1536.087
220.4	0	0	0	0.1464735	2.294156	51.82485	303.0014	574.7834	713.7106	821.1897	920.6523	994.9117	1089.911	1190.596	1269.961	1362.076	1449.551	1535.521
220.5	0	0	0	0.1464735	2.35298	51.75603	303.0014	573.7175	713.6118	820.2103	920.0582	995.9423	1090.605	1190.745	1271.073	1361.57	1448.657	1536.276
220.6	0	0	0	0.1464735	2.35298	52.16898	302.6861	573.6287	714.2047	819.5574	920.0582	995.1693	1089.772	1190.894	1270.12	1361.738	1448.657	1535.143
220.7	0	0	0	0.1464735	2.35298	52.16898	301.9767	573.8063	714.0071	819.6662	919.8205	994.7828	1088.801	1189.405	1270.12	1361.063	1448.3	1534.199
220.8	0	0	0	0.1464735	2.35298	52.37545	301.6614	573.8951	713.2164	819.1221	919.2264	994.3964	1087.968	1189.852	1271.231	1361.063	1449.194	1534.577
220.9	0	0	0	0.1464735	2.35298	52.30663	301.6614	574.1616	713.2164	818.4691	919.4641	994.3964	1086.441	1190.15	1271.231	1360.388	1449.373	1534.388
221	0	0	0	0.1464735	2.35298	52.5131	302.0555	574.0728	712.7224	818.6868	920.0582	994.1387	1085.746	1188.215	1271.39	1360.219	1449.551	1534.577
221.1	0	0	0	0.1464735	2.35298	52.58192	302.3708	573.5399	712.1294	818.3603	920.2958	994.1387	1086.718	1187.917	1270.437	1359.544	1449.194	1534.577
221.2	0	0	0	0.1464735	2.35298	52.37545	302.1343	573.6287	712.8212	818.4691	920.6523	994.7828	1086.857	1187.173	1271.39	1359.375	1448.836	1534.766
221.3	0	0	0	0.1464735	2.35298	52.16898	302.6073	573.2734	712.4258	818.1426	921.3652	992.7216	1087.829	1188.066	1270.914	1359.206	1450.088	1536.654
221.4	0	0	0	0.1464735	2.294156	52.44427	302.3708	573.3622	713.9082	817.7073	920.7711	992.7216	1087.551	1187.917	1271.073	1359.206	1451.697	1535.521
221.5	0	0	0	0.1464735	2.294156	52.37545	302.1343	573.2734	712.1294	817.5985	920.0582	993.2369	1087.412	1188.512	1270.596	1359.206	1451.876	1536.087
221.6	0	0	0	0.1464735	2.294156	52.37545	302.0555	572.7404	711.24	817.7073	918.7511	993.7523	1087.274	1186.727	1269.961	1360.725	1451.697	1535.332
221.7	0	0	0	0.1464735	2.294156	52.30663	301.9767	573.0957	711.4376	817.3809	918.157	993.4946	1086.579	1187.173	1269.802	1361.907	1451.519	1534.388
221.8	0	0	0	0.1464735	2.294156	52.44427	301.819	573.2734	711.0423	817.4897	918.3946	993.2369	1086.718	1186.28	1269.325	1362.076	1449.909	1534.199
221.9	0	0	0	0.1464735	2.294156	52.5131	301.5037	573.6287	710.3505	818.0338	918.0381	994.5252	1086.857	1185.089	1269.325	1360.557	1447.048	1532.5
222	0	0	0	0.1464735	2.294156	52.65075	301.6614	573.9839	710.3505	818.2515	917.8005	995.5558	1084.358	1185.685	1267.261	1361.232	1447.406	1531.556
222.1	0	0	0	0.1464735	2.35298	52.58192	301.9767	573.7175	710.4493	817.3809	918.6323	994.3964	1083.664	1185.983	1267.261	1360.557	1448.657	1530.989
222.2	0	0	0	0.1464735	2.35298	52.58192	301.5826	573.451	710.8447	817.3809	917.8005	995.4269	1084.913	1187.173	1267.896	1358.531	1448.3	1530.423
222.3	0	0	0	0.1464735	2.35298	52.65075	302.0555	573.451	710.9435	818.2515	916.6122	995.1693	1084.636	1185.536	1268.69	1360.05	1447.584	1530.989
222.4	0	0	0	0.1464735	2.35298	52.5131	301.7402	572.8292	709.4611	818.2515	914.9487	995.9423	1083.109	1185.536	1270.278	1361.063	1447.048	1530.045
222.5	0	0	0	0.1464735	2.35298	52.65075	302.2132	572.1187	709.1647	816.7279	914.8299	996.0711	1083.248	1183.304	1267.102	1359.375	1445.438	1529.29
222.6	0	0	0	0.1464735	2.35298	52.71957	302.6073	572.1187	708.3741	817.4897	913.7604	995.9423	1083.525	1182.857	1268.214	1359.544	1446.333	1531.178
222.7	0	0	0	0.1464735	2.35298	52.78839	302.292	571.3192	708.1764	816.9456	912.8099	997.1017	1082.692	1184.792	1268.849	1358.362	1447.584	1530.045
222.8	0	0	0	0.1464735	2.35298	52.78839	301.8979	571.4969	708.1764	816.8367	911.5028	996.7152	1083.803	1184.048	1269.484	1358.868	1447.763	1529.667
222.9	0	0	0	0.1464735	2.35298	52.78839	302.2132	571.0527	708.0776	817.925	911.5028	997.8746	1083.525	1183.75	1270.437	1359.713	1447.763	1528.346
223	0	0	0	0.09764901	2.35298	52.99487	302.2132	571.408	708.4729	817.4897	912.4534	997.3593	1083.664	1183.601	1269.961	1358.7	1446.154	1529.479
223.1	0	0	0	0.09764901	2.35298	52.92604	302.4496	571.2304	709.4611	817.0544	912.4534	997.4882	1083.803	1182.857	1269.802	1358.531	1446.511	1530.234
223.2	0	0	0	0.09764901	2.35298	52.92604	302.5284	570.3422	710.4493	816.5103	912.2157	997.2305	1084.081	1181.964	1269.167	1356.674	1446.333	1529.479
223.3	0	0	0	0.09764901	2.35298	52.85722	302.3708	570.2533	710.7458	816.6191	910.9086	997.3593	1083.942	1182.113	1269.167	1356.336	1446.154	1527.968
223.4	0	0	0	0.09764901	2.411805	52.92604	302.9226	570.5198	710.0541	817.7073	910.671	996.7152	1085.469	1182.113	1268.531	1357.349	1444.902	1526.835
223.5	0	0	0	0.09764901	2.411805	52.92604	303.4743	570.2533	709.6588	818.4691	911.6216	995.9423	1086.996	1184.048	1266.308	1357.18	1445.975	1526.835
223.6	0	0	0	0.0488245	2.411805	53.33899	303.632	570.2533	709.5599	817.8162	912.691	996.5864	1086.163	1183.453	1264.561	1357.011	1444.902	1527.213
223.7	0	0	0	0.0488245	2.411805	53.40782	303.7108	570.7863	710.3505	818.0338	912.3345	996.4575	1085.608	1183.304	1264.561	1357.855	1445.438	1525.891
223.8	0	0	0	0.0488245	2.411805	53.54546	303.7108	569.8092	711.0423	817.8162	911.7404	995.5558	1085.052	1181.964	1263.608	1355.998	1447.584	1526.268
223.9	0	0	0	0.0488245	2.470629	53.61429	303.3955	570.0757	710.7458	818.1426	912.5722	995.0405	1085.33	1181.22	1264.878	1356.505	1446.69	1525.891
224	0	0	0	0.0488245	2.470629	53.75194	303.0802	570.431	710.5482	817.5985	912.4534	993.4946	1085.469	1181.518	1264.561	1356.167	1445.617	1526.646
224.1	0	0	0	0.0488245	2.470629	53.95841	303.5532	570.431	710.9435	817.3809	911.0275	993.7523	1084.636	1179.732	1264.561	1356.336	1444.187	1526.457
224.2	0	0	0	0.0488245	2.470629	54.02724	303.7896	570.1645	710.2517	816.4014	910.671	994.1387	1084.219	1180.476	1263.925	1357.18	1444.365	1526.457
224.3	0	0	0	0.0488245	2.470629	54.02724	304.0261	569.6315	710.0541	815.8573	909.8392	994.5252	1085.469	1180.178	1264.084	1357.18	1443.471	1528.157
224.4	0	0	0	0.0488245	2.470629	53.88959	304.0261	570.5198	709.1647	814.1161	910.0769	994.5252	1086.163	1181.964	1264.243	1358.868	1442.22	1529.479
224.5	0	0	0	0.0488245	2.470629	53.95841	304.0261	570.1645	709.5599	814.1161	909.8392	994.3964	1086.163	1182.411	1263.767	1356.167	1443.114	1531.178
224.6	0	0	0	0.0488245	2.470629	54.02724	303.4743	569.9869	709.9553	814.5515	909.4828	994.3964	1085.191	1184.494	1263.449	1355.661	1442.22	1532.311
224.7	0	0	0	0.0488245	2.470629	54.02724	303.2379	569.7204	711.3388	815.7485	908.5322	994.2675	1085.469	1185.387	1263.29	1356.843	1441.862	1531.178
224.8	0	0	0	0.0488245	2.470629	53.88959	303.2379	570.2533	711.5364	815.0955	908.2945	993.881	1085.746	1185.536	1264.084	1355.998	1442.935	1530.423
224.9	0	0	0	0.0488245	2.470629	53.82076	303.4743	570.431	710.5482	814.1161	909.1263	993.2369	1084.219	1185.238	1264.878	1354.648	1440.968	1528.723
225	0	0	0	0.0488245	2.470629	53.68311	303.0014	571.1415	710.9435	814.0073	909.1263	993.7523	1084.358	1184.792	1264.719	1353.466	1440.074	1528.723
225.1	0	0	0	0.0488245	2.470629	53.61429	302.9226	571.1415	711.8329	813.8985	909.1263	993.881	1085.052	1184.643	1264.402	1353.635	1438.286	1527.968
225.2	0	0	0	0.0488245	2.470629	53.54546	302.6861	570.8751	709.9553	813.7897	908.7698	994.2675	1086.441	1184.643	1264.243	1354.817	1439.358	1527.401
225.3	0	0	0	0.0488245	2.470629	53.68311	302.7649	571.6745	709.2635	814.0073	908.5322	993.2369	1087.69	1185.983	1265.355	1354.648	1439.001	1527.59
225.4	0	0	0	0.0488245	2.470629	53.68311	302.8438	572.1187	709.3623	813.7897	908.2945	992.7216	1086.718	1185.685	1264.719	1354.479	1439.358	1528.534
225.5	0	0	0	0.0488245	2.411805	53.75194	302.8438	572.6516	709.5599	813.7897	906.1557	991.8199	1086.024	1186.727	1263.608	1354.31	1438.822	1528.157
225.6	0	0	0	0.0488245	2.411805	53.61429	302.6861	571.941	708.0776	813.1367	906.0369	992.2064	1084.775	1186.28	1263.29	1355.492	1438.464	1529.667
225.7	0	0	0	0.0488245	2.411805	53.54546	301.9767	572.1187	707.7811	811.6132	905.0862	992.5928	1082.692	1185.238	1263.29	1355.323	1437.57	1528.912
225.8	0	0	0	0.0488245	2.35298	53.82076	302.1343	572.0298	708.2752	811.8308	904.7298	991.8199	1082.692	1185.089	1262.496	1354.817	1438.286	1529.101
225.9	0	0	0	0.0488245	2.35298	53.95841	301.9767	571.941	708.3741	811.069	904.7298	991.9487	1081.998	1184.643	1261.543	1353.804	1439.358	1528.534
226	0	0	0	0.0488245	2.35298	53.95841	302.4496	571.7634	708.3741	810.8514	904.9674	992.5928	1081.582	1185.089	1262.496	1354.985	1438.643	1529.29
226.1	0	0	0	0.0488245	2.35298	53.82076	302.5284	571.8522	707.7811	810.4161	904.8486	991.1757	1081.304	1183.453	1261.384	1355.998	1436.855	1527.401
226.2	0	0	0	0.0488245	2.35298	53.75194	303.0014	571.5857	707.8799	809.9808	904.0168	991.4334	1081.998	1184.197	1260.431	1356.674	1436.676	1527.401
226.3	0	0	0	0.0488245	2.411805	53.47664	302.9226	572.2075	708.2752	810.3073	903.7792	991.1757	1082.415	1182.857	1260.59	1356.505	1437.57	1526.646
226.4	0	0	0	0.0488245	2.35298	53.33899	303.0802	571.2304	707.8799	810.4161	902.8286	991.8199	1081.998	1183.006	1260.749	1355.998	1436.318	1526.268
226.5	0	0	0	0.0488245	2.35298	53.13252	303.2379	571.3192	709.3623	809.5455	901.878	992.3351	1081.721	1183.155	1261.384	1354.479	1436.318	1526.646
226.6	0	0	0	0.0488245	2.35298	53.20134	303.1591	570.1645	709.7576	808.7838	901.6403	992.0775	1082.137	1183.155	1260.59	1353.973	1436.855	1526.08
226.7	0	0	0	0.0488245	2.35298	52.78839	302.6861	569.3651	710.3505	809.0014	903.7792	992.3351	1082.276	1184.643	1260.749	1353.635	1435.603	1526.08
226.8	0	0	0	0.0488245	2.35298	52.78839	302.8438	569.6315	710.4493	809.6543	903.3039	993.2369	1081.026	1183.453	1260.272	1354.141	1435.603	1526.646
226.9	0	0	0	0.0488245	2.411805	52.78839	302.6073	569.9869	711.1411	809.7631	902.4721	992.8505	1079.222	1183.006	1261.067	1354.985	1434.888	1528.346
227	0	0	0	0.0488245	2.529454	52.78839	302.6861	569.7204	711.4376	809.3278	901.5215	993.7523	1079.499	1183.006	1262.02	1354.985	1433.1	1527.779
227.1	0	0	0	0.0488245	2.529454	52.58192	302.7649	568.8322	711.3388	809.0014	901.6403	993.3658	1079.36	1183.75	1263.29	1354.479	1431.669	1528.346
227.2	0	0	0	0.0488245	2.470629	52.58192	302.5284	569.0986	711.0423	809.0014	901.6403	993.3658	1078.805	1183.75	1262.02	1353.973	1432.384	1529.667
227.3	0	0	0	0.0488245	2.529454	52.71957	303.2379	569.3651	709.9553	809.0014	902.2345	993.6234	1078.805	1182.262	1262.02	1354.479	1434.172	1529.479
227.4	0	0	0	0.0488245	2.529454	52.92604	302.9226	568.2992	709.8564	809.5455	901.4027	992.9793	1078.25	1181.667	1261.384	1354.479	1434.53	1529.101
227.5	0	0	0	0.0488245	2.529454	52.85722	303.4743	567.7662	709.8564	810.1984	901.7592	990.6605	1079.916	1182.113	1261.225	1353.973	1433.636	1527.968
227.6	0	0	0	0.0488245	2.529454	52.85722	303.3167	567.1445	711.1411	809.9808	901.0462	990.1451	1079.638	1181.667	1261.225	1353.635	1434.351	1527.024
227.7	0	0	0	0.0488245	2.529454	52.78839	303.2379	568.8322	710.647	809.6543	901.165	990.4028	1078.666	1181.369	1260.431	1353.804	1435.067	1525.702
227.8	0	0	0	0.0488245	2.529454	52.78839	303.4743	568.7433	712.2282	808.4573	899.858	989.8875	1078.389	1182.56	1260.272	1350.934	1433.278	1523.436
227.9	0	0	0	0.0488245	2.470629	52.71957	303.3167	569.5427	711.9318	808.7838	900.5709	988.8569	1077.833	1183.899	1258.684	1352.791	1433.1	1523.436
228	0	0	0	0.0488245	2.529454	52.78839	303.0014	570.2533	712.5247	808.5661	899.9768	988.9857	1077.556	1183.006	1258.208	1350.765	1432.027	1524.003
228.1	0	0	0	0.0488245	2.529454	52.85722	302.5284	570.6974	713.2164	809.0014	899.3827	989.6298	1078.805	1183.601	1258.843	1350.596	1430.954	1524.191
228.2	0	0	0	0.0488245	2.529454	52.92604	302.5284	570.1645	711.9318	809.0014	899.9768	988.3416	1078.25	1181.518	1258.367	1351.609	1429.523	1524.191
228.3	0	0	0	0.0488245	2.529454	53.06369	302.8438	570.6974	711.9318	808.3484	901.2839	989.1146	1079.638	1181.22	1255.984	1351.609	1428.987	1524.003
228.4	0	0	0	0.0488245	2.529454	53.20134	303.0802	571.0527	713.0188	808.5661	899.7391	989.3722	1078.944	1182.411	1254.872	1352.453	1429.344	1524.38
228.5	0	0	0	0.0488245	2.529454	53.27017	303.0802	571.6745	712.2282	809.0014	901.165	988.9857	1079.499	1181.667	1254.237	1351.44	1430.238	1525.324
228.6	0	0	0	0.0488245	2.529454	53.40782	303.5532	571.6745	712.0306	809.1102	901.878	988.4705	1080.749	1182.113	1253.761	1350.765	1430.06	1523.814
228.7	0	0	0	0.0488245	2.470629	53.33899	303.3167	571.6745	711.5364	810.1984	902.4721	988.9857	1080.193	1181.815	1254.396	1350.09	1429.523	1522.492
228.8	0	0	0	0.0488245	2.470629	52.85722	302.7649	571.4969	712.0306	810.9602	903.6603	989.6298	1079.222	1180.922	1253.284	1350.596	1430.06	1523.436
228.9	0	0	0	0.0488245	2.470629	52.85722	302.4496	572.2075	711.3388	811.069	902.2345	989.7587	1079.916	1180.178	1253.602	1350.765	1431.49	1522.492
229	0	0	0	0.0488245	2.411805	52.92604	302.0555	572.3851	711.4376	811.069	901.165	990.0163	1080.888	1180.774	1255.349	1349.921	1431.49	1519.66
229.1	0	0	0	0.0488245	2.470629	52.85722	301.8979	571.941	711.9318	809.8719	900.5709	988.8569	1079.638	1182.411	1255.349	1350.596	1430.596	1520.226
229.2	0	0	0	0.0488245	2.470629	53.13252	301.5037	571.4969	711.24	809.219	900.9274	988.7281	1079.499	1183.006	1255.19	1350.596	1430.417	1518.149
229.3	0	0	0	0.0488245	2.470629	52.99487	301.4249	570.8751	711.6353	810.6337	901.0462	987.8263	1080.193	1183.75	1253.761	1350.09	1431.669	1517.771
229.4	0	0	0	0.0488245	2.411805	53.06369	301.6614	571.3192	711.9318	811.1779	901.4027	988.2128	1080.471	1183.304	1253.919	1350.427	1431.669	1518.338
229.5	0	0	0	0.0488245	2.411805	53.06369	301.4249	571.2304	711.6353	811.069	900.5709	988.8569	1080.888	1183.304	1254.714	1350.427	1432.027	1517.394
229.6	0	0	0	0.0488245	2.411805	53.13252	301.4249	571.4969	711.24	810.7426	901.0462	987.311	1080.888	1183.006	1254.714	1349.921	1432.205	1516.638
229.7	0	0	0	0.0488245	2.411805	53.13252	301.5826	571.408	711.24	810.6337	901.4027	987.5687	1079.222	1182.411	1255.031	1350.09	1432.742	1518.149
229.8	0	0	0	0.0488245	2.411805	53.33899	301.5037	570.6086	710.8447	810.9602	901.165	987.4398	1078.528	1181.369	1255.19	1350.427	1433.636	1518.149
229.9	0	0	0	0.0488245	2.470629	53.27017	301.1884	570.8751	711.6353	812.0485	901.0462	987.8263	1077.833	1181.667	1255.349	1348.908	1432.384	1517.96
230	0	0	0	0.0488245	2.470629	53.27017	301.1096	570.5198	710.8447	809.9808	901.2839	986.7957	1076.584	1180.625	1255.825	1347.388	1432.205	1517.96
230.1	0	0	0	0.0488245	2.470629	53.20134	301.1096	570.431	710.2517	809.7631	901.7592	984.9922	1077.139	1179.732	1254.078	1346.713	1432.563	1518.904
230.2	0	0	0	0.0488245	2.470629	53.13252	301.5037	570.5198	710.8447	810.7426	901.878	986.4092	1079.638	1180.03	1252.649	1345.7	1432.563	1518.149
230.3	0	0	0	0.0488245	2.411805	53.13252	300.5578	569.8092	711.5364	810.6337	901.9968	986.1516	1079.777	1180.625	1254.078	1344.012	1432.921	1517.583
230.4	0	0	0	0.0488245	2.35298	53.27017	300.5578	570.7863	711.8329	811.069	900.5709	986.4092	1079.499	1180.178	1254.714	1344.687	1431.49	1516.261
230.5	0	0	0	0.0488245	2.411805	53.33899	300.479	569.8092	711.5364	811.069	901.2839	985.8939	1078.111	1179.285	1255.349	1343.337	1433.1	1517.771
230.6	0	0	0	0.0488245	2.470629	53.33899	300.5578	569.6315	711.8329	810.9602	900.9274	985.7651	1078.389	1178.69	1255.349	1345.362	1432.563	1517.016
230.7	0	0	0	0.0488245	2.470629	53.20134	300.3214	568.4768	712.1294	810.1984	900.4521	986.4092	1078.666	1178.988	1255.667	1345.194	1431.133	1517.771
230.8	0	0	0	0.0488245	2.529454	53.13252	299.9272	568.6545	712.5247	810.4161	900.6898	985.2498	1078.666	1179.434	1253.919	1345.194	1428.629	1519.282
230.9	0	0	0	0.0488245	2.529454	53.13252	300.4002	568.7433	711.9318	810.4161	900.5709	984.6057	1078.944	1179.137	1252.808	1344.181	1428.808	1518.715
231	0	0	0	0.0488245	2.529454	53.13252	300.7155	569.2762	711.6353	811.1779	900.6898	985.7651	1078.666	1179.137	1254.078	1343.337	1429.523	1517.394
231.1	0	0	0	0.0488245	2.529454	53.33899	300.7155	569.7204	712.0306	811.9396	900.5709	986.5381	1079.777	1179.434	1254.555	1344.687	1429.881	1520.226
231.2	0	0	0	0.0488245	2.529454	53.54546	300.7943	570.1645	712.327	810.8514	900.5709	985.3787	1079.083	1179.285	1256.302	1344.012	1427.377	1520.226
231.3	0	0	0	0.0488245	2.470629	53.40782	300.3214	570.431	711.1411	810.4161	900.5709	987.1822	1077.972	1179.881	1255.984	1345.025	1428.629	1519.471
231.4	0	0	0	0.0488245	2.529454	53.54546	300.0061	570.6086	711.3388	811.2867	900.5709	986.4092	1077.833	1179.732	1254.872	1347.22	1426.841	1518.338
231.5	0	0	0	0.0488245	2.588278	53.61429	299.7696	570.2533	710.1529	810.4161	898.9074	986.4092	1078.25	1179.583	1255.349	1346.038	1427.735	1516.072
231.6	0	0	0	0.0488245	2.588278	53.40782	299.9272	570.5198	709.3623	809.5455	897.9568	986.5381	1077.278	1180.178	1256.302	1346.375	1427.556	1517.205
231.7	0	0	0	0.0488245	2.588278	53.40782	299.7696	569.898	708.967	809.1102	897.4815	985.2498	1074.918	1178.988	1255.508	1345.531	1427.735	1514.939
231.8	0	0	0	0.0488245	2.470629	53.47664	299.7696	569.4539	708.5717	808.6749	898.0756	983.8328	1074.779	1178.69	1255.19	1346.544	1428.271	1515.128
231.9	0	0	0	0.0488245	2.470629	53.47664	300.4002	569.2762	708.5717	807.9131	898.7886	983.4463	1074.224	1178.392	1254.237	1346.207	1427.735	1513.806
232	0	0	0	0.0488245	2.529454	53.47664	300.4002	568.921	708.6705	808.5661	898.7886	983.0598	1074.502	1177.5	1254.555	1345.7	1426.483	1515.505
232.1	0	0	0	0.0488245	2.529454	53.33899	300.0849	568.4768	709.2635	809.5455	898.5509	981.1274	1075.196	1177.351	1254.237	1344.687	1428.629	1513.806
232.2	0	0	0	0.0488245	2.529454	53.54546	299.6908	567.9439	709.0659	810.0896	899.2639	980.8698	1075.473	1177.351	1255.19	1344.518	1429.523	1512.484
232.3	0	0	0	0.0488245	2.647103	53.40782	299.4543	567.0557	709.9553	810.6337	898.7886	981.1274	1075.89	1177.053	1256.143	1344.518	1431.133	1510.974
232.4	0	0	0	0.0488245	2.588278	53.06369	299.3755	567.1445	709.2635	809.7631	898.4321	980.2256	1076.584	1176.458	1255.349	1344.181	1431.49	1511.918
232.5	0	0	0	0.0488245	2.588278	53.06369	299.8484	567.0557	709.4611	809.4366	897.838	979.7104	1075.89	1176.16	1254.872	1344.687	1430.954	1512.295
232.6	0	0	0	0.0488245	2.588278	53.13252	299.2967	566.7892	709.2635	809.3278	899.9768	980.3545	1076.168	1176.16	1255.031	1344.518	1430.417	1511.351
232.7	0	0	0	0.0488245	2.588278	52.92604	299.3755	566.7892	709.1647	810.1984	900.0956	980.9986	1076.029	1175.565	1255.19	1344.518	1431.669	1513.051
232.8	0	0	0	0.0488245	2.647103	52.58192	300.0061	566.7003	708.5717	809.4366	899.3827	980.741	1076.445	1174.821	1253.919	1344.349	1429.881	1512.107
232.9	0	0	0	0.0488245	2.647103	52.44427	299.4543	566.6115	708.4729	808.6749	900.4521	980.2256	1076.029	1174.821	1251.219	1344.518	1427.198	1511.54
233	0	0	0	0.0488245	2.647103	52.5131	299.4543	566.2562	709.0659	808.5661	900.0956	980.741	1075.335	1175.565	1251.537	1343.337	1426.841	1510.974
233.1	0	0	0	0.0488245	2.705927	52.5131	299.2967	566.1674	707.8799	809.0014	900.2145	981.6428	1074.502	1174.374	1251.378	1342.155	1427.198	1509.274
233.2	0	0	0	0.0488245	2.705927	52.44427	298.8237	565.7233	706.8917	809.0014	899.858	982.158	1074.085	1173.928	1252.014	1341.648	1426.483	1510.407
233.3	0	0	0	0.0488245	2.647103	52.30663	298.7449	566.2562	706.3976	808.5661	899.9768	982.5445	1073.669	1174.969	1249.79	1342.155	1425.589	1508.708
233.4	0	0	0	0.0488245	2.647103	52.5131	298.7449	565.7233	706.1011	808.022	899.0262	982.2869	1073.391	1174.672	1249.949	1342.324	1425.589	1506.253
233.5	0	0	0	0.0488245	2.705927	52.44427	298.3507	564.9238	705.5081	807.8043	898.4321	984.0904	1073.946	1173.779	1250.425	1341.648	1425.231	1505.12
233.6	0	0	0	0.0488245	2.705927	52.71957	298.3507	565.1903	705.607	808.7838	899.0262	984.0904	1074.641	1173.928	1250.266	1341.986	1425.589	1505.12
233.7	0	0	0	0.0488245	2.705927	52.44427	298.1143	565.1903	706.0023	809.5455	899.2639	983.1886	1072.281	1174.672	1250.108	1342.661	1425.589	1507.008
233.8	0	0	0	0.0488245	2.647103	52.37545	298.5084	564.835	705.5081	809.3278	900.2145	982.2869	1073.391	1174.821	1252.49	1342.83	1424.695	1506.82
233.9	0	0	0	0.0488245	2.588278	52.58192	298.5084	564.6574	705.7058	809.3278	899.858	982.8021	1072.003	1173.184	1253.443	1340.635	1426.304	1508.33
234	0	0	0	0.0488245	2.588278	52.44427	298.7449	564.1245	705.607	809.4366	899.2639	983.5751	1070.615	1173.928	1252.649	1338.947	1427.02	1508.519
234.1	0	0	0	0.0488245	2.588278	52.30663	298.7449	565.1015	705.3105	807.9131	898.6697	984.7345	1070.753	1172.886	1253.919	1337.428	1426.304	1508.33
234.2	0	0	0	0.0488245	2.588278	52.16898	298.7449	565.1015	705.014	807.4778	898.1945	985.5074	1070.059	1172.588	1253.443	1335.74	1425.947	1508.519
234.3	0	0	0	0.0488245	2.588278	52.30663	298.7449	565.4568	704.6187	807.369	897.6003	985.121	1070.753	1173.63	1252.49	1335.74	1425.052	1509.274
234.4	0	0	0	0.0488245	2.588278	52.03133	298.7449	565.2792	704.4211	805.7366	897.3627	984.348	1070.476	1173.63	1251.061	1335.571	1424.516	1507.953
234.5	0	0	0	0.0488245	2.647103	52.03133	298.1931	565.368	703.8281	805.4102	896.5309	984.348	1069.782	1174.672	1253.125	1336.246	1426.483	1509.274
234.6	0	0	0	0.0488245	2.705927	52.03133	298.1143	564.835	703.6305	805.4102	897.7191	984.7345	1067.977	1176.16	1254.872	1336.077	1427.556	1510.596
234.7	0	0	0	0.0488245	2.705927	52.30663	298.1931	564.0356	704.6187	805.7366	897.3627	984.0904	1067.838	1176.16	1254.872	1336.077	1427.914	1508.897
234.8	0	0	0	0.0488245	2.705927	52.37545	298.3507	562.7921	705.3105	805.7366	896.2933	984.348	1067.977	1176.309	1254.396	1336.246	1428.093	1507.764
234.9	0	0	0	0.0488245	2.705927	52.44427	298.666	563.1473	705.2117	805.6278	895.3427	984.6057	1067.56	1174.969	1252.331	1338.609	1427.556	1508.897
235	0	0	0	0.0488245	2.647103	52.37545	299.0602	563.5027	705.9034	806.1719	895.5803	984.8633	1067.699	1174.969	1251.219	1339.96	1427.02	1509.085
235.1	0	0	0	0.0488245	2.647103	52.5131	298.9814	562.7921	704.9152	805.519	896.5309	983.5751	1066.311	1175.565	1250.266	1338.778	1427.377	1508.33
235.2	0	0	0	0.0488245	2.647103	52.5131	298.9814	562.9697	705.7058	806.2808	896.8874	984.0904	1065.895	1176.011	1249.314	1339.791	1428.093	1509.274
235.3	0	0	0	0.0488245	2.647103	52.71957	299.6119	563.5915	705.5081	807.1514	895.9368	985.121	1066.311	1176.16	1248.678	1339.116	1427.914	1510.785
235.4	0	0	0	0.0488245	2.647103	52.65075	299.3755	563.4138	705.5081	808.4573	896.2933	984.348	1066.311	1176.755	1248.678	1337.934	1427.914	1509.085
235.5	0	0	0	0.0488245	2.647103	52.85722	299.7696	563.2362	705.3105	807.2602	895.8179	983.1886	1067.005	1177.648	1248.043	1336.921	1425.947	1510.218
235.6	0	0	0	0.0488245	2.647103	53.06369	299.3755	563.9468	703.8281	806.2808	894.6297	984.2192	1066.728	1179.732	1250.108	1338.947	1428.271	1510.785
235.7	0	0	0	0.0488245	2.647103	53.20134	299.0602	563.9468	703.7293	806.2808	894.8674	983.8328	1066.589	1179.137	1251.696	1339.116	1428.629	1509.463
235.8	0	0	0	0.0488245	2.647103	53.27017	298.9025	563.1473	703.6305	805.3013	893.7979	984.7345	1067.422	1178.392	1251.219	1340.973	1428.271	1507.008
235.9	0	0	0	0.0488245	2.647103	53.61429	298.9814	563.1473	703.7293	805.0837	893.7979	983.8328	1068.393	1178.988	1251.696	1339.285	1427.556	1507.764
236	0	0	0	0.0488245	2.647103	53.33899	298.8237	563.325	703.9269	804.7572	892.9662	983.0598	1069.504	1179.137	1251.855	1339.285	1428.808	1507.197
236.1	0	0	0	0.0488245	2.647103	53.06369	298.9025	562.9697	703.8281	804.7572	893.4415	982.0292	1069.504	1180.327	1251.061	1338.609	1430.417	1507.764
236.2	0	0	0	0.0488245	2.705927	53.06369	298.666	563.0585	703.6305	805.4102	893.085	981.2563	1069.504	1179.137	1250.902	1339.454	1429.523	1509.274
236.3	0	0	0	0.0488245	2.705927	52.99487	298.666	562.348	703.0375	804.866	892.6097	980.6121	1068.671	1177.797	1250.425	1339.622	1429.881	1511.729
236.4	0	0	0	0.0488245	2.647103	53.13252	298.8237	561.9927	703.8281	805.3013	892.8474	980.741	1069.088	1178.244	1250.425	1339.454	1427.377	1511.162
236.5	0	0	0	0.0488245	2.647103	53.33899	298.3507	561.815	703.2352	806.0631	893.4415	980.8698	1068.671	1176.904	1249.79	1339.454	1428.093	1513.24
236.6	0	0	0	0.0488245	2.647103	53.40782	298.7449	561.4597	703.0375	805.8455	892.2532	980.9986	1067.56	1176.607	1249.79	1339.622	1426.841	1514.373
236.7	0	0	0	0.0488245	2.647103	53.20134	299.0602	561.1044	703.1364	804.9749	891.8967	979.8392	1068.393	1176.16	1248.361	1338.609	1427.02	1513.051
236.8	0	0	0	0.0488245	2.647103	53.06369	298.8237	561.1044	703.0375	804.9749	891.7779	979.8392	1068.393	1177.202	1246.772	1338.103	1425.768	1513.051
236.9	0	0	0	0.0488245	2.647103	52.78839	299.0602	561.0156	703.0375	805.0837	891.3026	978.4221	1069.92	1178.095	1246.296	1337.597	1424.516	1512.484
237	0	0	0	0.0488245	2.705927	52.85722	299.5331	561.4597	702.8399	805.3013	892.372	978.9374	1069.643	1177.797	1247.249	1338.441	1424.874	1512.484
237.1	0	0	0	0.0488245	2.705927	52.65075	299.5331	561.7262	703.0375	804.6484	892.2532	978.1645	1070.337	1176.309	1247.09	1337.259	1424.695	1513.051
237.2	0	0	0	0.0488245	2.705927	52.58192	299.4543	562.4368	703.0375	805.6278	891.3026	977.778	1069.504	1175.862	1247.09	1338.947	1425.768	1513.428
237.3	0	0	0	0.0488245	2.705927	52.2378	298.7449	561.9927	703.2352	806.3896	892.1344	977.9068	1068.81	1175.714	1248.678	1339.791	1426.304	1513.806
237.4	0	0	0	0.0488245	2.705927	52.30663	298.8237	561.9038	704.3223	806.4984	893.2038	978.9374	1069.226	1173.779	1248.519	1338.947	1426.662	1513.617
237.5	0	0	0	0.0488245	2.647103	52.30663	298.9025	561.815	703.6305	805.9543	892.4908	979.4527	1067.56	1171.844	1249.79	1338.778	1426.304	1512.107
237.6	0	0	0	0.0488245	2.647103	52.37545	299.6119	561.815	703.5317	805.7366	893.085	979.7104	1067.005	1172.439	1249.79	1339.791	1424.516	1512.862
237.7	0	0	0	0.0488245	2.647103	52.44427	300.0849	561.3708	703.6305	805.6278	893.085	980.2256	1064.784	1171.993	1249.631	1339.454	1423.801	1512.484
237.8	0	0	0	0.0488245	2.647103	52.5131	299.9272	561.1044	702.8399	805.1925	892.8474	980.741	1064.784	1171.547	1251.061	1338.778	1423.622	1512.673
237.9	0	0	0	0.0488245	2.647103	52.37545	299.8484	561.1044	701.654	804.4307	893.085	980.8698	1064.367	1172.291	1249.472	1338.778	1423.085	1512.862
238	0	0	0	0.0488245	2.647103	52.5131	299.6908	561.6373	701.4564	804.3219	893.085	979.5815	1063.118	1172.588	1250.743	1338.778	1422.907	1511.729
238.1	0	0	0	0.0488245	2.705927	52.58192	300.1637	561.9038	701.7528	804.3219	893.2038	978.2933	1063.812	1173.035	1251.378	1340.467	1422.907	1510.218
238.2	0	0	0	0.0488245	2.705927	52.44427	299.9272	561.0156	701.3575	803.7778	894.1544	979.8392	1063.257	1172.886	1251.219	1340.804	1422.012	1509.463
238.3	0	0	0	0.0488245	2.764752	52.44427	299.9272	561.1932	702.0493	803.9954	893.2038	979.8392	1062.979	1171.547	1250.902	1341.479	1422.012	1510.596
238.4	0	0	0	0.0488245	2.764752	52.44427	300.0061	561.815	701.7528	803.4513	893.3226	978.9374	1061.591	1171.695	1251.219	1341.648	1420.224	1510.974
238.5	0	0	0	0.0488245	2.764752	52.5131	299.9272	561.815	701.8516	802.7984	894.392	979.5815	1060.897	1170.654	1251.696	1340.973	1422.549	1511.54
238.6	0	0	0	0.0488245	2.764752	52.37545	300.4002	562.0815	701.5552	802.4719	894.6297	979.4527	1061.313	1169.612	1250.425	1340.298	1421.476	1510.407
238.7	0	0	0	0.0488245	2.764752	52.44427	300.952	561.1044	700.9622	802.6896	895.4615	979.7104	1060.619	1170.356	1250.584	1340.804	1422.191	1509.085
238.8	0	0	0	0.0488245	2.764752	52.58192	301.5037	561.0156	700.7646	803.5601	894.0356	980.741	1060.48	1169.463	1250.902	1340.804	1421.834	1507.008
238.9	0	0	0	0.0488245	2.764752	52.58192	300.8731	560.6603	701.2587	803.4513	894.5109	981.7715	1060.758	1169.463	1250.743	1340.973	1423.443	1507.197
239	0	0	0	0.0488245	2.764752	52.58192	301.2673	560.5715	702.0493	803.5601	893.7979	980.8698	1059.647	1167.826	1251.537	1339.96	1422.191	1506.253
239.1	0	0	0	0.0488245	2.764752	52.58192	301.0308	560.3938	702.7411	803.4513	894.1544	979.4527	1058.953	1168.868	1252.649	1340.129	1421.476	1506.253
239.2	0	0	0	0.0488245	2.764752	52.65075	301.1096	560.5715	703.334	803.4513	894.6297	979.8392	1059.925	1169.612	1250.108	1340.467	1420.582	1506.253
239.3	0	0	0	0.0488245	2.764752	52.78839	300.8731	560.2162	703.2352	803.2337	894.6297	979.3239	1059.786	1171.1	1250.266	1339.116	1421.118	1506.442
239.4	0	0	0	0.0488245	2.705927	52.78839	301.1884	560.2162	702.8399	802.9072	894.6297	980.3545	1059.092	1170.356	1251.378	1338.947	1421.476	1503.421
239.5	0	0	0	0.0488245	2.705927	52.78839	301.5826	560.0385	702.8399	803.3425	893.5603	980.8698	1060.619	1170.207	1251.378	1338.947	1419.867	1503.421
239.6	0	0	0	0.0488245	2.705927	53.06369	301.1884	559.4167	702.9387	801.6013	892.8474	979.7104	1058.814	1171.695	1251.378	1338.778	1421.297	1503.609
239.7	0	0	0	0.0488245	2.764752	53.13252	301.2673	560.6603	703.9269	801.6013	893.2038	979.1951	1058.259	1172.737	1251.855	1339.285	1422.728	1503.987
239.8	0	0	0	0.0488245	2.764752	53.06369	301.819	559.8608	703.0375	800.9484	893.3226	979.968	1057.982	1173.779	1251.378	1339.454	1423.622	1505.687
239.9	0	0	0	0.0488245	2.764752	53.06369	301.7402	559.3279	703.0375	800.7307	893.5603	980.0969	1057.287	1173.63	1251.855	1339.116	1424.516	1504.554
240	0	0	0	0.0488245	2.764752	52.92604	301.819	558.7061	703.6305	800.4042	893.9167	980.2256	1056.454	1173.779	1250.743	1338.272	1425.41	1506.253
240.1	0	0	0	0.0488245	2.764752	52.99487	301.4249	559.0615	703.4328	800.1866	893.3226	979.8392	1056.732	1174.672	1250.902	1337.934	1425.231	1506.064
240.2	0	0	0	0.0488245	2.823576	53.20134	301.5826	558.9726	703.6305	800.5131	893.4415	978.1645	1057.287	1176.458	1250.743	1339.622	1424.337	1505.687
240.3	0	0	0	0.0488245	2.823576	53.13252	301.4249	558.8838	702.6422	800.4042	893.6791	979.3239	1057.01	1174.672	1251.537	1340.467	1424.695	1507.953
240.4	0	0	0	0.0488245	2.823576	53.06369	301.1096	559.5944	702.8399	800.5131	894.0356	979.3239	1056.454	1174.077	1250.266	1341.479	1423.622	1506.253
240.5	0	0	0	0.0488245	2.823576	52.99487	301.1096	559.5056	703.2352	799.8601	894.7485	979.0662	1058.12	1173.184	1248.996	1339.96	1424.695	1508.141
240.6	0	0	0	0.0488245	2.823576	53.13252	301.1884	559.9497	702.6422	799.0983	895.3427	978.9374	1059.231	1172.439	1248.837	1339.454	1423.085	1508.141
240.7	0	0	0	0.0488245	2.823576	53.13252	301.1096	559.772	703.2352	799.0983	895.3427	979.1951	1059.509	1170.951	1248.837	1338.441	1423.801	1508.897
240.8	0	0	0	0.0488245	2.823576	53.27017	300.952	560.2162	703.6305	798.9895	897.0062	978.551	1060.342	1169.761	1247.725	1338.103	1425.052	1508.141
240.9	0	0	0	0.0488245	2.823576	52.99487	300.2426	560.2162	703.1364	798.1189	897.9568	977.5203	1060.203	1169.612	1247.408	1337.259	1424.695	1509.085
241	0	0	0	0.0488245	2.823576	53.06369	300.479	560.7491	702.4446	798.3365	897.2438	978.9374	1061.175	1169.909	1247.725	1337.09	1423.801	1507.197
241.1	0	0	0	0.0488245	2.823576	53.06369	301.0308	560.305	703.334	798.7719	898.0756	977.6492	1059.925	1169.761	1247.249	1336.584	1423.622	1505.875
241.2	0	0	0	0.09764901	2.823576	53.27017	300.479	559.4167	702.2469	798.1189	898.1945	977.9068	1059.092	1169.463	1249.155	1337.09	1422.191	1503.798
241.3	0	0	0	0.09764901	2.823576	53.06369	300.4002	559.3279	703.2352	798.3365	897.6003	978.0356	1057.565	1169.463	1249.472	1337.428	1422.549	1502.477
241.4	0	0	0	0.09764901	2.823576	53.06369	300.0849	560.0385	703.6305	798.4454	898.0756	976.7474	1057.704	1169.016	1248.361	1337.597	1423.443	1503.421
241.5	0	0	0	0.09764901	2.823576	53.33899	300.0849	559.6832	704.5199	798.0101	897.7191	975.4592	1058.953	1168.421	1248.202	1335.571	1423.443	1502.099
241.6	0	0	0	0.09764901	2.764752	53.27017	299.8484	559.3279	704.8163	798.0101	897.9568	975.9744	1058.537	1168.124	1248.043	1335.064	1424.874	1503.043
241.7	0	0	0	0.09764901	2.764752	53.27017	299.9272	558.7061	705.014	798.1189	897.6003	976.7474	1058.814	1167.826	1247.408	1335.571	1425.589	1502.665
241.8	0	0	0	0.09764901	2.764752	53.13252	300.2426	557.7291	705.2117	798.9895	897.7191	977.6492	1058.12	1167.677	1247.567	1335.233	1423.443	1502.665
241.9	0	0	0	0.09764901	2.705927	53.20134	300.1637	558.0844	703.8281	800.2954	897.7191	978.1645	1059.509	1170.058	1247.249	1332.701	1423.264	1501.721
242	0	0	0	0.09764901	2.823576	53.13252	300.0061	558.8838	704.1246	800.7307	896.8874	978.8086	1059.092	1169.909	1246.455	1333.038	1423.443	1500.4
242.1	0	0	0	0.09764901	2.823576	53.13252	299.6119	559.4167	703.4328	799.9689	896.6497	978.6797	1058.537	1172.291	1246.137	1332.363	1422.728	1498.511
242.2	0	0	0	0.09764901	2.882401	53.06369	299.6908	559.5944	703.9269	799.316	896.5309	978.4221	1060.203	1170.654	1246.614	1332.87	1420.94	1497.567
242.3	0	0	0	0.09764901	2.882401	53.27017	300.7155	558.8838	703.5317	799.4248	896.0556	979.0662	1061.869	1170.505	1244.549	1332.363	1420.582	1497.567
242.4	0	0	0	0.09764901	2.882401	53.40782	300.479	558.3508	702.8399	799.8601	896.0556	980.0969	1062.563	1169.612	1245.661	1332.87	1420.761	1497.945
242.5	0	0	0	0.09764901	2.941225	53.33899	300.1637	557.8179	702.9387	799.4248	895.2238	979.4527	1061.036	1170.058	1245.661	1331.35	1420.403	1498.511
242.6	0	0	0	0.09764901	2.941225	53.13252	300.4002	558.1732	703.1364	799.316	895.3427	978.2933	1061.313	1170.058	1245.025	1331.181	1420.94	1500.022
242.7	0	0	0	0.09764901	2.941225	53.40782	300.2426	558.262	703.8281	800.2954	894.8674	976.8762	1059.231	1169.909	1242.961	1331.35	1420.403	1499.644
242.8	0	0	0	0.09764901	3.00005	53.75194	300.4002	558.5285	704.4211	799.4248	894.9861	975.9744	1059.37	1170.654	1242.802	1331.181	1420.045	1499.455
242.9	0	0	0	0.09764901	2.941225	53.33899	300.3214	558.6173	703.8281	799.2072	894.5109	976.2321	1058.12	1170.207	1242.325	1333.038	1419.688	1499.833
243	0	0	0	0.09764901	2.941225	53.33899	300.4002	559.0615	704.1246	798.4454	893.7979	977.0051	1056.593	1170.802	1242.643	1332.363	1419.33	1500.777
243.1	0	0	0	0.09764901	2.941225	53.40782	301.1096	558.795	703.9269	798.9895	893.3226	976.2321	1057.982	1169.761	1241.214	1333.038	1417.9	1499.267
243.2	0	0	0	0.09764901	2.941225	53.47664	301.4249	559.1503	703.5317	799.5336	893.2038	975.8456	1058.398	1171.547	1241.372	1332.363	1417.542	1500.4
243.3	0	0	0	0.09764901	2.941225	53.68311	301.1096	558.7061	703.334	799.6425	892.1344	975.588	1058.259	1169.612	1242.643	1332.194	1416.469	1500.211
243.4	0	0	0	0.09764901	2.941225	53.68311	301.5037	558.3508	702.4446	798.9895	892.372	975.8456	1057.704	1169.165	1243.596	1332.87	1415.575	1499.455
243.5	0	0	0	0.09764901	2.941225	53.61429	300.7943	558.0844	702.2469	799.5336	892.2532	975.4592	1056.871	1168.124	1243.596	1332.363	1415.396	1500.022
243.6	0	0	0	0.09764901	2.882401	53.75194	299.6908	557.7291	701.9504	799.316	893.085	974.815	1057.982	1168.124	1243.437	1333.714	1414.323	1501.532
243.7	0	0	0	0.09764901	2.823576	53.68311	299.9272	556.752	703.1364	798.8807	893.9167	973.7844	1057.01	1167.379	1243.278	1334.389	1413.071	1501.344
243.8	0	0	0	0.09764901	2.823576	53.61429	299.0602	556.5743	704.3223	798.2277	892.9662	974.4286	1056.316	1165.742	1243.278	1333.714	1412.356	1500.4
243.9	0	0	0	0.09764901	2.823576	53.68311	299.9272	555.7749	703.7293	797.7924	892.9662	974.0421	1056.593	1163.808	1242.484	1334.22	1410.389	1498.323
244	0	0	0	0.09764901	2.823576	53.61429	299.3755	555.7749	704.1246	798.4454	892.4908	974.1709	1056.871	1161.724	1242.167	1333.545	1410.568	1500.211
244.1	0	0	0	0.09764901	2.882401	53.47664	299.2967	555.7749	703.8281	797.7924	892.2532	975.588	1057.149	1161.129	1241.372	1333.207	1410.031	1500.022
244.2	0	0	0	0.09764901	2.882401	53.47664	299.4543	555.242	704.2234	798.663	891.5403	975.4592	1058.259	1162.319	1241.055	1332.194	1408.958	1498.134
244.3	0	0	0	0.09764901	2.941225	53.47664	299.6908	555.4196	703.5317	798.2277	890.8273	975.3303	1058.537	1163.956	1240.261	1334.051	1409.137	1497.189
244.4	0	0	0	0.09764901	2.941225	53.54546	300.1637	554.6202	703.5317	797.5748	890.352	975.0727	1056.732	1162.766	1239.308	1334.22	1409.674	1495.679
244.5	0	0	0	0.09764901	2.941225	53.40782	300.479	553.732	702.3458	797.1395	889.9955	975.2015	1055.899	1163.956	1239.943	1333.714	1410.389	1495.679
244.6	0	0	0	0.09764901	2.941225	53.54546	300.5578	552.4884	702.1481	797.6837	890.9462	975.0727	1057.01	1164.254	1240.102	1334.895	1409.852	1495.868
244.7	0	0	0	0.09764901	2.941225	53.40782	300.7155	551.8666	702.6422	797.9012	891.7779	974.815	1056.593	1164.849	1240.102	1334.389	1409.495	1495.49
244.8	0	0	0	0.09764901	2.941225	53.54546	300.4002	551.8666	702.7411	799.2072	891.1838	975.8456	1055.483	1164.849	1239.308	1333.207	1410.21	1495.301
244.9	0	0	0	0.09764901	3.00005	53.61429	300.7155	551.7778	701.8516	799.6425	890.4708	976.6186	1054.789	1164.552	1239.149	1333.376	1409.674	1494.357
245	0	0	0	0.09764901	3.00005	53.27017	300.7943	552.0443	701.8516	800.2954	892.0156	975.9744	1054.511	1164.701	1237.402	1333.376	1409.674	1495.679
245.1	0	0	0	0.09764901	3.00005	53.40782	301.1096	550.8008	700.7646	800.6219	890.352	976.2321	1054.233	1164.105	1237.084	1335.064	1410.031	1494.168
245.2	0	0	0	0.09764901	3.00005	53.40782	300.8731	551.2449	700.6658	799.7513	891.5403	976.3609	1055.344	1162.617	1237.084	1336.077	1411.462	1493.602
245.3	0	0	0	0.09764901	3.00005	53.13252	301.1096	551.1561	700.0728	800.4042	890.7085	975.9744	1055.205	1161.129	1235.972	1335.908	1410.747	1492.847
245.4	0	0	0	0.09764901	3.00005	53.20134	301.2673	551.6002	699.4799	798.4454	889.4014	976.6186	1056.038	1160.087	1236.29	1334.895	1410.21	1492.469
245.5	0	0	0	0.09764901	3.058874	53.06369	301.5037	551.6002	699.8751	797.7924	889.1638	975.9744	1055.066	1159.343	1236.766	1334.558	1409.674	1493.413
245.6	0	0	0	0.09764901	3.058874	53.06369	301.5037	552.0443	699.0845	797.1395	889.0449	976.2321	1055.205	1157.706	1236.766	1335.233	1410.031	1493.035
245.7	0	0	0	0.09764901	3.058874	53.13252	301.8979	552.2219	699.1833	797.3572	888.2132	975.9744	1054.927	1155.622	1236.29	1336.584	1409.852	1491.336
245.8	0	0	0	0.09764901	3.058874	53.27017	301.5826	552.3996	699.2822	798.5542	888.4508	975.3303	1055.76	1156.069	1234.543	1336.077	1409.674	1494.357
245.9	0	0	0	0.09764901	3.058874	53.06369	301.5037	552.4884	698.4916	798.5542	887.5002	976.2321	1055.344	1155.92	1234.066	1336.415	1409.852	1493.224
246	0	0	0	0.09764901	3.058874	52.99487	301.8979	553.0214	697.9975	797.9012	886.6685	976.8762	1054.927	1154.581	1233.749	1337.259	1408.422	1493.035
246.1	0	0	0	0.09764901	3.058874	52.99487	301.6614	551.9555	697.5034	797.0307	886.312	977.2627	1054.233	1153.092	1233.59	1336.584	1407.707	1493.602
246.2	0	0	0	0.09764901	3.058874	53.06369	301.5037	552.0443	697.7998	796.5954	887.1437	978.0356	1054.094	1152.943	1233.908	1336.415	1407.17	1494.168
246.3	0	0	0	0.09764901	3.058874	52.99487	301.5037	552.5773	698.9857	796.9219	886.5496	978.551	1054.094	1152.795	1234.066	1337.09	1407.528	1493.791
246.4	0	0	0	0.09764901	3.058874	53.27017	301.3461	552.8438	698.6893	796.7042	887.025	979.4527	1054.094	1151.902	1235.178	1336.246	1406.991	1493.413
246.5	0	0	0	0.09764901	2.941225	53.40782	300.5578	552.4884	699.381	796.1601	886.7873	979.3239	1053.261	1151.604	1233.272	1335.908	1407.528	1493.979
246.6	0	0	0	0.09764901	2.941225	53.54546	300.5578	552.8438	699.381	794.4189	885.9555	979.1951	1052.151	1152.051	1233.59	1336.921	1407.885	1493.413
246.7	0	0	0	0.09764901	2.941225	53.40782	300.1637	553.0214	698.8869	794.5277	886.4308	978.9374	1052.29	1152.646	1232.955	1337.09	1407.885	1493.224
246.8	0	0	0	0.09764901	2.941225	53.20134	300.0061	552.3996	698.6893	794.8542	885.9555	977.3915	1052.151	1151.902	1233.272	1336.246	1408.601	1493.224
246.9	0	0	0	0.09764901	2.941225	53.20134	300.2426	552.2219	699.4799	793.4395	885.2426	976.1033	1051.457	1152.348	1234.225	1333.714	1407.707	1492.469
247	0	0	0	0.09764901	2.941225	53.20134	300.1637	552.5773	700.2704	793.8748	884.8861	975.7168	1050.763	1152.497	1233.431	1334.558	1407.707	1488.315
247.1	0	0	0	0.09764901	2.941225	53.13252	300.0061	553.732	699.7763	794.5277	884.5296	974.9438	1051.318	1154.729	1233.59	1333.376	1409.316	1490.77
247.2	0	0	0	0.09764901	2.941225	53.20134	299.5331	552.8438	699.4799	794.4189	883.8167	974.0421	1050.901	1155.027	1232.796	1333.545	1409.852	1489.825
247.3	0	0	0	0.09764901	2.941225	52.99487	299.9272	553.0214	698.8869	793.8748	884.4108	975.2015	1051.457	1155.176	1233.272	1332.701	1410.21	1490.392
247.4	0	0	0	0.09764901	2.941225	52.92604	300.1637	552.7549	698.6893	792.8953	882.8661	975.588	1050.207	1154.134	1233.59	1333.376	1409.316	1490.77
247.5	0	0	0	0.09764901	2.882401	52.71957	300.3214	552.1331	699.4799	792.7865	882.5096	975.8456	1051.179	1154.581	1233.431	1333.376	1409.137	1491.714
247.6	0	0	0	0.09764901	2.882401	52.92604	300.952	551.9555	699.2822	792.2424	882.3908	975.7168	1052.429	1153.836	1232.796	1331.35	1408.601	1491.525
247.7	0	0	0	0.09764901	2.882401	52.85722	301.1096	551.9555	699.4799	792.46	882.6284	974.815	1052.567	1154.432	1232.478	1330.844	1408.422	1493.035
247.8	0	0	0	0.09764901	2.941225	52.78839	300.3214	551.7778	700.0728	792.8953	883.1037	974.1709	1052.012	1155.474	1234.543	1329.662	1406.455	1490.77
247.9	0	0	0	0.09764901	2.882401	52.78839	300.4002	552.3108	700.3693	792.8953	883.579	974.1709	1051.179	1155.176	1234.384	1328.48	1406.276	1490.014
248	0	0	0	0.09764901	2.882401	52.65075	300.0061	552.8438	700.9622	792.2424	883.8167	973.0115	1052.29	1156.515	1233.272	1328.311	1404.667	1489.825
248.1	0	0	0	0.09764901	2.882401	52.65075	300.6367	551.7778	700.3693	792.2424	882.5096	972.2385	1051.596	1157.706	1231.525	1329.155	1405.918	1488.692
248.2	0	0	0	0.09764901	2.882401	52.65075	301.3461	551.8666	699.0845	792.46	882.8661	971.8521	1050.763	1157.855	1230.572	1328.818	1405.382	1488.881
248.3	0	0	0	0.09764901	2.823576	52.65075	301.1096	551.3337	698.6893	793.3306	883.3414	971.9809	1050.624	1158.003	1231.843	1329.155	1405.918	1487.937
248.4	0	0	0	0.09764901	2.823576	52.5131	301.1096	551.1561	699.0845	793.7659	884.8861	971.4656	1051.318	1159.789	1230.255	1328.986	1406.812	1484.916
248.5	0	0	0	0.09764901	2.882401	52.65075	300.5578	550.8896	699.7763	794.3101	885.7178	969.662	1050.763	1157.706	1230.255	1328.818	1407.349	1487.559
248.6	0	0	0	0.09764901	2.882401	52.85722	301.1096	551.3337	700.2704	794.5277	885.2426	968.5026	1050.763	1155.474	1231.684	1330.844	1406.991	1486.427
248.7	0	0	0	0.09764901	2.882401	52.71957	301.1096	551.1561	700.8634	795.2895	885.0049	967.472	1050.624	1153.539	1231.525	1330.337	1407.528	1486.238
248.8	0	0	0	0.09764901	2.882401	52.78839	301.7402	551.7778	700.1716	795.7248	885.2426	965.9261	1050.901	1153.092	1233.431	1328.48	1409.495	1485.482
248.9	0	0	0	0.09764901	2.882401	52.78839	302.0555	551.5114	699.8751	795.8336	885.4802	966.055	1051.04	1154.432	1234.543	1329.493	1407.707	1485.482
249	0	0	0	0.09764901	2.882401	52.78839	302.1343	551.689	699.5787	795.2895	884.6484	966.6991	1050.901	1153.836	1235.019	1329.662	1407.528	1484.538
249.1	0	0	0	0.09764901	2.882401	52.92604	301.8979	552.1331	697.701	795.5071	883.4602	965.6685	1051.318	1153.092	1234.702	1328.649	1408.243	1484.161
249.2	0	0	0	0.09764901	2.823576	52.99487	301.1884	552.0443	697.2069	794.963	883.1037	965.5397	1051.457	1152.348	1233.908	1328.986	1408.601	1484.916
249.3	0	0	0	0.09764901	2.823576	52.85722	301.7402	551.4225	696.4163	795.616	883.3414	966.055	1052.29	1152.943	1234.86	1328.311	1409.137	1484.538
249.4	0	0	0	0.09764901	2.764752	52.5131	301.5826	551.689	696.3174	796.3777	883.579	965.7973	1052.29	1152.497	1233.113	1328.818	1408.958	1486.427
249.5	0	0	0	0.09764901	2.764752	52.44427	301.0308	551.689	696.5151	795.9424	883.6979	965.4108	1052.012	1151.902	1234.384	1328.311	1407.349	1486.804
249.6	0	0	0	0.09764901	2.764752	52.37545	301.6614	552.6661	696.9104	797.2484	882.272	966.055	1052.012	1151.604	1233.59	1328.142	1407.349	1484.349
249.7	0	0	0	0.09764901	2.764752	52.37545	301.1884	552.5773	698.1951	797.3572	882.272	966.4415	1051.734	1150.413	1233.908	1327.636	1406.634	1484.727
249.8	0	0	0	0.09764901	2.764752	52.2378	301.5037	552.7549	697.8987	797.1395	882.9849	967.2144	1052.984	1150.562	1233.59	1328.48	1406.097	1485.482
249.9	0	0	0	0.09764901	2.823576	52.03133	301.8979	552.5773	697.9975	797.2484	883.3414	967.6009	1054.094	1150.413	1235.972	1328.48	1404.488	1486.427
250	0	0	0	0.09764901	2.823576	51.9625	301.819	553.199	697.8987	796.813	883.6979	967.6009	1053.817	1151.455	1235.496	1328.311	1405.203	1485.671
250.1	0	0	0	0.09764901	2.823576	51.9625	301.8979	552.8438	698.9857	796.7042	883.2225	966.8279	1053.817	1151.158	1235.972	1328.818	1406.455	1485.482
250.2	0	0	0	0.09764901	2.823576	52.2378	302.6861	552.7549	699.6775	797.2484	882.9849	967.6009	1055.76	1153.092	1235.813	1329.493	1404.13	1484.916
250.3	0	0	0	0.09764901	2.823576	52.30663	302.9226	553.4655	699.381	797.466	883.4602	966.8279	1057.149	1152.795	1235.813	1330.337	1404.309	1485.86
250.4	0	0	0	0.09764901	2.823576	52.37545	303.8685	553.4655	699.0845	796.7042	884.4108	967.6009	1057.149	1152.943	1234.86	1329.493	1404.13	1486.993
250.5	0	0	0	0.09764901	2.823576	52.30663	303.7108	552.3996	699.6775	796.7042	883.8167	967.2144	1057.149	1153.688	1235.019	1328.142	1404.309	1487.371
250.6	0	0	0	0.09764901	2.823576	52.30663	303.632	553.0214	699.1833	795.5071	884.6484	967.2144	1055.483	1153.241	1235.813	1329.324	1404.13	1487.937
250.7	0	0	0	0.09764901	2.823576	51.89368	303.4743	552.5773	699.1833	796.1601	885.9555	967.3432	1054.094	1151.306	1236.131	1328.649	1405.024	1486.804
250.8	0	0	0	0.09764901	2.823576	51.89368	303.3955	551.8666	699.6775	795.1807	886.4308	967.8585	1052.984	1151.158	1236.131	1327.974	1405.382	1487.559
250.9	0	0	0	0.09764901	2.823576	52.03133	303.7896	552.3108	699.4799	795.2895	886.5496	967.2144	1053.261	1149.521	1236.29	1326.623	1406.634	1487.182
251	0	0	0	0.09764901	2.941225	52.10015	304.2626	552.3996	698.4916	795.2895	885.9555	967.0856	1052.151	1149.521	1235.496	1325.948	1408.958	1488.126
251.1	0	0	0	0.09764901	2.941225	51.9625	305.0508	552.1331	698.9857	795.3983	885.0049	967.2144	1050.346	1148.479	1235.337	1324.766	1409.137	1487.182
251.2	0	0	0	0.09764901	2.941225	51.75603	305.2085	551.6002	698.8869	794.963	884.5296	968.245	1049.097	1149.967	1236.131	1324.259	1410.389	1487.748
251.3	0	0	0	0.09764901	3.00005	51.75603	305.2873	552.7549	697.5034	795.2895	884.4108	967.8585	1047.986	1149.669	1236.925	1325.272	1408.601	1489.636
251.4	0	0	0	0.09764901	3.00005	51.54955	305.0508	553.199	697.7998	795.5071	884.1732	967.8585	1047.847	1149.223	1238.037	1326.792	1407.707	1491.336
251.5	0	0	0	0.09764901	3.00005	51.82485	305.1297	553.5543	698.7881	795.7248	883.3414	968.3738	1047.292	1151.009	1236.449	1327.636	1408.958	1492.847
251.6	0	0	0	0.09764901	3.00005	51.82485	305.6026	553.5543	698.5905	795.2895	881.7966	969.1467	1047.014	1151.753	1237.719	1327.805	1406.634	1492.091
251.7	0	0	0	0.1464735	3.00005	51.9625	306.1544	553.8208	697.0092	795.1807	881.2025	969.1467	1047.847	1150.116	1236.449	1327.974	1406.097	1492.28
251.8	0	0	0	0.1464735	3.00005	51.89368	305.7603	553.732	697.108	795.7248	881.7966	968.7603	1048.264	1150.711	1236.608	1327.974	1406.097	1494.168
251.9	0	0	0	0.1464735	2.941225	51.89368	305.2085	554.1761	697.701	796.5954	881.3214	969.0179	1046.459	1150.265	1235.972	1327.636	1403.951	1493.224
252	0	0	0	0.1464735	2.941225	51.9625	305.7603	554.4426	697.3057	796.7042	881.0837	968.7603	1046.459	1149.967	1236.608	1327.298	1404.488	1492.847
252.1	0	0	0	0.1464735	3.00005	51.9625	305.7603	554.7979	697.3057	796.9219	881.0837	969.1467	1046.182	1149.967	1236.766	1327.129	1404.13	1491.336
252.2	0	0	0	0.1464735	3.00005	52.16898	305.2085	554.9755	697.3057	796.4866	881.0837	967.472	1047.708	1149.372	1236.131	1326.961	1405.203	1490.392
252.3	0	0	0	0.1464735	3.00005	52.44427	305.2873	554.3538	696.614	796.1601	880.4896	964.8956	1049.374	1150.116	1236.449	1326.792	1405.024	1490.203
252.4	0	0	0	0.1464735	3.00005	52.65075	305.0508	554.1761	697.0092	796.3777	880.4896	965.5397	1050.485	1150.116	1236.608	1325.441	1404.309	1490.958
252.5	0	0	0	0.1464735	2.941225	52.44427	304.4991	553.199	697.0092	796.4866	880.6084	965.0244	1051.04	1150.265	1236.29	1326.116	1403.057	1492.847
252.6	0	0	0	0.1464735	3.00005	52.44427	303.7896	552.9326	697.7998	795.5071	880.6084	965.7973	1050.763	1149.521	1234.543	1325.272	1402.878	1490.392
252.7	0	0	0	0.1464735	3.00005	52.5131	303.8685	554.0873	698.3928	794.8542	881.3214	965.7973	1050.207	1149.372	1235.178	1325.948	1402.878	1489.636
252.8	0	0	0	0.1464735	3.00005	52.44427	303.5532	554.4426	698.3928	794.7454	881.3214	965.282	1049.513	1149.074	1235.496	1325.272	1400.732	1488.692
252.9	0	0	0	0.1464735	3.058874	52.37545	303.3167	554.709	698.3928	795.5071	880.6084	965.0244	1050.069	1149.521	1235.972	1325.272	1399.838	1488.126
253	0	0	0	0.195298	2.941225	52.30663	303.4743	555.1531	697.9975	795.7248	880.6084	965.6685	1050.346	1149.521	1237.243	1323.415	1399.659	1488.315
253.1	0	0	0	0.195298	2.941225	52.2378	303.3167	555.242	698.3928	795.1807	880.3708	964.8956	1050.485	1150.265	1238.831	1323.753	1399.123	1489.448
253.2	0	0	0	0.195298	3.00005	52.37545	302.6861	556.0414	697.5034	795.2895	880.7272	964.1226	1049.93	1150.562	1237.561	1323.584	1399.123	1487.371
253.3	0	0	0	0.195298	3.058874	52.37545	302.6073	555.8638	696.8116	795.0718	880.6084	963.9938	1049.374	1149.818	1237.402	1323.078	1399.659	1487.748
253.4	0	0	0	0.195298	3.058874	52.5131	302.6861	555.7749	698.3928	795.3983	880.4896	963.2208	1049.513	1148.479	1237.561	1321.558	1399.481	1486.049
253.5	0	0	0	0.195298	3.058874	52.5131	302.8438	555.5085	698.3928	794.7454	881.7966	964.7667	1048.819	1148.628	1237.561	1323.078	1401.448	1486.427
253.6	0	0	0	0.195298	3.058874	52.44427	302.292	554.0873	698.5905	795.0718	881.3214	965.6685	1049.236	1149.669	1236.608	1323.922	1400.732	1489.07
253.7	0	0	0	0.195298	3.058874	52.5131	302.3708	553.6431	697.7998	794.2012	879.7766	964.2514	1048.403	1149.372	1237.084	1323.415	1401.626	1487.748
253.8	0	0	0	0.195298	3.00005	52.78839	302.3708	553.732	698.2939	794.4189	879.7766	963.7361	1048.125	1149.521	1238.514	1323.584	1401.09	1489.07
253.9	0	0	0	0.195298	3.00005	52.85722	302.4496	553.4655	697.3057	794.3101	880.0143	964.6379	1047.708	1150.711	1238.355	1323.415	1400.553	1488.881
254	0	0	0	0.195298	3.00005	52.71957	302.0555	553.2878	696.9104	793.5483	879.0637	964.8956	1046.459	1150.413	1238.672	1321.052	1399.659	1488.126
254.1	0	0	0	0.195298	2.941225	52.65075	301.5826	553.199	696.8116	793.3306	878.4695	965.282	1047.708	1150.86	1238.99	1321.896	1398.586	1489.448
254.2	0	0	0	0.195298	2.941225	52.78839	302.0555	553.199	697.4045	793.113	878.3508	965.7973	1047.57	1152.051	1240.261	1320.545	1399.123	1489.636
254.3	0	0	0	0.195298	2.941225	52.85722	301.819	553.199	697.4045	792.46	877.2813	966.4415	1046.32	1150.562	1239.943	1319.701	1397.871	1489.636
254.4	0	0	0	0.195298	2.941225	52.78839	301.819	553.8208	697.9975	793.0042	877.6378	965.7973	1046.876	1150.86	1240.102	1319.026	1398.229	1490.581
254.5	0	0	0	0.195298	3.00005	52.71957	301.9767	554.2649	697.6022	792.8953	878.7072	965.5397	1047.292	1151.306	1240.896	1316.831	1396.441	1489.825
254.6	0	0	0	0.195298	3.00005	52.58192	302.4496	553.8208	696.9104	793.0042	878.2319	964.8956	1047.431	1151.604	1241.531	1315.143	1396.619	1491.147
254.7	0	0	0	0.195298	2.941225	52.58192	303.3167	553.6431	696.614	792.5688	876.6872	965.282	1047.153	1153.539	1240.896	1315.649	1397.871	1490.014
254.8	0	0	0	0.195298	2.941225	52.5131	303.0014	553.3766	695.6257	791.916	877.0437	965.6685	1045.904	1153.092	1240.261	1316.494	1395.725	1489.636
254.9	0	0	0	0.195298	3.00005	52.5131	302.6861	553.9984	695.6257	791.8071	875.7366	965.7973	1046.182	1152.646	1239.625	1318.013	1396.262	1491.336
255	0	0	0	0.195298	3.00005	52.65075	302.7649	554.1761	696.1198	790.8277	875.8554	965.1532	1045.765	1152.646	1240.102	1319.364	1397.692	1490.77
255.1	0	0	0	0.195298	3.00005	52.65075	303.7108	553.1102	695.8234	790.2836	876.0931	964.6379	1044.654	1152.348	1238.99	1318.351	1397.335	1490.203
255.2	0	0	0	0.195298	3.058874	52.65075	303.2379	552.1331	695.428	792.0248	877.1625	965.4108	1043.127	1151.306	1237.084	1317.506	1397.514	1488.692
255.3	0	0	0	0.195298	3.058874	52.44427	303.5532	552.5773	695.5269	791.263	876.4495	965.7973	1044.099	1149.818	1237.402	1317.506	1397.692	1487.748
255.4	0	0	0	0.195298	3.058874	52.37545	303.3167	552.7549	694.0445	790.9365	877.0437	966.055	1045.071	1149.967	1236.925	1316.494	1397.156	1485.294
255.5	0	0	0	0.195298	3.058874	52.2378	303.4743	552.5773	694.341	790.7189	877.0437	965.5397	1044.654	1149.521	1237.561	1315.818	1395.546	1485.482
255.6	0	0	0	0.195298	3.058874	52.10015	303.5532	551.7778	693.4515	791.0453	876.3307	964.6379	1043.127	1148.628	1238.037	1314.299	1395.01	1486.615
255.7	0	0	0	0.195298	3.058874	52.30663	303.3955	552.0443	693.6492	791.0453	877.0437	965.6685	1042.017	1149.074	1237.719	1314.13	1395.904	1486.993
255.8	0	0	0	0.195298	3.058874	52.2378	303.5532	552.2219	693.5504	792.3512	877.2813	964.2514	1041.045	1148.479	1237.243	1313.624	1397.335	1485.482
255.9	0	0	0	0.195298	3.058874	52.37545	303.1591	552.0443	694.2421	792.1335	877.8754	964.5091	1041.184	1149.521	1235.178	1313.286	1395.904	1484.727
256	0	0	0	0.195298	3.058874	52.03133	303.3167	552.3108	692.7598	792.3512	878.2319	963.7361	1040.073	1148.925	1234.384	1312.273	1395.368	1484.916
256.1	0	0	0	0.195298	3.058874	52.10015	303.1591	552.1331	692.5621	792.5688	879.6578	963.6073	1040.351	1148.925	1234.384	1312.948	1397.335	1484.349
256.2	0	0	0	0.195298	3.058874	52.10015	302.8438	552.1331	691.9692	792.2424	880.252	963.092	1041.461	1149.372	1232.955	1312.442	1396.977	1483.972
256.3	0	0	0	0.195298	3.176523	52.03133	302.9226	552.3996	692.5621	791.916	880.7272	963.092	1041.184	1148.479	1232.002	1312.779	1397.871	1483.028
256.4	0	0	0	0.195298	3.235348	52.03133	303.0014	552.3996	692.7598	792.0248	880.252	964.2514	1042.711	1149.372	1232.478	1311.429	1396.798	1481.328
256.5	0	0	0	0.195298	3.294172	51.89368	302.6073	551.6002	693.0563	791.5895	880.252	963.8649	1042.294	1148.33	1232.161	1311.598	1396.083	1480.762
256.6	0	0	0	0.195298	3.294172	51.89368	302.3708	550.8896	692.7598	791.8071	879.539	964.2514	1040.073	1149.223	1231.843	1311.091	1397.335	1480.951
256.7	0	0	0	0.195298	3.294172	52.03133	302.292	550.8896	693.1551	790.9365	880.6084	962.9632	1040.629	1149.521	1230.89	1312.104	1398.586	1481.517
256.8	0	0	0	0.195298	3.294172	51.75603	302.7649	551.3337	692.1668	791.263	880.252	964.2514	1041.6	1149.372	1228.984	1310.922	1397.692	1479.062
256.9	0	0	0	0.195298	3.294172	51.75603	302.4496	550.7119	692.5621	791.8071	879.7766	963.7361	1041.461	1150.116	1228.19	1309.572	1396.083	1476.797
257	0	0	0	0.195298	3.294172	51.89368	302.2132	551.0673	692.5621	791.6983	879.539	962.7055	1040.767	1150.265	1228.349	1309.74	1397.156	1477.174
257.1	0	0	0	0.195298	3.294172	51.82485	302.292	550.8008	692.3645	791.4807	878.5884	962.8344	1041.184	1149.074	1228.825	1310.585	1397.156	1474.153
257.2	0	0	0	0.195298	3.294172	52.03133	302.3708	552.0443	692.4633	791.8071	879.539	962.5767	1042.017	1148.33	1228.508	1309.909	1394.474	1473.398
257.3	0	0	0	0.195298	3.294172	52.10015	302.1343	550.6231	691.8704	791.4807	879.8954	962.5767	1042.433	1147.735	1228.19	1310.416	1392.506	1473.02
257.4	0	0	0	0.195298	3.294172	52.16898	302.6073	550.3566	691.9692	792.2424	880.252	961.9326	1043.683	1146.99	1226.919	1310.416	1392.506	1474.719
257.5	0	0	0	0.195298	3.294172	52.30663	301.7402	549.5572	690.981	791.8071	879.539	961.2885	1044.932	1144.014	1227.078	1309.403	1391.791	1473.586
257.6	0	0	0	0.195298	3.294172	52.65075	301.1096	549.7349	690.5856	791.3718	879.3013	961.6749	1043.405	1143.419	1226.284	1310.416	1393.043	1473.209
257.7	0	0	0	0.195298	3.294172	52.58192	300.5578	549.2019	690.388	791.916	878.2319	962.5767	1044.516	1141.782	1225.966	1312.273	1393.043	1471.509
257.8	0	0	0	0.195298	3.294172	52.71957	300.2426	548.8466	691.0798	792.1335	877.7566	962.8344	1041.739	1139.698	1224.696	1310.753	1393.401	1471.321
257.9	0	0	0	0.195298	3.352997	52.85722	300.3214	547.9584	690.4868	791.916	877.1625	962.5767	1042.017	1139.847	1225.172	1310.585	1395.01	1470.188
258	0	0	0	0.195298	3.352997	52.78839	299.9272	547.8696	689.8939	791.0453	876.0931	961.4173	1040.073	1139.4	1225.966	1311.091	1394.474	1469.055
258.1	0	0	0	0.195298	3.411821	52.78839	300.1637	547.1589	690.0915	790.9365	875.9742	962.0614	1039.24	1139.103	1226.76	1309.403	1394.474	1469.621
258.2	0	0	0	0.195298	3.294172	52.65075	299.7696	546.8925	689.3998	790.3924	876.0931	961.1596	1041.045	1139.4	1225.807	1310.078	1394.652	1470.188
258.3	0	0	0	0.195298	3.294172	52.58192	300.5578	547.1589	689.3009	790.0659	876.806	962.1902	1040.629	1139.4	1226.76	1310.247	1394.831	1467.922
258.4	0	0	0	0.195298	3.294172	52.58192	300.5578	547.1589	689.795	790.1747	875.6178	961.2885	1040.49	1138.21	1226.443	1310.922	1395.368	1468.677
258.5	0	0	0	0.195298	3.294172	52.44427	300.4002	547.8696	689.6962	790.1747	875.9742	962.0614	1040.212	1138.061	1226.284	1310.753	1395.725	1469.999
258.6	0	0	0	0.195298	3.294172	52.44427	300.2426	547.5143	688.6091	791.1542	876.806	961.9326	1041.323	1138.359	1227.237	1310.078	1395.546	1469.999
258.7	0	0	0	0.195298	3.294172	52.37545	300.2426	547.4254	688.6091	790.7189	877.2813	961.9326	1041.045	1137.466	1227.872	1309.74	1394.831	1469.621
258.8	0	0	0	0.195298	3.294172	52.58192	300.952	547.8696	688.6091	790.8277	877.9943	961.8038	1041.878	1138.805	1227.872	1310.753	1393.043	1471.321
258.9	0	0	0	0.195298	3.352997	52.58192	301.1884	548.0472	688.1151	791.263	877.6378	962.7055	1041.323	1137.317	1227.078	1309.909	1393.043	1470.565
259	0	0	0	0.195298	3.352997	52.65075	300.0849	547.8696	687.8185	791.916	878.3508	961.8038	1042.294	1138.507	1227.237	1308.052	1393.222	1470.754
259.1	0	0	0	0.195298	3.352997	52.71957	299.6908	547.5143	688.1151	791.4807	877.2813	961.4173	1042.85	1138.061	1226.443	1308.39	1393.401	1470.376
259.2	0	0	0	0.195298	3.352997	52.71957	299.8484	546.8925	688.3127	791.1542	877.2813	960.7731	1043.266	1138.805	1225.807	1309.065	1392.328	1470.754
259.3	0	0	0	0.195298	3.352997	52.85722	299.8484	545.9154	688.6091	789.3041	876.3307	960.2579	1043.405	1139.698	1224.537	1308.896	1392.685	1472.076
259.4	0	0	0	0.195298	3.294172	52.85722	299.5331	545.6489	689.2021	789.5218	877.519	959.0984	1043.544	1139.698	1223.425	1306.87	1394.295	1473.02
259.5	0	0	0	0.195298	3.294172	52.85722	299.2178	545.3824	689.0045	789.5218	877.4001	958.712	1042.989	1140.74	1223.425	1308.728	1394.474	1473.775
259.6	0	0	0	0.195298	3.294172	52.78839	298.9814	545.2936	688.1151	788.6512	877.7566	959.0984	1042.85	1141.782	1222.79	1308.728	1394.652	1473.586
259.7	0	0	0	0.195298	3.235348	52.65075	299.0602	545.7377	687.3245	788.9777	878.9449	959.3561	1041.878	1141.782	1223.584	1308.559	1393.937	1473.775
259.8	0	0	0	0.195298	3.235348	52.65075	299.0602	545.116	686.6327	789.9571	879.6578	960.6443	1041.6	1142.972	1223.266	1309.572	1394.116	1473.775
259.9	0	0	0	0.195298	3.294172	52.71957	299.2178	544.2277	687.028	790.2836	879.0637	960.902	1039.379	1141.93	1223.266	1309.74	1393.222	1473.775
260	0	0	0	0.195298	3.294172	52.92604	299.5331	544.4942	687.3245	789.6306	879.0637	960.0002	1038.546	1141.633	1222.631	1310.585	1392.685	1473.964
260.1	0	0	0	0.195298	3.235348	52.71957	299.6119	544.6719	686.9291	789.1953	878.826	958.712	1037.852	1142.526	1223.266	1309.403	1393.579	1473.209
260.2	0	0	0	0.195298	3.235348	52.85722	299.6119	545.116	686.5338	788.3247	878.5884	958.712	1039.24	1141.782	1225.013	1309.74	1393.401	1473.586
260.3	0	0	0	0.195298	3.294172	52.78839	299.3755	545.3824	686.5338	787.8894	878.2319	958.3255	1039.379	1140.74	1224.219	1310.078	1392.864	1473.209
260.4	0	0	0	0.195298	3.352997	52.65075	299.5331	545.8266	686.6327	786.6923	878.9449	958.1967	1040.073	1141.335	1223.584	1309.403	1392.864	1473.02
260.5	0	0	0	0.195298	3.352997	52.71957	299.7696	545.9154	686.3362	786.4747	878.1131	958.712	1039.934	1143.121	1222.631	1308.052	1393.401	1473.02
260.6	0	0	0	0.195298	3.352997	52.78839	299.9272	546.2707	686.7315	785.9306	877.9943	958.3255	1039.379	1143.419	1221.837	1308.221	1393.401	1471.698
260.7	0	0	0	0.195298	3.352997	52.78839	299.4543	546.5372	687.2256	786.4747	878.826	958.5831	1041.184	1144.758	1222.631	1308.896	1393.043	1473.209
260.8	0	0	0	0.195298	3.352997	52.99487	299.5331	546.3596	687.2256	785.6041	878.1131	958.9696	1040.629	1142.675	1221.837	1308.39	1392.685	1473.209
260.9	0	0	0	0.195298	3.294172	52.92604	299.4543	546.2707	687.2256	785.4953	877.8754	957.939	1040.629	1141.93	1222.472	1308.559	1392.149	1473.775
261	0	0	0	0.195298	3.294172	52.85722	300.0849	545.5601	688.2139	784.8423	878.2319	958.1967	1039.101	1142.079	1222.155	1307.377	1392.685	1473.398
261.1	0	0	0	0.195298	3.294172	52.85722	300.3214	545.2936	688.6091	783.9717	878.2319	959.7426	1038.13	1142.228	1223.266	1308.728	1392.149	1474.153
261.2	0	0	0	0.195298	3.294172	52.78839	300.2426	546.0042	689.4986	783.1011	878.4695	959.4849	1038.685	1141.037	1222.79	1309.403	1392.149	1473.964
261.3	0	0	0	0.195298	3.294172	52.71957	300.0849	546.0931	689.0045	783.1011	877.4001	958.4543	1038.268	1139.847	1222.949	1308.052	1391.255	1473.02
261.4	0	0	0	0.195298	3.294172	52.92604	300.3214	546.8925	689.795	782.3394	876.806	957.939	1037.436	1140.145	1222.155	1308.052	1390.897	1473.02
261.5	0	0	0	0.195298	3.294172	52.92604	300.4002	546.4484	689.6962	782.557	874.4296	958.0679	1038.407	1139.549	1221.837	1308.221	1390.897	1471.321
261.6	0	0	0	0.195298	3.294172	53.06369	300.8731	545.6489	689.6962	781.9041	874.4296	957.2949	1039.934	1138.359	1221.519	1308.559	1390.897	1471.887
261.7	0	0	0	0.195298	3.294172	53.06369	301.3461	545.9154	690.2892	782.1217	873.8354	956.7796	1039.101	1138.656	1220.566	1308.559	1393.043	1471.698
261.8	0	0	0	0.195298	3.294172	53.13252	301.3461	545.6489	690.1904	782.0129	873.3601	956.6508	1039.657	1139.549	1220.884	1309.234	1392.864	1472.265
261.9	0	0	0	0.195298	3.294172	53.27017	301.4249	545.2048	689.6962	781.7952	872.766	956.1355	1039.796	1140.889	1219.455	1308.221	1391.255	1471.887
262	0	0	0	0.195298	3.294172	53.33899	300.7155	545.2048	689.3998	781.2511	872.8848	955.6202	1041.739	1141.93	1218.66	1308.221	1390.182	1472.453
262.1	0	0	0	0.195298	3.235348	53.27017	300.6367	545.4713	687.9174	780.9246	874.1919	956.3931	1041.6	1140.442	1217.39	1308.728	1389.645	1469.999
262.2	0	0	0	0.195298	3.294172	53.27017	300.4002	544.8495	688.8068	782.2305	873.8354	955.6202	1041.6	1139.996	1215.484	1307.377	1387.857	1470.754
262.3	0	0	0	0.195298	3.235348	53.27017	300.4002	544.1389	688.8068	781.6864	873.1224	955.6202	1041.461	1138.805	1213.419	1305.182	1386.963	1470.754
262.4	0	0	0	0.195298	3.235348	53.06369	300.3214	544.5831	688.4115	781.4688	872.053	955.4913	1040.629	1137.763	1213.419	1304.507	1385.89	1469.81
262.5	0	0	0	0.195298	3.235348	52.92604	300.2426	544.7607	688.708	780.707	871.8154	954.2031	1040.49	1137.615	1214.372	1303.832	1386.784	1469.244
262.6	0	0	0	0.195298	3.235348	52.92604	299.8484	544.4054	688.5103	781.4688	870.2707	953.8167	1040.906	1137.019	1216.278	1303.494	1386.784	1466.6
262.7	0	0	0	0.195298	3.235348	52.85722	299.8484	544.0501	689.1033	781.1423	869.9142	955.1049	1040.49	1136.126	1216.437	1302.988	1388.93	1467.355
262.8	0	0	0	0.195298	3.235348	52.92604	300.8731	543.606	688.0162	781.3599	870.1519	955.4913	1041.323	1136.275	1216.278	1302.988	1389.288	1467.355
262.9	0	0	0	0.195298	3.235348	52.92604	300.6367	544.3166	688.5103	781.6864	870.033	954.5896	1041.045	1136.573	1215.643	1301.637	1387.678	1469.055
263	0	0	0	0.195298	3.235348	52.85722	300.5578	544.7607	688.708	780.707	871.2213	953.1725	1039.796	1136.126	1214.055	1301.13	1387.678	1468.488
263.1	0	0	0	0.195298	3.235348	52.71957	300.7155	545.0272	688.8068	780.8159	871.5778	952.2708	1037.852	1136.275	1214.372	1301.806	1386.784	1467.166
263.2	0	0	0	0.195298	3.176523	52.78839	300.952	544.8495	688.1151	781.0334	871.5778	951.7554	1036.88	1135.977	1213.578	1301.299	1386.426	1466.222
263.3	0	0	0	0.195298	3.176523	52.85722	301.1096	544.5831	688.5103	781.2511	872.053	951.369	1037.574	1134.936	1212.466	1301.975	1385.711	1465.278
263.4	0	0	0	0.195298	3.176523	52.85722	300.8731	544.0501	688.708	780.3806	871.6966	950.596	1038.268	1135.531	1212.307	1301.806	1386.784	1465.845
263.5	0	0	0	0.195298	3.176523	52.85722	300.6367	544.5831	688.5103	779.6188	871.6966	949.3078	1037.019	1136.573	1212.307	1302.481	1387.321	1466.222
263.6	0	0	0	0.195298	3.176523	52.85722	300.6367	544.2277	688.3127	779.6188	871.3401	949.6943	1037.852	1136.424	1211.99	1302.312	1387.321	1466.033
263.7	0	0	0	0.195298	3.235348	52.71957	301.3461	543.7836	687.2256	779.0746	873.0037	949.8231	1036.047	1136.87	1212.149	1303.494	1386.248	1466.6
263.8	0	0	0	0.195298	3.235348	52.78839	301.8979	543.073	687.028	779.6188	872.6472	950.9825	1034.104	1135.829	1212.625	1301.806	1388.036	1465.278
263.9	0	0	0	0.195298	3.235348	52.71957	302.2132	542.7177	687.5221	778.857	873.2413	951.2402	1034.937	1136.424	1211.513	1302.481	1388.572	1465.278
264	0	0	0	0.195298	3.235348	52.78839	302.3708	542.8066	686.435	778.7482	873.5978	951.1113	1037.019	1135.382	1211.354	1304.338	1388.751	1465.089
264.1	0	0	0	0.195298	3.235348	52.99487	303.0014	542.9842	686.8303	778.3129	873.2413	951.6266	1036.603	1136.722	1210.402	1304.676	1390.718	1465.845
264.2	0	0	0	0.195298	3.294172	52.99487	303.0014	544.1389	686.6327	777.4423	871.9342	950.4672	1036.464	1137.168	1210.56	1304.676	1391.433	1465.278
264.3	0	0	0	0.195298	3.294172	53.13252	303.3955	544.2277	686.435	777.007	871.9342	950.0807	1035.77	1138.061	1209.29	1304.338	1389.824	1464.523
264.4	0	0	0	0.195298	3.294172	53.06369	303.5532	544.4054	686.5338	777.5511	871.5778	948.5349	1035.908	1137.615	1209.131	1304	1387.499	1463.201
264.5	0	0	0	0.195298	3.294172	53.06369	303.3955	544.0501	687.028	778.857	870.746	947.8907	1035.076	1137.466	1206.907	1302.988	1388.036	1462.635
264.6	0	0	0	0.195298	3.294172	53.13252	303.0014	544.3166	688.2139	779.6188	870.2707	947.7619	1035.076	1136.126	1207.225	1303.156	1386.426	1461.879
264.7	0	0	0	0.195298	3.294172	53.13252	303.3167	544.1389	688.4115	779.2923	871.2213	946.8601	1034.798	1136.126	1207.066	1302.481	1386.426	1459.802
264.8	0	0	0	0.195298	3.294172	53.33899	303.3167	543.606	688.3127	778.6393	871.1025	946.989	1035.908	1137.615	1206.113	1301.975	1385.532	1460.18
264.9	0	0	0	0.195298	3.294172	53.40782	303.2379	544.1389	688.5103	779.0746	870.8648	947.1177	1034.798	1137.763	1206.113	1301.299	1385.711	1460.557
265	0	0	0	0.195298	3.294172	53.40782	302.6861	543.9612	688.2139	779.2923	871.3401	947.2466	1035.631	1137.763	1206.749	1301.299	1386.248	1459.236
265.1	0	0	0	0.195298	3.352997	53.33899	301.9767	543.4283	687.6209	778.857	870.2707	948.0195	1036.325	1137.912	1206.113	1301.806	1387.142	1460.557
265.2	0	0	0	0.195298	3.235348	53.47664	301.5037	543.2507	687.2256	778.5305	869.6766	947.5042	1037.713	1137.466	1207.225	1301.806	1388.036	1461.879
265.3	0	0	0	0.195298	3.235348	53.20134	301.819	542.8954	687.3245	778.4217	869.2012	947.2466	1039.934	1136.126	1208.019	1302.481	1387.678	1463.768
265.4	0	0	0	0.195298	3.235348	53.27017	301.2673	542.8066	686.2374	778.204	868.8448	946.8601	1040.629	1135.382	1207.543	1302.988	1387.321	1464.334
265.5	0	0	0	0.195298	3.235348	53.20134	301.0308	542.4512	687.1268	778.3129	869.6766	945.1854	1040.49	1134.787	1208.655	1304.169	1389.109	1463.579
265.6	0	0	0	0.195298	3.294172	53.54546	301.2673	542.7177	688.0162	777.5511	870.6271	944.1548	1039.379	1134.489	1206.749	1304.676	1388.93	1463.579
265.7	0	0	0	0.195298	3.294172	53.40782	301.3461	542.7177	688.3127	777.6599	871.3401	944.2836	1039.101	1132.257	1206.272	1304.338	1388.572	1463.012
265.8	0	0	0	0.195298	3.235348	53.47664	301.6614	542.0959	687.4233	777.9864	871.6966	943.3818	1039.379	1132.406	1205.478	1305.689	1386.784	1463.012
265.9	0	0	0	0.195298	3.294172	53.61429	301.6614	541.9183	686.7315	778.6393	871.1025	943.3818	1039.101	1133.299	1206.749	1306.195	1387.142	1463.579
266	0	0	0	0.195298	3.294172	53.75194	302.2132	542.3624	686.3362	778.204	871.9342	943.3818	1039.518	1132.852	1206.749	1306.026	1387.857	1463.768
266.1	0	0	0	0.195298	3.294172	53.61429	301.4249	543.606	686.6327	778.3129	871.3401	944.026	1041.045	1131.066	1205.16	1304.845	1389.824	1463.956
266.2	0	0	0	0.195298	3.294172	53.61429	301.0308	544.9384	685.842	777.9864	872.4095	944.799	1040.906	1129.876	1204.684	1303.832	1389.466	1463.201
266.3	0	0	0	0.195298	3.294172	53.54546	300.7943	545.0272	686.0397	778.0952	871.6966	945.4431	1039.101	1130.173	1205.478	1302.143	1388.572	1464.334
266.4	0	0	0	0.195298	3.235348	53.61429	301.1884	545.116	685.4468	779.2923	871.5778	946.7313	1039.379	1129.727	1207.702	1300.455	1388.393	1464.523
266.5	0	0	0	0.195298	3.235348	53.68311	301.5037	545.4713	684.6562	779.6188	871.6966	946.4736	1038.824	1128.834	1208.019	1298.598	1387.678	1464.145
266.6	0	0	0	0.195298	3.235348	53.82076	301.3461	545.7377	684.6562	779.9453	870.2707	945.9584	1039.518	1128.685	1207.225	1298.26	1388.93	1463.956
266.7	0	0	0	0.195298	3.235348	53.75194	300.952	545.8266	685.842	779.1835	869.5577	946.989	1040.212	1127.941	1206.113	1298.26	1388.393	1464.145
266.8	0	0	0	0.195298	3.235348	53.47664	300.479	545.4713	685.7432	779.4011	869.0825	946.989	1041.184	1128.239	1205.478	1299.105	1387.857	1463.39
266.9	0	0	0	0.195298	3.235348	53.33899	300.6367	545.3824	685.1503	778.0952	869.5577	947.3754	1040.212	1127.197	1204.843	1298.767	1387.321	1463.39
267	0	0	0	0.195298	3.235348	53.40782	300.0849	545.5601	684.5574	778.4217	869.6766	945.8295	1040.767	1125.709	1205.478	1299.949	1386.426	1463.012
267.1	0	0	0	0.195298	3.235348	53.47664	300.0849	545.116	684.5574	779.0746	869.0825	945.7007	1039.796	1124.816	1206.272	1299.78	1386.784	1461.879
267.2	0	0	0	0.195298	3.176523	53.40782	300.2426	544.1389	685.1503	778.857	869.7954	943.6395	1040.073	1123.179	1207.225	1300.624	1386.248	1461.879
267.3	0	0	0	0.195298	3.176523	53.33899	300.479	544.1389	684.8538	779.6188	869.6766	943.6395	1039.934	1124.667	1208.496	1301.468	1384.817	1460.557
267.4	0	0	0	0.195298	3.176523	53.27017	300.5578	544.2277	684.0632	779.5099	869.6766	942.9954	1039.24	1127.346	1209.607	1301.468	1385.175	1461.124
267.5	0	0	0	0.195298	3.176523	53.68311	300.7943	544.3166	683.9644	778.6393	869.0825	942.8666	1039.934	1128.685	1210.56	1301.299	1384.102	1460.557
267.6	0	0	0	0.195298	3.176523	53.68311	300.7943	543.6948	684.6562	778.7482	868.726	942.3513	1039.101	1130.322	1208.496	1301.637	1382.313	1460.369
267.7	0	0	0	0.195298	3.176523	53.68311	300.7155	544.4942	685.0515	778.7482	866.8248	942.2224	1039.101	1129.578	1210.402	1300.962	1381.24	1461.879
267.8	0	0	0	0.195298	3.176523	53.82076	300.7155	544.8495	685.348	778.9658	867.3	941.7072	1039.379	1129.131	1212.784	1300.286	1381.598	1461.502
267.9	0	0	0	0.195298	3.176523	53.82076	300.7943	544.9384	685.4468	779.4011	867.4189	941.7072	1037.436	1129.28	1212.307	1301.468	1382.85	1461.502
268	0	0	0	0.195298	3.176523	53.54546	300.6367	544.2277	685.5456	779.5099	867.3	939.7748	1039.379	1129.876	1211.354	1300.962	1383.744	1461.691
268.1	0	0	0	0.195298	3.176523	53.47664	300.7155	544.0501	685.9409	779.7276	869.2012	938.873	1038.13	1130.173	1211.513	1300.118	1382.85	1460.935
268.2	0	0	0	0.195298	3.235348	53.54546	300.1637	543.5172	685.0515	780.3806	868.9636	937.5848	1037.852	1130.62	1209.449	1301.299	1383.029	1461.502
268.3	0	0	0	0.195298	3.235348	53.47664	300.2426	543.9612	685.5456	781.3599	867.8942	938.3577	1036.741	1130.471	1211.037	1301.13	1382.85	1463.201
268.4	0	0	0	0.195298	3.294172	53.40782	300.2426	543.3395	686.3362	782.0129	867.3	938.6154	1036.88	1130.62	1211.672	1301.806	1383.923	1464.334
268.5	0	0	0	0.195298	3.294172	53.47664	300.3214	543.1619	685.2491	782.1217	866.1118	939.5171	1037.297	1130.917	1210.878	1301.806	1384.102	1464.145
268.6	0	0	0	0.195298	3.352997	53.75194	300.7943	543.8724	684.5574	781.4688	865.28	940.29	1037.019	1129.131	1209.29	1300.793	1382.492	1463.579
268.7	0	0	0	0.195298	3.352997	53.61429	300.4002	544.0501	683.7667	780.9246	865.1613	940.6765	1037.019	1128.536	1209.131	1302.143	1382.671	1461.879
268.8	0	0	0	0.195298	3.352997	53.40782	300.8731	543.7836	683.3715	780.5982	864.9236	939.9036	1036.603	1127.792	1209.131	1302.65	1381.956	1461.313
268.9	0	0	0	0.195298	3.352997	53.33899	301.4249	543.7836	683.4703	780.9246	865.3989	941.1918	1035.77	1126.899	1208.972	1301.13	1382.492	1458.669
269	0	0	0	0.195298	3.352997	53.40782	301.5826	544.5831	683.8656	782.2305	867.0624	942.0936	1034.659	1127.643	1208.655	1300.455	1383.208	1458.858
269.1	0	0	0	0.195298	3.411821	53.54546	301.4249	545.0272	682.9761	782.0129	865.8741	941.7072	1035.77	1128.09	1209.131	1300.118	1383.208	1457.914
269.2	0	0	0	0.195298	3.470646	53.40782	301.0308	544.4942	682.7785	781.5776	865.8741	941.4495	1036.186	1128.983	1209.131	1299.78	1381.24	1458.669
269.3	0	0	0	0.195298	3.470646	53.27017	300.5578	544.7607	682.5809	781.1423	865.0424	940.8054	1036.464	1128.983	1208.178	1301.299	1382.135	1459.802
269.4	0	0	0	0.195298	3.470646	53.27017	300.4002	543.8724	682.7785	781.3599	864.5671	940.4189	1035.076	1127.941	1207.543	1303.156	1382.492	1459.802
269.5	0	0	0	0.195298	3.470646	53.33899	300.3214	543.2507	682.7785	780.5982	864.3295	940.0324	1034.381	1128.239	1207.225	1302.481	1383.565	1459.991
269.6	0	0	0	0.195298	3.470646	53.47664	300.2426	543.1619	682.3832	780.3806	863.8541	940.8054	1033.965	1127.941	1206.749	1301.975	1383.208	1457.914
269.7	0	0	0	0.195298	3.470646	53.61429	300.7155	542.3624	681.2961	780.3806	863.4977	939.6459	1033.41	1128.685	1206.749	1302.312	1383.029	1456.97
269.8	0	0	0	0.195298	3.470646	53.47664	300.0849	542.2736	681.5926	778.204	863.7354	939.5171	1033.548	1127.941	1206.59	1303.494	1381.777	1459.425
269.9	0	0	0	0.195298	3.411821	53.47664	300.2426	542.3624	682.1855	777.9864	864.4483	939.2595	1033.965	1128.536	1205.478	1304.338	1381.24	1460.935
270	0	0	0	0.195298	3.352997	53.54546	299.9272	542.0071	682.6797	778.3129	864.2106	939.1306	1034.52	1128.834	1204.366	1302.312	1381.419	1459.236
270.1	0	0	0	0.195298	3.352997	53.27017	300.1637	541.563	683.1738	778.9658	864.5671	938.873	1033.826	1129.578	1204.207	1302.481	1382.85	1457.536
270.2	0	0	0	0.195298	3.352997	53.33899	300.2426	541.0301	683.7667	778.857	863.1412	939.1306	1034.659	1130.322	1205.478	1300.793	1382.671	1458.292
270.3	0	0	0	0.195298	3.352997	53.27017	300.6367	541.6519	684.162	778.204	863.0224	940.1613	1034.937	1129.429	1206.272	1300.286	1381.777	1458.858
270.4	0	0	0	0.195298	3.352997	53.20134	300.6367	541.9183	684.2609	778.6393	862.3094	940.29	1035.353	1127.941	1207.384	1299.949	1379.989	1458.103
270.5	0	0	0	0.195298	3.352997	53.33899	300.7155	542.2736	684.4585	778.6393	861.7153	939.1306	1035.214	1126.899	1206.749	1299.273	1380.525	1457.348
270.6	0	0	0	0.195298	3.235348	53.20134	300.7155	543.4283	684.3597	777.4423	862.5471	939.9036	1034.937	1127.197	1206.749	1299.949	1381.956	1458.103
270.7	0	0	0	0.195298	3.235348	52.78839	300.3214	543.7836	683.5691	778.204	863.0224	939.9036	1035.076	1125.113	1206.749	1298.092	1382.671	1457.159
270.8	0	0	0	0.195298	3.235348	52.92604	300.7943	543.7836	682.8773	777.3334	862.5471	940.4189	1035.353	1126.155	1207.702	1298.26	1382.492	1458.292
270.9	0	0	0	0.195298	3.235348	52.78839	301.0308	543.7836	682.8773	777.8776	862.7847	939.7748	1035.076	1127.941	1207.066	1298.092	1381.062	1456.781
271	0	0	0	0.195298	3.352997	52.71957	300.6367	543.9612	682.5809	778.0952	861.5965	940.4189	1034.659	1128.09	1205.954	1298.092	1380.704	1455.271
271.1	0	0	0	0.195298	3.352997	52.58192	300.479	544.4054	682.0867	777.5511	861.3588	940.29	1034.104	1129.727	1205.954	1297.416	1378.558	1456.403
271.2	0	0	0	0.195298	3.352997	52.85722	300.7155	545.2048	681.2961	776.4628	862.1906	940.29	1034.381	1129.131	1204.684	1296.234	1377.128	1456.592
271.3	0	0	0	0.195298	3.470646	52.99487	300.8731	544.9384	681.6915	775.9187	862.6659	939.0018	1034.104	1130.024	1204.684	1296.403	1375.876	1456.403
271.4	0	0	0	0.195298	3.470646	52.92604	300.6367	545.6489	681.2961	775.3746	863.4977	939.3883	1034.243	1129.727	1204.525	1296.403	1375.876	1455.459
271.5	0	0	0	0.195298	3.411821	52.85722	300.5578	545.6489	681.6915	775.9187	864.0918	939.5171	1033.548	1129.429	1204.525	1296.403	1377.306	1454.326
271.6	0	0	0	0.195298	3.352997	52.71957	300.5578	545.2048	682.2844	773.9599	863.3788	938.873	1033.548	1129.429	1205.637	1297.079	1377.306	1454.515
271.7	0	0	0	0.195298	3.411821	52.71957	300.3214	544.9384	681.6915	772.8716	862.7847	939.0018	1033.826	1128.239	1205.319	1296.572	1376.77	1452.816
271.8	0	0	0	0.195298	3.411821	52.44427	300.3214	545.5601	681.9879	773.0893	863.0224	939.9036	1034.937	1127.941	1204.843	1295.053	1376.233	1454.326
271.9	0	0	0	0.195298	3.352997	52.5131	300.0849	545.2048	680.9997	772.8716	863.0224	940.4189	1034.798	1129.28	1203.89	1294.546	1376.949	1452.816
272	0	0	0	0.195298	3.352997	52.44427	300.1637	544.9384	680.4067	772.4363	862.4283	941.1918	1035.214	1128.536	1203.572	1292.183	1375.876	1453.005
272.1	0	0	0	0.195298	3.352997	52.30663	300.5578	544.3166	681.2961	772.7628	861.4777	941.1918	1035.353	1127.346	1203.731	1292.52	1376.412	1453.005
272.2	0	0	0	0.195298	3.411821	52.2378	300.8731	544.6719	682.2844	772.3275	859.5765	942.4801	1033.687	1128.983	1204.207	1292.689	1375.339	1452.06
272.3	0	0	0	0.195298	3.411821	52.16898	301.2673	544.4942	681.8891	772.2187	859.4576	943.1242	1032.16	1127.941	1202.937	1292.352	1374.445	1453.005
272.4	0	0	0	0.1464735	3.411821	52.10015	302.0555	544.8495	680.9008	771.6746	859.3388	942.7377	1031.05	1127.941	1202.302	1292.014	1374.266	1452.438
272.5	0	0	0	0.1464735	3.411821	52.10015	301.9767	544.5831	680.7032	771.0216	859.22	942.8666	1029.523	1127.941	1202.46	1291.17	1376.77	1452.438
272.6	0	0	0	0.1464735	3.411821	52.16898	301.8979	544.7607	680.3079	770.6951	858.8635	943.7683	1028.412	1127.048	1201.19	1290.495	1377.664	1452.627
272.7	0	0	0	0.1464735	3.411821	52.5131	301.6614	545.2048	680.3079	770.4775	859.5765	943.7683	1027.44	1126.304	1200.237	1289.988	1378.558	1452.816
272.8	0	0	0	0.1464735	3.411821	52.58192	301.819	545.3824	680.5056	770.5863	859.1012	943.3818	1027.857	1126.006	1198.966	1291.676	1379.452	1452.627
272.9	0	0	0	0.1464735	3.411821	52.65075	301.6614	545.0272	680.6044	770.2598	858.9824	943.6395	1027.301	1125.411	1197.854	1289.144	1378.558	1453.005
273	0	0	0	0.1464735	3.470646	52.44427	301.5037	545.2048	680.209	771.5657	857.9129	943.6395	1028.967	1124.667	1197.854	1290.495	1378.379	1451.872
273.1	0	0	0	0.1464735	3.52947	52.30663	301.1096	545.2048	680.3079	772.1099	859.1012	943.5107	1029.245	1124.667	1196.743	1289.313	1378.916	1451.116
273.2	0	0	0	0.1464735	3.52947	52.2378	300.8731	545.116	680.4067	772.001	860.2894	944.1548	1028.273	1124.072	1197.378	1288.806	1377.843	1449.795
273.3	0	0	0	0.1464735	3.52947	52.30663	300.7943	545.2936	679.6161	771.8922	859.8141	942.9954	1027.995	1123.923	1197.537	1289.313	1378.737	1451.872
273.4	0	0	0	0.1464735	3.52947	52.30663	300.952	545.6489	679.6161	772.1099	860.527	943.8972	1029.106	1123.923	1198.49	1288.975	1378.737	1451.494
273.5	0	0	0	0.1464735	3.52947	52.30663	300.8731	545.2048	679.4185	772.001	860.0518	943.6395	1029.384	1124.816	1198.331	1290.326	1377.843	1451.872
273.6	0	0	0	0.1464735	3.52947	52.5131	300.952	544.8495	679.122	773.6334	859.9329	942.9954	1029.106	1125.113	1199.125	1290.326	1376.949	1454.704
273.7	0	0	0	0.1464735	3.52947	52.44427	301.1096	544.9384	678.8255	773.5246	860.6459	942.6089	1028.412	1124.816	1197.378	1289.819	1376.055	1453.382
273.8	0	0	0	0.1464735	3.52947	52.44427	300.8731	545.4713	678.8255	773.5246	861.0024	942.4801	1026.468	1126.602	1197.378	1290.832	1375.518	1452.249
273.9	0	0	0	0.1464735	3.588295	52.30663	301.2673	545.5601	678.2326	774.2864	862.6659	941.1918	1027.579	1126.155	1197.854	1292.352	1374.803	1453.005
274	0	0	0	0.1464735	3.588295	52.37545	301.1096	545.116	678.7267	773.1981	861.9529	939.6459	1027.995	1125.857	1197.854	1292.183	1377.128	1453.382
274.1	0	0	0	0.1464735	3.588295	52.37545	301.9767	544.8495	679.6161	772.9805	861.4777	939.1306	1027.024	1126.006	1198.649	1291.676	1377.843	1453.193
274.2	0	0	0	0.1464735	3.647119	52.44427	301.1884	544.6719	680.4067	772.5452	860.8835	938.7442	1025.497	1127.346	1198.966	1292.858	1378.558	1454.326
274.3	0	0	0	0.1464735	3.647119	52.37545	300.0849	545.116	680.7032	772.1099	861.4777	938.873	1024.525	1127.495	1200.396	1291.339	1377.485	1455.271
274.4	0	0	0	0.1464735	3.705944	52.16898	299.6119	545.3824	680.6044	772.4363	862.1906	939.7748	1024.386	1128.09	1199.601	1292.352	1377.843	1456.97
274.5	0	0	0	0.1464735	3.705944	52.5131	299.7696	544.8495	680.802	770.9128	862.4283	940.0324	1024.386	1129.131	1200.713	1293.533	1378.558	1456.026
274.6	0	0	0	0.1464735	3.705944	52.44427	300.3214	544.9384	680.5056	771.1304	864.2106	939.5171	1023.414	1131.513	1201.666	1291.845	1378.558	1455.082
274.7	0	0	0	0.1464735	3.705944	52.2378	300.952	545.2048	679.6161	770.5863	864.0918	939.3883	1022.581	1133.447	1201.031	1292.689	1378.558	1454.704
274.8	0	0	0	0.1464735	3.705944	52.2378	300.7155	545.116	679.2208	771.3481	863.26	937.9713	1023.137	1132.554	1200.872	1291.676	1377.485	1455.082
274.9	0	0	0	0.1464735	3.705944	52.2378	300.7943	545.0272	678.6279	771.0216	863.7354	938.6154	1023.137	1131.215	1200.872	1291.845	1377.664	1455.082
275	0	0	0	0.1464735	3.705944	52.10015	301.0308	544.7607	678.2326	771.2393	863.8541	937.8424	1022.165	1131.364	1201.031	1291.676	1378.2	1453.949
275.1	0	0	0	0.1464735	3.705944	52.30663	301.5037	543.6948	677.9361	772.001	865.5177	938.2289	1021.471	1131.364	1201.825	1291.676	1375.876	1455.271
275.2	0	0	0	0.1464735	3.705944	52.16898	301.2673	543.9612	677.8373	772.2187	864.9236	938.2289	1022.443	1130.024	1201.507	1292.689	1374.982	1454.704
275.3	0	0	0	0.1464735	3.764768	52.16898	301.819	543.606	677.442	772.2187	865.0424	937.4559	1022.998	1129.727	1201.507	1291.845	1374.982	1452.438
275.4	0	0	0	0.1464735	3.764768	52.10015	301.8979	542.8066	677.5408	773.0893	864.9236	937.4559	1022.581	1128.685	1200.872	1293.027	1374.624	1453.382
275.5	0	0	0	0.1464735	3.764768	52.16898	301.6614	542.8954	677.8373	773.5246	865.6365	937.1983	1022.859	1128.983	1201.507	1292.183	1374.803	1453.382
275.6	0	0	0	0.1464735	3.764768	52.03133	301.5826	542.5401	677.6396	773.3069	865.7554	936.0389	1023.831	1128.387	1201.031	1292.014	1374.088	1453.382
275.7	0	0	0	0.1464735	3.764768	52.03133	301.3461	542.2736	677.442	773.0893	865.28	936.683	1022.304	1126.453	1200.554	1291.17	1373.909	1452.249
275.8	0	0	0	0.1464735	3.705944	52.2378	301.5037	541.563	677.5408	771.8922	865.6365	937.4559	1023.137	1125.857	1200.396	1291.17	1372.12	1453.76
275.9	0	0	0	0.1464735	3.764768	52.65075	300.8731	540.7636	677.5408	772.1099	865.7554	937.0695	1023.137	1126.006	1201.031	1292.689	1371.763	1453.193
276	0	0	0	0.1464735	3.823593	52.71957	300.7943	540.7636	677.2443	771.4569	864.0918	936.9406	1022.443	1126.006	1200.237	1290.495	1373.551	1453.571
276.1	0	0	0	0.1464735	3.882417	52.58192	300.7155	540.9412	676.3549	772.2187	863.973	936.0389	1022.72	1124.667	1199.601	1289.988	1371.942	1452.438
276.2	0	0	0	0.1464735	3.882417	52.5131	300.4002	541.2077	677.0467	771.8922	863.6165	936.4254	1024.108	1124.518	1199.601	1290.832	1373.015	1452.06
276.3	0	0	0	0.1464735	3.882417	52.37545	300.7155	540.8524	676.5526	771.0216	863.3788	937.0695	1023.831	1123.179	1198.49	1291.001	1373.015	1450.739
276.4	0	0	0	0.1464735	3.882417	52.2378	300.7943	541.2077	676.6514	770.9128	862.0718	938.7442	1025.358	1123.327	1198.331	1290.326	1374.445	1450.739
276.5	0	0	0	0.1464735	3.823593	52.44427	300.7155	541.1189	675.8608	771.5657	862.3094	939.5171	1023.831	1123.03	1198.966	1290.663	1375.339	1450.55
276.6	0	0	0	0.1464735	3.823593	52.30663	300.7943	541.6519	676.3549	771.2393	862.0718	938.873	1023.275	1123.774	1199.284	1291.17	1373.909	1449.417
276.7	0	0	0	0.1464735	3.764768	52.2378	300.7155	541.0301	675.6631	770.2598	861.5965	940.0324	1023.275	1124.072	1199.919	1292.352	1373.909	1450.172
276.8	0	0	0	0.1464735	3.764768	52.37545	301.0308	541.2077	675.2678	770.3687	861.9529	939.9036	1024.802	1124.667	1201.19	1291.17	1373.372	1451.116
276.9	0	0	0	0.1464735	3.764768	52.37545	300.7943	541.0301	676.0585	770.5863	862.0718	941.5783	1024.664	1124.816	1201.349	1289.313	1373.372	1452.06
277	0	0	0	0.1464735	3.764768	52.37545	300.1637	540.5859	675.5643	771.2393	861.24	941.7072	1024.386	1122.881	1202.778	1290.326	1373.015	1451.872
277.1	0	0	0	0.1464735	3.764768	52.44427	300.6367	540.053	675.4655	770.2598	861.24	941.5783	1024.941	1123.476	1204.207	1290.326	1374.445	1451.872
277.2	0	0	0	0.1464735	3.764768	52.2378	300.8731	539.7865	675.3667	771.4569	860.7647	942.6089	1023.414	1123.625	1203.254	1291.17	1374.445	1451.494
277.3	0	0	0	0.1464735	3.764768	52.30663	300.7943	540.4971	674.7737	772.654	859.6953	942.2224	1022.859	1123.327	1204.843	1290.495	1373.73	1453.382
277.4	0	0	0	0.1464735	3.764768	52.2378	300.6367	539.8754	673.7855	772.3275	859.22	941.7072	1023.414	1122.881	1204.525	1291.339	1373.015	1452.249
277.5	0	0	0	0.1464735	3.764768	52.2378	300.8731	539.4312	673.6866	771.6746	859.22	941.3207	1023.553	1122.434	1203.731	1292.014	1373.193	1449.795
277.6	0	0	0	0.1464735	3.764768	52.30663	300.7155	539.0759	673.6866	771.0216	859.8141	940.6765	1023.553	1122.881	1201.984	1291.17	1374.088	1448.662
277.7	0	0	0	0.1464735	3.882417	52.37545	301.5037	539.3424	673.8843	770.9128	859.3388	941.4495	1022.165	1122.286	1200.872	1288.806	1374.266	1447.529
277.8	0	0	0	0.1464735	3.882417	52.30663	301.8979	539.8754	674.082	770.3687	859.1012	940.8054	1021.748	1121.988	1200.554	1287.625	1374.088	1447.906
277.9	0	0	0	0.1464735	3.823593	52.37545	301.9767	540.2307	674.3784	770.151	858.1506	941.1918	1021.748	1122.434	1201.031	1287.118	1373.909	1446.396
278	0	0	0	0.1464735	3.882417	52.37545	301.819	539.2536	674.6749	769.9333	857.7941	940.4189	1020.915	1121.393	1199.76	1287.625	1374.088	1446.018
278.1	0	0	0	0.1464735	3.882417	52.10015	301.7402	539.6089	674.8726	769.1716	857.5565	940.9342	1021.471	1120.351	1200.713	1286.443	1373.909	1444.696
278.2	0	0	0	0.1464735	3.882417	51.9625	301.6614	539.9642	675.0702	769.4981	858.3882	940.29	1019.805	1120.202	1201.19	1284.755	1374.803	1446.018
278.3	0	0	0	0.1464735	3.941242	51.9625	301.5037	539.2536	675.0702	770.6951	857.4376	939.9036	1018.972	1119.607	1199.443	1283.91	1374.624	1445.452
278.4	0	0	0	0.1464735	3.941242	51.89368	301.4249	539.7865	674.576	770.2598	857.7941	939.6459	1018.139	1120.202	1199.284	1285.767	1373.015	1446.962
278.5	0	0	0	0.1464735	3.941242	51.9625	301.5826	539.52	673.7855	770.151	856.8435	940.0324	1019.944	1119.458	1198.331	1286.443	1372.478	1446.396
278.6	0	0	0	0.1464735	3.941242	52.30663	301.7402	539.52	673.8843	770.5863	857.3188	940.5477	1019.805	1119.756	1196.107	1285.599	1373.73	1448.284
278.7	0	0	0	0.1464735	3.941242	52.2378	301.3461	539.6089	673.8843	770.3687	856.9623	940.29	1019.666	1118.714	1195.154	1285.599	1372.12	1448.473
278.8	0	0	0	0.1464735	3.941242	52.16898	301.8979	539.52	674.3784	770.9128	857.2	941.063	1020.499	1117.672	1196.266	1285.43	1371.763	1449.228
278.9	0	0	0	0.1464735	3.941242	52.44427	302.9226	538.7206	673.9832	770.6951	857.0812	940.6765	1020.499	1116.035	1195.631	1287.287	1372.12	1448.095
279	0	0	0	0.1464735	3.941242	52.44427	302.8438	538.2765	674.8726	770.4775	857.4376	940.6765	1020.082	1117.374	1195.313	1287.625	1371.405	1449.606
279.1	0	0	0	0.1464735	3.941242	52.5131	303.3167	538.6318	675.4655	771.0216	857.7941	939.7748	1020.36	1117.97	1194.678	1289.482	1369.974	1449.039
279.2	0	0	0	0.1464735	3.941242	52.30663	303.2379	539.0759	675.3667	771.0216	857.7941	939.6459	1019.944	1117.672	1195.948	1289.313	1370.332	1449.039
279.3	0	0	0	0.1464735	3.941242	52.2378	303.0014	538.4542	675.169	771.4569	858.0317	940.0324	1020.638	1118.119	1196.425	1289.144	1370.153	1449.228
279.4	0	0	0	0.1464735	3.941242	52.2378	301.9767	538.7206	674.8726	770.9128	857.9129	940.1613	1022.165	1119.011	1196.901	1287.962	1368.186	1448.284
279.5	0	0	0	0.1464735	3.941242	51.89368	302.1343	538.8983	674.8726	770.6951	857.2	939.1306	1022.72	1119.16	1197.696	1288.469	1368.007	1446.018
279.6	0	0	0	0.1464735	3.941242	52.10015	302.7649	538.4542	674.082	769.8245	858.8635	939.6459	1022.72	1119.16	1197.696	1287.625	1367.292	1444.696
279.7	0	0	0	0.1464735	3.941242	51.9625	302.9226	538.9871	673.6866	769.8245	859.4576	939.2595	1021.054	1120.946	1197.854	1287.625	1368.007	1444.696
279.8	0	0	0	0.1464735	3.941242	51.9625	303.0802	539.6089	673.9832	770.151	860.1706	938.1	1020.915	1122.434	1197.06	1287.456	1367.829	1446.018
279.9	0	0	0	0.1464735	3.941242	52.03133	302.3708	539.3424	674.1808	770.4775	858.3882	939.6459	1020.36	1123.327	1197.378	1287.287	1369.08	1447.34
280	0	0	0	0.1464735	3.941242	52.10015	301.6614	539.3424	674.576	769.7157	858.0317	939.6459	1020.499	1122.732	1197.537	1287.456	1369.259	1449.039
280.1	0	0	0	0.1464735	3.882417	52.03133	302.0555	539.7865	674.576	769.2805	856.9623	939.1306	1021.471	1123.179	1198.013	1288.637	1368.544	1449.795
280.2	0	0	0	0.1464735	3.882417	52.16898	302.3708	539.6089	674.8726	769.2805	856.6058	939.5171	1021.61	1124.816	1198.649	1289.144	1367.292	1449.417
280.3	0	0	0	0.1464735	3.882417	52.16898	302.4496	539.2536	675.762	768.954	855.6553	939.3883	1020.499	1124.518	1196.743	1289.313	1367.471	1449.228
280.4	0	0	0	0.1464735	3.882417	52.30663	302.1343	539.4312	675.9596	768.954	856.7247	940.0324	1019.388	1125.56	1197.219	1288.975	1366.219	1449.606
280.5	0	0	0	0.1464735	3.823593	52.44427	302.292	539.9642	675.169	768.954	855.7741	939.5171	1019.527	1125.411	1198.649	1289.313	1364.789	1450.927
280.6	0	0	0	0.1464735	3.882417	52.37545	302.0555	539.4312	675.4655	769.1716	854.8235	939.7748	1020.082	1125.411	1197.219	1288.975	1366.219	1449.795
280.7	0	0	0	0.1464735	3.882417	52.10015	301.9767	539.3424	676.2561	769.3893	854.9423	939.9036	1020.638	1124.518	1196.425	1288.469	1365.862	1447.529
280.8	0	0	0	0.1464735	3.882417	52.2378	301.9767	539.6089	677.0467	769.7157	855.18	939.5171	1020.36	1123.179	1195.631	1288.469	1367.829	1447.906
280.9	0	0	0	0.1464735	3.882417	51.9625	301.6614	539.9642	676.6514	768.1922	855.6553	939.1306	1020.36	1122.732	1195.313	1287.456	1368.186	1450.927
281	0	0	0	0.1464735	3.882417	51.9625	301.4249	539.2536	677.1455	768.1922	855.4176	939.9036	1020.499	1122.434	1196.901	1286.274	1367.292	1448.85
281.1	0	0	0	0.1464735	3.882417	51.54955	301.3461	539.0759	676.2561	767.4304	856.1306	939.1306	1020.082	1122.583	1198.013	1285.936	1368.902	1448.095
281.2	0	0	0	0.1464735	3.882417	51.54955	301.1884	538.2765	676.7502	768.8452	855.5364	937.5848	1019.666	1122.732	1197.854	1285.936	1370.511	1447.906
281.3	0	0	0	0.1464735	3.882417	51.34308	301.1884	538.9871	676.5526	768.7363	856.1306	938.3577	1019.388	1121.393	1197.696	1286.105	1371.405	1448.473
281.4	0	0	0	0.1464735	3.823593	51.54955	301.5826	539.1647	676.7502	770.0422	855.5364	937.8424	1019.388	1122.286	1197.696	1285.767	1371.047	1448.662
281.5	0	0	0	0.1464735	3.823593	51.41191	300.7943	539.4312	677.1455	770.4775	854.5858	937.5848	1018.278	1122.732	1197.537	1285.43	1371.047	1446.396
281.6	0	0	0	0.1464735	3.823593	51.48073	300.952	538.1877	677.2443	771.2393	852.8035	938.2289	1019.388	1123.03	1198.331	1285.43	1369.617	1446.962
281.7	0	0	0	0.1464735	3.823593	51.41191	300.952	539.1647	676.8491	770.9128	852.6846	936.8118	1017.584	1123.03	1198.807	1286.443	1367.829	1446.396
281.8	0	0	0	0.1464735	3.823593	51.6872	301.6614	538.8094	677.1455	770.9128	853.9917	937.7136	1018	1123.625	1198.172	1285.43	1369.438	1445.074
281.9	0	0	0	0.1464735	3.823593	51.54955	301.3461	539.1647	677.0467	771.7834	853.16	937.0695	1018.278	1123.625	1198.966	1285.43	1367.292	1444.885
282	0	0	0	0.1464735	3.764768	51.48073	301.8979	539.0759	676.9479	771.2393	853.7541	937.1983	1017.028	1124.369	1199.443	1287.287	1367.65	1446.018
282.1	0	0	0	0.1464735	3.764768	51.61838	301.1884	538.4542	676.9479	770.3687	853.0411	937.4559	1016.89	1123.327	1199.76	1285.936	1369.438	1445.829
282.2	0	0	0	0.1464735	3.764768	51.6872	301.1884	537.4771	676.4537	770.2598	853.5164	937.4559	1015.779	1124.072	1198.331	1284.923	1367.65	1444.696
282.3	0	0	0	0.1464735	3.705944	51.82485	301.1096	537.8324	675.8608	769.9333	853.0411	938.2289	1015.64	1123.923	1197.854	1285.43	1366.219	1446.207
282.4	0	0	0	0.1464735	3.705944	51.82485	300.8731	537.7435	674.8726	770.151	852.447	938.2289	1015.918	1124.072	1197.696	1284.923	1366.398	1443.563
282.5	0	0	0	0.1464735	3.705944	51.6872	300.479	537.4771	675.2678	769.4981	852.447	938.1	1015.085	1123.476	1197.219	1283.91	1365.683	1441.864
282.6	0	0	0	0.1464735	3.647119	51.61838	300.8731	537.7435	674.1808	769.6069	852.8035	937.4559	1014.807	1123.179	1197.537	1285.092	1367.65	1442.619
282.7	0	0	0	0.1464735	3.588295	51.9625	300.0849	537.1218	674.6749	768.954	853.3976	936.9406	1013.835	1122.881	1197.378	1285.936	1366.577	1443.941
282.8	0	0	0	0.1464735	3.588295	51.75603	299.8484	537.7435	674.4772	769.2805	852.3282	938.2289	1015.085	1121.244	1196.901	1284.923	1367.113	1443.563
282.9	0	0	0	0.1464735	3.588295	51.82485	299.5331	537.1218	674.2796	769.4981	851.8529	937.9713	1013.974	1120.946	1195.79	1282.053	1366.935	1443.752
283	0	0	0	0.1464735	3.588295	51.89368	299.3755	537.033	673.6866	769.4981	851.7341	937.9713	1013.002	1120.797	1195.313	1281.716	1365.325	1443.375
283.1	0	0	0	0.1464735	3.588295	51.9625	299.6119	537.2106	673.0937	771.0216	851.2587	938.4865	1012.447	1121.244	1195.472	1280.703	1364.252	1443.752
283.2	0	0	0	0.1464735	3.588295	52.10015	300.0061	537.033	672.7972	770.9128	851.2587	937.9713	1011.753	1119.904	1194.678	1278.846	1363.895	1443.752
283.3	0	0	0	0.1464735	3.588295	52.37545	299.3755	537.033	672.0067	771.3481	851.14	937.1983	1011.475	1120.5	1193.566	1279.352	1361.927	1443.375
283.4	0	0	0	0.1464735	3.588295	52.16898	298.7449	536.5889	671.7101	770.0422	851.9717	936.2965	1011.337	1120.5	1193.09	1282.729	1359.96	1443.752
283.5	0	0	0	0.1464735	3.588295	52.16898	298.3507	536.5889	672.0067	769.4981	851.0211	936.1677	1010.504	1120.202	1195.154	1285.092	1360.318	1442.997
283.6	0	0	0	0.1464735	3.588295	52.30663	298.2719	536.6777	671.9078	769.8245	850.7834	936.2965	1011.753	1118.714	1194.678	1283.742	1359.424	1442.997
283.7	0	0	0	0.1464735	3.647119	52.44427	298.1143	536.6777	671.4137	770.5863	850.7834	936.683	1012.308	1118.267	1192.931	1283.235	1357.993	1444.507
283.8	0	0	0	0.1464735	3.647119	52.30663	297.9566	536.5	671.4137	771.1304	851.8529	935.7812	1012.864	1118.714	1193.09	1281.04	1358.172	1443.375
283.9	0	0	0	0.1464735	3.647119	52.2378	298.4296	536.5	671.1172	771.4569	852.8035	935.6524	1011.892	1118.565	1193.884	1279.014	1358.709	1443.186
284	0	0	0	0.1464735	3.588295	52.16898	298.5084	536.2335	670.9196	771.1304	852.9223	936.4254	1012.308	1118.565	1192.772	1277.833	1360.854	1443.375
284.1	0	0	0	0.1464735	3.588295	52.2378	298.1931	536.1447	670.4254	771.7834	852.447	936.2965	1013.141	1117.077	1192.772	1276.651	1360.139	1441.675
284.2	0	0	0	0.1464735	3.588295	52.37545	299.0602	535.967	670.2278	772.3275	852.3282	935.6524	1012.447	1115.737	1193.884	1275.638	1359.96	1439.976
284.3	0	0	0	0.1464735	3.588295	52.37545	299.0602	535.3453	671.4137	772.5452	852.3282	935.1371	1012.308	1116.035	1193.725	1276.651	1359.603	1439.032
284.4	0	0	0	0.1464735	3.52947	52.65075	299.2967	534.99	671.809	772.001	851.9717	934.7506	1011.892	1115.142	1193.249	1275.976	1358.887	1438.465
284.5	0	0	0	0.1464735	3.52947	53.06369	299.5331	535.0788	671.1172	773.0893	852.3282	934.7506	1010.92	1112.612	1191.184	1276.651	1359.96	1438.087
284.6	0	0	0	0.1464735	3.470646	53.06369	299.139	534.9012	671.7101	773.7422	852.447	934.3641	1011.475	1111.719	1191.501	1276.989	1361.749	1436.954
284.7	0	0	0	0.1464735	3.470646	53.06369	298.9814	535.2565	670.5243	774.504	852.3282	935.3947	1010.504	1111.124	1190.707	1277.157	1361.391	1437.71
284.8	0	0	0	0.1464735	3.411821	52.92604	298.9025	535.6118	670.0302	773.9599	852.447	935.2659	1011.475	1111.57	1191.343	1276.82	1360.497	1437.332
284.9	0	0	0	0.1464735	3.411821	52.99487	298.8237	535.967	669.8325	773.0893	851.8529	935.91	1010.92	1111.57	1191.978	1275.638	1359.781	1437.143
285	0	0	0	0.1464735	3.411821	53.06369	298.4296	535.5229	669.4372	772.3275	850.3082	935.6524	1010.087	1110.975	1189.913	1274.625	1357.278	1436.577
285.1	0	0	0	0.1464735	3.411821	53.20134	297.799	535.7894	668.7454	771.6746	849.7141	935.3947	1010.226	1113.058	1188.484	1274.963	1357.636	1435.255
285.2	0	0	0	0.1464735	3.411821	53.20134	297.5625	534.8124	668.2513	770.9128	850.6646	933.8488	1011.059	1113.356	1189.278	1276.482	1357.278	1433.745
285.3	0	0	0	0.1464735	3.411821	53.13252	298.4296	534.5459	668.449	770.4775	851.14	934.7506	1011.475	1113.654	1188.96	1276.651	1357.814	1433.367
285.4	0	0	0	0.1464735	3.411821	53.20134	297.9566	534.9012	667.3619	771.2393	850.5458	933.72	1011.892	1112.017	1189.754	1278.508	1356.92	1432.423
285.5	0	0	0	0.1464735	3.411821	53.20134	298.3507	535.1677	667.7572	770.6951	850.5458	933.3336	1010.365	1112.017	1190.231	1277.664	1356.92	1432.612
285.6	0	0	0	0.1464735	3.470646	53.20134	298.666	534.5459	668.0536	769.9333	850.6646	932.1741	1011.198	1111.124	1188.643	1276.482	1357.457	1433.367
285.7	0	0	0	0.1464735	3.470646	53.33899	298.9025	534.2794	667.1642	769.6069	849.9517	933.2047	1010.92	1111.273	1188.325	1275.638	1358.351	1435.633
285.8	0	0	0	0.1464735	3.470646	53.33899	299.2178	534.457	666.6701	769.4981	849.8329	932.4318	1011.198	1111.124	1188.643	1275.469	1358.709	1433.745
285.9	0	0	0	0.1464735	3.470646	53.27017	298.5084	534.1017	666.7689	769.1716	848.8823	932.5606	1011.337	1111.273	1187.849	1277.495	1358.53	1432.8
286	0	0	0	0.1464735	3.52947	53.20134	298.8237	533.8353	667.2631	770.3687	850.0705	931.2723	1011.059	1110.528	1187.69	1278.846	1358.351	1433.178
286.1	0	0	0	0.1464735	3.52947	53.20134	298.5084	533.1247	667.7572	769.3893	849.5952	931.7877	1011.614	1110.082	1185.625	1278.17	1360.854	1435.255
286.2	0	0	0	0.1464735	3.52947	53.06369	299.2178	534.1906	667.1642	769.0628	849.8329	932.8182	1011.753	1111.421	1186.737	1278.17	1361.212	1434.311
286.3	0	0	0	0.1464735	3.52947	52.85722	299.139	534.0129	667.0654	768.1922	851.2587	933.5912	1011.892	1112.761	1187.531	1276.482	1362.822	1433.933
286.4	0	0	0	0.1464735	3.52947	52.78839	298.9814	532.8582	666.0771	769.1716	850.1893	933.3336	1010.92	1112.463	1188.801	1276.144	1361.749	1432.045
286.5	0	0	0	0.1464735	3.470646	52.71957	298.3507	533.3023	665.7807	769.4981	851.2587	933.8488	1010.781	1111.868	1187.69	1275.807	1361.212	1430.534
286.6	0	0	0	0.1464735	3.470646	52.92604	298.5084	533.7465	665.7807	769.6069	851.0211	934.1065	1010.087	1111.868	1187.849	1275.131	1359.96	1430.723
286.7	0	0	0	0.09764901	3.470646	52.92604	298.1931	533.6577	666.5713	769.8245	850.6646	935.7812	1010.781	1112.166	1187.531	1275.131	1361.57	1432.045
286.8	0	0	0	0.09764901	3.470646	52.92604	298.2719	533.3912	667.7572	769.0628	851.4964	935.5236	1010.087	1112.166	1187.531	1274.794	1361.927	1431.667
286.9	0	0	0	0.09764901	3.470646	53.06369	297.9566	533.3912	668.0536	768.954	851.6152	935.2659	1010.226	1111.273	1186.26	1275.638	1358.887	1431.856
287	0	0	0	0.09764901	3.470646	52.99487	297.799	533.5688	668.1525	767.4304	851.14	933.4623	1009.393	1111.868	1186.419	1275.638	1359.245	1430.912
287.1	0	0	0	0.09764901	3.470646	52.99487	297.8778	533.3023	668.3502	766.7775	852.3282	933.4623	1009.254	1113.058	1185.466	1276.482	1359.245	1430.346
287.2	0	0	0	0.09764901	3.470646	52.92604	297.799	532.947	669.4372	767.1039	851.14	932.0453	1009.532	1113.803	1185.148	1276.651	1360.497	1430.534
287.3	0	0	0	0.09764901	3.470646	53.33899	297.9566	532.5917	669.3384	766.451	850.427	932.0453	1009.115	1113.207	1184.513	1277.833	1361.927	1431.479
287.4	0	0	0	0.09764901	3.470646	53.40782	297.5625	532.3253	668.9431	766.6686	849.9517	933.2047	1009.671	1113.356	1183.56	1278.17	1360.854	1431.856
287.5	0	0	0	0.09764901	3.470646	53.33899	297.8778	533.0358	669.2396	766.1245	850.5458	932.1741	1009.532	1114.249	1183.401	1277.157	1362.285	1431.667
287.6	0	0	0	0.09764901	3.470646	53.47664	297.4048	533.48	669.0419	766.1245	848.6446	932.1741	1010.365	1112.166	1185.148	1277.664	1363	1431.667
287.7	0	0	0	0.09764901	3.470646	53.54546	297.0896	534.0129	668.5478	767.1039	848.2881	931.2723	1008.977	1111.273	1186.101	1276.313	1364.61	1431.856
287.8	0	0	0	0.09764901	3.470646	53.40782	297.7202	534.3682	668.1525	766.1245	848.5258	931.2723	1008.56	1112.017	1184.513	1277.326	1364.789	1431.101
287.9	0	0	0	0.09764901	3.411821	53.13252	297.4837	534.9012	669.536	765.1451	848.7634	931.6588	1008.699	1111.421	1183.243	1277.833	1365.683	1431.101
288	0	0	0	0.09764901	3.470646	52.99487	297.2472	534.7235	669.1407	765.4716	849.7141	931.7877	1007.866	1110.231	1182.925	1278.001	1366.219	1430.346
288.1	0	0	0	0.09764901	3.470646	53.06369	297.4837	535.3453	668.6466	765.1451	847.9316	930.4994	1008.977	1113.803	1182.766	1278.001	1365.862	1429.024
288.2	0	0	0	0.09764901	3.52947	52.99487	297.2472	534.5459	669.0419	765.6892	849.0011	929.4688	1008.699	1113.654	1182.29	1278.17	1364.61	1429.59
288.3	0	0	0	0.09764901	3.52947	52.99487	297.0896	533.9241	669.1407	766.451	849.9517	928.9535	1009.532	1113.356	1182.448	1278.846	1364.073	1427.136
288.4	0	0	0	0.09764901	3.52947	53.13252	296.6166	534.3682	669.7337	766.3422	849.9517	928.567	1009.671	1114.547	1181.654	1279.859	1364.61	1426.947
288.5	0	0	0	0.09764901	3.52947	53.20134	297.2472	533.8353	670.129	766.1245	850.1893	928.3094	1011.614	1114.547	1182.131	1278.846	1363.358	1427.136
288.6	0	0	0	0.09764901	3.52947	53.13252	297.0896	533.3023	670.0302	766.7775	850.7834	927.2788	1012.031	1115.737	1182.766	1277.495	1363	1427.324
288.7	0	0	0	0.09764901	3.52947	53.13252	297.4048	532.2365	671.1172	766.3422	852.9223	928.6959	1011.614	1114.547	1181.654	1277.833	1362.643	1428.646
288.8	0	0	0	0.09764901	3.52947	53.20134	297.0107	532.1476	671.4137	766.3422	852.5659	928.9535	1011.475	1113.654	1181.019	1277.157	1363	1428.835
288.9	0	0	0	0.09764901	3.470646	53.20134	297.326	532.5917	672.4019	767.1039	854.2294	929.34	1010.226	1114.547	1181.337	1276.82	1363.716	1427.324
289	0	0	0	0.09764901	3.411821	53.33899	297.7202	532.5917	673.3902	766.9951	854.1105	928.6959	1010.365	1116.184	1182.29	1275.469	1362.106	1426.947
289.1	0	0	0	0.09764901	3.411821	53.20134	298.0355	532.6805	674.1808	767.6481	853.9917	928.8247	1009.254	1115.886	1183.084	1272.093	1360.676	1428.08
289.2	0	0	0	0.09764901	3.470646	53.06369	297.6413	532.5029	674.1808	767.1039	852.9223	928.9535	1007.588	1116.779	1183.878	1272.937	1361.212	1429.968
289.3	0	0	0	0.09764901	3.470646	53.06369	297.2472	533.1247	673.6866	766.2333	851.8529	928.4382	1008.282	1116.035	1183.401	1272.599	1361.57	1428.835
289.4	0	0	0	0.09764901	3.470646	52.99487	297.4048	533.1247	672.8961	767.4304	851.8529	928.1805	1008.421	1114.398	1182.29	1273.106	1362.106	1428.835
289.5	0	0	0	0.09764901	3.470646	52.92604	297.799	533.3912	672.5007	766.8863	851.6152	927.9229	1008.144	1113.058	1182.766	1272.768	1361.927	1428.457
289.6	0	0	0	0.09764901	3.470646	52.85722	297.4048	533.3023	672.1055	766.451	851.3776	926.377	1007.449	1115.589	1182.448	1272.937	1360.854	1429.779
289.7	0	0	0	0.09764901	3.470646	52.99487	297.0896	533.3912	672.1055	766.451	851.6152	924.0582	1008.282	1114.398	1183.084	1272.768	1360.318	1428.457
289.8	0	0	0	0.09764901	3.470646	53.06369	297.4048	533.48	673.2914	764.7098	851.6152	922.77	1008.282	1114.993	1181.813	1272.093	1361.927	1426.569
289.9	0	0	0	0.09764901	3.470646	53.20134	297.2472	533.5688	672.8961	764.4921	851.14	922.77	1008.977	1114.547	1180.543	1273.443	1361.033	1426.758
290	0	0	0	0.09764901	3.470646	53.13252	297.0896	534.0129	672.4019	764.9274	852.0905	922.77	1009.393	1113.951	1179.272	1274.119	1360.139	1427.702
290.1	0	0	0	0.09764901	3.52947	52.99487	297.4837	533.7465	672.3031	765.1451	850.6646	923.6717	1010.504	1113.803	1178.478	1272.43	1361.033	1427.891
290.2	0	0	0	0.09764901	3.52947	52.92604	297.6413	533.9241	672.1055	766.3422	850.427	924.0582	1011.059	1114.547	1178.796	1273.443	1362.464	1429.59
290.3	0	0	0	0.09764901	3.52947	52.92604	297.2472	533.3023	673.1925	766.2333	851.4964	923.2852	1011.198	1114.547	1179.748	1274.456	1363.179	1428.457
290.4	0	0	0	0.09764901	3.52947	53.06369	297.5625	532.4141	672.9949	766.2333	851.6152	922.77	1011.337	1115.886	1177.048	1273.106	1364.073	1428.835
290.5	0	0	0	0.09764901	3.470646	53.06369	297.5625	532.1476	672.7972	766.1245	850.7834	922.3835	1010.226	1115.142	1176.413	1274.456	1364.073	1427.136
290.6	0	0	0	0.09764901	3.470646	53.20134	297.8778	532.5029	671.809	766.0157	851.14	923.9294	1008.699	1114.844	1177.684	1274.963	1362.822	1428.457
290.7	0	0	0	0.09764901	3.470646	53.20134	297.6413	533.0358	671.1172	766.0157	851.14	924.7023	1008.699	1114.398	1177.843	1272.937	1362.106	1428.835
290.8	0	0	0	0.09764901	3.470646	53.13252	297.1684	533.3912	671.2161	765.798	852.9223	924.0582	1009.115	1113.505	1176.731	1272.599	1361.212	1428.457
290.9	0	0	0	0.09764901	3.470646	53.13252	297.4837	533.1247	670.4254	766.5598	853.16	923.5429	1008.282	1112.612	1177.366	1271.249	1360.497	1427.513
291	0	0	0	0.09764901	3.470646	53.27017	297.4837	532.0588	671.1172	765.9069	853.5164	922.6411	1009.532	1110.826	1177.207	1272.261	1357.993	1426.38
291.1	0	0	0	0.09764901	3.470646	53.33899	297.6413	532.6805	671.1172	765.3627	853.6353	921.4817	1009.393	1109.933	1175.778	1271.755	1357.457	1426.192
291.2	0	0	0	0.09764901	3.470646	53.40782	297.326	533.0358	670.9196	765.0363	852.8035	920.9664	1009.809	1109.04	1174.19	1272.261	1357.457	1426.192
291.3	0	0	0	0.09764901	3.470646	53.27017	297.8778	532.2365	671.3149	765.4716	852.3282	920.5799	1009.532	1107.998	1172.919	1272.768	1357.636	1424.303
291.4	0	0	0	0.09764901	3.470646	53.33899	298.0355	531.97	670.9196	764.1656	852.9223	920.3223	1008.005	1108.594	1172.76	1270.573	1357.636	1425.059
291.5	0	0	0	0.09764901	3.470646	52.99487	298.5084	531.8812	670.129	763.948	852.0905	920.0646	1008.977	1107.998	1172.443	1269.054	1356.742	1426.003
291.6	0	0	0	0.09764901	3.470646	52.92604	298.666	531.5258	670.5243	764.4921	853.3976	918.7764	1009.671	1107.701	1173.237	1269.391	1357.814	1426.947
291.7	0	0	0	0.09764901	3.470646	52.78839	298.1143	531.1705	669.7337	764.601	852.5659	919.034	1009.532	1106.808	1174.031	1267.197	1357.636	1426.38
291.8	0	0	0	0.09764901	3.470646	52.71957	298.4296	531.1705	670.0302	763.5128	852.2094	918.1323	1010.226	1108.147	1173.872	1266.859	1357.099	1426.569
291.9	0	0	0	0.09764901	3.470646	52.85722	298.4296	530.8152	669.6348	764.0568	852.5659	919.5493	1010.781	1107.85	1175.46	1267.872	1355.49	1425.625
292	0	0	0	0.09764901	3.52947	52.78839	298.5084	531.0817	668.9431	762.8598	852.447	919.5493	1010.226	1108.147	1174.825	1269.898	1354.953	1425.625
292.1	0	0	0	0.09764901	3.470646	52.85722	299.2178	531.2593	669.1407	761.4451	852.0905	919.9358	1009.671	1108.594	1174.19	1268.547	1354.953	1425.625
292.2	0	0	0	0.09764901	3.470646	52.85722	298.666	531.0817	669.6348	761.0098	852.0905	919.1628	1009.532	1106.213	1173.395	1269.56	1353.88	1425.059
292.3	0	0	0	0.09764901	3.470646	52.99487	299.0602	530.3711	669.8325	760.4656	851.7341	919.4205	1008.56	1107.105	1172.125	1269.729	1353.165	1424.492
292.4	0	0	0	0.09764901	3.411821	53.13252	299.3755	530.46	669.3384	760.3568	851.7341	920.9664	1008.282	1107.105	1171.331	1271.755	1353.702	1425.059
292.5	0	0	0	0.09764901	3.411821	53.27017	299.4543	530.3711	667.856	759.3774	851.7341	919.9358	1008.699	1106.659	1172.125	1270.404	1353.88	1424.303
292.6	0	0	0	0.09764901	3.411821	53.33899	299.6908	530.1935	668.1525	759.595	852.0905	918.7764	1009.115	1106.064	1172.125	1270.573	1354.774	1424.87
292.7	0	0	0	0.09764901	3.411821	53.27017	300.4002	530.0158	668.3502	760.3568	851.4964	917.2305	1009.393	1105.617	1172.76	1270.236	1354.953	1426.003
292.8	0	0	0	0.09764901	3.411821	53.27017	300.2426	530.3711	668.2513	760.1392	851.9717	917.8746	1008.144	1106.064	1173.713	1271.586	1355.847	1425.247
292.9	0	0	0	0.09764901	3.411821	53.54546	300.7155	530.3711	667.7572	760.6833	852.3282	918.9052	1007.588	1106.808	1172.443	1271.417	1353.702	1425.814
293	0	0	0	0.09764901	3.411821	53.68311	300.479	530.5488	667.856	759.8127	853.5164	919.6782	1008.977	1107.403	1171.807	1270.573	1352.45	1424.492
293.1	0	0	0	0.09764901	3.411821	53.75194	300.3214	530.0158	666.9666	759.8127	852.8035	919.9358	1009.254	1107.552	1171.013	1272.261	1352.807	1424.87
293.2	0	0	0	0.09764901	3.411821	53.68311	300.3214	529.7493	666.6701	759.0509	852.2094	921.0952	1008.838	1106.51	1170.854	1271.586	1353.165	1421.282
293.3	0	0	0	0.09764901	3.470646	53.88959	300.7155	529.5717	666.176	758.8333	852.0905	920.9664	1009.115	1105.617	1169.742	1272.937	1353.702	1421.093
293.4	0	0	0	0.09764901	3.470646	53.68311	300.952	530.46	664.6936	759.4862	851.7341	920.7087	1007.449	1105.617	1169.266	1273.612	1353.88	1421.471
293.5	0	0	0	0.09764901	3.470646	53.88959	300.7943	530.7264	664.6936	759.0509	852.8035	919.4205	1007.866	1105.617	1170.537	1273.274	1352.271	1420.716
293.6	0	0	0	0.09764901	3.470646	53.95841	300.952	530.7264	664.3972	758.8333	852.447	920.1934	1008.005	1105.766	1169.584	1271.755	1351.377	1420.716
293.7	0	0	0	0.09764901	3.470646	53.88959	300.7155	530.7264	664.2983	760.1392	852.6846	921.0952	1007.866	1106.064	1169.901	1271.586	1350.661	1422.226
293.8	0	0	0	0.09764901	3.470646	53.88959	301.0308	530.7264	663.7054	760.9009	853.16	920.8376	1007.311	1106.659	1169.901	1271.08	1350.84	1422.226
293.9	0	0	0	0.09764901	3.470646	53.88959	301.3461	530.46	664.1995	760.9009	853.16	921.6105	1007.172	1105.617	1169.584	1271.249	1351.377	1422.604
294	0	0	0	0.09764901	3.470646	53.88959	301.3461	530.2823	664.1995	760.4656	853.2787	922.2546	1007.588	1105.171	1171.013	1270.067	1349.946	1422.415
294.1	0	0	0	0.09764901	3.470646	53.68311	300.8731	530.2823	665.5831	760.248	853.7541	923.1564	1007.866	1104.575	1169.584	1268.379	1352.807	1422.037
294.2	0	0	0	0.09764901	3.470646	53.61429	301.1096	530.5488	665.5831	759.9215	853.8729	924.7023	1008.838	1106.361	1168.154	1268.885	1352.807	1423.359
294.3	0	0	0	0.09764901	3.470646	53.61429	301.4249	530.46	664.6936	760.3568	854.5858	924.0582	1009.532	1106.659	1167.36	1269.054	1352.986	1424.303
294.4	0	0	0	0.09764901	3.470646	53.88959	301.8979	531.1705	664.1006	759.4862	854.1105	923.0276	1008.282	1108.296	1166.248	1269.898	1353.165	1424.114
294.5	0	0	0	0.09764901	3.470646	53.95841	301.7402	530.9041	664.0018	759.2686	854.5858	923.2852	1008.005	1108.891	1167.201	1269.054	1354.059	1422.981
294.6	0	0	0	0.09764901	3.470646	54.16489	301.6614	530.1935	663.8042	759.2686	854.2294	924.8311	1006.478	1108.743	1167.519	1269.56	1354.953	1423.926
294.7	0	0	0	0.09764901	3.411821	53.88959	301.9767	529.8382	663.8042	759.9215	854.467	924.96	1007.588	1107.85	1168.631	1269.729	1354.417	1421.471
294.8	0	0	0	0.09764901	3.411821	54.09606	302.0555	529.8382	664.3972	758.1804	853.2787	924.8311	1006.617	1108.296	1167.201	1270.404	1353.88	1421.471
294.9	0	0	0	0.09764901	3.411821	54.09606	301.5826	529.927	664.7924	758.7244	853.7541	923.8005	1004.673	1106.51	1167.519	1268.885	1354.774	1421.66
295	0	0	0	0.09764901	3.411821	54.09606	301.5826	529.6605	663.4089	758.9421	853.3976	923.2852	1004.812	1107.254	1167.36	1269.729	1353.523	1421.282
295.1	0	0	0	0.09764901	3.411821	54.09606	301.1884	530.1047	662.5195	759.3774	853.0411	923.8005	1004.395	1106.808	1167.678	1269.898	1354.238	1421.282
295.2	0	0	0	0.09764901	3.411821	53.95841	300.7943	529.3052	663.6066	759.2686	852.2094	923.8005	1005.089	1106.659	1167.995	1270.236	1353.523	1421.093
295.3	0	0	0	0.09764901	3.411821	53.95841	300.6367	529.394	664.1995	758.8333	851.9717	924.7023	1006.478	1105.915	1169.901	1270.236	1352.629	1420.904
295.4	0	0	0	0.09764901	3.411821	53.82076	300.2426	529.6605	664.3972	758.0715	852.0905	922.8987	1007.172	1106.361	1169.742	1270.404	1352.45	1420.338
295.5	0	0	0	0.09764901	3.411821	53.82076	299.9272	529.1276	665.0889	758.7244	851.9717	922.8987	1007.588	1105.617	1169.901	1270.573	1351.377	1422.226
295.6	0	0	0	0.09764901	3.411821	53.82076	300.2426	527.6176	665.8795	759.1597	852.8035	920.8376	1007.866	1104.724	1169.266	1269.56	1354.417	1421.471
295.7	0	0	0	0.09764901	3.411821	53.88959	300.2426	527.6176	665.0889	759.7039	852.9223	922.2546	1008.421	1104.278	1168.472	1269.391	1355.132	1422.226
295.8	0	0	0	0.09764901	3.411821	54.37136	300.479	528.2393	665.3854	760.1392	853.2787	921.8682	1008.144	1103.534	1168.948	1267.703	1354.953	1421.471
295.9	0	0	0	0.0488245	3.411821	54.30254	300.479	528.6835	664.1995	759.7039	852.5659	920.8376	1008.977	1102.492	1168.313	1266.015	1354.238	1421.849
296	0	0	0	0.0488245	3.411821	54.23371	300.8731	529.0388	664.5948	759.3774	853.0411	920.9664	1008.144	1102.938	1167.995	1267.366	1352.986	1421.66
296.1	0	0	0	0.0488245	3.411821	54.30254	300.8731	528.7723	664.5948	759.7039	852.3282	920.1934	1008.421	1103.236	1167.678	1267.028	1350.84	1420.338
296.2	0	0	0	0.0488245	3.411821	54.16489	301.0308	529.2164	664.3972	758.5068	851.14	920.8376	1008.005	1102.79	1166.725	1267.366	1351.019	1420.338
296.3	0	0	0	0.0488245	3.411821	54.23371	301.1096	529.7493	664.1995	757.8539	850.427	920.7087	1008.421	1102.938	1167.36	1267.703	1352.45	1418.45
296.4	0	0	0	0.0488245	3.352997	54.23371	301.3461	529.3052	664.7924	757.5274	849.5952	920.7087	1008.56	1102.938	1168.631	1269.391	1350.661	1415.617
296.5	0	0	0	0.0488245	3.294172	54.16489	301.5037	529.0388	664.0018	757.3098	848.1693	920.8376	1007.866	1103.087	1169.584	1266.69	1349.052	1415.806
296.6	0	0	0	0.0488245	3.294172	54.30254	302.292	528.8611	664.2983	757.4186	846.8622	921.7393	1007.727	1103.534	1169.584	1265.846	1348.694	1416.561
296.7	0	0	0	0.0488245	3.294172	54.09606	302.2132	529.1276	664.0018	757.9627	846.2681	921.4817	1007.033	1102.79	1167.837	1264.496	1347.443	1416.75
296.8	0	0	0	0.0488245	3.294172	54.09606	302.0555	528.95	665.0889	757.4186	845.3175	920.5799	1006.2	1103.087	1166.566	1265.34	1346.549	1415.995
296.9	0	0	0	0.0488245	3.294172	54.30254	302.2132	528.7723	666.176	758.0715	844.9611	921.4817	1005.089	1102.938	1164.819	1265.846	1346.549	1416.561
297	0	0	0	0.0488245	3.294172	54.37136	301.4249	529.2164	665.6819	758.9421	844.8422	921.3528	1005.367	1102.938	1164.342	1264.158	1345.654	1416.939
297.1	0	0	0	0.0488245	3.294172	54.37136	301.5037	529.3052	665.2866	759.4862	843.654	921.0952	1004.534	1103.682	1165.295	1264.664	1344.76	1419.016
297.2	0	0	0	0.0488245	3.294172	54.30254	301.5826	529.5717	664.7924	759.1597	843.8917	920.7087	1003.285	1103.682	1165.454	1265.34	1345.476	1419.205
297.3	0	0	0	0.0488245	3.294172	54.44019	301.5037	529.2164	666.176	758.5068	844.0104	921.2241	1003.285	1103.087	1166.407	1265.509	1347.443	1419.96
297.4	0	0	0	0.0488245	3.352997	54.57783	301.1096	529.4828	665.7807	758.5068	844.4858	920.1934	1002.591	1103.087	1166.248	1264.833	1347.8	1421.849
297.5	0	0	0	0.0488245	3.352997	54.44019	301.7402	529.927	666.0771	758.6156	843.8917	920.9664	1002.174	1102.938	1166.248	1263.651	1348.337	1421.282
297.6	0	0	0	0.0488245	3.352997	54.57783	301.6614	530.1935	665.6819	758.2892	843.7728	920.5799	1002.591	1102.938	1167.042	1263.314	1347.085	1418.827
297.7	0	0	0	0.0488245	3.411821	54.44019	302.2132	530.7264	665.4842	758.2892	842.3469	919.2917	1002.174	1101.748	1166.089	1261.457	1346.906	1418.827
297.8	0	0	0	0.0488245	3.411821	54.64666	302.292	530.46	664.8913	758.0715	842.4658	919.1628	1002.174	1102.194	1164.978	1260.95	1347.621	1419.394
297.9	0	0	0	0.0488245	3.411821	54.85313	302.2132	530.3711	665.2866	758.7244	842.8222	919.6782	1001.758	1102.045	1166.566	1260.95	1348.158	1419.394
298	0	0	0	0.0488245	3.411821	54.64666	302.2132	530.5488	664.0018	758.8333	842.3469	919.6782	1001.896	1101.748	1165.137	1259.768	1348.337	1418.827
298.1	0	0	0	0.0488245	3.411821	54.57783	302.3708	531.3482	663.903	758.1804	842.7034	919.5493	1001.341	1101.599	1163.866	1258.249	1348.516	1419.205
298.2	0	0	0	0.0488245	3.411821	54.71548	302.2132	531.2593	664.0018	758.5068	841.3963	919.5493	1001.896	1101.748	1162.595	1259.093	1346.727	1419.583
298.3	0	0	0	0.0488245	3.411821	54.99078	302.2132	531.1705	664.0018	758.1804	841.7528	918.6475	1001.619	1101.599	1163.072	1259.093	1346.37	1418.072
298.4	0	0	0	0.0488245	3.411821	54.99078	302.0555	531.3482	664.5948	757.6362	842.7034	917.4881	1000.647	1101.004	1162.754	1260.613	1344.939	1417.506
298.5	0	0	0	0.0488245	3.411821	55.12843	302.1343	531.437	665.1877	757.3098	841.7528	917.6169	999.9529	1101.004	1162.437	1260.95	1345.654	1415.995
298.6	0	0	0	0.0488245	3.411821	55.26608	302.6861	531.7035	664.6936	757.6362	840.921	917.6169	1000.092	1100.408	1161.96	1262.638	1344.939	1415.428
298.7	0	0	0	0.0488245	3.411821	54.99078	302.7649	531.7923	665.3854	756.548	840.2081	917.3593	1000.786	1100.855	1161.166	1263.314	1344.045	1413.918
298.8	0	0	0	0.0488245	3.411821	55.0596	302.7649	532.5917	665.5831	755.6774	841.5151	916.3287	1000.647	1101.301	1161.96	1263.314	1346.012	1413.163
298.9	0	0	0	0.0488245	3.411821	54.71548	302.7649	532.5029	665.0889	756.3303	842.1093	915.2981	1002.035	1101.599	1162.278	1262.807	1346.727	1414.673
299	0	0	0	0.0488245	3.411821	54.44019	303.0802	532.0588	664.9901	755.7862	841.5151	915.0405	1002.591	1101.897	1162.119	1263.145	1346.727	1413.351
299.1	0	0	0	0.0488245	3.411821	54.50901	302.8438	531.97	665.6819	754.9156	840.921	916.9728	1002.035	1101.301	1162.278	1263.82	1347.085	1412.596
299.2	0	0	0	0.0488245	3.411821	54.30254	302.0555	531.3482	664.5948	755.1332	840.921	917.7458	1002.035	1098.623	1163.707	1263.314	1348.158	1412.785
299.3	0	0	0	0.0488245	3.411821	54.30254	302.1343	531.437	665.5831	754.6979	840.5646	917.8746	1001.202	1096.241	1165.137	1262.638	1349.231	1411.652
299.4	0	0	0	0.0488245	3.411821	54.23371	302.1343	531.2593	665.5831	755.1332	840.3269	918.0034	1001.619	1096.688	1166.089	1260.106	1348.337	1412.596
299.5	0	0	0	0.0488245	3.411821	54.44019	302.4496	530.2823	665.2866	754.8068	839.3763	918.1323	1000.786	1096.539	1163.39	1260.781	1346.549	1410.33
299.6	0	0	0	0.0488245	3.411821	54.57783	302.1343	529.4828	665.4842	754.3715	839.614	918.0034	1000.786	1097.729	1163.072	1259.937	1346.37	1410.33
299.7	0	0	0	0.0488245	3.411821	54.64666	302.3708	529.8382	665.0889	752.6303	839.8516	918.1323	1001.619	1098.027	1162.278	1258.249	1345.118	1410.519
299.8	0	0	0	0.0488245	3.411821	54.78431	303.3167	529.6605	666.2748	752.9567	840.5646	918.0034	1003.285	1096.39	1161.166	1260.275	1345.833	1410.33
299.9	0	0	0	0.0488245	3.411821	54.78431	303.2379	528.5946	667.3619	753.0656	840.6833	917.1017	1003.146	1096.837	1160.213	1259.262	1345.833	1409.575
300	0	0	0	0.0488245	3.411821	54.57783	303.7896	528.3282	666.6701	753.392	841.634	916.3287	1002.729	1096.539	1160.689	1258.587	1346.727	1409.386
300.1	0	0	0	0.0488245	3.411821	54.50901	304.1049	528.2393	667.6584	754.045	841.634	917.2305	1003.979	1097.432	1161.642	1258.755	1347.085	1412.219
300.2	0	0	0	0.0488245	3.411821	54.30254	303.7896	528.5058	667.9548	753.392	842.1093	918.0034	1003.979	1096.241	1161.801	1259.093	1345.118	1410.708
300.3	0	0	0	0.0488245	3.411821	54.50901	304.0261	528.3282	668.9431	753.0656	842.8222	917.3593	1003.701	1096.093	1160.531	1257.743	1344.76	1411.841
300.4	0	0	0	0.0488245	3.411821	54.23371	304.1838	528.5058	668.449	752.3038	842.4658	916.3287	1003.007	1095.497	1161.642	1258.924	1344.939	1409.953
300.5	0	0	0	0.0488245	3.470646	53.88959	303.632	528.417	668.6466	752.8479	842.7034	915.6846	1002.591	1095.2	1162.913	1260.275	1344.939	1408.442
300.6	0	0	0	0.0488245	3.411821	53.95841	304.1838	528.2393	668.449	753.1744	842.941	916.071	1002.868	1095.795	1163.39	1261.119	1344.76	1409.386
300.7	0	0	0	0.0488245	3.411821	53.95841	303.7108	528.2393	667.6584	753.9362	843.654	915.1693	1003.562	1096.688	1161.801	1262.638	1343.151	1406.931
300.8	0	0	0	0.0488245	3.411821	54.16489	303.7108	528.5946	666.8677	755.0244	844.2481	914.654	1002.313	1096.837	1163.072	1262.638	1343.151	1408.631
300.9	0	0	0	0.0488245	3.411821	54.09606	303.7896	528.2393	667.3619	753.8273	845.0799	915.1693	1002.174	1097.729	1162.754	1263.651	1342.972	1407.12
301	0	0	0	0.0488245	3.411821	54.16489	303.7896	529.3052	667.5595	753.0656	844.8422	915.1693	1001.48	1099.664	1162.278	1261.963	1344.939	1405.798
301.1	0	0	0	0.0488245	3.352997	54.23371	303.5532	529.2164	666.8677	752.9567	846.0305	915.4269	1000.786	1098.92	1164.66	1262.301	1344.224	1406.743
301.2	0	0	0	0.0488245	3.352997	53.88959	303.1591	528.7723	666.0771	752.7391	846.8622	916.1999	999.6753	1100.557	1163.866	1263.145	1343.509	1407.12
301.3	0	0	0	0.0488245	3.411821	53.82076	303.1591	528.8611	666.4725	753.1744	846.2681	916.1999	999.6753	1100.557	1163.231	1263.989	1343.866	1407.687
301.4	0	0	0	0.0488245	3.411821	53.54546	302.3708	528.5058	666.4725	753.7185	846.0305	916.5864	1000.508	1100.855	1163.231	1265.34	1344.224	1406.176
301.5	0	0	0	0.0488245	3.352997	53.40782	302.8438	527.884	667.5595	753.392	845.3175	914.5251	1000.231	1101.301	1162.595	1264.327	1343.866	1406.554
301.6	0	0	0	0.0488245	3.294172	53.40782	302.9226	527.2623	666.3737	753.1744	843.8917	914.7828	999.6753	1101.301	1162.119	1263.82	1343.687	1405.043
301.7	0	0	0	0.0488245	3.352997	53.40782	302.7649	526.907	667.6584	753.8273	843.654	914.1387	999.8141	1102.492	1162.754	1262.807	1344.403	1405.61
301.8	0	0	0	0.0488245	3.352997	53.33899	302.6861	526.1964	666.9666	753.7185	844.0104	914.3964	998.4258	1101.599	1164.025	1262.807	1344.581	1406.931
301.9	0	0	0	0.0488245	3.352997	53.33899	302.2132	526.1964	666.4725	753.2832	843.2975	914.7828	998.5647	1102.194	1162.119	1261.794	1343.151	1407.309
302	0	0	0	0.0488245	3.352997	53.47664	301.5826	525.6635	665.8795	754.045	841.8716	914.2675	996.7599	1103.385	1160.689	1261.625	1342.793	1406.743
302.1	0	0	0	0.0488245	3.352997	53.68311	301.9767	525.5746	666.6701	753.392	842.1093	914.3964	996.4823	1103.682	1160.372	1261.288	1341.541	1407.12
302.2	0	0	0	0.0488245	3.352997	53.95841	302.2132	525.5746	666.9666	753.7185	842.7034	914.9116	996.2047	1102.79	1159.578	1260.106	1340.647	1405.987
302.3	0	0	0	0.0488245	3.352997	53.82076	301.7402	524.864	667.5595	754.5891	842.4658	915.5558	996.2047	1102.641	1160.054	1260.444	1341.363	1405.232
302.4	0	0	0	0.0488245	3.411821	53.95841	302.1343	524.0646	668.2513	754.4803	841.7528	915.1693	995.5106	1101.152	1160.213	1260.444	1340.826	1403.533
302.5	0	0	0	0.0488245	3.411821	53.75194	302.6073	524.6863	667.856	753.9362	841.2775	916.4575	995.5106	1099.962	1160.689	1260.613	1340.826	1404.099
302.6	0	0	0	0.0488245	3.411821	53.61429	302.7649	524.0646	668.6466	753.1744	840.8022	916.844	995.5106	1099.218	1160.531	1260.106	1340.111	1404.854
302.7	0	0	0	0.0488245	3.352997	53.75194	302.8438	524.1534	668.7454	753.6097	840.0892	916.1999	996.0659	1099.218	1162.278	1259.937	1339.574	1405.232
302.8	0	0	0	0.0488245	3.352997	53.82076	303.7108	524.3311	669.0419	753.5009	840.921	916.3287	997.1765	1099.516	1162.754	1259.431	1339.396	1403.91
302.9	0	0	0	0.0488245	3.352997	53.95841	303.4743	524.1534	669.536	753.7185	842.4658	914.7828	996.7599	1099.218	1162.278	1259.431	1339.217	1404.477
303	0	0	0	0.0488245	3.352997	53.95841	303.9473	523.9758	669.8325	754.2626	842.3469	914.5251	996.3435	1097.134	1162.437	1258.587	1339.574	1403.344
303.1	0	0	0	0.0488245	3.352997	54.23371	303.9473	522.9987	670.4254	754.9156	843.5352	915.6846	996.3435	1097.283	1161.96	1259.6	1340.29	1403.344
303.2	0	0	0	0.0488245	3.411821	54.23371	303.7896	523.6205	670.3266	755.7862	843.4163	915.4269	996.7599	1096.539	1161.801	1258.924	1341.184	1404.854
303.3	0	0	0	0.0488245	3.411821	54.16489	303.8685	524.3311	670.3266	756.548	843.654	915.8134	997.4541	1096.39	1162.595	1258.924	1342.972	1405.61
303.4	0	0	0	0.0488245	3.411821	54.23371	304.4991	524.0646	670.3266	757.2009	843.654	915.5558	997.5929	1095.348	1163.072	1256.392	1343.33	1406.176
303.5	0	0	0	0.0488245	3.411821	54.16489	304.4202	523.354	669.3384	756.9833	843.7728	915.8134	997.5929	1093.116	1162.754	1256.054	1343.866	1406.554
303.6	0	0	0	0.0488245	3.411821	54.16489	304.1049	522.1105	669.8325	757.2009	844.2481	915.2981	997.0376	1091.777	1161.96	1254.366	1343.687	1407.498
303.7	0	0	0	0.0488245	3.352997	54.09606	303.7896	522.0216	669.6348	757.0921	844.0104	913.3657	997.1765	1090.288	1161.166	1254.366	1344.045	1406.365
303.8	0	0	0	0.0488245	3.352997	54.23371	303.5532	521.844	670.5243	757.3098	843.4163	912.2063	996.8988	1089.842	1161.325	1256.223	1343.509	1404.666
303.9	0	0	0	0.0488245	3.294172	54.50901	303.2379	521.9328	670.2278	756.2215	842.5846	912.7216	998.5647	1091.032	1162.595	1256.054	1343.151	1403.721
304	0	0	0	0.0488245	3.235348	54.50901	303.3955	522.1993	669.6348	756.2215	841.2775	914.0099	998.4258	1091.33	1161.166	1256.898	1341.72	1402.211
304.1	0	0	0	0.0488245	3.235348	54.37136	303.632	522.6434	668.9431	755.895	841.5151	913.4946	999.3976	1090.735	1162.437	1254.873	1340.826	1403.344
304.2	0	0	0	0.0488245	3.176523	54.37136	303.632	523.5316	668.1525	755.6774	840.8022	912.8505	998.9811	1090.735	1163.548	1253.86	1340.469	1404.099
304.3	0	0	0	0.0488245	3.176523	54.50901	304.2626	523.4428	666.6701	756.548	841.3963	911.8198	997.8705	1092.223	1162.754	1254.366	1340.647	1404.288
304.4	0	0	0	0.0488245	3.176523	54.37136	304.3414	524.1534	667.4607	756.0038	841.0399	911.8198	998.4258	1092.67	1162.754	1254.535	1340.469	1403.721
304.5	0	0	0	0.0488245	3.176523	54.37136	304.5779	524.7752	666.5713	755.3509	840.0892	910.4028	999.12	1092.223	1163.231	1254.873	1341.72	1402.588
304.6	0	0	0	0.0488245	3.176523	54.16489	304.0261	525.1305	666.176	754.8068	839.614	910.0163	999.2588	1093.265	1163.072	1252.847	1341.72	1404.099
304.7	0	0	0	0.0488245	3.117699	54.09606	303.7108	525.4858	666.7689	754.8068	839.614	910.5316	997.7318	1094.455	1163.072	1253.184	1340.647	1403.721
304.8	0	0	0	0.0488245	3.176523	54.30254	303.8685	525.4858	666.176	754.8068	838.7822	909.501	997.3152	1095.051	1163.39	1252.509	1339.932	1405.043
304.9	0	0	0	0.0488245	3.176523	54.23371	304.5779	526.0187	665.5831	754.8068	839.3763	909.1146	997.7318	1094.455	1164.978	1253.184	1338.859	1405.61
305	0	0	0	0.0488245	3.117699	54.44019	304.4991	525.9299	665.6819	754.3715	840.0892	910.0163	996.8988	1093.711	1164.978	1252.509	1339.574	1403.721
305.1	0	0	0	0.0488245	3.176523	54.23371	304.4991	525.0416	666.2748	753.9362	841.3963	908.9857	994.9553	1094.158	1164.66	1253.353	1341.005	1402.022
305.2	0	0	0	0.0488245	3.176523	54.50901	304.7355	524.2422	666.2748	755.1332	840.2081	909.2433	995.0941	1093.265	1162.595	1253.184	1340.111	1402.022
305.3	0	0	0	0.0488245	3.176523	54.23371	304.4202	523.4428	667.1642	755.5685	839.4951	910.0163	995.6494	1093.265	1162.119	1253.691	1341.005	1403.155
305.4	0	0	0	0.0488245	3.176523	54.16489	304.8144	523.5316	667.1642	754.4803	838.901	910.5316	995.5106	1092.967	1161.484	1253.86	1339.574	1403.344
305.5	0	0	0	0.0488245	3.176523	54.37136	304.972	522.821	668.0536	754.4803	837.8316	909.2433	994.8164	1093.265	1162.913	1255.21	1338.144	1404.854
305.6	0	0	0	0.0488245	3.176523	54.44019	304.6567	522.4658	668.7454	754.4803	838.4257	910.0163	994.9553	1092.967	1163.072	1254.704	1337.786	1404.288
305.7	0	0	0	0.0488245	3.176523	54.50901	304.4991	522.3769	668.6466	754.3715	837.9504	910.1451	995.0941	1092.67	1162.595	1254.873	1338.323	1404.854
305.8	0	0	0	0.0488245	3.176523	54.37136	304.7355	522.2881	668.8442	753.7185	836.6434	910.6604	994.8164	1091.777	1162.754	1253.184	1338.68	1405.61
305.9	0	0	0	0.0488245	3.176523	54.37136	304.2626	522.9099	668.3502	753.0656	836.5245	910.6604	994.9553	1091.628	1161.801	1253.353	1338.323	1405.421
306	0	0	0	0.0488245	3.176523	54.64666	304.4991	523.6205	668.7454	752.3038	836.881	911.1757	994.9553	1090.288	1160.531	1251.834	1338.859	1404.288
306.1	0	0	0	0.0488245	3.176523	54.71548	304.2626	524.2422	668.3502	751.3244	836.7621	911.1757	995.0941	1090.288	1161.484	1252.171	1339.038	1403.344
306.2	0	0	0	0.0488245	3.176523	54.85313	304.5779	523.7093	667.4607	750.345	836.2869	911.5622	993.7058	1091.33	1160.848	1253.691	1338.859	1404.477
306.3	0	0	0	0.0488245	3.176523	54.78431	304.972	523.354	667.1642	750.1273	836.7621	911.8198	993.9835	1091.33	1161.642	1253.691	1338.144	1403.91
306.4	0	0	0	0.0488245	3.176523	54.85313	305.6814	522.3769	666.8677	748.8214	837.8316	912.5928	993.2893	1091.33	1161.642	1252.678	1337.607	1402.777
306.5	0	0	0	0.0488245	3.176523	54.85313	305.6814	522.821	666.7689	748.9302	836.6434	912.464	993.9835	1091.777	1162.278	1253.353	1337.25	1402.777
306.6	0	0	0	0.0488245	3.235348	54.85313	306.6273	522.821	666.2748	748.9302	835.6927	912.3351	992.4564	1091.33	1163.231	1254.704	1336.534	1404.666
306.7	0	0	0	0.0488245	3.235348	54.64666	306.6273	522.5546	666.2748	748.2773	834.861	912.0775	992.734	1092.67	1164.025	1255.21	1335.283	1404.099
306.8	0	0	0	0.0488245	3.235348	54.64666	306.2332	521.844	665.1877	748.3861	834.3857	911.8198	992.8729	1091.479	1164.501	1253.522	1334.925	1403.533
306.9	0	0	0	0.0488245	3.117699	54.64666	305.6026	521.6663	664.8913	749.0391	834.0292	911.8198	992.8729	1092.223	1163.39	1253.184	1334.21	1402.4
307	0	0	0	0.0488245	3.117699	54.99078	305.6026	522.1105	664.5948	748.4949	833.3163	912.9792	993.4282	1092.372	1163.866	1254.366	1333.673	1403.344
307.1	0	0	0	0.0488245	3.117699	55.12843	305.4449	522.821	664.5948	748.2773	832.8409	911.9487	993.8446	1092.818	1164.342	1252.678	1334.031	1401.078
307.2	0	0	0	0.0488245	3.117699	55.12843	305.5238	523.5316	663.7054	747.9508	832.2468	912.9792	993.2893	1093.711	1163.548	1252.34	1336.713	1401.078
307.3	0	0	0	0.0488245	3.058874	55.19725	305.0508	523.5316	663.5078	747.7332	832.6033	912.9792	993.2893	1094.455	1162.437	1251.665	1337.25	1400.323
307.4	0	0	0	0.0488245	3.058874	55.0596	304.6567	524.0646	663.1124	747.842	832.3657	912.9792	992.8729	1094.009	1162.119	1251.327	1336.177	1397.113
307.5	0	0	0	0.0488245	3.058874	54.85313	304.6567	524.3311	662.6183	748.0596	833.3163	912.5928	992.4564	1095.051	1162.437	1249.639	1335.819	1395.413
307.6	0	0	0	0.0488245	3.058874	54.78431	304.4202	525.0416	662.5195	747.6243	832.9598	913.2369	992.0399	1094.753	1161.96	1249.977	1338.501	1395.602
307.7	0	0	0	0.0488245	3.058874	54.57783	304.3414	523.7981	662.9148	747.842	832.8409	912.9792	991.7623	1096.093	1162.278	1248.964	1336.355	1395.98
307.8	0	0	0	0.0488245	3.058874	54.50901	304.0261	523.6205	662.6183	748.9302	833.1974	912.464	990.6517	1095.348	1159.578	1248.964	1337.071	1395.224
307.9	0	0	0	0.0488245	3.058874	54.57783	303.3167	523.6205	663.1124	749.2567	832.9598	912.2063	990.7905	1095.497	1160.848	1247.951	1339.396	1395.98
308	0	0	0	0.0488245	3.058874	54.64666	303.3955	523.2651	663.1124	749.9097	832.128	912.0775	991.9011	1096.688	1161.484	1250.821	1338.501	1395.602
308.1	0	0	0	0.0488245	3.058874	54.64666	303.5532	523.6205	663.6066	750.8891	832.8409	911.1757	990.0964	1096.39	1162.754	1249.977	1337.607	1395.791
308.2	0	0	0	0.0488245	3.058874	54.71548	302.6073	523.9758	663.2112	751.7597	833.7916	910.5316	990.7905	1096.241	1160.848	1248.964	1337.428	1397.301
308.3	0	0	0	0.0488245	3.058874	54.71548	302.7649	523.354	662.9148	750.8891	833.3163	909.1146	989.8187	1096.241	1160.054	1246.769	1337.25	1396.924
308.4	0	0	0	0.0488245	3.058874	54.64666	303.3167	523.7981	662.5195	751.1068	832.4845	909.6298	989.4022	1096.093	1160.531	1246.938	1337.965	1398.245
308.5	0	0	0	0.0488245	3.058874	54.64666	303.0802	524.2422	662.0254	751.2156	831.8904	909.8875	988.5693	1096.985	1160.531	1246.431	1337.965	1397.679
308.6	0	0	0	0.0488245	3.058874	54.85313	303.3167	523.887	662.0254	750.0185	829.8704	910.0163	989.5411	1095.795	1160.689	1248.457	1337.25	1398.057
308.7	0	0	0	0.0488245	3.058874	54.99078	303.1591	523.5316	662.223	750.345	830.4645	909.1146	989.9575	1095.348	1160.372	1248.12	1337.607	1397.49
308.8	0	0	0	0.0488245	3.058874	54.92196	303.5532	523.887	660.4442	750.4538	831.0586	908.0839	990.6517	1094.307	1160.372	1247.951	1338.323	1398.245
308.9	0	0	0	0.0488245	3.117699	54.99078	303.3955	524.5975	660.6418	751.1068	830.4645	908.4704	989.5411	1094.455	1160.689	1248.964	1336.892	1398.057
309	0	0	0	0.0488245	3.058874	55.19725	303.1591	525.5746	660.4442	750.9979	831.7715	908.9857	990.0964	1092.967	1159.737	1248.457	1336.534	1398.623
309.1	0	0	0	0.0488245	3.058874	55.12843	302.9226	525.4858	659.7524	750.5626	830.9398	907.311	989.8187	1092.818	1159.101	1249.47	1335.998	1396.546
309.2	0	0	0	0.0488245	3.058874	55.12843	302.8438	525.9299	659.8512	750.8891	830.5833	907.6974	988.7081	1090.586	1160.054	1250.314	1336.534	1396.735
309.3	0	0	0	0.0488245	3.117699	54.99078	302.7649	526.1964	659.8512	749.8008	830.9398	907.1822	989.2634	1091.33	1161.325	1249.639	1334.746	1395.602
309.4	0	0	0	0.0488245	3.117699	54.92196	302.5284	525.7523	659.2583	750.6714	832.2468	907.6974	990.0964	1090.437	1159.578	1248.964	1335.461	1395.413
309.5	0	0	0	0.0488245	3.117699	55.0596	302.292	525.7523	659.7524	750.8891	831.6527	908.2128	989.5411	1090.14	1160.213	1250.146	1334.746	1397.113
309.6	0	0	0	0.0488245	3.117699	55.0596	302.7649	525.1305	660.4442	750.7803	831.5339	908.3416	989.2634	1090.14	1160.689	1251.327	1335.104	1396.735
309.7	0	0	0	0.0488245	3.117699	55.26608	302.8438	525.397	661.2347	750.345	831.8904	907.4398	988.4305	1088.651	1159.578	1250.652	1335.104	1395.224
309.8	0	0	0	0.0488245	3.117699	55.26608	303.1591	526.1075	661.1359	749.692	832.2468	908.4704	989.9575	1089.842	1159.419	1251.158	1334.746	1394.847
309.9	0	0	0	0.0488245	3.058874	55.40373	303.2379	526.1964	661.1359	749.5832	831.2963	909.2433	989.8187	1089.991	1159.26	1250.483	1335.283	1395.224
310	0	0	0	0.0488245	3.058874	55.26608	303.9473	526.4628	660.7407	750.8891	831.2963	909.6298	990.0964	1089.395	1159.737	1248.626	1334.388	1396.357
310.1	0	0	0	0.0488245	3.058874	55.3349	303.2379	526.5517	660.3453	751.4332	830.8209	910.6604	989.5411	1088.8	1162.278	1247.782	1334.746	1396.735
310.2	0	0	0	0.0488245	3.058874	55.40373	302.9226	526.2852	659.7524	751.5421	830.8209	910.0163	989.9575	1088.056	1161.96	1246.938	1334.746	1396.546
310.3	0	0	0	0.0488245	3.058874	55.6102	302.6861	526.1075	660.3453	750.4538	831.1774	909.2433	988.9858	1086.419	1162.119	1245.081	1334.746	1396.924
310.4	0	0	0	0.0488245	3.058874	55.47255	302.8438	526.374	660.9383	750.4538	830.4645	910.0163	989.9575	1086.568	1160.689	1245.25	1333.137	1397.49
310.5	0	0	0	0.0488245	3.00005	55.6102	302.7649	526.4628	660.8395	749.4744	828.8009	911.4333	989.4022	1086.419	1159.101	1245.418	1332.243	1397.113
310.6	0	0	0	0.0488245	3.00005	55.67902	303.0014	526.4628	660.2465	750.2361	828.6821	911.1757	988.9858	1086.865	1159.26	1245.925	1332.958	1395.791
310.7	0	0	0	0.0488245	3.00005	55.81667	303.3167	526.2852	659.8512	750.5626	828.3256	909.7587	988.7081	1085.526	1158.307	1245.756	1332.421	1394.469
310.8	0	0	0	0.0488245	3.00005	55.6102	303.0802	526.0187	659.6536	750.9979	827.4938	911.691	988.2916	1085.377	1157.354	1245.081	1332.243	1393.336
310.9	0	0	0	0.0488245	3.00005	55.54137	303.2379	526.5517	659.6536	750.345	828.3256	912.5928	989.8187	1085.824	1158.307	1245.081	1331.17	1393.147
311	0	0	0	0.0488245	3.00005	55.40373	303.2379	527.1735	659.3571	749.692	828.4445	912.5928	989.5411	1086.568	1157.99	1245.925	1331.348	1393.525
311.1	0	0	0	0.0488245	3.00005	55.54137	303.3167	527.884	659.2583	751.3244	828.8009	911.8198	988.2916	1087.461	1156.56	1247.275	1331.885	1393.902
311.2	0	0	0	0.0488245	3.00005	55.6102	303.4743	527.7064	659.4559	751.7597	829.2762	910.5316	988.9858	1087.163	1157.195	1245.756	1332.421	1395.224
311.3	0	0	0	0.0488245	3.058874	55.74785	303.0802	528.5946	659.3571	751.7597	829.395	909.501	987.8752	1086.568	1156.878	1245.081	1332.064	1395.224
311.4	0	0	0	0.0488245	3.058874	55.67902	303.0014	529.0388	659.6536	752.6303	828.3256	910.2739	988.1528	1087.163	1156.401	1246.6	1332.421	1397.113
311.5	0	0	0	0.0488245	3.058874	55.6102	302.6861	527.884	658.4677	752.195	828.088	910.2739	989.4022	1087.461	1154.654	1247.613	1333.137	1396.357
311.6	0	0	0	0.0488245	3.058874	55.67902	302.9226	527.884	658.27	751.9774	826.8997	909.7587	989.1246	1086.568	1154.178	1248.964	1333.316	1394.658
311.7	0	0	0	0.0488245	3.058874	55.6102	303.0014	527.6176	657.2818	751.6509	827.9692	910.6604	989.4022	1086.717	1155.607	1248.795	1333.316	1395.224
311.8	0	0	0	0.0488245	3.058874	55.54137	303.3167	528.1505	657.3806	752.195	828.2068	909.6298	989.4022	1086.27	1156.719	1249.47	1333.673	1394.28
311.9	0	0	0	0.0488245	3.058874	55.67902	303.4743	527.884	657.0841	751.8685	827.3751	910.1451	989.4022	1087.758	1156.242	1248.626	1332.958	1393.336
312	0	0	0	0.0488245	3.058874	55.81667	303.1591	527.7952	657.8748	750.345	827.8503	910.6604	990.0964	1087.609	1158.784	1249.808	1333.137	1393.525
312.1	0	0	0	0.0488245	3.058874	55.47255	302.7649	527.5287	657.183	749.692	827.2562	908.7281	990.374	1086.27	1156.56	1249.47	1332.779	1392.203
312.2	0	0	0	0.0488245	3.058874	55.6102	302.7649	527.4399	657.3806	749.1479	826.1868	908.9857	990.9293	1086.121	1155.131	1249.133	1332.6	1391.825
312.3	0	0	0	0.0488245	3.117699	55.26608	302.5284	528.1505	657.5782	748.9302	825.8303	908.3416	991.0681	1085.824	1155.448	1249.301	1332.064	1391.637
312.4	0	0	0	0.0488245	3.117699	55.40373	302.3708	527.884	657.6771	748.7126	826.4244	907.5687	990.5128	1085.377	1155.925	1248.457	1333.494	1391.259
312.5	0	0	0	0.0488245	3.235348	55.47255	302.4496	528.417	657.3806	748.8214	826.5433	906.1516	989.9575	1084.633	1154.972	1246.938	1333.494	1391.259
312.6	0	0	0	0.0488245	3.235348	55.67902	302.4496	527.884	657.8748	748.9302	827.7315	907.1822	989.9575	1084.633	1154.972	1245.756	1333.852	1391.637
312.7	0	0	0	0.0488245	3.235348	55.54137	302.5284	527.2623	658.0724	749.1479	827.3751	906.538	989.9575	1084.187	1154.813	1245.756	1333.494	1390.881
312.8	0	0	0	0.0488245	3.235348	55.26608	302.6861	527.2623	658.7642	748.1685	827.3751	905.5074	990.374	1083.145	1154.654	1245.756	1334.388	1390.126
312.9	0	0	0	0.0488245	3.235348	55.3349	302.0555	527.9728	659.5547	748.0596	827.3751	905.121	991.9011	1083.74	1155.766	1243.561	1332.958	1389.748
313	0	0	0	0.0488245	3.235348	55.3349	301.8979	527.3511	660.1477	748.1685	828.6821	905.8939	991.7623	1082.996	1155.289	1243.561	1331.527	1390.315
313.1	0	0	0	0.0488245	3.235348	55.40373	301.9767	527.5287	660.0489	748.1685	828.088	907.0533	991.4846	1084.931	1155.448	1242.211	1331.885	1389.371
313.2	0	0	0	0.0488245	3.176523	55.3349	302.3708	527.0846	659.7524	748.8214	828.5633	907.311	991.207	1084.633	1155.607	1241.535	1330.633	1390.126
313.3	0	0	0	0.0488245	3.176523	55.6102	302.6073	526.1964	658.5665	748.1685	828.4445	907.1822	990.9293	1083.591	1156.084	1241.535	1329.203	1390.504
313.4	0	0	0	0.0488245	3.176523	55.6102	302.3708	526.1075	657.9736	748.4949	828.088	906.1516	990.5128	1081.805	1154.654	1240.185	1328.666	1391.637
313.5	0	0	0	0	3.176523	55.8855	302.5284	526.1075	657.5782	748.6038	827.3751	906.2804	990.2352	1081.061	1154.495	1242.211	1326.878	1390.504
313.6	0	0	0	0	3.176523	55.81667	301.7402	526.1964	657.9736	749.1479	827.3751	905.6363	990.374	1080.764	1155.289	1243.73	1326.162	1390.315
313.7	0	0	0	0	3.176523	55.81667	302.3708	525.6635	657.2818	749.4744	826.3056	904.9921	990.374	1080.912	1157.513	1243.561	1325.447	1390.126
313.8	0	0	0	0	3.176523	55.8855	302.4496	525.1305	657.2818	749.692	826.5433	906.7957	990.7905	1080.019	1157.354	1243.224	1325.805	1388.804
313.9	0	0	0	0	3.176523	56.02315	302.6861	525.397	657.183	748.9302	828.9197	906.4092	988.5693	1079.424	1157.036	1243.055	1325.268	1390.881
314	0	0	0	0	3.176523	56.09197	302.7649	524.7752	657.4794	749.0391	827.9692	906.1516	988.2916	1079.573	1157.831	1242.548	1326.52	1391.825
314.1	0	0	0	0	3.176523	56.09197	303.0802	524.864	657.0841	749.2567	827.1374	905.8939	989.9575	1081.508	1158.784	1242.886	1327.414	1391.637
314.2	0	0	0	0	3.117699	56.1608	302.6073	523.6205	657.4794	749.9097	827.8503	905.5074	989.8187	1082.103	1157.036	1242.717	1327.593	1391.637
314.3	0	0	0	0	3.117699	56.02315	302.6073	523.7981	657.2818	749.9097	827.4938	906.1516	989.1246	1081.508	1156.719	1241.367	1329.203	1392.958
314.4	0	0	0	0	3.117699	55.67902	302.6861	523.7981	656.9853	749.4744	826.4244	905.3786	988.9858	1082.401	1156.401	1241.704	1329.024	1393.336
314.5	0	0	0	0	3.117699	55.67902	302.6861	522.821	656.3924	749.692	826.8997	904.9921	988.9858	1081.359	1154.019	1241.873	1328.487	1393.336
314.6	0	0	0	0	3.058874	55.81667	302.5284	522.9987	655.6017	749.3655	826.5433	905.2498	988.5693	1081.061	1152.748	1243.055	1330.633	1391.637
314.7	0	0	0	0	3.00005	55.74785	302.292	522.1993	655.8983	748.8214	827.7315	905.2498	988.2916	1081.656	1153.384	1243.224	1328.845	1391.07
314.8	0	0	0	0	3.00005	55.6102	301.9767	522.5546	657.0841	748.1685	827.2562	906.1516	988.7081	1081.656	1151.16	1245.418	1327.593	1389.56
314.9	0	0	0	0	3.00005	55.67902	302.1343	521.9328	656.9853	747.2979	827.7315	903.9615	988.1528	1082.698	1150.525	1244.237	1327.235	1390.881
315	0	0	0	0	3.00005	55.6102	302.1343	522.1105	656.8865	747.5155	827.6127	904.348	988.1528	1082.549	1149.731	1243.899	1327.235	1389.937
315.1	0	0	0	0	2.941225	55.74785	302.0555	522.3769	657.183	747.4067	826.5433	904.7345	988.8469	1080.912	1149.095	1243.561	1327.951	1388.049
315.2	0	0	0	0	2.941225	55.74785	301.5826	523.2651	657.2818	747.4067	827.0186	903.3174	987.0422	1080.019	1150.842	1243.73	1328.487	1388.804
315.3	0	0	0	0	3.00005	55.81667	301.6614	522.6434	656.3924	747.9508	827.2562	903.5751	987.4587	1080.168	1150.207	1244.574	1327.951	1388.238
315.4	0	0	0	0	3.00005	55.67902	301.7402	522.4658	655.9971	748.9302	826.1868	904.348	987.4587	1081.954	1150.207	1244.068	1328.13	1387.105
315.5	0	0	0	0	3.00005	55.67902	301.6614	522.9987	655.5029	748.8214	825.5927	904.7345	986.4869	1080.764	1150.366	1243.392	1326.699	1386.727
315.6	0	0	0	0	3.00005	55.95432	301.5037	523.0875	654.7123	748.8214	825.1174	904.2192	986.0704	1080.466	1150.048	1243.899	1327.414	1386.727
315.7	0	0	0	0	3.00005	56.09197	301.6614	522.5546	654.4159	748.2773	824.048	904.2192	984.9598	1080.466	1148.142	1244.068	1326.878	1387.671
315.8	0	0	0	0	3.00005	56.1608	301.7402	522.1993	654.5147	748.0596	823.9291	904.9921	983.1552	1080.615	1146.078	1243.899	1326.878	1388.615
315.9	0	0	0	0	3.00005	56.64257	301.1096	522.3769	655.5029	748.4949	823.0974	904.9921	983.9881	1079.871	1147.031	1244.068	1327.593	1387.482
316	0	0	0	0	3.00005	56.64257	300.2426	522.6434	655.2065	748.4949	822.1467	905.8939	985.2375	1080.764	1147.984	1243.392	1326.699	1387.671
316.1	0	0	0	0	3.00005	56.50492	300.6367	522.2881	655.0089	749.2567	822.6221	905.121	984.5434	1081.061	1145.919	1242.211	1326.341	1387.294
316.2	0	0	0	0	3.058874	56.4361	300.2426	522.9099	654.91	749.1479	824.2856	904.4769	984.5434	1080.912	1145.76	1242.548	1325.626	1387.294
316.3	0	0	0	0	3.058874	56.29845	299.7696	522.821	655.4041	747.842	823.9291	904.348	983.8492	1079.573	1145.284	1241.873	1325.09	1387.294
316.4	0	0	0	0	3.058874	56.4361	299.6119	523.4428	655.7994	747.4067	824.048	904.0904	982.7386	1081.21	1145.284	1242.211	1324.553	1387.86
316.5	0	0	0	0	3.058874	56.64257	299.6908	523.1763	656.6888	748.2773	823.9291	903.8327	981.4893	1081.21	1146.554	1241.873	1324.017	1387.294
316.6	0	0	0	0	3.058874	56.64257	299.4543	522.1993	655.8983	748.6038	826.4244	903.0598	980.2398	1080.466	1147.348	1239.341	1322.765	1386.538
316.7	0	0	0	0	3.058874	56.78022	299.2178	521.4886	656.0959	748.4949	826.1868	902.931	979.5457	1080.466	1147.825	1237.146	1324.911	1385.783
316.8	0	0	0	0	3.058874	56.36727	299.6119	521.2222	656.2935	747.5155	825.355	902.931	980.2398	1080.019	1147.031	1237.99	1324.911	1385.217
316.9	0	0	0	0	3.058874	56.4361	299.7696	520.6893	656.8865	747.2979	825.355	903.1886	978.9904	1079.871	1148.301	1237.821	1324.374	1383.895
317	0	0	0	0	3.00005	56.36727	300.2426	520.7781	657.5782	746.9714	824.048	902.4156	979.8234	1080.317	1149.413	1237.821	1323.48	1385.594
317.1	0	0	0	0	3.00005	56.4361	299.6908	520.8669	657.0841	745.6655	823.6915	902.5445	981.3504	1080.317	1149.413	1238.834	1323.301	1385.217
317.2	0	0	0	0	3.00005	56.50492	299.5331	520.8669	657.2818	745.4479	823.335	902.158	981.0728	1080.466	1150.525	1238.497	1322.407	1385.028
317.3	0	0	0	0	3.058874	56.4361	300.2426	520.6004	657.183	745.3391	823.8103	902.5445	979.2681	1080.764	1151.16	1239.172	1323.301	1386.161
317.4	0	0	0	0	3.117699	56.29845	300.5578	520.4228	657.0841	744.7949	823.8103	903.7039	979.2681	1078.531	1151.16	1240.354	1323.838	1385.972
317.5	0	0	0	0	3.117699	56.4361	300.6367	520.7781	657.6771	744.0331	824.1667	903.7039	978.4351	1077.341	1149.095	1239.678	1324.911	1387.482
317.6	0	0	0	0	3.058874	56.36727	300.2426	519.9786	658.0724	745.2302	823.6915	902.6733	978.5739	1078.085	1149.572	1237.484	1325.984	1387.105
317.7	0	0	0	0	3.058874	56.29845	300.6367	520.1563	657.5782	745.0126	823.0974	902.6733	978.4351	1077.787	1147.825	1237.146	1325.268	1384.839
317.8	0	0	0	0	3.058874	56.02315	300.5578	520.6893	657.7759	743.8155	822.2656	901.7715	978.9904	1078.085	1147.031	1237.652	1325.09	1383.517
317.9	0	0	0	0	3.058874	55.95432	300.6367	520.7781	657.6771	744.0331	822.2656	900.741	979.4069	1078.085	1145.919	1238.159	1324.732	1384.65
318	0	0	0	0	3.058874	55.95432	300.3214	521.6663	658.1712	744.142	821.0773	901.1274	978.8516	1079.126	1147.189	1238.665	1322.228	1384.839
318.1	0	0	0	0	3.058874	55.8855	300.0061	521.9328	658.27	745.0126	821.0773	900.3545	978.5739	1078.234	1147.984	1238.665	1322.407	1384.65
318.2	0	0	0	0	3.117699	55.74785	300.2426	522.4658	658.1712	744.7949	820.7209	899.3239	978.7128	1077.192	1149.731	1239.003	1324.195	1383.328
318.3	0	0	0	0	3.117699	55.74785	300.7155	521.7551	658.27	744.0331	819.7703	899.4527	978.5739	1077.043	1150.842	1237.821	1325.09	1383.14
318.4	0	0	0	0	3.117699	55.8855	300.7943	522.0216	657.7759	744.3596	819.6514	899.3239	978.9904	1076.745	1149.413	1238.328	1325.268	1383.328
318.5	0	0	0	0	3.117699	56.1608	300.1637	521.4886	657.5782	744.2508	819.6514	899.1951	978.7128	1077.787	1148.301	1238.665	1326.341	1383.517
318.6	0	0	0	0	3.117699	56.1608	300.3214	521.6663	658.3688	743.489	820.0079	900.0968	980.934	1077.787	1149.095	1237.821	1325.268	1382.951
318.7	0	0	0	0	3.117699	56.22962	300.0849	520.9557	658.3688	742.6184	818.9385	900.4833	981.0728	1076.15	1148.937	1236.977	1325.268	1383.328
318.8	0	0	0	0	3.058874	56.09197	300.7943	521.3998	657.4794	743.3802	818.582	899.968	981.6281	1076.745	1149.254	1236.977	1325.984	1383.895
318.9	0	0	0	0	2.941225	56.29845	300.7943	521.311	656.59	742.7272	818.8196	899.1951	981.4893	1077.043	1148.778	1236.471	1323.659	1382.384
319	0	0	0	0	3.00005	56.4361	301.1096	522.1105	655.4041	742.9449	818.4632	899.8392	982.8775	1077.936	1147.984	1235.627	1323.48	1383.895
319.1	0	0	0	0	3.00005	56.1608	300.7155	522.2881	655.7994	742.8361	817.7502	900.4833	982.461	1076.299	1147.666	1234.782	1322.05	1382.762
319.2	0	0	0	0	3.00005	56.22962	300.6367	521.844	655.9971	741.3126	817.3938	900.0968	981.7669	1075.852	1147.031	1236.133	1320.798	1383.706
319.3	0	0	0	0	3.00005	56.36727	300.4002	521.311	656.59	741.2037	818.1068	900.4833	981.7669	1076.15	1148.142	1236.471	1322.944	1383.14
319.4	0	0	0	0	3.00005	56.4361	301.1884	521.4886	657.0841	740.8773	817.7502	900.6121	980.7951	1075.852	1147.984	1237.484	1321.513	1382.951
319.5	0	0	0	0	3.00005	56.4361	301.4249	520.6893	657.2818	740.3331	818.4632	899.8392	981.0728	1076.299	1147.507	1238.159	1323.123	1382.195
319.6	0	0	0	0	3.00005	56.71139	301.3461	520.1563	656.9853	739.4625	819.5326	900.741	981.6281	1076.001	1146.395	1236.977	1322.407	1382.762
319.7	0	0	0	0	3.00005	56.71139	301.5826	519.801	656.59	739.0272	819.295	900.4833	981.9057	1075.703	1146.554	1236.808	1321.334	1381.818
319.8	0	0	0	0	3.00005	56.71139	301.819	519.8898	657.0841	739.0272	818.4632	902.158	980.2398	1075.555	1147.348	1234.614	1323.48	1381.818
319.9	0	0	0	0	3.00005	56.84904	302.1343	520.1563	658.1712	739.3537	818.3444	902.5445	979.6845	1076.745	1147.031	1234.951	1323.48	1382.384
320	0	0	0	0	3.00005	56.57374	301.5037	519.8898	658.1712	739.3537	818.582	902.6733	978.4351	1076.894	1146.078	1234.276	1322.765	1382.007
320.1	0	0	0	0	3.00005	56.64257	301.1884	520.3339	658.27	739.8978	818.7009	904.2192	978.1575	1076.745	1147.507	1234.107	1321.692	1383.706
320.2	0	0	0	0	3.00005	56.50492	300.6367	520.6004	658.1712	739.789	818.3444	903.4462	977.0469	1077.341	1148.619	1234.445	1321.334	1383.895
320.3	0	0	0	0	2.941225	56.57374	300.7155	520.4228	658.0724	740.0067	817.7502	902.5445	978.1575	1077.489	1147.984	1234.951	1320.083	1384.461
320.4	0	0	0	0	2.941225	56.64257	300.6367	519.8898	658.7642	741.3126	818.7009	901.6427	977.741	1077.043	1148.778	1234.276	1320.261	1383.517
320.5	0	0	0	0	2.941225	56.57374	300.7943	519.9786	658.0724	740.3331	819.4138	901.5139	977.8798	1077.043	1148.619	1232.588	1321.871	1381.629
320.6	0	0	0	0	2.882401	56.4361	301.5037	519.801	657.3806	740.442	819.0573	900.741	978.0186	1076.448	1147.825	1233.263	1320.619	1382.384
320.7	0	0	0	0	2.882401	56.50492	301.4249	520.1563	656.9853	741.0949	818.1068	900.8698	978.0186	1076.448	1147.189	1234.445	1319.904	1381.44
320.8	0	0	0	0	2.882401	56.57374	301.5037	519.4457	657.2818	741.4213	818.2255	899.968	978.7128	1077.192	1146.236	1235.795	1318.294	1381.818
320.9	0	0	0	0	2.882401	56.50492	301.6614	519.7122	656.9853	741.4213	820.3644	899.5815	978.0186	1075.852	1146.078	1235.289	1316.506	1379.741
321	0	0	0	0	2.882401	56.64257	301.1884	518.7351	657.5782	741.8566	820.7209	899.8392	978.7128	1076.745	1145.125	1234.614	1317.221	1379.929
321.1	0	0	0	0	2.882401	56.64257	301.1884	518.0245	656.4912	743.1625	820.2455	899.0662	979.1292	1076.448	1145.284	1234.951	1318.115	1378.608
321.2	0	0	0	0	2.941225	56.91787	300.952	518.2021	656.2935	743.1625	820.3644	900.0968	979.2681	1076.001	1144.966	1234.445	1317.042	1379.929
321.3	0	0	0	0	2.882401	56.78022	301.1884	517.6692	656.2935	742.6184	820.4832	899.7103	979.5457	1075.555	1145.919	1233.601	1319.188	1379.552
321.4	0	0	0	0	2.882401	56.91787	300.4002	518.5574	655.6017	742.1831	820.9585	899.7103	978.9904	1074.662	1144.807	1236.302	1318.831	1380.307
321.5	0	0	0	0	2.882401	56.84904	300.4002	518.0245	656.0959	742.4008	821.7903	898.9374	979.6845	1075.852	1145.442	1236.64	1318.473	1380.685
321.6	0	0	0	0	2.823576	57.05552	300.6367	516.7809	655.2065	741.5302	821.315	898.9374	979.2681	1075.555	1144.013	1238.159	1319.367	1382.573
321.7	0	0	0	0	2.823576	57.05552	300.5578	516.6033	655.3053	741.2037	820.8397	897.9068	979.2681	1075.703	1143.06	1235.964	1319.01	1382.007
321.8	0	0	0	0	2.764752	57.05552	300.3214	516.8698	655.4041	741.9655	820.3644	897.005	979.6845	1077.043	1143.06	1234.445	1318.115	1380.496
321.9	0	0	0	0	2.764752	57.12434	300.6367	517.2251	655.7006	741.7478	819.8891	896.6185	979.6845	1075.852	1142.742	1234.445	1317.758	1379.741
322	0	0	0	0	2.764752	57.05552	300.2426	517.5804	656.6888	741.4213	821.0773	895.7168	979.5457	1076.15	1143.06	1234.107	1317.221	1378.797
322.1	0	0	0	0	2.705927	56.98669	300.0849	518.0245	656.7877	741.2037	821.6714	895.3303	979.9622	1077.192	1142.901	1232.925	1317.221	1380.118
322.2	0	0	0	0	2.647103	56.98669	299.5331	517.7581	657.9736	740.6596	821.4338	895.0727	979.9622	1077.638	1142.266	1232.081	1317.937	1380.685
322.3	0	0	0	0	2.647103	56.91787	299.6119	518.2021	658.0724	740.3331	821.6714	893.9133	980.5175	1076.894	1142.742	1231.406	1319.367	1379.741
322.4	0	0	0	0	2.705927	56.78022	299.8484	517.9357	658.1712	740.6596	821.7903	894.0421	979.6845	1077.638	1142.266	1232.757	1319.546	1380.874
322.5	0	0	0	0	2.705927	56.71139	299.4543	518.4686	657.5782	741.0949	823.0974	894.4285	978.9904	1077.043	1141.948	1230.731	1318.473	1380.496
322.6	0	0	0	0	2.705927	56.71139	299.3755	518.4686	658.27	741.2037	824.048	894.0421	977.4633	1076.894	1139.883	1229.718	1319.367	1380.496
322.7	0	0	0	0	2.705927	56.64257	299.3755	517.8469	658.27	741.8566	823.9291	894.1709	977.0469	1076.596	1139.248	1228.705	1318.294	1380.307
322.8	0	0	0	0	2.647103	56.78022	299.2967	518.0245	657.7759	741.639	822.3844	893.5268	976.4916	1076.745	1137.66	1228.198	1317.221	1379.552
322.9	0	0	0	0	2.647103	56.78022	299.3755	517.8469	657.6771	740.1155	822.6221	894.815	977.4633	1075.555	1136.23	1227.861	1317.042	1379.741
323	0	0	0	0	2.647103	56.78022	299.5331	517.4028	657.4794	740.2243	821.1962	894.5574	977.6022	1074.513	1137.342	1228.367	1315.969	1378.985
323.1	0	0	0	0	2.647103	56.98669	299.4543	516.7809	657.4794	740.2243	820.8397	893.7844	976.4916	1074.364	1137.025	1226.172	1314.897	1379.174
323.2	0	0	0	0	2.647103	56.91787	299.4543	516.5145	657.3806	740.442	821.315	894.815	977.0469	1074.215	1136.707	1226.341	1314.718	1379.174
323.3	0	0	0	0	2.588278	57.12434	298.666	517.3139	658.7642	739.6802	821.0773	895.588	976.7692	1074.066	1137.342	1227.016	1313.645	1378.419
323.4	0	0	0	0	2.588278	57.05552	298.9025	516.8698	658.5665	739.5714	821.1962	895.0727	977.741	1071.983	1137.342	1228.536	1314.718	1376.908
323.5	0	0	0	0	2.529454	56.98669	299.2178	517.1363	658.863	740.0067	820.9585	895.4592	976.7692	1071.983	1137.978	1228.029	1314.002	1377.097
323.6	0	0	0	0	2.529454	57.12434	299.3755	517.2251	659.0606	740.3331	820.8397	895.3303	976.7692	1072.578	1138.295	1228.536	1314.897	1376.342
323.7	0	0	0	0	2.529454	57.05552	299.3755	516.8698	659.2583	740.442	819.0573	895.9744	977.6022	1073.471	1138.136	1227.354	1313.645	1375.587
323.8	0	0	0	0	2.529454	57.12434	299.2967	517.0474	657.8748	740.2243	817.8691	895.9744	978.0186	1071.983	1137.66	1228.029	1313.645	1375.209
323.9	0	0	0	0	2.529454	57.05552	298.9025	517.3139	657.5782	740.6596	817.7502	896.3609	977.8798	1072.132	1137.183	1228.029	1314.539	1376.153
324	0	0	0	0	2.529454	57.19316	298.9025	517.4916	657.7759	741.0949	817.5126	897.3915	977.3245	1072.132	1137.66	1228.705	1315.075	1375.964
324.1	0	0	0	0	2.529454	57.26199	299.5331	517.7581	657.8748	740.3331	818.4632	897.6492	977.4633	1072.876	1135.913	1227.185	1315.612	1375.587
324.2	0	0	0	0	2.588278	57.39964	299.5331	516.7809	657.5782	739.789	817.8691	897.5203	978.5739	1071.388	1136.23	1227.523	1315.791	1375.587
324.3	0	0	0	0	2.588278	57.39964	299.2967	516.3369	656.3924	739.5714	817.9879	897.5203	979.6845	1070.941	1136.072	1228.029	1314.897	1375.02
324.4	0	0	0	0	2.588278	57.33081	298.9025	516.3369	657.3806	739.3537	816.562	897.1339	979.2681	1070.048	1135.119	1228.536	1314.181	1374.265
324.5	0	0	0	0	2.588278	57.26199	298.5872	516.9586	656.59	739.4625	815.7302	895.7168	979.4069	1069.304	1134.007	1227.185	1312.93	1374.454
324.6	0	0	0	0	2.588278	57.33081	298.7449	516.6033	655.6017	739.5714	815.3738	894.6862	977.4633	1067.518	1133.372	1226.848	1312.393	1374.454
324.7	0	0	0	0	2.647103	57.46846	298.8237	516.4257	654.6135	737.6125	814.3043	895.0727	977.741	1067.072	1131.625	1227.692	1313.108	1375.775
324.8	0	0	0	0	2.647103	57.53728	298.5084	515.9816	654.6135	737.6125	814.8984	894.1709	976.908	1069.006	1131.307	1227.354	1311.678	1375.587
324.9	0	0	0	0	2.647103	57.67493	298.666	516.248	654.3171	738.4831	815.1361	893.3979	978.0186	1069.155	1130.989	1227.692	1312.035	1373.321
325	0	0	0	0	2.647103	57.67493	298.0355	516.3369	654.5147	738.9184	814.1855	892.8826	977.6022	1068.411	1130.195	1226.172	1313.466	1371.244
325.1	0	0	0	0	2.647103	57.88141	298.5084	516.5145	654.7123	738.8096	814.4232	892.625	977.8798	1068.411	1129.083	1226.172	1313.466	1372.943
325.2	0	0	0	0	2.647103	57.67493	298.5872	517.4028	653.1312	738.2654	812.6408	892.625	976.6304	1067.965	1130.036	1225.666	1313.824	1372.188
325.3	0	0	0	0	2.647103	57.74376	298.666	516.5145	654.4159	738.2654	812.9973	892.2385	976.2139	1068.114	1128.766	1226.004	1313.645	1371.244
325.4	0	0	0	0	2.647103	57.81258	298.4296	516.248	654.6135	738.3743	813.1161	891.8521	976.2139	1067.221	1127.654	1227.185	1313.108	1371.999
325.5	0	0	0	0	2.647103	57.81258	298.5084	516.0704	654.1194	738.5919	813.4725	892.3674	976.2139	1067.369	1127.336	1228.029	1314.002	1371.244
325.6	0	0	0	0	2.647103	57.95023	298.5872	515.0933	655.1077	738.2654	813.5914	892.1097	975.1033	1067.667	1126.701	1226.341	1314.181	1371.055
325.7	0	0	0	0	2.647103	58.08788	298.7449	515.6263	654.4159	738.0478	812.6408	893.2691	975.7974	1066.774	1127.177	1227.354	1314.36	1370.677
325.8	0	0	0	0	2.647103	58.08788	298.0355	515.5374	655.3053	737.6125	811.809	894.4285	976.3527	1066.923	1127.336	1227.354	1316.148	1370.111
325.9	0	0	0	0	2.647103	58.22553	298.1143	516.0704	654.8112	737.939	811.9279	894.4285	976.0751	1067.518	1127.336	1227.692	1314.897	1369.922
326	0	0	0	0	2.647103	58.01906	298.3507	515.3598	654.4159	738.5919	811.5714	894.1709	975.6586	1066.923	1126.542	1228.536	1314.718	1370.299
326.1	0	0	0	0	2.588278	57.88141	298.5872	515.6263	655.0089	738.1566	811.5714	893.2691	974.8257	1067.667	1126.383	1229.38	1315.075	1370.866
326.2	0	0	0	0	2.588278	57.67493	298.2719	515.0933	654.7123	738.1566	811.0961	893.0115	975.6586	1067.369	1125.748	1229.718	1315.969	1371.055
326.3	0	0	0	0	2.588278	57.53728	298.0355	515.1821	654.8112	738.5919	811.2149	892.7538	974.8257	1068.411	1126.542	1228.198	1317.042	1370.299
326.4	0	0	0	0	2.588278	57.67493	297.5625	515.7151	655.2065	738.8096	811.2149	893.0115	974.8257	1068.858	1125.113	1228.029	1317.937	1369.355
326.5	0	0	0	0	2.588278	57.67493	297.6413	516.248	655.6017	739.3537	811.4526	893.1403	975.381	1068.709	1126.225	1228.705	1316.327	1369.355
326.6	0	0	0	0	2.647103	57.53728	297.2472	515.5374	655.0089	739.0272	812.8784	893.3979	975.5198	1068.262	1126.542	1228.536	1317.221	1371.055
326.7	0	0	0	0	2.647103	57.46846	296.9319	515.4486	655.0089	738.4831	813.1161	893.0115	974.4092	1067.221	1126.542	1228.029	1317.4	1371.621
326.8	0	0	0	0	2.647103	57.19316	296.9319	515.0045	654.7123	737.8301	813.7102	892.4962	973.4374	1067.667	1127.177	1227.185	1316.327	1371.055
326.9	0	0	0	0	2.647103	57.12434	296.7743	514.9156	655.3053	736.1978	812.0467	891.3367	972.8821	1067.667	1127.336	1227.185	1317.579	1370.299
327	0	0	0	0	2.647103	57.19316	296.9319	515.7151	654.7123	736.0889	812.522	890.8215	972.7433	1067.369	1127.813	1227.861	1317.4	1368.6
327.1	0	0	0	0	2.647103	57.26199	297.2472	515.2709	654.5147	736.4154	811.9279	891.8521	973.1598	1065.881	1128.289	1228.029	1317.042	1368.789
327.2	0	0	0	0	2.647103	57.26199	297.0896	515.6263	654.1194	736.0889	811.9279	892.4962	972.7433	1065.435	1127.177	1229.042	1317.042	1368.222
327.3	0	0	0	0	2.647103	57.19316	297.2472	515.5374	654.1194	735.1096	810.8584	891.8521	971.7715	1066.03	1128.289	1229.211	1315.791	1366.901
327.4	0	0	0	0	2.647103	57.19316	297.0107	515.4486	654.6135	734.0213	810.502	892.625	971.7715	1066.625	1128.766	1229.38	1315.433	1366.523
327.5	0	0	0	0	2.705927	57.39964	296.9319	515.2709	653.5264	733.9125	810.8584	893.1403	972.188	1066.179	1130.036	1230.899	1315.433	1368.034
327.6	0	0	0	0	2.705927	57.33081	297.2472	515.1821	653.9218	734.239	810.0267	892.1097	972.188	1067.816	1129.083	1231.744	1314.539	1369.167
327.7	0	0	0	0	2.705927	57.19316	297.7202	515.2709	653.6253	733.3683	810.502	891.8521	972.3268	1066.923	1130.195	1231.237	1313.466	1369.167
327.8	0	0	0	0	2.529454	57.12434	298.2719	514.5604	654.3171	733.3683	811.6902	890.9503	973.2986	1067.072	1130.195	1231.744	1313.287	1366.712
327.9	0	0	0	0	2.588278	57.12434	297.9566	514.0274	653.1312	733.1507	811.4526	891.3367	973.9927	1067.369	1130.672	1232.081	1313.287	1368.034
328	0	0	0	0	2.588278	57.12434	297.7202	513.4944	653.0323	733.4772	811.3337	891.0791	972.4656	1066.923	1129.242	1230.899	1310.784	1368.6
328.1	0	0	0	0	2.588278	57.33081	297.8778	512.5174	652.3406	733.586	811.3337	892.2385	972.8821	1066.774	1129.242	1230.562	1312.035	1368.978
328.2	0	0	0	0	2.588278	57.33081	298.1143	512.3397	652.637	731.9536	811.4526	893.3979	970.5221	1066.774	1130.195	1230.055	1312.93	1368.978
328.3	0	0	0	0	2.588278	57.12434	297.8778	513.1392	653.0323	731.5183	811.6902	893.7844	970.2444	1065.435	1130.036	1230.224	1313.287	1368.978
328.4	0	0	0	0	2.529454	57.05552	297.5625	513.3168	651.9453	730.6477	812.1655	892.7538	969.2727	1064.988	1129.878	1229.886	1313.824	1369.167
328.5	0	0	0	0	2.529454	56.98669	296.6166	513.4944	652.1429	730.5389	812.2843	891.5944	968.1621	1064.691	1129.719	1229.211	1312.93	1369.544
328.6	0	0	0	0	2.529454	56.91787	296.5378	512.4286	652.637	730.2124	810.9772	891.3367	967.6068	1064.393	1130.672	1229.211	1312.93	1369.167
328.7	0	0	0	0	2.529454	56.91787	296.1437	511.718	652.4394	730.1036	812.8784	891.3367	966.2186	1064.393	1131.148	1228.536	1313.645	1369.544
328.8	0	0	0	0	2.529454	56.64257	295.6707	512.0733	652.4394	729.6683	811.9279	890.5638	966.2186	1064.542	1131.466	1227.861	1312.393	1368.6
328.9	0	0	0	0	2.529454	56.78022	295.6707	511.718	653.0323	729.6683	812.522	891.0791	966.9127	1063.798	1131.942	1224.822	1314.36	1369.167
329	0	0	0	0	2.529454	56.91787	295.4342	512.4286	653.6253	729.886	812.2843	889.7908	966.3574	1063.202	1132.26	1226.004	1315.612	1367.089
329.1	0	0	0	0	2.529454	56.91787	295.5131	512.0733	652.4394	729.4507	812.4031	888.3738	967.468	1063.351	1132.895	1224.484	1317.042	1366.901
329.2	0	0	0	0	2.529454	56.91787	295.5131	512.1621	652.1429	729.9948	812.4031	888.1161	967.7456	1063.053	1132.895	1224.991	1317.579	1365.768
329.3	0	0	0	0	2.529454	56.91787	295.986	511.9844	652.2418	729.7772	812.0467	888.5026	968.8562	1062.905	1132.736	1222.796	1317.4	1368.034
329.4	0	0	0	0	2.588278	57.33081	295.9072	511.6292	652.0441	728.7977	813.2349	888.5026	968.5786	1062.161	1132.736	1221.783	1316.864	1366.145
329.5	0	0	0	0	2.588278	57.19316	296.3013	510.7409	651.1547	728.9066	811.9279	888.3738	967.7456	1062.458	1132.578	1221.783	1317.042	1367.089
329.6	0	0	0	0	2.647103	57.19316	296.9319	510.8297	651.2535	728.5801	811.6902	889.1467	966.2186	1060.97	1134.007	1221.445	1318.652	1367.089
329.7	0	0	0	0	2.647103	57.26199	296.7743	510.3856	650.957	728.3624	812.1655	889.7908	966.2186	1061.268	1134.166	1221.445	1316.685	1366.523
329.8	0	0	0	0	2.647103	57.46846	296.3013	509.5862	652.2418	728.0359	812.0467	890.9503	966.4962	1061.863	1136.389	1221.108	1315.969	1366.145
329.9	0	0	0	0	2.588278	57.33081	295.9072	509.7638	652.9335	728.6889	812.4031	890.5638	966.4962	1062.458	1135.754	1220.939	1314.718	1366.145
330	0	0	0	0	2.588278	57.39964	295.7495	509.5862	653.6253	730.2124	811.809	890.435	966.7739	1061.268	1136.548	1220.264	1313.287	1366.523
330.1	0	0	0	0	2.588278	57.19316	296.2225	509.2309	653.3288	730.6477	812.0467	890.6926	966.2186	1062.309	1136.23	1219.757	1312.572	1367.089
330.2	0	0	0	0	2.529454	57.26199	296.459	508.6091	653.0323	730.2124	812.2843	890.8215	966.4962	1062.309	1135.754	1220.432	1312.572	1368.789
330.3	0	0	0	0	2.529454	57.26199	296.5378	508.5203	652.8347	729.6683	811.5714	889.662	966.635	1063.351	1136.866	1222.796	1312.035	1368.978
330.4	0	0	0	0	2.470629	57.46846	296.9319	508.4315	652.5382	729.5595	812.0467	889.4044	967.3292	1063.798	1135.754	1223.134	1312.035	1369.355
330.5	0	0	0	0	2.470629	57.33081	296.6954	507.8985	652.1429	729.0154	812.1655	889.7908	967.0515	1063.946	1134.96	1223.978	1311.499	1368.6
330.6	0	0	0	0	2.470629	57.53728	296.459	508.0762	651.6488	728.6889	812.6408	890.5638	966.7739	1064.839	1134.801	1222.289	1311.678	1369.167
330.7	0	0	0	0	2.470629	57.33081	296.2225	507.8097	651.2535	728.9066	812.522	891.7232	967.1903	1063.798	1135.278	1221.108	1311.857	1371.055
330.8	0	0	0	0	2.411805	57.39964	296.0648	508.165	651.6488	728.5801	813.829	892.3674	967.3292	1064.095	1134.166	1220.939	1312.393	1370.866
330.9	0	0	0	0	2.411805	57.53728	296.459	506.9214	652.3406	728.7977	814.4232	892.2385	967.0515	1063.798	1134.325	1219.926	1312.751	1368.411
331	0	0	0	0	2.411805	57.88141	296.7743	507.632	652.0441	728.6889	814.4232	894.0421	966.2186	1062.309	1133.531	1219.757	1311.141	1368.222
331.1	0	0	0	0	2.411805	57.88141	297.326	507.7209	653.3288	729.233	814.1855	892.1097	967.1903	1062.607	1132.736	1219.251	1310.784	1368.034
331.2	0	0	0	0	2.411805	58.01906	296.3801	507.8985	652.5382	728.7977	814.0667	891.4656	966.635	1062.309	1133.054	1218.406	1310.426	1368.411
331.3	0	0	0	0	2.411805	58.01906	296.8531	507.8985	652.3406	728.3624	814.1855	891.5944	966.2186	1061.268	1132.895	1218.238	1310.247	1368.789
331.4	0	0	0	0	2.411805	57.95023	296.8531	508.6979	651.8464	728.2536	814.7797	891.3367	965.108	1059.333	1133.372	1218.913	1309.353	1367.278
331.5	0	0	0	0	2.411805	57.88141	296.5378	507.8985	652.0441	727.4918	815.1361	892.1097	965.108	1059.482	1132.578	1219.251	1309.353	1367.467
331.6	0	0	0	0	2.411805	57.67493	296.6166	507.7209	651.4511	727.6006	815.8491	890.6926	964.9691	1057.845	1131.942	1219.082	1309.532	1368.411
331.7	0	0	0	0	2.411805	57.53728	297.0896	509.1421	650.6605	726.73	815.6114	891.0791	965.108	1057.696	1131.625	1220.095	1309.711	1367.278
331.8	0	0	0	0	2.411805	57.53728	297.6413	509.0533	650.5617	726.8389	814.3043	891.7232	964.9691	1057.845	1131.942	1219.082	1308.28	1367.278
331.9	0	0	0	0	2.411805	57.60611	297.6413	509.3197	650.0676	726.73	814.3043	892.4962	964.9691	1058.142	1133.213	1218.406	1307.386	1367.089
332	0	0	0	0	2.411805	57.81258	297.5625	509.9415	650.1664	726.8389	814.4232	891.4656	964.275	1056.952	1133.213	1217.731	1307.028	1368.222
332.1	0	0	0	0	2.411805	57.95023	298.0355	510.1191	650.1664	728.0359	813.5914	890.8215	964.9691	1056.952	1133.054	1217.394	1307.922	1368.222
332.2	0	0	0	0	2.411805	57.88141	297.6413	510.7409	650.7593	728.4713	813.5914	889.9197	964.1362	1055.91	1132.419	1216.381	1307.744	1368.034
332.3	0	0	0	0	2.411805	57.81258	297.1684	511.0962	651.55	729.5595	814.4232	890.3062	963.8585	1054.273	1131.148	1217.394	1306.849	1368.222
332.4	0	0	0	0	2.411805	57.88141	296.1437	510.8297	651.6488	728.5801	813.9479	890.8215	963.9974	1054.868	1131.307	1218.069	1307.207	1369.922
332.5	0	0	0	0	2.411805	58.15671	296.2225	510.9185	651.7476	728.7977	814.6608	892.2385	963.8585	1055.463	1129.56	1218.406	1306.313	1368.789
332.6	0	0	0	0	2.470629	58.15671	295.986	510.8297	652.4394	728.2536	815.0173	892.3674	964.4138	1055.315	1130.513	1219.419	1304.882	1368.6
332.7	0	0	0	0	2.470629	57.81258	296.1437	511.185	652.3406	727.9271	814.4232	892.8826	964.5527	1056.803	1131.625	1219.588	1307.028	1368.789
332.8	0	0	0	0	2.470629	57.60611	295.9072	510.8297	651.7476	727.1653	813.3538	891.8521	964.5527	1057.398	1130.195	1220.601	1307.565	1369.544
332.9	0	0	0	0	2.529454	57.33081	295.5919	510.1191	651.55	726.5124	813.4725	891.9809	964.275	1057.696	1129.083	1219.419	1309.174	1368.034
333	0	0	0	0	2.529454	57.53728	295.0401	509.8527	650.8582	726.2947	814.3043	892.2385	965.5244	1057.993	1129.242	1216.381	1309.174	1367.089
333.1	0	0	0	0	2.470629	57.60611	294.5672	509.2309	650.4629	726.2947	814.4232	891.8521	965.6633	1057.547	1128.448	1216.887	1309.532	1364.257
333.2	0	0	0	0	2.411805	57.53728	294.4095	509.5862	650.957	725.7506	815.3738	889.2756	965.8021	1056.654	1130.036	1217.562	1308.101	1363.124
333.3	0	0	0	0	2.411805	57.46846	294.3307	509.0533	651.2535	725.8594	815.3738	889.7908	965.6633	1055.91	1128.925	1217.731	1307.565	1363.124
333.4	0	0	0	0	2.411805	57.46846	293.7789	508.7868	651.0558	725.8594	815.6114	889.2756	965.9409	1056.208	1128.13	1218.406	1308.101	1363.313
333.5	0	0	0	0	2.411805	57.53728	293.8578	508.3427	650.4629	725.533	815.3738	889.4044	964.9691	1057.398	1127.813	1218.406	1308.101	1363.313
333.6	0	0	0	0	2.411805	57.81258	293.4636	507.8985	650.6605	726.0771	815.4926	890.1773	963.9974	1057.696	1126.542	1217.225	1308.995	1361.236
333.7	0	0	0	0	2.411805	57.67493	292.9119	507.8985	650.4629	726.5124	815.1361	889.7908	962.6091	1058.291	1126.383	1217.394	1308.638	1361.802
333.8	0	0	0	0	2.411805	57.81258	292.9119	507.632	650.0676	725.9683	814.6608	890.9503	962.4703	1057.696	1124.795	1217.9	1308.28	1362.369
333.9	0	0	0	0	2.411805	57.81258	292.9907	508.7868	650.2653	726.2947	815.7302	891.4656	962.7479	1057.696	1125.43	1217.225	1308.101	1361.614
334	0	0	0	0	2.411805	57.74376	293.0695	508.6091	649.8699	726.4036	815.0173	890.5638	963.5809	1058.886	1126.701	1218.913	1310.068	1361.047
334.1	0	0	0	0	2.411805	57.60611	292.9119	508.6979	650.2653	726.73	815.6114	890.3062	962.8868	1059.035	1126.542	1219.588	1310.605	1359.914
334.2	0	0	0	0	2.411805	57.46846	292.833	508.6979	650.3641	726.8389	815.0173	889.9197	962.0538	1058.886	1126.86	1217.562	1310.426	1361.614
334.3	0	0	0	0	2.411805	57.46846	292.5177	508.2538	651.3523	726.2947	814.6608	889.5332	961.915	1058.142	1127.495	1217.394	1309.532	1363.879
334.4	0	0	0	0	2.35298	57.33081	292.7542	508.8756	651.9453	726.6212	815.8491	890.1773	962.6091	1057.249	1124.954	1218.238	1308.995	1364.635
334.5	0	0	0	0	2.35298	57.33081	293.0695	509.7638	652.3406	726.1859	816.4432	891.2079	962.8868	1057.249	1124.001	1218.913	1309.532	1364.068
334.6	0	0	0	0	2.35298	57.33081	293.5424	510.8297	651.2535	726.5124	815.9679	891.9809	961.7762	1057.1	1124.954	1217.9	1308.28	1363.124
334.7	0	0	0	0	2.35298	57.39964	293.3848	511.3627	651.2535	726.0771	815.7302	891.8521	960.9432	1057.1	1125.272	1217.9	1307.744	1363.879
334.8	0	0	0	0	2.35298	57.19316	293.7001	511.3627	650.957	727.0565	816.0867	891.4656	962.6091	1057.696	1124.636	1218.069	1308.101	1362.558
334.9	0	0	0	0	2.294156	57.26199	292.9907	511.2739	651.1547	726.4036	817.0373	891.8521	961.082	1057.696	1123.683	1218.406	1308.638	1360.481
335	0	0	0	0	2.294156	56.98669	293.0695	512.2509	650.0676	726.73	815.6114	890.9503	961.082	1056.654	1123.525	1217.731	1306.849	1360.669
335.1	0	0	0	0	2.294156	57.05552	292.2813	512.9615	650.4629	726.2947	815.7302	890.0485	961.4985	1056.208	1121.936	1218.238	1306.492	1359.536
335.2	0	0	0	0	2.294156	57.05552	292.0448	513.9386	649.4747	726.1859	815.1361	889.662	961.915	1056.208	1122.413	1218.575	1305.776	1357.648
335.3	0	0	0	0	2.294156	56.84904	291.5718	513.8498	649.4747	725.7506	814.3043	890.0485	962.1926	1056.654	1123.525	1217.562	1305.598	1356.515
335.4	0	0	0	0	2.35298	56.78022	292.0448	513.5833	649.1782	725.8594	812.7596	890.9503	964.1362	1056.803	1123.525	1217.394	1307.565	1355.005
335.5	0	0	0	0	2.35298	56.98669	292.4389	513.3168	649.277	726.1859	812.522	890.6926	964.8303	1056.208	1124.001	1218.238	1306.492	1356.893
335.6	0	0	0	0	2.35298	56.98669	292.5177	514.0274	649.277	725.9683	812.0467	890.435	965.6633	1056.059	1124.001	1216.887	1307.028	1355.949
335.7	0	0	0	0	2.294156	56.91787	292.5966	514.1162	648.4864	726.4036	812.522	890.3062	965.3856	1057.993	1124.001	1215.874	1307.028	1355.76
335.8	0	0	0	0	2.294156	56.91787	292.4389	514.0274	647.7946	727.383	812.4031	888.6314	966.635	1058.142	1123.048	1216.212	1306.492	1355.382
335.9	0	0	0	0	2.35298	57.05552	291.8083	513.5833	647.597	727.4918	812.0467	888.3738	966.635	1058.291	1124.16	1215.705	1306.313	1356.704
336	0	0	0	0	2.35298	56.91787	291.2566	513.4056	647.9923	727.7095	813.2349	889.0179	967.6068	1056.952	1123.842	1216.043	1307.922	1356.138
336.1	0	0	0	0	2.35298	56.98669	290.8624	513.6721	647.7946	727.1653	813.829	889.9197	966.9127	1057.249	1123.207	1215.368	1307.922	1357.648
336.2	0	0	0	0	2.35298	57.05552	290.3106	513.4056	647.4982	727.4918	813.1161	890.9503	966.2186	1057.398	1122.73	1213.679	1306.313	1356.704
336.3	0	0	0	0	2.35298	57.12434	291.3354	512.5174	647.6958	727.383	812.2843	892.2385	964.5527	1055.91	1123.048	1214.523	1305.955	1355.005
336.4	0	0	0	0	2.35298	57.12434	291.1777	512.5174	646.5099	726.9477	812.6408	891.2079	965.108	1056.208	1123.207	1214.861	1306.492	1355.193
336.5	0	0	0	0	2.35298	56.98669	290.4683	512.8727	646.4111	726.9477	812.2843	891.2079	965.2468	1055.761	1123.366	1216.212	1306.134	1355.193
336.6	0	0	0	0	2.35298	56.98669	290.2318	512.6951	646.5099	727.8183	810.502	892.1097	966.2186	1055.612	1124.954	1215.368	1305.598	1355.949
336.7	0	0	0	0	2.294156	57.05552	289.2071	512.6062	646.9052	727.6006	810.3831	891.9809	965.9409	1056.059	1125.272	1216.549	1305.598	1355.382
336.8	0	0	0	0	2.294156	56.91787	288.8918	512.1621	646.9052	726.73	810.1455	891.7232	964.5527	1056.654	1124.16	1215.536	1306.313	1355.193
336.9	0	0	0	0	2.294156	56.98669	288.7342	512.4286	646.8064	726.1859	809.6702	892.1097	966.0797	1057.547	1123.525	1214.523	1305.24	1357.459
337	0	0	0	0	2.294156	57.19316	289.0495	512.9615	647.1028	727.0565	809.4326	893.5268	964.8303	1058.291	1122.73	1213.51	1305.419	1359.159
337.1	0	0	0	0	2.294156	57.26199	289.3647	513.0504	647.2017	726.73	808.6008	894.5574	964.1362	1056.208	1123.683	1213.173	1306.849	1359.536
337.2	0	0	0	0	2.294156	57.33081	289.3647	512.9615	647.004	726.8389	808.1255	894.9438	964.4138	1056.059	1123.207	1214.186	1304.704	1358.781
337.3	0	0	0	0	2.294156	57.39964	289.7589	512.2509	646.8064	726.1859	808.0067	894.9438	963.3032	1056.505	1123.207	1214.692	1304.167	1357.837
337.4	0	0	0	0	2.35298	57.33081	289.6801	511.9844	647.7946	725.4241	808.1255	894.0421	962.8868	1057.547	1122.413	1213.848	1303.809	1357.082
337.5	0	0	0	0	2.35298	57.33081	289.4436	511.3627	647.3005	725.0977	807.056	895.2015	961.4985	1057.993	1123.683	1213.342	1304.167	1355.76
337.6	0	0	0	0	2.35298	57.12434	289.8377	511.185	647.3994	724.6624	807.5313	893.6556	961.6373	1058.886	1122.572	1214.355	1303.631	1354.627
337.7	0	0	0	0	2.35298	57.12434	290.4683	511.185	647.3994	723.4653	807.4125	893.1403	961.082	1058.589	1122.254	1214.692	1303.988	1355.949
337.8	0	0	0	0	2.35298	57.19316	290.4683	510.8297	647.2017	724.2271	806.5807	891.8521	962.6091	1058.291	1122.73	1214.861	1302.2	1356.326
337.9	0	0	0	0	2.35298	57.19316	290.9413	510.7409	647.9923	725.0977	806.5807	891.4656	963.0256	1058.44	1123.048	1214.186	1302.2	1356.138
338	0	0	0	0	2.35298	57.19316	290.8624	511.2739	648.7829	726.5124	805.3925	890.9503	964.275	1056.356	1121.619	1214.186	1302.021	1355.571
338.1	0	0	0	0	2.35298	57.53728	291.0201	510.4744	648.0911	726.1859	804.9172	891.7232	965.2468	1054.422	1121.46	1213.848	1301.127	1355.005
338.2	0	0	0	0	2.35298	57.67493	290.8624	510.2968	647.7946	726.2947	804.4419	891.0791	965.2468	1054.868	1121.46	1214.861	1300.769	1352.928
338.3	0	0	0	0	2.35298	57.53728	290.7048	510.2968	647.004	727.4918	804.5607	890.1773	965.3856	1054.868	1120.983	1213.679	1301.306	1353.683
338.4	0	0	0	0	2.294156	57.74376	290.2318	510.1191	646.8064	727.2742	804.4419	890.0485	964.6915	1054.719	1121.301	1216.043	1303.273	1355.193
338.5	0	0	0	0	2.35298	57.67493	290.3895	510.2079	646.3123	727.4918	806.1055	889.4044	964.8303	1054.124	1121.46	1214.355	1303.631	1353.683
338.6	0	0	0	0	2.35298	57.67493	290.6259	510.1191	646.3123	727.0565	806.2242	888.5026	965.9409	1053.677	1120.825	1213.342	1303.988	1353.683
338.7	0	0	0	0	2.35298	57.60611	290.3106	509.675	647.1028	727.2742	806.4619	887.472	964.9691	1055.315	1121.936	1211.991	1303.988	1352.55
338.8	0	0	0	0	2.35298	57.74376	289.9165	509.7638	647.1028	727.2742	806.5807	886.4414	964.9691	1055.91	1122.73	1211.485	1302.558	1353.305
338.9	0	0	0	0	2.35298	57.53728	289.8377	509.4085	646.4111	725.8594	806.5807	886.0549	964.5527	1056.059	1122.254	1211.316	1302.2	1352.739
339	0	0	0	0	2.35298	57.74376	289.5224	508.7868	646.6088	726.1859	807.056	884.8955	965.2468	1056.059	1122.572	1210.641	1302.2	1351.983
339.1	0	0	0	0	2.35298	57.81258	289.4436	509.0533	645.5217	726.1859	806.9372	884.1226	964.1362	1056.505	1123.048	1210.472	1300.769	1351.228
339.2	0	0	0	0	2.35298	57.74376	289.2071	509.4974	645.4229	726.1859	806.6996	883.7361	964.8303	1056.208	1123.842	1212.666	1299.518	1351.795
339.3	0	0	0	0	2.35298	57.60611	288.8918	510.0303	645.2252	725.0977	808.2443	882.8344	964.9691	1055.463	1124.795	1213.004	1299.697	1350.85
339.4	0	0	0	0	2.294156	57.67493	288.1824	510.7409	645.1263	724.7712	807.8878	882.9631	965.108	1055.91	1125.748	1211.822	1299.697	1352.928
339.5	0	0	0	0	2.294156	57.74376	288.5765	511.3627	645.324	725.0977	808.0067	882.7055	964.9691	1053.975	1126.225	1210.978	1298.445	1352.55
339.6	0	0	0	0	2.294156	57.33081	288.813	512.3397	644.6323	726.0771	807.5313	882.5767	963.8585	1053.231	1124.954	1210.809	1298.624	1354.249
339.7	0	0	0	0	2.294156	57.60611	288.4977	511.2739	645.1263	726.8389	805.6301	884.1226	963.4421	1054.124	1125.589	1210.472	1298.624	1355.382
339.8	0	0	0	0	2.235331	57.39964	288.4189	510.2968	645.5217	727.383	804.2042	883.092	963.3032	1054.719	1124.954	1210.472	1297.729	1355.005
339.9	0	0	0	0	2.235331	57.53728	288.2612	510.6521	645.5217	727.383	803.7289	882.9631	962.3315	1054.124	1124.319	1208.615	1296.478	1355.382
340	0	0	0	0	2.294156	57.39964	288.1036	510.5633	644.6323	726.9477	803.1348	882.319	962.4703	1054.124	1123.842	1209.29	1295.405	1354.061
340.1	0	0	0	0	2.294156	57.60611	288.4189	510.6521	644.5334	726.1859	801.4713	881.8037	962.8868	1054.719	1123.842	1210.641	1293.795	1354.627
340.2	0	0	0	0	2.294156	57.53728	288.1036	510.6521	645.0275	726.5124	801.2336	881.0308	962.1926	1055.166	1124.319	1211.653	1293.974	1355.005
340.3	0	0	0	0	2.294156	57.60611	289.2071	510.4744	645.0275	725.8594	802.1843	881.2885	961.7762	1053.975	1122.889	1211.991	1291.471	1356.704
340.4	0	0	0	0	2.294156	57.60611	288.9706	510.0303	644.7311	725.7506	802.4219	880.5155	961.2209	1052.933	1122.413	1211.485	1291.292	1357.648
340.5	0	0	0	0	2.294156	57.53728	288.9706	509.675	645.0275	726.73	803.1348	882.0614	961.3597	1053.677	1122.889	1211.147	1290.755	1358.215
340.6	0	0	0	0	2.294156	57.39964	288.1824	509.4085	644.3358	725.9683	803.3725	882.4479	962.1926	1053.975	1123.207	1209.965	1291.113	1359.348
340.7	0	0	0	0	2.235331	57.39964	288.4977	509.5862	643.8417	726.8389	802.4219	883.6073	961.2209	1053.38	1122.095	1211.653	1290.934	1356.704
340.8	0	0	0	0	2.235331	57.33081	288.813	509.4974	643.4464	728.4713	802.4219	883.3496	959.6938	1055.315	1120.983	1211.991	1289.504	1356.704
340.9	0	0	0	0	2.294156	57.33081	289.1283	508.2538	643.9405	728.5801	802.303	883.2208	959.4161	1055.166	1120.507	1211.822	1290.04	1354.438
341	0	0	0	0	2.294156	57.19316	289.0495	507.7209	643.7429	728.6889	800.996	882.319	959.6938	1055.761	1120.189	1211.991	1291.649	1354.816
341.1	0	0	0	0	2.294156	57.05552	289.4436	507.9873	643.644	727.7095	800.996	880.6443	958.5832	1055.91	1120.507	1211.653	1291.649	1354.249
341.2	0	0	0	0	2.235331	57.33081	289.7589	508.5203	643.7429	727.383	800.7584	881.1596	958.5832	1054.719	1121.936	1211.822	1292.007	1353.872
341.3	0	0	0	0	2.235331	57.05552	289.2859	508.7868	644.2369	727.6006	801.5901	880.2579	958.1667	1054.868	1121.301	1211.316	1291.471	1354.438
341.4	0	0	0	0	2.235331	56.91787	289.2859	509.5862	644.2369	727.1653	802.0654	880.129	957.6115	1055.91	1120.825	1212.498	1290.934	1353.683
341.5	0	0	0	0	2.294156	57.19316	289.2071	509.4974	644.0393	727.383	802.6595	880.902	956.6396	1056.208	1120.03	1211.147	1289.682	1351.983
341.6	0	0	0	0	2.294156	57.19316	288.8918	509.3197	643.9405	727.0565	804.4419	880.5155	956.362	1056.952	1119.713	1211.485	1289.861	1352.361
341.7	0	0	0	0	2.294156	57.26199	289.0495	509.4085	643.4464	725.9683	804.5607	879.0984	957.3338	1055.91	1118.601	1211.485	1290.04	1353.494
341.8	0	0	0	0	2.294156	57.33081	289.9954	509.2309	642.4581	725.7506	804.3231	879.7426	957.0562	1055.166	1117.013	1211.822	1290.576	1352.361
341.9	0	0	0	0	2.235331	57.33081	289.9165	509.5862	642.9522	725.8594	804.4419	880.7731	957.4726	1054.422	1115.901	1212.16	1289.504	1352.928
342	0	0	0	0	2.176507	57.46846	290.3895	508.8756	643.9405	726.0771	804.7984	880.5155	957.3338	1052.636	1115.266	1210.472	1288.788	1351.983
342.1	0	0	0	0	2.176507	57.33081	290.3106	508.0762	643.4464	725.0977	805.036	879.3561	958.5832	1053.529	1115.583	1209.121	1289.861	1350.473
342.2	0	0	0	0	2.235331	57.33081	290.153	508.0762	642.1616	725.6418	804.7984	878.9696	958.5832	1052.487	1115.583	1209.796	1290.219	1350.095
342.3	0	0	0	0	2.235331	57.46846	290.7048	508.4315	642.4581	725.8594	804.4419	878.9696	958.0279	1052.338	1114.948	1208.783	1290.04	1351.228
342.4	0	0	0	0	2.235331	57.19316	290.9413	507.5432	643.0511	726.5124	803.9666	878.8408	958.722	1052.04	1115.901	1209.628	1291.471	1352.55
342.5	0	0	0	0	2.176507	57.19316	291.0989	507.632	643.2487	727.1653	803.9666	879.8714	958.3055	1051.892	1115.901	1208.952	1293.08	1352.361
342.6	0	0	0	0	2.176507	57.46846	291.6507	507.1879	642.7546	727.4918	803.2537	880.5155	956.6396	1050.701	1117.013	1209.628	1293.08	1353.494
342.7	0	0	0	0	2.176507	57.39964	291.6507	506.9214	642.9522	726.5124	803.6101	879.8714	955.9456	1051.594	1116.536	1210.134	1292.365	1355.193
342.8	0	0	0	0	2.176507	57.26199	292.0448	506.5662	642.7546	727.1653	803.1348	879.3561	956.7785	1051.445	1115.901	1209.628	1292.365	1357.271
342.9	0	0	0	0	2.176507	57.33081	291.966	506.9214	642.6558	726.6212	803.4913	879.4849	957.3338	1050.999	1114.63	1209.965	1292.544	1358.592
343	0	0	0	0	2.176507	57.26199	292.1236	506.4773	642.5569	726.1859	803.3725	880.3867	957.7502	1051.296	1113.201	1210.134	1292.007	1358.026
343.1	0	0	0	0	2.176507	56.84904	292.4389	506.7438	642.2604	726.4036	803.2537	881.1596	957.7502	1052.636	1111.613	1211.822	1291.471	1358.215
343.2	0	0	0	0	2.176507	56.91787	292.2025	506.7438	642.9522	726.2947	804.5607	880.2579	957.6115	1052.04	1111.454	1211.485	1291.292	1358.026
343.3	0	0	0	0	2.176507	57.26199	292.0448	506.3885	642.3593	725.7506	804.6796	879.3561	956.9173	1052.189	1112.248	1211.822	1290.576	1358.592
343.4	0	0	0	0	2.235331	57.12434	292.4389	506.9214	642.3593	725.0977	803.7289	878.9696	957.0562	1052.487	1110.66	1211.485	1292.901	1357.648
343.5	0	0	0	0	2.235331	57.26199	292.5177	507.0103	641.6675	724.3359	803.4913	879.2272	957.3338	1053.231	1111.771	1209.796	1293.795	1358.215
343.6	0	0	0	0	2.294156	57.12434	292.5177	506.7438	641.371	723.03	803.016	878.8408	958.3055	1053.38	1111.136	1209.121	1293.616	1357.271
343.7	0	0	0	0	2.294156	57.12434	292.7542	507.0991	641.2722	723.2477	802.7784	878.5831	957.6115	1053.38	1110.819	1209.121	1292.901	1357.648
343.8	0	0	0	0	2.294156	56.98669	292.5177	506.2997	640.3828	723.2477	803.6101	877.939	956.0844	1053.826	1111.136	1209.965	1294.153	1357.837
343.9	0	0	0	0	2.294156	56.84904	292.9119	506.0332	641.0746	723.683	802.7784	877.939	956.7785	1054.57	1110.024	1209.121	1293.08	1359.159
344	0	0	0	0	2.294156	56.98669	292.7542	505.7667	640.9758	722.9212	802.0654	877.0372	957.6115	1055.315	1109.707	1207.939	1293.795	1356.326
344.1	0	0	0	0	2.294156	57.12434	292.5177	505.8556	640.7781	722.7036	801.4713	877.1661	958.0279	1056.208	1109.707	1207.771	1291.471	1356.704
344.2	0	0	0	0	2.294156	56.98669	292.4389	504.7897	640.4816	722.8124	801.9466	877.0372	959.4161	1055.463	1109.389	1206.251	1292.544	1355.76
344.3	0	0	0	0	2.294156	57.05552	292.4389	504.5232	639.5922	722.1594	803.1348	877.8102	959.1385	1055.761	1108.436	1206.251	1292.722	1355.193
344.4	0	0	0	0	2.294156	56.91787	292.4389	504.7897	638.8016	722.9212	804.4419	877.939	958.4444	1057.249	1109.707	1205.407	1292.901	1354.627
344.5	0	0	0	0	2.294156	56.57374	292.5177	505.0562	638.9005	722.8124	803.2537	877.6813	958.8608	1056.356	1109.866	1204.732	1293.259	1355.949
344.6	0	0	0	0	2.235331	56.71139	292.5177	505.0562	640.0863	723.683	803.3725	877.0372	957.6115	1055.017	1109.548	1204.056	1292.007	1356.138
344.7	0	0	0	0	2.235331	56.36727	292.6754	504.5232	640.3828	723.7918	803.9666	878.0678	958.0279	1054.422	1110.183	1203.888	1292.544	1356.138
344.8	0	0	0	0	2.235331	56.29845	293.0695	504.5232	640.5804	724.7712	803.7289	878.0678	959.9714	1053.38	1110.66	1204.394	1292.544	1355.949
344.9	0	0	0	0	2.235331	56.50492	293.2272	504.9673	641.371	724.5535	802.8972	878.4543	961.082	1053.231	1111.613	1204.056	1292.544	1355.005
345	0	0	0	0	2.235331	56.57374	293.5424	505.2338	641.8652	724.7712	803.6101	877.5526	960.6656	1053.231	1113.042	1204.563	1292.186	1353.872
345.1	0	0	0	0	2.235331	56.36727	293.4636	506.122	641.964	724.7712	805.036	877.2949	960.2491	1053.38	1115.583	1203.55	1291.471	1355.193
345.2	0	0	0	0	2.235331	56.22962	293.5424	505.3226	642.8534	723.2477	805.2737	877.2949	960.2491	1054.57	1115.107	1204.056	1291.113	1354.061
345.3	0	0	0	0	2.235331	56.22962	293.8578	506.122	642.1616	722.8124	805.5114	877.5526	958.3055	1053.38	1115.583	1205.069	1290.934	1354.061
345.4	0	0	0	0	2.235331	56.22962	293.1483	505.145	643.0511	722.4859	804.9172	877.1661	957.6115	1052.04	1116.377	1204.394	1291.113	1352.928
345.5	0	0	0	0	2.235331	56.22962	293.1483	504.9673	642.9522	722.0506	804.4419	877.4237	956.7785	1053.231	1114.472	1203.043	1291.649	1353.305
345.6	0	0	0	0	2.235331	55.95432	292.9119	504.7897	642.8534	722.2682	804.2042	878.0678	955.2514	1053.082	1113.677	1202.368	1290.934	1352.172
345.7	0	0	0	0	2.176507	55.8855	292.9119	504.7897	643.3475	722.2682	803.3725	878.3255	955.6679	1052.933	1113.36	1203.043	1291.113	1350.85
345.8	0	0	0	0	2.176507	56.09197	292.5966	504.612	642.7546	722.1594	804.0854	878.5831	956.5009	1053.826	1112.724	1203.55	1290.934	1350.284
345.9	0	0	0	0	2.176507	56.02315	292.7542	505.2338	642.5569	722.0506	803.3725	879.0984	957.6115	1053.975	1112.407	1203.888	1290.219	1349.718
346	0	0	0	0	2.235331	56.29845	292.9119	504.9673	641.6675	722.9212	802.4219	879.3561	956.9173	1052.933	1110.977	1203.55	1290.576	1348.207
346.1	0	0	0	0	2.294156	56.36727	292.7542	505.5891	642.3593	723.2477	803.016	878.5831	955.1126	1051.743	1111.613	1204.225	1289.146	1350.095
346.2	0	0	0	0	2.294156	56.1608	292.9119	505.8556	641.6675	723.2477	802.303	878.1967	955.1126	1051.147	1112.566	1204.901	1288.252	1351.228
346.3	0	0	0	0	2.294156	56.1608	292.5177	505.8556	640.8769	722.1594	801.5901	875.8778	954.9738	1052.487	1111.613	1204.225	1286.642	1350.095
346.4	0	0	0	0	2.294156	56.22962	292.6754	505.4114	640.3828	721.9418	800.8772	877.6813	955.5291	1052.636	1110.819	1203.212	1287.179	1349.34
346.5	0	0	0	0	2.294156	56.22962	292.6754	505.3226	640.284	721.8329	800.6395	878.9696	955.2514	1050.999	1111.93	1202.368	1289.861	1349.718
346.6	0	0	0	0	2.294156	56.02315	292.1236	504.5232	640.6793	722.7036	800.8772	879.2272	956.0844	1051.445	1111.295	1202.368	1290.755	1349.34
346.7	0	0	0	0	2.294156	55.95432	291.4142	505.3226	640.3828	723.5742	800.0454	880.0002	956.0844	1051.296	1111.295	1202.368	1292.901	1349.529
346.8	0	0	0	0	2.235331	56.22962	290.9413	505.5003	640.284	723.683	800.1642	879.3561	955.6679	1051.743	1112.089	1202.875	1291.113	1349.906
346.9	0	0	0	0	2.235331	56.1608	291.1777	505.3226	640.0863	723.2477	800.5207	880.129	954.9738	1051.892	1113.201	1202.875	1290.219	1348.396
347	0	0	0	0	2.235331	55.8855	291.0201	505.6779	640.3828	722.7036	800.5207	879.7426	954.2797	1053.826	1113.836	1204.394	1290.219	1348.962
347.1	0	0	0	0	2.235331	55.8855	291.0989	504.7008	640.0863	722.2682	799.5701	879.6137	953.4467	1054.124	1113.36	1204.056	1289.504	1347.641
347.2	0	0	0	0	2.235331	55.74785	291.2566	505.3226	640.5804	721.6153	799.5701	880.3867	952.8914	1053.975	1113.995	1202.537	1290.398	1345.563
347.3	0	0	0	0	2.235331	55.8855	291.5718	504.8785	639.5922	721.7241	798.976	881.0308	952.3361	1055.612	1113.042	1202.368	1290.576	1344.242
347.4	0	0	0	0	2.176507	55.67902	291.0201	505.0562	639.5922	721.8329	800.1642	880.5155	952.8914	1056.356	1112.407	1201.693	1290.755	1344.619
347.5	0	0	0	0	2.176507	55.81667	290.7048	504.8785	639.3945	721.9418	798.7383	881.5461	952.6138	1055.91	1112.883	1202.706	1291.113	1344.053
347.6	0	0	0	0	2.235331	55.74785	290.7048	505.2338	638.9993	721.9418	798.1442	881.2885	952.0585	1055.612	1112.724	1204.732	1291.113	1344.43
347.7	0	0	0	0	2.235331	55.67902	290.5471	505.5891	638.3075	722.7036	798.0254	880.6443	952.0585	1055.315	1112.724	1206.082	1292.365	1342.542
347.8	0	0	0	0	2.235331	55.67902	290.7048	506.2108	637.9122	723.1389	799.8077	881.5461	951.5032	1053.38	1111.93	1205.745	1291.828	1344.619
347.9	0	0	0	0	2.235331	55.74785	290.5471	505.9444	638.2087	723.5742	800.283	882.5767	951.5032	1052.933	1111.295	1205.238	1292.186	1344.808
348	0	0	0	0	2.235331	55.6102	291.0989	505.5003	637.8134	724.2271	800.6395	883.3496	950.5314	1053.529	1112.566	1204.901	1290.934	1344.242
348.1	0	0	0	0	2.235331	55.67902	290.7048	504.9673	637.1216	723.7918	800.996	882.7055	950.2537	1054.273	1111.93	1204.563	1289.682	1345.752
348.2	0	0	0	0	2.235331	55.40373	290.7836	505.5003	637.8134	724.3359	800.1642	882.0614	950.2537	1053.38	1111.613	1205.069	1288.967	1344.997
348.3	0	0	0	0	2.176507	55.54137	291.0201	505.0562	639.7899	724.2271	799.4513	882.8344	950.2537	1053.082	1110.183	1205.576	1288.788	1344.053
348.4	0	0	0	0	2.176507	55.47255	290.3106	504.0791	638.8016	724.6624	798.6195	882.319	949.4208	1053.231	1108.754	1205.238	1288.431	1344.43
348.5	0	0	0	0	2.176507	55.54137	291.0989	504.1679	638.5051	724.4448	798.6195	881.9326	950.1149	1052.933	1108.119	1204.056	1287.358	1344.43
348.6	0	0	0	0	2.176507	55.54137	290.7048	504.4344	638.1098	724.5535	799.4513	881.4172	951.3643	1052.785	1106.53	1203.888	1290.04	1344.053
348.7	0	0	0	0	2.117682	55.6102	290.7048	504.7897	638.1098	724.6624	798.3818	880.0002	950.2537	1052.785	1106.53	1203.212	1291.292	1344.619
348.8	0	0	0	0	2.117682	55.40373	290.3106	504.5232	637.2204	723.4653	799.6889	880.0002	950.809	1051.147	1107.483	1203.719	1290.219	1344.43
348.9	0	0	0	0	2.176507	55.26608	289.8377	504.5232	637.5169	722.7036	800.1642	881.6749	951.0867	1050.999	1107.96	1203.043	1288.967	1343.297
349	0	0	0	0	2.176507	55.3349	289.2859	504.4344	637.9122	722.4859	801.4713	882.319	950.9479	1052.487	1107.483	1202.199	1286.106	1343.864
349.1	0	0	0	0	2.235331	55.54137	289.0495	504.7897	638.4063	722.8124	800.283	882.5767	950.1149	1053.231	1107.007	1201.524	1288.431	1344.43
349.2	0	0	0	0	2.235331	55.40373	289.5224	504.612	638.3075	723.1389	800.7584	883.092	949.0043	1052.189	1106.689	1200.511	1288.073	1344.619
349.3	0	0	0	0	2.235331	55.3349	289.6012	504.1679	638.011	722.5947	800.283	883.092	949.5596	1052.04	1105.736	1199.836	1290.219	1344.997
349.4	0	0	0	0	2.294156	55.40373	289.9165	503.9014	637.7145	722.3771	800.0454	883.2208	949.0043	1051.743	1105.101	1201.693	1290.04	1344.808
349.5	0	0	0	0.0488245	2.294156	55.3349	289.9165	504.9673	638.2087	722.1594	799.9266	882.7055	949.1431	1051.892	1105.895	1203.212	1288.073	1345.752
349.6	0	0	0	0.0488245	2.294156	55.47255	289.9165	504.0791	637.3192	722.5947	799.0948	882.319	948.5878	1050.403	1106.848	1202.031	1287.894	1347.263
349.7	0	0	0	0.0488245	2.294156	55.47255	289.7589	503.9902	636.331	721.8329	799.4513	881.9326	950.2537	1050.701	1107.96	1201.524	1287.715	1348.585
349.8	0	0	0	0.0488245	2.294156	55.54137	289.7589	504.5232	635.738	720.8535	798.6195	880.902	949.6984	1050.403	1107.007	1200.173	1288.073	1348.207
349.9	0	0	0	0.0488245	2.35298	55.6102	289.9954	503.4573	635.9357	721.8329	797.7877	881.0308	950.809	1050.85	1107.007	1200.849	1285.569	1347.641
350	0	0	0	0.0488245	2.35298	55.40373	290.153	503.6349	637.0228	721.6153	798.0254	880.7731	950.9479	1050.999	1107.324	1200.511	1285.927	1347.452
350.1	0	0	0	0.0488245	2.294156	55.40373	290.0742	503.4573	636.924	722.2682	797.7877	880.5155	949.6984	1051.445	1107.642	1200.173	1285.212	1347.641
350.2	0	0	0	0.0488245	2.294156	55.3349	290.5471	503.5461	636.1334	722.9212	797.1936	880.5155	950.1149	1050.85	1106.371	1201.186	1285.569	1347.452
350.3	0	0	0	0.0488245	2.294156	55.40373	290.8624	502.9243	636.4298	723.2477	796.8372	879.2272	949.8373	1049.808	1106.213	1202.031	1285.569	1346.696
350.4	0	0	0	0.0488245	2.294156	55.40373	290.3895	502.8355	635.6392	723.1389	797.5501	879.3561	949.0043	1049.362	1106.848	1202.031	1283.781	1347.263
350.5	0	0	0	0.0488245	2.294156	55.47255	289.6801	503.0132	636.6274	722.5947	797.3124	879.0984	948.0325	1048.022	1105.895	1202.199	1283.781	1346.885
350.6	0	0	0	0.0488245	2.294156	55.40373	289.7589	503.8126	636.4298	722.5947	797.5501	876.7796	947.3384	1047.576	1104.942	1203.719	1284.496	1348.018
350.7	0	0	0	0.0488245	2.294156	55.6102	289.9954	503.7238	635.738	721.8329	797.4313	877.1661	947.4772	1047.278	1104.466	1203.888	1286.285	1348.773
350.8	0	0	0	0.0488245	2.294156	55.67902	290.2318	502.7467	635.0463	721.18	796.4807	878.1967	946.2278	1047.278	1104.466	1202.199	1286.106	1345.941
350.9	0	0	0	0.0488245	2.294156	55.54137	290.2318	502.3026	635.9357	720.3094	796.7183	878.3255	946.6443	1045.939	1102.719	1201.018	1286.642	1346.508
351	0	0	0	0.0488245	2.235331	55.6102	290.2318	502.3026	636.331	718.1329	796.1242	877.4237	946.7831	1046.385	1103.513	1200.173	1286.821	1345.941
351.1	0	0	0	0.0488245	2.235331	55.67902	289.9954	502.3026	637.2204	718.2418	796.9559	877.4237	945.8113	1045.79	1102.242	1199.667	1284.854	1346.319
351.2	0	0	0	0.0488245	2.235331	55.6102	289.8377	502.8355	636.4298	718.3506	796.8372	877.4237	945.8113	1045.492	1101.289	1200.005	1285.212	1345.563
351.3	0	0	0	0.0488245	2.294156	55.74785	289.6012	503.8126	635.5404	718.2418	796.7183	878.1967	946.7831	1045.79	1100.813	1199.161	1286.285	1345.563
351.4	0	0	0	0.0488245	2.294156	55.54137	289.1283	503.6349	635.4416	718.2418	797.3124	878.1967	946.7831	1046.236	1100.971	1198.823	1286.106	1344.43
351.5	0	0	0	0.0488245	2.294156	55.47255	289.0495	503.4573	635.0463	718.8947	797.1936	878.0678	947.7549	1047.129	1101.607	1197.641	1285.748	1344.053
351.6	0	0	0	0.0488245	2.294156	55.67902	289.2071	503.2797	634.2557	717.9153	797.1936	878.0678	947.4772	1045.939	1100.019	1198.316	1286.464	1342.542
351.7	0	0	0	0.0488245	2.294156	55.74785	288.8918	503.5461	633.3663	716.1741	796.5995	876.9084	948.5878	1046.683	1100.019	1197.81	1286.642	1341.787
351.8	0	0	0	0.0488245	2.294156	55.8855	288.9706	503.102	633.6627	716.5005	797.5501	876.2643	949.9761	1046.385	1098.748	1198.147	1287.715	1341.409
351.9	0	0	0	0.0488245	2.294156	55.74785	288.4977	502.8355	633.2675	715.7388	798.263	875.1049	949.6984	1045.79	1098.43	1197.979	1287.536	1341.032
352	0	0	0	0.0488245	2.294156	55.81667	289.0495	503.0132	633.2675	714.8682	797.5501	874.7184	948.8655	1046.236	1098.271	1196.966	1285.212	1342.165
352.1	0	0	0	0.0488245	2.235331	55.6102	288.813	503.9014	632.6745	714.7593	797.7877	875.1049	946.6443	1044.599	1098.43	1198.654	1284.139	1342.731
352.2	0	0	0	0.0488245	2.235331	55.47255	288.6553	503.9014	632.1804	714.324	796.8372	874.976	947.3384	1044.153	1099.542	1198.654	1283.96	1342.165
352.3	0	0	0	0.0488245	2.235331	55.40373	289.3647	504.4344	632.4768	713.9976	796.1242	874.976	947.6161	1044.004	1099.224	1197.979	1282.887	1340.276
352.4	0	0	0	0.0488245	2.235331	55.3349	289.6012	505.145	631.785	713.9976	796.8372	874.976	947.3384	1043.409	1099.066	1197.641	1282.529	1339.332
352.5	0	0	0	0.0488245	2.235331	55.26608	289.5224	505.145	631.9827	714.977	796.243	875.6202	947.4772	1045.194	1099.701	1198.316	1281.993	1339.521
352.6	0	0	0	0.0488245	2.235331	55.40373	289.6801	505.145	630.8956	713.7799	796.8372	874.8472	949.6984	1044.748	1099.383	1197.135	1281.814	1338.577
352.7	0	0	0	0.0488245	2.235331	55.40373	289.6012	504.0791	631.4886	713.9976	797.6689	873.9454	949.6984	1044.748	1100.336	1197.135	1280.741	1338.199
352.8	0	0	0	0.0488245	2.235331	55.67902	289.1283	503.9902	631.3898	713.4534	797.4313	873.4302	949.6984	1044.302	1100.495	1197.979	1281.635	1336.877
352.9	0	0	0	0.0488245	2.235331	55.54137	289.0495	504.612	631.0933	713.2358	798.0254	872.1419	950.5314	1043.557	1100.495	1198.147	1281.099	1335.556
353	0	0	0	0	2.235331	55.6102	288.7342	504.8785	631.1921	713.2358	798.5007	871.7554	950.5314	1043.26	1099.066	1196.459	1281.099	1335.933
353.1	0	0	0	0	2.235331	55.3349	289.2859	504.2567	631.3898	713.6711	799.0948	872.6572	950.6702	1043.111	1099.066	1194.433	1280.383	1335.367
353.2	0	0	0	0	2.235331	55.26608	289.4436	503.1908	631.1921	713.7799	798.1442	871.8843	949.8373	1044.153	1099.066	1194.265	1280.026	1335.933
353.3	0	0	0	0	2.235331	55.0596	289.6801	502.8355	631.1921	712.6917	797.7877	872.2708	950.809	1043.409	1097.954	1193.927	1280.026	1337.255
353.4	0	0	0	0	2.235331	55.12843	289.2859	503.102	630.4016	711.8211	796.9559	872.0131	950.9479	1045.492	1097.795	1193.927	1277.701	1336.689
353.5	0	0	0	0	2.235331	55.12843	289.0495	503.1908	629.8086	712.0388	798.263	872.3995	950.809	1044.599	1096.683	1193.083	1276.807	1336.122
353.6	0	0	0	0	2.235331	54.92196	288.4189	502.5691	629.1168	711.277	799.3325	872.6572	950.6702	1044.153	1096.048	1192.914	1276.807	1336.122
353.7	0	0	0	0	2.235331	54.85313	288.813	503.3685	629.1168	711.277	799.6889	872.0131	950.9479	1043.855	1095.413	1193.42	1278.059	1335.745
353.8	0	0	0	0	2.235331	54.92196	288.6553	503.1908	629.1168	711.6035	799.9266	871.6266	949.4208	1043.111	1096.048	1193.758	1278.595	1335.745
353.9	0	0	0	0	2.235331	55.19725	288.8918	502.5691	629.4133	711.0593	800.0454	870.8536	950.1149	1041.92	1095.889	1192.745	1279.311	1336.122
354	0	0	0	0	2.235331	55.12843	289.0495	503.0132	628.6227	711.277	798.8572	869.179	949.9761	1041.325	1096.683	1194.602	1280.026	1335.556
354.1	0	0	0	0	2.235331	55.12843	289.3647	503.0132	628.3262	712.1476	798.3818	869.6942	949.8373	1039.688	1097.477	1195.953	1277.522	1334.612
354.2	0	0	0	0	2.235331	55.0596	288.9706	503.102	627.4368	711.4946	798.1442	870.3384	949.9761	1040.879	1097.001	1196.797	1276.628	1335.556
354.3	0	0	0	0	2.235331	55.40373	288.6553	503.4573	626.5474	711.277	798.0254	870.4672	948.7267	1039.837	1098.43	1197.303	1276.986	1334.989
354.4	0	0	0	0	2.235331	55.3349	289.1283	503.3685	626.4485	709.9711	797.6689	870.2095	949.282	1039.539	1097.795	1196.966	1278.595	1334.423
354.5	0	0	0	0	2.235331	55.47255	288.8918	503.6349	626.6462	711.1682	797.1936	870.8536	950.2537	1039.539	1097.16	1197.641	1278.595	1336.122
354.6	0	0	0	0	2.235331	55.40373	288.5765	503.102	627.9309	710.5152	796.8372	870.4672	949.282	1037.456	1098.113	1198.485	1279.311	1335.745
354.7	0	0	0	0	2.235331	55.26608	288.6553	502.3026	627.8321	711.3858	796.4807	870.0807	949.1431	1035.967	1097.636	1198.992	1279.668	1334.8
354.8	0	0	0	0	2.235331	55.19725	288.9706	502.9243	627.338	711.1682	795.8865	869.6942	948.8655	1036.563	1096.842	1199.329	1279.311	1334.234
354.9	0	0	0	0	2.235331	55.3349	288.6553	502.7467	627.7333	710.7328	796.243	870.2095	947.6161	1036.712	1096.207	1198.316	1278.774	1333.479
355	0	0	0	0	2.235331	55.40373	288.813	502.7467	627.2391	710.5152	795.7677	871.2401	947.1996	1038.497	1094.936	1196.797	1275.734	1334.234
355.1	0	0	0	0	2.235331	55.26608	289.3647	503.2797	625.7568	710.9505	796.4807	871.369	947.7549	1040.283	1094.936	1195.109	1275.019	1335.933
355.2	0	0	0	0	2.235331	55.3349	289.9165	503.9902	625.8556	710.7328	794.8171	871.2401	947.3384	1039.837	1096.048	1195.953	1276.628	1337.822
355.3	0	0	0	0	2.235331	55.47255	289.6012	503.4573	626.5474	711.9299	794.1042	870.4672	947.6161	1039.539	1095.571	1196.122	1277.88	1338.01
355.4	0	0	0	0	2.235331	55.47255	289.2859	503.9902	626.3497	712.2564	794.4606	870.9825	947.4772	1040.135	1094.142	1195.953	1278.238	1338.199
355.5	0	0	0	0	2.235331	55.40373	288.6553	503.6349	626.2509	712.3652	794.4606	870.4672	946.9219	1041.027	1094.142	1195.446	1277.522	1337.822
355.6	0	0	0	0	2.235331	55.26608	288.8918	503.7238	626.9427	712.8005	793.9854	870.8536	945.5337	1041.027	1094.777	1195.446	1278.595	1336.689
355.7	0	0	0	0	2.235331	55.40373	288.9706	502.9243	626.745	712.5829	792.916	870.9825	944.9784	1040.432	1096.048	1193.927	1275.734	1335.367
355.8	0	0	0	0	2.235331	55.3349	288.7342	503.102	625.7568	711.8211	793.2724	870.9825	946.089	1039.986	1097.318	1195.784	1275.198	1336.311
355.9	0	0	0	0	2.235331	55.3349	289.1283	503.4573	625.2626	711.1682	792.3218	870.4672	945.5337	1040.283	1097.795	1196.628	1275.913	1337.444
356	0	0	0	0	2.235331	55.12843	289.6801	503.9902	626.2509	711.7123	793.0347	870.0807	944.7007	1040.73	1098.113	1196.459	1276.628	1337.822
356.1	0	0	0	0	2.235331	55.19725	289.2071	504.1679	626.6462	711.0593	792.916	869.4366	943.3125	1039.986	1097.795	1196.797	1278.059	1337.255
356.2	0	0	0	0	2.235331	55.26608	289.4436	504.0791	626.9427	711.1682	794.1042	869.0501	941.6466	1040.283	1098.748	1196.797	1279.311	1337.633
356.3	0	0	0	0	2.235331	55.19725	289.1283	503.8126	627.0415	710.8417	793.3912	869.3077	941.7855	1040.73	1099.224	1195.784	1278.595	1339.332
356.4	0	0	0	0	2.235331	55.19725	289.2071	503.8126	627.7333	712.3652	795.1736	869.6942	941.6466	1040.135	1097.954	1195.615	1280.026	1339.143
356.5	0	0	0	0	2.235331	55.19725	288.7342	503.102	628.7215	712.9094	795.2924	870.4672	940.9525	1038.944	1097.795	1194.265	1279.847	1339.899
356.6	0	0	0	0	2.235331	55.0596	289.0495	503.2797	628.6227	712.8005	795.2924	869.4366	940.2584	1039.242	1098.113	1192.407	1282.351	1338.766
356.7	0	0	0	0	2.176507	55.0596	288.5765	503.2797	628.425	712.3652	794.8171	868.7925	941.0913	1039.837	1097.001	1191.732	1281.635	1338.955
356.8	0	0	0	0	2.176507	54.85313	289.2071	503.7238	629.8086	712.3652	795.4113	868.2772	939.9807	1037.604	1096.207	1189.875	1281.099	1337.444
356.9	0	0	0	0	2.176507	54.78431	288.8918	503.3685	629.8086	712.8005	795.5301	869.0501	939.8419	1037.753	1096.207	1189.706	1280.562	1336.311
357	0	0	0	0	2.176507	54.85313	289.0495	502.5691	629.2156	712.6917	794.6983	868.0195	940.2584	1036.86	1097.954	1189.2	1279.668	1334.989
357.1	0	0	0	0	2.176507	54.78431	288.9706	502.9243	629.2156	712.5829	795.7677	868.9213	939.8419	1035.967	1098.907	1190.044	1278.238	1333.29
357.2	0	0	0	0	2.176507	54.78431	289.3647	502.9243	629.018	712.9094	796.0054	869.6942	939.8419	1036.712	1098.271	1190.719	1276.092	1332.157
357.3	0	0	0	0	2.176507	54.85313	289.2859	502.8355	628.8203	713.3446	796.0054	868.1483	939.9807	1035.967	1097.795	1189.2	1275.913	1331.59
357.4	0	0	0	0	2.176507	54.92196	289.2071	503.0132	628.6227	713.7799	795.6489	868.6636	940.1196	1037.604	1097.001	1189.875	1275.555	1329.891
357.5	0	0	0	0	2.235331	55.12843	289.0495	502.1249	628.0297	713.0182	795.2924	868.5348	940.8137	1036.86	1097.954	1190.382	1276.092	1330.835
357.6	0	0	0	0	2.235331	55.40373	288.4977	502.2137	627.9309	713.8887	795.2924	868.7925	941.0913	1037.753	1097.795	1190.044	1274.84	1331.968
357.7	0	0	0	0	2.235331	55.26608	288.4977	502.7467	628.3262	712.5829	794.9359	866.9889	940.6749	1039.242	1096.524	1190.382	1274.303	1332.157
357.8	0	0	0	0	2.176507	54.99078	287.8671	503.102	627.5356	712.8005	794.8171	866.8601	940.536	1040.432	1096.207	1190.719	1274.303	1331.968
357.9	0	0	0	0	2.117682	54.92196	287.9459	503.9902	627.6345	713.3446	793.7477	865.9583	941.369	1039.39	1096.842	1191.901	1274.303	1332.912
358	0	0	0	0	2.117682	54.85313	287.9459	503.6349	626.745	712.8005	793.8665	866.8601	941.0913	1039.242	1098.113	1189.875	1274.303	1333.667
358.1	0	0	0	0	2.117682	54.99078	287.473	504.1679	626.0532	713.127	793.9854	867.1177	940.2584	1037.753	1096.842	1191.226	1274.661	1333.479
358.2	0	0	0	0	2.117682	55.0596	287.8671	503.4573	626.152	713.127	793.8665	866.6025	940.2584	1036.86	1096.683	1190.888	1275.198	1334.8
358.3	0	0	0	0	2.117682	55.26608	288.1824	503.1908	625.658	712.9094	792.203	865.9583	940.3972	1037.753	1097.16	1190.719	1274.84	1334.989
358.4	0	0	0	0	2.176507	55.19725	288.4189	503.4573	625.2626	713.127	792.3218	865.8295	939.8419	1038.349	1097.477	1189.875	1275.198	1332.723
358.5	0	0	0	0	2.117682	54.92196	288.4977	503.0132	625.8556	712.2564	791.3712	866.3448	939.7031	1037.456	1095.889	1189.706	1276.092	1333.101
358.6	0	0	0	0	2.176507	54.99078	289.2071	503.2797	625.8556	712.1476	790.4206	866.3448	940.3972	1037.604	1095.413	1189.706	1276.628	1333.101
358.7	0	0	0	0	2.176507	54.92196	289.5224	503.9902	626.152	712.0388	791.0147	866.216	940.1196	1036.86	1095.413	1189.875	1275.555	1333.856
358.8	0	0	0	0	2.117682	54.92196	289.7589	503.8126	626.4485	712.9094	791.6088	866.8601	940.1196	1035.521	1095.254	1189.369	1275.376	1332.535
358.9	0	0	0	0	2.235331	54.78431	289.8377	503.6349	626.3497	713.9976	792.0842	866.216	940.3972	1034.777	1096.207	1190.213	1273.052	1332.912
359	0	0	0	0	2.235331	54.64666	290.2318	503.102	626.6462	714.4329	792.3218	865.7007	940.9525	1034.479	1096.842	1191.226	1271.8	1334.423
359.1	0	0	0	0	2.176507	54.50901	290.6259	503.4573	625.1638	713.8887	791.4901	864.7989	941.7855	1034.777	1096.048	1191.563	1272.873	1333.101
359.2	0	0	0	0	2.176507	54.30254	290.3106	504.0791	625.065	714.1064	790.6583	865.4431	940.9525	1035.521	1095.095	1191.563	1274.125	1334.234
359.3	0	0	0	0	2.176507	54.23371	290.2318	503.3685	625.5591	713.4534	791.6088	865.8295	940.536	1034.926	1093.189	1190.044	1273.23	1334.234
359.4	0	0	0	0	2.176507	54.30254	290.8624	503.9014	625.5591	714.2152	790.183	865.4431	939.8419	1033.735	1093.348	1190.55	1270.548	1334.045
359.5	0	0	0	0	2.235331	54.30254	291.0201	503.6349	626.0532	714.2152	790.6583	865.8295	940.2584	1032.991	1092.077	1190.044	1271.085	1333.101
359.6	0	0	0	0	2.176507	54.30254	290.6259	503.6349	626.8438	713.3446	790.3018	865.5718	940.1196	1032.396	1090.966	1189.706	1271.621	1333.479
359.7	0	0	0	0	2.235331	54.44019	290.7048	502.5691	626.0532	712.9094	790.8959	865.9583	939.7031	1032.396	1090.33	1188.693	1271.442	1332.723
359.8	0	0	0	0	2.235331	54.37136	290.4683	501.8585	625.2626	711.6035	790.5394	866.6025	939.8419	1032.991	1091.601	1187.849	1269.654	1333.29
359.9	0	0	0	0	2.176507	54.64666	290.4683	502.9243	625.1638	712.8005	791.1335	865.5718	939.8419	1030.759	1090.648	1186.836	1270.19	1332.723
360	0	0	0	0	2.176507	54.92196	290.3895	502.7467	624.9662	711.9299	791.4901	865.3142	939.009	1031.354	1092.871	1186.161	1270.548	1332.346
360.1	0	0	0	0	2.176507	54.99078	290.3895	503.0132	625.3615	711.6035	791.3712	864.9277	939.5643	1030.759	1093.507	1185.655	1272.336	1331.779
360.2	0	0	0	0	2.294156	55.12843	290.7836	503.102	625.1638	711.8211	792.3218	864.2836	938.176	1032.247	1093.189	1185.317	1271.979	1331.968
360.3	0	0	0	0	2.35298	55.19725	290.4683	503.2797	625.065	711.4946	791.9653	864.4124	937.3431	1032.693	1091.442	1183.797	1272.158	1331.779
360.4	0	0	0	0	2.35298	55.26608	290.5471	503.0132	625.065	711.4946	792.916	864.9277	936.2325	1030.759	1091.283	1183.291	1272.873	1330.835
360.5	0	0	0	0	2.35298	55.54137	290.5471	503.2797	625.2626	711.9299	792.6783	864.5413	937.4819	1031.056	1090.966	1184.81	1274.125	1332.535
360.6	0	0	0	0	2.35298	55.6102	291.0989	503.6349	625.658	711.3858	791.3712	864.6701	937.0654	1030.61	1088.424	1184.135	1272.515	1330.835
360.7	0	0	0	0	2.411805	55.54137	291.8083	503.7238	625.3615	711.9299	791.8465	865.5718	936.5101	1029.568	1087.948	1184.979	1272.873	1329.891
360.8	0	0	0	0	2.35298	55.54137	291.8871	503.7238	625.7568	709.9711	791.8465	863.8972	935.9548	1030.163	1088.107	1183.629	1275.019	1329.702
360.9	0	0	0	0	2.35298	55.3349	291.8083	504.2567	625.658	710.5152	791.6088	864.5413	935.816	1031.205	1087.63	1183.629	1275.376	1328.758
361	0	0	0	0	2.35298	55.47255	291.8083	504.1679	626.0532	711.0593	793.6288	865.1854	935.2607	1028.526	1087.471	1183.122	1275.555	1327.814
361.1	0	0	0	0	2.35298	55.40373	292.0448	503.7238	626.152	712.1476	793.6288	864.6701	935.2607	1029.866	1088.583	1182.616	1275.376	1327.247
361.2	0	0	0	0	2.35298	55.54137	292.2025	503.9014	625.658	711.8211	794.4606	863.5107	935.3995	1029.717	1089.219	1182.953	1273.767	1327.059
361.3	0	0	0	0	2.35298	55.19725	292.3601	503.2797	625.7568	710.7328	794.4606	863.8972	935.3995	1029.27	1089.219	1181.94	1272.515	1326.492
361.4	0	0	0	0	2.35298	55.26608	292.5177	503.3685	625.7568	711.277	795.2924	863.3818	934.2889	1028.675	1089.536	1180.927	1271.621	1327.436
361.5	0	0	0	0	2.35298	55.26608	292.2813	503.8126	626.2509	711.1682	795.5301	863.253	936.2325	1028.377	1088.424	1181.434	1272.336	1326.492
361.6	0	0	0	0	2.35298	55.3349	291.6507	504.7008	626.6462	710.5152	795.0547	863.5107	936.3713	1028.824	1088.424	1181.94	1272.694	1327.625
361.7	0	0	0	0	2.35298	55.26608	291.0989	503.9014	626.4485	711.6035	794.8171	863.7683	935.9548	1027.931	1088.583	1181.771	1271.979	1328.947
361.8	0	0	0	0	2.35298	54.99078	290.7836	503.6349	626.152	711.8211	793.9854	862.6089	935.9548	1028.08	1089.695	1181.603	1270.727	1327.436
361.9	0	0	0	0	2.411805	54.64666	290.8624	502.9243	626.0532	712.2564	794.8171	863.253	935.3995	1028.824	1090.33	1181.603	1271.263	1328.569
362	0	0	0	0	2.35298	54.64666	291.0989	503.7238	625.8556	712.9094	794.8171	861.9648	935.816	1028.824	1089.695	1181.265	1273.23	1329.324
362.1	0	0	0	0	2.35298	54.78431	291.2566	503.5461	626.2509	713.127	794.223	861.4495	935.3995	1029.27	1090.489	1180.927	1273.946	1329.513
362.2	0	0	0	0	2.35298	54.85313	291.493	504.1679	626.745	713.0182	793.7477	862.7377	935.2607	1028.973	1092.077	1181.265	1273.767	1328.38
362.3	0	0	0	0	2.411805	55.19725	291.966	503.2797	626.4485	712.9094	793.6288	863.3818	936.0936	1029.717	1092.395	1181.096	1275.734	1327.814
362.4	0	0	0	0	2.411805	55.26608	292.1236	502.5691	627.7333	713.0182	793.5101	862.8665	934.4277	1030.312	1092.395	1181.94	1276.807	1328.192
362.5	0	0	0	0	2.411805	55.19725	292.4389	502.1249	627.5356	712.5829	792.916	862.3513	934.5666	1028.973	1092.236	1180.252	1275.198	1325.926
362.6	0	0	0	0	2.411805	55.12843	292.0448	502.1249	627.8321	712.5829	792.5594	860.6765	935.1219	1027.782	1092.713	1178.226	1276.271	1324.037
362.7	0	0	0	0	2.470629	55.12843	291.8083	502.7467	628.2274	712.8005	791.7277	860.4189	934.5666	1027.782	1092.236	1178.395	1273.946	1324.037
362.8	0	0	0	0	2.470629	55.19725	291.966	502.3026	628.2274	712.9094	791.0147	860.29	933.5948	1027.931	1093.189	1178.226	1273.409	1323.471
362.9	0	0	0	0	2.470629	55.19725	291.8083	502.3026	627.338	713.0182	790.8959	860.9341	933.456	1027.633	1092.554	1178.057	1274.303	1321.771
363	0	0	0	0	2.470629	54.85313	292.2025	502.4802	627.338	713.6711	790.6583	861.4495	933.8724	1026.591	1093.348	1178.733	1276.092	1322.716
363.1	0	0	0	0	2.529454	54.99078	292.5177	503.102	627.9309	713.5623	791.0147	862.0936	933.456	1027.187	1092.236	1179.914	1276.449	1323.282
363.2	0	0	0	0	2.529454	55.0596	292.2813	502.3914	627.7333	713.9976	790.8959	861.5783	933.3171	1027.038	1090.489	1181.771	1275.734	1324.226
363.3	0	0	0	0	2.529454	54.92196	292.5966	501.9473	626.745	714.7593	789.7076	861.7071	933.7336	1026.591	1089.377	1181.434	1275.555	1323.849
363.4	0	0	0	0	2.529454	54.71548	292.5966	501.059	627.0415	714.7593	789.8265	861.3206	931.3736	1025.698	1088.107	1181.94	1273.946	1324.415
363.5	0	0	0	0	2.588278	54.37136	292.6754	501.1479	627.7333	715.3035	789.8265	861.5783	930.6795	1025.996	1088.424	1181.096	1274.661	1323.282
363.6	0	0	0	0	2.588278	54.64666	292.4389	500.5261	627.2391	714.2152	788.6382	862.0936	931.0959	1025.401	1089.695	1181.096	1275.376	1322.716
363.7	0	0	0	0	2.588278	54.71548	292.3601	500.2596	625.9544	713.3446	789.2324	862.6089	931.2348	1025.847	1089.06	1181.096	1274.125	1324.604
363.8	0	0	0	0	2.588278	54.57783	292.5966	500.5261	626.0532	712.8005	788.7571	861.8359	932.9007	1027.187	1089.06	1180.927	1273.052	1324.982
363.9	0	0	0	0	2.588278	54.71548	292.4389	499.9931	625.7568	712.8005	788.4006	861.4495	933.3171	1026.294	1088.901	1179.239	1273.052	1323.093
364	0	0	0	0	2.588278	54.64666	292.0448	499.3714	626.4485	713.3446	787.3312	861.5783	933.1783	1026.145	1087.948	1178.395	1273.052	1323.282
364.1	0	0	0	0	2.588278	54.50901	292.2025	499.2825	625.5591	713.0182	786.7371	861.1918	932.623	1026.443	1086.995	1178.564	1271.085	1325.17
364.2	0	0	0	0	2.647103	54.44019	292.0448	499.1049	624.6697	712.6917	787.0935	861.1918	932.7618	1027.633	1085.566	1178.395	1271.263	1324.982
364.3	0	0	0	0	2.647103	54.50901	292.3601	499.7267	625.4603	712.6917	787.5688	861.9648	932.3454	1027.484	1085.724	1177.551	1270.012	1326.87
364.4	0	0	0	0	2.588278	54.44019	292.7542	498.8384	626.8438	712.1476	787.0935	861.7071	933.456	1027.187	1086.042	1177.72	1268.402	1327.814
364.5	0	0	0	0	2.588278	54.44019	292.9119	499.1937	626.6462	711.4946	788.163	860.6765	933.5948	1027.038	1085.407	1176.876	1268.223	1326.87
364.6	0	0	0	0	2.588278	54.37136	293.2272	498.2166	626.9427	710.4064	788.5194	860.1612	934.1501	1027.484	1085.407	1178.901	1269.118	1326.87
364.7	0	0	0	0	2.588278	54.37136	292.5177	498.039	627.9309	710.624	787.45	860.5477	934.8442	1027.187	1084.93	1178.733	1269.296	1327.247
364.8	0	0	0	0	2.588278	54.30254	292.3601	497.9502	627.2391	711.6035	787.3312	860.8054	935.3995	1027.931	1085.883	1177.551	1270.369	1326.87
364.9	0	0	0	0	2.529454	54.30254	292.2025	498.2166	627.7333	710.624	787.0935	861.5783	934.7054	1027.782	1085.566	1178.733	1270.369	1325.17
365	0	0	0	0	2.529454	54.02724	292.2813	498.7496	626.8438	709.9711	785.9053	861.1918	933.8724	1026.145	1086.36	1178.226	1269.833	1324.226
365.1	0	0	0	0	2.588278	54.02724	292.2025	498.3055	627.338	709.5358	785.7864	861.063	934.5666	1025.698	1085.724	1178.564	1270.369	1324.415
365.2	0	0	0	0	2.588278	54.02724	292.833	497.3284	628.0297	709.8622	786.0241	861.063	934.8442	1024.657	1085.566	1177.72	1270.369	1322.905
365.3	0	0	0	0	2.588278	54.23371	292.7542	497.9502	627.0415	709.1005	787.45	860.9341	934.8442	1024.657	1086.836	1175.863	1270.906	1322.338
365.4	0	0	0	0	2.588278	54.09606	292.4389	498.2166	626.9427	708.121	786.9747	860.6765	934.7054	1024.806	1087.789	1174.85	1270.19	1321.96
365.5	0	0	0	0	2.588278	54.16489	292.1236	497.9502	627.0415	708.3387	786.6182	861.9648	934.2889	1024.954	1088.266	1176.031	1270.548	1322.338
365.6	0	0	0	0	2.588278	54.30254	291.4142	498.039	627.338	708.0122	788.163	862.9954	933.0395	1024.061	1088.107	1177.72	1269.833	1320.827
365.7	0	0	0	0	2.588278	54.30254	291.8871	498.1278	626.3497	707.4681	787.8065	862.3513	934.4277	1023.168	1087.63	1176.876	1267.866	1319.317
365.8	0	0	0	0	2.588278	53.95841	292.0448	498.3055	626.4485	708.8828	788.6382	862.9954	934.2889	1024.806	1087.63	1176.2	1266.793	1321.583
365.9	0	0	0	0	2.588278	53.88959	291.6507	497.9502	626.152	709.7534	788.0441	862.6089	934.0113	1024.657	1088.742	1175.525	1264.289	1322.716
366	0	0	0	0	2.588278	53.95841	291.6507	497.9502	626.3497	709.7534	787.2123	862.0936	934.0113	1024.508	1089.06	1174.85	1264.826	1320.827
366.1	0	0	0	0	2.529454	53.68311	291.7295	498.2166	626.8438	709.4269	786.6182	861.9648	933.3171	1024.954	1088.583	1175.356	1263.753	1319.883
366.2	0	0	0	0	2.529454	53.75194	292.1236	498.3055	626.8438	709.8622	786.6182	861.7071	933.3171	1024.954	1089.06	1177.382	1263.574	1319.694
366.3	0	0	0	0	2.588278	53.88959	292.3601	497.7725	626.745	710.2975	786.1429	861.7071	933.8724	1024.061	1088.901	1177.213	1263.932	1321.394
366.4	0	0	0	0	2.588278	53.88959	292.2025	498.1278	626.6462	709.9711	786.1429	862.0936	933.8724	1026.145	1088.583	1176.707	1262.322	1321.205
366.5	0	0	0	0	2.647103	54.02724	292.5177	497.8614	626.3497	710.0799	785.3112	862.2224	934.2889	1026.591	1087.313	1175.863	1262.322	1322.338
366.6	0	0	0	0	2.647103	54.16489	292.7542	497.9502	626.745	710.0799	784.2418	863.253	934.2889	1028.377	1085.407	1175.356	1261.786	1321.205
366.7	0	0	0	0	2.647103	54.44019	292.2025	497.0619	626.5474	710.5152	785.1923	863.8972	933.8724	1028.526	1085.883	1176.538	1260.355	1320.639
366.8	0	0	0	0	2.647103	54.23371	291.8871	497.5949	625.8556	711.0593	784.9547	864.0259	932.9007	1028.377	1086.201	1176.369	1261.249	1318.939
366.9	0	0	0	0	2.647103	54.16489	292.0448	497.2396	625.9544	709.8622	784.3605	864.5413	931.5125	1028.08	1086.518	1177.551	1261.428	1318.184
367	0	0	0	0	2.647103	54.30254	292.6754	497.0619	626.152	710.7328	783.7664	864.2836	932.2065	1028.08	1085.724	1176.876	1262.143	1319.883
367.1	0	0	0	0	2.705927	54.16489	292.5966	496.3513	626.2509	711.0593	784.4794	864.2836	930.9572	1028.526	1085.248	1175.187	1262.68	1317.806
367.2	0	0	0	0	2.705927	54.16489	292.1236	496.7066	626.152	710.624	782.1029	864.5413	929.2913	1028.675	1085.248	1175.863	1263.216	1316.484
367.3	0	0	0	0	2.705927	54.09606	292.5177	497.1508	626.4485	710.5152	781.5088	863.8972	928.736	1029.27	1085.724	1175.356	1263.216	1316.862
367.4	0	0	0	0	2.705927	54.16489	291.7295	497.0619	625.8556	710.1887	781.8652	863.7683	928.1807	1029.419	1085.566	1175.019	1262.68	1317.24
367.5	0	0	0	0	2.705927	54.09606	291.7295	497.1508	625.7568	710.2975	781.5088	863.7683	927.7642	1029.419	1085.089	1174.681	1263.216	1316.107
367.6	0	0	0	0	2.705927	54.09606	292.6754	497.1508	624.6697	711.3858	781.5088	863.6395	927.0701	1029.568	1086.042	1175.019	1262.859	1314.407
367.7	0	0	0	0	2.647103	54.30254	292.6754	497.4172	624.3732	710.624	781.0334	863.8972	927.4865	1028.973	1086.36	1175.863	1263.216	1314.03
367.8	0	0	0	0	2.647103	54.44019	293.2272	497.6837	623.9779	709.8622	781.8652	863.253	927.2089	1029.866	1086.042	1178.395	1263.395	1314.407
367.9	0	0	0	0	2.588278	54.71548	293.6213	497.2396	622.9897	710.2975	781.5088	862.2224	928.1807	1029.717	1085.248	1178.057	1263.574	1315.729
368	0	0	0	0	2.588278	54.85313	293.4636	497.5949	622.9897	710.4064	781.1523	863.1242	929.4301	1029.866	1084.454	1177.044	1263.753	1314.974
368.1	0	0	0	0	2.588278	54.78431	293.4636	497.506	621.705	710.5152	781.9841	863.5107	931.2348	1029.717	1083.977	1175.525	1262.322	1314.03
368.2	0	0	0	0	2.588278	54.57783	293.7789	498.2166	622.3967	710.0799	781.2711	864.4124	930.1242	1029.419	1085.248	1175.356	1261.249	1313.652
368.3	0	0	0	0	2.588278	54.30254	293.4636	498.9272	621.705	709.7534	780.4393	865.4431	929.4301	1029.27	1084.613	1175.356	1262.68	1312.897
368.4	0	0	0	0	2.588278	54.23371	293.7789	498.6608	620.8156	710.4064	779.6076	865.3142	928.5971	1028.675	1083.818	1174.343	1263.216	1314.596
368.5	0	0	0	0	2.588278	54.16489	293.3848	497.8614	621.2108	709.3181	780.9147	866.216	928.8748	1027.931	1084.613	1174.174	1265.183	1316.296
368.6	0	0	0	0	2.588278	53.82076	293.3848	498.1278	621.2108	708.8828	778.657	865.4431	927.7642	1028.526	1083.66	1174.006	1265.005	1317.995
368.7	0	0	0	0	2.647103	54.16489	293.306	497.9502	621.705	709.3181	777.944	864.9277	928.0418	1027.782	1084.771	1172.149	1264.11	1317.051
368.8	0	0	0	0	2.588278	54.09606	292.4389	497.5949	621.8038	708.774	777.944	865.1854	928.8748	1026.889	1084.771	1171.811	1263.932	1317.429
368.9	0	0	0	0	2.588278	53.95841	292.5966	497.0619	621.112	709.3181	779.0134	865.5718	929.8466	1026.145	1085.724	1170.46	1262.859	1316.484
369	0	0	0	0	2.647103	53.95841	292.0448	497.3284	620.4202	708.8828	779.0134	864.6701	930.9572	1026.145	1086.201	1171.136	1264.11	1316.673
369.1	0	0	0	0	2.647103	53.95841	291.966	497.1508	619.7285	708.121	778.7758	864.5413	930.263	1027.187	1086.518	1171.304	1265.541	1315.918
369.2	0	0	0	0	2.647103	54.09606	291.8871	497.0619	620.025	707.9034	778.4193	863.7683	930.5406	1027.633	1086.518	1169.954	1266.256	1317.051
369.3	0	0	0	0	2.647103	54.16489	291.6507	497.3284	619.2344	708.121	778.8947	862.9954	929.9854	1028.08	1087.789	1169.279	1264.647	1316.673
369.4	0	0	0	0	2.647103	54.30254	291.0989	497.9502	618.9379	708.3387	778.1817	860.9341	928.736	1026.294	1086.201	1168.266	1265.362	1316.107
369.5	0	0	0	0	2.588278	54.37136	291.1777	498.6608	619.7285	708.6652	778.3005	860.1612	928.1807	1025.401	1085.407	1167.59	1264.289	1315.729
369.6	0	0	0	0	2.588278	54.23371	291.4142	498.572	619.8273	707.5769	776.8746	860.29	929.1524	1024.508	1084.295	1168.097	1264.289	1315.918
369.7	0	0	0	0	2.588278	54.16489	290.8624	498.3943	619.0367	707.3593	775.4487	858.7441	929.2913	1023.168	1084.93	1168.434	1265.183	1317.051
369.8	0	0	0	0	2.588278	54.23371	291.1777	499.0161	619.1355	708.3387	775.5676	859.0018	927.903	1021.978	1085.407	1168.772	1264.11	1316.673
369.9	0	0	0	0	2.588278	54.37136	290.3895	499.1049	618.8391	707.5769	775.4487	860.1612	926.3759	1023.02	1084.613	1169.616	1265.541	1319.317
370	0	0	0	0	2.588278	54.16489	290.153	499.4602	618.2461	707.3593	774.1417	858.873	925.543	1024.21	1084.93	1169.785	1264.468	1321.016
370.1	0	0	0	0	2.529454	54.37136	290.0742	499.1937	618.3449	706.2711	774.4981	857.8424	926.0983	1023.913	1084.295	1169.279	1263.574	1319.506
370.2	0	0	0	0	2.529454	54.30254	290.7836	500.1708	618.7402	707.1417	774.2605	855.2659	925.4042	1024.657	1083.501	1169.954	1262.68	1320.261
370.3	0	0	0	0	2.529454	54.30254	291.2566	499.0161	618.2461	707.9034	774.4981	854.8794	924.5712	1024.359	1082.548	1170.967	1261.249	1321.016
370.4	0	0	0	0	2.529454	54.23371	290.6259	498.2166	618.6414	708.121	774.8546	855.7812	925.1265	1024.657	1083.183	1172.486	1260.713	1321.394
370.5	0	0	0	0	2.529454	54.23371	290.7836	498.4831	619.0367	708.121	774.9734	856.5541	925.6818	1025.996	1083.501	1173.161	1261.786	1322.149
370.6	0	0	0	0	2.529454	54.23371	290.7048	498.3055	619.9261	707.6857	775.2111	856.8118	924.8489	1025.847	1083.977	1172.993	1261.607	1321.583
370.7	0	0	0	0	2.529454	54.44019	290.7048	497.6837	620.1238	707.9034	774.4981	856.4253	924.5712	1026.591	1083.818	1171.98	1262.68	1321.394
370.8	0	0	0	0	2.529454	54.71548	290.2318	497.506	619.9261	707.0328	774.4981	857.7136	925.6818	1025.847	1084.295	1170.629	1264.289	1320.639
370.9	0	0	0	0	2.529454	54.71548	290.5471	496.7955	619.432	706.3799	774.8546	857.9712	925.4042	1026.74	1085.248	1170.967	1261.786	1321.583
371	0	0	0	0	2.529454	54.64666	290.7048	496.1737	619.1355	705.074	774.1417	857.9712	927.0701	1027.038	1085.248	1167.928	1262.859	1321.394
371.1	0	0	0	0.0488245	2.529454	54.92196	290.153	495.996	618.8391	704.7475	773.3099	859.1306	927.4865	1025.996	1084.771	1167.084	1263.932	1321.205
371.2	0	0	0	0.0488245	2.588278	54.92196	289.9165	495.7296	619.432	704.3122	773.191	858.4865	929.0136	1024.508	1085.407	1166.746	1262.859	1319.694
371.3	0	0	0	0.0488245	2.588278	54.78431	289.5224	495.9072	618.9379	704.9651	773.0722	860.0324	929.4301	1023.913	1085.248	1166.071	1263.037	1319.694
371.4	0	0	0	0.0488245	2.529454	54.99078	289.4436	496.529	619.3332	706.0534	774.3793	861.063	929.8466	1023.913	1085.407	1166.071	1263.753	1321.394
371.5	0	0	0	0.0488245	2.529454	54.99078	289.3647	496.9731	618.8391	705.1828	775.6864	862.0936	929.4301	1021.829	1085.724	1165.396	1262.501	1321.583
371.6	0	0	0	0.0488245	2.529454	55.12843	289.5224	496.7066	618.8391	704.3122	775.8052	861.9648	928.8748	1022.424	1087.154	1166.746	1262.68	1321.394
371.7	0	0	0	0.0488245	2.529454	55.26608	289.1283	497.1508	618.7402	705.074	776.0428	861.5783	929.4301	1022.722	1086.995	1167.422	1261.786	1320.639
371.8	0	0	0	0.0488245	2.529454	55.26608	289.2071	497.2396	617.4555	705.6181	775.0922	861.5783	927.0701	1022.722	1088.107	1167.928	1260.713	1319.506
371.9	0	0	0	0.0488245	2.529454	55.47255	289.1283	496.2625	617.2579	706.0534	775.5676	861.7071	927.4865	1022.722	1088.742	1168.603	1261.786	1319.506
372	0	0	0	0.0488245	2.529454	55.3349	288.7342	496.3513	617.6531	706.0534	774.9734	862.48	929.1524	1021.68	1088.424	1169.279	1262.859	1320.45
372.1	0	0	0	0.0488245	2.588278	55.40373	288.813	496.4402	618.4437	706.1622	774.8546	862.2224	929.7077	1021.829	1089.06	1168.266	1263.216	1318.75
372.2	0	0	0	0.0488245	2.588278	55.26608	288.0247	496.7066	619.0367	705.8358	775.6864	862.2224	929.5689	1021.383	1090.966	1168.097	1262.68	1316.673
372.3	0	0	0	0.0488245	2.529454	55.40373	287.7883	496.8843	619.2344	706.4887	774.8546	862.48	930.6795	1020.936	1088.583	1168.772	1262.501	1316.484
372.4	0	0	0	0	2.529454	55.40373	287.9459	496.7955	619.3332	706.1622	775.3299	863.3818	930.4019	1020.341	1089.695	1169.11	1262.859	1314.974
372.5	0	0	0	0.0488245	2.470629	55.3349	288.6553	496.6178	618.6414	705.8358	775.4487	863.8972	931.3736	1021.085	1089.854	1168.266	1264.11	1314.407
372.6	0	0	0	0.0488245	2.529454	55.26608	288.2612	496.9731	618.7402	706.3799	776.3993	865.4431	930.8183	1022.871	1089.536	1167.422	1263.395	1313.841
372.7	0	0	0	0.0488245	2.529454	55.12843	288.1824	497.506	618.0485	706.7064	776.7558	864.2836	930.1242	1022.871	1088.742	1167.759	1263.037	1313.463
372.8	0	0	0	0.0488245	2.529454	55.40373	288.4189	496.9731	618.0485	707.6857	776.5181	864.5413	930.6795	1022.573	1088.901	1168.266	1261.786	1313.463
372.9	0	0	0	0.0488245	2.529454	55.47255	288.6553	496.9731	617.6531	706.8152	776.0428	865.0566	929.7077	1022.722	1089.695	1168.434	1261.964	1312.708
373	0	0	0	0.0488245	2.529454	55.40373	288.0247	496.9731	617.8508	707.2505	776.1617	864.5413	929.1524	1022.722	1090.171	1168.434	1261.07	1311.386
373.1	0	0	0	0.0488245	2.588278	55.26608	288.4977	496.0849	617.0602	706.4887	776.1617	864.9277	929.2913	1020.638	1091.124	1169.279	1261.428	1312.33
373.2	0	0	0	0.0488245	2.588278	55.3349	288.5765	495.8184	617.5543	707.2505	775.8052	864.4124	929.4301	1020.043	1091.442	1169.279	1260.713	1312.708
373.3	0	0	0	0.0488245	2.588278	55.40373	288.0247	496.0849	616.9614	707.5769	776.2805	865.5718	929.5689	1020.192	1090.966	1168.097	1260.892	1312.141
373.4	0	0	0	0.0488245	2.588278	55.47255	287.5518	495.996	617.1591	706.4887	775.3299	865.3142	929.2913	1020.936	1092.395	1168.603	1260.355	1312.519
373.5	0	0	0	0.0488245	2.588278	55.54137	287.7094	494.7525	617.1591	705.8358	774.6169	864.5413	929.1524	1022.871	1091.918	1167.422	1260.534	1310.82
373.6	0	0	0	0.0488245	2.588278	55.54137	287.8671	495.2854	618.1473	705.5093	772.7158	864.5413	928.4583	1022.424	1091.76	1166.24	1261.428	1311.575
373.7	0	0	0	0.0488245	2.588278	55.67902	287.9459	494.7525	619.1355	705.4005	772.7158	862.7377	927.2089	1019.597	1091.124	1166.577	1261.249	1310.442
373.8	0	0	0	0.0488245	2.588278	55.81667	288.4977	494.7525	619.2344	704.2034	773.4287	862.6089	927.0701	1019.894	1091.442	1165.227	1260.176	1311.575
373.9	0	0	0	0.0488245	2.529454	55.81667	288.4977	494.8413	619.3332	705.4005	774.2605	862.6089	927.6254	1020.192	1091.283	1165.058	1259.997	1310.442
374	0	0	0	0.0488245	2.529454	55.6102	288.7342	494.8413	619.8273	705.4005	774.1417	863.1242	927.6254	1019.15	1091.283	1165.564	1259.282	1309.12
374.1	0	0	0	0.0488245	2.529454	55.54137	288.34	495.1966	619.432	706.3799	773.7852	862.9954	927.3477	1018.704	1089.695	1165.733	1259.103	1308.365
374.2	0	0	0	0.0488245	2.529454	55.40373	288.2612	495.8184	619.3332	706.3799	773.904	862.9954	927.0701	1018.704	1087.948	1164.72	1258.209	1309.309
374.3	0	0	0	0.0488245	2.470629	55.26608	288.813	495.7296	619.5308	706.1622	774.1417	862.7377	927.3477	1018.704	1088.742	1165.733	1256.779	1309.12
374.4	0	0	0	0.0488245	2.470629	55.3349	288.4977	495.9072	619.3332	706.3799	773.6664	862.9954	927.4865	1019.001	1088.583	1168.097	1257.315	1308.743
374.5	0	0	0	0.0488245	2.470629	55.54137	288.0247	496.529	619.7285	706.1622	772.0028	861.5783	927.0701	1017.513	1088.901	1168.266	1258.567	1309.687
374.6	0	0	0	0.0488245	2.470629	55.6102	288.1036	496.3513	620.1238	707.7946	772.0028	860.8054	925.2653	1017.216	1088.424	1169.616	1258.746	1308.365
374.7	0	0	0	0.0488245	2.470629	55.6102	288.1824	495.996	620.025	708.6652	772.9534	860.5477	925.8206	1018.257	1088.266	1168.434	1257.852	1307.61
374.8	0	0	0	0.0488245	2.470629	55.54137	288.4189	494.9301	619.7285	708.8828	772.9534	861.3206	925.543	1018.555	1088.107	1167.422	1257.315	1307.799
374.9	0	0	0	0.0488245	2.470629	55.40373	287.9459	494.3972	619.9261	708.6652	771.171	859.9036	925.543	1016.769	1087.789	1167.084	1255.348	1306.666
375	0	0	0	0.0488245	2.470629	55.40373	288.2612	494.5749	619.7285	709.1005	771.2899	860.1612	925.8206	1017.216	1086.836	1166.915	1254.275	1306.854
375.1	0	0	0	0.0488245	2.470629	55.26608	288.5765	495.2854	619.432	709.9711	771.5275	858.6154	926.0983	1017.067	1087.313	1167.759	1253.56	1308.554
375.2	0	0	0	0.0488245	2.529454	55.26608	288.7342	495.7296	619.3332	709.8622	771.171	859.1306	926.5148	1017.067	1087.313	1169.616	1254.275	1308.554
375.3	0	0	0	0.0488245	2.529454	55.0596	288.2612	495.996	620.519	709.2093	769.9828	859.1306	926.6536	1017.811	1085.883	1168.772	1253.023	1308.365
375.4	0	0	0	0.0488245	2.529454	54.92196	288.2612	495.996	620.4202	708.6652	770.6957	858.873	928.5971	1018.108	1085.248	1169.11	1253.202	1307.61
375.5	0	0	0	0.0488245	2.529454	54.78431	288.7342	495.8184	620.4202	709.3181	770.8146	859.1306	928.1807	1018.853	1084.613	1169.279	1252.129	1307.421
375.6	0	0	0	0.0488245	2.529454	54.71548	288.8918	495.8184	620.6179	708.9916	771.5275	859.0018	928.4583	1018.406	1083.342	1169.785	1250.52	1307.61
375.7	0	0	0	0.0488245	2.529454	54.57783	288.7342	496.4402	620.2226	708.8828	770.9334	858.1	928.8748	1018.555	1082.548	1168.941	1250.341	1307.61
375.8	0	0	0	0.0488245	2.529454	54.71548	288.6553	496.4402	620.025	708.121	771.2899	858.7441	929.2913	1019.15	1083.818	1168.266	1249.983	1309.309
375.9	0	0	0	0.0488245	2.470629	54.71548	287.9459	496.2625	619.2344	707.3593	770.9334	858.7441	927.3477	1019.448	1084.136	1168.266	1250.341	1309.12
376	0	0	0	0.0488245	2.470629	55.0596	288.1824	496.6178	619.1355	706.0534	770.6957	858.873	928.0418	1017.216	1083.66	1167.759	1249.804	1308.554
376.1	0	0	0	0.0488245	2.470629	54.85313	287.7094	496.0849	619.3332	705.8358	770.2205	858.6154	928.0418	1016.323	1083.183	1167.59	1250.162	1308.743
376.2	0	0	0	0	2.470629	54.78431	287.3941	496.1737	618.5426	705.4005	769.864	858.6154	927.7642	1016.471	1083.183	1168.097	1249.626	1307.421
376.3	0	0	0	0	2.470629	54.78431	286.4482	496.1737	618.6414	705.1828	769.864	857.1982	927.7642	1016.62	1081.277	1167.253	1249.626	1308.365
376.4	0	0	0	0	2.470629	54.85313	286.2118	496.0849	618.6414	703.9857	769.9828	856.2965	928.0418	1016.62	1080.801	1167.759	1249.447	1307.421
376.5	0	0	0	0	2.470629	54.85313	286.2906	494.8413	619.2344	703.2239	769.7451	856.4253	927.3477	1017.067	1080.642	1167.759	1250.52	1307.799
376.6	0	0	0	0	2.529454	55.0596	285.66	494.9301	618.9379	702.6798	770.6957	856.4253	927.2089	1014.834	1081.277	1166.409	1250.699	1307.61
376.7	0	0	0	0	2.529454	55.26608	285.2659	495.4631	618.4437	702.571	769.864	856.2965	926.7924	1013.941	1080.801	1167.084	1249.804	1306.666
376.8	0	0	0	0	2.470629	55.26608	285.5023	495.4631	617.8508	701.8093	770.2205	855.6523	926.3759	1013.346	1079.848	1164.045	1249.268	1304.589
376.9	0	0	0	0	2.411805	55.47255	285.3447	495.5519	617.8508	702.571	770.8146	857.0695	925.6818	1013.644	1080.642	1163.538	1248.195	1302.7
377	0	0	0	0	2.411805	55.3349	285.2659	495.7296	618.1473	701.374	770.8146	857.4559	925.1265	1013.346	1081.595	1163.201	1247.659	1303.078
377.1	0	0	0	0	2.411805	55.3349	285.1082	495.1966	617.752	701.4828	770.5769	857.9712	924.4324	1013.495	1079.848	1163.032	1248.553	1303.833
377.2	0	0	0	0	2.35298	55.40373	285.1082	495.3743	619.1355	701.374	771.0522	857.3271	923.4606	1011.56	1078.418	1161.85	1248.374	1304.777
377.3	0	0	0	0	2.411805	55.67902	285.5023	495.1078	618.3449	701.2651	770.9334	856.9406	923.0441	1011.114	1078.418	1161.006	1248.374	1305.91
377.4	0	0	0	0	2.411805	55.81667	285.3447	494.8413	617.8508	701.7004	770.4581	856.2965	923.4606	1012.304	1078.736	1160.5	1248.016	1306.099
377.5	0	0	0	0	2.411805	55.67902	286.0541	494.9301	618.7402	702.0269	769.3887	855.7812	923.183	1014.09	1078.577	1161.006	1246.943	1306.666
377.6	0	0	0	0	2.411805	55.67902	285.8177	494.6637	618.4437	701.7004	769.6263	855.2659	921.7947	1014.834	1078.418	1159.993	1248.732	1305.91
377.7	0	0	0	0	2.411805	55.74785	285.5023	494.5749	618.5426	701.0475	770.6957	855.0082	922.4888	1014.09	1078.895	1159.487	1249.268	1307.043
377.8	0	0	0	0	2.411805	55.95432	285.4235	494.6637	617.8508	701.374	772.2405	853.2047	923.3218	1013.644	1077.624	1159.487	1249.089	1306.666
377.9	0	0	0	0	2.411805	55.95432	284.9506	494.5749	617.8508	701.4828	772.3593	852.947	923.8771	1013.495	1078.101	1158.98	1249.268	1304.211
378	0	0	0	0	2.411805	55.8855	285.1871	494.6637	617.4555	702.0269	772.1216	852.6894	924.2936	1013.048	1077.465	1157.967	1248.553	1306.099
378.1	0	0	0	0	2.35298	55.81667	285.2659	494.8413	616.8625	702.0269	772.5969	852.3029	924.8489	1011.858	1077.307	1157.461	1249.447	1307.61
378.2	0	0	0	0	2.35298	55.74785	285.3447	494.2195	617.9496	701.7004	772.2405	853.2047	924.4324	1011.263	1077.148	1157.292	1248.016	1308.932
378.3	0	0	0	0	2.35298	56.36727	285.8965	493.6866	617.1591	701.0475	771.4087	853.2047	925.8206	1011.709	1076.83	1155.604	1249.804	1308.932
378.4	0	0	0	0	2.35298	56.4361	285.7388	492.976	617.752	701.8093	771.6464	852.947	925.9595	1011.114	1076.195	1154.76	1248.732	1308.176
378.5	0	0	0	0	2.35298	56.71139	285.7388	493.1537	617.0602	701.0475	771.5275	854.2353	924.71	1011.114	1076.83	1155.097	1246.764	1309.309
378.6	0	0	0	0	2.35298	56.64257	285.3447	493.5978	616.6649	701.2651	772.2405	854.6218	924.0159	1012.304	1076.83	1154.591	1249.268	1308.743
378.7	0	0	0	0	2.411805	56.57374	285.66	493.8643	616.6649	701.4828	771.171	854.1064	922.2112	1012.9	1075.877	1155.773	1247.122	1306.099
378.8	0	0	0	0	2.411805	56.22962	285.8965	493.5089	616.8625	701.374	771.6464	854.2353	921.9335	1013.793	1076.354	1155.604	1248.553	1305.721
378.9	0	0	0	0	2.411805	56.22962	285.5023	493.1537	616.3685	700.9387	771.6464	854.7506	921.9335	1013.644	1076.512	1155.773	1248.553	1305.91
379	0	0	0	0	2.411805	56.4361	285.0294	492.976	615.5778	700.0681	771.884	855.6523	921.9335	1012.9	1076.512	1157.292	1250.162	1304.966
379.1	0	0	0	0	2.411805	56.50492	285.0294	491.3772	615.8743	700.5034	772.5969	855.0082	922.7665	1013.644	1075.877	1159.149	1250.162	1304.777
379.2	0	0	0	0	2.411805	56.57374	285.0294	491.1107	616.072	699.7416	773.6664	855.2659	923.183	1013.346	1076.354	1157.798	1250.162	1303.833
379.3	0	0	0	0	2.35298	56.50492	285.1082	490.4889	615.0837	700.0681	772.7158	855.3947	923.0441	1011.709	1076.036	1158.474	1250.162	1303.833
379.4	0	0	0	0	2.35298	56.57374	285.4235	491.466	615.479	700.3945	772.1216	854.7506	922.7665	1012.304	1076.512	1159.656	1249.804	1303.833
379.5	0	0	0	0	2.35298	56.57374	285.3447	491.2883	616.5661	699.5239	771.0522	854.6218	922.9053	1012.453	1076.83	1160.162	1248.91	1302.134
379.6	0	0	0	0	2.35298	56.50492	285.5812	491.7325	616.6649	699.4151	771.4087	855.1371	923.3218	1012.453	1076.036	1160.5	1248.374	1303.456
379.7	0	0	0	0	2.35298	56.50492	285.5812	491.1107	616.4673	699.0886	772.0028	855.5236	922.4888	1012.007	1075.56	1160.837	1248.91	1303.644
379.8	0	0	0	0	2.35298	56.36727	285.7388	491.7325	615.5778	698.0004	772.0028	855.3947	923.3218	1012.304	1074.448	1163.201	1249.268	1303.267
379.9	0	0	0	0	2.35298	56.57374	285.7388	491.8213	615.2814	697.5651	772.1216	856.8118	923.183	1012.007	1073.813	1161.85	1247.837	1301.945
380	0	0	0	0	2.35298	56.71139	285.2659	491.2883	615.5778	698.4357	772.1216	856.1677	923.5994	1012.304	1073.654	1161.85	1246.943	1301.756
380.1	0	0	0	0	2.35298	56.71139	285.8965	490.4001	615.5778	698.4357	772.3593	854.8794	925.1265	1012.304	1073.177	1162.019	1246.407	1303.267
380.2	0	0	0	0	2.35298	56.71139	286.3694	491.1107	616.072	699.4151	772.9534	854.3641	926.0983	1013.644	1074.289	1160.5	1245.87	1303.644
380.3	0	0	0	0	2.411805	56.71139	286.5271	491.1107	615.479	698.1092	772.8346	853.9777	925.6818	1012.453	1074.607	1159.824	1245.513	1303.456
380.4	0	0	0	0	2.411805	56.64257	286.3694	490.3113	614.7872	698.0004	771.5275	854.1064	925.8206	1012.007	1074.448	1159.318	1245.692	1304.777
380.5	0	0	0	0	2.35298	56.4361	285.66	489.5118	614.6884	698.6533	770.9334	854.1064	926.3759	1011.263	1073.813	1159.318	1245.513	1304.211
380.6	0	0	0	0	2.35298	56.36727	285.3447	489.6007	614.7872	698.9798	771.7651	853.4623	926.7924	1010.518	1073.654	1160.162	1246.586	1304.211
380.7	0	0	0	0	2.35298	56.29845	285.66	489.8672	614.1943	698.5445	772.3593	853.3335	927.6254	1009.328	1073.971	1159.149	1248.016	1303.456
380.8	0	0	0	0	2.35298	56.29845	285.9753	490.2224	615.479	697.7827	772.2405	852.8182	926.3759	1009.03	1074.13	1158.474	1246.764	1302.7
380.9	0	0	0	0	2.35298	56.36727	285.8965	490.3113	615.5778	697.6739	773.4287	853.0759	926.2371	1009.179	1074.924	1157.292	1246.586	1302.889
381	0	0	0	0	2.35298	56.64257	285.8965	490.4001	615.7755	698.218	774.2605	854.1064	925.4042	1009.328	1074.448	1156.11	1248.195	1301.945
381.1	0	0	0	0	2.35298	56.78022	286.0541	489.6007	615.479	696.8033	774.8546	854.6218	925.9595	1009.03	1074.448	1157.63	1248.732	1301.756
381.2	0	0	0	0	2.411805	56.84904	285.8177	490.1336	615.7755	697.1298	774.2605	855.5236	924.4324	1008.584	1075.083	1156.786	1246.586	1302.134
381.3	0	0	0	0	2.411805	56.78022	285.1082	490.2224	615.479	697.4562	774.7358	855.1371	925.1265	1008.881	1074.765	1155.773	1248.016	1300.623
381.4	0	0	0	0	2.411805	56.64257	285.4235	490.5778	616.3685	697.5651	774.9734	855.6523	924.9877	1008.584	1074.924	1155.941	1248.374	1300.434
381.5	0	0	0	0	2.411805	56.78022	285.0294	490.4001	617.5543	696.9121	774.3793	856.5541	924.5712	1009.328	1075.083	1156.617	1248.016	1300.057
381.6	0	0	0	0	2.411805	56.78022	285.0294	490.4889	618.1473	696.4768	774.3793	854.7506	923.4606	1009.328	1076.036	1156.448	1248.732	1299.49
381.7	0	0	0	0	2.35298	56.78022	284.7141	491.0219	617.8508	697.1298	774.6169	856.0388	923.183	1008.286	1074.289	1154.928	1248.195	1299.679
381.8	0	0	0	0	2.35298	56.64257	285.1082	491.9101	618.3449	697.6739	774.8546	855.5236	923.5994	1009.179	1072.383	1155.773	1247.837	1300.057
381.9	0	0	0	0	2.294156	56.50492	285.1082	491.1995	618.4437	696.8033	775.2111	856.5541	922.4888	1009.179	1071.271	1156.954	1247.301	1299.301
382	0	0	0	0	2.294156	56.29845	285.1871	491.1107	619.1355	696.1504	775.2111	856.5541	923.5994	1008.881	1071.748	1158.98	1246.049	1299.301
382.1	0	0	0	0	2.294156	56.22962	285.3447	490.1336	618.6414	695.9327	773.904	855.7812	922.6277	1008.881	1072.701	1158.474	1244.619	1299.49
382.2	0	0	0	0	2.35298	56.22962	285.7388	490.2224	619.1355	695.6063	773.191	855.0082	921.6559	1009.625	1073.654	1159.149	1244.619	1299.49
382.3	0	0	0	0	2.35298	56.1608	285.7388	489.5118	619.432	696.6945	773.6664	854.2353	922.0724	1008.584	1072.065	1158.474	1244.797	1298.546
382.4	0	0	0	0	2.35298	56.50492	285.8177	490.4889	619.9261	696.4768	773.7852	853.4623	921.3782	1007.393	1072.065	1159.824	1243.724	1298.924
382.5	0	0	0	0	2.35298	56.36727	284.8718	490.3113	619.9261	696.6945	773.5475	851.9164	919.8512	1007.691	1071.589	1159.824	1242.651	1298.735
382.6	0	0	0	0	2.35298	56.29845	285.2659	490.2224	619.9261	696.8033	773.191	851.53	920.1288	1006.798	1072.383	1161.006	1243.903	1299.113
382.7	0	0	0	0	2.35298	56.36727	285.9753	489.956	619.8273	696.6945	772.2405	850.6282	920.8229	1006.5	1073.654	1160.668	1243.546	1297.413
382.8	0	0	0	0	2.35298	56.50492	285.9753	490.3113	618.9379	697.2386	771.7651	849.8553	919.99	1003.672	1072.701	1159.318	1243.724	1297.224
382.9	0	0	0	0	2.35298	56.64257	286.133	490.1336	619.1355	698.0004	771.7651	849.8553	919.4347	1004.565	1073.813	1158.305	1244.44	1295.714
383	0	0	0	0	2.35298	56.78022	286.2118	489.8672	618.8391	697.2386	772.0028	849.5976	919.2959	1003.077	1073.495	1156.954	1242.83	1294.581
383.1	0	0	0	0	2.35298	56.78022	286.7635	489.956	618.5426	697.1298	771.5275	849.4688	919.0182	1002.184	1073.813	1156.786	1244.261	1295.336
383.2	0	0	0	0	2.35298	56.78022	286.8424	489.956	618.0485	697.4562	770.8146	850.1129	918.463	1001.589	1073.177	1157.123	1244.44	1293.637
383.3	0	0	0	0	2.35298	56.64257	286.3694	490.4889	617.9496	697.2386	770.1016	850.3705	918.463	1001.887	1073.336	1157.123	1243.546	1293.637
383.4	0	0	0	0	2.35298	56.50492	286.7635	489.6007	617.8508	697.5651	770.6957	850.4994	918.6017	1001.738	1073.177	1157.461	1244.44	1294.581
383.5	0	0	0	0	2.35298	56.57374	286.8424	489.5118	618.0485	698.871	771.6464	849.7264	918.7406	1002.184	1073.971	1157.798	1244.976	1293.07
383.6	0	0	0	0	2.35298	56.50492	286.7635	489.8672	617.3567	698.4357	772.0028	850.1129	918.6017	1002.631	1073.813	1158.305	1245.155	1293.259
383.7	0	0	0	0	2.35298	56.4361	286.6847	490.3113	617.9496	698.1092	771.5275	850.8859	918.1853	1004.119	1074.765	1158.136	1246.407	1294.77
383.8	0	0	0	0	2.411805	56.22962	286.5271	491.466	617.752	698.0004	772.0028	851.53	917.7688	1003.672	1073.495	1157.798	1246.764	1294.581
383.9	0	0	0	0	2.411805	56.1608	286.6847	491.2883	618.4437	697.1298	772.4781	851.1435	916.6582	1004.417	1072.383	1159.318	1246.407	1294.581
384	0	0	0	0	2.411805	56.29845	286.3694	491.3772	617.2579	696.1504	771.6464	850.1129	917.2135	1004.417	1072.065	1158.811	1245.334	1294.392
384.1	0	0	0	0	2.35298	56.4361	285.8177	491.2883	617.1591	696.5856	770.8146	850.757	917.3524	1004.119	1073.336	1158.98	1243.009	1293.259
384.2	0	0	0	0	2.35298	56.4361	284.7141	490.7554	616.2696	696.9121	771.5275	850.757	917.3524	1004.565	1072.065	1159.656	1242.651	1294.203
384.3	0	0	0	0	2.35298	56.36727	284.9506	491.1107	615.8743	697.7827	772.3593	851.9164	917.2135	1005.161	1073.336	1160.668	1241.221	1293.259
384.4	0	0	0	0	2.35298	56.36727	285.3447	491.0219	614.6884	698.6533	772.5969	850.2418	918.0464	1005.012	1073.177	1161.006	1241.578	1294.581
384.5	0	0	0	0	2.35298	56.36727	285.2659	490.4001	614.2932	699.1974	773.7852	850.1129	917.0747	1004.565	1074.289	1160.5	1242.83	1294.392
384.6	0	0	0	0	2.411805	56.4361	285.1871	490.4889	614.0955	698.218	772.5969	850.1129	917.63	1002.184	1074.765	1161.513	1241.936	1294.014
384.7	0	0	0	0	2.411805	56.29845	285.4235	490.5778	614.5896	697.7827	772.3593	850.1129	916.7971	1002.78	1074.765	1162.357	1241.578	1294.581
384.8	0	0	0	0	2.411805	56.22962	285.3447	491.2883	615.1826	697.3474	772.1216	849.5976	916.6582	1002.333	1075.083	1161.006	1240.327	1294.581
384.9	0	0	0	0	2.411805	56.09197	285.7388	491.2883	614.886	696.9121	771.6464	849.2111	917.0747	1004.268	1074.765	1162.526	1240.863	1295.714
385	0	0	0	0	2.411805	56.09197	285.3447	490.3113	614.5896	697.1298	770.5769	849.2111	916.5194	1004.119	1074.607	1161.344	1242.473	1296.847
385.1	0	0	0	0	2.35298	56.02315	285.0294	489.6007	614.5896	696.4768	770.4581	848.0517	917.2135	1003.821	1074.607	1161.85	1241.757	1296.469
385.2	0	0	0	0	2.35298	55.95432	285.5023	489.423	613.7002	695.2798	771.171	847.0211	915.27	1004.714	1072.701	1161.344	1241.757	1295.714
385.3	0	0	0	0	2.35298	55.81667	285.5812	488.8901	612.7119	694.6268	770.6957	846.6346	916.5194	1005.458	1072.701	1161.006	1241.936	1295.336
385.4	0	0	0	0	2.411805	55.81667	284.9506	488.5348	612.8107	693.7562	769.9828	846.377	916.1029	1005.756	1072.859	1161.681	1241.936	1295.525
385.5	0	0	0	0	2.470629	55.81667	284.7929	488.8012	612.8107	692.8856	770.2205	844.8311	914.8535	1005.756	1072.859	1161.175	1242.115	1296.091
385.6	0	0	0	0	2.470629	55.74785	284.9506	488.9789	613.5025	692.015	769.864	843.6717	914.8535	1005.458	1072.859	1161.175	1241.578	1294.392
385.7	0	0	0	0	2.470629	55.40373	285.0294	489.6007	613.9966	691.1444	769.7451	844.5735	913.4653	1004.565	1072.065	1159.318	1241.757	1295.147
385.8	0	0	0	0	2.470629	55.47255	285.1871	489.3342	613.7002	691.0356	769.3887	843.8005	912.6323	1004.565	1071.589	1159.656	1240.148	1297.036
385.9	0	0	0	0	2.470629	55.26608	285.5812	488.8901	613.8978	691.2532	769.6263	843.8005	912.91	1004.268	1070.318	1160.5	1239.969	1296.658
386	0	0	0	0	2.470629	55.19725	285.2659	488.1795	613.3049	691.6885	769.864	844.3158	913.6041	1005.756	1069.842	1160.5	1239.969	1295.147
386.1	0	0	0	0	2.470629	55.26608	285.4235	488.7124	613.3049	690.9268	771.0522	844.3158	914.0206	1007.095	1069.207	1160.331	1240.863	1294.581
386.2	0	0	0	0	2.411805	54.99078	285.4235	488.0907	613.4037	691.7974	771.0522	844.7023	913.7429	1007.393	1068.73	1159.824	1242.294	1294.203
386.3	0	0	0	0	2.411805	55.26608	285.4235	487.6465	613.5025	692.3415	769.864	844.4446	913.7429	1006.649	1069.365	1159.824	1241.936	1295.714
386.4	0	0	0	0	2.35298	54.99078	285.1082	487.8242	613.9966	692.015	769.864	843.0276	912.4935	1008.435	1070.001	1161.175	1242.294	1295.525
386.5	0	0	0	0	2.35298	54.71548	284.8718	488.2683	613.1072	691.6885	770.2205	841.8682	912.2158	1007.691	1070.795	1161.175	1242.115	1295.714
386.6	0	0	0	0	2.35298	54.57783	284.7929	488.1795	614.5896	692.3415	769.5075	842.3834	913.0488	1007.095	1071.112	1162.019	1242.294	1295.336
386.7	0	0	0	0	2.35298	54.71548	284.2412	488.0907	614.5896	692.1238	769.2698	841.6105	913.7429	1005.905	1071.271	1160.668	1242.651	1297.224
386.8	0	0	0	0	2.411805	54.71548	284.4776	488.6236	614.9849	691.7974	769.2698	841.7393	912.6323	1005.756	1071.907	1162.694	1243.009	1297.036
386.9	0	0	0	0	2.411805	54.64666	284.4776	488.7124	614.7872	691.0356	769.3887	841.4817	911.6605	1005.161	1071.589	1163.37	1240.506	1297.791
387	0	0	0	0	2.411805	54.44019	284.6353	488.8901	614.9849	689.9474	770.6957	841.8682	910.9664	1005.607	1071.907	1163.201	1239.79	1297.224
387.1	0	0	0	0	2.470629	54.16489	284.5565	489.2454	615.1826	689.7297	769.9828	841.6105	910.8276	1004.268	1072.701	1162.019	1239.433	1296.091
387.2	0	0	0	0	2.470629	54.16489	284.4776	489.6007	614.9849	689.4033	769.0322	840.1934	911.1052	1005.012	1073.018	1161.006	1240.148	1295.336
387.3	0	0	0	0	2.470629	54.09606	284.5565	489.5118	615.1826	690.3827	769.9828	840.7087	911.7994	1005.012	1071.271	1161.85	1238.896	1293.259
387.4	0	0	0	0	2.470629	54.02724	284.1624	489.1566	615.3802	690.4915	769.2698	840.5799	911.2441	1004.417	1070.001	1161.681	1239.254	1293.259
387.5	0	0	0	0	2.470629	53.95841	284.2412	488.8901	614.7872	689.4033	768.7946	841.4817	911.7994	1003.672	1070.795	1162.694	1238.36	1294.392
387.6	0	0	0	0	2.470629	53.88959	284.32	488.5348	614.4908	690.2739	767.8439	841.8682	911.3829	1001.887	1070.16	1162.188	1238.181	1294.958
387.7	0	0	0	0	2.470629	53.75194	284.0047	488.9789	614.886	690.6003	769.151	841.6105	911.2441	1000.547	1069.524	1160.837	1238.002	1294.77
387.8	0	0	0	0	2.470629	53.75194	284.32	488.8012	615.0837	690.7091	768.6757	841.8682	910.9664	1002.631	1069.842	1161.513	1237.823	1294.581
387.9	0	0	0	0	2.470629	53.61429	284.2412	488.6236	614.7872	690.8179	767.4875	841.6105	912.2158	1001.738	1069.842	1159.824	1238.181	1295.336
388	0	0	0	0	2.470629	53.75194	284.1624	488.0907	614.392	691.1444	766.4181	842.3834	912.7711	1002.928	1069.048	1159.149	1238.896	1296.28
388.1	0	0	0	0	2.470629	53.68311	283.6894	488.5348	614.1943	691.0356	765.8239	841.7393	913.8817	1002.333	1071.907	1158.643	1240.327	1295.714
388.2	0	0	0	0	2.411805	53.68311	283.5317	488.9789	614.1943	691.7974	766.5369	840.1934	912.91	1003.97	1070.001	1158.811	1239.611	1295.147
388.3	0	0	0	0	2.411805	53.82076	282.9012	487.6465	614.7872	691.7974	766.7745	840.0646	914.0206	1004.268	1069.365	1157.798	1237.823	1293.259
388.4	0	0	0	0	2.411805	53.61429	283.1376	487.913	615.7755	691.9062	766.5369	839.034	914.0206	1004.565	1070.318	1158.98	1238.002	1294.203
388.5	0	0	0	0	2.411805	53.54546	282.7435	488.1795	615.479	691.4709	766.2993	839.1628	914.0206	1005.012	1069.842	1157.292	1238.002	1295.147
388.6	0	0	0	0	2.411805	53.75194	283.2165	489.1566	615.3802	693.4297	766.1804	839.1628	913.1876	1006.054	1067.777	1156.279	1237.644	1293.826
388.7	0	0	0	0	2.411805	53.68311	283.2165	488.9789	615.0837	692.9944	767.6063	838.5187	912.3547	1005.607	1066.665	1156.448	1237.823	1293.637
388.8	0	0	0	0	2.411805	53.68311	283.1376	488.5348	615.2814	692.7768	767.2498	838.1322	911.1052	1005.31	1065.554	1155.941	1237.466	1294.392
388.9	0	0	0	0	2.470629	53.88959	283.1376	487.8242	615.5778	692.4503	767.6063	838.6475	909.8558	1005.756	1066.824	1155.435	1236.393	1292.693
389	0	0	0	0	2.470629	54.09606	283.2953	488.3571	615.9731	692.015	766.6557	838.261	910.1335	1003.672	1066.824	1155.266	1235.32	1291.748
389.1	0	0	0	0	2.470629	54.16489	283.6106	488.3571	615.7755	691.4709	766.4181	838.9052	909.4393	1002.482	1066.507	1155.773	1235.499	1291.182
389.2	0	0	0	0	2.470629	54.09606	283.5317	488.3571	616.1708	691.5797	765.5863	838.261	909.717	1000.994	1066.665	1155.435	1235.141	1291.748
389.3	0	0	0	0	2.470629	54.16489	283.0588	488.1795	615.3802	690.7091	765.5863	838.9052	910.5499	1000.398	1066.03	1156.11	1234.783	1291.56
389.4	0	0	0	0	2.470629	54.23371	282.98	487.8242	614.886	690.6003	766.0616	839.8069	910.6888	999.5054	1066.983	1156.617	1235.677	1291.56
389.5	0	0	0	0	2.470629	54.23371	283.2953	488.0907	615.2814	690.0562	765.4675	839.6781	909.4393	999.0589	1066.03	1156.279	1234.426	1292.126
389.6	0	0	0	0	2.470629	54.37136	283.4529	488.5348	616.1708	689.7297	765.7051	839.6781	909.717	998.7612	1065.554	1155.604	1235.677	1292.881
389.7	0	0	0	0	2.470629	54.37136	283.5317	489.1566	616.4673	689.1856	765.8239	839.4205	910.5499	998.7612	1066.03	1153.747	1236.571	1291.56
389.8	0	0	0	0	2.470629	54.37136	283.5317	489.6895	616.3685	688.315	764.8734	839.5493	911.1052	998.3148	1065.871	1152.565	1237.823	1292.315
389.9	0	0	0	0	2.529454	54.37136	284.1624	489.2454	615.8743	688.2062	764.9922	839.9358	911.9382	997.273	1065.871	1151.89	1237.108	1292.504
390	0	0	0	0	2.470629	54.44019	284.7929	490.0448	615.479	689.7297	764.6357	839.6781	912.7711	997.7195	1064.76	1151.383	1236.929	1295.147
390.1	0	0	0	0	2.470629	54.71548	284.9506	489.6895	615.6767	690.4915	763.3286	840.1934	912.2158	997.4218	1064.918	1152.903	1236.214	1293.448
390.2	0	0	0	0	2.529454	54.64666	285.2659	490.0448	615.1826	690.7091	763.8039	840.5799	912.2158	997.1242	1066.03	1153.24	1234.962	1292.504
390.3	0	0	0	0	2.529454	54.44019	285.4235	490.5778	614.886	690.6003	762.2592	840.9664	911.6605	996.9753	1065.395	1153.578	1233.531	1291.937
390.4	0	0	0	0	2.529454	54.30254	285.0294	489.7783	615.1826	690.8179	761.3086	840.7087	910.9664	996.2313	1064.918	1153.578	1234.604	1291.182
390.5	0	0	0	0	2.529454	54.37136	285.1082	489.956	615.6767	689.7297	760.5956	839.034	909.1617	996.2313	1063.171	1152.565	1233.531	1293.826
390.6	0	0	0	0.0488245	2.529454	54.44019	284.8718	489.5118	616.6649	689.5121	760.8333	839.5493	907.7734	996.0824	1064.283	1152.227	1231.743	1293.637
390.7	0	0	0	0.0488245	2.529454	54.50901	285.1871	489.5118	616.2696	689.4033	761.1898	838.3899	907.6346	995.1895	1063.965	1151.214	1230.491	1292.126
390.8	0	0	0	0.0488245	2.529454	54.50901	285.4235	489.3342	615.9731	688.8591	761.1898	839.034	908.1899	993.5524	1063.489	1151.552	1231.743	1293.07
390.9	0	0	0	0.0488245	2.529454	54.71548	285.66	489.423	615.7755	688.7503	761.6651	839.5493	907.2181	993.4036	1063.648	1153.24	1233.174	1294.203
391	0	0	0	0.0488245	2.529454	54.37136	285.7388	488.8901	615.6767	688.2062	761.9027	839.8069	906.9405	993.5524	1064.918	1152.396	1234.604	1293.826
391.1	0	0	0	0.0488245	2.529454	54.64666	285.9753	488.2683	615.5778	687.3356	761.7839	839.9358	907.0793	992.8083	1064.76	1154.422	1234.068	1292.693
391.2	0	0	0	0.0488245	2.588278	54.78431	285.5023	487.913	615.9731	687.0091	762.2592	840.451	905.4135	994.2965	1064.124	1154.928	1232.995	1292.315
391.3	0	0	0	0.0488245	2.588278	54.64666	285.5023	487.913	615.7755	687.1179	761.9027	840.1934	904.8582	994.743	1063.807	1156.11	1234.604	1292.881
391.4	0	0	0	0.0488245	2.588278	54.64666	285.8965	488.0018	615.0837	687.8797	763.091	840.3223	904.5805	994.2965	1065.554	1154.76	1234.962	1294.392
391.5	0	0	0	0.0488245	2.588278	54.78431	286.5271	487.913	615.0837	687.2267	762.8533	841.3528	905.1358	993.85	1064.442	1154.253	1235.32	1292.126
391.6	0	0	0	0.0488245	2.647103	54.78431	286.5271	488.0018	615.3802	688.2062	763.4474	841.3528	905.6911	994.743	1063.965	1154.76	1236.214	1291.937
391.7	0	0	0	0.0488245	2.588278	54.99078	286.2906	488.3571	615.6767	687.7709	762.6157	841.0952	905.8299	994.4454	1062.695	1154.253	1235.856	1291.182
391.8	0	0	0	0.0488245	2.588278	54.92196	286.6847	488.6236	616.072	688.7503	762.6157	840.3223	905.9688	994.2965	1061.107	1153.916	1235.856	1290.993
391.9	0	0	0	0.0488245	2.588278	54.64666	287.1577	488.8012	615.9731	689.8386	761.7839	840.5799	904.7193	993.7012	1060.789	1154.253	1235.141	1290.238
392	0	0	0	0.0488245	2.588278	54.57783	287.6306	489.0677	615.3802	690.8179	761.5463	840.3223	906.1075	992.8083	1059.677	1153.24	1235.677	1291.371
392.1	0	0	0	0.0488245	2.588278	54.44019	287.8671	489.2454	616.1708	690.8179	763.091	840.8375	907.0793	991.1712	1058.565	1153.916	1235.499	1291.182
392.2	0	0	0	0.0488245	2.588278	54.44019	288.0247	489.8672	616.2696	690.4915	763.3286	839.6781	907.7734	991.1712	1059.836	1153.747	1235.677	1290.804
392.3	0	0	0	0.0488245	2.588278	54.37136	287.3153	489.3342	616.072	690.9268	763.6851	838.7764	907.0793	991.9153	1058.248	1153.747	1234.962	1289.86
392.4	0	0	0	0.0488245	2.588278	54.23371	287.3941	488.6236	615.9731	691.1444	763.4474	837.8746	906.9405	991.4689	1059.677	1152.734	1234.247	1290.049
392.5	0	0	0	0.0488245	2.588278	54.23371	286.9212	487.913	615.479	690.3827	764.0416	838.9052	906.1075	992.213	1057.93	1153.24	1233.71	1289.483
392.6	0	0	0	0.0488245	2.647103	54.44019	287.1577	488.3571	616.072	690.165	765.111	839.034	906.2464	992.0641	1058.724	1152.734	1233.174	1290.049
392.7	0	0	0	0.0488245	2.647103	54.57783	287.0789	487.6465	616.072	689.7297	764.7545	839.6781	905.2746	991.7665	1059.836	1151.89	1232.995	1289.294
392.8	0	0	0	0.0488245	2.705927	54.50901	286.3694	486.6695	615.2814	688.5327	764.5168	838.5187	906.1075	991.1712	1059.836	1151.721	1232.101	1289.483
392.9	0	0	0	0.0488245	2.647103	54.37136	286.0541	486.6695	615.1826	689.0768	764.1604	837.4881	906.524	991.9153	1060.312	1153.409	1231.207	1288.727
393	0	0	0	0.0488245	2.588278	54.37136	286.5271	486.5806	615.8743	690.165	765.7051	837.8746	906.1075	991.6177	1058.248	1152.903	1230.849	1288.727
393.1	0	0	0	0.0488245	2.588278	54.16489	286.2906	485.3371	616.2696	690.3827	765.9427	838.1322	905.8299	991.1712	1058.248	1152.396	1229.418	1287.783
393.2	0	0	0	0.0488245	2.588278	54.02724	285.5023	485.4259	616.6649	691.4709	765.111	837.6169	905.1358	989.683	1058.089	1154.928	1230.67	1288.161
393.3	0	0	0	0.0488245	2.647103	54.23371	285.3447	485.3371	617.9496	691.0356	765.2298	838.6475	904.4417	991.0224	1058.089	1153.578	1233.174	1288.161
393.4	0	0	0	0.0488245	2.647103	54.23371	284.7929	484.6265	618.1473	690.6003	765.5863	838.3899	903.7476	990.5759	1057.136	1152.565	1232.995	1286.839
393.5	0	0	0	0.0488245	2.647103	54.30254	285.1871	484.6265	616.7637	691.1444	766.4181	838.5187	903.8864	991.32	1057.612	1150.539	1232.816	1286.65
393.6	0	0	0	0.0488245	2.647103	54.23371	285.2659	485.3371	616.5661	691.1444	766.5369	838.1322	903.3311	992.3618	1058.089	1149.864	1234.068	1286.65
393.7	0	0	0	0.0488245	2.588278	54.30254	285.1082	485.4259	616.2696	691.3621	765.8239	837.4881	903.8864	991.9153	1058.406	1150.877	1234.068	1286.461
393.8	0	0	0	0.0488245	2.588278	54.30254	284.7929	485.1595	616.6649	691.9062	765.111	836.844	905.1358	992.6594	1057.93	1149.864	1232.637	1285.517
393.9	0	0	0	0.0488245	2.588278	54.02724	284.8718	485.3371	616.3685	692.5591	764.3981	837.4881	904.9969	990.8735	1057.612	1150.201	1234.068	1284.195
394	0	0	0	0.0488245	2.529454	54.09606	284.8718	484.9818	615.479	692.7768	764.3981	838.0034	905.4135	990.8735	1057.771	1149.864	1233.889	1285.14
394.1	0	0	0	0.0488245	2.588278	53.95841	284.4776	485.2483	614.5896	691.7974	764.7545	837.8746	905.8299	990.2783	1057.771	1150.032	1233.889	1284.195
394.2	0	0	0	0.0488245	2.588278	54.02724	284.7141	485.1595	614.0955	692.3415	764.8734	837.7458	906.1075	991.0224	1057.454	1148.175	1232.101	1283.251
394.3	0	0	0	0.0488245	2.588278	54.44019	284.7929	486.3142	613.3049	693.2121	764.0416	838.3899	905.9688	991.32	1056.342	1149.02	1232.101	1281.552
394.4	0	0	0	0.0488245	2.588278	54.44019	284.6353	486.0477	612.6131	693.5386	764.2792	836.9728	905.8299	991.9153	1056.024	1148.851	1231.922	1283.063
394.5	0	0	0	0.0488245	2.529454	54.78431	283.847	486.4918	613.2061	694.3004	764.1604	836.3287	907.0793	991.7665	1055.548	1148.682	1231.564	1284.951
394.6	0	0	0	0.0488245	2.529454	54.99078	284.2412	486.5806	612.2178	694.1915	764.1604	836.071	907.6346	991.0224	1055.23	1148.007	1233.174	1284.384
394.7	0	0	0	0.0488245	2.529454	55.0596	284.5565	486.5806	612.4155	694.6268	763.6851	835.9422	907.6346	990.7247	1054.754	1145.981	1233.71	1286.084
394.8	0	0	0	0.0488245	2.529454	55.3349	284.32	487.2912	612.4155	695.3886	763.9227	836.071	907.0793	990.1295	1053.801	1145.137	1232.995	1286.461
394.9	0	0	0	0.0488245	2.529454	55.47255	284.2412	486.8471	611.8225	695.3886	763.6851	836.3287	906.8017	989.683	1052.848	1145.643	1232.28	1287.028
395	0	0	0	0.0488245	2.588278	55.67902	284.0835	485.7812	611.4272	694.9533	764.2792	835.8134	906.6628	989.8318	1051.259	1146.825	1231.028	1285.14
395.1	0	0	0	0.0488245	2.705927	55.81667	283.3741	485.8701	611.3284	693.6474	764.2792	836.7151	906.2464	990.5759	1052.371	1146.487	1229.418	1283.629
395.2	0	0	0	0.0488245	2.705927	55.81667	283.2953	486.1365	612.5143	693.8651	762.0215	836.7151	905.2746	990.1295	1052.053	1147.5	1228.882	1282.685
395.3	0	0	0	0.0488245	2.705927	55.95432	283.4529	485.8701	612.4155	693.7562	761.5463	836.3287	905.2746	989.9806	1051.736	1147.331	1227.451	1282.118
395.4	0	0	0	0.0488245	2.705927	56.02315	283.0588	485.2483	612.2178	691.7974	761.071	835.6846	905.9688	989.5341	1052.53	1147.5	1227.988	1282.685
395.5	0	0	0	0.0488245	2.705927	55.8855	282.8223	484.4489	612.2178	692.7768	760.8333	835.8134	905.8299	989.2365	1053.483	1146.656	1228.346	1282.496
395.6	0	0	0	0.0488245	2.705927	55.67902	282.4282	484.0047	612.2178	692.8856	759.7639	836.4575	906.6628	988.3436	1052.848	1145.981	1228.524	1283.44
395.7	0	0	0	0.0488245	2.705927	55.8855	282.507	484.7153	610.9331	692.4503	760.1204	836.3287	906.8017	988.3436	1054.912	1146.487	1228.882	1283.251
395.8	0	0	0	0.0488245	2.764752	56.09197	282.6647	484.7153	610.1425	692.5591	759.2886	835.0405	907.357	989.5341	1056.024	1145.474	1227.809	1283.063
395.9	0	0	0	0.0488245	2.764752	56.09197	282.1129	484.6265	609.9448	692.7768	758.338	834.5251	907.4958	989.0876	1057.93	1146.994	1229.24	1283.063
396	0	0	0	0.0488245	2.764752	56.22962	282.1917	484.9818	610.9331	693.1033	757.5062	834.2675	906.8017	989.9806	1057.454	1146.487	1230.134	1282.307
396.1	0	0	0	0.0488245	2.764752	56.09197	282.0341	485.5147	610.3401	692.5591	756.5556	834.0098	906.3852	990.5759	1056.818	1145.812	1231.385	1282.307
396.2	0	0	0	0.0488245	2.764752	56.22962	282.1129	485.6036	610.2413	692.1238	757.3874	834.7828	905.6911	990.4271	1056.342	1146.825	1230.134	1282.874
396.3	0	0	0	0.0488245	2.764752	56.22962	282.3494	485.2483	610.3401	691.5797	758.1003	834.3963	904.7193	990.4271	1055.865	1146.656	1229.776	1283.818
396.4	0	0	0	0.0488245	2.705927	56.02315	282.4282	485.8701	609.9448	691.3621	757.5062	834.1387	905.8299	991.0224	1054.912	1146.825	1229.061	1284.007
396.5	0	0	0	0.0488245	2.705927	56.22962	282.6647	486.1365	610.0437	689.6209	758.4568	835.4269	904.9969	991.7665	1054.595	1147.5	1229.776	1285.328
396.6	0	0	0	0.0488245	2.705927	56.29845	282.507	485.7812	610.6366	688.968	758.9321	835.5557	905.2746	992.213	1053.483	1146.656	1229.061	1283.629
396.7	0	0	0	0.0488245	2.647103	56.09197	282.6647	485.2483	611.0319	688.315	759.2886	835.8134	905.1358	991.9153	1053.801	1147.162	1228.524	1284.951
396.8	0	0	0	0.0488245	2.647103	55.8855	282.7435	485.1595	610.6366	688.315	760.358	835.8134	904.164	991.32	1054.118	1145.643	1229.418	1285.895
396.9	0	0	0	0.0488245	2.647103	55.8855	282.6647	484.9818	610.5378	688.315	760.1204	837.1016	904.3029	991.32	1054.595	1144.292	1229.955	1285.328
397	0	0	0	0.0488245	2.647103	55.95432	282.1129	486.2253	611.5261	687.5532	760.1204	835.4269	904.7193	992.0641	1055.548	1143.786	1229.955	1286.084
397.1	0	0	0	0.0488245	2.647103	55.8855	282.1917	487.0247	612.119	686.2473	759.5262	835.0405	904.7193	992.3618	1054.912	1143.28	1229.24	1287.972
397.2	0	0	0	0.0488245	2.647103	56.02315	282.507	487.4689	613.1072	686.6826	760.0015	836.3287	905.1358	992.6594	1053.801	1142.435	1228.882	1289.483
397.3	0	0	0	0.0488245	2.647103	55.95432	282.2706	487.4689	613.1072	686.9003	759.7639	837.3593	905.4135	990.8735	1054.754	1141.591	1228.882	1289.86
397.4	0	0	0	0.0488245	2.588278	55.95432	282.4282	486.9359	614.0955	687.3356	760.8333	837.3593	904.5805	992.9571	1054.754	1142.773	1229.955	1291.56
397.5	0	0	0	0.0488245	2.588278	56.09197	282.0341	485.8701	613.7002	687.2267	760.1204	836.3287	905.6911	994.2965	1055.071	1142.942	1229.418	1290.049
397.6	0	0	0	0.0488245	2.588278	56.50492	281.9553	485.0706	613.5025	686.465	759.8827	836.071	904.164	995.0406	1056.659	1141.422	1228.703	1290.427
397.7	0	0	0	0.0488245	2.588278	56.36727	282.2706	484.893	613.6014	686.2473	759.7639	834.9116	903.0534	994.743	1056.818	1141.591	1228.346	1290.427
397.8	0	0	0	0.0488245	2.588278	56.50492	282.507	485.0706	614.1943	685.812	758.5756	835.4269	904.3029	995.1895	1055.707	1142.773	1229.24	1291.182
397.9	0	0	0	0.0488245	2.529454	56.57374	282.6647	484.7153	613.4037	686.1385	757.9815	836.1999	904.3029	995.3383	1054.595	1141.591	1229.24	1290.049
398	0	0	0	0.0488245	2.529454	56.91787	282.5858	484.2712	612.4155	686.465	757.6251	837.4881	903.3311	995.6359	1055.548	1141.76	1229.418	1289.483
398.1	0	0	0	0.0488245	2.529454	57.12434	282.98	484.893	612.4155	687.1179	756.318	837.2305	903.7476	996.2313	1056.659	1141.254	1229.776	1288.538
398.2	0	0	0	0.0488245	2.529454	57.12434	282.8223	484.1824	611.5261	687.0091	756.5556	837.1016	903.0534	995.6359	1058.089	1142.435	1228.167	1288.35
398.3	0	0	0	0.0488245	2.529454	56.98669	282.3494	484.893	610.6366	687.1179	756.0803	836.071	902.3593	995.6359	1057.612	1142.942	1226.2	1288.35
398.4	0	0	0	0.0488245	2.588278	56.57374	282.2706	484.8041	609.9448	686.6826	757.7439	835.0405	902.2205	996.5289	1056.818	1145.305	1228.703	1287.028
398.5	0	0	0	0.0488245	2.588278	56.71139	281.8764	484.8041	609.846	687.0091	757.1497	835.9422	902.2205	996.8265	1055.548	1145.305	1227.451	1285.517
398.6	0	0	0	0.0488245	2.588278	56.64257	281.64	484.7153	609.6484	687.1179	757.0309	834.9116	902.7758	997.4218	1056.024	1146.318	1226.378	1285.895
398.7	0	0	0	0.0488245	2.588278	56.91787	281.5611	484.7153	608.9566	687.5532	758.5756	835.5557	902.3593	995.6359	1054.912	1146.15	1227.809	1285.517
398.8	0	0	0	0.0488245	2.588278	57.26199	281.8764	484.0047	608.3636	688.2062	758.5756	836.9728	902.637	995.3383	1056.342	1146.656	1227.988	1285.895
398.9	0	0	0	0.0488245	2.588278	57.26199	281.8764	484.36	607.5731	688.4238	758.4568	836.7151	902.637	994.743	1057.454	1147.5	1227.63	1287.217
399	0	0	0	0.0488245	2.588278	57.39964	281.8764	484.36	607.8695	688.968	758.8133	836.071	902.637	995.1895	1058.406	1147.669	1226.736	1288.538
399.1	0	0	0	0.0488245	2.588278	57.05552	281.7976	483.6494	607.7707	689.6209	757.6251	836.1999	902.7758	994.743	1055.389	1147.838	1226.021	1288.916
399.2	0	0	0	0.0488245	2.588278	56.84904	281.8764	483.2941	608.166	689.4033	756.6744	836.5864	902.7758	992.3618	1054.912	1146.994	1226.736	1287.406
399.3	0	0	0	0.0488245	2.588278	56.64257	282.8223	482.9388	607.4742	689.8386	757.3874	836.844	901.6652	993.2548	1054.595	1146.487	1226.915	1285.706
399.4	0	0	0	0.0488245	2.588278	56.78022	282.98	482.4059	606.5848	690.0562	757.1497	836.5864	902.0817	994.5942	1054.912	1145.137	1226.915	1284.762
399.5	0	0	0	0.0488245	2.588278	56.71139	282.8223	482.1394	607.1777	690.2739	757.7439	836.7151	902.637	994.8918	1053.324	1144.124	1225.842	1284.573
399.6	0	0	0	0.0488245	2.588278	56.64257	282.8223	483.0276	607.6719	690.165	757.9815	835.1693	902.3593	995.1895	1054.912	1142.267	1226.2	1284.951
399.7	0	0	0	0.0488245	2.588278	56.4361	282.6647	483.1165	607.2766	689.8386	758.5756	835.8134	903.0534	996.6777	1053.483	1141.254	1225.127	1282.874
399.8	0	0	0	0.0488245	2.588278	56.50492	282.6647	482.9388	606.8813	688.7503	757.8627	836.9728	903.6087	996.0824	1053.642	1141.76	1224.769	1283.251
399.9	0	0	0	0.0488245	2.588278	56.57374	282.507	483.383	606.8813	688.8591	758.2192	837.1016	904.8582	996.2313	1053.642	1141.591	1226.915	1281.552
400	0	0	0	0.0488245	2.588278	56.4361	282.3494	483.2053	606.486	688.315	757.5062	837.8746	904.5805	995.9336	1053.801	1142.098	1226.736	1280.419
400.1	0	0	0	0.0488245	2.647103	56.50492	282.0341	482.4059	606.1895	688.4238	757.1497	838.1322	904.0252	996.3801	1054.436	1142.267	1228.524	1279.853
400.2	0	0	0	0.0488245	2.588278	56.1608	281.8764	482.1394	607.4742	688.315	756.1992	839.034	902.7758	996.0824	1054.754	1143.448	1229.061	1278.531
400.3	0	0	0	0.0488245	2.588278	56.29845	281.7188	481.6953	607.9684	687.9885	755.1298	837.3593	902.9146	996.2313	1054.754	1142.435	1229.776	1278.908
400.4	0	0	0	0.0488245	2.588278	56.29845	281.7976	482.0506	608.2648	687.2267	756.7933	837.7458	902.637	996.2313	1054.436	1143.111	1229.418	1277.964
400.5	0	0	0	0.0488245	2.588278	56.57374	282.1129	482.1394	608.2648	687.5532	757.2686	837.4881	902.0817	996.6777	1053.006	1142.942	1229.24	1278.342
400.6	0	0	0	0.0488245	2.588278	56.57374	282.2706	482.3171	607.6719	687.5532	757.7439	836.844	902.4981	996.9753	1052.53	1143.786	1228.346	1277.02
400.7	0	0	0	0.0488245	2.647103	56.4361	282.0341	482.3171	608.3636	688.2062	757.6251	835.9422	903.1923	996.0824	1051.418	1144.461	1228.703	1277.209
400.8	0	0	0	0.0488245	2.647103	56.57374	281.7188	481.9618	607.9684	688.6415	757.7439	835.4269	902.3593	995.3383	1050.465	1143.955	1229.24	1275.321
400.9	0	0	0	0.0488245	2.647103	56.78022	281.7188	482.3171	606.6837	688.8591	757.2686	835.4269	901.5264	994.5942	1051.895	1144.461	1228.882	1276.454
401	0	0	0	0.0488245	2.647103	56.98669	282.1917	482.1394	606.6837	688.6415	757.3874	835.6846	900.5546	993.5524	1052.212	1142.773	1228.703	1276.831
401.1	0	0	0	0.0488245	2.647103	57.05552	281.64	481.873	605.6954	687.3356	757.5062	834.7828	900.8322	993.85	1052.848	1142.435	1227.809	1277.398
401.2	0	0	0	0.0488245	2.647103	56.91787	282.3494	482.0506	605.7942	686.2473	757.6251	834.654	900.9711	993.4036	1053.006	1142.773	1227.809	1275.51
401.3	0	0	0	0.0488245	2.647103	56.98669	282.7435	482.3171	605.3989	685.3767	757.8627	835.9422	900.5546	993.2548	1052.053	1141.929	1227.63	1275.132
401.4	0	0	0	0.0488245	2.647103	57.12434	283.3741	481.9618	605.3989	684.8326	757.1497	834.9116	901.2487	992.8083	1053.324	1139.734	1228.524	1274.188
401.5	0	0	0	0.0488245	2.647103	57.19316	283.847	481.7841	605.4977	684.5062	756.4368	835.0405	901.5264	993.2548	1052.053	1140.916	1227.809	1273.81
401.6	0	0	0	0.0488245	2.647103	57.33081	284.0835	481.6953	604.9048	684.8326	756.0803	834.7828	902.0817	991.32	1052.848	1139.903	1226.915	1274.565
401.7	0	0	0	0.0488245	2.588278	57.39964	284.7141	481.7841	604.9048	684.7238	756.4368	834.0098	901.3875	990.5759	1052.371	1139.565	1226.915	1274.188
401.8	0	0	0	0.0488245	2.588278	57.26199	284.32	482.0506	604.5095	684.1797	756.0803	833.2369	900.6934	990.1295	1052.212	1140.072	1226.557	1274.377
401.9	0	0	0	0.0488245	2.588278	57.12434	284.4776	482.1394	604.4107	684.2885	757.1497	832.7216	899.9993	990.1295	1052.212	1139.059	1225.484	1274.943
402	0	0	0	0.0488245	2.588278	57.12434	284.7141	482.5835	604.213	683.6356	756.6744	832.2063	900.9711	990.1295	1053.006	1139.734	1225.842	1273.81
402.1	0	0	0	0.0488245	2.647103	57.05552	284.7141	482.2282	604.6083	684.2885	756.9121	832.8504	900.8322	991.32	1053.165	1139.903	1225.306	1273.621
402.2	0	0	0	0.0488245	2.647103	57.05552	284.4776	482.4059	604.7072	683.7444	756.5556	832.7216	900.4158	990.4271	1053.483	1141.085	1222.444	1274.565
402.3	0	0	0	0.0488245	2.647103	57.12434	284.9506	482.0506	605.0036	683.962	757.2686	833.3657	900.4158	990.8735	1052.371	1140.916	1223.16	1272.488
402.4	0	0	0	0.0488245	2.647103	57.05552	285.3447	481.9618	605.1024	683.0914	757.9815	831.4333	900.8322	991.4689	1052.053	1140.578	1221.193	1273.621
402.5	0	0	0	0.0488245	2.647103	56.98669	285.3447	480.9847	604.5095	682.9826	758.1003	830.9181	900.4158	991.32	1053.642	1139.228	1219.941	1275.51
402.6	0	0	0	0.0488245	2.647103	56.91787	285.2659	480.807	603.8177	682.765	758.5756	829.7587	900.9711	989.9806	1050.624	1138.89	1219.225	1277.775
402.7	0	0	0	0.0488245	2.647103	56.84904	284.7929	480.5406	603.9166	683.3091	757.7439	829.8875	901.5264	989.2365	1049.671	1137.54	1219.225	1276.265
402.8	0	0	0	0.0488245	2.647103	56.98669	285.1871	480.3629	603.4224	683.4179	757.3874	830.5316	901.3875	988.79	1048.559	1137.708	1221.014	1274.754
402.9	0	0	0	0.0488245	2.588278	57.12434	285.66	480.4518	602.7307	683.962	758.2192	831.4333	900.9711	990.8735	1047.924	1136.358	1221.55	1273.999
403	0	0	0	0.0488245	2.529454	57.12434	285.8177	480.6294	601.4459	683.5267	757.7439	832.2063	900.4158	989.683	1049.671	1136.864	1219.762	1271.167
403.1	0	0	0	0.0488245	2.470629	57.26199	286.0541	480.0965	601.8412	683.6356	757.9815	831.3045	899.7216	988.79	1050.465	1136.695	1221.371	1270.978
403.2	0	0	0	0.0488245	2.470629	57.26199	285.3447	480.9847	601.5447	683.4179	757.7439	831.8198	898.4722	987.5994	1051.418	1135.851	1222.087	1271.544
403.3	0	0	0	0.0488245	2.470629	57.46846	285.2659	479.83	601.0507	683.5267	756.5556	831.1757	899.1663	987.3018	1050.783	1136.358	1220.477	1271.355
403.4	0	0	0	0.0488245	2.470629	57.39964	285.7388	480.4518	601.6436	683.6356	757.6251	831.4333	899.0275	985.8135	1049.036	1134.332	1221.729	1272.866
403.5	0	0	0	0.0488245	2.470629	57.26199	285.5023	480.807	602.533	683.6356	756.318	831.8198	898.611	986.1111	1049.512	1133.656	1221.371	1272.866
403.6	0	0	0	0.0488245	2.470629	57.12434	285.7388	480.9847	601.9401	682.6561	756.4368	832.5928	898.611	986.4088	1049.671	1134.332	1219.941	1271.922
403.7	0	0	0	0.0488245	2.470629	57.12434	285.9753	481.34	602.4342	682.3297	755.605	832.2063	897.6393	986.8553	1048.401	1133.825	1219.762	1272.677
403.8	0	0	0	0.0488245	2.411805	57.05552	285.66	481.2512	602.6318	682.765	756.318	832.7216	897.7781	986.4088	1048.083	1135.345	1219.047	1272.677
403.9	0	0	0	0.0488245	2.411805	57.33081	284.9506	482.1394	602.6318	682.6561	755.8427	832.9792	896.9451	986.1111	1048.242	1136.189	1217.616	1271.544
404	0	0	0	0.0488245	2.411805	57.12434	285.1082	482.3171	602.9283	683.4179	755.3674	832.4639	897.084	985.9623	1048.718	1136.527	1217.616	1272.677
404.1	0	0	0	0.0488245	2.411805	57.33081	284.9506	481.873	603.6201	683.7444	755.9615	831.0469	897.6393	987.8971	1048.877	1136.695	1217.795	1272.488
404.2	0	0	0	0.0488245	2.411805	57.26199	284.7141	482.3171	603.3236	683.0914	754.8921	831.691	897.7781	986.7065	1049.195	1137.371	1217.616	1272.677
404.3	0	0	0	0.0488245	2.411805	57.39964	284.1624	482.1394	602.8295	683.3091	754.1791	831.5622	898.7499	986.26	1047.924	1137.033	1217.08	1271.733
404.4	0	0	0	0.0488245	2.411805	57.46846	284.6353	481.7841	602.8295	682.6561	754.1791	831.8198	898.7499	985.3671	1048.401	1135.514	1216.364	1270.222
404.5	0	0	0	0.0488245	2.411805	57.60611	284.9506	482.0506	603.0272	681.5679	755.2485	832.0775	898.4722	984.7717	1048.877	1137.708	1217.258	1269.278
404.6	0	0	0	0.0488245	2.411805	57.26199	285.66	481.6065	603.5212	681.3502	755.0109	833.1081	898.7499	984.9206	1049.036	1137.033	1216.901	1269.467
404.7	0	0	0	0.0488245	2.470629	56.98669	285.5023	481.7841	604.0154	681.5679	753.8227	832.9792	898.7499	984.4741	1048.083	1136.695	1215.828	1269.467
404.8	0	0	0	0.0488245	2.470629	57.33081	285.5812	482.2282	603.8177	681.5679	753.2285	833.1081	898.611	984.3253	1045.542	1137.877	1215.291	1270.034
404.9	0	0	0	0.0488245	2.470629	57.39964	285.7388	481.7841	603.8177	681.459	753.1097	832.7216	899.5828	984.0276	1045.542	1139.228	1217.258	1270.411
405	0	0	0	0.0488245	2.470629	57.12434	285.8965	481.5176	602.9283	680.9149	754.1791	831.9487	900.1381	983.8788	1046.177	1138.721	1216.901	1270.978
405.1	0	0	0	0.0488245	2.470629	57.05552	285.7388	481.4288	603.7189	681.5679	753.9415	832.5928	898.4722	983.5812	1046.653	1138.552	1216.901	1272.866
405.2	0	0	0	0.0488245	2.529454	56.78022	285.7388	481.34	603.9166	681.5679	753.9415	831.9487	898.7499	983.73	1047.289	1137.877	1217.437	1272.111
405.3	0	0	0	0.0488245	2.529454	56.91787	285.5812	481.6065	604.1142	681.1326	754.1791	830.9181	898.611	984.1765	1046.812	1137.708	1217.616	1272.3
405.4	0	0	0	0.0488245	2.529454	57.19316	285.7388	481.873	604.3118	681.6767	753.4662	829.501	899.444	984.1765	1046.495	1136.864	1217.258	1272.111
405.5	0	0	0	0.0488245	2.529454	57.26199	285.5812	482.1394	604.7072	681.0237	752.8721	829.1145	898.8887	984.6229	1046.177	1137.033	1218.689	1272.3
405.6	0	0	0	0.0488245	2.529454	57.19316	285.7388	481.6065	604.6083	681.5679	752.3968	829.501	900.2769	984.4741	1047.765	1138.721	1219.225	1271.733
405.7	0	0	0	0.0488245	2.470629	57.19316	286.2906	481.9618	604.9048	682.112	753.3474	829.3722	899.8605	983.8788	1047.448	1139.228	1218.331	1272.488
405.8	0	0	0	0.0488245	2.470629	57.12434	286.4482	481.9618	605.4977	682.8738	752.278	830.9181	900.5546	985.5159	1048.718	1139.734	1217.08	1273.244
405.9	0	0	0	0.0488245	2.470629	57.12434	286.9212	481.9618	604.7072	682.8738	751.6838	830.5316	900.5546	984.4741	1047.924	1138.721	1217.437	1271.922
406	0	0	0	0.0488245	2.529454	57.26199	287.3153	481.6953	604.806	682.9826	753.7039	830.5316	899.9993	985.2182	1047.448	1138.552	1217.258	1274.565
406.1	0	0	0	0.0488245	2.529454	57.19316	286.9212	480.9847	603.8177	682.4385	753.4662	829.3722	899.9993	984.7717	1047.289	1138.046	1216.722	1272.866
406.2	0	0	0	0.0488245	2.529454	57.53728	286.3694	480.4518	604.0154	682.5473	754.1791	828.2128	900.1381	984.6229	1046.653	1138.384	1216.543	1272.111
406.3	0	0	0	0.0488245	2.529454	57.46846	286.2118	480.1853	603.9166	683.3091	752.7532	829.6298	899.8605	984.9206	1046.812	1138.384	1216.007	1271.544
406.4	0	0	0	0.0488245	2.529454	57.74376	286.133	480.4518	603.7189	683.0914	753.585	828.0839	899.444	985.0694	1046.177	1137.54	1217.08	1271.167
406.5	0	0	0	0.0488245	2.529454	57.74376	286.6059	480.0076	604.4107	682.3297	753.9415	829.1145	899.1663	984.6229	1047.13	1135.345	1215.47	1270.222
406.6	0	0	0	0.0488245	2.529454	57.67493	286.2118	480.0076	604.7072	681.5679	752.8721	829.8875	898.8887	985.0694	1046.177	1134.332	1215.47	1271.733
406.7	0	0	0	0.0488245	2.529454	57.67493	285.3447	480.807	605.0036	682.0032	753.1097	829.7587	899.444	984.4741	1046.971	1134.163	1216.364	1271.167
406.8	0	0	0	0.0488245	2.529454	57.67493	285.3447	480.3629	606.0907	681.459	753.4662	828.8569	899.7216	983.8788	1046.812	1135.007	1216.364	1270.222
406.9	0	0	0	0.0488245	2.529454	57.53728	285.8965	479.6523	605.7942	680.9149	752.8721	828.728	899.5828	983.8788	1047.289	1134.163	1216.543	1268.334
407	0	0	0	0.0488245	2.529454	57.46846	285.66	479.5635	605.8931	681.3502	752.3968	828.2128	899.8605	983.5812	1047.924	1131.968	1214.934	1267.957
407.1	0	0	0	0.0488245	2.529454	57.39964	285.3447	479.5635	605.8931	680.5884	752.278	827.9551	899.0275	984.1765	1048.559	1131.968	1215.47	1269.278
407.2	0	0	0	0.0488245	2.470629	57.46846	285.1871	479.9188	606.8813	680.262	752.0403	828.8569	897.7781	982.837	1049.512	1131.968	1216.185	1270.034
407.3	0	0	0	0.0488245	2.529454	57.26199	284.6353	480.2741	607.6719	680.3708	750.8521	829.1145	897.7781	983.2835	1048.877	1132.137	1213.861	1268.523
407.4	0	0	0	0.0488245	2.529454	57.19316	284.8718	480.8959	608.166	679.8267	751.9214	829.1145	898.0557	983.5812	1048.401	1133.15	1214.218	1268.523
407.5	0	0	0	0.0488245	2.529454	57.19316	284.9506	481.1624	608.0672	678.7385	751.6838	828.2128	897.6393	984.6229	1049.354	1132.306	1213.145	1267.768
407.6	0	0	0	0.0488245	2.529454	57.12434	285.1871	481.6953	608.2648	678.6296	751.4462	828.0839	898.611	983.5812	1048.877	1131.968	1211.357	1267.39
407.7	0	0	0	0.0488245	2.529454	57.19316	285.1082	482.3171	608.166	678.1943	752.5156	828.3416	898.4722	982.0929	1046.971	1131.124	1211.715	1268.523
407.8	0	0	0	0.0488245	2.588278	57.12434	285.1082	482.4059	608.3636	677.9767	751.9214	827.9551	898.0557	981.6464	1046.812	1128.592	1210.821	1270.789
407.9	0	0	0	0.0488245	2.529454	57.12434	285.2659	481.6953	608.4625	677.5414	751.8027	828.5992	897.6393	981.7953	1045.859	1126.904	1210.463	1269.656
408	0	0	0	0.0488245	2.529454	57.19316	284.7929	481.5176	607.4742	676.9973	751.8027	828.0839	897.084	982.5394	1046.653	1126.228	1209.748	1270.222
408.1	0	0	0	0.0488245	2.529454	57.26199	284.8718	481.9618	606.7825	676.9973	751.2085	827.6974	896.9451	982.0929	1045.701	1125.553	1209.748	1270.222
408.2	0	0	0	0.0488245	2.470629	57.19316	284.4776	482.4947	606.1895	677.4326	751.2085	827.6974	896.6675	981.6464	1045.542	1126.566	1207.602	1268.901
408.3	0	0	0	0.0488245	2.411805	56.98669	284.0835	482.3171	605.6954	676.0178	753.3474	827.5686	897.084	980.6047	1047.289	1125.722	1206.35	1267.768
408.4	0	0	0	0.0488245	2.411805	56.98669	284.3988	482.4059	605.4977	675.8002	753.3474	827.4398	897.9169	980.307	1046.812	1125.215	1205.098	1266.824
408.5	0	0	0	0.0488245	2.411805	57.05552	284.7929	482.4059	604.806	675.0384	753.3474	827.5686	897.7781	980.4559	1047.289	1125.047	1205.277	1265.124
408.6	0	0	0	0.0488245	2.411805	56.98669	284.7141	482.4059	605.3989	674.7119	752.6344	827.8263	897.5004	980.4559	1046.336	1124.709	1205.635	1265.88
408.7	0	0	0	0.0488245	2.411805	57.19316	284.9506	482.3171	604.806	674.8207	751.6838	828.4704	899.0275	982.837	1044.748	1122.852	1207.065	1264.558
408.8	0	0	0	0.0488245	2.470629	57.12434	284.5565	481.6953	604.6083	674.6031	751.3273	826.9245	898.611	983.2835	1044.906	1123.527	1206.887	1263.236
408.9	0	0	0	0.0488245	2.470629	57.05552	284.4776	481.6953	604.5095	673.7325	750.0203	825.7651	897.2228	982.9858	1043.477	1124.54	1206.708	1263.047
409	0	0	0	0.0488245	2.470629	56.91787	284.7929	480.807	604.6083	673.1884	750.4956	825.8939	896.8063	983.2835	1043.477	1125.553	1207.781	1264.18
409.1	0	0	0	0.0488245	2.470629	56.98669	284.8718	481.34	604.3118	673.4061	751.3273	825.7651	896.251	981.9441	1043.795	1124.878	1206.887	1265.313
409.2	0	0	0	0.0488245	2.470629	56.98669	285.1082	481.4288	604.213	674.1678	751.2085	824.8633	896.1122	981.9441	1044.589	1125.722	1208.675	1264.935
409.3	0	0	0	0.0488245	2.470629	57.05552	285.0294	481.1624	604.1142	673.6237	751.9214	823.9615	895.6957	981.7953	1043.477	1127.41	1210.284	1265.124
409.4	0	0	0	0.0488245	2.411805	57.05552	284.4776	481.0735	604.9048	673.7325	752.0403	824.348	894.0298	981.6464	1041.889	1126.735	1209.927	1264.369
409.5	0	0	0	0.0488245	2.411805	57.05552	284.3988	480.9847	605.7942	673.5149	751.6838	825.121	894.3074	981.0511	1041.571	1126.397	1209.569	1263.425
409.6	0	0	0	0.0488245	2.411805	56.91787	284.4776	481.2512	605.3001	674.1678	752.7532	824.8633	895.1404	981.6464	1040.301	1126.059	1207.96	1263.425
409.7	0	0	0	0.0488245	2.411805	56.98669	284.1624	481.2512	605.5966	675.1472	752.5156	824.4768	895.4181	982.2418	1040.777	1126.059	1207.065	1263.425
409.8	0	0	0	0.0488245	2.411805	57.05552	283.9259	481.34	605.9919	674.9296	753.3474	824.9921	895.4181	981.9441	1039.189	1124.878	1209.032	1264.558
409.9	0	0	0	0.0488245	2.411805	57.12434	283.5317	480.9847	605.2013	675.0384	753.2285	824.8633	894.7239	980.9023	1039.506	1124.878	1210.821	1264.369
410	0	0	0	0.0488245	2.411805	57.12434	283.6894	481.1624	604.7072	675.6913	753.1097	825.2498	893.7521	980.4559	1039.983	1124.878	1211.715	1264.369
410.1	0	0	0	0.0488245	2.411805	56.84904	283.6106	480.2741	604.5095	676.2355	753.3474	825.121	893.3357	979.7117	1040.777	1126.228	1210.821	1262.669
410.2	0	0	0	0.0488245	2.411805	56.91787	283.9259	480.4518	604.1142	676.6708	752.3968	825.2498	893.1968	979.2653	1039.983	1126.904	1211.178	1260.781
410.3	0	0	0	0.0488245	2.411805	56.84904	284.0835	480.6294	604.4107	676.1266	752.5156	825.121	893.3357	980.307	1040.142	1127.241	1211.715	1261.536
410.4	0	0	0	0.0488245	2.411805	56.78022	284.4776	480.0076	603.8177	676.3443	752.1591	825.8939	892.3639	979.8605	1038.553	1125.215	1212.967	1262.103
410.5	0	0	0	0.0488245	2.470629	56.91787	285.3447	480.0965	604.9048	676.1266	751.9214	826.1516	892.2251	980.1582	1037.759	1126.397	1213.503	1262.103
410.6	0	0	0	0.0488245	2.470629	56.71139	285.1871	479.2082	605.0036	675.0384	751.4462	826.2804	891.1145	979.7117	1038.395	1126.228	1212.251	1262.103
410.7	0	0	0	0.0488245	2.470629	56.71139	285.1082	479.2082	605.6954	675.256	750.7332	825.8939	889.7263	980.9023	1037.6	1126.228	1211.715	1261.725
410.8	0	0	0	0.0488245	2.470629	56.71139	285.1082	479.3859	605.9919	675.3649	750.6144	826.2804	889.3098	978.5211	1037.124	1129.098	1212.609	1261.914
410.9	0	0	0	0.0488245	2.470629	56.84904	284.7929	479.83	605.6954	674.8207	751.4462	826.6669	889.0321	978.2234	1036.648	1129.436	1213.324	1263.802
411	0	0	0	0.0488245	2.470629	56.78022	285.1082	478.9417	605.6954	674.8207	751.3273	826.9245	890.1427	977.0329	1037.283	1129.774	1213.861	1265.502
411.1	0	0	0	0.0488245	2.470629	56.84904	285.1871	478.7641	605.9919	674.6031	750.7332	825.5074	889.3098	976.884	1036.171	1130.111	1214.218	1265.88
411.2	0	0	0	0.0488245	2.470629	56.71139	284.4776	478.4088	605.4977	675.1472	750.4956	826.0227	889.171	976.7352	1035.853	1130.618	1212.609	1264.935
411.3	0	0	0	0.0488245	2.470629	56.78022	284.32	478.0535	605.2013	675.0384	750.6144	826.0227	888.8933	976.5864	1036.012	1129.436	1212.609	1264.18
411.4	0	0	0	0.0488245	2.529454	56.84904	284.3988	478.6753	605.2013	674.9296	750.2579	825.6362	887.9215	976.7352	1035.377	1128.423	1212.43	1265.313
411.5	0	0	0	0.0488245	2.529454	56.64257	283.847	478.4088	605.5966	674.8207	750.3768	826.7957	887.7827	976.7352	1035.853	1128.085	1212.43	1263.425
411.6	0	0	0	0.0488245	2.529454	56.71139	284.0047	479.2082	605.4977	674.7119	749.7827	825.7651	887.9215	977.777	1036.33	1128.929	1212.43	1264.558
411.7	0	0	0	0.0488245	2.529454	56.57374	283.847	477.9647	604.7072	674.8207	749.4261	825.7651	886.9498	977.777	1036.489	1129.098	1213.503	1263.802
411.8	0	0	0	0.0488245	2.529454	56.50492	283.2953	478.5864	604.1142	674.059	748.7132	825.2498	888.0604	978.2234	1037.759	1131.293	1213.145	1262.669
411.9	0	0	0	0.0488245	2.588278	56.50492	283.0588	478.1423	603.8177	672.9708	748.3568	824.6057	888.338	978.5211	1038.553	1130.449	1214.755	1262.481
412	0	0	0	0.0488245	2.529454	56.29845	282.8223	478.0535	602.8295	672.4266	748.1191	823.0598	889.0321	978.9676	1037.6	1129.267	1215.291	1261.159
412.1	0	0	0	0.0488245	2.588278	56.1608	282.6647	477.8759	603.2248	673.8413	748.0002	823.4462	887.7827	978.6699	1038.077	1127.917	1214.397	1260.781
412.2	0	0	0	0.0488245	2.588278	56.1608	282.4282	477.9647	602.533	672.9708	748.7132	822.931	886.5333	979.1164	1039.03	1128.929	1214.04	1260.97
412.3	0	0	0	0.0488245	2.588278	55.8855	282.8223	478.0535	602.533	673.6237	747.525	823.3174	887.0886	979.1164	1037.759	1131.293	1214.934	1261.725
412.4	0	0	0	0.0488245	2.588278	55.95432	282.98	478.4976	602.2365	674.1678	747.0497	823.3174	887.5051	978.3723	1039.348	1130.449	1213.324	1262.103
412.5	0	0	0	0.0488245	2.588278	55.67902	282.8223	478.6753	601.3471	674.7119	747.0497	824.2192	888.0604	978.5211	1040.142	1128.254	1213.682	1262.103
412.6	0	0	0	0.0488245	2.529454	55.67902	282.3494	478.7641	601.1495	674.8207	748.3568	824.348	888.4768	979.4141	1040.777	1128.423	1214.04	1262.858
412.7	0	0	0	0.0488245	2.529454	55.67902	282.5858	478.4976	601.1495	675.256	747.0497	825.2498	888.8933	979.7117	1041.253	1128.423	1212.251	1261.159
412.8	0	0	0	0.0488245	2.588278	55.74785	282.2706	478.32	600.5565	674.7119	746.6932	824.8633	889.0321	978.8188	1042.524	1127.917	1211.894	1262.858
412.9	0	0	0	0.0488245	2.588278	55.74785	281.7188	478.0535	600.4577	674.059	747.0497	826.538	889.4486	977.9258	1043	1127.748	1210.642	1262.669
413	0	0	0	0.0488245	2.588278	55.95432	281.5611	477.8759	600.2601	674.059	747.6438	826.2804	890.2816	978.0746	1043.477	1128.085	1209.39	1263.802
413.1	0	0	0	0.0488245	2.588278	56.02315	281.4035	477.1653	599.7659	673.4061	748.1191	824.8633	890.1427	979.2653	1043.159	1127.579	1207.602	1264.18
413.2	0	0	0	0.0488245	2.588278	55.8855	280.9305	476.9876	600.3589	672.5355	748.832	824.8633	889.5874	978.8188	1042.206	1127.579	1208.317	1263.991
413.3	0	0	0	0.0488245	2.588278	56.1608	281.0882	476.8099	599.7659	672.7531	748.7132	824.7345	889.5874	979.5629	1042.048	1126.228	1209.211	1264.369
413.4	0	0	0	0.0488245	2.588278	56.09197	281.0882	475.9217	598.4812	672.5355	748.5944	823.4462	891.2533	980.9023	1041.889	1124.371	1209.569	1263.614
413.5	0	0	0	0.0488245	2.588278	56.1608	281.2458	475.744	598.7776	673.4061	748.832	822.931	891.2533	981.4976	1041.889	1124.709	1208.317	1263.991
413.6	0	0	0	0.0488245	2.647103	56.36727	281.0094	475.6552	597.8882	673.7325	749.1885	822.4156	890.0039	981.2	1042.048	1124.709	1207.781	1263.991
413.7	0	0	0	0.0488245	2.588278	56.09197	280.8517	475.3888	598.2836	672.9708	748.5944	822.0292	890.698	982.0929	1040.142	1124.54	1209.032	1263.802
413.8	0	0	0	0.0488245	2.588278	55.81667	281.3246	475.5664	598.8765	673.7325	748.2379	821.9003	890.0039	980.6047	1040.777	1125.384	1209.748	1263.802
413.9	0	0	0	0.0488245	2.588278	55.67902	281.4035	474.4117	598.9753	673.5149	747.6438	822.0292	890.698	979.7117	1040.142	1127.072	1209.211	1263.802
414	0	0	0	0.0488245	2.588278	55.54137	281.3246	474.5893	598.3824	673.0796	748.1191	821.1274	889.4486	980.1582	1041.889	1127.917	1210.463	1263.991
414.1	0	0	0	0.0488245	2.588278	55.47255	281.2458	474.5005	598.0859	672.7531	748.2379	821.1274	889.5874	980.7535	1042.683	1127.072	1210.642	1263.425
414.2	0	0	0	0.0488245	2.588278	55.3349	281.2458	474.5893	596.7024	672.3178	748.5944	820.0968	889.0321	981.7953	1044.112	1126.904	1211.536	1262.481
414.3	0	0	0	0.0488245	2.647103	55.47255	280.8517	474.6782	596.6035	671.6649	746.9308	819.8392	889.3098	981.3488	1043.318	1126.904	1211.178	1261.914
414.4	0	0	0	0.0488245	2.647103	55.74785	280.8517	474.9446	596.5047	671.2296	748.3568	818.9374	889.3098	981.2	1043.477	1127.579	1210.284	1260.592
414.5	0	0	0	0.0488245	2.647103	55.81667	280.3788	474.234	596.7024	673.2972	748.5944	819.0662	890.9756	981.2	1043.318	1127.241	1209.211	1262.292
414.6	0	0	0	0.0488245	2.705927	55.6102	280.2999	474.767	597.1965	671.8825	748.4756	820.0968	892.2251	980.7535	1041.571	1127.579	1209.569	1261.725
414.7	0	0	0	0.0488245	2.705927	55.67902	280.6941	474.5005	596.2083	672.8619	748.4756	820.4833	892.6415	981.4976	1042.206	1126.397	1209.211	1261.159
414.8	0	0	0	0.0488245	2.705927	55.81667	281.0094	474.6782	595.9117	672.8619	747.6438	821.3851	893.3357	981.2	1043.636	1127.241	1207.244	1260.781
414.9	0	0	0	0.0488245	2.647103	55.8855	280.4576	474.1452	595.9117	672.5355	748.1191	821.7715	893.4745	981.7953	1043	1126.735	1206.708	1260.592
415	0	0	0	0.0488245	2.647103	55.74785	280.2999	473.8787	596.6035	671.9913	749.545	820.7409	892.9192	981.6464	1042.365	1127.072	1205.277	1260.97
415.1	0	0	0	0.0488245	2.705927	55.74785	280.1423	474.1452	596.2083	672.4266	750.9709	820.8698	892.6415	981.3488	1041.253	1126.566	1205.277	1260.404
415.2	0	0	0	0.0488245	2.647103	55.67902	280.2999	473.8787	596.7024	671.7737	750.9709	821.9003	892.6415	981.6464	1040.142	1126.397	1205.635	1260.97
415.3	0	0	0	0.0488245	2.647103	55.95432	280.3788	474.234	597.3942	671.8825	750.6144	822.158	892.9192	982.0929	1039.506	1125.384	1205.814	1260.404
415.4	0	0	0	0.0488245	2.647103	56.02315	280.1423	474.9446	597.493	671.6649	748.7132	821.9003	893.6133	981.3488	1041.889	1124.371	1206.529	1259.082
415.5	0	0	0	0.0488245	2.647103	55.95432	280.3788	475.2999	597.9871	672.1002	747.8814	820.9986	893.3357	980.4559	1041.571	1124.709	1207.781	1259.648
415.6	0	0	0	0.0488245	2.705927	56.09197	280.6152	474.9446	598.2836	670.7943	748.3568	820.9986	894.8627	980.0093	1041.73	1123.189	1206.887	1258.893
415.7	0	0	0	0.0488245	2.764752	56.02315	280.0635	474.5005	598.2836	670.0325	748.3568	820.3544	893.7521	980.9023	1040.459	1122.345	1207.423	1257.571
415.8	0	0	0	0.0488245	2.764752	55.95432	280.6152	474.6782	598.7776	671.0119	748.832	819.968	894.0298	978.9676	1041.571	1122.683	1205.277	1256.438
415.9	0	0	0	0.0488245	2.764752	56.02315	280.6941	473.5234	598.4812	671.2296	748.832	819.0662	894.5851	978.2234	1042.048	1121.332	1205.635	1256.061
416	0	0	0	0.0488245	2.764752	55.95432	280.2211	472.9017	598.1848	671.2296	748.5944	819.7103	894.8627	977.3305	1040.936	1122.514	1204.92	1255.683
416.1	0	0	0	0.0488245	2.823576	55.81667	280.2211	473.0793	598.0859	670.9031	748.3568	819.8392	893.4745	976.2888	1039.824	1120.657	1204.383	1255.683
416.2	0	0	0	0.0488245	2.823576	55.81667	279.9846	474.5005	597.3942	671.2296	747.8814	820.8698	893.6133	976.2888	1038.395	1121.67	1205.814	1255.872
416.3	0	0	0	0.0488245	2.764752	55.8855	279.7482	474.6782	596.4059	671.1207	747.7626	821.5139	893.7521	977.0329	1038.553	1121.839	1206.887	1256.061
416.4	0	0	0	0.0488245	2.823576	55.8855	279.2752	473.7899	596.8012	672.209	746.6932	820.7409	894.5851	976.7352	1038.236	1120.488	1207.244	1257.005
416.5	0	0	0	0.0488245	2.764752	55.81667	278.8811	474.3228	596.3071	672.3178	746.4556	820.9986	894.3074	974.8005	1037.283	1121.164	1208.496	1255.116
416.6	0	0	0	0.0488245	2.764752	55.74785	278.9599	474.3228	597.2953	672.3178	746.3367	821.2562	894.7239	975.8423	1037.124	1119.982	1209.569	1256.627
416.7	0	0	0	0.0488245	2.764752	55.8855	278.487	473.3458	597.493	673.0796	746.3367	821.2562	894.8627	974.8005	1036.33	1120.826	1209.748	1255.872
416.8	0	0	0	0.0488245	2.764752	55.74785	278.3293	473.4346	597.5918	673.1884	745.6238	820.4833	895.2792	974.3541	1035.853	1119.644	1208.675	1255.116
416.9	0	0	0	0.0488245	2.764752	55.67902	278.014	472.8128	597.493	673.2972	746.9308	820.0968	895.8345	974.3541	1035.377	1119.475	1209.211	1254.172
417	0	0	0	0.0488245	2.823576	55.74785	277.7776	473.3458	596.8012	673.2972	746.0991	821.1274	894.7239	973.9076	1035.218	1120.319	1209.211	1253.039
417.1	0	0	0	0.0488245	2.823576	55.74785	277.7776	472.3687	595.7141	673.6237	746.9308	820.6121	893.891	972.8658	1035.536	1119.475	1210.284	1253.228
417.2	0	0	0	0.0488245	2.823576	55.54137	277.6199	472.6352	595.5165	672.7531	747.0497	820.6121	893.6133	972.2705	1034.424	1118.969	1210.284	1253.039
417.3	0	0	0	0.0488245	2.764752	55.40373	277.6987	472.9017	595.0223	671.2296	746.2179	820.6121	893.7521	973.3123	1035.377	1120.488	1209.748	1251.718
417.4	0	0	0	0.0488245	2.764752	55.40373	277.9352	472.8128	594.5282	670.7943	746.3367	820.2256	893.7521	974.3541	1033.153	1120.488	1208.675	1253.228
417.5	0	0	0	0.0488245	2.764752	55.3349	278.1717	473.4346	593.9353	670.6854	746.6932	818.9374	894.0298	973.1635	1033.789	1119.644	1207.244	1255.305
417.6	0	0	0	0.0488245	2.705927	55.40373	278.2505	473.5234	593.3423	670.0325	747.525	820.2256	893.891	973.3123	1033.789	1118.969	1205.992	1253.606
417.7	0	0	0	0.0488245	2.705927	55.47255	278.7234	472.9905	593.3423	670.1413	745.7426	819.7103	893.1968	972.5681	1035.377	1119.138	1205.456	1254.361
417.8	0	0	0	0.0488245	2.705927	55.3349	278.8023	472.9017	594.3306	670.4678	745.7426	818.9374	892.5027	972.1216	1035.377	1119.475	1204.204	1254.739
417.9	0	0	0	0.09764901	2.705927	55.40373	278.9599	473.4346	595.0223	670.2501	746.4556	819.5815	891.3922	971.5264	1035.853	1119.644	1204.562	1253.606
418	0	0	0	0.09764901	2.705927	55.26608	278.487	473.7899	594.0341	668.9442	744.9108	819.8392	890.2816	972.1216	1034.742	1118.631	1205.992	1251.151
418.1	0	0	0	0.09764901	2.705927	55.54137	278.4081	473.257	595.7141	668.6177	744.3167	819.968	890.1427	972.2705	1035.218	1118.125	1205.456	1251.34
418.2	0	0	0	0.09764901	2.705927	55.54137	278.9599	473.5234	595.6153	667.9648	743.2473	820.0968	889.4486	970.6334	1035.377	1118.8	1206.887	1251.34
418.3	0	0	0	0.09764901	2.705927	55.54137	278.9599	474.1452	594.9235	667.5295	743.6038	821.2562	889.171	970.187	1035.695	1118.969	1207.781	1250.962
418.4	0	0	0	0.09764901	2.705927	55.26608	278.6446	474.3228	594.9235	668.0737	743.1285	820.4833	890.4203	970.6334	1036.012	1119.982	1208.675	1250.774
418.5	0	0	0	0.09764901	2.705927	55.0596	278.3293	474.234	595.0223	667.5295	743.2473	820.8698	890.5592	970.3358	1035.059	1121.332	1209.211	1249.263
418.6	0	0	0	0.09764901	2.764752	55.12843	277.6987	473.7899	594.9235	666.4413	743.2473	820.0968	890.4203	969.5917	1035.218	1122.345	1209.211	1248.885
418.7	0	0	0	0.09764901	2.705927	55.19725	277.7776	474.1452	595.1212	666.9854	744.079	820.0968	890.0039	968.1034	1035.059	1122.514	1209.39	1250.396
418.8	0	0	0	0.09764901	2.705927	55.0596	276.674	474.3228	594.8247	666.8766	744.079	820.4833	890.0039	969.294	1034.106	1122.514	1210.821	1250.207
418.9	0	0	0	0.09764901	2.705927	55.12843	276.9893	474.234	594.5282	667.3119	744.3167	820.3544	890.0039	970.3358	1033.153	1122.852	1211.536	1249.452
419	0	0	0	0.09764901	2.705927	55.3349	277.2258	474.5005	594.4294	666.2236	744.4355	821.5139	889.8651	971.824	1032.836	1123.021	1211.178	1250.018
419.1	0	0	0	0.09764901	2.705927	55.19725	277.6199	475.0334	593.8364	665.8972	743.0096	821.7715	888.6157	970.6334	1032.995	1122.345	1211.894	1249.829
419.2	0	0	0	0.09764901	2.705927	55.3349	277.8564	475.1223	593.54	666.7678	742.8908	822.8021	888.0604	971.2287	1033.471	1123.527	1212.073	1248.885
419.3	0	0	0	0.09764901	2.647103	55.47255	277.3834	475.0334	593.3423	665.5707	742.772	822.931	887.3662	971.0799	1031.883	1123.527	1211.715	1248.885
419.4	0	0	0	0.09764901	2.647103	55.54137	277.3834	474.4117	593.2435	665.8972	742.772	822.0292	886.2556	970.6334	1032.677	1123.189	1211	1249.641
419.5	0	0	0	0.09764901	2.647103	55.67902	277.6199	474.9446	593.2435	665.1354	742.6531	822.8021	885.2839	970.9311	1031.406	1123.696	1209.748	1250.018
419.6	0	0	0	0.09764901	2.647103	55.81667	277.147	475.744	593.6388	664.2648	741.3461	822.5445	884.3121	971.6752	1030.93	1123.865	1207.423	1247.563
419.7	0	0	0	0.09764901	2.647103	55.95432	276.9893	476.0105	593.0458	664.7001	740.5143	821.5139	884.8674	970.9311	1032.2	1122.514	1205.635	1248.13
419.8	0	0	0	0.09764901	2.647103	55.95432	277.2258	476.4547	592.8482	665.1354	739.6826	820.2256	884.7286	971.6752	1031.565	1122.683	1206.35	1249.074
419.9	0	0	0	0.09764901	2.705927	56.02315	277.8564	476.1882	592.947	664.3736	741.3461	821.1274	885.0062	971.0799	1031.089	1121.332	1206.708	1250.018
420	0	0	0	0.09764901	2.705927	56.02315	278.014	475.6552	593.8364	663.7206	741.3461	820.8698	885.4227	972.1216	1031.089	1121.332	1205.635	1250.585
420.1	0	0	0	0.09764901	2.647103	56.02315	277.5411	475.0334	594.2318	664.0471	742.1779	820.4833	884.4509	973.3123	1031.089	1120.488	1205.456	1249.829
420.2	0	0	0	0.09764901	2.588278	56.1608	277.6199	474.0564	593.3423	663.6118	742.2967	821.6427	882.9238	973.3123	1031.565	1119.307	1205.635	1250.207
420.3	0	0	0	0.09764901	2.705927	56.36727	277.2258	474.3228	592.4529	664.5912	741.9402	821.3851	882.785	973.6099	1030.771	1119.138	1207.423	1249.452
420.4	0	0	0	0.09764901	2.705927	56.4361	276.8317	474.9446	593.3423	664.2648	742.4155	820.6121	882.9238	973.0146	1029.659	1118.969	1206.35	1249.452
420.5	0	0	0	0.09764901	2.705927	56.1608	276.5952	474.8558	593.9353	664.8089	742.8908	821.2562	883.4791	972.4193	1028.547	1119.138	1205.098	1249.074
420.6	0	0	0	0.09764901	2.705927	56.1608	276.8317	474.5893	593.7376	664.1559	743.1285	820.9986	882.9238	971.6752	1027.753	1118.631	1204.562	1249.074
420.7	0	0	0	0.09764901	2.705927	55.95432	276.5164	474.1452	593.4412	663.7206	743.9602	821.3851	883.2015	971.3776	1028.071	1118.462	1203.131	1250.585
420.8	0	0	0	0.09764901	2.705927	55.8855	276.3587	473.7011	593.2435	662.9589	744.5543	821.5139	882.785	970.3358	1027.753	1117.618	1200.985	1250.774
420.9	0	0	0	0.09764901	2.705927	56.36727	276.9105	474.1452	593.2435	663.8295	743.3661	821.7715	882.785	970.7822	1029.342	1117.787	1201.522	1250.962
421	0	0	0	0.09764901	2.705927	56.50492	276.5952	474.0564	592.7494	663.8295	744.079	820.9986	882.3685	969.1452	1027.912	1116.943	1200.27	1250.585
421.1	0	0	0	0.09764901	2.705927	56.57374	276.9105	474.1452	593.1447	663.503	744.1979	819.968	882.5074	970.4846	1028.706	1116.099	1201.701	1250.585
421.2	0	0	0	0.09764901	2.705927	56.50492	277.2258	473.257	592.4529	663.2853	743.3661	820.0968	884.3121	969.8893	1029.659	1116.099	1200.985	1251.34
421.3	0	0	0	0.09764901	2.705927	56.36727	277.6199	473.9676	592.2552	662.4148	743.8414	820.0968	883.7568	970.7822	1030.136	1115.423	1199.555	1250.207
421.4	0	0	0	0.09764901	2.705927	56.09197	277.3046	474.234	592.8482	662.1971	743.7226	819.968	883.2015	971.5264	1031.565	1116.605	1198.661	1249.829
421.5	0	0	0	0.09764901	2.764752	56.1608	277.0681	474.6782	593.3423	661.9795	743.3661	819.7103	882.6462	972.5681	1031.565	1115.086	1198.839	1248.508
421.6	0	0	0	0.09764901	2.882401	56.1608	277.2258	474.0564	595.0223	661.653	742.8908	818.8085	881.9521	973.9076	1033.153	1113.735	1199.555	1248.508
421.7	0	0	0	0.09764901	2.823576	56.22962	277.2258	473.7899	594.6271	662.306	743.0096	819.4527	880.9803	972.8658	1032.042	1113.398	1200.091	1248.508
421.8	0	0	0	0.09764901	2.823576	56.09197	277.5411	472.2799	595.22	662.7412	741.7026	819.968	880.5638	972.2705	1032.042	1113.229	1201.164	1248.13
421.9	0	0	0	0.09764901	2.823576	56.29845	277.6987	472.1022	595.7141	662.306	741.9402	818.8085	880.1473	972.2705	1032.836	1112.722	1200.628	1248.13
422	0	0	0	0.09764901	2.823576	56.22962	277.3046	472.2799	595.8129	662.0883	742.2967	818.1644	880.7026	972.1216	1031.724	1111.709	1200.091	1246.808
422.1	0	0	0	0.09764901	2.823576	56.22962	276.7528	471.6581	596.4059	662.4148	742.6531	817.005	878.8979	971.824	1031.248	1110.696	1199.555	1245.675
422.2	0	0	0	0.09764901	2.823576	56.36727	276.9893	472.3687	596.9988	662.7412	741.5837	816.7474	878.4814	972.8658	1030.93	1110.359	1199.376	1247.563
422.3	0	0	0	0.09764901	2.823576	56.4361	277.3046	472.8128	596.9988	662.1971	741.4649	816.2321	876.8156	973.1635	1030.136	1110.528	1197.766	1247.375
422.4	0	0	0	0.09764901	2.823576	56.36727	276.9893	472.6352	598.1848	662.7412	741.2273	815.588	876.2603	973.6099	1032.359	1110.359	1197.23	1248.13
422.5	0	0	0	0.09764901	2.764752	56.1608	277.147	473.4346	598.1848	663.6118	741.3461	816.6185	877.0932	973.4611	1032.836	1110.021	1197.766	1248.508
422.6	0	0	0	0.09764901	2.764752	55.95432	276.9893	473.3458	598.1848	664.2648	742.8908	816.4897	876.6768	974.0564	1033.63	1110.19	1197.23	1248.885
422.7	0	0	0	0.09764901	2.823576	56.02315	277.5411	473.4346	596.9	663.9383	741.5837	817.3915	876.1215	973.1635	1032.995	1110.359	1196.694	1248.696
422.8	0	0	0	0.09764901	2.823576	56.02315	277.6987	473.257	596.7024	664.3736	740.8708	817.5203	876.3991	973.0146	1032.2	1109.515	1196.515	1248.696
422.9	0	0	0	0.09764901	2.823576	56.02315	277.9352	474.767	596.9988	664.8089	740.2767	817.5203	875.705	973.1635	1033.153	1110.696	1196.336	1247.186
423	0	0	0	0.09764901	2.823576	56.09197	278.3293	474.234	597.2953	665.353	740.3955	817.2626	875.9826	974.0564	1032.042	1111.203	1197.051	1247.186
423.1	0	0	0	0.09764901	2.823576	56.4361	278.3293	473.5234	597.493	665.8972	740.752	815.9744	876.3991	974.6517	1032.2	1111.372	1196.694	1247.752
423.2	0	0	0	0.09764901	2.823576	56.36727	278.2505	473.7899	597.493	665.5707	740.1578	815.7168	876.8156	973.7587	1031.724	1111.878	1196.157	1247.752
423.3	0	0	0	0.09764901	2.823576	56.29845	278.7234	473.5234	597.493	665.5707	739.9202	817.005	875.9826	973.1635	1031.406	1111.878	1195.978	1247.752
423.4	0	0	0	0.09764901	2.823576	56.29845	278.4081	473.6123	597.0977	665.1354	739.326	817.3915	875.0109	971.6752	1032.359	1111.203	1196.157	1247.941
423.5	0	0	0	0.09764901	2.823576	56.50492	278.487	472.9017	596.7024	664.1559	739.5637	818.1644	875.1497	971.824	1031.248	1111.034	1196.694	1247.752
423.6	0	0	0	0.09764901	2.823576	56.4361	278.487	472.0134	596.5047	663.2853	739.0884	817.778	874.5944	970.187	1031.724	1111.878	1199.018	1247.941
423.7	0	0	0	0.09764901	2.823576	56.4361	278.1717	472.1022	595.3188	663.2853	740.2767	817.778	875.5662	970.0381	1031.248	1112.891	1199.018	1248.13
423.8	0	0	0	0.09764901	2.823576	56.4361	277.8564	472.5464	595.7141	662.306	740.6331	817.2626	876.1215	970.187	1031.089	1113.735	1199.197	1247.563
423.9	0	0	0	0.09764901	2.823576	56.29845	277.6987	472.6352	595.3188	661.9795	740.2767	816.7474	877.3708	970.7822	1031.406	1113.566	1199.555	1248.508
424	0	0	0	0.09764901	2.823576	56.29845	277.6987	472.3687	595.1212	662.0883	738.9696	815.8456	876.6768	970.6334	1031.565	1112.891	1199.197	1248.696
424.1	0	0	0	0.09764901	2.823576	56.50492	277.6199	472.3687	594.7259	661.7618	738.6131	815.7168	876.1215	970.0381	1031.089	1113.229	1200.628	1248.508
424.2	0	0	0	0.09764901	2.823576	56.64257	278.6446	472.4576	594.8247	662.1971	738.4943	816.3609	875.1497	970.187	1030.136	1113.06	1198.482	1249.074
424.3	0	0	0	0.09764901	2.823576	56.78022	278.9599	473.0793	595.4177	662.4148	738.1378	816.8762	875.4273	968.9963	1029.659	1113.566	1197.945	1248.319
424.4	0	0	0	0.09764901	2.764752	56.71139	278.9599	473.0793	594.4294	662.6324	737.9002	817.3915	876.2603	967.6569	1029.024	1114.411	1198.124	1246.431
424.5	0	0	0	0.09764901	2.705927	56.50492	279.354	472.8128	594.8247	661.1089	738.019	817.1339	878.2038	968.1034	1028.23	1113.735	1196.336	1245.486
424.6	0	0	0	0.09764901	2.705927	56.50492	280.0635	473.3458	594.5282	661.8707	739.0884	817.1339	877.5097	967.5081	1027.595	1113.904	1195.799	1243.598
424.7	0	0	0	0.09764901	2.823576	56.57374	279.5905	473.0793	593.54	661.9795	739.4449	818.1644	876.9544	967.9546	1027.436	1114.411	1195.084	1241.71
424.8	0	0	0	0.09764901	2.764752	56.64257	279.0388	472.9017	593.9353	661.7618	739.5637	817.6491	876.8156	967.0616	1028.706	1112.891	1195.621	1242.465
424.9	0	0	0	0.09764901	2.764752	56.91787	278.6446	472.8128	592.7494	661.2177	738.4943	816.7474	876.9544	967.0616	1027.118	1112.891	1195.621	1242.654
425	0	0	0	0.09764901	2.764752	56.71139	278.7234	472.724	591.9588	661.3265	738.1378	816.3609	876.6768	966.764	1026.324	1114.242	1196.336	1241.899
425.1	0	0	0	0.09764901	2.764752	56.57374	278.9599	472.9905	592.8482	660.7824	736.9496	816.7474	877.2321	966.0198	1026.165	1112.047	1194.011	1242.088
425.2	0	0	0	0.09764901	2.764752	56.29845	278.8023	472.4576	593.3423	661.0001	737.306	815.588	877.9261	967.2104	1026.006	1112.722	1195.263	1242.654
425.3	0	0	0	0.09764901	2.764752	56.36727	277.7776	472.9905	593.7376	661.1089	737.6625	815.8456	877.3708	967.5081	1024.895	1112.047	1192.759	1242.843
425.4	0	0	0	0.09764901	2.764752	56.50492	277.8564	472.6352	594.6271	662.306	738.2567	815.3303	878.065	967.0616	1023.942	1112.553	1192.938	1242.276
425.5	0	0	0	0.09764901	2.705927	56.57374	278.3293	472.2799	595.0223	662.6324	738.3755	815.8456	879.0367	967.6569	1023.624	1111.203	1194.548	1242.276
425.6	0	0	0	0.09764901	2.705927	56.78022	278.1717	472.1911	595.22	663.0677	737.6625	816.3609	879.4532	968.8475	1025.371	1111.034	1195.084	1244.354
425.7	0	0	0	0.09764901	2.764752	56.4361	277.6987	472.1022	595.5165	663.2853	738.019	816.4897	879.592	968.5499	1024.736	1110.865	1195.621	1245.109
425.8	0	0	0	0.09764901	2.764752	56.64257	277.7776	471.6581	595.3188	663.3942	737.5437	816.4897	879.7309	969.5917	1023.783	1110.528	1195.442	1244.731
425.9	0	0	0	0.09764901	2.764752	56.71139	277.9352	471.8358	595.5165	663.503	737.7814	817.1339	880.5638	970.6334	1023.147	1109.177	1193.654	1244.542
426	0	0	0	0.09764901	2.764752	56.71139	277.7776	472.0134	594.9235	662.9589	738.2567	816.3609	880.7026	971.824	1023.624	1109.852	1194.19	1245.864
426.1	0	0	0	0.09764901	2.764752	56.98669	277.6199	471.3917	595.1212	662.306	738.3755	815.8456	882.3685	971.6752	1021.559	1108.164	1195.621	1244.165
426.2	0	0	0	0.09764901	2.764752	56.98669	278.3293	470.7699	594.2318	662.306	738.4943	815.2015	880.9803	970.6334	1020.447	1108.333	1196.157	1243.221
426.3	0	0	0	0.09764901	2.705927	57.12434	278.7234	470.2369	593.4412	661.9795	737.1873	814.6862	880.1473	971.2287	1020.289	1108.333	1196.157	1244.165
426.4	0	0	0	0.09764901	2.705927	56.91787	278.487	470.5922	592.6506	662.306	736.8307	815.0726	880.1473	969.1452	1019.971	1108.164	1194.905	1243.787
426.5	0	0	0	0.09764901	2.705927	57.19316	278.5658	469.9705	592.6506	661.2177	737.4249	814.9438	881.2579	967.3593	1019.336	1109.008	1194.19	1244.731
426.6	0	0	0	0.09764901	2.705927	57.26199	278.9599	470.9475	593.4412	660.2383	736.1178	814.2997	880.2862	967.5081	1018.542	1108.671	1194.727	1244.542
426.7	0	0	0	0.09764901	2.705927	57.19316	278.7234	470.7699	592.7494	659.9118	735.8802	814.1709	880.0085	967.3593	1018.065	1109.515	1194.548	1244.731
426.8	0	0	0	0.09764901	2.705927	57.12434	279.1176	471.3917	592.2552	660.0206	735.286	814.5574	880.425	967.0616	1018.542	1109.177	1195.084	1245.109
426.9	0	0	0	0.09764901	2.764752	57.05552	279.1176	471.1252	593.0458	659.9118	734.4543	814.9438	880.0085	966.9128	1017.43	1108.333	1194.011	1245.675
427	0	0	0	0.09764901	2.764752	57.05552	279.354	470.6811	593.2435	659.6942	734.0978	815.2015	879.592	966.9128	1018.383	1109.515	1195.084	1244.92
427.1	0	0	0	0.09764901	2.764752	56.91787	279.5117	471.5693	593.4412	659.4765	734.2166	814.9438	879.7309	968.1034	1017.589	1108.671	1194.905	1246.053
427.2	0	0	0	0.09764901	2.764752	56.91787	279.0388	471.5693	593.1447	658.8235	735.999	815.3303	879.3144	966.764	1017.271	1108.671	1196.694	1244.542
427.3	0	0	0	0.09764901	2.764752	56.91787	278.3293	471.6581	594.1329	660.0206	735.1672	815.3303	878.7591	967.0616	1016.953	1108.839	1197.051	1244.542
427.4	0	0	0	0.09764901	2.764752	57.05552	277.5411	472.0134	594.5282	661.1089	734.6919	815.4591	878.6203	966.3175	1017.43	1108.839	1194.905	1245.298
427.5	0	0	0	0.09764901	2.823576	56.98669	277.4622	471.6581	594.8247	660.6736	734.8107	815.588	878.8979	966.4663	1018.065	1108.671	1196.336	1244.165
427.6	0	0	0	0.09764901	2.823576	56.91787	277.8564	472.0134	594.3306	661.2177	733.9789	816.6185	878.8979	966.6152	1017.906	1109.515	1196.515	1243.976
427.7	0	0	0	0.09764901	2.823576	56.91787	278.487	471.9246	594.5282	661.7618	733.9789	815.9744	877.7874	966.4663	1018.542	1111.709	1196.157	1244.542
427.8	0	0	0	0.09764901	2.882401	56.84904	278.4081	472.1022	595.0223	661.9795	734.0978	815.4591	878.2038	966.1687	1017.747	1111.709	1194.727	1244.92
427.9	0	0	0	0.09764901	2.882401	56.71139	278.6446	472.6352	594.5282	662.9589	734.0978	815.588	878.3427	965.871	1017.43	1111.372	1193.832	1245.486
428	0	0	0	0.09764901	2.823576	57.05552	279.0388	472.9017	594.5282	662.5236	735.5237	814.6862	877.9261	966.764	1017.589	1111.034	1194.905	1245.109
428.1	0	0	0	0.09764901	2.823576	56.98669	278.5658	472.5464	593.3423	662.306	735.6425	815.9744	877.0932	966.1687	1017.747	1110.696	1194.727	1244.542
428.2	0	0	0	0.09764901	2.764752	57.05552	278.9599	472.1022	593.3423	661.653	735.8802	816.1033	875.2885	966.1687	1016.159	1110.865	1195.084	1243.976
428.3	0	0	0	0.09764901	2.764752	57.05552	279.0388	471.9246	593.2435	660.8912	736.5931	816.7474	875.4273	966.4663	1018.7	1111.372	1194.548	1242.843
428.4	0	0	0	0.09764901	2.764752	57.05552	279.2752	472.0134	594.8247	660.2383	736.1178	816.6185	876.1215	965.5734	1019.177	1112.216	1192.938	1243.409
428.5	0	0	0	0.09764901	2.764752	57.05552	279.2752	472.2799	595.0223	661.4354	734.6919	817.005	877.5097	964.9781	1020.606	1113.904	1194.727	1242.465
428.6	0	0	0	0.09764901	2.764752	56.98669	279.354	472.0134	594.6271	661.0001	735.1672	817.5203	877.3708	964.3828	1019.971	1112.553	1194.727	1240.955
428.7	0	0	0	0.09764901	2.764752	57.19316	279.6693	471.3917	595.1212	661.2177	734.8107	818.6797	877.5097	964.6804	1019.653	1112.216	1194.548	1240.955
428.8	0	0	0	0.09764901	2.764752	57.19316	279.354	471.1252	594.7259	660.7824	734.5731	818.1644	875.9826	964.0851	1018.383	1111.034	1192.759	1241.521
428.9	0	0	0	0.09764901	2.705927	57.33081	279.6693	471.3917	593.1447	660.8912	735.4048	818.1644	876.6768	964.9781	1019.177	1110.021	1193.832	1242.465
429	0	0	0	0.09764901	2.705927	57.46846	279.9058	471.5693	592.7494	660.8912	735.286	817.5203	878.065	964.9781	1018.7	1110.359	1193.117	1242.654
429.1	0	0	0	0.09764901	2.705927	57.46846	280.1423	471.7469	592.1564	661.0001	733.8602	818.1644	877.6485	964.6804	1018.383	1110.865	1192.044	1240.955
429.2	0	0	0	0.09764901	2.705927	57.60611	280.6941	472.2799	592.2552	662.1971	734.0978	818.8085	876.8156	964.6804	1018.224	1109.852	1191.687	1242.276
429.3	0	0	0	0.09764901	2.705927	57.53728	280.7729	472.0134	592.7494	662.6324	734.9296	818.9374	877.0932	963.9363	1018.065	1109.515	1192.759	1241.899
429.4	0	0	0	0.09764901	2.705927	57.53728	280.8517	472.1911	592.0576	663.1765	734.2166	818.9374	876.5379	964.0851	1017.43	1108.164	1193.832	1243.032
429.5	0	0	0	0.09764901	2.705927	57.46846	280.7729	471.8358	592.5518	663.3942	734.4543	818.8085	876.8156	964.9781	1019.495	1108.502	1193.654	1241.521
429.6	0	0	0	0.09764901	2.705927	57.60611	280.8517	472.1911	592.7494	663.9383	733.3848	818.0356	876.8156	965.1269	1018.065	1109.008	1193.654	1240.955
429.7	0	0	0	0.09764901	2.705927	57.46846	280.3788	472.2799	592.5518	663.503	732.6719	816.8762	877.5097	963.6387	1018.224	1109.852	1191.329	1242.088
429.8	0	0	0	0.09764901	2.647103	57.60611	280.1423	471.7469	592.0576	663.7206	733.0284	815.9744	877.7874	963.1922	1017.906	1109.852	1190.435	1242.088
429.9	0	0	0	0.09764901	2.647103	57.67493	280.8517	470.6811	592.1564	664.5912	733.1472	814.815	877.3708	963.6387	1017.271	1108.839	1190.435	1240.577
430	0	0	0	0.09764901	2.647103	57.67493	281.3246	470.2369	592.5518	664.3736	732.9095	814.2997	877.3708	965.4246	1017.43	1107.995	1191.508	1240.766
430.1	0	0	0	0.09764901	2.588278	57.67493	281.5611	470.0593	591.7611	664.8089	733.2661	814.5574	877.2321	965.1269	1016.636	1108.333	1190.435	1241.143
430.2	0	0	0	0.09764901	2.588278	57.60611	280.5364	469.4375	592.0576	666.006	733.2661	814.5574	877.6485	966.3175	1015.524	1107.658	1190.435	1240.766
430.3	0	0	0	0.09764901	2.588278	57.60611	280.5364	468.5493	592.5518	665.6795	732.5531	814.5574	877.3708	965.5734	1015.842	1108.164	1189.719	1242.843
430.4	0	0	0	0.09764901	2.588278	57.74376	279.9846	468.2828	592.7494	665.5707	732.7907	813.5267	877.5097	965.871	1017.112	1106.645	1189.719	1243.976
430.5	0	0	0	0.09764901	2.588278	57.81258	279.9058	467.661	592.7494	665.4619	732.7907	812.2385	876.8156	964.3828	1018.383	1107.151	1189.541	1243.976
430.6	0	0	0	0.09764901	2.647103	57.81258	279.6693	467.2169	592.2552	665.1354	732.5531	811.9808	876.8156	964.9781	1017.271	1107.995	1189.719	1243.976
430.7	0	0	0	0.09764901	2.588278	57.95023	279.6693	467.3946	592.4529	664.4824	731.6025	810.9503	877.7874	965.2758	1017.906	1106.813	1192.581	1243.221
430.8	0	0	0	0.09764901	2.588278	57.95023	278.8811	468.1051	592.2552	665.8972	731.8401	811.5944	876.1215	964.5316	1016.477	1106.645	1191.687	1241.71
430.9	0	0	0	0.09764901	2.588278	57.88141	278.7234	468.1051	593.1447	666.006	731.9589	810.5638	877.5097	964.9781	1014.412	1105.969	1192.581	1241.71
431	0	0	0	0.1464735	2.588278	57.67493	278.7234	467.3946	592.7494	664.9177	732.5531	810.6926	876.8156	964.6804	1014.889	1105.801	1191.329	1242.465
431.1	0	0	0	0.1464735	2.588278	57.67493	278.8023	467.0392	592.4529	665.2442	733.0284	809.5332	877.0932	964.5316	1015.524	1106.982	1192.759	1243.787
431.2	0	0	0	0.1464735	2.588278	57.67493	279.1964	467.3946	592.5518	664.8089	732.6719	808.7603	877.6485	964.2339	1014.889	1105.463	1193.296	1242.276
431.3	0	0	0	0.1464735	2.588278	57.74376	279.354	467.5722	592.7494	665.353	731.7213	809.5332	877.9261	964.9781	1015.365	1106.307	1194.727	1241.143
431.4	0	0	0	0.1464735	2.588278	57.67493	278.8811	466.8616	592.1564	665.1354	731.6025	809.4044	878.7591	963.7875	1014.571	1105.463	1194.905	1242.276
431.5	0	0	0	0.1464735	2.588278	57.53728	278.8811	466.5951	592.2552	664.8089	731.7213	809.0179	878.7591	963.341	1014.571	1106.813	1194.727	1240.577
431.6	0	0	0	0.1464735	2.588278	57.88141	278.8811	466.7728	592.5518	664.2648	731.0084	808.7603	876.6768	964.6804	1014.889	1105.969	1193.475	1238.5
431.7	0	0	0	0.1464735	2.588278	57.95023	278.6446	466.8616	592.2552	664.5912	728.9883	808.8891	877.5097	964.3828	1013.936	1106.307	1193.832	1236.989
431.8	0	0	0	0.1464735	2.588278	58.01906	277.9352	466.8616	592.1564	664.7001	728.0377	809.2756	877.2321	964.5316	1012.189	1106.138	1193.654	1238.122
431.9	0	0	0	0.1464735	2.529454	58.01906	277.3834	467.0392	591.0694	664.7001	728.6319	809.4044	875.705	965.5734	1012.983	1106.138	1192.759	1237.178
432	0	0	0	0.1464735	2.529454	58.01906	277.6199	467.661	591.3658	665.353	728.6319	809.7908	875.4273	964.3828	1013.459	1106.645	1192.044	1237.933
432.1	0	0	0	0.1464735	2.588278	57.74376	277.6199	467.4834	591.267	665.4619	728.9883	809.5332	875.8438	963.7875	1011.871	1105.632	1191.15	1238.311
432.2	0	0	0	0.1464735	2.588278	57.95023	277.4622	467.9275	591.7611	665.353	729.939	810.1773	876.1215	964.3828	1012.189	1107.32	1191.329	1239.822
432.3	0	0	0	0.1464735	2.588278	58.08788	277.2258	467.2169	591.86	665.8972	729.1072	810.4349	877.0932	963.7875	1012.983	1105.969	1190.614	1240.577
432.4	0	0	0	0.1464735	2.588278	58.08788	277.5411	467.4834	592.0576	666.4413	728.9883	809.9197	875.5662	964.2339	1013.936	1105.125	1191.865	1241.143
432.5	0	0	0	0.1464735	2.588278	58.08788	276.5952	467.7498	591.6623	666.006	729.226	810.3062	875.2885	964.0851	1013.3	1105.801	1191.687	1240.766
432.6	0	0	0	0.1464735	2.647103	58.08788	276.7528	467.3057	592.4529	666.7678	730.0577	811.3367	875.5662	963.0434	1013.142	1105.463	1193.117	1238.689
432.7	0	0	0	0.1464735	2.647103	58.01906	276.7528	466.0622	592.8482	665.7883	729.5825	811.2079	873.9003	961.704	1013.618	1105.632	1191.687	1239.822
432.8	0	0	0	0.1464735	2.647103	57.88141	276.674	465.5292	593.7376	664.9177	728.9883	811.5944	874.3167	961.2575	1013.142	1105.969	1190.971	1239.822
432.9	0	0	0	0.1464735	2.647103	58.01906	276.9105	465.7957	594.3306	664.3736	728.6319	810.9503	873.9003	960.811	1014.889	1106.476	1191.15	1240.199
433	0	0	0	0.1464735	2.647103	58.01906	277.2258	465.9734	593.6388	665.6795	728.0377	810.9503	872.9285	961.8528	1015.047	1106.307	1188.646	1240.955
433.1	0	0	0	0.1464735	2.647103	58.01906	276.9893	465.7069	593.9353	665.353	728.8695	810.9503	872.3732	959.4716	1013.459	1104.956	1189.719	1239.822
433.2	0	0	0	0.1464735	2.647103	57.88141	277.3046	465.7069	593.9353	665.353	728.5131	810.3062	871.9567	957.9833	1015.047	1103.943	1190.792	1239.066
433.3	0	0	0	0.1464735	2.647103	57.88141	277.2258	465.7069	593.3423	665.6795	728.6319	810.1773	871.4014	958.5786	1014.73	1104.281	1190.435	1239.444
433.4	0	0	0	0.1464735	2.647103	57.95023	277.6987	466.2398	591.9588	666.9854	729.4636	809.9197	872.3732	958.281	1015.047	1104.788	1190.971	1238.5
433.5	0	0	0	0.1464735	2.647103	57.67493	277.8564	466.2398	591.4647	667.5295	728.9883	809.9197	872.512	958.4298	1014.412	1105.294	1192.223	1238.311
433.6	0	0	0	0.1464735	2.705927	57.60611	278.0929	466.151	591.3658	667.2031	729.5825	809.4044	872.3732	959.0251	1014.889	1105.125	1193.117	1237.367
433.7	0	0	0	0.1464735	2.705927	57.67493	278.1717	466.3286	590.7729	666.6589	729.7013	808.8891	873.0673	959.3228	1013.936	1104.788	1193.296	1236.045
433.8	0	0	0	0.1464735	2.705927	57.88141	278.2505	466.0622	590.9705	667.3119	730.6519	808.6314	872.7897	957.9833	1014.889	1104.956	1191.508	1235.856
433.9	0	0	0	0.1464735	2.705927	58.08788	278.014	467.1281	590.9705	667.2031	732.0778	809.4044	871.8179	957.6857	1014.253	1104.112	1191.15	1233.213
434	0	0	0	0.1464735	2.705927	58.01906	277.3046	466.8616	589.7847	665.6795	731.7213	810.0485	872.2344	957.0904	1015.047	1104.112	1191.865	1232.458
434.1	0	0	0	0.1464735	2.647103	58.22553	277.5411	467.5722	590.5753	665.353	731.8401	809.2756	871.4014	957.3881	1014.253	1103.099	1192.581	1232.269
434.2	0	0	0	0.1464735	2.647103	58.08788	277.6199	468.3716	590.5753	665.4619	732.1966	809.9197	870.4296	958.8763	1012.347	1103.268	1191.687	1230.569
434.3	0	0	0	0.1464735	2.647103	58.22553	277.6199	467.9275	590.5753	666.3325	733.3848	810.4349	869.1802	957.8345	1012.189	1103.099	1192.402	1230.192
434.4	0	0	0	0.1464735	2.647103	58.22553	276.9105	467.4834	590.5753	666.5501	732.1966	810.3062	868.9026	958.1321	1013.3	1101.073	1191.865	1229.814
434.5	0	0	0	0.1464735	2.647103	58.36318	276.9893	467.2169	590.7729	666.5501	732.7907	810.4349	869.319	957.2392	1012.347	1100.905	1191.687	1229.814
434.6	0	0	0	0.1464735	2.647103	58.29436	276.674	466.5951	590.3776	666.2236	732.1966	811.2079	869.7355	957.9833	1013.142	1100.567	1189.183	1230.758
434.7	0	0	0	0.1464735	2.647103	58.36318	275.8069	466.5951	590.7729	666.006	732.7907	811.2079	870.0132	958.1321	1013.3	1101.58	1187.752	1231.325
434.8	0	0	0	0.1464735	2.588278	58.36318	276.0434	466.7728	590.3776	665.8972	732.5531	810.4349	868.9026	957.9833	1013.618	1102.255	1185.785	1230.758
434.9	0	0	0	0.1464735	2.470629	58.22553	275.9646	467.3057	589.8835	666.4413	732.1966	809.9197	867.5143	958.4298	1012.189	1101.411	1187.037	1230.947
435	0	0	0	0.1464735	2.529454	58.01906	275.9646	465.9734	591.3658	666.2236	731.7213	810.1773	866.959	958.8763	1012.824	1101.242	1187.395	1230.569
435.1	0	0	0	0.1464735	2.529454	57.88141	275.6493	466.5063	590.5753	665.5707	731.246	808.7603	867.792	958.8763	1013.936	1101.242	1187.037	1230.569
435.2	0	0	0	0.1464735	2.529454	57.81258	275.0975	466.684	590.4764	665.1354	731.0084	809.4044	866.959	959.174	1015.047	1099.047	1185.606	1230.947
435.3	0	0	0	0.1464735	2.529454	57.74376	274.7034	466.4175	590.0811	664.5912	730.7707	809.1467	866.8202	959.0251	1014.73	1100.398	1184.712	1231.136
435.4	0	0	0	0.1464735	2.470629	57.74376	274.8611	467.0392	589.1917	664.1559	731.246	809.1467	867.2367	959.0251	1014.253	1100.06	1183.282	1229.625
435.5	0	0	0	0.1464735	2.411805	57.95023	275.334	467.0392	588.7964	664.8089	732.0778	809.5332	867.9308	958.5786	1013.459	1099.554	1182.924	1229.436
435.6	0	0	0	0.1464735	2.411805	58.01906	275.2552	467.5722	588.7964	664.0471	732.1966	808.3738	867.5143	958.8763	1013.459	1100.229	1183.639	1231.702
435.7	0	0	0	0.1464735	2.470629	57.88141	275.6493	467.3946	588.1046	663.2853	732.6719	806.9567	868.0696	957.8345	1014.889	1101.073	1185.249	1232.08
435.8	0	0	0	0.1464735	2.470629	57.81258	275.0975	467.1281	588.8952	664.4824	732.4343	806.5703	866.6814	955.8998	1016	1103.099	1184.712	1232.646
435.9	0	0	0	0.1464735	2.470629	57.67493	274.5457	466.9504	588.6976	664.1559	732.0778	805.9261	866.8202	954.858	1016.318	1101.58	1185.606	1233.59
436	0	0	0	0.1464735	2.411805	57.81258	274.3881	467.3946	589.2905	665.4619	733.5037	805.7973	867.2367	953.2209	1015.524	1101.58	1185.964	1234.157
436.1	0	0	0	0.1464735	2.411805	57.74376	275.1764	468.2828	588.7964	665.7883	732.6719	805.0244	868.6249	952.9233	1017.112	1102.593	1186.322	1233.213
436.2	0	0	0	0.1464735	2.411805	57.60611	275.5705	467.8387	589.9823	665.353	733.1472	804.7667	868.2084	953.5186	1017.589	1102.086	1184.355	1231.325
436.3	0	0	0	0.1464735	2.411805	57.67493	275.4916	467.7498	589.6859	665.8972	732.9095	804.2514	868.4861	952.7745	1016.159	1102.424	1184.355	1230.38
436.4	0	0	0	0.1464735	2.411805	57.81258	275.4916	466.5951	589.3893	664.9177	732.6719	803.8649	868.4861	952.328	1014.889	1102.931	1182.924	1231.136
436.5	0	0	0	0.1464735	2.470629	57.74376	275.4916	467.0392	590.1799	664.7001	732.9095	804.2514	867.6531	953.0721	1013.142	1101.918	1184.355	1230.569
436.6	0	0	0	0.1464735	2.470629	57.67493	275.334	467.2169	589.9823	665.1354	732.9095	804.1226	868.2084	953.6674	1012.03	1101.073	1184.176	1231.513
436.7	0	0	0	0.1464735	2.470629	57.60611	275.334	467.5722	589.6859	664.5912	732.5531	804.8955	868.9026	953.5186	1011.553	1101.58	1184.355	1229.814
436.8	0	0	0	0.1464735	2.470629	57.33081	275.334	467.3057	589.7847	663.8295	732.9095	805.5396	868.7637	952.0303	1011.394	1101.749	1183.997	1230.569
436.9	0	0	0	0.1464735	2.470629	57.39964	275.4128	467.3946	589.7847	663.1765	731.8401	805.6685	869.7355	952.0303	1009.965	1102.424	1183.997	1229.814
437	0	0	0	0.1464735	2.470629	57.53728	275.5705	467.9275	589.9823	664.4824	733.1472	805.1531	870.8461	953.3698	1008.853	1102.424	1184.355	1230.38
437.1	0	0	0	0.1464735	2.470629	57.26199	275.7281	468.3716	590.0811	664.4824	733.3848	805.282	871.5402	952.4768	1008.853	1101.918	1183.818	1232.835
437.2	0	0	0	0.1464735	2.470629	56.98669	275.334	467.8387	590.2787	663.6118	732.9095	805.282	872.2344	950.9886	1009.806	1100.398	1182.209	1232.08
437.3	0	0	0	0.1464735	2.470629	57.12434	275.334	468.0163	590.6741	664.3736	733.0284	805.282	872.512	950.3933	1008.694	1101.918	1182.924	1230.38
437.4	0	0	0	0.1464735	2.411805	57.33081	275.1764	468.0163	590.3776	664.5912	732.6719	806.0549	872.512	951.1374	1007.9	1102.255	1183.818	1230.38
437.5	0	0	0	0.1464735	2.411805	57.46846	274.7034	467.3946	589.6859	663.2853	732.7907	806.4414	871.9567	950.0956	1008.536	1101.411	1185.249	1230.003
437.6	0	0	0	0.1464735	2.35298	57.53728	275.0975	467.3057	588.8952	662.85	732.4343	805.4108	873.345	949.6492	1007.424	1099.892	1186.322	1229.625
437.7	0	0	0	0.1464735	2.35298	57.67493	275.5705	467.3946	589.6859	662.0883	732.1966	804.7667	872.9285	949.798	1007.583	1099.892	1186.858	1229.436
437.8	0	0	0	0.1464735	2.35298	57.53728	276.0434	467.4834	590.0811	661.3265	731.246	804.3802	871.8179	949.9468	1008.536	1100.398	1187.037	1229.625
437.9	0	0	0	0.1464735	2.35298	57.95023	276.7528	467.3057	590.1799	661.4354	731.4836	804.1226	872.0955	948.1609	1009.012	1099.892	1187.216	1229.625
438	0	0	0	0.1464735	2.35298	57.88141	276.5164	467.2169	589.7847	660.5648	730.7707	803.3496	870.9849	947.8633	1008.536	1099.385	1187.037	1230.758
438.1	0	0	0	0.1464735	2.35298	57.88141	276.5164	466.9504	589.8835	660.4559	731.0084	803.9937	870.8461	948.4586	1007.265	1098.71	1186.143	1229.625
438.2	0	0	0	0.1464735	2.35298	57.81258	276.5952	467.1281	589.2905	661.1089	730.2954	802.4478	871.9567	947.8633	1007.9	1099.554	1186.858	1230.003
438.3	0	0	0	0.1464735	2.35298	57.74376	276.1223	466.684	588.9941	660.2383	730.2954	801.6749	870.7073	949.3515	1007.742	1099.892	1185.249	1228.681
438.4	0	0	0	0.1464735	2.35298	57.81258	275.8858	466.4175	588.7964	659.9118	731.4836	801.0308	870.9849	949.0539	1008.377	1099.554	1186.679	1230.003
438.5	0	0	0	0.1464735	2.35298	57.81258	275.8069	466.5951	588.4011	659.15	731.9589	801.5461	871.2626	948.7562	1008.218	1100.229	1187.395	1228.492
438.6	0	0	0	0.1464735	2.35298	57.81258	275.8069	467.1281	588.5988	658.7147	732.0778	801.5461	870.8461	947.4168	1008.536	1099.723	1187.037	1227.359
438.7	0	0	0	0.1464735	2.35298	57.81258	275.6493	466.9504	588.6976	658.4971	731.8401	800.7731	869.319	947.1191	1008.059	1098.541	1185.964	1226.793
438.8	0	0	0	0.1464735	2.35298	57.74376	275.5705	466.5063	588.7964	659.3677	732.6719	799.8713	869.1802	948.1609	1007.265	1097.866	1185.606	1226.604
438.9	0	0	0	0.1464735	2.35298	57.95023	275.334	465.9734	589.0929	659.5853	732.1966	801.2885	870.4296	949.0539	1007.742	1097.866	1185.07	1226.793
439	0	0	0	0.1464735	2.35298	58.08788	275.4916	465.8845	589.7847	659.5853	732.4343	800.7731	869.8743	950.9886	1008.218	1097.697	1184.534	1226.604
439.1	0	0	0	0.1464735	2.35298	58.15671	276.0434	465.5292	590.2787	659.15	732.6719	801.1596	870.2908	949.2027	1007.106	1097.19	1183.997	1226.415
439.2	0	0	0	0.1464735	2.35298	58.43201	275.5705	465.3516	589.9823	658.9324	732.5531	800.5155	870.7073	950.0956	1006.312	1097.19	1183.818	1225.66
439.3	0	0	0	0.1464735	2.35298	58.43201	275.4128	465.7069	589.9823	658.6059	733.0284	800.2578	870.0132	949.9468	1005.359	1096.853	1183.818	1225.282
439.4	0	0	0	0.1464735	2.35298	58.22553	275.8069	465.7069	589.9823	657.0823	732.7907	800.2578	870.7073	948.905	1004.565	1097.022	1184.176	1224.338
439.5	0	0	0	0.1464735	2.35298	58.29436	275.4128	466.151	589.9823	657.7353	731.8401	799.6137	870.5685	947.8633	1003.453	1096.684	1183.103	1224.149
439.6	0	0	0	0.1464735	2.35298	58.29436	275.4916	466.0622	590.6741	657.4088	732.1966	800.6443	871.2626	949.798	1003.294	1097.359	1183.461	1223.205
439.7	0	0	0	0.1464735	2.35298	58.15671	274.9399	465.7957	589.7847	656.6471	731.4836	800.5155	871.5402	949.2027	1002.5	1097.528	1183.103	1222.639
439.8	0	0	0	0.1464735	2.294156	58.22553	275.334	465.0851	589.3893	655.1235	731.8401	801.8037	871.5402	949.0539	1003.294	1096.853	1183.997	1221.695
439.9	0	0	0	0.1464735	2.294156	58.22553	275.5705	464.8186	589.3893	656.103	731.8401	802.0614	872.0955	948.6074	1004.724	1095.502	1182.388	1221.695
440	0	0	0	0.1464735	2.294156	58.08788	275.334	464.7298	589.6859	656.3206	732.1966	801.9326	871.2626	948.905	1005.836	1095.84	1181.494	1222.45
440.1	0	0	0	0.1464735	2.294156	57.95023	275.0975	464.641	588.4999	656.7559	731.3648	802.0614	871.5402	948.3098	1005.518	1096.177	1181.136	1223.96
440.2	0	0	0	0.1464735	2.294156	57.81258	274.9399	465.0851	588.8952	655.9941	730.8895	802.0614	871.2626	949.0539	1005.518	1097.19	1182.388	1225.282
440.3	0	0	0	0.1464735	2.294156	57.88141	274.5457	464.9075	589.1917	656.3206	730.2954	802.8343	871.2626	949.798	1005.518	1096.853	1181.851	1225.66
440.4	0	0	0	0.1464735	2.294156	57.67493	274.8611	465.0851	589.1917	656.2118	729.4636	802.319	870.9849	950.6909	1005.2	1096.346	1181.494	1225.471
440.5	0	0	0	0.1464735	2.35298	57.46846	274.7034	465.0851	590.0811	655.9941	729.1072	802.5767	870.9849	950.8398	1005.359	1096.009	1181.136	1225.282
440.6	0	0	0	0.1464735	2.35298	57.39964	274.8611	465.4404	590.0811	656.103	728.8695	801.9326	870.8461	951.4351	1005.518	1097.022	1181.494	1225.093
440.7	0	0	0	0.1464735	2.35298	57.60611	274.9399	465.2628	589.587	656.9735	729.3448	802.0614	870.0132	950.3933	1005.836	1096.009	1180.957	1225.66
440.8	0	0	0	0.1464735	2.35298	57.60611	274.7034	465.3516	589.8835	657.4088	729.5825	801.9326	869.319	949.9468	1005.041	1095.671	1180.063	1226.037
440.9	0	0	0	0.1464735	2.35298	57.39964	274.9399	464.8186	590.6741	657.3	729.7013	801.2885	869.1802	950.2444	1005.677	1096.684	1179.705	1225.093
441	0	0	0	0.1464735	2.35298	57.33081	275.4916	464.3745	590.5753	657.0823	728.9883	800.902	868.4861	951.2863	1005.2	1097.022	1178.811	1227.17
441.1	0	0	0	0.1464735	2.35298	57.60611	275.4128	464.8186	590.5753	657.7353	728.9883	800.902	868.9026	951.1374	1005.518	1096.515	1179.526	1226.415
441.2	0	0	0	0.1464735	2.35298	57.67493	274.7034	465.0851	589.8835	657.4088	728.7507	800.5155	867.0978	952.6257	1005.359	1096.009	1180.063	1225.471
441.3	0	0	0	0.1464735	2.35298	57.67493	274.8611	464.0192	588.9941	656.5383	728.2754	799.7426	868.0696	952.7745	1005.994	1096.177	1180.421	1225.093
441.4	0	0	0	0.1464735	2.35298	57.74376	274.8611	464.4633	588.8952	656.5383	728.8695	800.129	867.6531	952.9233	1005.677	1096.009	1181.315	1225.66
441.5	0	0	0	0.1464735	2.35298	57.88141	274.2305	464.4633	588.6976	656.3206	729.1072	800.902	866.4037	952.4768	1006.312	1095.671	1182.03	1225.849
441.6	0	0	0	0.1464735	2.35298	57.74376	274.2305	464.5522	588.8952	656.6471	729.1072	800.2578	866.5425	950.6909	1004.565	1096.177	1182.388	1225.282
441.7	0	0	0	0.1464735	2.35298	57.67493	274.2305	465.2628	589.0929	658.1706	728.9883	799.2272	865.5708	949.798	1005.836	1095.165	1181.851	1224.716
441.8	0	0	0	0.1464735	2.35298	57.60611	274.0728	465.6181	588.6976	658.8235	729.4636	798.7119	864.8766	949.5004	1005.836	1094.996	1180.421	1224.527
441.9	0	0	0	0.1464735	2.35298	57.39964	273.5999	466.2398	588.4999	658.7147	729.939	799.0984	863.9049	949.5004	1006.789	1094.996	1178.811	1224.527
442	0	0	0	0.1464735	2.35298	57.46846	273.2057	466.2398	588.3023	658.4971	730.0577	800.3867	864.1826	949.3515	1005.994	1094.32	1178.632	1223.772
442.1	0	0	0	0.1464735	2.35298	57.39964	273.1269	466.684	587.7094	658.0618	728.8695	801.4172	862.5167	949.5004	1005.359	1093.983	1178.453	1222.828
442.2	0	0	0	0.1464735	2.35298	57.26199	272.8904	467.0392	588.1046	658.3882	728.8695	801.8037	862.1002	949.798	1005.041	1094.996	1178.811	1223.394
442.3	0	0	0	0.1464735	2.35298	57.12434	273.2845	466.5951	588.8952	657.7353	729.4636	802.1902	860.8508	949.3515	1005.836	1095.84	1180.778	1223.394
442.4	0	0	0	0.1464735	2.35298	57.19316	273.5999	466.151	588.3023	658.2794	729.3448	802.5767	860.5731	948.1609	1004.089	1096.177	1180.599	1222.072
442.5	0	0	0	0.1464735	2.35298	56.98669	273.3634	465.9734	588.5988	657.7353	730.1766	801.2885	862.5167	946.9703	1003.93	1095.502	1180.957	1222.072
442.6	0	0	0	0.1464735	2.35298	56.91787	273.8363	466.151	589.0929	656.7559	729.4636	799.7426	863.072	946.375	1004.247	1096.346	1180.421	1221.883
442.7	0	0	0	0.1464735	2.35298	56.91787	273.0481	464.9075	588.9941	655.6677	729.3448	799.6137	863.7661	947.1191	1004.247	1094.827	1180.778	1222.828
442.8	0	0	0	0.1464735	2.294156	57.05552	273.1269	464.9075	588.3023	655.45	729.8201	800.0002	863.4884	947.1191	1005.041	1096.177	1181.315	1221.695
442.9	0	0	0	0.1464735	2.294156	57.05552	273.1269	464.8186	588.4011	656.103	729.7013	800.0002	863.9049	948.0121	1005.041	1094.996	1181.672	1222.639
443	0	0	0	0.1464735	2.294156	56.98669	273.2845	465.174	588.5988	655.6677	731.0084	800.2578	863.072	946.9703	1005.359	1094.996	1180.242	1223.205
443.1	0	0	0	0.1464735	2.294156	57.12434	273.521	465.3516	588.4011	656.4294	731.246	799.4849	862.5167	948.3098	1005.359	1094.996	1180.957	1222.072
443.2	0	0	0	0.1464735	2.294156	57.19316	273.4422	464.641	588.4011	656.4294	731.6025	797.939	863.3496	948.0121	1004.089	1094.32	1180.599	1220.373
443.3	0	0	0	0.1464735	2.235331	57.19316	273.521	465.4404	588.3023	657.5176	731.8401	799.0984	862.1002	949.0539	1004.089	1092.801	1181.494	1219.995
443.4	0	0	0	0.1464735	2.235331	56.84904	274.3881	465.4404	588.3023	657.5176	732.0778	799.0984	860.9896	949.9468	1005.677	1093.645	1181.136	1220.562
443.5	0	0	0	0.1464735	2.176507	56.91787	274.6246	466.0622	588.5988	656.9735	731.4836	798.1967	860.2955	950.6909	1005.041	1094.996	1179.705	1220.939
443.6	0	0	0	0.1464735	2.176507	56.98669	275.0187	465.3516	589.2905	656.9735	732.6719	796.9084	860.0178	951.1374	1003.294	1093.814	1178.811	1221.883
443.7	0	0	0	0.1464735	2.176507	56.91787	275.4916	465.4404	589.4882	656.7559	732.0778	797.4237	859.879	951.7327	1003.612	1093.645	1178.99	1222.072
443.8	0	0	0	0.1464735	2.235331	56.71139	275.5705	464.9963	589.1917	656.3206	731.8401	796.7795	859.1849	953.5186	1003.136	1093.983	1178.99	1220.373
443.9	0	0	0	0.1464735	2.235331	56.57374	275.334	465.174	589.1917	655.45	731.3648	797.4237	858.4907	955.0068	1002.024	1092.126	1179.526	1222.45
444	0	0	0	0.1464735	2.294156	56.50492	275.1764	466.151	588.8952	654.5794	731.246	797.939	859.6013	955.4533	1002.341	1092.126	1179.348	1223.394
444.1	0	0	0	0.1464735	2.294156	56.50492	275.0187	465.2628	588.4011	654.6882	731.1272	797.5525	860.4343	954.4116	1002.818	1090.1	1180.778	1223.394
444.2	0	0	0	0.1464735	2.294156	56.36727	275.1764	464.641	587.1164	654.4706	731.3648	797.4237	860.0178	952.6257	1003.136	1089.593	1180.063	1223.96
444.3	0	0	0	0.1464735	2.35298	56.50492	275.334	464.7298	586.7211	654.3618	731.246	797.166	859.4625	951.7327	1005.677	1090.269	1180.599	1223.016
444.4	0	0	0	0.1464735	2.35298	56.4361	275.0187	464.9963	586.8199	654.0353	730.1766	797.4237	859.879	950.8398	1005.041	1090.606	1180.957	1221.883
444.5	0	0	0	0.1464735	2.35298	56.36727	274.4669	464.8186	586.5234	653.4911	730.5331	797.4237	860.8508	951.4351	1004.089	1089.425	1181.851	1221.695
444.6	0	0	0	0.1464735	2.411805	56.4361	274.6246	464.1969	585.2387	653.1647	729.939	798.1967	860.8508	950.3933	1003.294	1089.931	1181.851	1222.828
444.7	0	0	0	0.1464735	2.411805	56.4361	274.7034	464.9075	584.8434	652.7294	730.7707	799.8713	861.5449	950.2444	1003.294	1088.749	1180.957	1223.205
444.8	0	0	0	0.1464735	2.35298	56.29845	274.3093	464.3745	585.7328	652.5117	731.0084	799.7426	861.4061	949.5004	1003.453	1089.593	1180.421	1223.583
444.9	0	0	0	0.1464735	2.35298	56.22962	274.5457	464.3745	585.634	652.7294	731.4836	799.4849	860.1566	949.3515	1002.818	1089.425	1180.421	1224.716
445	0	0	0	0.1464735	2.35298	56.22962	274.2305	463.6639	585.4363	651.6411	731.9589	798.3254	860.9896	949.2027	1002.024	1088.58	1180.421	1224.905
445.1	0	0	0	0.1464735	2.35298	56.1608	274.2305	463.4863	585.1399	651.9676	731.7213	799.2272	862.1002	950.0956	1002.659	1089.762	1179.705	1225.093
445.2	0	0	0	0.1464735	2.35298	56.22962	274.4669	463.4863	584.6458	651.3146	730.4142	799.2272	862.3778	950.2444	1003.294	1091.957	1181.672	1226.604
445.3	0	0	0	0.1464735	2.294156	56.4361	274.1516	463.4863	585.1399	651.2058	730.0577	800.3867	860.8508	949.798	1003.294	1091.619	1179.705	1226.226
445.4	0	0	0	0.1464735	2.294156	56.36727	273.521	463.8416	584.8434	651.097	729.226	799.8713	859.879	947.5656	1004.089	1090.944	1180.421	1227.359
445.5	0	0	0	0.1464735	2.294156	56.4361	273.4422	463.7527	584.3493	650.6617	728.2754	798.0678	859.7402	946.6727	1005.2	1090.775	1180.957	1227.548
445.6	0	0	0	0.1464735	2.294156	56.50492	273.8363	463.0421	584.2505	649.9	728.2754	798.5831	860.4343	946.9703	1005.041	1089.931	1179.705	1225.471
445.7	0	0	0	0.1464735	2.294156	56.4361	273.5999	462.1539	584.2505	649.6823	727.6813	797.8102	860.2955	947.8633	1005.994	1090.269	1179.884	1225.66
445.8	0	0	0	0.1464735	2.294156	56.36727	273.2057	461.9763	583.3611	649.1382	727.6813	797.2949	860.2955	947.5656	1004.883	1088.58	1180.242	1225.471
445.9	0	0	0	0.1464735	2.294156	56.36727	273.2057	461.7986	583.4599	648.1588	728.1566	796.9084	859.879	948.0121	1005.359	1089.087	1180.242	1223.016
446	0	0	0	0.1464735	2.294156	56.29845	274.0728	461.3545	583.6575	648.7029	728.0377	796.3931	859.3237	947.5656	1005.518	1089.425	1179.348	1223.583
446.1	0	0	0	0.1464735	2.294156	56.36727	273.0481	461.6209	584.4481	649.3558	727.3248	797.2949	859.046	946.9703	1004.883	1090.1	1177.38	1224.149
446.2	0	0	0	0.1464735	2.294156	56.36727	272.9693	461.5321	584.3493	649.4647	726.493	796.7795	858.3519	946.8215	1005.359	1089.087	1176.665	1224.716
446.3	0	0	0	0.1464735	2.294156	56.36727	272.9693	462.0651	584.2505	649.247	726.493	797.0372	858.3519	948.1609	1005.677	1088.749	1177.38	1224.905
446.4	0	0	0	0.1464735	2.235331	56.4361	272.2598	462.1539	583.8552	648.9205	725.3048	797.939	858.9072	949.6492	1005.041	1087.905	1177.38	1223.583
446.5	0	0	0	0.1464735	2.235331	56.36727	272.1022	461.6209	584.0529	649.247	725.186	798.5831	859.6013	949.9468	1003.771	1087.061	1176.129	1221.883
446.6	0	0	0	0.1464735	2.235331	56.29845	272.2598	461.088	584.5469	649.3558	725.186	797.8102	859.4625	950.6909	1004.247	1087.736	1176.129	1219.806
446.7	0	0	0	0.1464735	2.235331	56.29845	272.8116	460.9104	584.8434	648.9205	726.7307	796.9084	859.3237	951.1374	1005.359	1087.23	1175.413	1218.862
446.8	0	0	0	0.1464735	2.235331	56.50492	272.181	460.9992	584.3493	649.247	725.5424	795.8778	859.4625	950.0956	1006.63	1087.736	1175.235	1219.429
446.9	0	0	0	0.1464735	2.235331	56.29845	272.3387	461.2657	584.3493	648.9205	725.4236	796.0066	860.2955	950.5421	1005.836	1088.412	1176.129	1219.24
447	0	0	0	0.1464735	2.235331	56.36727	271.9445	461.1768	584.2505	649.6823	724.8295	796.5219	859.6013	951.4351	1005.359	1089.593	1175.592	1220.184
447.1	0	0	0	0.1464735	2.235331	56.22962	272.2598	461.2657	583.5587	650.3353	724.8295	796.2643	860.2955	949.798	1005.518	1089.087	1175.771	1219.806
447.2	0	0	0	0.1464735	2.235331	56.1608	272.4175	460.9992	583.1634	650.2264	723.5224	795.6201	860.8508	950.6909	1005.518	1089.762	1175.95	1219.806
447.3	0	0	0	0.1464735	2.235331	56.09197	272.181	461.2657	583.4599	650.3353	723.0471	795.1049	860.8508	950.0956	1005.518	1088.58	1173.446	1218.862
447.4	0	0	0	0.1464735	2.235331	56.02315	272.2598	461.4433	583.1634	651.3146	723.4036	795.8778	861.2672	949.9468	1004.883	1088.58	1172.731	1216.596
447.5	0	0	0	0.1464735	2.235331	56.09197	271.8657	462.0651	582.3728	650.7706	724.3542	796.1354	861.2672	950.2444	1003.294	1088.58	1170.943	1216.407
447.6	0	0	0	0.1464735	2.235331	56.09197	272.0234	462.0651	582.1752	649.6823	725.5424	796.0066	860.7119	949.6492	1004.089	1087.905	1170.764	1216.03
447.7	0	0	0	0.1464735	2.235331	55.95432	272.181	461.8874	581.681	651.097	725.186	794.3319	860.4343	949.5004	1004.406	1086.723	1171.658	1215.652
447.8	0	0	0	0.1464735	2.235331	55.81667	273.0481	462.2427	581.4834	651.4235	724.9483	793.1725	860.1566	949.2027	1004.565	1087.399	1172.195	1216.974
447.9	0	0	0	0.1464735	2.235331	55.8855	272.9693	462.8645	581.681	652.2941	725.3048	793.0436	858.7684	949.798	1004.406	1087.23	1171.301	1217.918
448	0	0	0	0.1464735	2.235331	55.81667	272.5751	462.7757	581.2858	651.4235	725.7801	792.5284	858.4907	948.3098	1005.041	1087.399	1172.016	1217.163
448.1	0	0	0	0.1464735	2.294156	55.81667	272.5751	462.7757	580.9893	651.2058	726.3742	792.6572	858.2131	948.4586	1005.359	1088.918	1171.658	1217.352
448.2	0	0	0	0.1464735	2.294156	55.74785	273.2057	462.6869	581.4834	651.2058	726.2554	793.0436	858.9072	946.8215	1005.994	1088.749	1171.658	1217.163
448.3	0	0	0	0.1464735	2.294156	55.67902	273.6787	462.6869	580.8904	650.8794	724.7106	792.5284	859.6013	946.5239	1004.724	1089.931	1171.479	1218.107
448.4	0	0	0	0.1464735	2.294156	55.47255	273.4422	462.4204	580.594	650.5529	725.6613	792.5284	859.7402	948.6074	1005.677	1090.269	1170.943	1217.54
448.5	0	0	0	0.1464735	2.294156	55.54137	272.654	462.0651	580.3963	650.9882	725.6613	792.6572	859.7402	949.3515	1004.724	1091.113	1171.122	1216.219
448.6	0	0	0	0.1464735	2.294156	55.47255	272.4175	462.3315	580.3963	650.6617	725.8989	793.559	858.0743	949.5004	1004.247	1091.788	1171.479	1216.785
448.7	0	0	0	0.1464735	2.294156	55.6102	272.4175	462.0651	580.4951	652.2941	725.7801	792.9149	856.9637	950.5421	1003.93	1090.269	1170.943	1217.54
448.8	0	0	0	0.1464735	2.294156	55.67902	272.181	461.8874	581.0881	652.8382	725.186	792.9149	857.6578	950.2444	1003.771	1090.269	1171.301	1215.463
448.9	0	0	0	0.1464735	2.294156	55.6102	272.654	462.2427	581.0881	651.8588	724.473	792.2707	857.519	950.5421	1003.453	1090.606	1172.195	1216.219
449	0	0	0	0.1464735	2.294156	55.40373	272.7328	462.3315	581.5822	651.5323	725.3048	790.9825	857.7966	949.798	1002.659	1090.269	1171.658	1214.33
449.1	0	0	0	0.1464735	2.294156	55.47255	272.8904	461.7986	581.8787	651.7499	725.6613	790.8536	857.519	950.2444	1000.753	1089.256	1170.585	1213.197
449.2	0	0	0	0.1464735	2.235331	55.54137	272.654	461.9763	581.7798	652.4029	725.4236	791.1113	856.9637	950.3933	999.9591	1088.074	1169.333	1212.82
449.3	0	0	0	0.1464735	2.235331	55.47255	272.8904	462.8645	581.2858	652.6205	725.6613	791.2401	856.686	949.6492	1000.436	1087.399	1171.122	1210.932
449.4	0	0	0	0.1464735	2.235331	55.67902	272.8904	462.598	581.8787	652.5117	725.186	790.9825	855.7142	948.7562	1000.753	1087.23	1171.301	1209.987
449.5	0	0	0	0.1464735	2.294156	55.54137	272.8904	462.5092	582.3728	652.6205	723.8789	791.6266	855.7142	948.3098	1001.071	1087.568	1170.228	1209.232
449.6	0	0	0	0.1464735	2.294156	55.6102	273.4422	461.9763	583.2622	652.7294	724.2354	790.7248	855.1589	947.5656	1002.024	1086.723	1168.976	1208.666
449.7	0	0	0	0.1464735	2.35298	55.67902	273.2845	461.2657	582.274	651.9676	724.5919	791.6266	855.2978	947.268	1001.23	1086.892	1168.797	1209.232
449.8	0	0	0	0.1464735	2.35298	55.67902	273.7575	461.5321	582.1752	651.5323	724.3542	791.369	855.2978	946.9703	1000.594	1087.568	1167.366	1209.421
449.9	0	0	0	0.1464735	2.35298	55.81667	273.994	461.1768	582.4716	651.7499	723.9977	791.6266	855.7142	946.6727	1000.912	1087.568	1169.155	1210.554
450	0	0	0	0.1464735	2.35298	55.47255	273.521	460.5551	582.3728	651.6411	722.9283	791.4977	855.1589	946.9703	1002.5	1087.23	1167.903	1210.743
450.1	0	0	0	0.1464735	2.411805	55.3349	273.6787	460.1109	583.5587	651.2058	722.453	791.4977	854.8813	947.7145	1003.294	1085.879	1167.724	1211.687
450.2	0	0	0	0.1464735	2.411805	55.26608	273.8363	460.7327	584.2505	650.7706	722.453	792.1419	855.1589	948.1609	1003.294	1086.386	1166.651	1210.743
450.3	0	0	0	0.1464735	2.411805	55.54137	274.2305	460.0221	584.9423	650.7706	722.8094	791.7554	855.4366	948.4586	1002.977	1085.71	1166.293	1210.554
450.4	0	0	0	0.09764901	2.411805	55.26608	274.3881	460.6439	585.1399	651.6411	722.9283	791.8842	854.6036	950.0956	1003.136	1084.697	1166.472	1212.442
450.5	0	0	0	0.09764901	2.411805	55.74785	274.5457	460.9992	584.9423	652.8382	722.2153	791.369	854.7425	949.2027	1003.294	1085.035	1166.472	1214.33
450.6	0	0	0	0.09764901	2.411805	55.8855	274.5457	461.088	585.2387	652.8382	722.5718	791.7554	855.0201	948.905	1002.024	1086.048	1166.651	1215.841
450.7	0	0	0	0.09764901	2.470629	55.67902	274.7822	461.5321	585.4363	651.7499	722.6906	790.596	855.2978	947.7145	1001.23	1086.723	1168.26	1217.352
450.8	0	0	0	0.09764901	2.470629	55.81667	274.7822	460.5551	585.3375	651.3146	723.0471	790.8536	857.3801	945.7797	1000.753	1086.723	1169.155	1217.918
450.9	0	0	0	0.09764901	2.529454	55.67902	274.7034	460.0221	585.4363	650.7706	723.166	790.3383	857.1025	946.0774	1000.912	1087.23	1167.903	1217.352
451	0	0	0	0.09764901	2.529454	55.67902	274.9399	459.3115	585.4363	650.7706	723.8789	789.8231	857.1025	945.6309	999.0062	1088.074	1168.976	1215.652
451.1	0	0	0	0.09764901	2.588278	55.40373	274.6246	460.1998	585.4363	651.3146	723.8789	790.596	856.1307	946.375	999.8002	1087.568	1169.512	1213.575
451.2	0	0	0	0.09764901	2.588278	55.3349	275.334	460.5551	584.9423	650.1176	723.7601	790.7248	855.8531	946.6727	999.4826	1085.879	1170.406	1215.841
451.3	0	0	0	0.09764901	2.588278	55.3349	275.334	460.0221	585.0411	650.1176	723.4036	789.8231	856.686	946.5239	999.9591	1085.373	1170.585	1217.163
451.4	0	0	0	0.09764901	2.588278	55.54137	275.334	460.5551	584.3493	649.6823	722.5718	788.7924	857.6578	945.6309	998.6885	1085.035	1169.155	1217.163
451.5	0	0	0	0.09764901	2.588278	55.47255	275.1764	460.8215	583.7563	650.4441	724.1165	788.2772	856.4084	944.738	998.5297	1083.684	1169.333	1218.296
451.6	0	0	0	0.09764901	2.588278	55.54137	275.4128	460.6439	583.954	650.4441	724.3542	788.2772	856.686	944.738	999.165	1083.684	1170.228	1218.107
451.7	0	0	0	0.09764901	2.588278	55.81667	275.334	461.1768	583.8552	649.4647	723.0471	788.7924	856.686	944.4403	1000.277	1083.684	1169.87	1218.862
451.8	0	0	0	0.09764901	2.588278	55.8855	275.4128	460.9104	584.8434	650.0088	722.6906	788.5348	856.2695	943.6962	998.5297	1083.853	1171.122	1219.806
451.9	0	0	0	0.09764901	2.588278	55.81667	275.1764	460.5551	585.7328	649.0294	722.9283	788.7924	855.8531	944.2915	997.8943	1083.009	1170.943	1219.24
452	0	0	0	0.09764901	2.588278	55.8855	274.4669	459.8445	586.227	648.3764	723.166	789.3077	855.4366	946.2262	997.8943	1081.827	1170.406	1218.862
452.1	0	0	0	0.09764901	2.588278	56.02315	274.5457	459.4892	587.314	647.6146	724.1165	789.3077	855.5754	946.2262	998.0532	1082.672	1170.049	1217.54
452.2	0	0	0	0.09764901	2.588278	56.09197	274.0728	459.4892	587.1164	646.6352	723.8789	788.9213	854.4648	947.268	999.165	1084.022	1170.228	1217.54
452.3	0	0	0	0.09764901	2.588278	56.1608	273.994	459.045	586.8199	645.4382	723.7601	789.0501	853.9095	947.1191	999.6414	1083.853	1168.797	1216.974
452.4	0	0	0	0.09764901	2.588278	56.29845	274.3093	458.6009	586.1281	646.6352	723.5224	789.0501	854.1872	946.2262	1000.753	1081.996	1169.87	1215.463
452.5	0	0	0	0.09764901	2.588278	56.36727	274.5457	459.4003	585.634	646.5264	721.9777	788.6636	855.2978	945.1844	1000.118	1082.334	1169.333	1217.163
452.6	0	0	0	0.09764901	2.588278	56.29845	274.0728	459.2227	585.3375	646.4175	721.3835	787.8907	856.2695	945.7797	998.8473	1080.983	1167.724	1215.841
452.7	0	0	0	0.09764901	2.588278	56.29845	274.3093	459.3115	584.7446	646.1999	721.9777	787.8907	857.1025	944.738	999.0062	1080.814	1167.009	1214.142
452.8	0	0	0	0.09764901	2.647103	56.29845	274.2305	459.1339	584.1517	646.0911	721.3835	786.9889	856.5472	945.0356	998.3708	1080.308	1168.976	1216.03
452.9	0	0	0	0.09764901	2.588278	56.02315	274.4669	459.578	584.0529	646.3087	721.5024	787.3754	854.4648	944.738	997.4179	1081.321	1168.618	1217.54
453	0	0	0	0.09764901	2.529454	56.1608	274.6246	459.4892	584.1517	646.5264	720.9083	787.3754	854.7425	945.4821	998.212	1081.152	1167.724	1217.918
453.1	0	0	0	0.09764901	2.529454	56.1608	274.5457	459.8445	583.2622	646.6352	720.3141	787.2466	856.1307	945.3333	999.4826	1080.646	1168.082	1217.729
453.2	0	0	0	0.09764901	2.529454	56.22962	274.7822	459.2227	582.4716	646.1999	719.1259	787.8907	856.686	946.375	999.8002	1080.477	1168.976	1216.596
453.3	0	0	0	0.09764901	2.529454	56.22962	274.7034	458.7786	581.8787	646.1999	718.5318	788.0195	854.1872	945.6309	999.8002	1079.464	1168.26	1215.841
453.4	0	0	0	0.09764901	2.529454	56.29845	274.5457	459.045	582.5704	646.8528	717.7	788.1483	854.6036	945.7797	1001.071	1079.97	1167.724	1214.519
453.5	0	0	0	0.09764901	2.529454	56.36727	275.0975	457.9792	582.274	646.5264	717.9377	786.4736	855.7142	945.1844	1001.071	1080.308	1169.155	1214.142
453.6	0	0	0	0.09764901	2.529454	56.36727	275.334	458.6009	582.1752	646.1999	717.8188	786.6024	856.4084	945.6309	1000.594	1079.97	1169.691	1215.086
453.7	0	0	0	0.09764901	2.529454	56.36727	275.0975	458.8674	582.1752	645.9822	717.2247	786.6024	855.9919	944.2915	1001.23	1077.944	1169.155	1215.086
453.8	0	0	0	0.09764901	2.529454	56.22962	274.9399	459.4003	582.0764	645.8734	717.4623	786.2159	857.7966	943.9938	1000.753	1078.789	1169.333	1214.33
453.9	0	0	0	0.09764901	2.529454	56.29845	275.1764	459.3115	582.274	646.4175	717.3436	787.1177	857.7966	943.5474	999.0062	1077.269	1169.155	1214.519
454	0	0	0	0.09764901	2.529454	56.64257	275.2552	458.9562	581.681	646.1999	716.8682	787.3754	856.1307	944.2915	999.4826	1077.438	1170.764	1213.953
454.1	0	0	0	0.09764901	2.529454	56.57374	275.334	458.6009	581.4834	645.6558	716.6306	786.2159	856.1307	944.4403	1000.118	1077.269	1168.976	1211.498
454.2	0	0	0	0.09764901	2.529454	56.64257	275.2552	457.8903	581.2858	646.0911	715.68	785.3142	856.4084	943.3986	1000.436	1077.1	1168.439	1210.554
454.3	0	0	0	0.09764901	2.529454	56.64257	275.7281	457.8015	581.0881	645.9822	714.8482	786.0872	855.4366	943.5474	1000.912	1077.438	1169.512	1210.932
454.4	0	0	0	0.09764901	2.529454	56.64257	275.9646	457.9792	580.594	645.3293	715.2047	787.1177	855.8531	944.1426	1001.23	1077.607	1168.26	1208.666
454.5	0	0	0	0.09764901	2.470629	56.4361	275.9646	457.9792	580.594	645.9822	715.2047	786.7313	855.8531	942.3568	1000.436	1078.451	1168.439	1207.722
454.6	0	0	0	0.09764901	2.470629	56.29845	275.5705	458.9562	580.2975	645.6558	715.0859	787.8907	854.8813	941.1662	1000.277	1077.438	1167.366	1208.288
454.7	0	0	0	0.09764901	2.470629	56.36727	275.5705	458.5121	580.2975	644.894	715.9177	787.1177	855.8531	941.315	999.8002	1076.594	1167.366	1209.799
454.8	0	0	0	0.09764901	2.470629	56.50492	275.4916	457.6238	580.8904	645.1117	717.1059	786.6024	854.8813	941.1662	999.165	1076.932	1168.26	1208.666
454.9	0	0	0	0.09764901	2.470629	56.50492	275.1764	457.6238	579.6057	645.5469	717.8188	786.2159	855.1589	940.2733	999.4826	1076.763	1169.333	1208.288
455	0	0	0	0.09764901	2.470629	56.4361	274.9399	457.6238	579.4081	645.5469	717.9377	786.2159	854.326	938.6362	999.165	1077.1	1168.618	1209.232
455.1	0	0	0	0.09764901	2.470629	56.78022	274.7822	457.0909	578.9139	645.7646	718.1753	785.0565	853.3542	938.9338	999.6414	1077.269	1169.691	1209.043
455.2	0	0	0	0.09764901	2.470629	56.64257	274.7822	456.7356	578.7163	645.8734	717.7	785.0565	854.326	939.0826	999.8002	1076.932	1170.228	1210.932
455.3	0	0	0	0.09764901	2.470629	56.64257	275.1764	457.8903	579.7045	646.4175	716.5118	785.7007	853.2154	938.9338	1000.753	1076.594	1171.122	1210.743
455.4	0	0	0	0.09764901	2.470629	56.64257	275.0975	457.8903	579.5069	647.2881	716.7494	785.5718	853.2154	938.6362	1001.388	1075.243	1170.049	1210.932
455.5	0	0	0	0.09764901	2.470629	56.84904	275.4128	457.7127	579.4081	647.6146	716.3929	783.3818	853.7707	939.8268	1001.23	1076.256	1169.691	1209.232
455.6	0	0	0	0.09764901	2.470629	56.91787	275.2552	457.6238	579.8033	648.0499	716.3929	783.253	854.7425	938.1897	1000.277	1075.919	1169.87	1209.043
455.7	0	0	0	0.09764901	2.470629	56.64257	275.6493	458.5121	579.5069	648.5941	717.1059	783.7683	855.0201	937.2968	999.4826	1076.594	1169.691	1208.666
455.8	0	0	0	0.09764901	2.470629	56.4361	275.6493	458.1568	579.3093	648.5941	717.4623	783.5106	854.6036	936.8503	999.0062	1076.425	1170.049	1208.477
455.9	0	0	0	0.09764901	2.470629	56.4361	275.2552	458.1568	580.0999	648.3764	716.9871	782.3512	855.7142	937.2968	1000.118	1075.75	1170.049	1209.043
456	0	0	0	0.09764901	2.411805	56.50492	275.5705	458.4233	579.6057	647.6146	716.8682	782.6089	854.7425	936.4038	999.165	1076.594	1169.155	1208.099
456.1	0	0	0	0.09764901	2.470629	56.4361	275.8858	457.6238	579.0128	646.0911	716.7494	783.253	854.326	936.5526	998.3708	1077.269	1170.049	1208.477
456.2	0	0	0	0.09764901	2.470629	56.57374	276.0434	456.7356	579.9022	645.3293	716.8682	783.253	855.8531	935.5109	998.3708	1076.763	1167.724	1206.589
456.3	0	0	0	0.09764901	2.470629	56.57374	275.5705	457.0021	580.1987	644.1323	716.2741	782.7377	855.5754	934.7667	999.165	1077.269	1164.684	1207.344
456.4	0	0	0	0.09764901	2.470629	56.57374	275.334	457.2686	580.3963	643.697	714.8482	783.3818	855.8531	932.2367	998.0532	1076.763	1164.148	1207.722
456.5	0	0	0	0.09764901	2.470629	56.4361	275.4128	458.5121	580.1987	643.2617	714.967	783.7683	856.5472	932.6832	997.4179	1076.594	1165.042	1207.722
456.6	0	0	0	0.09764901	2.529454	56.4361	274.9399	457.7127	579.9022	643.5881	715.68	784.4124	855.8531	933.5761	995.9885	1075.919	1163.075	1206.4
456.7	0	0	0	0.09764901	2.529454	56.22962	274.5457	457.0909	579.3093	642.7175	715.4423	785.0565	855.0201	933.2785	997.1002	1074.568	1162.896	1206.966
456.8	0	0	0	0.09764901	2.529454	56.1608	274.3881	457.0021	579.1116	642.0646	716.0365	786.0872	854.7425	932.3855	997.7355	1073.724	1163.432	1206.966
456.9	0	0	0	0.09764901	2.529454	56.22962	274.1516	457.4462	579.9022	642.4999	715.68	785.5718	854.7425	933.5761	997.8943	1071.867	1164.148	1205.833
457	0	0	0	0.09764901	2.529454	56.50492	274.1516	457.8903	579.9022	643.1528	715.0859	786.4736	854.4648	932.5344	997.1002	1071.529	1164.863	1206.211
457.1	0	0	0	0.09764901	2.529454	56.71139	273.3634	457.3574	579.6057	642.8264	715.5612	786.8601	854.4648	931.7902	995.9885	1070.854	1165.042	1205.833
457.2	0	0	0	0.09764901	2.529454	56.57374	273.6787	457.1797	580.001	643.2617	715.3235	787.3754	855.1589	931.4926	994.8767	1070.516	1166.83	1206.211
457.3	0	0	0	0.09764901	2.529454	56.36727	273.5999	457.7127	579.6057	642.2822	715.3235	786.4736	853.9095	932.3855	994.2414	1070.685	1166.651	1206.4
457.4	0	0	0	0.09764901	2.529454	56.50492	273.8363	456.8244	579.0128	642.0646	715.0859	787.6331	853.7707	932.9808	995.3531	1069.503	1167.724	1208.099
457.5	0	0	0	0.09764901	2.529454	56.57374	273.7575	456.025	579.3093	641.6293	714.6106	787.1177	853.493	932.3855	996.465	1068.659	1167.188	1207.533
457.6	0	0	0	0.09764901	2.529454	56.4361	273.6787	456.8244	579.4081	641.0851	714.8482	787.5042	854.326	933.1296	996.7826	1066.802	1167.903	1207.91
457.7	0	0	0	0.09764901	2.588278	56.29845	273.6787	457.1797	579.0128	640.7587	715.68	786.8601	854.1872	931.939	997.4179	1065.451	1168.082	1209.043
457.8	0	0	0	0.09764901	2.647103	56.57374	273.0481	456.558	578.9139	640.541	715.5612	787.1177	853.2154	932.3855	997.7355	1065.958	1168.26	1208.288
457.9	0	0	0	0.09764901	2.647103	56.57374	272.9693	456.4691	578.7163	639.8881	716.0365	787.8907	853.9095	931.0461	996.9414	1067.477	1168.797	1208.666
458	0	0	0	0.09764901	2.647103	56.84904	272.4963	455.8474	579.3093	640.1057	716.2741	787.8907	853.9095	931.7902	996.465	1067.984	1168.618	1210.932
458.1	0	0	0	0.09764901	2.647103	56.91787	272.8904	456.2027	579.9022	639.6705	715.9177	787.1177	853.3542	933.725	995.9885	1068.997	1167.903	1210.743
458.2	0	0	0	0.09764901	2.647103	57.05552	272.4963	455.8474	579.3093	639.344	714.3729	788.2772	853.6319	932.3855	995.512	1068.659	1169.333	1210.554
458.3	0	0	0	0.09764901	2.647103	57.26199	272.181	456.558	578.5187	639.5616	714.2541	788.1483	852.6601	930.7485	995.1943	1068.828	1169.333	1209.987
458.4	0	0	0	0.09764901	2.705927	57.19316	271.9445	456.558	579.2104	638.7999	714.1353	787.1177	852.5213	930.302	995.6708	1068.997	1167.903	1209.421
458.5	0	0	0	0.09764901	2.705927	57.05552	272.2598	455.2256	578.7163	637.494	713.4223	786.8601	852.2437	931.1949	995.8297	1069.166	1168.797	1208.288
458.6	0	0	0	0.09764901	2.823576	57.12434	272.4175	455.1368	578.2222	637.494	713.5411	787.5042	852.5213	931.1949	995.9885	1068.997	1169.512	1208.288
458.7	0	0	0	0.09764901	2.823576	57.26199	272.654	455.0479	577.8269	636.841	712.5906	787.2466	852.6601	931.0461	995.9885	1067.984	1169.512	1206.966
458.8	0	0	0	0.09764901	2.764752	57.33081	272.2598	454.6927	577.4316	638.2557	713.1847	787.7618	851.966	930.0043	996.6238	1068.153	1169.333	1206.589
458.9	0	0	0	0.09764901	2.764752	57.33081	272.3387	455.5809	577.0363	638.1469	712.8282	787.8907	850.5778	930.5996	997.1002	1067.14	1169.691	1206.966
459	0	0	0	0.09764901	2.764752	57.46846	271.8657	456.025	576.8386	638.7999	713.4223	787.8907	852.2437	930.1531	997.1002	1068.49	1170.228	1207.344
459.1	0	0	0	0.09764901	2.764752	57.39964	272.0234	455.2256	576.8386	639.5616	713.4223	788.5348	853.2154	929.2602	997.8943	1067.308	1168.26	1207.155
459.2	0	0	0	0.09764901	2.764752	57.33081	272.181	454.9591	576.5422	639.7793	713.3035	788.1483	852.1048	929.5579	997.1002	1067.984	1169.333	1206.211
459.3	0	0	0	0.09764901	2.764752	57.12434	271.7869	454.6038	577.5304	639.4528	712.1152	788.4059	852.5213	930.8973	997.4179	1066.633	1169.333	1205.644
459.4	0	0	0	0.09764901	2.823576	57.53728	271.3139	454.515	578.7163	638.9087	712.2341	788.1483	853.0766	930.7485	995.9885	1065.451	1169.87	1206.022
459.5	0	0	0	0.09764901	2.823576	57.39964	271.2351	454.6038	578.8151	639.9969	712.3529	787.2466	851.6884	931.7902	997.8943	1065.62	1170.049	1206.589
459.6	0	0	0	0.09764901	2.823576	57.39964	271.2351	455.3144	580.0999	640.6498	712.2341	788.2772	851.6884	932.6832	996.465	1065.114	1169.87	1205.644
459.7	0	0	0	0.09764901	2.764752	57.26199	270.841	454.9591	580.594	640.4322	711.2835	789.1789	852.6601	932.6832	996.6238	1063.594	1168.976	1205.456
459.8	0	0	0	0.09764901	2.764752	56.98669	271.3928	455.1368	580.6928	640.1057	709.8576	789.0501	852.5213	932.5344	996.465	1063.932	1168.26	1204.134
459.9	0	0	0	0.09764901	2.764752	56.84904	271.1563	455.1368	580.7916	639.4528	709.9764	788.0195	850.4389	933.2785	994.8767	1062.919	1168.976	1205.456
460	0	0	0	0.09764901	2.764752	57.12434	270.9987	454.8703	580.9893	639.5616	711.1647	787.1177	849.4672	932.6832	995.3531	1062.919	1168.26	1204.7
460.1	0	0	0	0.09764901	2.705927	57.05552	270.7622	455.6697	580.594	639.5616	710.8082	785.8295	849.3283	931.3438	995.3531	1065.451	1167.903	1205.267
460.2	0	0	0	0.09764901	2.705927	56.91787	270.841	455.9362	580.4951	639.1263	711.64	786.9889	848.0789	930.5996	993.6061	1066.464	1168.618	1205.644
460.3	0	0	0	0.09764901	2.764752	56.78022	270.5257	457.0021	580.2975	638.9087	712.5906	786.4736	848.6342	931.1949	994.0826	1065.62	1167.903	1206.777
460.4	0	0	0	0.09764901	2.764752	56.78022	270.2892	456.2915	580.1987	637.9293	712.7094	786.0872	849.0507	930.8973	993.4473	1066.802	1169.155	1205.644
460.5	0	0	0	0.09764901	2.705927	56.98669	270.5257	455.6697	580.0999	637.6028	712.947	784.67	848.2177	929.5579	993.1296	1066.802	1167.366	1205.456
460.6	0	0	0	0.09764901	2.705927	57.05552	270.9198	455.4921	580.0999	638.7999	712.1152	783.7683	846.9683	928.8137	991.7002	1066.971	1167.545	1205.833
460.7	0	0	0	0.09764901	2.705927	57.19316	270.5257	454.9591	580.1987	639.2352	713.0659	783.5106	847.1071	928.6649	992.3355	1067.646	1168.082	1205.456
460.8	0	0	0	0.09764901	2.705927	57.46846	270.2892	454.6038	580.4951	639.6705	712.2341	783.253	845.9965	929.2602	992.4943	1066.971	1165.936	1203.945
460.9	0	0	0	0.09764901	2.705927	57.46846	270.1316	454.4262	580.6928	640.541	712.3529	783.5106	845.3024	929.2602	990.9061	1066.296	1166.83	1203.756
461	0	0	0	0.09764901	2.705927	57.60611	269.4221	454.7815	580.594	640.2145	711.5211	784.4124	845.1636	930.8973	989.7943	1066.971	1166.651	1205.833
461.1	0	0	0	0.09764901	2.705927	57.53728	269.3433	454.9591	580.7916	639.9969	711.7588	785.3142	844.4695	930.302	989.0002	1065.451	1167.724	1202.812
461.2	0	0	0	0.09764901	2.705927	57.74376	269.2645	454.6927	580.7916	640.541	711.8776	785.443	845.3024	931.0461	990.1119	1065.958	1166.83	1201.679
461.3	0	0	0	0.09764901	2.764752	57.60611	269.2645	453.9821	580.9893	641.3028	711.7588	784.5413	844.4695	930.8973	989.9531	1065.789	1167.009	1199.602
461.4	0	0	0	0.09764901	2.764752	57.39964	268.7916	453.8932	580.9893	641.5204	712.5906	785.5718	843.22	931.4926	989.9531	1067.14	1167.366	1199.413
461.5	0	0	0	0.09764901	2.823576	57.33081	268.4763	454.2485	581.1869	641.194	713.0659	786.3448	843.4977	931.7902	989.7943	1066.464	1165.22	1200.169
461.6	0	0	0	0.09764901	2.823576	57.46846	268.3974	454.7815	580.3963	640.4322	713.0659	786.6024	844.1918	932.5344	990.2708	1065.958	1166.115	1199.224
461.7	0	0	0	0.09764901	2.823576	57.33081	268.4763	454.8703	580.2975	640.9763	711.5211	785.9583	842.6647	932.2367	989.6355	1067.14	1165.042	1198.847
461.8	0	0	0	0.09764901	2.823576	57.39964	268.7916	454.8703	580.594	640.8675	710.2141	786.4736	841.9706	932.832	989.159	1066.296	1164.863	1200.169
461.9	0	0	0	0.09764901	2.823576	57.33081	268.4763	455.1368	580.594	640.7587	710.4517	786.8601	842.2483	933.2785	988.2061	1065.62	1166.293	1200.924
462	0	0	0	0.09764901	2.823576	57.33081	268.3186	455.6697	580.6928	641.3028	709.9764	785.5718	842.3871	933.8738	985.8237	1065.114	1165.757	1199.602
462.1	0	0	0	0.09764901	2.823576	57.26199	268.8704	456.2027	580.4951	642.3911	709.9764	785.7007	842.5259	934.6179	986.1414	1063.257	1164.326	1197.903
462.2	0	0	0	0.09764901	2.823576	57.12434	268.4763	456.2027	580.001	642.0646	710.2141	785.443	843.7753	934.7667	987.7296	1062.244	1161.644	1197.525
462.3	0	0	0	0.09764901	2.823576	56.84904	268.5551	456.025	579.8033	642.3911	711.5211	785.7007	843.7753	935.6597	987.4119	1061.062	1160.929	1198.847
462.4	0	0	0	0.09764901	2.823576	56.91787	268.0822	455.7585	579.1116	642.8264	712.4717	785.7007	842.9424	934.9155	986.459	1060.387	1160.571	1199.791
462.5	0	0	0	0.09764901	2.823576	56.91787	268.161	455.3144	580.001	643.1528	711.7588	784.67	842.9424	934.6179	987.2531	1060.556	1162.002	1199.224
462.6	0	0	0	0.09764901	2.823576	57.12434	268.8704	454.3373	579.3093	642.3911	710.8082	784.7989	841.4153	933.725	987.2531	1060.556	1161.108	1199.602
462.7	0	0	0	0.09764901	2.764752	57.12434	269.028	454.4262	579.5069	642.2822	711.0458	785.1854	841.4153	932.6832	989.159	1060.556	1158.962	1198.847
462.8	0	0	0	0.09764901	2.764752	57.46846	268.7916	454.2485	579.9022	642.0646	709.9764	785.0565	841.8318	932.0879	988.5237	1060.724	1159.498	1197.903
462.9	0	0	0	0.09764901	2.764752	57.60611	268.7916	454.3373	579.8033	641.7381	711.2835	784.5413	842.3871	933.1296	987.8884	1061.4	1157.173	1198.469
463	0	0	0	0.09764901	2.764752	57.81258	269.1857	453.9821	579.4081	642.1734	710.927	783.8971	841.8318	933.4273	988.3649	1062.075	1157.531	1197.714
463.1	0	0	0	0.09764901	2.705927	58.01906	269.1069	453.7156	579.7045	641.3028	710.5706	785.1854	842.6647	932.0879	987.7296	1061.906	1158.246	1196.77
463.2	0	0	0	0.09764901	2.705927	58.15671	269.7375	453.4491	579.4081	641.4116	710.927	785.7007	842.3871	932.6832	987.5708	1061.568	1158.425	1198.28
463.3	0	0	0	0.09764901	2.705927	58.01906	269.1857	452.9162	579.5069	640.3234	710.0952	786.2159	843.4977	931.6414	988.3649	1060.893	1159.319	1197.714
463.4	0	0	0	0.09764901	2.705927	57.88141	269.1069	453.3603	579.3093	640.9763	709.5011	785.443	842.8036	931.3438	988.5237	1061.906	1160.929	1198.469
463.5	0	0	0	0.09764901	2.705927	57.81258	269.3433	454.0709	577.6292	641.194	709.1447	784.7989	842.5259	930.5996	987.7296	1062.244	1159.141	1197.336
463.6	0	0	0	0.09764901	2.705927	57.88141	269.3433	454.1597	577.3328	640.8675	707.8376	785.7007	842.9424	930.302	987.4119	1062.244	1160.571	1196.203
463.7	0	0	0	0.09764901	2.705927	57.95023	268.6339	453.1826	577.8269	640.6498	707.8376	785.7007	843.3589	929.1114	987.0943	1061.062	1161.286	1196.014
463.8	0	0	0	0.09764901	2.705927	57.74376	268.3974	453.2715	577.3328	640.7587	707.4811	786.3448	843.7753	930.0043	986.7767	1062.075	1161.823	1195.448
463.9	0	0	0	0.09764901	2.705927	57.60611	268.9492	453.5379	577.3328	640.6498	708.3129	785.443	844.3306	930.5996	987.7296	1061.906	1161.644	1195.826
464	0	0	0	0.09764901	2.705927	57.46846	269.3433	454.1597	577.2339	639.6705	707.9564	785.3142	844.1918	931.7902	986.459	1061.906	1160.035	1196.392
464.1	0	0	0	0.09764901	2.705927	57.67493	269.2645	454.2485	577.5304	639.8881	707.5999	785.8295	844.1918	930.302	986.1414	1062.919	1159.498	1195.637
464.2	0	0	0	0.09764901	2.588278	57.60611	269.4221	453.8932	577.7281	639.7793	707.5999	784.67	843.9142	930.0043	986.3002	1063.763	1159.141	1195.637
464.3	0	0	0	0.09764901	2.588278	57.74376	269.2645	454.1597	577.1351	640.3234	707.9564	785.3142	844.7471	928.5161	986.1414	1063.426	1158.962	1196.014
464.4	0	0	0	0.09764901	2.588278	57.95023	269.1069	454.6927	577.0363	639.9969	708.7881	785.8295	844.1918	928.0696	984.0767	1063.426	1158.425	1196.203
464.5	0	0	0	0.09764901	2.588278	58.01906	269.1857	454.8703	576.9374	641.194	709.5011	785.9583	843.0812	927.772	984.5531	1063.088	1158.246	1195.637
464.6	0	0	0	0.09764901	2.588278	57.95023	268.9492	454.6038	576.7398	641.5204	710.3329	785.443	842.6647	928.8137	983.6002	1063.257	1159.677	1195.826
464.7	0	0	0	0.09764901	2.588278	58.08788	268.7916	455.0479	576.641	640.9763	710.4517	786.0872	842.8036	929.8555	983.4413	1063.426	1159.319	1195.07
464.8	0	0	0	0.09764901	2.588278	58.08788	268.4763	454.8703	576.048	640.6498	711.2835	786.3448	842.3871	929.4091	983.2825	1063.088	1158.962	1195.259
464.9	0	0	0	0.09764901	2.588278	58.01906	268.3186	455.8474	575.5539	639.1263	711.9965	786.9889	842.2483	929.7067	983.2825	1062.244	1157.71	1194.126
465	0	0	0	0.09764901	2.647103	58.01906	268.0033	456.1138	574.961	640.1057	713.0659	786.7313	840.86	929.4091	982.0119	1063.426	1157.71	1193.937
465.1	0	0	0	0.09764901	2.647103	57.88141	268.0033	456.2027	574.961	639.9969	711.5211	786.0872	840.9988	930.302	981.8531	1063.088	1156.995	1195.259
465.2	0	0	0	0.09764901	2.647103	57.74376	267.9245	456.2027	574.8621	640.2145	710.6894	785.7007	841.1377	930.5996	982.1707	1064.101	1155.027	1195.259
465.3	0	0	0	0.09764901	2.647103	57.67493	268.0033	456.7356	575.5539	639.8881	710.8082	785.1854	840.7212	929.2602	982.0119	1064.945	1155.206	1196.014
465.4	0	0	0	0.09764901	2.647103	57.53728	267.688	457.0021	574.7633	640.1057	711.0458	783.8971	842.1094	929.5579	981.5355	1066.802	1154.133	1196.392
465.5	0	0	0	0.09764901	2.647103	57.67493	268.0822	457.0909	574.0715	640.2145	711.1647	782.6089	840.5824	930.302	981.059	1067.308	1153.776	1196.581
465.6	0	0	0	0.09764901	2.647103	57.81258	269.028	457.4462	573.4786	639.8881	711.7588	783.3818	839.4718	929.7067	980.9001	1067.477	1154.491	1196.77
465.7	0	0	0	0.09764901	2.647103	57.81258	268.4763	456.7356	573.6763	639.7793	710.927	783.3818	839.6106	929.4091	981.6943	1068.153	1155.206	1196.014
465.8	0	0	0	0.09764901	2.647103	57.53728	268.6339	456.9133	573.4786	639.0175	711.0458	783.3818	839.8882	928.8137	983.2825	1068.321	1156.279	1195.448
465.9	0	0	0	0.09764901	2.647103	57.33081	268.3974	457.3574	573.8739	640.1057	711.9965	782.7377	840.0271	928.3672	983.1237	1068.321	1156.816	1193.371
466	0	0	0	0.09764901	2.588278	57.39964	268.0033	457.6238	574.5657	639.7793	711.0458	782.9954	839.6106	928.9626	982.9648	1066.633	1157.352	1193.182
466.1	0	0	0	0.09764901	2.588278	57.26199	267.5304	458.1568	574.8621	640.7587	710.5706	782.9954	840.1659	928.9626	981.2178	1068.49	1155.922	1193.371
466.2	0	0	0	0.09764901	2.588278	57.19316	267.8457	457.9792	574.368	641.194	710.4517	783.253	840.0271	929.8555	981.5355	1069.672	1156.279	1192.616
466.3	0	0	0	0.09764901	2.647103	57.46846	267.6092	458.4233	574.0715	641.194	710.927	783.8971	839.8882	928.8137	982.1707	1069.841	1157.531	1193.749
466.4	0	0	0	0.09764901	2.764752	57.39964	266.821	458.5121	574.1703	641.6293	710.8082	784.0259	839.7495	928.0696	980.7413	1069.334	1156.816	1192.804
466.5	0	0	0	0.09764901	2.764752	57.39964	266.8998	458.2456	574.5657	641.0851	711.64	784.5413	841.4153	928.0696	982.3296	1069.334	1156.637	1193.56
466.6	0	0	0	0.09764901	2.764752	57.12434	266.1904	458.068	573.4786	641.0851	711.4023	784.0259	841.1377	926.879	982.806	1070.347	1156.279	1193.56
466.7	0	0	0	0.09764901	2.764752	57.19316	266.1115	458.1568	573.9727	640.8675	711.64	784.4124	840.3047	927.3255	982.6472	1070.854	1156.1	1193.937
466.8	0	0	0	0.09764901	2.764752	57.39964	266.1904	457.9792	573.9727	640.6498	712.2341	784.5413	839.8882	928.2184	981.6943	1069.672	1155.206	1192.427
466.9	0	0	0	0.09764901	2.764752	57.60611	265.9539	457.7127	574.368	640.3234	711.2835	784.4124	839.7495	929.4091	981.6943	1068.828	1153.955	1192.804
467	0	0	0	0.09764901	2.764752	57.67493	266.0327	457.8903	574.1703	640.1057	711.4023	783.5106	840.5824	929.8555	981.5355	1068.49	1153.776	1195.826
467.1	0	0	0	0.09764901	2.764752	57.81258	266.4268	458.2456	573.6763	639.7793	711.0458	782.0936	840.0271	929.7067	982.1707	1068.49	1155.922	1196.77
467.2	0	0	0	0.09764901	2.764752	57.74376	266.4268	458.1568	573.4786	639.7793	711.64	782.3512	839.7495	929.7067	982.806	1067.308	1156.458	1196.392
467.3	0	0	0	0.09764901	2.764752	57.74376	266.348	457.3574	573.2809	640.1057	710.927	782.48	839.1942	930.4508	981.5355	1067.308	1157.531	1194.881
467.4	0	0	0	0.09764901	2.764752	57.74376	266.7421	457.6238	573.4786	638.7999	709.6199	781.5782	839.1942	930.302	981.5355	1066.633	1158.246	1195.07
467.5	0	0	0	0.09764901	2.764752	57.60611	266.7421	457.9792	572.7868	638.691	708.6694	781.5782	839.7495	930.8973	981.8531	1064.438	1158.604	1194.315
467.6	0	0	0	0.09764901	2.823576	57.74376	266.5056	458.4233	572.9845	639.5616	708.6694	781.7071	839.8882	930.5996	983.1237	1063.594	1157.71	1193.56
467.7	0	0	0	0.09764901	2.823576	57.81258	266.6633	458.6898	572.8857	639.5616	709.3823	782.0936	840.1659	929.8555	982.0119	1063.426	1158.604	1192.804
467.8	0	0	0	0.09764901	2.823576	58.01906	266.821	458.5121	572.9845	639.1263	710.0952	781.063	839.0553	929.4091	982.806	1065.114	1156.637	1191.105
467.9	0	0	0	0.09764901	2.705927	58.01906	266.6633	459.045	572.688	639.5616	710.3329	781.063	838.6389	928.3672	983.1237	1065.283	1155.743	1192.427
468	0	0	0	0.09764901	2.705927	58.08788	266.9786	459.9333	573.4786	639.344	709.8576	781.5782	838.2224	928.6649	982.806	1064.438	1155.027	1191.483
468.1	0	0	0	0.09764901	2.705927	57.95023	267.2939	459.8445	573.1821	639.7793	709.8576	781.4495	838.7776	927.9208	982.806	1064.438	1154.491	1192.427
468.2	0	0	0	0.09764901	2.705927	57.88141	267.2151	460.5551	573.4786	639.1263	709.9764	781.5782	836.973	927.0278	982.806	1065.62	1153.418	1191.672
468.3	0	0	0	0.09764901	2.705927	57.95023	267.2151	461.5321	572.8857	638.4734	709.6199	780.5477	836.8341	927.4743	982.6472	1065.451	1151.809	1192.049
468.4	0	0	0	0.09764901	2.705927	57.88141	267.4515	461.7986	572.8857	637.8204	709.5011	780.5477	837.3894	926.879	983.9178	1066.127	1151.093	1192.804
468.5	0	0	0	0.09764901	2.705927	57.81258	267.6092	461.3545	573.2809	637.1675	710.4517	779.6459	837.2506	927.0278	982.6472	1067.308	1150.557	1193.56
468.6	0	0	0	0.0488245	2.705927	57.95023	267.6092	461.088	573.7751	635.8616	710.4517	779.9036	837.3894	927.6232	984.2355	1067.477	1149.842	1192.804
468.7	0	0	0	0.0488245	2.705927	57.81258	267.6092	460.8215	573.6763	635.9704	710.2141	780.4189	837.5283	926.5814	983.9178	1065.451	1149.663	1192.804
468.8	0	0	0	0.0488245	2.705927	57.88141	267.9245	459.7556	573.7751	636.5145	710.6894	781.1918	837.5283	925.9861	983.759	1064.27	1150.915	1194.126
468.9	0	0	0	0.0488245	2.705927	57.88141	267.8457	459.6668	573.7751	636.0792	709.8576	782.2224	837.8059	925.2419	984.0767	1063.594	1150.557	1192.993
469	0	0	0	0.0488245	2.705927	57.95023	267.5304	459.7556	573.8739	636.5145	708.4317	781.7071	838.3612	926.879	984.3943	1063.426	1150.199	1194.504
469.1	0	0	0	0.0488245	2.705927	57.95023	267.5304	459.6668	573.3798	635.8616	707.9564	780.9341	837.6671	925.8372	983.2825	1062.244	1148.947	1192.993
469.2	0	0	0	0.0488245	2.647103	58.01906	267.7668	460.4662	572.4904	634.7733	708.5505	780.6765	837.3894	925.6884	983.9178	1062.075	1147.875	1192.616
469.3	0	0	0	0.0488245	2.647103	57.81258	267.688	460.1998	572.3915	634.4468	709.2635	779.2595	837.8059	924.9443	983.6002	1063.426	1148.411	1192.804
469.4	0	0	0	0.0488245	2.647103	57.88141	268.3186	460.3774	573.0833	635.4263	708.0753	779.2595	837.6671	925.2419	985.1884	1063.426	1149.126	1191.86
469.5	0	0	0	0.0488245	2.764752	57.74376	268.161	459.7556	573.1821	635.4263	706.5305	779.9036	836.6953	925.2419	985.506	1063.763	1147.875	1190.916
469.6	0	0	0	0.0488245	2.764752	57.81258	268.7127	459.2227	572.7868	636.7322	705.4611	780.5477	836.5565	924.349	985.8237	1063.426	1148.232	1189.783
469.7	0	0	0	0.0488245	2.764752	57.74376	269.1857	459.3115	573.0833	636.188	704.8669	780.1612	835.7235	924.349	985.506	1062.75	1148.59	1191.672
469.8	0	0	0	0.0488245	2.705927	57.53728	269.2645	459.045	573.4786	636.2969	704.7482	781.063	834.8906	923.9025	983.1237	1063.426	1149.663	1190.161
469.9	0	0	0	0.0488245	2.705927	57.39964	269.4221	458.4233	573.8739	636.2969	704.0352	780.0324	834.8906	922.1166	982.4884	1063.763	1150.199	1189.217
470	0	0	0	0.0488245	2.705927	57.60611	269.5798	458.3344	574.1703	637.6028	705.2234	780.1612	834.8906	921.819	982.6472	1063.763	1149.842	1188.839
470.1	0	0	0	0.0488245	2.705927	57.53728	269.8951	458.3344	573.2809	637.494	705.2234	779.2595	833.6412	922.1166	981.059	1065.114	1150.02	1189.028
470.2	0	0	0	0.0488245	2.764752	57.67493	269.2645	458.4233	573.3798	637.7116	706.174	778.4865	833.6412	922.4143	981.059	1065.114	1150.199	1187.895
470.3	0	0	0	0.0488245	2.823576	57.74376	269.2645	458.1568	573.0833	637.9293	706.7682	777.8423	834.8906	922.5631	980.7413	1065.283	1150.915	1188.839
470.4	0	0	0	0.0488245	2.823576	57.88141	269.1857	458.2456	572.7868	638.0381	706.7682	778.7441	834.3353	923.0096	979.6296	1066.633	1151.809	1188.65
470.5	0	0	0	0.0488245	2.823576	57.81258	269.1069	458.4233	572.688	637.7116	706.4117	778.6153	834.1965	923.1584	979.6296	1066.296	1151.451	1189.594
470.6	0	0	0	0.0488245	2.882401	57.95023	268.7127	458.6898	572.3915	637.3851	706.2928	778.1	834.7518	922.7119	981.059	1067.308	1149.842	1190.161
470.7	0	0	0	0.0488245	2.882401	57.88141	268.8704	458.6009	572.9845	637.6028	706.174	777.7136	833.9188	921.6702	981.8531	1067.646	1149.126	1191.483
470.8	0	0	0	0.0488245	2.882401	57.88141	268.3974	458.8674	572.4904	637.3851	707.9564	778.3577	834.6129	921.6702	980.7413	1068.828	1148.947	1191.294
470.9	0	0	0	0.0488245	2.882401	58.15671	268.5551	458.7786	572.5892	638.0381	708.194	777.3271	834.6129	921.3725	980.5825	1067.646	1149.305	1190.161
471	0	0	0	0.0488245	2.882401	58.08788	268.161	458.7786	573.2809	637.494	708.4317	777.4559	833.9188	921.9678	981.5355	1067.477	1150.378	1189.783
471.1	0	0	0	0.0488245	2.823576	58.08788	268.3974	458.1568	572.8857	637.2763	708.3129	777.0694	833.5023	922.2654	981.5355	1067.14	1150.736	1190.727
471.2	0	0	0	0.0488245	2.764752	58.15671	268.161	457.8903	572.688	636.5145	708.6694	776.8118	832.1141	923.1584	981.5355	1066.802	1150.199	1190.538
471.3	0	0	0	0.0488245	2.764752	58.36318	268.3186	457.4462	572.688	636.841	708.0753	777.0694	833.6412	923.0096	980.9001	1065.451	1149.484	1190.35
471.4	0	0	0	0.0488245	2.764752	58.50083	268.5551	457.7127	572.4904	636.0792	709.5011	775.137	833.5023	921.6702	982.1707	1066.127	1148.59	1191.483
471.5	0	0	0	0.0488245	2.882401	58.36318	268.5551	457.535	572.5892	635.7527	709.5011	775.137	833.6412	922.1166	982.3296	1065.958	1149.842	1192.993
471.6	0	0	0	0.0488245	2.882401	58.36318	268.5551	457.0909	572.095	635.2086	708.7881	774.8794	834.1965	921.9678	982.0119	1064.776	1150.736	1194.693
471.7	0	0	0	0.0488245	2.882401	58.43201	268.7127	456.9133	572.1939	635.6439	707.3623	774.6218	833.2247	921.2237	982.3296	1064.776	1151.451	1193.749
471.8	0	0	0	0.0488245	2.882401	58.50083	269.1857	456.2027	572.1939	635.3174	706.887	774.7505	833.9188	920.7772	981.2178	1063.426	1152.166	1192.049
471.9	0	0	0	0.0488245	2.882401	58.15671	269.5798	456.558	572.7868	636.2969	708.0753	776.0388	834.3353	920.0331	980.5825	1064.607	1151.63	1190.916
472	0	0	0	0.0488245	2.882401	58.01906	269.501	456.6468	572.9845	636.188	708.194	776.4253	832.8082	918.8425	980.106	1065.283	1151.987	1191.86
472.1	0	0	0	0.0488245	2.882401	58.22553	269.2645	457.0021	572.1939	635.5351	707.8376	777.1982	831.9753	919.7355	980.5825	1064.101	1151.809	1192.049
472.2	0	0	0	0.0488245	2.882401	58.29436	269.1857	457.2686	572.4904	635.2086	707.7188	777.9712	830.587	918.2472	980.7413	1063.257	1151.451	1190.916
472.3	0	0	0	0.0488245	2.882401	58.08788	269.1857	457.535	572.3915	633.5763	706.6494	778.2288	828.7823	918.9913	981.3766	1062.413	1152.524	1190.35
472.4	0	0	0	0.0488245	2.882401	58.08788	268.9492	457.0021	573.1821	633.0322	707.3623	777.9712	828.0882	918.0984	981.3766	1061.906	1152.345	1189.028
472.5	0	0	0	0.0488245	2.882401	58.15671	269.1069	457.1797	573.2809	633.141	707.2435	777.5847	827.6717	917.6519	980.5825	1060.893	1152.345	1189.594
472.6	0	0	0	0.0488245	2.882401	58.56965	269.1857	456.2027	572.3915	632.5969	706.4117	776.9406	828.0882	917.5031	980.2648	1060.218	1150.02	1189.594
472.7	0	0	0	0.0488245	2.882401	58.7073	268.7127	456.2027	571.9962	631.9439	705.6987	776.8118	828.5046	917.3542	981.059	1060.893	1150.915	1188.084
472.8	0	0	0	0.0488245	2.882401	58.77613	268.6339	456.3803	572.3915	632.5969	705.8176	776.1677	827.6717	917.6519	982.0119	1061.4	1151.451	1187.706
472.9	0	0	0	0.0488245	2.882401	58.91378	268.4763	455.5809	572.4904	632.3792	705.2234	775.3947	828.227	917.6519	982.3296	1060.724	1151.63	1186.196
473	0	0	0	0.0488245	2.882401	58.91378	268.3186	456.1138	571.4033	632.488	703.9164	774.7505	828.9211	918.6937	983.2825	1060.387	1150.199	1185.251
473.1	0	0	0	0.0488245	2.823576	58.91378	268.5551	456.1138	571.4033	631.6174	702.6093	773.8488	826.8387	919.2889	983.2825	1060.893	1148.947	1184.874
473.2	0	0	0	0.0488245	2.823576	58.9826	268.4763	456.2027	572.095	631.8351	702.8469	773.72	826.9776	919.7355	982.1707	1061.568	1149.126	1185.44
473.3	0	0	0	0.0488245	2.823576	58.63848	267.8457	455.9362	572.095	631.5086	702.2528	772.8182	828.0882	918.6937	982.0119	1061.568	1148.769	1184.496
473.4	0	0	0	0.0488245	2.823576	58.56965	268.161	456.1138	572.095	631.9439	703.7975	773.0759	827.6717	918.2472	983.6002	1060.556	1150.378	1186.007
473.5	0	0	0	0.0488245	2.882401	58.56965	268.6339	456.3803	571.8974	632.8145	704.154	773.0759	827.9493	919.5866	982.9648	1060.724	1150.199	1186.384
473.6	0	0	0	0.0488245	2.823576	58.50083	268.9492	456.2915	571.3044	632.488	705.1046	772.6894	827.394	918.2472	982.3296	1060.387	1148.769	1186.573
473.7	0	0	0	0.0488245	2.823576	58.63848	268.161	456.025	570.8104	632.8145	705.2234	772.3029	826.9776	917.5031	981.8531	1060.049	1148.053	1184.119
473.8	0	0	0	0.0488245	2.823576	58.77613	268.7916	456.2915	571.1068	632.488	704.8669	771.0146	829.0599	917.8007	982.1707	1059.374	1147.875	1185.251
473.9	0	0	0	0.0488245	2.823576	58.84495	268.3974	455.6697	571.5021	631.7263	704.7482	771.2723	828.9211	918.2472	980.9001	1058.698	1147.159	1185.063
474	0	0	0	0.0488245	2.823576	58.56965	268.2398	455.4032	570.7115	632.0527	704.9858	771.53	829.7541	919.4378	981.059	1057.686	1146.98	1186.762
474.1	0	0	0	0.0488245	2.823576	58.63848	268.3186	455.3144	571.008	631.8351	705.3423	771.53	829.0599	918.9913	980.7413	1057.854	1147.875	1188.461
474.2	0	0	0	0.0488245	2.823576	58.56965	268.161	455.4921	570.8104	631.6174	705.3423	770.1129	829.4764	918.9913	980.4236	1058.53	1146.265	1187.706
474.3	0	0	0	0.0488245	2.823576	58.56965	268.0033	455.6697	571.1068	631.5086	706.0552	770.6282	829.8929	919.4378	979.1531	1058.698	1144.834	1189.028
474.4	0	0	0	0.0488245	2.823576	58.56965	268.0822	455.2256	571.9962	632.5969	705.4611	769.4688	831.0035	918.5449	978.6766	1059.374	1145.55	1189.028
474.5	0	0	0	0.0488245	2.823576	58.77613	267.5304	455.4032	572.688	632.0527	704.9858	769.4688	831.0035	917.6519	978.9943	1058.53	1145.013	1189.594
474.6	0	0	0	0.0488245	2.823576	58.63848	267.4515	455.7585	572.1939	632.0527	704.6293	768.9535	830.8647	918.6937	978.0413	1058.361	1146.086	1190.35
474.7	0	0	0	0.0488245	2.882401	58.84495	267.4515	457.2686	572.095	631.3998	704.3917	768.1805	831.5588	917.6519	977.0884	1058.361	1146.623	1190.538
474.8	0	0	0	0.0488245	2.882401	58.77613	267.9245	457.1797	571.8974	631.6174	704.8669	767.6652	831.1423	918.5449	977.0884	1060.218	1146.265	1188.65
474.9	0	0	0	0.0488245	2.882401	58.9826	267.9245	456.9133	572.1939	630.5292	704.2728	767.4076	831.42	918.8425	976.4531	1061.062	1146.623	1187.328
475	0	0	0	0.0488245	2.882401	58.91378	268.0033	457.1797	572.2927	629.7674	704.6293	768.3093	831.42	919.5866	976.1354	1059.205	1146.444	1186.573
475.1	0	0	0	0.0488245	2.882401	58.91378	268.4763	457.4462	572.5892	630.3115	705.8176	768.4382	830.7258	919.2889	975.3413	1057.517	1147.875	1185.629
475.2	0	0	0	0.0488245	2.882401	58.63848	267.9245	457.3574	573.1821	630.7468	705.6987	767.7941	830.1705	920.4796	975.8177	1058.361	1145.55	1185.44
475.3	0	0	0	0.0488245	2.882401	58.50083	267.688	456.9133	572.8857	630.9645	706.174	767.4076	830.0317	921.5214	975.9766	1058.023	1143.762	1185.063
475.4	0	0	0	0.0488245	2.882401	58.63848	267.5304	457.3574	571.9962	631.7263	706.7682	766.6346	829.7541	921.819	976.1354	1058.698	1142.689	1184.874
475.5	0	0	0	0.0488245	2.882401	58.77613	268.161	457.2686	572.8857	630.5292	707.0058	766.1193	830.1705	921.5214	974.3884	1057.348	1143.762	1185.063
475.6	0	0	0	0.0488245	2.882401	58.77613	268.3974	456.6468	572.5892	630.8557	707.2435	766.1193	830.8647	922.1166	975.3413	1057.01	1144.656	1183.741
475.7	0	0	0	0.0488245	2.882401	58.9826	268.7127	456.2027	572.5892	631.9439	707.0058	765.6041	830.7258	920.926	974.706	1055.491	1144.298	1183.363
475.8	0	0	0	0.0488245	2.882401	58.9826	268.7916	456.025	571.601	632.1616	707.2435	765.0887	829.0599	920.6284	974.5472	1054.14	1143.94	1182.419
475.9	0	0	0	0.0488245	2.882401	58.9826	269.3433	456.1138	571.7986	632.3792	707.3623	765.4752	827.9493	921.6702	973.4354	1053.634	1145.907	1183.741
476	0	0	0	0.0488245	2.882401	58.9826	269.2645	456.558	571.6998	632.5969	707.1246	764.187	828.227	920.4796	972.9589	1053.971	1146.623	1184.874
476.1	0	0	0	0.0488245	2.882401	58.9826	268.8704	456.2027	572.095	633.2498	707.7188	763.9293	827.9493	919.1401	972.3236	1053.634	1147.517	1184.307
476.2	0	0	0	0.0488245	2.882401	58.77613	269.2645	456.3803	572.3915	633.7939	706.5305	764.4446	827.9493	919.4378	971.053	1053.803	1145.907	1182.608
476.3	0	0	0	0.0488245	2.882401	58.77613	269.1857	456.2915	572.3915	634.4468	706.887	764.0582	828.5046	919.5866	969.7824	1052.452	1144.656	1181.853
476.4	0	0	0	0.0488245	2.882401	58.77613	269.1069	455.5809	572.1939	634.1204	706.2928	764.5734	827.9493	919.8843	970.1001	1054.478	1146.086	1181.097
476.5	0	0	0	0.0488245	2.882401	58.84495	269.028	454.7815	572.3915	633.6851	705.6987	763.9293	828.9211	920.4796	970.5765	1054.309	1143.762	1182.041
476.6	0	0	0	0.0488245	2.882401	59.05143	268.7916	455.3144	572.2927	633.7939	704.8669	763.414	829.3376	920.1819	972.6413	1054.309	1142.689	1180.342
476.7	0	0	0	0.0488245	2.882401	59.18908	268.7127	455.7585	572.8857	633.5763	703.7975	763.6717	829.1988	920.926	974.0707	1054.647	1143.404	1179.587
476.8	0	0	0	0.0488245	2.882401	59.18908	268.9492	455.0479	572.9845	633.9028	704.2728	763.1564	828.0882	921.3725	973.4354	1053.465	1143.583	1177.887
476.9	0	0	0	0.0488245	2.882401	59.18908	268.7916	455.4921	572.3915	632.7057	703.5599	762.5123	827.6717	921.3725	975.3413	1053.127	1146.623	1178.265
477	0	0	0	0.0488245	2.882401	59.12025	268.7916	455.6697	571.8974	632.488	703.6787	761.7393	827.6717	922.5631	976.2943	1053.971	1146.98	1175.999
477.1	0	0	0	0.0488245	2.823576	59.05143	268.8704	456.2027	571.6998	631.9439	704.5105	760.5799	827.8105	921.5214	975.8177	1052.621	1147.517	1176.566
477.2	0	0	0	0.0488245	2.823576	58.9826	268.6339	455.9362	571.6998	631.7263	704.6293	760.8375	827.2552	921.819	977.0884	1052.452	1146.623	1176.754
477.3	0	0	0	0.0488245	2.823576	58.77613	269.3433	455.8474	572.2927	631.1821	704.2728	761.6105	826.9776	921.3725	975.8177	1052.79	1146.086	1175.999
477.4	0	0	0	0.0488245	2.764752	58.84495	268.9492	456.4691	572.4904	630.638	703.3223	760.451	826.8387	920.4796	975.6589	1052.283	1145.55	1175.621
477.5	0	0	0	0.0488245	2.705927	58.91378	269.1069	456.1138	571.7986	630.4203	702.134	760.5799	826.2834	920.0331	976.1354	1053.465	1144.656	1176.754
477.6	0	0	0	0.0488245	2.705927	58.91378	268.8704	456.2915	572.095	631.5086	701.7775	760.0646	826.8387	920.0331	974.8648	1053.296	1143.94	1178.831
477.7	0	0	0	0.0488245	2.705927	58.7073	269.028	457.1797	572.3915	631.6174	702.2528	759.8069	826.1447	920.1819	975.5001	1052.958	1142.51	1178.831
477.8	0	0	0	0.0488245	2.705927	58.91378	268.8704	457.0021	572.8857	631.0733	703.2034	761.3528	826.5611	919.4378	974.8648	1053.296	1142.689	1177.51
477.9	0	0	0	0.0488245	2.705927	58.91378	268.6339	456.9133	573.2809	631.3998	702.9658	761.3528	825.3117	919.5866	975.6589	1052.958	1141.258	1176.943
478	0	0	0	0.0488245	2.647103	58.84495	268.8704	455.9362	572.8857	630.2027	703.2034	760.8375	826.2834	920.4796	974.2295	1052.114	1140.006	1177.698
478.1	0	0	0	0.0488245	2.647103	58.56965	268.5551	456.3803	573.2809	629.2233	703.4411	760.7087	825.3117	920.4796	974.0707	1052.452	1139.291	1177.51
478.2	0	0	0	0.0488245	2.647103	58.50083	268.5551	456.4691	573.1821	629.1144	703.6787	761.6105	825.3117	919.8843	974.2295	1052.114	1139.827	1177.132
478.3	0	0	0	0.0488245	2.705927	58.50083	268.5551	455.4032	573.5775	629.0056	703.0846	760.3222	824.7564	920.7772	973.9119	1052.452	1139.47	1178.831
478.4	0	0	0	0.0488245	2.705927	58.7073	268.0033	455.8474	573.0833	628.4615	703.2034	758.5187	825.3117	919.4378	974.2295	1051.945	1139.112	1179.964
478.5	0	0	0	0.0488245	2.705927	58.91378	268.0822	456.558	573.0833	628.4615	704.2728	759.6781	825.5894	918.8425	975.3413	1052.452	1136.43	1179.964
478.6	0	0	0	0.0488245	2.705927	58.77613	268.3186	456.1138	572.2927	627.8086	704.3917	759.034	826.2834	918.8425	975.1824	1051.777	1137.145	1179.587
478.7	0	0	0	0.0488245	2.705927	58.43201	268.8704	455.0479	573.1821	628.6791	704.3917	759.4205	826.4223	919.4378	974.3884	1051.608	1136.609	1180.153
478.8	0	0	0	0.0488245	2.705927	58.50083	268.8704	455.6697	573.5775	628.6791	705.8176	760.3222	826.5611	919.8843	974.8648	1051.608	1135.893	1178.831
478.9	0	0	0	0.0488245	2.705927	58.56965	268.9492	455.3144	573.2809	628.6791	706.2928	759.4205	827.1164	920.0331	975.0236	1048.4	1137.145	1179.209
479	0	0	0	0.0488245	2.705927	58.63848	269.4221	455.4921	573.5775	629.1144	705.9364	760.3222	827.2552	919.1401	974.3884	1048.569	1134.284	1178.076
479.1	0	0	0	0.0488245	2.705927	58.63848	269.4221	455.3144	574.1703	628.8968	705.5799	761.7393	826.8387	919.8843	973.4354	1049.244	1131.601	1178.454
479.2	0	0	0	0.0488245	2.647103	58.63848	269.1069	455.2256	574.0715	629.3321	705.1046	761.4816	828.3658	918.8425	973.2766	1050.426	1130.886	1178.643
479.3	0	0	0	0.0488245	2.647103	58.7073	268.7127	454.8703	572.9845	629.7674	704.8669	761.0952	827.2552	917.9495	974.0707	1048.4	1131.065	1177.51
479.4	0	0	0	0.0488245	2.647103	58.84495	269.028	454.6927	572.4904	630.4203	706.174	761.3528	826.9776	917.3542	973.7531	1048.231	1132.317	1178.643
479.5	0	0	0	0.0488245	2.647103	58.77613	268.8704	454.6927	572.1939	630.5292	706.2928	762.2546	826.7	916.9078	973.4354	1049.075	1131.423	1178.643
479.6	0	0	0	0.0488245	2.647103	58.7073	268.7916	454.7815	572.095	630.0939	704.8669	763.414	827.9493	916.3125	972.6413	1048.569	1131.601	1176.377
479.7	0	0	0	0.0488245	2.705927	58.36318	268.7127	454.7815	571.8974	629.5497	704.3917	761.9969	828.3658	916.1636	973.7531	1049.075	1131.78	1175.621
479.8	0	0	0	0.0488245	2.705927	58.36318	268.2398	454.4262	572.095	630.0939	704.8669	761.7393	826.9776	916.9078	973.4354	1049.751	1132.317	1175.81
479.9	0	0	0	0.0488245	2.764752	58.56965	268.7127	454.1597	571.601	629.985	704.7482	761.7393	828.9211	915.4196	971.053	1049.075	1132.496	1173.544
480	0	0	0	0.0488245	2.705927	58.63848	268.7127	455.1368	572.2927	630.2027	704.9858	761.6105	828.9211	913.4848	971.3707	1049.413	1132.317	1174.3
480.1	0	0	0	0.0488245	2.705927	58.56965	268.3974	455.3144	572.5892	629.985	705.4611	762.5123	828.227	914.0801	969.4648	1049.413	1133.568	1175.244
480.2	0	0	0	0.0488245	2.705927	58.43201	268.0822	455.4032	571.6998	628.8968	705.5799	763.1564	828.5046	913.336	968.8295	1048.569	1133.032	1175.244
480.3	0	0	0	0.0488245	2.705927	58.50083	268.0822	455.1368	571.6998	629.1144	704.7482	762.2546	828.9211	912.4431	968.1942	1047.894	1134.641	1173.922
480.4	0	0	0	0.0488245	2.705927	58.43201	267.688	454.515	571.2056	628.3527	704.7482	763.2852	828.0882	912.5919	968.353	1048.738	1136.787	1174.111
480.5	0	0	0	0.0488245	2.705927	58.36318	267.4515	454.1597	571.3044	629.0056	704.2728	763.9293	827.5329	911.5501	966.606	1048.063	1136.966	1174.111
480.6	0	0	0	0.0488245	2.705927	58.22553	267.1363	453.9821	571.1068	629.2233	704.6293	764.187	828.0882	910.9548	966.1295	1047.894	1137.145	1173.167
480.7	0	0	0	0.0488245	2.705927	58.08788	267.1363	453.4491	571.9962	628.8968	705.2234	764.9599	828.9211	911.9966	965.653	1049.92	1137.324	1173.355
480.8	0	0	0	0.0488245	2.705927	57.95023	267.0574	453.8044	571.7986	629.6586	704.6293	765.3464	827.8105	910.9548	966.1295	1050.595	1137.324	1173.733
480.9	0	0	0	0.0488245	2.705927	58.01906	266.8998	453.0938	570.3162	629.5497	704.5105	764.3158	828.3658	911.1036	967.0824	1050.426	1135.357	1172.789
481	0	0	0	0.0488245	2.705927	57.88141	266.821	452.5609	569.4268	629.4409	704.8669	764.9599	828.7823	911.5501	967.2412	1050.932	1135.536	1172.978
481.1	0	0	0	0.0488245	2.764752	57.74376	266.5845	453.0938	569.0315	629.5497	704.6293	764.5734	828.7823	911.4012	966.606	1051.101	1135.893	1174.488
481.2	0	0	0	0.0488245	2.764752	57.46846	266.5056	452.9162	569.0315	629.6586	704.3917	763.8005	828.3658	909.913	966.1295	1049.751	1135.178	1173.922
481.3	0	0	0	0.0488245	2.823576	57.46846	266.1904	452.1167	569.4268	629.2233	704.3917	762.7699	828.7823	909.1689	966.606	1050.764	1135.714	1173.544
481.4	0	0	0	0.0488245	2.823576	57.67493	266.7421	452.8273	568.9327	629.2233	704.0352	763.2852	829.0599	907.6807	968.1942	1050.088	1137.324	1173.355
481.5	0	0	0	0.0488245	2.823576	57.60611	266.8998	453.2715	568.3397	629.4409	704.2728	762.7699	828.9211	908.1271	968.8295	1049.244	1137.324	1173.733
481.6	0	0	0	0.0488245	2.823576	57.60611	266.8998	453.0938	569.1303	629.3321	703.3223	762.2546	828.6435	908.5736	970.4177	1049.582	1138.039	1172.789
481.7	0	0	0	0.0488245	2.823576	57.67493	266.821	452.7385	569.6245	628.8968	703.2034	762.6411	828.9211	908.8713	968.1942	1048.907	1138.039	1172.789
481.8	0	0	0	0.0488245	2.823576	57.53728	267.1363	453.3603	569.5256	628.2439	702.8469	762.8987	829.1988	909.4666	968.8295	1047.894	1138.754	1172.411
481.9	0	0	0	0.0488245	2.823576	57.46846	267.4515	453.005	569.9209	627.3733	702.8469	763.0275	829.4764	909.3177	968.8295	1047.725	1138.933	1173.355
482	0	0	0	0.0488245	2.823576	57.46846	267.0574	453.3603	570.415	627.1556	703.9164	762.5123	830.4482	909.6154	969.306	1048.231	1139.827	1173.167
482.1	0	0	0	0.0488245	2.823576	57.53728	267.1363	453.7156	570.7115	627.1556	704.2728	762.2546	830.8647	909.0201	970.8942	1046.881	1139.112	1174.111
482.2	0	0	0	0.0488245	2.764752	57.88141	267.2939	453.0938	570.7115	626.938	704.3917	763.1564	831.0035	907.5319	971.5295	1046.881	1138.933	1174.3
482.3	0	0	0	0.0488245	2.705927	57.60611	267.8457	452.8273	570.2174	626.8292	704.5105	763.5428	830.0317	907.383	971.8472	1047.556	1140.543	1173.733
482.4	0	0	0	0.0488245	2.705927	57.26199	267.6092	452.8273	570.7115	626.938	704.6293	763.8005	830.4482	905.5971	970.5765	1048.569	1138.933	1172.034
482.5	0	0	0	0.0488245	2.705927	57.26199	267.8457	452.5609	570.3162	626.8292	704.2728	764.0582	831.0035	905.2994	970.4177	1049.075	1137.324	1170.712
482.6	0	0	0	0.0488245	2.705927	57.26199	268.0822	453.1826	570.415	626.7203	704.154	764.9599	830.3094	904.853	971.3707	1049.582	1138.218	1172.034
482.7	0	0	0	0.0488245	2.647103	57.12434	268.161	453.0938	570.7115	626.938	704.154	764.187	830.4482	905.2994	972.9589	1047.556	1139.649	1171.467
482.8	0	0	0	0.0488245	2.647103	56.98669	268.161	453.3603	570.2174	628.0262	704.154	763.414	830.3094	903.5135	973.2766	1049.92	1137.86	1170.334
482.9	0	0	0	0.0488245	2.647103	56.98669	267.8457	453.3603	568.9327	628.0262	704.154	762.8987	831.42	904.2577	972.1648	1049.075	1138.039	1170.901
483	0	0	0	0.0488245	2.647103	57.12434	268.5551	453.8044	569.1303	627.5909	704.0352	762.5123	832.3917	904.853	971.8472	1048.738	1136.966	1171.278
483.1	0	0	0	0.0488245	2.647103	56.98669	268.0033	453.8044	568.6362	627.3733	703.7975	762.8987	831.8364	905.2994	972.8001	1048.063	1137.682	1172.411
483.2	0	0	0	0.0488245	2.647103	56.98669	268.2398	454.6927	567.1538	628.0262	703.3223	762.2546	832.2529	905.7459	971.3707	1047.725	1136.966	1173.922
483.3	0	0	0	0.0488245	2.647103	56.91787	268.0822	454.3373	567.055	628.1351	703.5599	762.3834	832.3917	905.8948	971.5295	1048.569	1136.072	1175.244
483.4	0	0	0	0.0488245	2.647103	56.98669	267.3727	454.2485	567.055	628.1351	703.9164	762.8987	832.3917	906.7877	969.9413	1047.725	1136.251	1174.677
483.5	0	0	0	0.0488245	2.705927	56.78022	267.688	454.3373	567.3515	628.3527	704.5105	761.7393	833.6412	905.8948	970.8942	1047.894	1136.251	1175.432
483.6	0	0	0	0.0488245	2.705927	56.71139	267.7668	454.6927	566.462	628.1351	703.2034	762.1258	833.3635	906.7877	969.7824	1047.218	1137.145	1174.111
483.7	0	0	0	0.0488245	2.705927	56.64257	268.161	454.6927	566.7585	629.0056	702.4905	761.3528	833.6412	906.1924	970.8942	1047.556	1136.251	1172.6
483.8	0	0	0	0.0488245	2.705927	56.57374	267.8457	454.7815	566.462	629.2233	701.7775	760.7087	834.0576	907.0854	972.4824	1048.063	1136.609	1171.845
483.9	0	0	0	0.0488245	2.705927	56.78022	267.7668	454.6038	566.6597	629.0056	700.5893	760.451	833.6412	907.383	970.5765	1048.907	1136.251	1171.845
484	0	0	0	0.0488245	2.705927	56.50492	267.2939	454.8703	566.7585	629.4409	699.4011	760.1934	833.78	907.5319	970.8942	1047.05	1137.324	1171.09
484.1	0	0	0	0.0488245	2.705927	56.4361	267.2939	454.8703	567.3515	629.2233	699.1634	760.7087	832.947	907.0854	970.5765	1046.881	1136.43	1172.789
484.2	0	0	0	0.0488245	2.705927	56.64257	267.1363	454.6038	567.5491	628.788	699.2822	760.0646	831.5588	905.8948	969.9413	1046.712	1137.324	1171.656
484.3	0	0	0	0.0488245	2.705927	56.64257	267.2151	454.0709	567.7468	629.2233	699.1634	759.4205	829.0599	904.853	969.1472	1048.063	1138.397	1172.6
484.4	0	0	0	0.0488245	2.705927	56.64257	266.821	453.7156	567.5491	629.5497	699.1634	759.8069	828.7823	904.4065	969.9413	1047.05	1137.682	1173.544
484.5	0	0	0	0.0488245	2.705927	56.91787	266.7421	453.6267	567.4503	629.3321	699.1634	760.9664	828.3658	905.4483	970.1001	1047.556	1137.324	1172.6
484.6	0	0	0	0.0488245	2.705927	56.84904	266.7421	453.9821	567.1538	629.4409	699.5198	761.7393	829.4764	905.4483	969.306	1045.868	1136.072	1170.523
484.7	0	0	0	0.0488245	2.705927	56.71139	266.4268	454.2485	566.9562	629.985	699.9952	762.2546	829.4764	905.4483	968.1942	1045.361	1136.966	1172.223
484.8	0	0	0	0.0488245	2.647103	56.64257	266.0327	454.6927	567.4503	630.2027	699.6387	761.9969	828.3658	905.8948	967.8765	1044.517	1136.966	1172.6
484.9	0	0	0	0.0488245	2.647103	56.64257	266.1904	453.8932	567.2527	629.7674	699.1634	761.224	827.9493	905.7459	966.4471	1046.037	1138.218	1172.223
485	0	0	0	0.0488245	2.647103	56.78022	265.9539	453.7156	566.1656	628.2439	699.6387	760.7087	828.6435	906.1924	967.5589	1045.868	1138.218	1172.034
485.1	0	0	0	0.0488245	2.647103	56.98669	265.6386	453.1826	565.7703	628.4615	700.114	761.3528	828.5046	905.7459	966.4471	1046.712	1139.827	1171.09
485.2	0	0	0	0.0488245	2.647103	57.05552	265.3233	453.4491	566.5609	628.6791	699.9952	760.7087	827.8105	906.9365	965.4941	1047.05	1140.722	1170.523
485.3	0	0	0	0.0488245	2.705927	57.26199	265.008	452.7385	566.8574	628.0262	700.114	760.1934	828.5046	908.5736	964.3824	1046.374	1141.794	1171.467
485.4	0	0	0	0.0488245	2.705927	57.19316	264.9292	452.8273	566.462	628.1351	699.0446	759.5493	827.8105	909.0201	963.7471	1046.037	1139.112	1171.278
485.5	0	0	0	0.0488245	2.647103	57.26199	264.7715	453.1826	565.4738	629.0056	699.5198	760.3222	827.6717	908.7224	964.8589	1046.374	1140.006	1169.957
485.6	0	0	0	0.0488245	2.647103	57.05552	264.1409	452.7385	565.1774	629.2233	699.5198	761.3528	827.8105	908.4248	965.1765	1045.193	1141.258	1170.901
485.7	0	0	0	0.0488245	2.647103	56.78022	264.535	452.8273	564.6832	627.6998	700.114	760.8375	828.227	909.0201	963.9059	1044.855	1140.9	1171.656
485.8	0	0	0	0.0488245	2.647103	56.64257	264.4562	451.6726	565.4738	627.2645	700.8269	760.451	828.3658	908.8713	964.0648	1044.011	1140.006	1171.278
485.9	0	0	0	0.0488245	2.647103	56.50492	264.4562	451.4061	565.7703	627.2645	701.4211	760.1934	827.9493	909.6154	963.5883	1044.686	1140.185	1171.467
486	0	0	0	0.0488245	2.647103	56.50492	264.2986	451.4061	566.1656	626.7203	702.3716	760.0646	827.9493	910.0618	964.5412	1045.193	1139.112	1171.09
486.1	0	0	0	0.0488245	2.705927	56.64257	263.9833	450.3402	566.0668	627.2645	701.3022	759.2916	826.9776	910.5083	964.0648	1044.011	1136.609	1170.334
486.2	0	0	0	0.0488245	2.764752	56.4361	264.6927	450.5179	565.968	626.938	701.1834	758.9052	826.4223	909.913	962.4765	1043.673	1135.178	1169.579
486.3	0	0	0	0.0488245	2.764752	56.22962	264.6927	450.8732	565.375	626.0674	701.1834	758.9052	825.867	907.5319	962.953	1042.323	1136.43	1170.901
486.4	0	0	0	0.0488245	2.764752	56.1608	264.9292	451.6726	565.6714	626.1762	701.0646	758.6475	825.867	908.4248	963.9059	1042.66	1136.43	1171.467
486.5	0	0	0	0.0488245	2.764752	56.1608	265.1656	450.5179	565.4738	627.1556	700.7081	758.3899	826.0058	907.9783	962.4765	1043.842	1135.893	1171.278
486.6	0	0	0	0.0488245	2.764752	56.29845	265.2444	449.8073	565.4738	626.6115	699.6387	756.9728	825.3117	906.9365	961.0471	1043.167	1136.072	1169.768
486.7	0	0	0	0.0488245	2.705927	56.29845	265.0868	450.1626	565.8691	626.3939	699.2822	756.1998	824.0623	906.9365	960.8882	1043.673	1136.251	1169.957
486.8	0	0	0	0.0488245	2.705927	56.29845	264.7715	449.8073	565.6714	626.8292	698.4504	755.4269	823.0905	906.4901	961.3647	1041.31	1134.463	1170.334
486.9	0	0	0	0.0488245	2.705927	56.36727	265.3233	450.2514	565.968	627.1556	698.094	755.8134	821.8411	906.7877	960.5706	1039.959	1132.853	1169.201
487	0	0	0	0.0488245	2.705927	56.29845	265.0868	450.6955	565.7703	626.5027	698.4504	755.4269	821.0081	906.7877	959.7765	1039.79	1133.568	1171.467
487.1	0	0	0	0.0488245	2.705927	56.36727	265.4809	450.8732	565.6714	626.5027	698.094	755.0404	821.7023	907.6807	960.0941	1041.141	1134.641	1171.278
487.2	0	0	0	0.0488245	2.705927	56.36727	265.5598	451.5838	565.1774	626.285	697.2622	754.7828	821.7023	907.383	959.1412	1041.985	1134.999	1171.09
487.3	0	0	0	0.0488245	2.705927	56.02315	265.8751	451.6726	565.6714	626.0674	697.4998	755.6846	821.7023	907.2342	958.8235	1042.998	1135.714	1169.39
487.4	0	0	0	0.0488245	2.647103	56.29845	266.0327	451.5838	566.9562	625.9586	697.7375	755.0404	821.5634	907.6807	959.1412	1043.504	1137.86	1168.824
487.5	0	0	0	0.0488245	2.647103	56.22962	265.9539	451.4061	566.462	626.285	698.2128	754.7828	821.0081	908.1271	958.347	1043.335	1137.682	1166.747
487.6	0	0	0	0.0488245	2.647103	56.09197	266.0327	451.6726	565.6714	626.7203	697.7375	755.4269	820.8693	908.2759	958.9824	1044.011	1135.714	1167.313
487.7	0	0	0	0.0488245	2.647103	56.22962	265.7174	451.5838	565.2762	625.5233	697.6187	755.6846	821.0081	906.7877	960.0941	1045.024	1134.641	1166.935
487.8	0	0	0	0.0488245	2.647103	56.1608	265.5598	451.495	564.782	625.9586	696.5493	755.9422	821.147	906.1924	959.1412	1045.193	1133.39	1167.124
487.9	0	0	0	0.0488245	2.647103	56.50492	265.5598	451.495	564.782	626.0674	696.4304	756.7151	820.314	906.1924	959.1412	1046.037	1134.284	1168.257
488	0	0	0	0.0488245	2.647103	56.71139	265.6386	451.3173	564.3868	624.8703	695.5986	756.4575	819.8975	907.9783	960.2529	1046.037	1133.211	1167.691
488.1	0	0	0	0.0488245	2.647103	56.64257	265.2444	451.495	565.1774	624.5438	694.8857	757.1016	820.8693	907.383	961.0471	1046.205	1129.992	1167.502
488.2	0	0	0	0.0488245	2.647103	56.64257	265.1656	450.962	565.5726	623.782	695.4799	756.3287	820.7305	905.5971	961.5236	1047.387	1129.456	1167.691
488.3	0	0	0	0.0488245	2.647103	56.64257	265.008	451.2285	565.968	623.6732	694.2916	757.4881	820.8693	905.5971	961.3647	1047.556	1129.277	1167.502
488.4	0	0	0	0.0488245	2.647103	56.4361	265.1656	450.8732	565.4738	623.8909	693.5786	756.4575	821.147	905.8948	961.5236	1048.4	1130.886	1166.747
488.5	0	0	0	0.0488245	2.588278	56.50492	264.8503	450.2514	565.4738	623.782	694.1728	756.5863	821.8411	905.1506	959.6177	1047.556	1130.529	1165.802
488.6	0	0	0	0.0488245	2.529454	56.57374	264.6139	449.5408	565.8691	623.5644	695.7175	756.4575	821.4246	905.7459	958.8235	1047.556	1130.529	1167.502
488.7	0	0	0	0.0488245	2.647103	56.57374	265.1656	449.7185	565.7703	622.9115	696.1927	756.9728	820.5917	906.6389	958.347	1047.725	1129.277	1166.369
488.8	0	0	0	0.0488245	2.647103	56.50492	265.7962	449.985	565.2762	622.8027	697.381	757.4881	820.4528	906.7877	959.3	1048.738	1128.025	1167.691
488.9	0	0	0	0.0488245	2.705927	56.71139	266.5056	450.0738	565.0786	622.6938	697.9752	757.3593	820.314	906.1924	959.9353	1048.4	1128.561	1167.502
489	0	0	0	0.0488245	2.764752	56.57374	266.4268	450.1626	564.4856	623.0203	698.2128	757.3593	821.0081	905.5971	959.1412	1047.218	1129.098	1167.88
489.1	0	0	0	0.0488245	2.705927	56.50492	266.7421	450.3402	564.4856	622.3674	699.0446	758.0034	821.2858	905.1506	959.7765	1046.037	1127.846	1167.88
489.2	0	0	0	0.0488245	2.705927	56.50492	266.9786	449.8073	565.375	621.8232	698.5693	757.6169	821.0081	906.6389	959.9353	1044.855	1128.204	1166.935
489.3	0	0	0	0.0488245	2.764752	56.50492	267.3727	450.1626	565.6714	623.2379	697.9752	758.261	821.0081	906.7877	960.2529	1045.699	1129.098	1169.013
489.4	0	0	0	0.0488245	2.764752	56.71139	266.7421	449.985	565.5726	622.585	697.1434	757.8746	821.5634	906.4901	959.7765	1044.517	1128.919	1169.579
489.5	0	0	0	0.0488245	2.764752	56.50492	266.5845	449.7185	565.4738	622.6938	696.7869	759.1628	820.5917	906.0436	958.9824	1042.998	1131.065	1169.201
489.6	0	0	0	0.0488245	2.764752	56.4361	266.821	449.5408	564.9797	623.6732	696.6681	758.5187	821.2858	906.3412	959.3	1043.504	1131.423	1168.068
489.7	0	0	0	0.0488245	2.764752	56.4361	266.5845	449.7185	565.5726	624.435	696.6681	759.034	821.0081	906.1924	958.5059	1044.18	1131.78	1167.313
489.8	0	0	0	0.0488245	2.764752	56.57374	266.4268	449.7185	565.6714	623.9997	697.4998	759.8069	820.1752	907.0854	958.1882	1043.673	1132.317	1168.824
489.9	0	0	0	0.0488245	2.764752	56.84904	266.5056	449.2744	566.0668	624.2173	697.4998	760.1934	820.4528	906.7877	958.0294	1042.829	1133.568	1166.747
490	0	0	0	0.0488245	2.764752	56.98669	266.1115	449.0079	565.7703	624.5438	697.2622	760.3222	821.7023	906.0436	958.0294	1042.323	1132.853	1167.88
490.1	0	0	0	0.0488245	2.764752	56.84904	266.4268	448.8302	565.375	623.6732	696.9057	760.0646	822.674	904.5554	958.0294	1041.31	1131.423	1167.502
490.2	0	0	0	0.0488245	2.764752	56.98669	266.2692	448.6526	565.2762	623.3467	696.5493	759.8069	821.9799	904.5554	957.0765	1042.154	1131.78	1167.691
490.3	0	0	0	0.0488245	2.764752	56.98669	266.1115	448.3861	565.7703	623.2379	696.3116	758.9052	823.2293	905.5971	957.5529	1040.634	1130.707	1166.935
490.4	0	0	0	0.0488245	2.764752	57.12434	266.1904	448.3861	566.0668	623.2379	696.1927	758.3899	823.0905	905.5971	957.7118	1040.634	1131.78	1165.991
490.5	0	0	0	0.0488245	2.823576	56.98669	266.1904	448.6526	565.6714	622.0409	696.074	757.8746	822.674	905.8948	957.3941	1040.972	1131.959	1164.858
490.6	0	0	0	0.0488245	2.823576	57.05552	265.7962	448.5638	564.9797	622.6938	695.9551	758.5187	821.8411	905.8948	956.7589	1040.634	1131.78	1164.481
490.7	0	0	0	0.0488245	2.823576	56.91787	265.5598	448.919	565.4738	622.6938	695.0045	758.5187	821.2858	905.4483	956.2823	1040.634	1131.244	1165.047
490.8	0	0	0	0.0488245	2.882401	56.84904	265.6386	449.6296	564.6832	622.0409	695.0045	757.7457	820.0364	905.2994	958.0294	1041.816	1131.244	1164.103
490.9	0	0	0	0.0488245	2.882401	56.91787	265.4809	449.5408	564.782	622.1497	695.7175	756.7151	819.7587	906.7877	955.8058	1043.504	1131.78	1163.159
491	0	0	0	0.0488245	2.882401	56.57374	265.6386	449.6296	564.6832	621.7144	695.1234	756.071	818.6481	906.0436	955.3294	1042.829	1131.423	1162.404
491.1	0	0	0	0.0488245	2.882401	56.4361	266.1904	449.7185	564.0903	622.3674	694.5292	755.6846	819.6199	906.0436	955.3294	1042.998	1132.138	1162.026
491.2	0	0	0	0.0488245	2.882401	56.50492	266.5056	448.8302	563.2997	621.7144	694.2916	755.5557	819.7587	905.8948	954.8529	1040.803	1133.032	1160.893
491.3	0	0	0	0.0488245	2.882401	56.57374	266.7421	448.5638	562.5091	620.9526	693.9351	756.1998	819.3422	905.8948	954.5353	1040.297	1133.211	1161.271
491.4	0	0	0	0.0488245	2.882401	56.36727	266.6633	448.5638	562.2126	621.6056	694.7669	755.2981	818.9258	905.2994	954.0588	1040.634	1132.317	1162.026
491.5	0	0	0	0.0488245	2.941225	56.71139	266.7421	448.2973	561.9161	621.0615	694.7669	755.5557	818.0928	905.5971	953.7411	1041.985	1131.959	1162.404
491.6	0	0	0	0.0488245	2.941225	56.64257	266.348	448.919	561.8173	620.8438	694.7669	755.9422	817.5375	905.1506	953.9	1041.31	1130.707	1162.404
491.7	0	0	0	0.0488245	2.941225	56.78022	266.1115	449.0967	561.8173	620.9526	694.8857	755.4269	817.6763	905.1506	955.0118	1040.803	1127.31	1162.593
491.8	0	0	0	0.0488245	2.882401	56.84904	266.1904	449.3632	561.422	620.9526	694.8857	756.071	816.8434	904.7042	954.5353	1041.141	1126.058	1161.648
491.9	0	0	0	0.0488245	2.882401	56.84904	265.7962	449.3632	560.9279	620.8438	695.0045	756.3287	815.8716	905.0018	955.1706	1040.465	1124.627	1161.459
492	0	0	0	0.0488245	2.941225	57.19316	265.9539	449.0079	560.5326	620.6262	695.4799	756.5863	816.1493	906.1924	954.5353	1040.972	1124.091	1161.459
492.1	0	0	0	0.0488245	2.941225	57.26199	265.7962	448.919	560.4338	620.1909	695.5986	756.844	816.4269	906.6389	955.1706	1040.634	1125.521	1162.404
492.2	0	0	0	0.0488245	2.941225	56.91787	265.6386	449.8073	560.5326	619.4291	694.8857	755.8134	815.3163	906.3412	956.4412	1039.284	1123.912	1162.026
492.3	0	0	0	0.0488245	2.941225	57.19316	265.7962	450.2514	560.4338	619.8644	695.0045	755.1693	814.3445	906.9365	957.2353	1039.79	1123.018	1162.593
492.4	0	0	0	0.0488245	2.941225	57.26199	265.7962	450.3402	560.1373	619.3203	695.361	754.7828	814.8998	906.9365	958.347	1038.608	1122.481	1162.404
492.5	0	0	0	0.0488245	2.941225	57.39964	266.1115	450.2514	560.2361	619.5379	695.1234	754.6539	814.2057	905.7459	957.7118	1038.608	1123.018	1160.515
492.6	0	0	0	0.0488245	2.941225	57.12434	266.4268	449.5408	559.8408	619.5379	694.5292	753.4945	814.761	905.7459	957.7118	1038.271	1121.766	1160.138
492.7	0	0	0	0.0488245	2.941225	56.84904	266.5056	449.0079	560.0385	619.3203	695.2422	754.9116	815.0387	905.2994	956.6	1037.595	1123.197	1159.76
492.8	0	0	0	0.0488245	2.941225	56.84904	266.5056	448.7414	559.3467	619.8644	694.5292	754.6539	815.4551	904.4065	956.6	1037.427	1122.303	1161.648
492.9	0	0	0	0.0488245	2.941225	56.71139	266.4268	448.7414	558.7538	619.6467	693.5786	755.1693	815.1775	904.2577	957.8706	1037.764	1121.587	1162.215
493	0	0	0	0.0488245	2.941225	56.57374	266.4268	448.1196	559.0502	620.082	693.5786	755.1693	815.3163	904.1089	958.1882	1036.751	1120.336	1160.704
493.1	0	0	0	0.0488245	2.941225	56.78022	267.0574	448.2085	558.9514	619.6467	692.5092	755.0404	814.761	905.0018	957.5529	1038.946	1120.157	1158.627
493.2	0	0	0	0.0488245	2.941225	56.84904	267.0574	448.2085	558.9514	619.9732	693.9351	754.7828	814.4834	906.0436	958.347	1039.115	1119.799	1159.005
493.3	0	0	0	0.0488245	2.941225	56.71139	267.0574	448.1196	559.149	618.9938	694.054	755.1693	815.0387	905.8948	958.9824	1039.453	1122.303	1158.438
493.4	0	0	0	0.0488245	2.941225	56.78022	267.5304	448.1196	558.9514	618.3408	694.054	755.6846	815.3163	905.8948	957.7118	1039.284	1121.766	1157.117
493.5	0	0	0	0.0488245	2.941225	56.64257	268.0822	448.919	558.4573	618.0143	694.1728	756.844	815.8716	905.7459	958.347	1039.453	1120.514	1157.117
493.6	0	0	0	0.0488245	2.941225	56.57374	268.3974	449.5408	558.2596	618.6673	694.2916	756.7151	817.6763	905.2994	957.8706	1038.44	1120.514	1155.984
493.7	0	0	0	0.0488245	2.941225	56.64257	268.4763	449.3632	558.4573	618.6673	694.2916	756.071	818.2316	904.5554	958.347	1039.453	1118.368	1155.984
493.8	0	0	0	0.0488245	2.941225	56.64257	268.8704	449.8073	559.0502	618.9938	695.0045	756.3287	818.7869	906.3412	958.5059	1040.634	1119.978	1157.683
493.9	0	0	0	0.0488245	2.941225	56.78022	268.9492	449.7185	559.4455	618.8849	693.8163	756.7151	818.6481	905.7459	957.2353	1041.647	1120.157	1157.494
494	0	0	0	0.0488245	2.941225	57.05552	269.028	450.2514	559.2479	618.5585	694.054	756.9728	817.5375	906.1924	956.2823	1040.803	1120.693	1159.571
494.1	0	0	0	0.0488245	2.941225	56.91787	269.8163	449.985	559.3467	617.7967	694.6481	756.4575	816.8434	905.8948	956.6	1042.829	1122.124	1158.438
494.2	0	0	0	0.0488245	3.00005	56.91787	270.2104	450.6955	559.0502	617.579	693.2222	757.1016	817.2599	906.0436	956.4412	1042.491	1121.945	1157.683
494.3	0	0	0	0.0488245	3.00005	56.71139	270.368	449.7185	558.4573	617.2526	693.341	757.8746	817.8152	906.0436	956.9177	1041.647	1121.23	1157.117
494.4	0	0	0	0.0488245	3.00005	56.71139	270.2892	449.1855	559.0502	617.2526	692.1528	756.3287	818.3705	907.8295	957.0765	1041.985	1120.693	1157.305
494.5	0	0	0	0.0488245	3.00005	56.71139	270.2104	449.0079	559.3467	616.9261	692.9845	755.6846	818.2316	908.4248	957.3941	1041.985	1121.766	1158.061
494.6	0	0	0	0.0488245	3.00005	56.57374	270.2892	448.5638	559.149	616.8173	693.2222	755.0404	819.2034	906.9365	958.0294	1041.816	1121.766	1158.438
494.7	0	0	0	0.0488245	3.00005	56.50492	270.7622	448.3861	559.5444	616.5997	692.8657	755.0404	819.6199	906.7877	958.0294	1041.647	1121.051	1159.005
494.8	0	0	0	0.0488245	2.941225	56.57374	270.9198	448.2085	560.9279	616.8173	692.5092	754.5251	819.3422	906.4901	957.3941	1041.816	1121.408	1157.683
494.9	0	0	0	0.0488245	2.882401	56.57374	270.5257	447.409	561.0267	616.9261	692.7469	754.1387	820.0364	905.5971	956.7589	1042.323	1119.978	1159.76
495	0	0	0	0.0488245	3.00005	56.64257	270.2104	447.6755	561.3232	616.7085	693.4598	754.2675	820.5917	906.4901	957.0765	1041.31	1120.157	1158.25
495.1	0	0	0	0.0488245	3.00005	56.71139	269.9739	447.2314	560.829	616.7085	692.9845	754.1387	819.2034	904.7042	956.4412	1040.297	1121.051	1157.305
495.2	0	0	0	0.0488245	3.00005	56.64257	270.2892	447.2314	560.9279	615.8379	693.8163	753.881	818.3705	904.853	955.4882	1039.115	1121.945	1157.872
495.3	0	0	0	0.0488245	3.00005	56.98669	270.9198	447.409	561.6197	616.0555	692.3904	753.7522	817.5375	904.7042	955.9647	1038.946	1121.408	1158.816
495.4	0	0	0	0.0488245	3.00005	56.98669	271.0775	447.5867	561.5208	616.5997	692.7469	753.7522	818.5093	903.3647	956.7589	1039.115	1120.693	1158.627
495.5	0	0	0	0.0488245	3.00005	56.84904	270.7622	447.3202	561.7185	616.5997	691.7963	754.0098	817.3987	903.8112	957.7118	1038.946	1119.084	1158.061
495.6	0	0	0	0.0488245	3.00005	56.84904	270.6833	447.0537	561.7185	616.5997	691.321	754.9116	816.2881	903.96	959.4589	1039.115	1118.19	1156.172
495.7	0	0	0	0.0488245	3.00005	56.91787	271.3928	446.7873	561.8173	616.2732	691.5586	753.881	815.594	902.323	958.9824	1039.453	1118.726	1156.361
495.8	0	0	0	0.0488245	3.00005	56.78022	271.9445	446.6984	561.2244	616.382	691.321	753.3657	816.8434	903.96	958.9824	1038.271	1119.084	1155.417
495.9	0	0	0	0.0488245	3.00005	56.84904	272.654	446.8761	560.5326	615.1849	691.0833	752.3351	816.2881	903.3647	959.1412	1038.946	1118.19	1154.662
496	0	0	0	0.0488245	3.058874	56.71139	272.0234	446.9649	560.7302	614.7496	691.6774	752.7216	816.5657	903.5135	958.6647	1038.44	1119.263	1154.284
496.1	0	0	0	0.0488245	3.058874	56.78022	271.9445	447.2314	560.1373	615.8379	691.5586	751.8198	817.3987	902.9183	957.8706	1040.128	1120.157	1154.473
496.2	0	0	0	0.0488245	3.058874	56.84904	271.6292	448.2085	559.8408	616.0555	692.1528	751.9486	816.2881	900.9836	956.7589	1038.777	1119.978	1153.34
496.3	0	0	0	0.0488245	3.058874	56.98669	271.7081	448.4749	559.9396	617.1438	692.2715	752.8504	816.7046	901.2812	957.0765	1037.764	1120.336	1154.473
496.4	0	0	0	0.0488245	3.058874	56.98669	271.7869	448.3861	560.0385	616.0555	691.9151	752.5928	816.1493	900.8347	956.2823	1037.764	1121.23	1153.718
496.5	0	0	0	0.0488245	3.058874	56.98669	271.7869	448.8302	559.4455	615.0761	690.9645	754.1387	815.1775	899.793	955.4882	1035.907	1121.587	1152.207
496.6	0	0	0	0.0488245	3.058874	57.19316	272.0234	448.919	559.4455	615.9467	691.5586	754.7828	815.3163	899.6442	955.647	1035.232	1121.23	1153.529
496.7	0	0	0	0.0488245	3.058874	57.26199	271.6292	448.5638	559.4455	615.2938	691.2021	754.7828	814.2057	899.793	956.2823	1036.751	1120.157	1154.284
496.8	0	0	0	0.0488245	3.117699	57.26199	271.4716	449.0967	559.5444	614.2055	691.0833	755.0404	814.761	899.4953	955.9647	1037.764	1121.051	1154.662
496.9	0	0	0	0.0488245	3.117699	57.05552	271.2351	449.3632	559.149	613.879	690.7269	754.2675	814.8998	900.0906	957.7118	1035.907	1120.514	1154.284
497	0	0	0	0.0488245	3.117699	57.26199	270.9198	449.0079	559.3467	613.7702	689.6574	754.3963	815.1775	899.1976	956.6	1035.401	1120.514	1153.34
497.1	0	0	0	0.09764901	3.117699	57.33081	270.7622	449.0967	558.2596	613.9879	689.5386	754.6539	814.761	900.2394	956.9177	1034.05	1119.799	1153.906
497.2	0	0	0	0.09764901	3.058874	57.46846	270.841	448.6526	557.9631	615.0761	689.8951	754.3963	814.2057	899.1976	955.8058	1034.894	1119.978	1152.962
497.3	0	0	0	0.09764901	3.058874	57.53728	271.0775	448.2085	557.7655	614.532	689.8951	754.0098	813.2339	898.1559	956.4412	1036.076	1120.157	1152.396
497.4	0	0	0	0.09764901	3.058874	57.46846	270.9198	447.3202	557.5679	613.9879	690.2515	754.9116	813.9281	899.9418	956.9177	1035.569	1120.336	1153.529
497.5	0	0	0	0.09764901	3.058874	57.53728	270.6045	447.1425	557.8643	614.0967	690.8457	755.4269	813.3728	899.1976	955.9647	1035.063	1119.978	1152.774
497.6	0	0	0	0.09764901	3.058874	57.46846	270.9198	447.1425	557.6667	613.879	691.0833	755.2981	813.2339	899.793	955.0118	1034.557	1120.872	1151.263
497.7	0	0	0	0.09764901	3.058874	57.53728	271.3139	446.6984	557.4691	614.0967	690.7269	755.1693	813.5116	899.9418	955.0118	1033.037	1120.872	1152.018
497.8	0	0	0	0.09764901	3.058874	57.39964	271.4716	447.0537	557.1725	614.2055	690.0139	754.3963	813.5116	900.5371	955.0118	1032.699	1118.905	1151.074
497.9	0	0	0	0.09764901	3.058874	57.46846	271.5504	447.4979	557.4691	614.8585	690.3704	754.9116	811.8457	902.6206	955.3294	1032.699	1120.514	1150.885
498	0	0	0	0.09764901	3.058874	57.81258	271.2351	448.2973	556.7773	614.0967	690.608	754.2675	810.5963	901.7277	954.0588	1032.362	1120.157	1150.508
498.1	0	0	0	0.09764901	3.058874	57.81258	270.841	448.4749	555.6902	615.0761	691.6774	753.4945	811.2904	902.323	955.0118	1031.011	1119.799	1150.885
498.2	0	0	0	0.09764901	3.058874	57.67493	270.6833	448.3861	555.8878	615.6202	690.8457	753.3657	810.874	902.1741	955.9647	1031.518	1119.441	1149.752
498.3	0	0	0	0.09764901	3.00005	57.60611	270.9198	448.6526	555.789	615.6202	691.2021	753.4945	811.9846	901.4301	958.347	1031.349	1117.117	1149.375
498.4	0	0	0	0.09764901	2.941225	57.33081	271.1563	449.452	556.7773	615.4026	690.1328	753.7522	812.1234	901.5789	958.0294	1031.687	1117.474	1149.375
498.5	0	0	0	0.09764901	3.058874	57.19316	271.0775	449.7185	556.9749	615.5114	690.1328	753.2369	810.5963	902.1741	958.0294	1031.855	1118.726	1148.242
498.6	0	0	0	0.09764901	3.058874	57.05552	270.7622	449.7185	557.2714	615.6202	690.4892	752.9792	810.4575	903.2159	957.2353	1033.712	1119.263	1148.997
498.7	0	0	0	0.09764901	3.00005	57.19316	271.1563	449.2744	557.2714	615.4026	690.9645	752.7216	809.6245	901.4301	955.9647	1034.894	1119.441	1150.697
498.8	0	0	0	0.09764901	3.00005	57.33081	270.6833	449.0079	557.8643	615.6202	691.321	751.9486	808.9304	902.4718	955.9647	1034.894	1117.474	1148.808
498.9	0	0	0	0.09764901	3.00005	57.46846	270.6833	449.0967	558.1608	615.2938	690.3704	750.4028	808.3751	901.8765	955.3294	1034.894	1118.19	1148.431
499	0	0	0	0.09764901	3.00005	57.39964	270.6045	448.3861	557.7655	616.5997	690.8457	749.8875	808.9304	902.0253	955.647	1033.712	1117.653	1148.053
499.1	0	0	0	0.09764901	3.00005	57.39964	271.2351	448.6526	557.2714	616.5997	689.7762	749.8875	808.9304	901.4301	955.647	1034.05	1117.474	1148.053
499.2	0	0	0	0.09764901	3.00005	57.67493	271.1563	448.2085	557.2714	616.5997	689.0633	748.8569	810.041	901.4301	955.647	1033.206	1117.296	1147.487
499.3	0	0	0	0.09764901	3.00005	57.67493	271.6292	448.2973	556.9749	616.0555	688.1127	748.3416	811.0128	901.2812	955.647	1032.193	1117.653	1148.808
499.4	0	0	0	0.09764901	3.058874	57.67493	272.1022	448.1196	556.9749	616.2732	689.301	749.3721	810.041	899.793	955.8058	1029.323	1116.759	1147.864
499.5	0	0	0	0.09764901	3.058874	57.67493	272.1022	448.1196	557.3702	616.2732	688.588	749.7586	811.2904	899.1976	955.9647	1029.492	1115.328	1148.431
499.6	0	0	0	0.09764901	3.058874	57.81258	272.2598	448.919	556.9749	617.579	688.1127	748.2127	811.7069	899.1976	955.647	1028.141	1114.971	1150.319
499.7	0	0	0	0.09764901	3.058874	57.74376	272.4175	448.1196	557.1725	617.6879	686.8057	748.8569	810.5963	898.6024	955.647	1028.985	1113.182	1151.263
499.8	0	0	0	0.09764901	3.117699	57.60611	272.2598	448.0308	557.6667	617.2526	686.8057	748.5992	810.5963	898.0071	956.1235	1030.167	1111.394	1151.641
499.9	0	0	0	0.09764901	3.117699	57.53728	272.3387	448.2973	557.7655	616.7085	687.7562	749.6298	811.0128	897.7094	956.9177	1030.674	1111.215	1149.941
500	0	0	0	0.09764901	3.117699	57.39964	272.0234	448.6526	557.3702	615.7291	687.6374	749.8875	811.0128	899.0488	956.6	1030.842	1111.752	1150.508
500.1	0	0	0	0.0488245	3.117699	57.39964	271.9445	448.7414	557.8643	616.0555	687.1621	749.6298	810.1798	898.6024	955.4882	1031.687	1110.679	1151.263
500.2	0	0	0	0.0488245	3.117699	57.60611	272.2598	448.4749	557.1725	615.1849	687.1621	750.0163	809.7634	897.2629	955.647	1032.193	1110.679	1151.452
500.3	0	0	0	0.0488245	3.117699	57.39964	272.5751	448.2085	557.4691	614.7496	687.6374	749.6298	810.1798	896.2212	955.3294	1034.219	1110.679	1151.641
500.4	0	0	0	0.0488245	3.117699	57.39964	272.3387	447.7643	557.8643	614.8585	688.3503	749.8875	810.041	896.5188	954.5353	1034.219	1112.11	1151.641
500.5	0	0	0	0.0488245	3.117699	57.46846	272.654	447.2314	557.3702	614.9673	689.8951	749.3721	810.4575	897.2629	956.1235	1034.557	1110.858	1152.018
500.6	0	0	0	0.0488245	3.117699	57.39964	272.0234	447.2314	557.6667	615.1849	689.5386	750.6604	810.874	897.1141	957.2353	1035.232	1110.679	1151.074
500.7	0	0	0	0.0488245	3.117699	57.46846	272.181	448.3861	557.7655	613.7702	689.8951	750.7892	811.5681	896.0723	955.8058	1035.063	1110.858	1151.263
500.8	0	0	0	0.0488245	3.117699	57.53728	272.4175	448.3861	557.6667	613.9879	690.0139	751.3045	810.4575	894.7329	954.0588	1034.557	1109.606	1151.263
500.9	0	0	0	0.0488245	3.117699	57.53728	272.4963	448.5638	557.9631	613.5526	690.2515	751.5622	810.3187	893.9888	953.1058	1034.05	1109.964	1151.452
501	0	0	0	0.0488245	3.176523	57.53728	272.3387	449.452	557.6667	613.5526	690.4892	751.3045	809.9022	895.0306	952.7882	1033.712	1110.679	1150.697
501.1	0	0	0	0.0488245	3.176523	57.26199	272.3387	449.2744	557.2714	613.5526	690.2515	751.1757	809.4857	895.7747	952.947	1032.362	1111.931	1149.752
501.2	0	0	0	0.0488245	3.176523	57.26199	271.7869	449.2744	556.4808	613.5526	689.8951	750.7892	810.041	895.3282	951.8353	1032.531	1110.679	1150.13
501.3	0	0	0	0.0488245	3.176523	57.46846	271.9445	449.3632	555.9867	613.4437	689.8951	750.6604	808.7916	895.0306	950.8823	1031.855	1111.394	1149.564
501.4	0	0	0	0.0488245	3.176523	57.46846	271.8657	448.7414	555.5914	612.8996	688.7068	749.6298	807.9586	894.8818	951.5176	1032.699	1110.858	1149.186
501.5	0	0	0	0.0488245	3.176523	57.67493	271.8657	447.8531	555.6902	612.3555	688.9445	748.8569	807.5422	894.2864	951.3588	1032.531	1111.394	1148.808
501.6	0	0	0	0.0488245	3.176523	57.60611	271.9445	447.7643	555.789	612.1378	689.4198	748.2127	807.5422	894.8818	950.0882	1031.687	1111.037	1148.242
501.7	0	0	0	0.0488245	3.176523	57.60611	271.7869	447.1425	555.9867	611.1584	688.3503	747.5686	807.2645	894.8818	949.6117	1031.687	1112.288	1149.564
501.8	0	0	0	0.0488245	3.176523	57.74376	271.8657	446.5208	555.9867	610.7231	688.2315	747.0533	807.2645	894.1376	949.9294	1031.18	1111.394	1149.752
501.9	0	0	0	0.0488245	3.176523	57.53728	272.1022	446.8761	555.789	611.0496	688.2315	746.538	806.9869	893.5424	949.6117	1031.855	1110.858	1148.997
502	0	0	0	0.0488245	3.176523	57.60611	271.6292	446.3431	555.2949	610.2878	689.0633	747.1821	807.8198	892.947	950.7235	1031.18	1111.037	1150.885
502.1	0	0	0	0.0488245	3.176523	57.46846	271.5504	446.2543	554.8008	609.6349	688.9445	747.1821	806.7092	893.2447	950.0882	1031.18	1110.5	1151.263
502.2	0	0	0	0.0488245	3.058874	57.46846	271.2351	445.8102	555.2949	610.0702	689.301	747.0533	806.4316	893.3935	950.7235	1030.336	1109.07	1152.018
502.3	0	0	0	0.0488245	3.058874	57.46846	271.2351	445.5437	554.9984	610.5055	689.6574	748.2127	806.2927	893.0959	951.9941	1029.998	1109.427	1150.508
502.4	0	0	0	0.0488245	3.058874	57.46846	271.4716	444.9219	554.4055	610.9408	690.608	749.2433	806.7092	893.2447	952.3117	1029.661	1108.712	1149.752
502.5	0	0	0	0.0488245	3.058874	57.46846	270.9987	445.5437	554.109	611.3761	691.4398	748.8569	807.9586	892.6494	951.6765	1028.817	1108.533	1149.752
502.6	0	0	0	0.0488245	3.117699	57.60611	271.0775	445.4549	554.109	611.4849	690.0139	747.5686	806.848	893.2447	950.8823	1029.323	1108.175	1149.564
502.7	0	0	0	0.0488245	3.117699	57.60611	270.9987	445.1884	554.0102	612.4643	689.301	747.311	806.848	892.3517	949.4529	1028.817	1107.997	1149.186
502.8	0	0	0	0.0488245	3.117699	57.53728	271.0775	445.4549	553.7137	613.3349	689.0633	746.6668	806.9869	891.1611	948.6588	1028.31	1106.745	1148.62
502.9	0	0	0	0.0488245	3.117699	57.46846	270.5257	444.8331	554.5043	614.2055	689.5386	745.7651	806.848	891.1611	948.6588	1028.817	1104.957	1148.053
503	0	0	0	0.0488245	3.058874	57.53728	269.7375	445.0108	554.8996	615.2938	690.0139	746.6668	807.1257	891.4588	949.4529	1029.661	1105.493	1148.431
503.1	0	0	0	0.0488245	3.058874	57.39964	269.3433	444.9219	554.702	615.5114	689.5386	747.4398	809.0692	892.3517	949.7706	1028.817	1106.208	1147.675
503.2	0	0	0	0.0488245	3.058874	57.33081	268.6339	445.0996	553.5161	614.9673	690.1328	748.2127	808.9304	892.947	948.6588	1028.817	1106.745	1148.431
503.3	0	0	0	0.0488245	3.117699	57.19316	269.028	445.6325	553.4172	614.0967	689.5386	746.9245	807.9586	893.0959	949.4529	1028.817	1106.924	1148.431
503.4	0	0	0	0.0488245	3.176523	57.26199	269.5798	446.432	553.8125	613.9879	688.3503	746.2803	807.5422	892.3517	948.4999	1029.661	1107.818	1150.13
503.5	0	0	0	0.0488245	3.117699	57.26199	269.7375	446.3431	553.8125	613.9879	687.6374	746.1516	806.848	891.7564	948.6588	1028.985	1106.03	1148.62
503.6	0	0	0	0.0488245	3.117699	57.46846	269.6586	446.1655	554.702	613.7702	687.6374	744.8633	807.681	892.0541	949.6117	1028.817	1106.387	1147.109
503.7	0	0	0	0.0488245	3.176523	57.39964	269.501	447.1425	554.3066	614.4232	687.1621	745.6362	806.4316	891.6076	948.6588	1027.972	1107.103	1147.109
503.8	0	0	0	0.0488245	3.176523	57.26199	269.2645	446.6984	554.3066	614.9673	686.2115	745.3786	806.848	889.9705	948.3411	1027.972	1107.46	1145.787
503.9	0	0	0	0.0488245	3.117699	57.33081	268.7127	446.0767	554.5043	614.6408	687.0433	745.1209	807.8198	889.6729	948.0235	1028.31	1108.354	1145.598
504	0	0	0	0.0488245	3.117699	57.26199	268.8704	446.3431	554.8008	614.8585	687.6374	745.8939	807.1257	890.8635	947.8646	1028.31	1108.175	1145.409
504.1	0	0	0	0.0488245	3.117699	57.26199	268.7127	446.2543	554.9984	614.6408	687.7562	746.0227	807.8198	891.0123	948.0235	1026.622	1107.818	1146.165
504.2	0	0	0	0.0488245	3.117699	57.12434	268.8704	446.0767	554.5043	614.9673	687.7562	746.2803	807.9586	891.0123	947.2294	1026.284	1107.281	1146.354
504.3	0	0	0	0.0488245	3.117699	56.91787	268.7127	445.9879	554.3066	615.5114	686.9244	747.1821	806.9869	892.2029	947.0706	1025.609	1107.997	1145.976
504.4	0	0	0	0.0488245	3.117699	56.4361	269.028	446.432	554.3066	614.532	686.8057	749.1145	805.321	891.3099	948.0235	1025.271	1109.07	1146.354
504.5	0	0	0	0.0488245	3.117699	56.64257	269.501	446.2543	553.9114	614.7496	687.2809	749.1145	805.7374	891.1611	948.1823	1026.959	1109.427	1148.242
504.6	0	0	0	0.0488245	3.117699	56.71139	269.8163	445.8102	553.9114	614.6408	686.568	749.1145	806.1539	892.0541	947.7058	1026.453	1108.533	1148.62
504.7	0	0	0	0.0488245	3.117699	56.57374	269.8163	445.7214	555.196	614.9673	685.6174	749.501	806.0151	892.7982	947.2294	1025.609	1107.639	1150.13
504.8	0	0	0	0.0488245	3.117699	56.57374	269.4221	445.1884	554.2078	615.6202	685.3798	750.5316	805.0433	893.6912	947.3882	1024.089	1106.745	1149.564
504.9	0	0	0	0.0488245	3.117699	56.64257	269.8163	445.2773	553.9114	615.1849	684.7856	750.5316	806.2927	894.8818	946.5941	1024.934	1107.997	1148.808
505	0	0	0	0.0488245	3.117699	56.50492	270.1316	444.7443	554.0102	613.879	685.0233	751.1757	806.9869	894.2864	945.9587	1024.596	1108.354	1146.92
505.1	0	0	0	0.0488245	3.117699	56.50492	270.4469	445.0996	553.5161	613.879	685.3798	750.1451	807.1257	894.1376	945.9587	1024.427	1109.07	1147.109
505.2	0	0	0	0.0488245	3.117699	56.4361	269.4221	445.5437	553.8125	614.0967	685.6174	749.1145	806.9869	894.8818	944.847	1025.271	1109.427	1146.731
505.3	0	0	0	0.0488245	3.235348	56.78022	269.8951	445.6325	554.0102	614.2055	684.3103	749.3721	806.4316	894.7329	945.3235	1026.284	1108.533	1147.109
505.4	0	0	0	0.0488245	3.235348	56.84904	269.8951	445.899	554.3066	613.9879	685.2609	749.7586	805.5986	894.8818	945.0058	1027.297	1109.248	1147.675
505.5	0	0	0	0.0488245	3.235348	56.91787	270.2104	445.8102	554.3066	614.3143	684.6668	749.501	805.1821	894.7329	944.847	1025.609	1108.712	1146.92
505.6	0	0	0	0.0488245	3.117699	56.64257	269.9739	445.2773	553.7137	614.3143	684.3103	747.6974	804.2104	895.0306	944.6882	1024.765	1106.745	1146.542
505.7	0	0	0	0.0488245	3.117699	56.50492	269.501	445.7214	552.9231	614.3143	684.4291	747.6974	803.9327	894.8818	943.894	1024.089	1106.387	1145.976
505.8	0	0	0	0.0488245	3.058874	56.36727	269.8951	445.6325	553.0219	614.532	684.9045	746.7957	803.0998	894.4353	943.4175	1024.596	1106.208	1145.032
505.9	0	0	0	0.0488245	3.058874	56.36727	269.6586	445.899	552.1325	614.0967	685.3798	746.538	803.0998	893.3935	943.0999	1023.752	1106.208	1146.354
506	0	0	0	0.0488245	3.117699	56.4361	269.8951	446.0767	552.0337	613.4437	684.548	747.0533	804.6268	892.3517	944.5294	1023.245	1104.063	1145.976
506.1	0	0	0	0.0488245	3.117699	56.50492	270.2104	445.9879	551.4407	612.7908	683.835	746.7957	805.4598	892.3517	945.0058	1023.245	1104.063	1144.465
506.2	0	0	0	0.0488245	3.058874	56.64257	269.8163	445.8102	551.3419	612.6819	681.9338	745.7651	804.7657	894.1376	945.9587	1021.895	1104.42	1145.221
506.3	0	0	0	0.0488245	3.00005	56.29845	269.7375	446.0767	551.1443	613.5526	683.7162	745.5074	806.0151	893.9888	944.847	1021.219	1105.851	1144.465
506.4	0	0	0	0.0488245	3.00005	56.57374	269.9739	445.2773	550.2548	612.8996	684.4291	745.8939	805.8763	892.947	945.0058	1020.206	1104.241	1143.521
506.5	0	0	0	0.0488245	2.941225	56.98669	269.1069	444.5667	549.6619	612.6819	684.3103	746.6668	804.6268	892.2029	946.2764	1021.051	1104.599	1142.388
506.6	0	0	0	0.0488245	2.941225	56.91787	269.1857	444.0337	549.2666	613.1172	682.7656	746.2803	804.0715	891.4588	945.9587	1019.025	1104.957	1142.766
506.7	0	0	0	0.0488245	2.941225	57.05552	269.1857	444.5667	549.4642	614.0967	683.835	745.8939	803.7939	890.7147	946.2764	1019.7	1104.599	1144.276
506.8	0	0	0	0.0488245	2.941225	57.19316	269.3433	444.7443	548.476	614.3143	683.5974	745.6362	803.6551	890.2682	945.9587	1017.505	1105.314	1144.654
506.9	0	0	0	0.0488245	2.941225	57.26199	269.6586	444.4778	548.6736	613.6614	682.1715	745.6362	802.5445	890.2682	945.4823	1019.025	1105.314	1144.654
507	0	0	0	0.0488245	2.941225	57.19316	269.7375	444.1225	548.1795	612.4643	681.4586	744.8633	802.128	890.8635	944.0529	1017.336	1105.314	1145.598
507.1	0	0	0	0.0488245	2.941225	57.12434	269.7375	443.3231	548.0807	612.5731	681.1021	744.7344	802.8221	891.9053	943.0999	1018.687	1104.778	1144.465
507.2	0	0	0	0.0488245	2.941225	57.12434	270.0528	444.2114	548.2784	612.2466	680.8644	744.4768	804.3492	892.3517	942.9411	1019.7	1103.705	1144.088
507.3	0	0	0	0.0488245	2.941225	56.91787	269.8951	444.3002	548.476	612.6819	680.6268	745.8939	804.488	891.7564	943.2587	1020.206	1105.314	1143.71
507.4	0	0	0	0.0488245	2.941225	56.71139	270.0528	444.9219	548.8713	612.6819	680.6268	745.3786	805.0433	891.0123	942.4646	1020.544	1104.241	1145.032
507.5	0	0	0	0.0488245	2.941225	56.57374	270.1316	445.0108	549.069	612.6819	680.8644	744.9921	804.3492	890.7147	944.2117	1018.687	1104.241	1144.088
507.6	0	0	0	0.0488245	2.941225	56.4361	269.8163	444.5667	549.8596	612.029	680.5079	745.6362	804.488	890.5659	942.9411	1020.882	1105.314	1145.976
507.7	0	0	0	0.0488245	3.00005	56.50492	270.0528	444.0337	550.0572	612.2466	681.6962	744.9921	805.321	890.5659	942.6234	1020.713	1105.672	1145.032
507.8	0	0	0	0.0488245	3.00005	56.64257	270.2104	443.7672	549.4642	612.029	680.7456	743.9615	805.5986	891.3099	941.3528	1021.388	1105.493	1144.465
507.9	0	0	0	0.0488245	3.00005	56.57374	269.9739	443.7672	548.3772	611.7026	681.6962	743.8327	805.8763	892.2029	941.8293	1020.882	1106.566	1143.332
508	0	0	0	0.0488245	2.823576	57.12434	269.6586	443.3231	548.1795	611.7026	682.2903	743.0598	806.4316	893.0959	939.9234	1021.388	1108.354	1144.276
508.1	0	0	0	0.0488245	2.823576	57.12434	269.7375	442.0796	547.9819	611.7026	681.1021	743.4462	806.1539	893.5424	939.447	1022.064	1107.103	1144.465
508.2	0	0	0	0.0488245	2.764752	56.98669	269.501	441.1913	547.7842	611.5938	681.4586	744.2192	806.1539	892.947	939.1293	1022.232	1105.135	1143.332
508.3	0	0	0	0.0488245	2.764752	56.98669	269.4221	440.6584	547.3889	611.3761	681.5774	745.5074	807.5422	892.5005	938.6528	1020.375	1105.314	1143.71
508.4	0	0	0	0.0488245	2.764752	57.12434	269.501	440.836	548.2784	611.2673	681.9338	745.7651	809.2081	892.0541	938.6528	1021.726	1105.493	1143.521
508.5	0	0	0	0.0488245	2.764752	57.12434	269.8163	440.4807	548.1795	610.5055	682.0527	744.8633	808.7916	891.1611	939.1293	1021.388	1104.42	1143.71
508.6	0	0	0	0.0488245	2.764752	56.91787	269.8951	440.2143	547.7842	610.5055	682.8845	743.3174	808.7916	890.5659	937.8587	1021.051	1103.705	1143.144
508.7	0	0	0	0.0488245	2.705927	56.84904	270.2104	439.5925	547.0925	610.5055	684.1915	742.0292	807.8198	889.2264	936.7469	1019.869	1102.99	1143.332
508.8	0	0	0	0.0488245	2.705927	56.78022	270.2892	439.326	547.3889	610.9408	682.7656	743.3174	808.5139	888.9288	935.6351	1020.206	1104.063	1142.388
508.9	0	0	0	0.0488245	2.705927	56.57374	269.8163	439.5925	547.3889	610.179	682.7656	743.1886	807.4033	889.0776	935.9528	1020.206	1104.063	1142.766
509	0	0	0	0.0488245	2.705927	56.71139	269.8163	440.3031	547.5866	610.6143	682.0527	743.1886	807.2645	889.2264	936.7469	1021.051	1104.063	1142.766
509.1	0	0	0	0.0488245	2.705927	56.78022	269.5798	440.4807	547.7842	610.6143	681.6962	742.158	807.1257	890.1194	934.9999	1021.557	1104.599	1142.388
509.2	0	0	0	0.0488245	2.705927	56.78022	269.501	441.2802	548.1795	609.8525	681.9338	740.9985	807.4033	889.9705	933.8881	1021.051	1103.526	1143.521
509.3	0	0	0	0.0488245	2.705927	56.64257	268.7916	441.9908	548.8713	609.9614	681.4586	740.6121	806.7092	888.4823	933.2528	1020.206	1106.566	1142.577
509.4	0	0	0	0.0488245	2.705927	56.71139	268.7127	442.0796	548.5748	611.3761	681.1021	740.0968	805.8763	889.524	932.1411	1020.038	1106.566	1141.444
509.5	0	0	0	0.0488245	2.705927	56.71139	269.028	442.4349	548.0807	610.9408	680.7456	740.3544	805.7374	889.6729	933.5704	1021.388	1106.924	1140.311
509.6	0	0	0	0.0488245	2.705927	56.84904	268.6339	442.4349	547.7842	610.832	681.4586	740.9985	806.1539	887.2917	932.2999	1022.401	1107.997	1139.178
509.7	0	0	0	0.0488245	2.764752	56.71139	268.7127	441.6354	548.9702	610.832	680.7456	740.8698	806.7092	887.4406	933.5704	1021.557	1108.354	1138.423
509.8	0	0	0	0.0488245	2.764752	56.71139	268.9492	441.4578	549.2666	610.832	680.9832	740.8698	806.2927	887.4406	932.9351	1021.388	1108.712	1136.535
509.9	0	0	0	0.0488245	2.647103	56.78022	268.7127	440.9248	550.156	611.0496	680.8644	740.8698	806.4316	887.4406	932.7763	1022.57	1108.175	1135.968
510	0	0	0	0.0488245	2.647103	56.64257	268.7916	441.1025	549.9584	611.1584	679.795	741.7715	806.7092	886.2499	932.6175	1023.245	1109.248	1135.779
510.1	0	0	0	0.0488245	2.647103	56.57374	268.3974	441.1025	549.563	611.3761	679.2009	741.1274	805.8763	885.6546	932.2999	1023.414	1108.712	1135.968
510.2	0	0	0	0.0488245	2.705927	56.64257	269.2645	441.2802	550.0572	611.4849	679.2009	740.7409	806.0151	885.8035	932.7763	1023.583	1108.175	1134.646
510.3	0	0	0	0.0488245	2.705927	56.64257	269.2645	440.7472	549.3654	612.2466	679.082	741.6427	806.5704	885.5058	933.2528	1023.076	1109.248	1134.835
510.4	0	0	0	0.0488245	2.705927	56.4361	269.1857	440.4807	549.563	612.3555	678.4879	741.6427	805.5986	886.2499	932.9351	1023.414	1110.5	1134.646
510.5	0	0	0	0.0488245	2.705927	56.57374	268.9492	440.2143	548.9702	611.8113	678.3691	741.9003	805.321	885.8035	934.8411	1023.414	1111.037	1135.213
510.6	0	0	0	0.0488245	2.705927	56.50492	269.3433	441.1025	548.5748	611.9202	678.2503	743.0598	804.7657	885.9523	935.3175	1021.895	1109.964	1136.535
510.7	0	0	0	0.0488245	2.705927	56.29845	269.3433	439.6813	548.6736	610.9408	677.2997	743.5751	804.488	886.1011	933.094	1023.245	1110.5	1136.157
510.8	0	0	0	0.0488245	2.705927	56.22962	269.8951	439.0595	548.3772	610.179	677.8938	742.9309	803.3774	885.2081	932.6175	1024.765	1111.573	1137.856
510.9	0	0	0	0.0488245	2.705927	56.22962	269.5798	438.6154	547.7842	610.7231	676.8244	742.8021	803.6551	884.1664	932.9351	1022.908	1110.143	1138.045
511	0	0	0	0.0488245	2.705927	56.09197	269.3433	439.4148	547.3889	610.5055	677.6561	742.2868	803.7939	884.0176	934.3646	1022.57	1109.07	1138.801
511.1	0	0	0	0.0488245	2.764752	56.02315	269.8951	439.0595	546.6971	609.4172	677.5374	742.8021	802.5445	883.7199	933.7292	1022.57	1107.281	1139.745
511.2	0	0	0	0.0488245	2.764752	55.95432	269.8951	438.4377	547.5866	609.4172	677.4185	741.9003	801.5727	882.9758	933.4116	1023.245	1105.851	1138.801
511.3	0	0	0	0.0488245	2.823576	55.95432	269.8163	438.5266	548.0807	609.6349	677.6561	741.9003	800.4621	882.0828	932.6175	1022.064	1105.672	1139.745
511.4	0	0	0	0.0488245	2.823576	55.81667	269.6586	437.9048	547.7842	610.5055	677.4185	741.5139	801.0174	882.9758	932.1411	1022.908	1104.778	1141.444
511.5	0	0	0	0.0488245	2.823576	55.6102	269.1857	437.4607	547.5866	609.7437	677.5374	740.9985	800.7397	883.2734	931.3469	1022.57	1105.135	1142.766
511.6	0	0	0	0.0488245	2.823576	55.67902	268.7916	437.4607	547.1913	609.1996	677.775	739.195	801.5727	883.7199	931.3469	1022.908	1104.599	1143.144
511.7	0	0	0	0.0488245	2.823576	55.54137	268.7916	437.9048	548.1795	609.1996	677.775	739.0662	802.6833	882.827	930.8704	1021.726	1104.599	1143.332
511.8	0	0	0	0.0488245	2.823576	55.54137	268.7127	437.6383	548.1795	609.8525	677.6561	739.968	801.5727	883.4222	931.9822	1023.076	1104.063	1144.088
511.9	0	0	0	0.0488245	2.882401	55.54137	269.028	437.0166	548.6736	610.179	677.4185	740.2256	802.4056	884.0176	931.0292	1022.57	1104.241	1143.71
512	0	0	0	0.0488245	2.882401	55.40373	269.8951	437.1942	549.2666	609.5261	676.8244	739.4526	802.9609	884.3152	931.5057	1022.232	1102.811	1144.276
512.1	0	0	0	0.0488245	2.882401	55.54137	269.6586	436.4836	549.4642	608.5466	675.3985	740.4833	802.8221	882.9758	931.188	1022.57	1102.811	1144.843
512.2	0	0	0	0.0488245	2.882401	55.54137	268.9492	436.3948	549.4642	608.9819	676.4679	741.2562	802.8221	882.6782	932.4587	1022.739	1101.738	1144.843
512.3	0	0	0	0.0488245	2.882401	55.54137	269.1069	436.6613	549.2666	608.7643	676.2303	740.8698	803.2386	881.934	931.0292	1021.557	1102.811	1145.221
512.4	0	0	0	0.0488245	2.882401	55.47255	269.028	437.1942	549.1678	608.7643	675.9926	740.8698	802.8221	881.1899	930.7116	1021.895	1102.632	1144.843
512.5	0	0	0	0.0488245	2.823576	55.47255	269.028	437.1942	549.3654	608.329	675.8738	741.5139	802.6833	880.5946	931.3469	1021.557	1101.738	1144.465
512.6	0	0	0	0.0488245	2.823576	55.6102	269.3433	436.7501	548.8713	607.8937	675.7549	739.968	802.4056	880.2969	931.8234	1022.739	1102.095	1143.899
512.7	0	0	0	0.0488245	2.823576	55.67902	269.6586	437.2831	549.1678	607.7849	676.3491	739.3239	803.0998	879.5529	931.3469	1022.57	1102.095	1143.71
512.8	0	0	0	0.0488245	2.823576	55.54137	269.501	436.5724	549.2666	607.7849	675.9926	740.3544	803.0998	879.5529	930.8704	1023.245	1101.738	1143.332
512.9	0	0	0	0.0488245	2.823576	55.6102	269.1857	437.1942	550.6501	608.329	676.4679	741.385	804.3492	879.8505	931.6646	1024.089	1101.917	1142.766
513	0	0	0	0.0488245	2.647103	55.54137	269.4221	436.9277	551.3419	608.6555	676.8244	741.5139	803.6551	878.3622	931.8234	1023.752	1103.526	1141.444
513.1	0	0	0	0.0488245	2.647103	55.67902	269.2645	437.0166	551.5396	608.8731	676.3491	742.0292	804.6268	878.3622	932.6175	1023.414	1103.705	1141.255
513.2	0	0	0	0.0488245	2.647103	55.67902	269.501	436.8389	551.6384	609.3084	676.4679	741.2562	804.3492	878.6599	933.7292	1021.895	1103.347	1142.388
513.3	0	0	0	0.0488245	2.647103	55.67902	269.8163	436.6613	551.5396	609.6349	675.3985	740.8698	804.488	879.404	932.9351	1022.739	1102.274	1142.388
513.4	0	0	0	0.0488245	2.647103	55.54137	269.6586	437.2831	551.4407	608.8731	676.1115	740.0968	803.9327	879.8505	934.2057	1023.583	1101.738	1142.577
513.5	0	0	0	0.0488245	2.647103	55.67902	269.8951	437.6383	550.749	609.4172	675.7549	740.3544	805.0433	880.2969	933.5704	1023.752	1102.095	1142.577
513.6	0	0	0	0.0488245	2.823576	55.6102	270.2892	437.1054	550.9466	608.6555	674.8044	739.4526	804.7657	881.1899	933.7292	1022.57	1101.201	1142.577
513.7	0	0	0	0.0488245	2.823576	56.02315	269.2645	437.1054	550.9466	609.4172	675.042	739.195	805.8763	879.7017	933.2528	1023.245	1101.201	1144.276
513.8	0	0	0	0.0488245	2.882401	56.02315	269.501	436.9277	550.3537	608.6555	674.5667	740.4833	805.0433	880.4458	933.2528	1024.596	1101.201	1143.899
513.9	0	0	0	0.0488245	2.941225	55.95432	269.3433	436.6613	549.563	607.676	673.8538	741.1274	804.2104	881.0411	933.094	1023.921	1099.413	1142.199
514	0	0	0	0.0488245	2.882401	55.95432	268.8704	436.5724	549.6619	607.7849	674.0914	740.7409	805.0433	880.2969	933.094	1022.57	1099.234	1142.766
514.1	0	0	0	0.0488245	2.882401	55.81667	268.8704	436.9277	550.5513	607.5672	674.329	741.385	806.1539	882.2317	933.4116	1023.245	1099.95	1141.822
514.2	0	0	0	0.0488245	2.882401	55.95432	269.501	436.5724	550.2548	607.3495	674.329	740.7409	806.1539	882.3805	933.7292	1022.739	1098.519	1141.255
514.3	0	0	0	0.0488245	2.882401	55.8855	269.1857	436.3948	550.8478	606.6966	675.2797	740.6121	804.9045	881.934	933.4116	1023.921	1099.234	1139.178
514.4	0	0	0	0.0488245	2.941225	56.09197	268.7916	436.4836	550.8478	606.2613	675.2797	740.6121	805.1821	881.934	932.4587	1023.414	1099.592	1138.801
514.5	0	0	0	0.0488245	2.941225	56.02315	268.9492	436.3948	551.1443	606.0437	675.042	740.8698	806.1539	881.7852	933.5704	1021.388	1099.234	1137.856
514.6	0	0	0	0.0488245	2.941225	56.29845	269.028	436.3948	550.6501	607.0231	674.5667	740.9985	806.2927	881.6364	934.8411	1021.557	1098.698	1137.29
514.7	0	0	0	0.0488245	2.941225	56.29845	268.5551	436.7501	550.156	606.8054	674.0914	740.8698	806.5704	879.5529	935.3175	1021.557	1100.486	1136.724
514.8	0	0	0	0.0488245	2.941225	56.50492	267.688	436.9277	550.6501	606.2613	673.4973	740.4833	806.848	878.6599	935.3175	1020.544	1099.95	1136.157
514.9	0	0	0	0.0488245	2.941225	56.57374	268.4763	436.8389	550.8478	606.3701	673.1408	739.968	806.7092	878.0646	934.6822	1020.375	1099.055	1135.024
515	0	0	0	0.0488245	2.941225	56.50492	268.7916	436.0395	550.6501	606.2613	672.9032	740.0968	808.2363	878.0646	933.7292	1018.181	1099.413	1134.646
515.1	0	0	0	0.0488245	2.882401	56.50492	268.3186	435.5954	550.2548	607.0231	672.4279	740.7409	806.848	876.5764	934.3646	1016.83	1099.055	1134.08
515.2	0	0	0	0.0488245	2.882401	56.36727	268.4763	435.3289	550.3537	605.9349	672.5467	741.2562	806.848	875.5345	932.9351	1016.83	1098.161	1134.458
515.3	0	0	0	0.0488245	2.882401	56.36727	268.3186	435.6842	550.0572	605.4996	672.3091	740.8698	805.0433	875.8322	931.9822	1016.324	1098.519	1134.08
515.4	0	0	0	0.0488245	2.882401	56.1608	268.6339	435.9507	549.1678	606.0437	673.022	740.3544	804.0715	876.4275	932.2999	1017.168	1097.625	1134.835
515.5	0	0	0	0.0488245	2.882401	56.29845	268.6339	436.306	548.6736	605.1731	671.7149	739.968	804.3492	876.1299	932.1411	1016.83	1096.194	1134.458
515.6	0	0	0	0.0488245	2.882401	56.4361	268.9492	436.1283	548.3772	606.1525	672.5467	739.3239	804.0715	877.1716	932.1411	1018.012	1094.764	1134.646
515.7	0	0	0	0.0488245	2.882401	56.57374	269.2645	436.3948	549.3654	606.3701	671.2396	739.4526	804.488	878.3622	932.1411	1016.661	1094.764	1133.702
515.8	0	0	0	0.0488245	2.882401	56.4361	269.1857	437.0166	548.8713	606.8054	670.1702	739.4526	804.9045	880.1481	932.9351	1015.817	1094.227	1133.514
515.9	0	0	0	0.0488245	2.882401	56.50492	268.9492	437.1942	549.1678	606.5878	669.8137	738.8085	805.1821	881.7852	932.9351	1015.986	1095.658	1132.569
516	0	0	0	0.0488245	2.941225	56.4361	268.3186	437.0166	549.2666	606.6966	670.2891	739.195	805.0433	881.3387	933.5704	1014.973	1097.267	1134.458
516.1	0	0	0	0.0488245	2.941225	56.4361	267.7668	436.9277	549.563	607.0231	669.9326	738.5509	805.321	881.6364	933.8881	1014.635	1096.552	1135.402
516.2	0	0	0	0.0488245	2.941225	56.29845	268.0033	436.9277	550.2548	606.1525	669.9326	739.195	805.4598	881.1899	933.5704	1014.635	1096.552	1135.779
516.3	0	0	0	0.0488245	2.882401	56.22962	267.688	437.0166	551.7372	605.9349	670.6455	740.3544	804.9045	882.0828	932.4587	1015.142	1096.373	1134.458
516.4	0	0	0	0.0488245	2.882401	56.4361	267.4515	436.5724	551.6384	605.1731	671.7149	740.8698	803.6551	883.2734	932.7763	1017.168	1096.373	1133.702
516.5	0	0	0	0.0488245	2.941225	56.64257	267.7668	436.8389	551.1443	604.9554	670.5267	741.385	803.0998	882.5293	933.4116	1016.83	1096.552	1132.947
516.6	0	0	0	0.0488245	2.941225	56.84904	267.2939	436.3948	551.6384	604.629	670.6455	741.1274	802.2668	882.827	933.094	1016.155	1095.121	1132.758
516.7	0	0	0	0.0488245	3.00005	56.84904	266.4268	436.8389	551.6384	605.1731	670.1702	740.7409	801.9892	881.4875	933.5704	1016.661	1097.088	1133.514
516.8	0	0	0	0.0488245	3.00005	56.91787	266.5056	437.1054	551.5396	606.3701	670.7643	741.1274	801.295	882.3805	934.2057	1015.986	1097.267	1133.702
516.9	0	0	0	0.0488245	3.00005	56.98669	266.0327	436.8389	550.749	606.4789	670.5267	740.7409	801.295	882.2317	934.3646	1015.817	1096.194	1132.381
517	0	0	0	0.0488245	3.00005	57.05552	265.7962	436.9277	551.0455	607.2407	670.2891	740.0968	799.9068	881.7852	934.2057	1015.648	1095.658	1132.003
517.1	0	0	0	0.0488245	3.058874	57.05552	265.9539	437.3719	550.749	606.6966	669.8137	740.9985	799.4904	881.4875	934.5234	1015.311	1094.585	1133.514
517.2	0	0	0	0.0488245	3.117699	56.91787	265.7174	437.4607	550.3537	606.5878	669.1008	739.968	799.6292	880.2969	933.8881	1015.479	1093.512	1133.136
517.3	0	0	0	0.0488245	3.176523	56.98669	266.2692	437.1942	549.8596	607.1319	668.982	741.6427	800.0457	880.7434	932.6175	1016.661	1092.797	1133.891
517.4	0	0	0	0.0488245	3.176523	57.05552	265.6386	437.3719	549.4642	607.0231	670.2891	740.0968	800.7397	879.8505	932.9351	1016.324	1091.724	1133.514
517.5	0	0	0	0.0488245	3.176523	56.98669	265.4021	436.9277	549.1678	606.6966	670.8832	740.0968	800.7397	880.2969	932.1411	1016.324	1091.366	1134.269
517.6	0	0	0	0.0488245	3.176523	57.05552	265.1656	437.1054	549.4642	607.3495	670.6455	739.5815	799.768	879.7017	931.8234	1013.791	1092.26	1134.835
517.7	0	0	0	0.0488245	3.176523	57.05552	265.6386	437.4607	550.2548	606.3701	669.1008	739.8391	800.0457	881.1899	931.3469	1011.428	1091.545	1133.702
517.8	0	0	0	0.0488245	3.176523	56.98669	265.5598	437.6383	550.156	605.2819	670.8832	740.3544	798.1021	881.4875	930.7116	1010.415	1092.26	1132.569
517.9	0	0	0	0.0488245	3.176523	56.84904	265.4809	438.0825	550.0572	604.629	670.8832	740.6121	797.408	881.1899	931.6646	1009.739	1091.724	1132.192
518	0	0	0	0.0488245	3.176523	56.84904	265.9539	438.0825	549.3654	605.4996	671.5961	741.2562	797.6856	881.7852	930.7116	1009.402	1092.26	1131.625
518.1	0	0	0	0.0488245	3.176523	56.98669	266.1904	437.816	549.2666	605.7172	671.3585	742.4156	796.575	879.7017	929.7587	1008.895	1092.439	1132.381
518.2	0	0	0	0.0488245	3.117699	56.78022	266.6633	437.9936	548.3772	605.4996	671.5961	743.0598	796.2974	879.8505	929.9175	1009.571	1092.975	1134.458
518.3	0	0	0	0.0488245	3.176523	56.78022	266.1115	437.9936	548.1795	605.2819	671.2396	742.9309	795.7421	881.1899	929.7587	1008.389	1092.439	1133.514
518.4	0	0	0	0.0488245	3.176523	56.71139	265.6386	437.9936	548.5748	606.3701	671.002	742.4156	796.575	881.4875	929.5999	1008.558	1093.691	1134.458
518.5	0	0	0	0.0488245	3.117699	56.78022	265.7174	437.816	547.9819	607.0231	670.2891	740.9985	796.0197	881.4875	930.0763	1009.233	1093.87	1134.269
518.6	0	0	0	0.0488245	3.176523	56.64257	265.2444	437.7272	548.6736	605.0643	671.2396	740.4833	796.2974	881.4875	931.6646	1010.583	1091.724	1134.458
518.7	0	0	0	0.0488245	3.176523	56.71139	265.4021	437.7272	548.5748	605.4996	671.2396	740.2256	796.575	880.4458	932.9351	1010.921	1091.366	1134.08
518.8	0	0	0	0.0488245	3.176523	56.71139	265.4021	437.9048	548.9702	606.5878	670.8832	740.0968	797.2692	881.1899	933.7292	1011.596	1092.797	1134.458
518.9	0	0	0	0.0488245	3.117699	56.78022	265.8751	437.3719	549.563	606.2613	670.7643	739.8391	796.1586	881.7852	932.9351	1010.921	1092.081	1135.213
519	0	0	0	0.0488245	3.176523	56.78022	265.008	436.6613	549.8596	605.2819	671.4773	739.195	797.5468	880.8923	933.4116	1011.765	1089.757	1135.591
519.1	0	0	0	0.0488245	3.176523	56.84904	264.7715	436.6613	550.2548	605.6084	671.5961	738.4221	797.6856	879.9993	934.9999	1011.765	1088.147	1133.136
519.2	0	0	0	0.0488245	3.176523	56.98669	265.3233	436.2171	549.563	605.826	671.8337	738.6797	797.408	879.5529	935.3175	1010.246	1088.505	1132.947
519.3	0	0	0	0.0488245	3.176523	56.98669	265.6386	436.3948	549.6619	606.1525	671.1208	739.5815	797.8245	878.9575	934.6822	1010.077	1089.399	1132.192
519.4	0	0	0	0.0488245	3.176523	56.91787	265.8751	436.306	549.8596	605.826	670.7643	740.4833	796.4362	878.511	934.0469	1009.908	1089.578	1132.192
519.5	0	0	0	0.0488245	3.235348	56.78022	266.1904	436.3948	549.7607	606.3701	670.1702	739.968	796.7139	879.5529	932.7763	1008.389	1089.935	1131.814
519.6	0	0	0	0.0488245	3.235348	56.78022	266.1115	436.0395	549.7607	605.7172	670.8832	738.9374	795.0479	879.5529	933.094	1007.882	1091.724	1131.059
519.7	0	0	0	0.0488245	3.235348	57.05552	266.2692	436.0395	549.6619	605.6084	669.8137	739.195	794.215	880.2969	932.9351	1007.038	1092.975	1132.192
519.8	0	0	0	0.0488245	3.235348	56.91787	266.2692	435.6842	551.0455	605.7172	669.8137	739.5815	795.0479	880.2969	932.9351	1006.363	1091.366	1130.303
519.9	0	0	0	0.0488245	3.235348	57.12434	266.8998	436.0395	550.156	605.4996	669.2196	738.6797	794.3538	881.6364	931.9822	1007.207	1092.618	1129.737
520	0	0	0	0.0488245	3.235348	57.12434	266.6633	436.5724	549.6619	605.826	668.6255	738.2932	793.1044	881.4875	931.8234	1007.882	1093.87	1129.737
520.1	0	0	0	0.0488245	3.235348	56.98669	266.1904	436.4836	548.9702	605.2819	668.269	738.2932	794.7703	880.2969	930.0763	1008.895	1093.333	1128.793
520.2	0	0	0	0.0488245	3.235348	56.98669	266.5845	436.3948	549.2666	605.1731	668.7443	738.6797	794.4926	880.1481	928.488	1007.207	1091.366	1128.038
520.3	0	0	0	0.0488245	3.235348	56.91787	266.5845	435.8618	549.2666	604.8466	668.7443	737.5203	795.0479	879.404	928.3292	1007.038	1089.399	1128.038
520.4	0	0	0	0.0488245	3.235348	56.91787	265.8751	436.9277	549.1678	604.9554	668.7443	736.6185	796.2974	878.9575	927.8528	1007.714	1091.545	1128.604
520.5	0	0	0	0.0488245	3.235348	57.05552	265.8751	436.4836	548.6736	604.9554	669.4573	736.3609	796.7139	878.511	926.1057	1006.532	1091.545	1128.793
520.6	0	0	0	0.0488245	3.294172	57.05552	265.4021	436.3948	549.1678	604.9554	668.3878	736.3609	798.5186	878.6599	924.9939	1006.532	1092.439	1128.793
520.7	0	0	0	0.0488245	3.294172	57.19316	265.5598	435.5066	548.8713	604.9554	668.8632	736.4897	798.6574	878.8087	925.9468	1004.843	1091.724	1127.849
520.8	0	0	0	0.0488245	3.294172	57.26199	265.2444	435.3289	548.5748	604.0848	668.269	735.4591	797.5468	877.4693	925.3116	1005.519	1091.008	1128.415
520.9	0	0	0	0.0488245	3.294172	57.33081	265.3233	434.5295	548.0807	604.8466	668.5067	736.1032	797.9633	877.0228	924.8351	1004.675	1091.187	1127.849
521	0	0	0	0.0488245	3.294172	57.12434	265.008	434.5295	548.5748	604.0848	668.3878	735.3303	797.2692	875.3857	924.041	1003.493	1091.366	1125.583
521.1	0	0	0	0.0488245	3.294172	57.05552	264.6139	434.4406	547.9819	604.8466	668.5067	734.9438	797.6856	874.1951	924.3586	1003.493	1089.757	1125.772
521.2	0	0	0	0.0488245	3.235348	56.84904	264.6139	435.2401	546.796	604.4113	668.7443	734.2997	797.2692	875.0881	923.8821	1003.155	1089.22	1126.905
521.3	0	0	0	0.0488245	3.235348	56.78022	264.535	434.9736	547.2901	605.0643	668.982	734.2997	797.8245	875.981	923.5645	1003.999	1089.399	1126.716
521.4	0	0	0	0.0488245	3.235348	56.64257	264.3774	434.796	546.4995	605.0643	670.0514	734.4285	797.9633	875.6834	922.6116	1004.843	1088.147	1127.471
521.5	0	0	0	0.0488245	3.176523	56.57374	264.0621	435.0624	546.796	605.9349	670.4078	733.6556	797.6856	874.9393	924.5175	1003.831	1087.611	1128.415
521.6	0	0	0	0.0488245	3.176523	56.50492	264.2198	434.9736	546.4007	605.9349	671.4773	733.3979	796.9915	873.3022	923.088	1003.999	1087.968	1127.471
521.7	0	0	0	0.0488245	3.176523	56.84904	263.5891	434.6183	546.4007	605.2819	670.8832	733.1403	796.0197	873.0046	922.4527	1004.675	1087.611	1126.905
521.8	0	0	0	0.0488245	3.176523	56.98669	263.1162	434.9736	546.5983	605.1731	670.6455	734.0421	796.0197	871.814	924.5175	1004.337	1087.611	1127.471
521.9	0	0	0	0.0488245	3.176523	56.84904	263.4315	435.4177	546.6971	604.1937	671.8337	733.6556	796.7139	870.921	924.041	1004.337	1088.684	1127.094
522	0	0	0	0.0488245	3.176523	56.98669	263.195	435.4177	547.1913	604.5201	672.0714	733.0114	797.6856	870.0281	924.6763	1004.337	1089.22	1127.849
522.1	0	0	0	0.0488245	3.235348	57.12434	263.0374	435.5066	547.6854	604.7378	672.1902	733.1403	797.6856	869.1351	924.5175	1003.999	1089.578	1128.982
522.2	0	0	0	0.0488245	3.235348	57.12434	262.8009	435.1512	546.796	605.1731	671.8337	731.9808	797.6856	869.2839	923.8821	1005.181	1089.22	1128.982
522.3	0	0	0	0.0488245	3.294172	56.91787	263.2738	435.5954	547.5866	604.1937	671.2396	732.4962	798.2409	868.9863	923.7233	1004.843	1090.293	1128.415
522.4	0	0	0	0.0488245	3.294172	57.05552	263.4315	436.306	547.9819	604.0848	672.5467	733.3979	797.8245	867.7957	922.7704	1003.999	1088.326	1128.226
522.5	0	0	0	0.0488245	3.294172	56.98669	263.2738	435.8618	547.8831	604.7378	671.7149	733.3979	798.3798	867.3492	922.9292	1003.999	1087.968	1127.66
522.6	0	0	0	0.0488245	3.294172	57.05552	263.2738	436.1283	548.2784	604.5201	671.002	733.1403	799.2127	868.391	923.5645	1002.311	1088.505	1128.226
522.7	0	0	0	0.0488245	3.294172	57.19316	262.8797	435.9507	547.5866	604.0848	671.2396	733.0114	799.3515	867.9445	924.3586	1002.986	1088.684	1128.604
522.8	0	0	0	0.0488245	3.294172	57.05552	262.7221	435.773	547.7842	604.1937	672.0714	732.8826	799.2127	866.7539	925.6292	1000.454	1088.326	1127.849
522.9	0	0	0	0.0488245	3.294172	56.57374	262.4856	434.796	547.9819	603.1054	672.7844	733.1403	798.9351	867.2004	924.041	1000.116	1087.968	1128.415
523	0	0	0	0.0488245	3.294172	56.50492	262.4856	434.796	547.8831	603.2142	673.022	733.2691	798.5186	867.498	925.1528	1000.116	1087.074	1129.359
523.1	0	0	0	0.0488245	3.235348	56.57374	261.9338	434.7071	548.1795	602.6701	672.5467	733.1403	798.2409	867.498	925.3116	999.7787	1087.611	1128.604
523.2	0	0	0	0.0488245	3.235348	56.64257	261.6974	434.1742	547.8831	602.8878	672.7844	733.5267	798.5186	868.2422	926.1057	998.5969	1088.326	1128.793
523.3	0	0	0	0.0488245	3.235348	56.57374	261.3032	434.263	548.476	602.5613	671.7149	733.6556	798.1021	868.6887	925.6292	998.4281	1089.399	1128.604
523.4	0	0	0	0.0488245	3.235348	56.57374	261.4609	433.9077	548.7725	602.9966	671.7149	732.4962	797.5468	870.3257	925.6292	999.4411	1088.862	1127.849
523.5	0	0	0	0.0488245	3.235348	56.71139	261.7762	433.8189	548.3772	602.0172	671.9526	732.7538	797.9633	869.7304	925.3116	999.6099	1087.968	1127.094
523.6	0	0	0	0.0488245	3.235348	56.64257	261.855	434.0854	548.6736	601.7995	672.6655	732.4962	798.5186	868.8375	925.6292	1000.116	1087.611	1128.415
523.7	0	0	0	0.0488245	3.294172	56.4361	261.4609	434.0854	549.4642	602.126	672.6655	733.0114	798.9351	868.9863	923.2468	1000.116	1088.505	1128.226
523.8	0	0	0	0.0488245	3.294172	56.4361	261.6974	434.3518	549.563	602.7789	672.7844	732.3673	800.3233	867.2004	924.1998	998.9346	1088.862	1128.038
523.9	0	0	0	0.0488245	3.294172	56.22962	261.1456	434.6183	549.4642	603.3231	672.1902	732.3673	799.4904	866.1586	924.9939	998.7657	1090.114	1128.038
524	0	0	0	0.0488245	3.294172	56.1608	260.7515	434.8848	548.7725	602.7789	673.4973	732.4962	797.408	868.5398	924.041	999.6099	1089.757	1125.961
524.1	0	0	0	0.0488245	3.352997	56.29845	260.5938	434.8848	548.7725	602.9966	673.3785	732.3673	796.2974	869.4327	924.8351	1000.285	1091.187	1126.527
524.2	0	0	0	0.0488245	3.352997	56.36727	260.7515	434.8848	549.2666	603.2142	674.5667	732.1097	796.0197	870.0281	925.788	1000.792	1092.081	1127.094
524.3	0	0	0	0.0488245	3.411821	56.36727	260.8303	434.6183	550.0572	603.6495	673.6161	733.6556	795.3256	870.7722	926.2645	999.9476	1091.902	1127.849
524.4	0	0	0	0.0488245	3.411821	56.57374	260.3573	434.7071	549.4642	602.7789	673.7349	732.4962	795.3256	870.3257	925.9468	999.2723	1090.472	1126.716
524.5	0	0	0	0.0488245	3.470646	56.29845	260.5938	434.3518	549.2666	602.126	673.4973	732.2385	795.7421	869.8792	926.1057	998.4281	1089.935	1125.394
524.6	0	0	0	0.0488245	3.52947	56.22962	260.6726	433.3748	548.1795	601.7995	673.2596	733.2691	795.0479	869.7304	926.2645	999.2723	1090.472	1124.639
524.7	0	0	0	0.0488245	3.52947	56.09197	261.382	433.3748	547.8831	602.4525	673.4973	733.0114	796.1586	870.3257	925.3116	998.9346	1088.326	1125.205
524.8	0	0	0	0.0488245	3.588295	56.1608	261.4609	433.8189	547.5866	602.6701	672.9032	731.852	796.1586	869.8792	924.5175	999.9476	1089.041	1125.205
524.9	0	0	0	0.0488245	3.588295	56.22962	261.6974	433.7301	547.4877	603.3231	672.9032	731.2079	797.1303	870.6234	922.2939	1001.129	1088.862	1125.205
525	0	0	0	0.0488245	3.647119	56.22962	261.5397	433.4636	548.476	602.6701	673.022	730.1773	794.7703	871.3675	922.6116	1000.454	1088.862	1124.639
525.1	0	0	0	0.0488245	3.647119	56.29845	261.5397	433.8189	548.5748	602.3436	672.0714	728.6314	795.7421	870.7722	921.9763	998.9346	1087.968	1123.695
525.2	0	0	0	0.0488245	3.647119	56.1608	261.855	433.5524	547.8831	602.6701	671.2396	728.3738	795.4644	870.3257	921.4998	998.9346	1087.789	1123.883
525.3	0	0	0	0.0488245	3.647119	56.02315	261.5397	432.3977	548.5748	602.6701	671.2396	728.6314	794.9091	869.2839	922.2939	999.7787	1089.22	1122.562
525.4	0	0	0	0.0488245	3.647119	56.22962	261.5397	432.6642	547.8831	601.6907	671.3585	727.3431	794.6315	871.2186	922.6116	1000.285	1089.041	1123.317
525.5	0	0	0	0.0488245	3.647119	56.4361	261.5397	433.0195	548.2784	601.473	671.7149	726.9567	794.4926	870.0281	921.1821	999.6099	1089.757	1123.506
525.6	0	0	0	0.0488245	3.588295	56.29845	261.7762	432.1312	548.7725	601.6907	671.2396	726.3126	793.9373	869.8792	921.4998	999.7787	1089.578	1125.205
525.7	0	0	0	0.0488245	3.588295	56.50492	261.855	431.3318	548.476	601.9083	670.1702	727.0855	794.3538	868.8375	921.3409	998.9346	1088.684	1124.261
525.8	0	0	0	0.0488245	3.588295	56.64257	260.7515	431.1541	548.6736	600.9289	670.1702	728.1161	794.4926	869.2839	921.6586	998.2593	1089.757	1123.695
525.9	0	0	0	0.0488245	3.588295	56.36727	260.7515	430.9765	548.2784	600.276	669.6949	727.6008	794.0762	868.6887	921.3409	997.584	1087.968	1121.995
526	0	0	0	0.0488245	3.588295	56.29845	260.6726	430.9765	548.2784	599.8407	669.8137	728.2449	793.382	867.9445	921.3409	998.7657	1088.326	1121.618
526.1	0	0	0	0.0488245	3.588295	56.4361	261.0668	431.5983	547.7842	599.8407	669.4573	728.2449	792.8267	867.9445	921.8174	998.2593	1089.757	1119.918
526.2	0	0	0	0.0488245	3.52947	56.36727	260.8303	431.243	547.2901	601.1465	668.1502	727.472	792.2714	868.391	921.3409	997.2463	1090.651	1117.652
526.3	0	0	0	0.0488245	3.52947	56.4361	260.6726	430.5324	547.2901	601.6907	668.3878	726.699	791.7161	869.1351	921.0233	997.2463	1089.22	1116.708
526.4	0	0	0	0.0488245	3.52947	56.36727	261.382	430.6212	547.1913	601.9083	667.9125	727.0855	791.7161	869.7304	922.4527	997.2463	1089.041	1115.386
526.5	0	0	0	0.0488245	3.52947	56.4361	261.4609	431.1541	547.0925	601.9083	667.6749	725.5396	790.8832	869.4327	923.4057	997.4152	1087.611	1116.33
526.6	0	0	0	0.0488245	3.52947	56.36727	261.382	431.0653	547.4877	603.2142	669.1008	724.6378	791.4385	869.4327	921.8174	997.4152	1087.253	1116.33
526.7	0	0	0	0.0488245	3.52947	56.57374	260.9879	430.0883	547.3889	603.4319	667.5561	725.6685	790.4667	868.9863	920.7057	996.7399	1087.789	1116.142
526.8	0	0	0	0.0488245	3.52947	56.4361	261.1456	429.9106	547.5866	602.7789	667.7937	726.699	790.0502	869.2839	920.8645	996.4022	1089.22	1117.275
526.9	0	0	0	0.0488245	3.52947	56.29845	261.4609	429.5553	546.9937	602.5613	668.0314	726.3126	789.9114	870.0281	919.5939	996.7399	1088.505	1118.785
527	0	0	0	0.0488245	3.52947	56.57374	261.1456	429.2	546.796	601.7995	667.7937	726.3126	789.3561	869.7304	919.9116	997.2463	1088.147	1120.107
527.1	0	0	0	0.0488245	3.52947	56.57374	260.9879	429.1112	546.3019	601.6907	668.5067	726.4414	788.9396	869.2839	920.388	995.8958	1087.432	1118.219
527.2	0	0	0	0.0488245	3.470646	56.84904	260.8303	428.7559	546.8948	601.7995	669.1008	726.4414	788.662	868.9863	919.2762	996.571	1086.717	1116.519
527.3	0	0	0	0.0488245	3.470646	56.78022	260.7515	427.9565	546.5983	600.4936	668.982	726.0549	788.662	869.1351	918.9586	996.9087	1087.432	1116.897
527.4	0	0	0	0.0488245	3.470646	56.84904	260.5938	427.69	546.9937	600.276	668.7443	725.7972	789.7726	868.5398	919.7527	997.0775	1087.074	1117.463
527.5	0	0	0	0.0488245	3.470646	56.98669	260.6726	427.157	546.5983	599.1877	668.7443	724.6378	789.3561	868.391	919.9116	996.7399	1085.644	1117.463
527.6	0	0	0	0.0488245	3.470646	56.91787	260.1209	427.6012	546.796	600.1672	667.5561	724.509	788.9396	867.3492	920.7057	996.7399	1085.286	1116.897
527.7	0	0	0	0.0488245	3.470646	56.98669	260.0421	427.157	547.0925	599.623	668.6255	724.8955	787.829	868.391	920.8645	996.0646	1084.571	1116.897
527.8	0	0	0	0.0488245	3.470646	56.91787	260.1209	427.3347	547.1913	600.3848	668.7443	725.7972	788.8008	866.9028	921.9763	995.5581	1085.644	1115.764
527.9	0	0	0	0.0488245	3.52947	56.78022	259.9632	427.0682	546.3019	600.1672	668.269	725.5396	789.4949	866.4563	922.2939	995.7269	1085.465	1114.82
528	0	0	0	0.0488245	3.588295	56.4361	259.8056	427.4235	546.6971	600.3848	668.982	725.4108	790.0502	865.861	923.088	995.3893	1085.465	1115.386
528.1	0	0	0	0.0488245	3.588295	56.50492	259.3326	427.7788	546.796	600.8201	668.7443	725.1531	788.8008	864.968	923.8821	995.2205	1085.286	1115.198
528.2	0	0	0	0.0488245	3.588295	56.64257	258.9385	427.3347	546.9937	601.5818	668.8632	725.282	788.2455	865.1168	924.1998	994.5452	1086.18	1114.631
528.3	0	0	0	0.0488245	3.588295	56.64257	258.8597	427.69	545.6101	602.3436	668.3878	725.0243	787.5514	864.5215	924.5175	995.7269	1087.074	1115.198
528.4	0	0	0	0.0488245	3.588295	56.50492	258.2291	427.8676	545.0172	601.473	668.269	724.2513	787.6902	864.2239	924.6763	995.5581	1086.717	1116.33
528.5	0	0	0	0.0488245	3.588295	56.50492	258.0714	428.0453	544.6218	601.7995	668.269	724.7667	786.302	864.8192	923.7233	995.3893	1087.253	1114.631
528.6	0	0	0	0.0488245	3.588295	56.4361	258.0714	427.9565	544.2266	601.473	668.8632	723.9937	786.7184	864.3727	923.5645	996.2334	1087.074	1114.82
528.7	0	0	0	0.0488245	3.588295	56.29845	258.0714	428.5782	544.3254	602.0172	668.269	724.8955	786.1631	864.2239	924.041	997.584	1087.074	1115.386
528.8	0	0	0	0.0488245	3.588295	56.36727	258.0714	429.0224	544.1277	602.5613	668.269	725.282	784.2196	864.0751	923.088	998.0905	1086.18	1114.82
528.9	0	0	0	0.0488245	3.588295	56.09197	258.3867	429.9106	544.2266	601.9083	667.6749	725.282	783.5255	863.9263	922.9292	998.7657	1087.432	1112.743
529	0	0	0	0.0488245	3.588295	56.1608	258.6232	430.0883	543.6336	601.0377	669.2196	725.7972	783.3867	865.1168	921.0233	999.2723	1088.862	1111.988
529.1	0	0	0	0.0488245	3.588295	56.02315	258.5444	429.9994	542.9418	599.5142	668.982	725.4108	784.0808	866.1586	920.0704	1000.285	1090.472	1114.065
529.2	0	0	0	0.0488245	3.52947	56.22962	259.175	429.8218	543.1395	599.1877	668.5067	726.4414	783.5255	867.3492	921.1821	1000.116	1091.008	1112.932
529.3	0	0	0	0.0488245	3.470646	56.22962	259.175	430.3547	542.7442	600.276	668.7443	725.7972	783.6643	867.3492	920.0704	1001.129	1089.935	1114.631
529.4	0	0	0	0.0488245	3.470646	56.09197	258.7809	430.8877	542.5465	599.4054	668.8632	726.3126	783.3867	867.6469	919.7527	1000.792	1088.326	1115.386
529.5	0	0	0	0.0488245	3.470646	55.95432	258.7809	430.9765	541.6571	599.0789	669.5761	726.1837	783.109	868.6887	919.2762	999.4411	1087.611	1114.82
529.6	0	0	0	0.0488245	3.470646	55.8855	258.8597	430.71	541.4595	599.623	669.9326	727.2144	784.0808	868.391	919.7527	998.0905	1086.895	1115.575
529.7	0	0	0	0.0488245	3.470646	55.81667	258.8597	430.4435	541.2618	599.4054	672.0714	727.6008	783.2479	868.2422	919.9116	998.0905	1085.822	1114.631
529.8	0	0	0	0.0488245	3.470646	55.8855	258.4655	430.7989	541.4595	599.0789	671.7149	727.9873	783.109	867.9445	921.0233	998.4281	1086.538	1114.253
529.9	0	0	0	0.0488245	3.470646	55.67902	258.3079	429.8218	541.2618	598.9701	671.3585	728.5026	782.6926	868.2422	922.2939	997.4152	1087.789	1114.065
530	0	0	0	0.0488245	3.470646	55.81667	258.4655	429.9106	541.7559	599.9495	671.8337	728.3738	782.8314	868.5398	923.2468	997.9216	1086.538	1114.631
530.1	0	0	0	0.0488245	3.470646	55.67902	258.702	429.3777	542.3489	599.8407	671.7149	727.7296	784.3585	868.8375	921.8174	995.5581	1085.644	1113.876
530.2	0	0	0	0.0488245	3.470646	55.54137	258.9385	429.733	543.1395	598.5348	671.2396	727.8585	783.109	867.2004	921.3409	996.571	1085.286	1114.065
530.3	0	0	0	0.0488245	3.470646	55.6102	259.0173	430.2659	543.2383	598.2083	672.1902	728.2449	784.2196	867.7957	919.2762	997.7528	1086.359	1111.043
530.4	0	0	0	0.0488245	3.411821	55.54137	259.6479	430.4435	542.9418	598.0995	672.1902	728.3738	784.9138	866.6051	919.1174	998.2593	1084.749	1109.155
530.5	0	0	0	0.0488245	3.411821	56.02315	260.1997	430.71	542.843	597.5554	671.9526	727.8585	784.3585	866.6051	919.7527	997.9216	1084.034	1110.477
530.6	0	0	0	0.0488245	3.411821	56.09197	260.1997	430.6212	542.2501	597.3377	672.9032	727.472	783.942	867.2004	921.4998	997.0775	1083.319	1111.988
530.7	0	0	0	0.0488245	3.411821	56.50492	259.9632	431.3318	541.2618	597.4465	672.1902	727.9873	784.6361	866.1586	921.4998	996.571	1083.677	1111.421
530.8	0	0	0	0.0488245	3.411821	56.50492	260.3573	431.5983	540.7677	597.9907	672.7844	728.7603	783.942	865.861	922.4527	996.7399	1083.498	1110.099
530.9	0	0	0	0.0488245	3.411821	56.4361	259.8844	431.0653	540.9653	598.6436	670.6455	727.9873	783.8032	865.4145	921.8174	996.4022	1084.213	1108.966
531	0	0	0	0.0488245	3.411821	56.50492	260.2785	430.6212	540.5701	598.9701	671.4773	728.1161	783.5255	866.1586	921.6586	997.7528	1084.392	1109.533
531.1	0	0	0	0.0488245	3.352997	56.4361	260.2785	431.6871	540.4712	598.3171	671.002	728.1161	782.5537	866.9028	921.9763	997.4152	1085.286	1110.855
531.2	0	0	0	0.0488245	3.352997	56.36727	260.1997	431.5983	540.2736	598.0995	669.9326	727.472	781.3043	868.0933	921.4998	996.571	1085.822	1109.155
531.3	0	0	0	0.0488245	3.411821	56.22962	260.0421	431.6871	539.7794	597.8818	669.8137	726.699	780.6102	868.8375	921.4998	995.0516	1086.18	1109.722
531.4	0	0	0	0.0488245	3.352997	56.50492	259.9632	431.5095	539.9771	597.5554	670.1702	725.9261	780.749	869.2839	920.0704	996.571	1085.286	1107.833
531.5	0	0	0	0.0488245	3.411821	56.50492	260.5938	431.5983	539.7794	597.773	669.5761	725.5396	780.4714	869.1351	920.2292	994.714	1084.928	1107.645
531.6	0	0	0	0.0488245	3.411821	56.91787	260.5938	431.5095	539.483	597.5554	670.4078	725.6685	779.3608	869.4327	920.388	993.701	1086.001	1108.4
531.7	0	0	0	0.0488245	3.411821	57.05552	260.4362	431.4206	538.7912	597.9907	671.5961	726.1837	780.1937	867.9445	919.1174	993.0258	1087.611	1108.4
531.8	0	0	0	0.0488245	3.352997	57.05552	260.7515	432.1312	540.1747	597.5554	671.4773	726.3126	780.4714	867.2004	918.6409	994.2075	1087.253	1108.4
531.9	0	0	0	0.0488245	3.294172	57.05552	260.8303	432.4865	539.8783	597.5554	670.7643	726.3126	780.8878	864.6703	918.7997	994.714	1086.18	1109.155
532	0	0	0	0.0488245	3.235348	57.05552	261.3032	432.4865	539.7794	597.6642	670.5267	725.7972	781.7208	865.2657	918.1645	994.0387	1085.107	1108.4
532.1	0	0	0	0.0488245	3.235348	57.05552	261.2244	431.7759	539.0877	598.5348	669.9326	726.699	781.582	864.8192	917.688	993.8699	1084.213	1107.078
532.2	0	0	0	0.0488245	3.235348	56.98669	260.7515	432.9306	538.2971	598.0995	669.1008	727.472	781.0267	865.5633	917.5292	993.701	1085.286	1106.512
532.3	0	0	0	0.0488245	3.176523	57.05552	260.6726	432.8418	538.3959	597.9907	668.6255	726.9567	782.2761	863.9263	918.0056	994.0387	1084.392	1107.078
532.4	0	0	0	0.0488245	3.176523	56.98669	260.6726	433.0195	537.6053	597.773	668.3878	726.4414	782.8314	863.4798	917.8468	994.3763	1084.928	1106.889
532.5	0	0	0	0.0488245	3.176523	56.84904	261.4609	432.753	537.6053	597.773	667.4373	726.699	782.1373	863.6286	918.0056	995.0516	1086.359	1108.022
532.6	0	0	0	0.0488245	3.117699	56.64257	261.5397	433.2859	538.1982	597.5554	667.5561	727.2144	782.2761	863.1821	917.688	994.8828	1086.001	1108.4
532.7	0	0	0	0.0488245	3.117699	56.64257	261.6974	433.0195	538.9888	597.4465	667.6749	727.7296	781.582	863.4798	917.2115	994.0387	1084.392	1107.267
532.8	0	0	0	0.0488245	3.176523	56.78022	262.2491	432.5753	538.9888	597.2289	667.3184	726.699	781.7208	863.9263	916.5762	993.1946	1084.034	1109.91
532.9	0	0	0	0.0488245	3.176523	56.64257	262.2491	432.4865	539.0877	597.0112	667.7937	726.1837	781.1655	863.6286	916.4174	992.3505	1084.034	1109.91
533	0	0	0	0.0488245	3.176523	56.64257	261.855	431.8647	538.4948	597.773	667.1996	726.8279	781.8596	863.3309	917.2115	991.844	1084.034	1110.288
533.1	0	0	0	0.0488245	3.176523	56.50492	261.6185	432.3977	538.0994	597.9907	668.0314	727.3431	782.6926	863.1821	916.2585	991.844	1083.498	1110.477
533.2	0	0	0	0.0488245	3.176523	56.4361	261.2244	432.8418	537.6053	598.426	667.9125	726.9567	782.5537	864.0751	916.0997	992.5193	1083.319	1110.855
533.3	0	0	0	0.0488245	3.176523	56.29845	260.8303	432.9306	537.7042	598.9701	667.4373	725.5396	782.2761	864.5215	917.3704	992.6881	1082.782	1110.666
533.4	0	0	0	0.0488245	3.176523	56.22962	260.515	432.9306	536.8147	599.9495	667.6749	725.282	781.7208	864.6703	918.1645	992.8569	1081.709	1111.043
533.5	0	0	0	0.0488245	3.235348	56.29845	259.9632	431.5983	537.1112	599.5142	666.4866	724.3802	781.7208	864.968	917.0527	993.1946	1081.888	1112.176
533.6	0	0	0	0.0488245	3.294172	56.50492	259.6479	431.3318	536.6171	600.276	666.1302	722.9631	782.1373	864.968	916.5762	993.0258	1082.246	1111.043
533.7	0	0	0	0.0488245	3.294172	56.36727	259.7267	431.5095	535.9253	600.6024	665.6549	722.319	782.8314	865.5633	915.6233	994.0387	1082.246	1109.91
533.8	0	0	0	0.0488245	3.294172	56.22962	259.0962	431.243	535.53	600.0583	666.6055	721.9326	783.2479	864.5215	913.8762	994.2075	1081.709	1111.232
533.9	0	0	0	0.0488245	3.235348	56.22962	259.2538	431.3318	535.2335	600.276	666.8431	721.5461	782.5537	865.2657	912.7644	995.3893	1081.888	1111.421
534	0	0	0	0.0488245	3.235348	56.29845	259.2538	431.9536	535.4312	600.4936	667.4373	722.1902	782.6926	865.2657	912.6056	994.5452	1081.531	1111.799
534.1	0	0	0	0.0488245	3.235348	56.29845	259.4114	431.5983	535.3323	600.0583	666.8431	722.5767	782.5537	863.3309	912.7644	995.8958	1078.491	1112.365
534.2	0	0	0	0.0488245	3.176523	56.36727	259.4903	431.5095	535.3323	598.8613	665.6549	722.319	782.1373	864.2239	913.5585	994.2075	1077.954	1111.988
534.3	0	0	0	0.0488245	3.235348	56.50492	259.8844	430.7989	535.8265	598.5348	666.6055	722.4478	782.1373	862.7357	914.035	994.3763	1078.133	1112.554
534.4	0	0	0	0.0488245	3.294172	56.36727	259.5691	430.1771	535.3323	597.5554	666.4866	722.7055	781.8596	863.0333	914.3527	993.701	1077.06	1112.365
534.5	0	0	0	0.0488245	3.352997	56.22962	258.9385	430.1771	534.9371	597.8818	665.6549	722.5767	782.2761	864.3727	914.1938	993.5322	1077.06	1111.799
534.6	0	0	0	0.0488245	3.294172	56.36727	258.702	429.733	534.5417	597.9907	665.2984	721.0308	781.9984	863.6286	913.7174	993.3634	1077.775	1111.988
534.7	0	0	0	0.0488245	3.294172	56.29845	258.3867	430.0883	534.7394	598.8613	664.7043	721.0308	781.9984	862.8845	912.288	992.3505	1077.418	1111.421
534.8	0	0	0	0.0488245	3.352997	56.22962	258.702	429.5553	535.1347	598.426	663.9913	720.7731	782.1373	863.0333	912.288	992.6881	1076.524	1109.344
534.9	0	0	0	0.0488245	3.352997	56.4361	258.4655	429.3777	534.4429	598.8613	663.7537	721.0308	781.9984	862.438	911.9703	991.6752	1075.987	1108.211
535	0	0	0	0.0488245	3.294172	56.50492	258.4655	428.8447	534.1464	599.1877	664.5854	722.0613	781.8596	862.7357	912.1292	991.6752	1074.556	1106.889
535.1	0	0	0	0.0488245	3.294172	56.4361	258.5444	428.8447	534.5417	599.7319	664.4666	721.9326	781.3043	862.438	911.9703	992.5193	1073.841	1106.7
535.2	0	0	0	0.0488245	3.294172	56.50492	258.0714	428.6671	534.4429	599.623	664.229	722.1902	781.3043	863.0333	911.6526	992.1816	1074.556	1106.134
535.3	0	0	0	0.0488245	3.294172	56.29845	258.3867	428.3118	534.3441	598.0995	663.7537	721.5461	781.1655	862.2892	911.8115	993.0258	1074.02	1105.756
535.4	0	0	0	0.0488245	3.294172	56.4361	258.6232	428.5782	533.7512	596.7936	663.0407	720.129	781.9984	861.9915	911.9703	993.3634	1074.556	1105.568
535.5	0	0	0	0.0488245	3.294172	56.4361	258.6232	428.9335	532.8618	597.0112	663.0407	720.3867	782.5537	861.9915	912.4468	993.701	1074.556	1105.19
535.6	0	0	0	0.0488245	3.294172	56.4361	258.4655	428.8447	533.1582	596.5759	662.3278	720.7731	783.3867	860.6521	911.4938	992.1816	1073.126	1104.246
535.7	0	0	0	0.0488245	3.294172	56.29845	258.6232	429.2888	532.6641	597.2289	662.6843	721.5461	784.6361	860.6521	911.6526	992.0128	1074.378	1104.812
535.8	0	0	0	0.0488245	3.294172	56.02315	258.3867	429.1112	532.8618	596.4671	662.4466	721.8037	784.7749	860.0568	911.6526	993.0258	1074.378	1104.246
535.9	0	0	0	0.0488245	3.294172	56.02315	257.7561	428.7559	532.17	596.9024	661.7336	720.7731	784.6361	859.908	912.9233	992.3505	1073.662	1105.568
536	0	0	0	0.0488245	3.294172	56.02315	257.9926	428.5782	533.0594	596.7936	662.6843	721.2884	783.6643	860.2056	913.5585	992.0128	1072.947	1106.134
536.1	0	0	0	0.0488245	3.294172	56.09197	258.8597	428.4006	533.9488	597.5554	662.3278	722.1902	783.3867	859.6104	913.2409	992.5193	1074.02	1105.945
536.2	0	0	0	0.0488245	3.294172	56.22962	258.7809	428.2229	533.9488	598.2083	662.4466	722.7055	783.8032	859.4615	913.3997	992.5193	1073.662	1104.057
536.3	0	0	0	0.0488245	3.294172	56.36727	259.0173	428.8447	533.257	598.6436	663.1595	722.5767	784.0808	858.2709	913.2409	993.1946	1073.841	1103.679
536.4	0	0	0	0.0488245	3.352997	56.29845	259.0962	429.6441	532.9606	598.9701	663.3972	722.9631	784.2196	858.8662	913.8762	993.5322	1073.305	1104.057
536.5	0	0	0	0.0488245	3.352997	56.1608	259.2538	429.733	533.7512	600.1672	662.4466	723.8649	784.3585	858.2709	913.8762	993.5322	1072.589	1102.735
536.6	0	0	0	0.0488245	3.352997	56.09197	259.175	430.6212	533.6523	600.0583	661.7336	722.4478	783.6643	858.7174	913.8762	992.1816	1072.589	1102.357
536.7	0	0	0	0.0488245	3.352997	56.02315	259.0962	431.0653	533.9488	600.6024	661.6149	723.3496	782.9702	857.0803	914.5115	991.3375	1070.443	1101.413
536.8	0	0	0	0.0488245	3.352997	55.8855	258.6232	431.3318	533.257	600.0583	661.0208	723.9937	783.2479	857.0803	912.9233	990.4933	1070.265	1101.98
536.9	0	0	0	0.0488245	3.352997	55.67902	258.5444	430.6212	533.7512	599.5142	660.9019	722.7055	781.9984	856.6339	913.5585	989.9869	1070.086	1099.336
537	0	0	0	0.0488245	3.352997	55.74785	258.5444	430.0883	533.257	599.7319	660.5454	722.319	782.6926	856.7827	912.6056	989.8181	1069.907	1099.147
537.1	0	0	0	0.0488245	3.352997	55.81667	257.9926	429.9106	533.4547	599.7319	661.1395	721.8037	781.8596	857.8245	912.4468	988.9739	1071.338	1098.203
537.2	0	0	0	0.0488245	3.352997	55.95432	257.2832	430.0883	532.7629	601.1465	661.6149	721.6749	780.8878	857.5268	911.4938	988.1298	1070.443	1097.448
537.3	0	0	0	0.0488245	3.352997	55.95432	256.9679	430.5324	532.9606	601.5818	660.7831	721.0308	780.0549	856.7827	910.5409	989.8181	1071.516	1098.392
537.4	0	0	0	0.0488245	3.352997	56.02315	256.3373	430.6212	532.0712	601.3642	661.1395	721.5461	779.7772	857.0803	911.0173	991.1687	1070.443	1099.147
537.5	0	0	0	0.0488245	3.352997	55.74785	255.8643	429.733	531.7747	599.7319	660.7831	720.7731	779.2219	857.378	910.5409	989.8181	1071.338	1099.714
537.6	0	0	0	0.0488245	3.352997	55.67902	255.8643	430.71	532.5652	600.1672	660.4266	719.356	778.8055	857.5268	910.8585	988.9739	1071.516	1099.147
537.7	0	0	0	0.0488245	3.352997	55.74785	256.4161	430.6212	533.257	598.6436	660.9019	717.939	779.2219	858.1221	909.588	989.8181	1070.086	1099.903
537.8	0	0	0	0.0488245	3.294172	55.74785	256.4949	431.1541	532.6641	598.6436	661.8525	718.0678	779.7772	857.8245	910.5409	991.1687	1070.086	1101.224
537.9	0	0	0	0.0488245	3.294172	55.81667	256.4949	430.71	531.8735	598.7524	661.0208	717.5525	780.6102	857.6756	911.4938	990.4933	1069.907	1101.036
538	0	0	0	0.0488245	3.294172	55.81667	256.3373	430.2659	532.6641	599.0789	661.9713	717.4236	779.9161	858.7174	912.4468	990.1557	1069.728	1100.092
538.1	0	0	0	0.0488245	3.235348	55.8855	256.4161	429.5553	532.4664	598.8613	661.6149	718.0678	779.3608	857.5268	912.288	988.2986	1069.37	1101.224
538.2	0	0	0	0.0488245	3.235348	55.81667	255.9432	429.3777	532.7629	598.5348	662.5654	717.939	779.6384	857.2291	911.4938	988.1298	1070.98	1101.224
538.3	0	0	0	0.0488245	3.235348	56.02315	256.1797	429.5553	532.6641	598.3171	661.8525	718.5831	780.8878	857.2291	912.1292	987.2857	1072.232	1101.791
538.4	0	0	0	0.0488245	3.235348	56.09197	256.9679	429.2888	531.2805	598.5348	662.9219	717.939	780.3325	858.7174	911.6526	987.6234	1072.411	1100.847
538.5	0	0	0	0.0488245	3.235348	56.02315	256.5738	429.2888	531.577	597.3377	663.1595	718.1966	781.4431	858.4197	911.8115	988.2986	1071.516	1101.602
538.6	0	0	0	0.0488245	3.235348	55.81667	256.8891	428.7559	531.577	596.7936	662.3278	717.8101	782.4149	858.2709	911.0173	988.8051	1070.086	1102.357
538.7	0	0	0	0.0488245	3.235348	55.81667	257.1255	428.5782	532.3676	596.3583	662.5654	719.2272	782.4149	857.5268	910.3821	987.961	1071.159	1104.623
538.8	0	0	0	0.0488245	3.235348	55.81667	257.0467	428.3118	532.0712	596.2495	663.6349	718.4543	782.5537	859.6104	908.7938	988.4675	1072.411	1104.812
538.9	0	0	0	0.0488245	3.235348	55.67902	257.1255	428.4006	530.7864	595.1612	663.3972	717.939	783.109	859.908	908.4762	987.961	1070.801	1103.302
539	0	0	0	0.0488245	3.235348	55.74785	256.8102	427.8676	530.2923	594.8347	664.5854	717.5525	782.5537	859.6104	906.5703	988.9739	1072.232	1102.924
539.1	0	0	0	0.0488245	3.235348	56.09197	256.8891	427.7788	529.7982	594.6171	664.5854	718.0678	782.8314	858.2709	907.0468	988.6363	1071.516	1103.49
539.2	0	0	0	0.0488245	3.235348	56.09197	256.6526	427.4235	529.9958	596.0318	664.1102	718.5831	783.3867	859.1639	906.8879	988.4675	1069.549	1101.791
539.3	0	0	0	0.0488245	3.235348	56.09197	256.9679	427.4235	529.7982	595.4877	664.7043	717.8101	784.3585	859.0151	906.7291	988.2986	1070.443	1099.714
539.4	0	0	0	0.0488245	3.235348	55.8855	256.9679	427.7788	529.897	594.2906	665.1796	717.2949	784.6361	860.2056	907.5233	988.4675	1070.622	1099.336
539.5	0	0	0	0.0488245	3.235348	56.02315	256.5738	427.7788	529.7982	594.073	664.8231	717.0372	785.6078	860.2056	905.7762	989.3116	1070.443	1098.581
539.6	0	0	0	0.0488245	3.235348	56.02315	257.0467	427.5124	529.6005	593.9642	665.8925	717.4236	785.0526	861.8427	905.4585	987.6234	1071.516	1098.015
539.7	0	0	0	0.09764901	3.235348	56.02315	256.8102	427.8676	530.0947	593.6377	664.1102	718.1966	784.7749	861.3962	906.0938	988.2986	1071.695	1097.637
539.8	0	0	0	0.09764901	3.235348	56.22962	256.4161	428.0453	530.1935	592.8759	664.5854	717.4236	784.2196	859.6104	904.9821	989.1428	1071.516	1097.448
539.9	0	0	0	0.09764901	3.176523	56.22962	256.3373	428.3118	529.7982	592.4406	663.3972	717.8101	785.4691	860.801	904.1879	989.9869	1071.695	1098.392
540	0	0	0	0.09764901	3.176523	56.22962	256.4161	428.1341	529.9958	592.5494	662.5654	717.939	785.3302	860.3545	905.2997	990.1557	1070.801	1097.448
540.1	0	0	0	0.09764901	3.176523	56.02315	256.1008	427.7788	530.3911	592.223	662.8031	718.4543	785.3302	860.0568	905.935	990.3245	1070.265	1096.504
540.2	0	0	0	0.09764901	3.117699	55.95432	256.1008	427.3347	530.9841	591.57	662.9219	718.5831	783.942	859.908	905.7762	990.4933	1070.801	1098.015
540.3	0	0	0	0.09764901	3.117699	56.02315	256.022	426.8906	531.9723	592.0053	663.1595	718.0678	783.3867	859.7592	905.2997	990.6622	1070.265	1099.147
540.4	0	0	0	0.09764901	3.117699	56.1608	255.7855	426.6241	532.7629	591.1347	663.0407	718.3254	784.0808	858.5685	905.1409	990.1557	1073.305	1099.336
540.5	0	0	0	0.09764901	3.235348	56.50492	256.1008	426.2688	532.7629	591.6788	662.0901	717.5525	783.5255	858.5685	904.6644	989.3116	1073.484	1100.092
540.6	0	0	0	0.09764901	3.235348	56.71139	256.6526	425.647	533.3558	591.1347	662.8031	718.8408	783.942	857.9733	904.0291	988.4675	1073.305	1098.581
540.7	0	0	0	0.09764901	3.176523	56.71139	256.2585	426.0912	532.5652	590.8082	663.7537	717.939	782.5537	856.7827	904.5056	988.8051	1072.768	1099.714
540.8	0	0	0	0.09764901	3.176523	56.29845	256.1008	425.8247	532.8618	590.4818	663.7537	717.8101	782.5537	855.7409	904.1879	987.7922	1072.768	1100.092
540.9	0	0	0	0.09764901	3.176523	56.36727	256.1008	425.5582	532.0712	590.6994	663.9913	717.0372	782.4149	855.7409	904.0291	988.8051	1070.443	1100.658
541	0	0	0	0.09764901	3.176523	56.57374	256.4949	426.3576	531.9723	591.2435	662.9219	716.1354	782.1373	856.485	903.8702	988.1298	1070.265	1100.28
541.1	0	0	0	0.09764901	3.176523	56.50492	256.5738	427.0682	531.8735	590.5906	664.1102	716.1354	782.1373	856.9315	905.4585	986.9481	1071.874	1100.092
541.2	0	0	0	0.09764901	3.176523	56.50492	256.2585	427.2459	531.577	590.3729	664.4666	716.0066	781.9984	856.9315	904.8232	986.2728	1071.695	1101.413
541.3	0	0	0	0.09764901	3.176523	56.57374	256.2585	427.6012	530.9841	590.1553	664.4666	715.8777	782.9702	856.3362	904.9821	986.4416	1072.947	1101.413
541.4	0	0	0	0.09764901	3.176523	56.71139	256.3373	428.2229	531.4782	589.72	664.229	715.4913	783.8032	855.5921	904.5056	986.7792	1072.768	1102.357
541.5	0	0	0	0.09764901	3.117699	56.71139	256.2585	427.2459	530.8853	590.0464	664.1102	715.3625	784.0808	853.955	903.0761	987.6234	1074.02	1102.169
541.6	0	0	0	0.09764901	3.176523	56.71139	256.2585	427.157	531.7747	589.8288	663.9913	715.4913	783.8032	852.7644	903.0761	988.1298	1073.126	1103.868
541.7	0	0	0	0.09764901	3.176523	56.78022	255.9432	427.5124	532.8618	588.7406	663.8725	715.749	783.109	853.3597	902.282	989.9869	1072.768	1102.546
541.8	0	0	0	0.09764901	3.176523	56.78022	255.3126	427.3347	533.0594	588.8494	664.1102	715.1049	784.2196	854.6992	902.7585	989.1428	1071.338	1101.98
541.9	0	0	0	0.09764901	3.176523	56.64257	255.7067	427.8676	532.6641	588.5229	663.2784	714.8472	782.6926	855.7409	902.5997	989.3116	1071.338	1099.903
542	0	0	0	0.09764901	3.176523	56.78022	255.8643	427.8676	533.4547	588.4141	663.6349	714.8472	782.4149	854.6992	902.9173	990.3245	1070.801	1098.959
542.1	0	0	0	0.09764901	3.176523	56.78022	256.1797	427.2459	532.9606	588.7406	663.0407	714.8472	782.9702	854.6992	901.8055	990.831	1071.159	1099.903
542.2	0	0	0	0.09764901	3.058874	56.71139	256.1008	426.6241	532.7629	589.6111	663.2784	714.5895	783.6643	854.6992	902.282	990.3245	1070.443	1099.525
542.3	0	0	0	0.09764901	3.058874	56.84904	256.5738	426.4464	532.8618	590.5906	662.4466	713.1725	782.5537	853.5085	902.7585	989.9869	1069.192	1097.826
542.4	0	0	0	0.09764901	3.00005	56.71139	256.8102	426.3576	533.1582	591.1347	662.209	714.2031	782.4149	852.4668	903.235	988.4675	1069.549	1096.882
542.5	0	0	0	0.09764901	3.00005	56.57374	256.9679	426.4464	533.7512	592.3318	662.6843	713.3013	781.9984	854.2527	904.5056	988.6363	1069.728	1097.826
542.6	0	0	0	0.09764901	2.882401	56.78022	256.7314	425.9135	532.9606	591.3524	661.7336	712.1418	782.6926	854.1038	904.5056	988.8051	1069.37	1096.693
542.7	0	0	0	0.09764901	2.823576	57.05552	257.2832	426.0912	532.8618	591.0259	661.9713	712.0131	781.7208	853.0621	906.0938	989.3116	1070.622	1096.882
542.8	0	0	0	0.09764901	2.823576	56.98669	257.4408	426.3576	533.3558	590.5906	661.8525	711.8842	782.2761	852.7644	907.3644	989.1428	1072.232	1096.882
542.9	0	0	0	0.09764901	2.823576	56.91787	257.5197	425.9135	533.85	590.5906	662.0901	711.8842	782.6926	853.5085	907.5233	989.8181	1071.695	1096.882
543	0	0	0	0.09764901	2.823576	56.84904	257.2832	426.7129	533.5535	590.3729	661.496	711.1113	782.2761	851.7227	908.3173	988.9739	1072.589	1098.392
543.1	0	0	0	0.09764901	2.823576	56.78022	257.5985	426.3576	533.6523	590.4818	661.7336	711.7554	781.9984	852.1691	907.3644	989.3116	1071.695	1100.28
543.2	0	0	0	0.09764901	2.823576	56.91787	257.6773	426.0912	534.3441	589.2847	661.7336	711.4977	782.6926	851.1273	906.2526	989.6492	1071.159	1099.714
543.3	0	0	0	0.09764901	2.823576	56.84904	257.5197	426.0912	534.3441	589.0671	661.8525	710.3383	782.2761	850.3832	906.8879	990.1557	1070.622	1099.903
543.4	0	0	0	0.09764901	2.705927	57.05552	257.2832	426.2688	534.6406	589.1758	661.7336	709.9518	782.6926	850.2344	906.0938	989.8181	1070.086	1100.658
543.5	0	0	0	0.09764901	2.764752	57.05552	257.4408	426.9794	534.3441	589.5023	661.6149	710.5959	781.1655	850.532	905.6173	988.8051	1070.98	1100.092
543.6	0	0	0	0.09764901	2.764752	56.84904	257.0467	427.2459	533.85	589.8288	661.6149	710.0807	780.6102	850.8297	906.0938	989.8181	1072.947	1099.147
543.7	0	0	0	0.09764901	2.764752	56.71139	256.8891	426.2688	533.5535	590.6994	662.209	709.05	781.0267	852.7644	905.935	989.4804	1073.841	1098.203
543.8	0	0	0	0.09764901	2.882401	56.71139	256.3373	426.0912	534.1464	590.3729	663.2784	709.1789	781.0267	852.7644	905.935	990.1557	1073.126	1097.448
543.9	0	0	0	0.09764901	2.882401	56.71139	256.6526	425.9135	533.6523	590.9171	663.9913	710.3383	780.3325	852.0203	905.6173	989.1428	1071.695	1096.882
544	0	0	0	0.09764901	2.882401	56.78022	256.7314	426.0023	533.5535	591.1347	664.3478	709.823	780.3325	852.0203	906.7291	988.4675	1071.695	1096.882
544.1	0	0	0	0.09764901	2.882401	56.84904	256.8102	425.9135	534.0476	591.2435	664.942	709.823	779.4996	851.8715	906.0938	987.961	1070.265	1095.749
544.2	0	0	0	0.09764901	2.882401	56.84904	256.7314	426.6241	533.6523	591.57	664.8231	709.6942	780.3325	852.6156	906.4114	989.1428	1070.086	1095.749
544.3	0	0	0	0.09764901	2.882401	56.78022	256.2585	426.5353	533.257	590.5906	664.1102	709.05	779.4996	851.7227	905.6173	988.9739	1070.801	1095.182
544.4	0	0	0	0.09764901	2.941225	56.84904	255.7855	425.9135	534.0476	590.2641	664.229	709.6942	779.4996	852.0203	906.2526	988.4675	1070.801	1095.937
544.5	0	0	0	0.09764901	2.941225	56.91787	255.7855	426.7129	534.5417	589.72	663.1595	711.6266	779.2219	851.5738	906.0938	989.6492	1070.98	1094.993
544.6	0	0	0	0.09764901	2.882401	56.71139	255.3914	426.7129	533.9488	589.0671	661.9713	711.7554	779.3608	851.8715	906.5703	990.1557	1070.622	1094.238
544.7	0	0	0	0.09764901	2.882401	56.4361	255.549	426.7129	533.4547	589.6111	661.496	711.8842	779.9161	852.0203	905.1409	991.1687	1072.053	1094.616
544.8	0	0	0	0.09764901	2.882401	56.36727	255.3126	426.5353	532.9606	589.9376	660.9019	713.4301	780.1937	852.3179	903.5526	990.9998	1070.086	1095.371
544.9	0	0	0	0.09764901	2.823576	56.50492	255.549	426.8018	532.9606	589.5023	660.5454	713.559	779.7772	853.3597	903.8702	990.3245	1069.728	1094.993
545	0	0	0	0.09764901	2.823576	56.71139	255.7067	426.8906	532.5652	588.6318	659.8325	713.3013	779.9161	854.4015	903.235	989.9869	1069.013	1096.882
545.1	0	0	0	0.09764901	2.823576	56.50492	255.8643	426.4464	532.5652	588.7406	660.3078	712.6572	779.7772	853.955	902.1232	989.4804	1069.728	1095.371
545.2	0	0	0	0.09764901	2.823576	56.50492	255.7855	426.8018	532.6641	588.0876	659.5948	712.786	778.5278	854.1038	901.9644	987.7922	1068.834	1095.182
545.3	0	0	0	0.09764901	2.823576	56.57374	256.1008	426.4464	532.7629	587.3259	659.9513	712.3995	778.389	854.2527	901.4879	987.961	1069.192	1094.427
545.4	0	0	0	0.09764901	2.823576	56.50492	256.2585	425.647	533.1582	586.3464	658.5254	712.0131	778.2502	853.3597	902.1232	988.8051	1069.192	1093.672
545.5	0	0	0	0.09764901	2.823576	56.4361	256.022	425.7358	532.9606	586.7817	658.5254	711.8842	778.1113	852.6156	901.0114	988.1298	1070.622	1093.483
545.6	0	0	0	0.09764901	2.764752	56.36727	255.8643	425.2029	532.9606	586.8906	658.7631	711.1113	777.9725	852.4668	902.4409	987.961	1071.159	1093.483
545.7	0	0	0	0.09764901	2.764752	56.29845	256.4949	425.2029	532.9606	586.5641	658.7631	710.8536	778.2502	853.3597	903.7114	986.7792	1070.98	1092.539
545.8	0	0	0	0.09764901	2.823576	56.36727	256.5738	425.2917	533.4547	586.5641	659.476	711.2401	776.029	854.6992	902.9173	987.2857	1070.622	1091.406
545.9	0	0	0	0.09764901	2.823576	56.29845	256.7314	425.647	533.5535	586.7817	660.5454	710.5959	775.6125	853.8062	904.1879	986.2728	1070.443	1091.217
546	0	0	0	0.09764901	2.823576	56.22962	257.1255	425.4694	532.3676	586.6729	659.3572	710.8536	776.3066	853.955	904.0291	985.2598	1070.265	1092.161
546.1	0	0	0	0.09764901	2.823576	56.29845	256.4949	425.7358	532.7629	587.87	659.1195	710.3383	774.7795	852.0203	903.7114	984.2469	1070.801	1091.217
546.2	0	0	0	0.09764901	2.941225	56.1608	257.0467	425.647	533.0594	588.7406	659.5948	709.3077	775.3348	851.7227	903.7114	983.9092	1069.907	1090.65
546.3	0	0	0	0.09764901	2.941225	55.95432	257.2832	425.7358	533.85	588.6318	660.0701	708.7924	774.3631	850.6808	903.5526	982.2209	1068.298	1090.462
546.4	0	0	0	0.09764901	3.00005	55.95432	257.6773	426.0023	533.5535	588.8494	658.5254	708.1483	774.3631	850.9785	902.1232	980.7015	1066.867	1089.329
546.5	0	0	0	0.09764901	3.00005	55.95432	257.5985	426.0912	533.0594	588.4141	658.7631	708.0195	774.7795	849.4903	901.8055	980.7015	1067.225	1089.329
546.6	0	0	0	0.09764901	3.00005	55.95432	257.6773	426.18	534.2453	588.4141	658.6442	708.5348	774.5019	851.2762	899.4232	980.3639	1067.403	1089.517
546.7	0	0	0	0.09764901	3.058874	56.36727	258.3079	425.7358	533.5535	587.7612	659.1195	707.5042	774.7795	851.7227	899.4232	980.0262	1067.761	1089.895
546.8	0	0	0	0.09764901	3.058874	56.4361	258.2291	426.3576	532.9606	586.9994	659.0007	707.8907	774.9184	851.2762	897.6761	981.208	1066.867	1089.706
546.9	0	0	0	0.09764901	3.058874	56.36727	258.3867	427.2459	532.2688	587.217	658.5254	707.633	776.029	851.425	897.1996	981.8833	1065.794	1089.517
547	0	0	0	0.09764901	3.058874	56.22962	257.835	427.157	532.6641	586.7817	658.5254	708.1483	776.3066	850.532	896.7231	981.3768	1065.615	1089.706
547.1	0	0	0	0.09764901	3.058874	56.22962	257.835	426.5353	532.17	586.3464	657.8124	708.6636	776.029	850.532	898.4702	981.0392	1065.436	1089.329
547.2	0	0	0	0.09764901	3.058874	56.29845	257.5197	427.2459	532.17	586.02	658.0501	708.2772	775.8901	850.6808	898.3114	980.3639	1066.152	1089.329
547.3	0	0	0	0.09764901	3.058874	56.29845	257.7561	427.2459	532.3676	586.4553	657.9313	707.1177	776.3066	850.2344	897.9938	980.5327	1067.94	1088.762
547.4	0	0	0	0.09764901	3.058874	56.29845	257.4408	428.2229	533.257	586.5641	658.4066	705.8295	775.3348	850.9785	898.1526	982.0521	1069.907	1087.818
547.5	0	0	0	0.09764901	3.058874	56.29845	257.0467	427.157	533.257	586.3464	658.7631	706.4736	774.7795	850.0856	898.629	982.5586	1070.086	1087.818
547.6	0	0	0	0.09764901	3.058874	56.29845	257.362	426.7129	533.7512	586.3464	658.8819	706.2159	774.9184	849.4903	899.1055	983.2339	1070.265	1088.007
547.7	0	0	0	0.09764901	3.117699	56.22962	257.1255	426.7129	533.7512	587.1082	659.2383	705.7006	774.5019	848.7462	898.7879	981.3768	1070.086	1086.307
547.8	0	0	0	0.09764901	3.058874	56.1608	257.2044	426.4464	534.4429	587.6523	660.0701	706.6024	775.7513	849.4903	899.2643	981.3768	1070.801	1087.629
547.9	0	0	0	0.09764901	3.058874	56.09197	257.2832	427.6012	534.1464	588.3053	659.476	706.9889	776.3066	850.0856	898.9467	982.5586	1069.728	1086.307
548	0	0	0	0.09764901	3.00005	56.22962	256.8891	427.2459	533.85	587.87	657.5748	706.7313	776.3066	850.6808	900.3761	982.7274	1069.192	1086.874
548.1	0	0	0	0.09764901	3.00005	56.1608	256.5738	427.6012	534.8382	587.3259	657.3372	706.7313	777.6949	850.0856	900.6938	983.7404	1068.476	1086.119
548.2	0	0	0	0.09764901	3.00005	56.09197	256.6526	427.7788	534.4429	586.7817	655.7924	707.1177	778.5278	851.425	900.3761	983.9092	1067.582	1086.307
548.3	0	0	0	0.09764901	3.00005	56.02315	256.2585	427.3347	534.8382	586.8906	655.6736	706.86	777.556	851.2762	901.329	984.0781	1068.476	1088.196
548.4	0	0	0	0.09764901	3.00005	55.67902	257.0467	427.2459	534.5417	586.2376	655.6736	706.86	777.556	851.2762	901.329	983.5716	1067.582	1087.44
548.5	0	0	0	0.09764901	2.941225	55.74785	257.1255	427.3347	534.5417	586.9994	655.6736	705.7006	777.4172	851.7227	900.2173	983.9092	1067.403	1086.685
548.6	0	0	0	0.09764901	3.00005	55.81667	257.2832	426.9794	535.0359	587.6523	655.9113	705.8295	777.556	851.425	899.7408	984.4157	1067.046	1087.251
548.7	0	0	0	0.09764901	3.00005	55.95432	257.5985	426.5353	535.0359	587.217	655.1983	706.2159	777.556	851.1273	899.1055	983.9092	1064.9	1088.384
548.8	0	0	0	0.09764901	3.00005	55.95432	257.9138	426.7129	535.7277	586.9994	655.3171	705.9583	777.556	851.7227	898.629	984.5845	1064.006	1087.251
548.9	0	0	0	0.09764901	3.00005	55.95432	257.9138	426.5353	535.6288	586.6729	655.6736	706.2159	777.556	851.2762	898.629	985.4286	1064.006	1087.44
549	0	0	0	0.09764901	3.00005	55.95432	257.4408	426.9794	534.8382	587.217	655.436	706.2159	775.4737	851.2762	896.7231	985.2598	1064.9	1087.818
549.1	0	0	0	0.09764901	3.00005	55.8855	257.362	426.3576	534.6406	587.9788	655.5548	706.3448	775.196	850.532	896.7231	983.7404	1064.185	1088.573
549.2	0	0	0	0.09764901	3.00005	56.09197	257.1255	426.2688	534.4429	588.1965	655.436	706.9889	774.6407	851.1273	897.3585	983.9092	1064.9	1089.329
549.3	0	0	0	0.09764901	3.00005	56.36727	256.5738	426.0023	534.3441	588.1965	655.0795	707.3754	774.5019	851.425	895.7702	984.9222	1064.542	1089.517
549.4	0	0	0	0.09764901	2.941225	56.57374	256.022	426.18	534.3441	587.7612	654.723	707.5042	773.8078	850.532	895.4526	985.4286	1065.436	1089.517
549.5	0	0	0	0.09764901	2.941225	56.78022	256.022	425.647	534.3441	587.9788	653.8912	707.1177	774.7795	851.8715	895.6114	985.9351	1065.794	1088.762
549.6	0	0	0	0.09764901	2.941225	56.71139	256.4949	425.2029	534.6406	587.4347	653.5348	708.0195	775.4737	850.8297	895.929	984.2469	1064.542	1089.517
549.7	0	0	0	0.09764901	2.941225	56.78022	256.7314	425.4694	534.7394	587.3259	653.2971	708.4059	774.7795	851.1273	894.0231	984.0781	1064.363	1088.762
549.8	0	0	0	0.09764901	2.941225	56.57374	256.6526	425.647	534.8382	587.5435	653.2971	708.4059	775.196	850.532	892.5938	983.4028	1064.363	1088.196
549.9	0	0	0	0.09764901	2.941225	56.36727	256.8891	425.8247	534.7394	587.3259	653.0595	708.1483	775.6125	850.8297	893.3878	983.0651	1063.291	1088.573
550	0	0	0	0.09764901	3.00005	56.1608	257.2044	426.0912	535.1347	587.5435	652.703	708.1483	775.4737	851.425	894.0231	984.7534	1062.933	1089.14
550.1	0	0	0	-0.04235099	-1.07995	-17.2792	-68.90506	-101.24	-114.3265	-114.1147	-115.9147	-116.0417	-117.9263	-120.8062	-118.8792	-122.9873	-125.5072	-121.8226
550.2	0	0	0	-0.04235099	-1.07995	-17.21568	-68.65096	-100.9012	-114.0936	-113.7548	-115.4064	-115.7029	-117.5028	-120.4886	-118.4981	-122.6061	-125.0836	-121.4626
550.3	0	0	0	-0.04235099	-1.07995	-17.17333	-68.39685	-100.5412	-113.7336	-113.3312	-115.11	-115.3429	-117.2911	-120.0439	-118.1169	-122.1826	-124.5331	-121.0815
550.4	0	0	0	-0.04235099	-1.07995	-17.13098	-68.14274	-100.2236	-113.3948	-112.9924	-114.6441	-115.0676	-116.8676	-119.6839	-117.6722	-121.8438	-124.1519	-120.7638
550.5	0	0	0	-0.04235099	-1.07995	-17.04627	-67.90981	-99.90598	-112.9289	-112.5901	-114.3688	-114.7288	-116.5076	-119.4298	-117.3758	-121.5262	-123.8131	-120.5309
550.6	0	0	0	-0.04235099	-1.07995	-16.9404	-67.76158	-99.75775	-112.6325	-112.2301	-113.9877	-114.3053	-116.1264	-119.0486	-116.9946	-121.1874	-123.2202	-120.2133
550.7	0	0	0	-0.04235099	-1.07995	-16.91922	-67.52865	-99.37659	-112.3148	-111.8278	-113.6912	-113.7759	-115.5123	-118.7522	-116.5499	-120.9333	-122.8179	-119.8957
550.8	0	0	0	-0.04235099	-1.07995	-16.87687	-67.29572	-98.93191	-111.9972	-111.4678	-113.183	-113.4159	-114.9829	-118.244	-116.317	-120.5309	-122.4791	-119.3874
550.9	0	0	0	-0.04235099	-1.07995	-16.72864	-66.97809	-98.61428	-111.7854	-111.129	-112.8019	-112.9501	-114.4959	-118.011	-116.0629	-120.1921	-122.0344	-118.9427
551	0	0	0	-0.04235099	-1.07995	-16.66511	-66.72398	-98.21194	-111.3831	-110.7267	-112.5689	-112.696	-114.0724	-117.524	-115.7453	-119.8533	-121.7167	-118.5192
551.1	0	0	0	-0.04235099	-1.07995	-16.62276	-66.57575	-97.85196	-111.1078	-110.3032	-112.2725	-112.2936	-113.7759	-117.0158	-115.3006	-119.4298	-121.2721	-118.1381
551.2	0	0	0	-0.04235099	-1.07995	-16.60159	-66.364	-97.5555	-110.769	-109.9432	-112.0819	-112.0184	-113.3948	-116.7829	-114.9194	-119.218	-120.9968	-117.8204
551.3	0	0	0	-0.04235099	-1.058775	-16.49571	-66.13107	-97.28022	-110.3243	-109.5408	-111.7431	-111.6796	-112.9077	-116.317	-114.5382	-118.7945	-120.5521	-117.3546
551.4	0	0	0	-0.04235099	-1.058775	-16.47453	-65.94049	-96.92023	-109.8585	-109.1385	-111.4255	-111.3831	-112.5054	-115.9147	-114.2841	-118.1593	-120.1709	-116.9311
551.5	0	0	0	-0.04235099	-1.058775	-16.43218	-65.62286	-96.49673	-109.5408	-108.7785	-110.9384	-110.9596	-112.1242	-115.5547	-113.9242	-117.7357	-119.8957	-116.6134
551.6	0	0	0	-0.04235099	-1.058775	-16.43218	-65.45345	-96.22145	-109.1385	-108.4609	-110.5784	-110.4726	-111.7854	-115.2582	-113.543	-117.3546	-119.451	-116.2111
551.7	0	0	0	-0.04235099	-1.058775	-16.41101	-65.09347	-95.94617	-108.715	-108.3338	-110.1126	-110.0702	-111.2561	-114.8982	-113.2042	-117.0158	-119.2392	-115.957
551.8	0	0	0	-0.04235099	-1.058775	-16.32631	-64.81819	-95.60736	-108.355	-108.0162	-109.8161	-109.6255	-110.9596	-114.5594	-112.9289	-116.677	-118.9004	-115.7029
551.9	0	0	0	-0.04235099	-1.058775	-16.30513	-64.58526	-95.26855	-108.0374	-107.6562	-109.4561	-109.202	-110.5996	-114.1147	-112.3995	-116.3382	-118.6463	-115.4488
552	0	0	0	-0.04235099	-1.058775	-16.26278	-64.22527	-95.01444	-107.7409	-107.5292	-109.1385	-108.7997	-110.1973	-113.6912	-111.9972	-115.7876	-118.3075	-115.1947
552.1	0	0	0	-0.04235099	-1.058775	-16.1569	-64.05587	-94.67564	-107.2539	-107.1268	-108.842	-108.3974	-109.7738	-113.4795	-111.7219	-115.4911	-117.9687	-114.8559
552.2	0	0	0	-0.04235099	-1.058775	-16.05103	-63.82294	-94.29448	-106.9151	-106.7668	-108.4821	-108.1644	-109.3291	-113.1618	-111.3619	-115.0253	-117.5663	-114.4324
552.3	0	0	0	-0.04235099	-1.058775	-15.9875	-63.59001	-93.87096	-106.5974	-106.2375	-108.0162	-107.8468	-108.9691	-112.7595	-111.1502	-114.6865	-117.1005	-114.1359
552.4	0	0	0	-0.04235099	-1.058775	-15.92397	-63.44178	-93.53216	-106.3433	-105.9834	-107.5292	-107.4021	-108.6515	-112.4419	-110.7902	-114.3053	-116.7617	-113.6701
552.5	0	0	0	-0.04235099	-1.058775	-15.83927	-63.2512	-93.17217	-106.0469	-105.6022	-107.148	-106.9786	-108.3974	-112.0395	-110.4514	-114.0724	-116.2958	-113.3948
552.6	0	0	0	-0.04235099	-1.037599	-15.77574	-62.89122	-92.85455	-105.5598	-105.3904	-106.6398	-106.6821	-108.228	-111.6584	-110.049	-113.7548	-115.6606	-113.0136
552.7	0	0	0	-0.04235099	-1.037599	-15.73339	-62.80652	-92.45221	-105.2634	-104.9669	-106.301	-106.4916	-107.9527	-111.3408	-109.6679	-113.4795	-115.2794	-112.5478
552.8	0	0	0	-0.04235099	-1.037599	-15.56399	-62.72181	-92.21928	-104.9881	-104.6916	-105.941	-106.1528	-107.5503	-111.0866	-109.3503	-113.2465	-115.0041	-112.2725
552.9	0	0	0	-0.04235099	-1.037599	-15.43694	-62.55241	-92.00752	-104.6493	-104.1834	-105.454	-105.8775	-107.0633	-110.8325	-109.0326	-112.8654	-114.623	-111.9337
553	0	0	0	-0.04235099	-1.037599	-15.41576	-62.36183	-91.75342	-104.4587	-103.9505	-105.1787	-105.5598	-106.8515	-110.409	-108.6938	-112.6325	-114.2206	-111.616
553.1	0	0	0	-0.04235099	-1.037599	-15.37341	-62.19243	-91.41461	-104.0776	-103.8023	-104.8822	-105.3269	-106.5974	-110.0279	-108.2703	-111.9548	-113.7759	-111.1713
553.2	0	0	0	-0.04235099	-1.037599	-15.33106	-61.87479	-91.24521	-103.8658	-103.3152	-104.6069	-104.9246	-106.2586	-109.7314	-107.9738	-111.5737	-113.3524	-110.7267
553.3	0	0	0	-0.04235099	-1.037599	-15.28871	-61.70539	-90.9911	-103.4423	-102.9976	-104.3952	-104.5434	-105.8351	-109.3714	-107.5927	-111.2772	-113.0348	-110.3243
553.4	0	0	0	-0.04235099	-1.037599	-15.24636	-61.49364	-90.71582	-103.0188	-102.807	-104.0987	-104.1199	-105.4751	-109.0538	-107.2962	-110.9808	-112.7172	-109.9643
553.5	0	0	0	-0.04235099	-1.037599	-15.20401	-61.23953	-90.37701	-102.6164	-102.4259	-103.887	-103.887	-105.1152	-108.7785	-107.0633	-110.4514	-112.1878	-109.6467
553.6	0	0	0	-0.04235099	-1.037599	-15.16165	-60.98542	-90.22878	-102.3412	-101.96	-103.5905	-103.5693	-104.734	-108.4397	-106.7033	-110.0702	-111.8913	-109.2867
553.7	0	0	0	-0.04235099	-1.037599	-15.07695	-60.85837	-90.0382	-102.0871	-101.6212	-103.2094	-103.2517	-104.3952	-108.1221	-106.3433	-109.6044	-111.5102	-108.8844
553.8	0	0	0	-0.04235099	-1.037599	-15.05578	-60.73132	-89.80527	-101.7483	-101.2612	-102.7223	-102.9341	-104.0776	-107.7409	-105.9198	-109.1597	-111.1078	-108.5879
553.9	0	0	0	-0.04235099	-1.037599	-14.99225	-60.58309	-89.52999	-101.4094	-100.9436	-102.3412	-102.7223	-103.7176	-107.2539	-105.5387	-108.7997	-110.769	-108.3127
554	0	0	0	-0.04235099	-1.037599	-14.9499	-60.43486	-89.17001	-101.1553	-100.7318	-102.0235	-102.2565	-103.4423	-106.7668	-105.2634	-108.4821	-110.3879	-107.9103
554.1	0	0	0	-0.04235099	-1.037599	-14.8652	-60.22311	-88.97943	-100.7954	-100.3295	-101.6847	-101.9177	-103.1247	-106.4492	-104.9457	-108.0585	-109.8373	-107.4021
554.2	0	0	0	-0.04235099	-1.037599	-14.7805	-60.0537	-88.6618	-100.4565	-100.0754	-101.24	-101.6636	-102.6588	-106.0892	-104.7128	-107.7197	-109.4561	-107.0633
554.3	0	0	0	-0.04235099	-1.037599	-14.71697	-59.73607	-88.42886	-100.1177	-99.7154	-101.0706	-101.3883	-102.1929	-105.7928	-104.3528	-107.2962	-109.0961	-106.7668
554.4	0	0	0	-0.04235099	-1.037599	-14.69579	-59.63019	-88.11123	-99.7154	-99.44012	-100.6895	-100.9648	-101.7906	-105.3057	-104.0352	-107.0845	-108.7362	-106.5127
554.5	0	0	0	-0.04235099	-1.016424	-14.67462	-59.48196	-87.83595	-99.22837	-99.18602	-100.4142	-100.6471	-101.3883	-104.8822	-103.7599	-106.661	-108.3127	-106.1104
554.6	0	0	0	-0.04235099	-1.016424	-14.65344	-59.24903	-87.56067	-98.93191	-98.7625	-100.1601	-100.2871	-101.0706	-104.5434	-103.5058	-106.3645	-108.0162	-105.7504
554.7	0	0	0	-0.04235099	-1.016424	-14.58992	-59.0161	-87.32774	-98.65663	-98.339	-99.73658	-99.92716	-100.6895	-104.2681	-103.2941	-105.941	-107.5927	-105.2846
554.8	0	0	0	-0.02117549	-1.016424	-14.54756	-58.78317	-87.07363	-98.31782	-98.08489	-99.48248	-99.7154	-100.4142	-103.9929	-103.1035	-105.7081	-107.2327	-104.9034
554.9	0	0	0	-0.02117549	-1.016424	-14.52639	-58.57142	-86.81953	-98.00019	-97.70374	-99.05896	-99.39777	-99.92716	-103.5905	-102.8282	-105.4328	-106.8727	-104.4587
555	0	0	0	-0.02117549	-1.016424	-14.50521	-58.38084	-86.54424	-97.57668	-97.28022	-98.80486	-99.03779	-99.546	-103.3576	-102.5317	-105.094	-106.5974	-104.0564
555.1	0	0	0	-0.02117549	-1.016424	-14.50521	-58.19026	-86.12074	-97.11082	-96.94141	-98.36017	-98.6778	-98.99544	-103.0611	-102.2353	-104.5858	-106.2586	-103.6329
555.2	0	0	0	-0.02117549	-1.016424	-14.44169	-57.99968	-85.8878	-96.70848	-96.56026	-98.12724	-98.339	-98.65663	-102.7223	-102.0024	-104.2893	-106.0257	-103.2517
555.3	0	0	0	-0.02117549	-1.016424	-14.44169	-57.76675	-85.73958	-96.39085	-96.17909	-97.70374	-98.02136	-98.38135	-102.4894	-101.5788	-103.9293	-105.6234	-102.9764
555.4	0	0	0	-0.02117549	-1.016424	-14.39934	-57.49147	-85.48547	-96.03087	-95.84029	-97.3014	-97.76726	-97.93666	-102.32	-101.1977	-103.4423	-105.3904	-102.68
555.5	0	0	0	-0.02117549	-1.016424	-14.37816	-57.32206	-85.27372	-95.64971	-95.48031	-96.81436	-97.5555	-97.61903	-102.0659	-100.8801	-103.04	-104.9246	-102.2988
555.6	0	0	0	-0.02117549	-1.016424	-14.31463	-57.08913	-84.91373	-95.33208	-95.2262	-96.4332	-97.34375	-97.25905	-101.7271	-100.6683	-102.8282	-104.6069	-101.9177
555.7	0	0	0	-0.02117549	-1.016424	-14.31463	-56.79268	-84.70198	-95.07797	-95.09914	-96.11557	-97.04729	-96.92023	-101.4518	-100.3507	-102.5106	-104.3105	-101.6212
555.8	0	0	0	-0.02117549	-1.016424	-14.27228	-56.58092	-84.5114	-94.69681	-94.76034	-95.79794	-96.85671	-96.56026	-101.1553	-100.0542	-102.2141	-104.0352	-101.1765
555.9	0	0	0	-0.02117549	-1.016424	-14.25111	-56.43269	-84.17259	-94.31565	-94.42153	-95.35325	-96.51791	-96.2638	-100.7742	-99.7154	-101.9812	-103.6752	-100.753
556	0	0	0	-0.02117549	-1.016424	-14.20876	-56.26329	-83.91849	-94.0192	-94.12508	-95.12032	-96.17909	-95.73441	-100.3507	-99.33424	-101.7271	-103.3152	-100.4777
556.1	0	0	0	-0.02117549	-1.016424	-14.18758	-56.03036	-83.68555	-93.74391	-93.78626	-94.69681	-95.88264	-95.45913	-99.94833	-98.95309	-101.3671	-102.9129	-100.1601
556.2	0	0	0	-0.02117549	-1.016424	-14.16641	-55.90331	-83.4738	-93.42628	-93.61686	-94.46388	-95.43795	-95.07797	-99.65188	-98.6778	-101.0495	-102.5953	-99.88481
556.3	0	0	0	-0.02117549	-1.016424	-14.12405	-55.71273	-83.28322	-93.0663	-93.02395	-94.12508	-95.14149	-94.86622	-99.08014	-98.2543	-100.5201	-102.2565	-99.48248
556.4	0	0	0	-0.02117549	-1.016424	-14.12405	-55.4798	-83.13499	-92.76984	-92.62161	-93.84979	-94.71799	-94.54858	-98.72015	-97.78844	-100.266	-101.9177	-99.16484
556.5	0	0	0	-0.02117549	-1.016424	-14.06053	-55.22569	-82.73266	-92.43103	-92.40986	-93.57451	-94.4427	-94.31565	-98.55075	-97.4708	-99.86363	-101.5577	-98.88956
556.6	0	0	0	-0.02117549	-1.016424	-14.01818	-55.07746	-82.30915	-92.13457	-92.13457	-93.34158	-94.16743	-94.14625	-98.31782	-97.06847	-99.44012	-101.3247	-98.6778
556.7	0	0	0	-0.02117549	-1.016424	-13.97583	-54.90806	-82.11857	-91.81695	-91.88047	-93.12982	-93.76509	-93.78626	-98.08489	-96.72966	-99.22837	-101.0071	-98.31782
556.8	0	0	0	-0.02117549	-1.016424	-13.9123	-54.6963	-81.92799	-91.54166	-91.52048	-92.79102	-93.57451	-93.48981	-97.74609	-96.64496	-98.86839	-100.7107	-97.95784
556.9	0	0	0	-0.02117549	-1.016424	-13.84877	-54.48455	-81.65271	-91.26638	-91.09698	-92.47338	-93.29923	-93.10865	-97.36492	-96.3485	-98.65663	-100.4354	-97.61903
557	0	0	0	-0.02117549	-1.016424	-13.78525	-54.31514	-81.3139	-91.01228	-90.73699	-92.09222	-92.91807	-92.79102	-97.132	-96.03087	-98.27547	-100.0542	-97.28022
557.1	0	0	0	-0.02117549	-1.016424	-13.70055	-54.18809	-80.97509	-90.69464	-90.54642	-91.68989	-92.51573	-92.43103	-96.89906	-95.67088	-97.76726	-99.84245	-96.94141
557.2	0	0	0	-0.02117549	-0.9952483	-13.67937	-53.87046	-80.80569	-90.37701	-90.10173	-91.49931	-92.28281	-92.1134	-96.70848	-95.48031	-97.49197	-99.56718	-96.62378
557.3	0	0	0	-0.02117549	-0.9952483	-13.63702	-53.67988	-80.55158	-90.08055	-89.88998	-91.18168	-92.00752	-91.75342	-96.45438	-95.35325	-97.06847	-99.16484	-96.4332
557.4	0	0	0	-0.02117549	-0.9952483	-13.61584	-53.61635	-80.31865	-89.76292	-89.57234	-90.90639	-91.79577	-91.45696	-96.13674	-95.05679	-96.75083	-98.93191	-96.11557
557.5	0	0	0	-0.02117549	-0.9952483	-13.61584	-53.42577	-80.14925	-89.33941	-89.23354	-90.65229	-91.58401	-91.20286	-95.81911	-94.78152	-96.4332	-98.72015	-95.71323
557.6	0	0	0	-0.02117549	-0.9952483	-13.57349	-53.19284	-80.04337	-89.04295	-89.02178	-90.22878	-91.28756	-90.75817	-95.37443	-94.59093	-96.07322	-98.40253	-95.24738
557.7	0	0	0	-0.02117549	-0.9952483	-13.57349	-53.04461	-79.68339	-88.76767	-88.78885	-90.0382	-91.11816	-90.44054	-95.03562	-94.16743	-95.84029	-98.14841	-95.09914
557.8	0	0	0	-0.02117549	-0.9952483	-13.53114	-52.81168	-79.47163	-88.42886	-88.55592	-89.76292	-90.73699	-90.05938	-94.71799	-93.95567	-95.54383	-97.85196	-94.84504
557.9	0	0	0	-0.02117549	-0.9740728	-13.50997	-52.59993	-79.25987	-88.19594	-88.19594	-89.48764	-90.46172	-89.80527	-94.25213	-93.63804	-95.2262	-97.4708	-94.76034
558	0	0	0	-0.02117549	-0.9740728	-13.46761	-52.2823	-79.02695	-87.92065	-87.85712	-89.36059	-90.1229	-89.55116	-94.0192	-93.36275	-94.95092	-97.04729	-94.5274
558.1	0	0	0	-0.02117549	-0.9528973	-13.44644	-52.11289	-78.70931	-87.75125	-87.5395	-89.0853	-89.88998	-89.29706	-93.68039	-92.9816	-94.59093	-96.64496	-94.20978
558.2	0	0	0	-0.02117549	-0.9528973	-13.40409	-51.87996	-78.49756	-87.51832	-87.20068	-88.8312	-89.55116	-89.12766	-93.44746	-92.72749	-94.29448	-96.36967	-93.84979
558.3	0	0	0	-0.02117549	-0.9528973	-13.34056	-51.73173	-78.26463	-87.20068	-86.96776	-88.59827	-89.23354	-89.0006	-93.10865	-92.40986	-94.1039	-96.03087	-93.68039
558.4	0	0	0	-0.02117549	-0.9528973	-13.27703	-51.5835	-78.1164	-86.90423	-86.54424	-88.25946	-88.89473	-88.68297	-92.91807	-92.0287	-93.76509	-95.75558	-93.48981
558.5	0	0	0	-0.02117549	-0.9528973	-13.17116	-51.47763	-77.947	-86.6713	-86.18427	-87.85712	-88.61945	-88.40769	-92.57926	-91.77459	-93.40511	-95.3956	-93.3204
558.6	0	0	0	-0.02117549	-0.9528973	-13.12881	-51.26587	-77.67171	-86.31132	-85.93016	-87.5395	-88.36534	-87.98418	-92.32516	-91.43578	-93.29923	-95.18385	-93.04512
558.7	0	0	0	-0.02117549	-0.9528973	-13.06528	-51.11765	-77.41761	-85.97251	-85.57018	-87.20068	-88.04771	-87.6242	-92.07105	-91.18168	-93.00277	-94.97209	-92.85455
558.8	0	0	0	-0.02117549	-0.9528973	-13.00175	-51.01176	-77.20586	-85.65488	-85.12549	-86.79836	-87.77242	-87.22186	-91.81695	-90.86404	-92.68514	-94.61211	-92.68514
558.9	0	0	0	-0.02117549	-0.9528973	-12.98058	-50.73648	-76.82469	-85.46429	-84.65963	-86.50189	-87.41245	-86.79836	-91.43578	-90.41936	-92.32516	-94.2733	-92.30398
559	0	0	0	-0.02117549	-0.9528973	-12.91705	-50.52473	-76.44353	-85.37959	-84.32082	-86.22662	-87.28539	-86.58659	-91.13933	-90.14408	-92.07105	-93.99802	-92.04987
559.1	0	0	0	-0.02117549	-0.9528973	-12.89588	-50.33415	-76.1259	-85.08314	-84.19376	-85.84545	-86.98893	-86.22662	-90.86404	-89.84763	-91.73224	-93.76509	-91.75342
559.2	0	0	0	-0.02117549	-0.9317217	-12.83235	-50.27062	-75.8718	-84.8502	-84.00319	-85.50665	-86.71365	-85.99368	-90.56759	-89.50881	-91.39343	-93.40511	-91.68989
559.3	0	0	0	-0.02117549	-0.9317217	-12.74765	-50.12239	-75.66004	-84.65963	-83.77026	-85.37959	-86.39602	-85.6337	-90.39819	-89.27589	-91.09698	-93.12982	-91.41461
559.4	0	0	0	-0.02117549	-0.9105462	-12.7053	-50.03769	-75.38476	-84.342	-83.4738	-85.16784	-86.16309	-85.27372	-90.05938	-88.93708	-90.58877	-92.85455	-91.18168
559.5	0	0	0	-0.02117549	-0.9105462	-12.7053	-49.93182	-75.0883	-84.10906	-83.26205	-84.89256	-85.78193	-84.99844	-89.82645	-88.7465	-90.39819	-92.60044	-90.96992
559.6	0	0	0	-0.02117549	-0.9105462	-12.66295	-49.74124	-74.85537	-83.74908	-83.07146	-84.61728	-85.59135	-84.74433	-89.61469	-88.47121	-90.2076	-92.38868	-90.73699
559.7	0	0	0	-0.02117549	-0.9105462	-12.59942	-49.46595	-74.77067	-83.62202	-82.88088	-84.40552	-85.23137	-84.4267	-89.17001	-88.32299	-89.88998	-92.13457	-90.41936
559.8	0	0	0	-0.02117549	-0.9105462	-12.57824	-49.29655	-74.62244	-83.36792	-82.54208	-84.02436	-85.01961	-84.15141	-88.85237	-88.09006	-89.50881	-91.88047	-90.18643
559.9	0	0	0	-0.02117549	-0.9105462	-12.49354	-49.21185	-74.34716	-83.15617	-82.28797	-83.79144	-84.6808	-83.91849	-88.51357	-87.7936	-89.36059	-91.56284	-89.93233
560	0	0	0	-0.02117549	-0.9105462	-12.40884	-49.0001	-74.0507	-82.85971	-82.01269	-83.4738	-84.27847	-83.62202	-88.17476	-87.51832	-89.10648	-91.37226	-89.72057
560.1	0	0	0	-0.02117549	-0.9105462	-12.40884	-48.83069	-73.81777	-82.62678	-81.75858	-83.17735	-84.13024	-83.36792	-87.94183	-87.26421	-88.70415	-91.05463	-89.21236
560.2	0	0	0	-0.02117549	-0.9105462	-12.36649	-48.59776	-73.60602	-82.28797	-81.52566	-82.88088	-83.83379	-83.09264	-87.77242	-86.90423	-88.42886	-90.73699	-88.9159
560.3	0	0	0	-0.02117549	-0.9105462	-12.36649	-48.49188	-73.35191	-81.99152	-81.29272	-82.54208	-83.6432	-82.79618	-87.47597	-86.60777	-88.06888	-90.44054	-88.68297
560.4	0	0	0	-0.02117549	-0.9105462	-12.34531	-48.34365	-73.11898	-81.67388	-80.99627	-82.22444	-83.34675	-82.4362	-87.15833	-86.26897	-87.96301	-90.18643	-88.53474
560.5	0	0	0	-0.02117549	-0.9105462	-12.26061	-48.1319	-72.90723	-81.52566	-80.72099	-82.07622	-83.02911	-82.16092	-86.94658	-86.03603	-87.7936	-89.93233	-88.23829
560.6	0	0	0	-0.02117549	-0.9105462	-12.21826	-48.02602	-72.48372	-81.3139	-80.38218	-81.84328	-82.79618	-81.86446	-86.62894	-85.8031	-87.49715	-89.63587	-87.81477
560.7	0	0	0	-0.02117549	-0.9105462	-12.15473	-47.83544	-72.18726	-81.14449	-80.1916	-81.52566	-82.5209	-81.52566	-86.22662	-85.6337	-87.22186	-89.38176	-87.51832
560.8	0	0	0	-0.02117549	-0.9105462	-12.13356	-47.66604	-71.8908	-80.80569	-79.78926	-81.3139	-82.39385	-81.3139	-85.8878	-85.44312	-87.05246	-89.12766	-87.11598
560.9	0	0	0	-0.02117549	-0.9105462	-12.11238	-47.47546	-71.6367	-80.33983	-79.59869	-80.86922	-82.18209	-80.93274	-85.52782	-85.16784	-86.86188	-88.89473	-87.01011
561	0	0	0	-0.02117549	-0.9105462	-12.07003	-47.30605	-71.40377	-80.17043	-79.2387	-80.69981	-81.94917	-80.69981	-85.16784	-84.87138	-86.69247	-88.55592	-86.756
561.1	0	0	0	-0.02117549	-0.9105462	-12.04886	-47.15783	-71.06496	-80.04337	-78.96342	-80.50923	-81.63153	-80.5304	-84.89256	-84.65963	-86.35367	-88.28064	-86.39602
561.2	0	0	0	-0.02117549	-0.9105462	-11.98533	-46.94607	-70.91673	-79.74691	-78.66696	-80.23395	-81.33508	-80.29748	-84.38435	-84.38435	-85.95133	-88.04771	-86.03603
561.3	0	0	0	-0.02117549	-0.9105462	-11.98533	-46.79784	-70.62028	-79.38693	-78.41286	-79.95866	-81.16567	-80.08572	-84.13024	-84.13024	-85.57018	-87.66655	-85.8031
561.4	0	0	0	-0.02117549	-0.9105462	-11.87945	-46.60726	-70.36617	-79.154	-78.15875	-79.57751	-80.99627	-79.81044	-83.81261	-83.85496	-85.18902	-87.32774	-85.59135
561.5	0	0	0	-0.02117549	-0.9105462	-11.79475	-46.50138	-70.04854	-78.85754	-77.98935	-79.36575	-80.59393	-79.53516	-83.49497	-83.5585	-84.97726	-87.03128	-85.35842
561.6	0	0	0	-0.02117549	-0.8893708	-11.79475	-46.31081	-69.85796	-78.51873	-77.62936	-79.154	-80.31865	-79.28105	-83.32557	-83.28322	-84.61728	-86.88306	-85.21019
561.7	0	0	0	-0.02117549	-0.8893708	-11.77357	-46.16258	-69.4768	-78.24345	-77.31173	-78.85754	-80.02219	-78.94225	-83.09264	-83.09264	-84.21494	-86.65012	-84.97726
561.8	0	0	0	-0.02117549	-0.8893708	-11.7524	-46.03553	-69.15916	-77.90465	-77.05762	-78.58226	-79.68339	-78.64579	-82.81736	-82.88088	-84.06671	-86.41719	-84.6808
561.9	0	0	0	-0.02117549	-0.8893708	-11.71005	-45.90847	-68.94741	-77.71407	-76.86704	-78.2011	-79.49281	-78.24345	-82.62678	-82.64796	-83.83379	-86.16309	-84.44787
562	0	0	0	-0.02117549	-0.8893708	-11.68887	-45.78142	-68.69331	-77.41761	-76.67647	-78.05287	-79.28105	-78.01052	-82.20327	-82.49973	-83.57967	-85.93016	-84.08789
562.1	0	0	0	-0.02117549	-0.8893708	-11.6677	-45.61201	-68.5239	-77.09998	-76.42236	-77.77759	-78.92107	-77.69289	-81.82211	-82.07622	-83.36792	-85.59135	-83.81261
562.2	0	0	0	-0.02117549	-0.8893708	-11.60417	-45.52731	-68.18509	-76.82469	-76.23178	-77.58701	-78.68814	-77.37526	-81.71623	-81.80093	-83.07146	-85.18902	-83.51615
562.3	0	0	0	-0.02117549	-0.8893708	-11.583	-45.35791	-67.93098	-76.63412	-75.93533	-77.45996	-78.34933	-77.12115	-81.46213	-81.54683	-82.77501	-84.8502	-83.24087
562.4	0	0	0	-0.02117549	-0.8893708	-11.51947	-45.25203	-67.69806	-76.38001	-75.68122	-77.16351	-78.1164	-76.76117	-81.16567	-81.27155	-82.54208	-84.55375	-83.02911
562.5	0	0	0	-0.02117549	-0.8893708	-11.47712	-45.14615	-67.52865	-76.16825	-75.40594	-76.93057	-77.90465	-76.61294	-80.86922	-80.86922	-82.20327	-84.342	-82.79618
562.6	0	0	0	-0.02117549	-0.8893708	-11.41359	-45.06145	-67.16867	-75.9565	-74.98243	-76.57059	-77.75642	-76.42236	-80.59393	-80.59393	-81.82211	-83.98201	-82.5209
562.7	0	0	0	-0.02117549	-0.8681953	-11.35007	-44.87087	-66.89339	-75.82944	-74.81302	-76.27413	-77.50231	-76.2106	-80.21278	-80.29748	-81.58918	-83.57967	-82.22444
562.8	0	0	0	-0.02117549	-0.8681953	-11.26536	-44.78617	-66.6181	-75.70239	-74.62244	-76.02003	-77.29056	-75.9565	-80.00101	-80.02219	-81.3139	-83.34675	-82.03387
562.9	0	0	0	-0.02117549	-0.8470198	-11.26536	-44.68029	-66.42753	-75.46946	-74.41069	-75.74474	-77.14233	-75.63887	-79.68339	-79.76809	-81.10214	-83.05029	-81.80093
563	0	0	0	-0.02117549	-0.8470198	-11.26536	-44.59559	-66.2793	-75.21535	-74.19894	-75.46946	-77.01527	-75.51181	-79.36575	-79.53516	-80.99627	-82.81736	-81.58918
563.1	0	0	0	-0.02117549	-0.8470198	-11.24419	-44.53207	-66.08871	-75.0036	-74.0507	-75.15183	-76.86704	-75.30006	-79.13282	-79.30222	-80.76334	-82.54208	-81.33508
563.2	0	0	0	-0.02117549	-0.8470198	-11.20184	-44.38383	-65.85579	-74.81302	-73.86012	-74.8342	-76.71882	-75.04595	-78.89989	-79.04812	-80.361	-82.03387	-81.14449
563.3	0	0	0	-0.02117549	-0.8470198	-11.15949	-44.12973	-65.68639	-74.51656	-73.6272	-74.66479	-76.50706	-74.85537	-78.58226	-78.81519	-80.08572	-81.73741	-80.97509
563.4	0	0	0	-0.02117549	-0.8470198	-11.11714	-43.9815	-65.51698	-74.34716	-73.37309	-74.51656	-76.35883	-74.55891	-78.39168	-78.60344	-79.85279	-81.56801	-80.78452
563.5	0	0	0	-0.02117549	-0.8258443	-11.09596	-43.87563	-65.36875	-74.11423	-73.03428	-74.38951	-75.97768	-74.26246	-78.24345	-78.45521	-79.51398	-81.25037	-80.48805
563.6	0	0	0	-0.02117549	-0.8258443	-11.03243	-43.68504	-65.19935	-73.92365	-72.82253	-74.11423	-75.70239	-74.02953	-77.92582	-78.24345	-79.28105	-80.80569	-80.12807
563.7	0	0	0	-0.02117549	-0.8258443	-11.03243	-43.60034	-64.88171	-73.77542	-72.52607	-73.7966	-75.40594	-73.7966	-77.58701	-78.05287	-79.09047	-80.50923	-79.85279
563.8	0	0	0	-0.02117549	-0.8258443	-10.96891	-43.40976	-64.73349	-73.7119	-72.37784	-73.45779	-75.173	-73.60602	-77.29056	-77.73524	-78.87872	-80.21278	-79.53516
563.9	0	0	0	-0.02117549	-0.8258443	-10.94773	-43.28271	-64.58526	-73.37309	-72.27197	-73.16133	-74.87655	-73.26721	-76.95174	-77.56583	-78.73049	-79.91631	-79.28105
564	0	0	0	-0.02117549	-0.8258443	-10.86303	-43.17683	-64.30997	-73.09781	-72.01786	-72.99193	-74.64362	-73.05546	-76.69764	-77.22703	-78.53991	-79.59869	-78.94225
564.1	0	0	0	-0.02117549	-0.8258443	-10.82068	-43.11331	-64.09822	-72.82253	-71.82728	-72.80135	-74.55891	-72.80135	-76.46471	-77.01527	-78.22227	-79.30222	-78.75166
564.2	0	0	0	-0.02117549	-0.8258443	-10.7995	-42.98626	-63.73824	-72.54724	-71.61552	-72.58959	-74.45304	-72.54724	-76.14708	-76.82469	-78.0317	-78.96342	-78.49756
564.3	0	0	0	-0.02117549	-0.8258443	-10.75715	-42.79567	-63.56884	-72.46254	-71.42494	-72.31432	-74.13541	-72.39902	-75.99885	-76.57059	-77.71407	-78.73049	-78.1164
564.4	0	0	0	-0.02117549	-0.8258443	-10.73598	-42.6898	-63.20885	-72.25079	-71.14966	-71.93315	-73.83895	-72.29314	-75.8718	-76.2953	-77.45996	-78.49756	-77.98935
564.5	0	0	0	-0.02117549	-0.8258443	-10.67245	-42.52039	-63.03945	-71.91198	-70.87438	-71.59435	-73.56367	-72.10256	-75.61769	-76.08355	-77.24821	-78.30698	-77.73524
564.6	0	0	0	-0.02117549	-0.8258443	-10.65127	-42.41452	-62.82769	-71.74258	-70.6838	-71.38259	-73.26721	-71.8908	-75.36359	-75.89297	-77.01527	-78.09522	-77.35408
564.7	0	0	0	-0.02117549	-0.8258443	-10.6301	-42.24511	-62.70064	-71.55199	-70.45087	-71.06496	-72.94958	-71.6367	-75.06713	-75.74474	-76.71882	-77.84112	-76.95174
564.8	0	0	0	-0.02117549	-0.8258443	-10.60892	-42.03336	-62.51006	-71.36142	-70.28146	-70.87438	-72.78017	-71.36142	-74.77067	-75.51181	-76.42236	-77.58701	-76.73999
564.9	0	0	0	-0.02117549	-0.8258443	-10.58775	-41.9063	-62.29831	-71.12849	-70.09089	-70.64145	-72.52607	-71.14966	-74.51656	-75.27888	-76.2106	-77.26938	-76.52824
565	0	0	0	-0.02117549	-0.8258443	-10.56657	-41.88513	-62.08655	-71.00143	-69.90031	-70.38734	-72.37784	-70.95908	-74.30481	-74.98243	-75.82944	-76.99409	-76.31648
565.1	0	0	0	-0.02117549	-0.8258443	-10.52422	-41.7369	-61.87479	-70.78968	-69.58267	-70.17559	-72.06021	-70.74733	-74.17776	-74.77067	-75.55416	-76.71882	-76.2106
565.2	0	0	0	-0.02117549	-0.8258443	-10.46069	-41.67337	-61.72657	-70.5991	-69.32857	-69.98501	-71.8908	-70.49322	-73.98717	-74.49539	-75.42711	-76.46471	-75.99885
565.3	0	0	0	-0.02117549	-0.8258443	-10.46069	-41.60985	-61.53599	-70.26029	-69.26505	-69.7309	-71.59435	-70.28146	-73.81777	-74.09306	-75.19418	-76.2106	-75.74474
565.4	0	0	0	-0.02117549	-0.8258443	-10.43952	-41.50397	-61.30305	-69.98501	-69.03211	-69.3921	-71.50964	-70.06971	-73.69072	-73.81777	-74.94008	-75.97768	-75.57534
565.5	0	0	0	-0.02117549	-0.8258443	-10.39717	-41.46162	-61.0066	-69.75208	-68.75683	-69.20152	-71.40377	-69.81561	-73.43661	-73.58485	-74.51656	-75.63887	-75.36359
565.6	0	0	0	-0.02117549	-0.8258443	-10.37599	-41.31339	-60.77367	-69.51915	-68.5239	-68.86271	-71.34024	-69.6462	-73.18251	-73.39426	-74.32599	-75.49064	-75.10948
565.7	0	0	0	-0.02117549	-0.8258443	-10.35482	-41.14399	-60.64662	-69.34975	-68.18509	-68.6086	-71.00143	-69.41327	-72.92841	-73.18251	-74.0507	-75.21535	-74.7495
565.8	0	0	0	-0.02117549	-0.8258443	-10.33364	-41.03811	-60.39251	-69.15916	-67.88863	-68.50272	-70.83203	-69.26505	-72.71665	-72.92841	-73.83895	-74.89772	-74.53774
565.9	0	0	0	-0.02117549	-0.8258443	-10.29129	-40.95341	-60.30781	-68.98976	-67.67688	-68.33332	-70.64145	-69.11681	-72.58959	-72.8437	-73.52132	-74.68597	-74.34716
566	0	0	0	-0.02117549	-0.8258443	-10.27011	-40.74165	-60.20193	-68.82036	-67.38042	-68.07922	-70.30264	-68.84153	-72.27197	-72.63194	-73.16133	-74.41069	-74.15658
566.1	0	0	0	-0.02117549	-0.8258443	-10.22776	-40.63577	-59.90548	-68.58743	-67.23219	-67.84628	-70.11206	-68.58743	-72.01786	-72.39902	-72.99193	-74.22011	-73.966
566.2	0	0	0	-0.02117549	-0.8258443	-10.12189	-40.46637	-59.60902	-68.24862	-67.02044	-67.67688	-69.79443	-68.29097	-71.8908	-72.18726	-72.8437	-73.966	-73.7119
566.3	0	0	0	-0.02117549	-0.8258443	-10.07954	-40.25462	-59.48196	-67.99451	-66.74516	-67.52865	-69.5615	-68.07922	-71.65788	-71.97551	-72.67429	-73.75425	-73.52132
566.4	0	0	0	-0.02117549	-0.8046688	-9.973658	-40.16991	-59.35491	-67.76158	-66.63928	-67.29572	-69.34975	-68.01569	-71.44612	-71.67905	-72.48372	-73.45779	-73.11898
566.5	0	0	0	-0.02117549	-0.8046688	-9.952482	-40.02169	-59.16433	-67.50748	-66.40635	-66.97809	-69.11681	-67.67688	-71.29789	-71.46729	-72.39902	-73.16133	-72.69547
566.6	0	0	0	-0.02117549	-0.8046688	-9.910131	-39.89463	-59.03728	-67.16867	-66.17342	-66.74516	-68.84153	-67.44395	-71.14966	-71.38259	-72.08138	-73.01311	-72.52607
566.7	0	0	0	-0.02117549	-0.8046688	-9.846605	-39.70405	-58.88905	-66.99927	-65.87696	-66.57575	-68.62978	-67.10514	-70.95908	-71.29789	-71.78493	-72.78017	-72.25079
566.8	0	0	0	-0.02117549	-0.8046688	-9.804254	-39.53465	-58.71965	-66.74516	-65.72874	-66.2793	-68.50272	-66.85104	-70.81085	-71.08614	-71.59435	-72.42019	-71.97551
566.9	0	0	0	-0.02117549	-0.8046688	-9.761903	-39.38642	-58.52907	-66.46988	-65.43228	-66.00401	-68.20627	-66.66045	-70.70498	-70.91673	-71.40377	-72.12373	-71.67905
567	0	0	0	-0.02117549	-0.8046688	-9.719552	-39.15349	-58.40202	-66.34283	-65.157	-65.77109	-67.99451	-66.49105	-70.34499	-70.62028	-71.19201	-71.97551	-71.31907
567.1	0	0	0	-0.02117549	-0.8046688	-9.677201	-39.06879	-58.14791	-66.04636	-64.94524	-65.51698	-67.82511	-66.30048	-70.21794	-70.40852	-70.98026	-71.67905	-71.10731
567.2	0	0	0	-0.02117549	-0.8046688	-9.63485	-38.89938	-57.93615	-65.79226	-64.75466	-65.2417	-67.57101	-65.89814	-69.98501	-70.04854	-70.66263	-71.53082	-70.72615
567.3	0	0	0	-0.02117549	-0.8046688	-9.592499	-38.72998	-57.70322	-65.58051	-64.62761	-65.02995	-67.35925	-65.79226	-69.70972	-69.75208	-70.4297	-71.38259	-70.4297
567.4	0	0	0	-0.02117549	-0.8046688	-9.592499	-38.60293	-57.34324	-65.36875	-64.41586	-64.79701	-67.16867	-65.53815	-69.51915	-69.4768	-70.23911	-71.23437	-70.23911
567.5	0	0	0	-0.02117549	-0.8046688	-9.571323	-38.41235	-57.13148	-65.157	-64.26762	-64.71231	-66.93574	-65.3264	-69.3921	-69.26505	-69.96384	-71.06496	-69.94266
567.6	0	0	0	-0.02117549	-0.8046688	-9.550148	-38.34882	-56.8562	-64.83936	-64.0347	-64.47938	-66.68163	-65.0723	-69.24387	-68.98976	-69.70972	-70.78968	-69.75208
567.7	0	0	0	-0.02117549	-0.8046688	-9.528973	-38.30647	-56.64445	-64.69114	-63.86529	-64.3735	-66.40635	-64.83936	-69.13799	-68.71448	-69.45562	-70.66263	-69.6462
567.8	0	0	0	-0.02117549	-0.8046688	-9.528973	-38.26412	-56.6021	-64.3735	-63.61119	-64.18292	-66.10989	-64.66996	-68.84153	-68.6086	-69.20152	-70.34499	-69.43445
567.9	0	0	0	-0.02117549	-0.8046688	-9.465446	-38.24294	-56.41152	-64.14057	-63.4206	-63.97117	-65.94049	-64.45821	-68.6086	-68.18509	-68.82036	-70.13324	-69.13799
568	0	0	0	-0.02117549	-0.8046688	-9.423095	-38.20059	-56.24212	-63.92882	-63.29355	-63.73824	-65.77109	-64.14057	-68.4392	-67.82511	-68.56625	-69.90031	-68.92623
568.1	0	0	0	-0.02117549	-0.8046688	-9.401919	-38.07354	-56.05153	-63.71706	-63.03945	-63.50531	-65.66521	-63.94999	-68.33332	-67.50748	-68.39685	-69.66737	-68.75683
568.2	0	0	0	-0.02117549	-0.8046688	-9.380744	-37.88296	-55.79743	-63.52649	-62.72181	-63.20885	-65.47463	-63.86529	-68.05804	-67.38042	-68.16392	-69.4768	-68.5239
568.3	0	0	0	-0.02117549	-0.8046688	-9.380744	-37.75591	-55.58567	-63.35708	-62.51006	-63.03945	-65.30522	-63.63236	-67.84628	-67.12632	-68.01569	-69.24387	-68.29097
568.4	0	0	0	-0.02117549	-0.7834933	-9.359569	-37.54415	-55.35274	-63.1665	-62.42536	-62.89122	-65.0723	-63.4206	-67.57101	-66.95692	-67.95216	-69.01093	-68.05804
568.5	0	0	0	-0.02117549	-0.7834933	-9.338393	-37.48063	-55.09864	-62.97592	-62.1289	-62.67946	-64.90289	-63.2512	-67.25337	-66.85104	-67.67688	-68.86271	-67.86746
568.6	0	0	0	-0.02117549	-0.7834933	-9.296042	-37.39592	-54.92923	-62.74299	-62.00185	-62.38301	-64.58526	-62.97592	-66.93574	-66.63928	-67.27454	-68.54507	-67.69806
568.7	0	0	0	-0.02117549	-0.7834933	-9.253691	-37.20535	-54.71748	-62.53123	-61.85362	-62.17125	-64.3735	-62.74299	-66.78751	-66.34283	-67.12632	-68.33332	-67.4863
568.8	0	0	0	-0.02117549	-0.7834933	-9.232515	-36.99359	-54.5269	-62.36183	-61.62069	-61.83244	-64.16175	-62.59476	-66.59693	-66.08871	-67.02044	-68.10039	-67.25337
568.9	0	0	0	-0.02117549	-0.7834933	-9.21134	-36.88771	-54.33632	-62.19243	-61.30305	-61.72657	-64.0347	-62.48888	-66.32165	-65.89814	-66.78751	-67.82511	-66.89339
569	0	0	0	-0.02117549	-0.7834933	-9.190165	-36.80301	-54.20927	-61.9595	-60.94307	-61.45129	-63.84412	-62.25595	-66.1946	-65.64404	-66.51223	-67.67688	-66.82986
569.1	0	0	0	-0.02117549	-0.7834933	-9.168989	-36.69713	-53.95516	-61.76892	-60.75249	-61.28188	-63.56884	-62.00185	-65.96166	-65.38993	-66.30048	-67.52865	-66.68163
569.2	0	0	0	-0.02117549	-0.7834933	-9.147814	-36.50655	-53.70105	-61.62069	-60.45604	-60.98542	-63.27238	-61.72657	-65.70756	-65.09347	-66.15224	-67.35925	-66.42753
569.3	0	0	0	-0.02117549	-0.7834933	-9.084287	-36.40068	-53.42577	-61.38776	-60.30781	-60.85837	-63.0818	-61.49364	-65.38993	-64.79701	-65.98284	-67.23219	-66.1946
569.4	0	0	0	-0.02117549	-0.7834933	-9.041936	-36.27362	-53.23519	-61.21835	-60.01135	-60.75249	-62.87004	-61.28188	-65.157	-64.62761	-65.70756	-66.95692	-66.02519
569.5	0	0	0	-0.02117549	-0.7834933	-9.020761	-36.21009	-53.02344	-61.04895	-59.92665	-60.60427	-62.59476	-61.15483	-64.77584	-64.45821	-65.4111	-66.76633	-65.79226
569.6	0	0	0	-0.02117549	-0.7834933	-8.97841	-36.04069	-52.72698	-60.90072	-59.71489	-60.32898	-62.38301	-61.07013	-64.54291	-64.2041	-65.22052	-66.59693	-65.70756
569.7	0	0	0	-0.02117549	-0.7834933	-8.957234	-35.97717	-52.66346	-60.64662	-59.52431	-60.09605	-62.1289	-60.9219	-64.26762	-63.97117	-64.98759	-66.364	-65.58051
569.8	0	0	0	-0.02117549	-0.7623178	-8.936059	-35.78659	-52.43052	-60.39251	-59.33374	-59.8843	-61.93832	-60.68897	-64.01352	-63.86529	-64.73349	-66.1946	-65.36875
569.9	0	0	0	-0.02117549	-0.7411423	-8.936059	-35.68071	-52.23994	-60.09605	-59.18551	-59.71489	-61.68422	-60.58309	-63.90764	-63.69589	-64.41586	-65.85579	-65.157
570	0	0	0	-0.02117549	-0.7199668	-8.914884	-35.57483	-52.15524	-59.969	-58.88905	-59.46079	-61.43011	-60.45604	-63.63236	-63.46296	-64.2888	-65.70756	-64.96642
570.1	0	0	0	-0.02117549	-0.7199668	-8.893707	-35.44778	-52.02819	-59.86312	-58.80435	-59.22786	-61.32423	-60.30781	-63.54766	-63.35708	-64.0347	-65.51698	-64.66996
570.2	0	0	0	-0.02117549	-0.7199668	-8.830181	-35.29955	-51.85879	-59.69372	-58.61377	-59.1008	-61.11248	-60.15958	-63.31473	-63.1665	-63.86529	-65.2417	-64.52173
570.3	0	0	0	-0.02117549	-0.7199668	-8.809006	-35.21485	-51.68938	-59.48196	-58.46554	-58.95258	-60.90072	-60.09605	-62.97592	-62.9971	-63.73824	-64.98759	-64.2041
570.4	0	0	0	-0.02117549	-0.7199668	-8.766655	-35.1725	-51.51998	-59.35491	-58.27496	-58.762	-60.77367	-59.94783	-62.76416	-62.84887	-63.59001	-64.64879	-64.05587
570.5	0	0	0	-0.02117549	-0.7199668	-8.766655	-35.04544	-51.3294	-59.0161	-57.9785	-58.59259	-60.64662	-59.77842	-62.55241	-62.72181	-63.39943	-64.45821	-63.73824
570.6	0	0	0	-0.02117549	-0.7199668	-8.766655	-34.98192	-51.18117	-58.8467	-57.87263	-58.27496	-60.37133	-59.67254	-62.29831	-62.63711	-63.2512	-64.26762	-63.52649
570.7	0	0	0	-0.02117549	-0.7199668	-8.74548	-34.85486	-51.07529	-58.69847	-57.74557	-58.06321	-60.20193	-59.41844	-62.0442	-62.48888	-63.10297	-64.0347	-63.2512
570.8	0	0	0	-0.02117549	-0.7199668	-8.74548	-34.66428	-50.90589	-58.59259	-57.57617	-57.70322	-59.99018	-59.20668	-61.76892	-62.31948	-62.9124	-63.84412	-63.12415
570.9	0	0	0	-0.02117549	-0.7199668	-8.74548	-34.60076	-50.60943	-58.42319	-57.34324	-57.63969	-59.73607	-59.03728	-61.55716	-62.10773	-62.57359	-63.71706	-62.97592
571	0	0	0	-0.02117549	-0.7199668	-8.724304	-34.47371	-50.4612	-58.14791	-57.11031	-57.40676	-59.50314	-58.74082	-61.28188	-61.9595	-62.34066	-63.46296	-62.59476
571.1	0	0	0	-0.02117549	-0.7199668	-8.724304	-34.41018	-50.35533	-57.8938	-56.8562	-57.21619	-59.37609	-58.61377	-61.02777	-61.68422	-62.2136	-63.35708	-62.36183
571.2	0	0	0	-0.02117549	-0.7199668	-8.703128	-34.28313	-50.22827	-57.70322	-56.6021	-57.02561	-59.1008	-58.38084	-60.87955	-61.43011	-61.9595	-63.10297	-62.15008
571.3	0	0	0	-0.02117549	-0.7199668	-8.660777	-34.17725	-50.10122	-57.47029	-56.45387	-56.75032	-58.88905	-58.19026	-60.73132	-61.23953	-61.79009	-62.9124	-61.93832
571.4	0	0	0	-0.02117549	-0.7199668	-8.618426	-34.07137	-49.84711	-57.27971	-56.30564	-56.58092	-58.69847	-57.99968	-60.60427	-61.11248	-61.53599	-62.55241	-61.74774
571.5	0	0	0	-0.02117549	-0.7199668	-8.597251	-33.98667	-49.55066	-57.11031	-56.19976	-56.41152	-58.50789	-57.83028	-60.41368	-60.90072	-61.45129	-62.31948	-61.43011
571.6	0	0	0	-0.02117549	-0.7199668	-8.576076	-33.94432	-49.36008	-56.91973	-56.09388	-56.19976	-58.35966	-57.70322	-60.18076	-60.85837	-61.30305	-62.15008	-61.13365
571.7	0	0	0	-0.02117549	-0.7199668	-8.5549	-33.75374	-49.23302	-56.72915	-55.90331	-55.94566	-58.14791	-57.66087	-59.99018	-60.64662	-61.15483	-61.87479	-60.9219
571.8	0	0	0	-0.02117549	-0.6987913	-8.5549	-33.66904	-49.14832	-56.58092	-55.71273	-55.6492	-57.93615	-57.51264	-59.75724	-60.35016	-60.96425	-61.68422	-60.79485
571.9	0	0	0	-0.02117549	-0.6987913	-8.512548	-33.47846	-48.97892	-56.43269	-55.62803	-55.4798	-57.8091	-57.23736	-59.60902	-60.18076	-60.73132	-61.51481	-60.45604
572	0	0	0	-0.02117549	-0.6987913	-8.491373	-33.33023	-48.76716	-56.22094	-55.45862	-55.18334	-57.55499	-57.00443	-59.41844	-59.99018	-60.56191	-61.36658	-60.30781
572.1	0	0	0	-0.02117549	-0.6987913	-8.491373	-33.2667	-48.53423	-56.11506	-55.39509	-54.99276	-57.36441	-56.75032	-59.24903	-59.77842	-60.45604	-61.19718	-60.11723
572.2	0	0	0	-0.02117549	-0.6987913	-8.470198	-33.07612	-48.42836	-55.98801	-55.26804	-54.86571	-57.11031	-56.6021	-59.14316	-59.65137	-60.35016	-60.96425	-59.84195
572.3	0	0	0	-0.02117549	-0.6987913	-8.449022	-33.0126	-48.3013	-55.77625	-55.03511	-54.71748	-56.91973	-56.41152	-58.86787	-59.41844	-60.26546	-60.81602	-59.60902
572.4	0	0	0	-0.02117549	-0.6987913	-8.364321	-32.75849	-48.15308	-55.62803	-54.88688	-54.5269	-56.75032	-56.15741	-58.61377	-59.33374	-60.0537	-60.64662	-59.48196
572.5	0	0	0	-0.02117549	-0.6987913	-8.364321	-32.65261	-48.0472	-55.4798	-54.67513	-54.35749	-56.55975	-56.00918	-58.38084	-59.05845	-59.82077	-60.24428	-59.39726
572.6	0	0	0	-0.02117549	-0.6987913	-8.343144	-32.56791	-47.94132	-55.07746	-54.56925	-54.14574	-56.36917	-55.83978	-58.14791	-58.88905	-59.56667	-60.0537	-59.20668
572.7	0	0	0	-0.02117549	-0.6987913	-8.279618	-32.52556	-47.83544	-54.82336	-54.33632	-53.93398	-56.13623	-55.4798	-58.02085	-58.6773	-59.39726	-59.71489	-59.03728
572.8	0	0	0	-0.02117549	-0.6987913	-8.237267	-32.44086	-47.64486	-54.65395	-54.14574	-53.7434	-56.00918	-55.26804	-57.74557	-58.42319	-59.16433	-59.54549	-58.95258
572.9	0	0	0	-0.02117549	-0.6987913	-8.216092	-32.37733	-47.47546	-54.46337	-53.97634	-53.53165	-55.86095	-55.07746	-57.59734	-58.31731	-59.0161	-59.33374	-58.74082
573	0	0	0	-0.02117549	-0.6987913	-8.216092	-32.3138	-47.28488	-54.31514	-53.84928	-53.25637	-55.69155	-54.86571	-57.34324	-57.9785	-58.71965	-59.16433	-58.50789
573.1	0	0	0	-0.02117549	-0.6987913	-8.194917	-32.18675	-47.11547	-54.20927	-53.53165	-53.00226	-55.52215	-54.6963	-57.08913	-57.7244	-58.52907	-59.0161	-58.25378
573.2	0	0	0	-0.02117549	-0.6987913	-8.173741	-32.1444	-47.0096	-53.93398	-53.34107	-52.89639	-55.35274	-54.54807	-56.89855	-57.42794	-58.35966	-58.69847	-58.04203
573.3	0	0	0	-0.02117549	-0.6987913	-8.173741	-32.10205	-46.84019	-53.76458	-53.19284	-52.72698	-55.11981	-54.33632	-56.7715	-57.13148	-58.19026	-58.46554	-57.74557
573.4	0	0	0	-0.02117549	-0.6987913	-8.13139	-31.99617	-46.62844	-53.61635	-53.12931	-52.57875	-54.97158	-54.10339	-56.66562	-56.96208	-57.9785	-58.21143	-57.53382
573.5	0	0	0	-0.02117549	-0.6987913	-8.110214	-31.86912	-46.48021	-53.34107	-53.00226	-52.47287	-54.80218	-53.99751	-56.53857	-56.72915	-57.70322	-57.99968	-57.38559
573.6	0	0	0	-0.02117549	-0.6987913	-8.046688	-31.82677	-46.26846	-53.25637	-52.79051	-52.30347	-54.5269	-53.76458	-56.39034	-56.53857	-57.51264	-57.8938	-57.13148
573.7	0	0	0	-0.02117549	-0.6776158	-7.983161	-31.69971	-46.09905	-53.06579	-52.62111	-52.11289	-54.31514	-53.59518	-56.19976	-56.39034	-57.36441	-57.76675	-56.89855
573.8	0	0	0	-0.02117549	-0.6776158	-7.983161	-31.61501	-46.01435	-52.95991	-52.51523	-52.02819	-54.18809	-53.38342	-56.05153	-56.17859	-57.15266	-57.53382	-56.79268
573.9	0	0	0	-0.02117549	-0.6776158	-7.940811	-31.55149	-45.82377	-52.70581	-52.32465	-51.85879	-53.91281	-53.27755	-55.92448	-56.07271	-57.04678	-57.30089	-56.6021
574	0	0	0	-0.02117549	-0.6776158	-7.919635	-31.46679	-45.67554	-52.38817	-52.11289	-51.66821	-53.59518	-53.08696	-55.67038	-55.96683	-56.94091	-57.15266	-56.47504
574.1	0	0	0	-0.02117549	-0.6776158	-7.919635	-31.31856	-45.50614	-52.26112	-51.85879	-51.5835	-53.36225	-52.83286	-55.52215	-55.60685	-56.83503	-57.11031	-56.17859
574.2	0	0	0	-0.02117549	-0.6776158	-7.898459	-31.23385	-45.40026	-52.11289	-51.75291	-51.4141	-53.02344	-52.70581	-55.37392	-55.52215	-56.5174	-56.96208	-56.07271
574.3	0	0	0	-0.02117549	-0.6776158	-7.898459	-31.08563	-45.23086	-51.79526	-51.62585	-51.16	-52.89639	-52.55758	-55.26804	-55.37392	-56.43269	-56.81385	-55.86095
574.4	0	0	0	-0.02117549	-0.6776158	-7.834933	-30.97975	-45.06145	-51.60468	-51.39293	-50.88471	-52.76933	-52.43052	-55.11981	-55.16216	-56.19976	-56.70797	-55.69155
574.5	0	0	0	-0.02117549	-0.6776158	-7.813757	-30.91622	-44.91322	-51.37175	-51.20235	-50.82119	-52.5364	-52.2823	-54.92923	-55.03511	-56.03036	-56.5174	-55.5645
574.6	0	0	0	-0.02117549	-0.6776158	-7.792582	-30.8527	-44.72264	-51.16	-51.01176	-50.58826	-52.43052	-52.17642	-54.82336	-54.88688	-55.77625	-56.45387	-55.28922
574.7	0	0	0	-0.02117549	-0.6776158	-7.792582	-30.83152	-44.57442	-51.03294	-50.86354	-50.4612	-52.26112	-52.00702	-54.6116	-54.71748	-55.5645	-56.22094	-55.14099
574.8	0	0	0	-0.02117549	-0.6564403	-7.750231	-30.72564	-44.46854	-50.80001	-50.77884	-50.31298	-52.11289	-51.81644	-54.39985	-54.5269	-55.35274	-55.98801	-54.95041
574.9	0	0	0	-0.02117549	-0.6564403	-7.70788	-30.59859	-44.38383	-50.73648	-50.63061	-50.12239	-51.92231	-51.62585	-54.16692	-54.39985	-55.16216	-55.86095	-54.73866
575	0	0	0	-0.02117549	-0.6564403	-7.665529	-30.49271	-44.34148	-50.56708	-50.3765	-50.01652	-51.85879	-51.56233	-54.06104	-54.14574	-55.05629	-55.6492	-54.5269
575.1	0	0	0	-0.02117549	-0.6564403	-7.644353	-30.38684	-44.21443	-50.33415	-50.2918	-49.80476	-51.77409	-51.39293	-53.95516	-54.10339	-54.95041	-55.45862	-54.29397
575.2	0	0	0	-0.02117549	-0.6564403	-7.602003	-30.25978	-43.96033	-50.2071	-50.14357	-49.61419	-51.62585	-51.07529	-53.80693	-53.95516	-54.80218	-55.28922	-54.10339
575.3	0	0	0	-0.02117549	-0.6564403	-7.538476	-30.11155	-43.70622	-50.05887	-49.88947	-49.44478	-51.4988	-50.88471	-53.67988	-53.82811	-54.65395	-55.07746	-53.91281
575.4	0	0	0	-0.02117549	-0.6564403	-7.496125	-30.02685	-43.53682	-49.74124	-49.69889	-49.12715	-51.4141	-50.67296	-53.44695	-53.67988	-54.50572	-54.90806	-53.76458
575.5	0	0	0	-0.02117549	-0.6564403	-7.474949	-29.92097	-43.43094	-49.5083	-49.57183	-48.93657	-51.26587	-50.54591	-53.25637	-53.51048	-54.23044	-54.71748	-53.63753
575.6	0	0	0	-0.02117549	-0.6564403	-7.474949	-29.79392	-43.36741	-49.4236	-49.36008	-48.89422	-51.05412	-50.3765	-53.08696	-53.3199	-53.97634	-54.48455	-53.4046
575.7	0	0	0	-0.02117549	-0.6564403	-7.432599	-29.64569	-43.21918	-49.21185	-49.19067	-48.74599	-50.88471	-50.2071	-52.93874	-53.21402	-53.67988	-54.31514	-53.19284
575.8	0	0	0	-0.02117549	-0.6564403	-7.432599	-29.62452	-43.17683	-49.12715	-49.06362	-48.61893	-50.75766	-50.05887	-52.81168	-53.10814	-53.53165	-54.14574	-53.04461
575.9	0	0	0	-0.02117549	-0.6564403	-7.411423	-29.60334	-42.9439	-48.93657	-48.87304	-48.42836	-50.58826	-49.86829	-52.62111	-53.02344	-53.36225	-53.97634	-52.85403
576	0	0	0	-0.02117549	-0.6352648	-7.411423	-29.53981	-42.8592	-48.74599	-48.70364	-48.2166	-50.39768	-49.76241	-52.40935	-52.91756	-53.23519	-53.84928	-52.64228
576.1	0	0	0	-0.02117549	-0.6352648	-7.390248	-29.43394	-42.71097	-48.55541	-48.53423	-48.1319	-50.18592	-49.59301	-52.23994	-52.70581	-53.10814	-53.70105	-52.59993
576.2	0	0	0	-0.02117549	-0.6352648	-7.390248	-29.37041	-42.60509	-48.47071	-48.36483	-47.85662	-50.12239	-49.29655	-52.09172	-52.55758	-52.98109	-53.574	-52.4517
576.3	0	0	0	-0.02117549	-0.6352648	-7.369072	-29.26453	-42.56274	-48.32248	-48.06837	-47.70839	-49.93182	-49.06362	-51.94349	-52.4517	-52.76933	-53.3199	-52.23994
576.4	0	0	0	-0.02117549	-0.6352648	-7.369072	-29.17983	-42.47804	-48.19543	-47.98367	-47.56016	-49.82594	-48.93657	-51.77409	-52.34582	-52.62111	-53.21402	-52.04937
576.5	0	0	0	-0.02117549	-0.6352648	-7.347897	-29.15866	-42.41452	-48.08955	-47.72956	-47.47546	-49.63536	-48.74599	-51.60468	-52.21877	-52.4517	-53.10814	-51.81644
576.6	0	0	0	-0.02117549	-0.6352648	-7.326721	-29.07395	-42.35099	-47.83544	-47.53899	-47.41193	-49.57183	-48.57658	-51.47763	-51.96466	-52.26112	-52.91756	-51.54115
576.7	0	0	0	-0.02117549	-0.6352648	-7.326721	-29.01043	-42.18158	-47.60251	-47.41193	-47.15783	-49.46595	-48.49188	-51.3294	-51.79526	-52.19759	-52.79051	-51.45645
576.8	0	0	0	-0.02117549	-0.6352648	-7.326721	-28.8622	-42.05453	-47.49664	-47.20018	-47.11547	-49.27538	-48.23778	-51.18117	-51.71056	-52.00702	-52.62111	-51.28705
576.9	0	0	0	-0.02117549	-0.6352648	-7.305546	-28.7775	-41.9063	-47.30605	-47.15783	-47.0096	-49.10597	-48.17425	-51.03294	-51.5835	-51.87996	-52.51523	-51.09647
577	0	0	0	-0.02117549	-0.6352648	-7.305546	-28.67162	-41.71572	-47.03077	-46.94607	-46.67079	-48.97892	-48.06837	-50.84236	-51.4988	-51.73173	-52.4517	-50.86354
577.1	0	0	0	-0.02117549	-0.6352648	-7.199668	-28.54457	-41.5675	-46.86137	-46.79784	-46.54374	-48.91539	-48.00484	-50.73648	-51.30822	-51.56233	-52.26112	-50.63061
577.2	0	0	0	-0.02117549	-0.6352648	-7.136142	-28.45987	-41.27104	-46.77667	-46.71314	-46.41668	-48.74599	-47.81427	-50.56708	-51.13882	-51.4141	-52.00702	-50.52473
577.3	0	0	0	-0.02117549	-0.6352648	-7.114966	-28.39634	-41.18634	-46.54374	-46.43786	-46.2261	-48.57658	-47.68721	-50.39768	-50.94824	-51.13882	-51.87996	-50.24945
577.4	0	0	0	-0.02117549	-0.6140894	-7.093791	-28.33281	-41.10163	-46.39551	-46.26846	-46.01435	-48.40718	-47.56016	-50.22827	-50.86354	-50.96941	-51.81644	-50.12239
577.5	0	0	0	-0.02117549	-0.6140894	-7.072615	-28.22693	-40.95341	-46.24728	-46.16258	-45.80259	-48.25895	-47.39076	-49.91064	-50.63061	-50.80001	-51.68938	-49.82594
577.6	0	0	0	-0.02117549	-0.6140894	-7.072615	-28.03635	-40.67812	-46.18375	-46.01435	-45.65437	-48.06837	-47.24253	-49.80476	-50.52473	-50.67296	-51.54115	-49.74124
577.7	0	0	0	-0.02117549	-0.6140894	-7.009089	-27.93048	-40.59342	-46.01435	-45.95082	-45.44261	-47.89897	-47.0943	-49.61419	-50.22827	-50.63061	-51.39293	-49.5083
577.8	0	0	0	-0.02117549	-0.6140894	-6.966738	-27.8246	-40.33932	-45.92965	-45.86612	-45.18851	-47.70839	-46.96725	-49.48713	-50.16475	-50.50356	-51.16	-49.29655
577.9	0	0	0	-0.02117549	-0.6140894	-6.945562	-27.67637	-40.21227	-45.71789	-45.78142	-44.97675	-47.41193	-46.81902	-49.31773	-49.99534	-50.31298	-50.96941	-49.06362
578	0	0	0	-0.02117549	-0.6140894	-6.945562	-27.59167	-40.06404	-45.63319	-45.65437	-44.89205	-47.32723	-46.58609	-49.14832	-49.78359	-50.14357	-50.80001	-48.85187
578.1	0	0	0	-0.02117549	-0.6140894	-6.903211	-27.50697	-39.97933	-45.50614	-45.48496	-44.59559	-47.2637	-46.41668	-48.97892	-49.65654	-49.95299	-50.67296	-48.72481
578.2	0	0	0	-0.02117549	-0.6140894	-6.882036	-27.35874	-39.89463	-45.23086	-45.27321	-44.44736	-47.07312	-46.20493	-48.80951	-49.55066	-49.76241	-50.50356	-48.47071
578.3	0	0	0	-0.02117549	-0.6140894	-6.882036	-27.21051	-39.7464	-45.08263	-45.06145	-44.32031	-46.96725	-46.07788	-48.66129	-49.46595	-49.67771	-50.44003	-48.38601
578.4	0	0	0	-0.02117549	-0.6140894	-6.882036	-27.12581	-39.61935	-44.91322	-45.0191	-44.19326	-46.90372	-45.90847	-48.44953	-49.38125	-49.44478	-50.3765	-48.25895
578.5	0	0	0	-0.02117549	-0.6140894	-6.86086	-26.99876	-39.42877	-44.765	-44.91322	-44.04503	-46.77667	-45.78142	-48.36483	-49.21185	-49.27538	-50.33415	-48.0472
578.6	0	0	0	-0.02117549	-0.6140894	-6.839685	-26.91405	-39.34407	-44.61677	-44.63794	-43.87563	-46.52256	-45.61201	-48.25895	-49.12715	-49.12715	-50.18592	-47.81427
578.7	0	0	0	-0.02117549	-0.6140894	-6.839685	-26.76583	-39.21701	-44.38383	-44.51089	-43.62152	-46.35316	-45.50614	-48.00484	-49.02127	-49.04245	-50.01652	-47.66604
578.8	0	0	0	-0.02117549	-0.6140894	-6.818509	-26.65995	-39.04761	-44.21443	-44.34148	-43.45211	-46.16258	-45.40026	-47.81427	-48.87304	-48.76716	-49.84711	-47.53899
578.9	0	0	0	-0.02117549	-0.6140894	-6.776158	-26.6176	-38.92056	-44.08738	-44.17208	-43.32506	-45.99318	-45.31556	-47.60251	-48.66129	-48.59776	-49.69889	-47.36958
579	0	0	0	-0.02117549	-0.6140894	-6.691456	-26.51172	-38.79351	-43.9815	-44.04503	-43.17683	-45.84494	-45.16733	-47.47546	-48.49188	-48.47071	-49.61419	-47.20018
579.1	0	0	0	-0.02117549	-0.6140894	-6.691456	-26.46937	-38.68763	-43.83327	-43.91798	-42.98626	-45.63319	-44.99792	-47.24253	-48.42836	-48.08955	-49.44478	-47.15783
579.2	0	0	0	-0.02117549	-0.6140894	-6.670281	-26.32114	-38.5394	-43.66387	-43.76975	-42.7745	-45.46379	-44.87087	-47.05195	-48.25895	-48.00484	-49.3389	-47.0096
579.3	0	0	0	-0.02117549	-0.6140894	-6.670281	-26.21526	-38.4547	-43.47329	-43.62152	-42.73215	-45.40026	-44.765	-46.94607	-48.11073	-47.83544	-49.14832	-46.79784
579.4	0	0	0	-0.02117549	-0.6140894	-6.649105	-26.15174	-38.30647	-43.28271	-43.55799	-42.66862	-45.31556	-44.59559	-46.75549	-47.89897	-47.51781	-49.02127	-46.69197
579.5	0	0	0	-0.02117549	-0.6140894	-6.606754	-26.00351	-38.20059	-43.07096	-43.47329	-42.45687	-45.20968	-44.44736	-46.60726	-47.79309	-47.24253	-48.91539	-46.48021
579.6	0	0	0	-0.02117549	-0.5929139	-6.606754	-25.96116	-38.07354	-42.90155	-43.40976	-42.41452	-44.99792	-44.23561	-46.48021	-47.60251	-47.0096	-48.85187	-46.2261
579.7	0	0	0	-0.02117549	-0.5929139	-6.564404	-25.81293	-37.77708	-42.71097	-43.26154	-42.20276	-44.89205	-44.10855	-46.35316	-47.53899	-46.86137	-48.74599	-46.03553
579.8	0	0	0	-0.02117549	-0.5929139	-6.564404	-25.70705	-37.65003	-42.49922	-43.19801	-42.11806	-44.78617	-44.02385	-46.24728	-47.28488	-46.86137	-48.57658	-45.86612
579.9	0	0	0	-0.02117549	-0.5929139	-6.543228	-25.70705	-37.5018	-42.37217	-43.00743	-41.96983	-44.55324	-43.96033	-46.0567	-47.0096	-46.62844	-48.38601	-45.80259
580	0	0	0	-0.02117549	-0.5929139	-6.543228	-25.6647	-37.37475	-42.24511	-42.81685	-41.8216	-44.42619	-43.79092	-45.95082	-46.79784	-46.48021	-48.25895	-45.67554
580.1	0	0	0	-0.02117549	-0.5929139	-6.500877	-25.58	-37.35357	-42.07571	-42.6898	-41.71572	-44.23561	-43.64269	-45.80259	-46.58609	-46.31081	-48.08955	-45.48496
580.2	0	0	0	-0.02117549	-0.5929139	-6.479702	-25.51647	-37.26887	-41.88513	-42.56274	-41.60985	-44.0662	-43.53682	-45.61201	-46.41668	-46.1414	-47.81427	-45.33673
580.3	0	0	0	-0.02117549	-0.5929139	-6.479702	-25.49529	-37.2477	-41.7369	-42.39334	-41.48279	-43.8968	-43.32506	-45.40026	-46.35316	-45.972	-47.75074	-45.23086
580.4	0	0	0	-0.02117549	-0.5929139	-6.458526	-25.36824	-37.14182	-41.67337	-42.30864	-41.35574	-43.76975	-43.04978	-45.25203	-46.26846	-45.82377	-47.58134	-45.06145
580.5	0	0	0	-0.02117549	-0.5929139	-6.43735	-25.26237	-37.03594	-41.52515	-42.18158	-41.24986	-43.64269	-42.96508	-45.14615	-46.18375	-45.73907	-47.32723	-44.89205
580.6	0	0	0	-0.02117549	-0.5929139	-6.43735	-25.22001	-36.84536	-41.35574	-42.09688	-41.08046	-43.53682	-42.8592	-45.04028	-46.01435	-45.61201	-47.13665	-44.70147
580.7	0	0	0	-0.02117549	-0.5929139	-6.416175	-25.13531	-36.67596	-41.18634	-41.86395	-40.97458	-43.30389	-42.64745	-44.97675	-45.88729	-45.46379	-46.98842	-44.55324
580.8	0	0	0	-0.02117549	-0.5929139	-6.395	-25.07178	-36.57008	-41.12281	-41.71572	-40.72047	-43.17683	-42.45687	-44.74382	-45.73907	-45.42144	-46.86137	-44.34148
580.9	0	0	0	-0.02117549	-0.5717384	-6.373824	-25.02943	-36.50655	-40.93223	-41.63102	-40.57225	-43.04978	-42.32981	-44.59559	-45.67554	-45.23086	-46.73432	-44.23561
581	0	0	0	-0.02117549	-0.5717384	-6.352648	-24.88121	-36.27362	-40.82635	-41.44044	-40.48755	-42.9439	-42.24511	-44.40501	-45.56966	-45.12498	-46.52256	-44.12973
581.1	0	0	0	-0.02117549	-0.5717384	-6.310297	-24.77533	-36.14657	-40.65695	-41.29221	-40.31814	-42.75332	-42.11806	-44.27796	-45.48496	-45.0191	-46.37433	-43.9815
581.2	0	0	0	-0.02117549	-0.5505629	-6.310297	-24.58475	-35.97717	-40.55107	-41.16516	-40.21227	-42.56274	-42.01218	-44.0662	-45.31556	-44.80735	-46.1414	-43.83327
581.3	0	0	0	-0.02117549	-0.5505629	-6.310297	-24.47887	-35.89246	-40.40284	-41.01693	-40.14874	-42.39334	-41.92748	-43.96033	-45.20968	-44.59559	-45.99318	-43.68504
581.4	0	0	0	-0.02117549	-0.5505629	-6.267946	-24.41534	-35.76541	-40.33932	-40.91106	-40.06404	-42.16041	-41.77925	-43.87563	-44.9344	-44.51089	-45.78142	-43.64269
581.5	0	0	0	-0.02117549	-0.5505629	-6.267946	-24.33064	-35.74424	-40.21227	-40.76283	-40.00051	-42.03336	-41.67337	-43.85445	-44.80735	-44.36266	-45.56966	-43.47329
581.6	0	0	0	-0.02117549	-0.5505629	-6.225595	-24.22477	-35.5113	-40.06404	-40.67812	-39.87346	-41.86395	-41.52515	-43.76975	-44.59559	-44.19326	-45.42144	-43.32506
581.7	0	0	0	-0.02117549	-0.5505629	-6.20442	-24.11889	-35.38425	-39.91581	-40.57225	-39.7464	-41.69455	-41.39809	-43.68504	-44.53207	-44.0662	-45.27321	-43.19801
581.8	0	0	0	-0.02117549	-0.5505629	-6.20442	-24.09771	-35.27837	-39.8311	-40.42402	-39.4923	-41.60985	-41.29221	-43.43094	-44.46854	-43.9815	-45.18851	-42.98626
581.9	0	0	0	-0.02117549	-0.5505629	-6.20442	-24.05536	-35.2572	-39.7464	-40.31814	-39.36525	-41.52515	-41.12281	-43.24036	-44.29913	-43.96033	-45.04028	-42.8592
582	0	0	0	-0.02117549	-0.5505629	-6.162069	-23.97066	-35.1725	-39.61935	-40.27579	-39.25937	-41.33456	-41.10163	-43.13448	-44.17208	-43.87563	-44.97675	-42.83802
582.1	0	0	0	-0.02117549	-0.5505629	-6.140893	-23.88596	-35.0878	-39.4923	-40.08521	-39.08996	-41.20751	-40.99576	-42.98626	-44.0662	-43.79092	-44.87087	-42.66862
582.2	0	0	0	-0.02117549	-0.5505629	-6.119718	-23.78008	-34.89722	-39.34407	-39.97933	-38.92056	-41.01693	-40.99576	-42.83802	-44.00268	-43.60034	-44.80735	-42.58392
582.3	0	0	0	-0.02117549	-0.5293874	-6.119718	-23.73773	-34.83369	-39.21701	-39.89463	-38.77233	-40.86871	-40.91106	-42.6898	-43.8968	-43.49446	-44.68029	-42.45687
582.4	0	0	0	-0.02117549	-0.5293874	-6.098542	-23.65303	-34.74899	-39.19584	-39.87346	-38.60293	-40.80518	-40.84753	-42.52039	-43.66387	-43.32506	-44.55324	-42.26629
582.5	0	0	0	-0.02117549	-0.5293874	-6.098542	-23.63185	-34.62193	-39.02644	-39.6617	-38.47587	-40.65695	-40.65695	-42.43569	-43.57917	-43.17683	-44.42619	-42.16041
582.6	0	0	0	-0.02117549	-0.5293874	-6.013841	-23.56833	-34.55841	-38.98409	-39.44995	-38.34882	-40.57225	-40.55107	-42.37217	-43.38859	-43.11331	-44.32031	-42.05453
582.7	0	0	0	-0.02117549	-0.5293874	-6.013841	-23.48362	-34.45253	-38.89938	-39.34407	-38.20059	-40.42402	-40.42402	-42.13923	-43.17683	-43.07096	-44.19326	-41.9063
582.8	0	0	0	-0.02117549	-0.5293874	-5.992665	-23.35657	-34.34665	-38.70881	-39.21701	-38.07354	-40.36049	-40.33932	-42.03336	-43.04978	-42.88037	-44.02385	-41.67337
582.9	0	0	0	-0.02117549	-0.5293874	-5.992665	-23.20834	-34.24078	-38.51822	-39.06879	-37.98884	-40.29697	-40.23344	-41.84278	-42.83802	-42.81685	-43.91798	-41.52515
583	0	0	0	-0.02117549	-0.5293874	-5.950314	-23.10246	-34.17725	-38.4547	-38.92056	-37.88296	-40.16991	-40.10639	-41.75808	-42.71097	-42.62627	-43.79092	-41.31339
583.1	0	0	0	-0.02117549	-0.5293874	-5.929139	-23.08129	-34.02902	-38.34882	-38.81468	-37.71355	-40.08521	-39.95816	-41.67337	-42.49922	-42.37217	-43.62152	-41.22869
583.2	0	0	0	-0.02117549	-0.5293874	-5.907963	-22.99659	-33.96549	-38.22177	-38.58175	-37.65003	-39.89463	-39.80993	-41.50397	-42.37217	-42.26629	-43.60034	-41.03811
583.3	0	0	0	-0.02117549	-0.5293874	-5.886787	-22.95424	-33.88079	-38.09472	-38.56058	-37.54415	-39.78875	-39.76758	-41.33456	-42.24511	-42.07571	-43.43094	-40.95341
583.4	0	0	0	-0.02117549	-0.5293874	-5.886787	-22.84836	-33.81726	-37.86179	-38.41235	-37.39592	-39.70405	-39.61935	-41.22869	-42.16041	-41.94865	-43.19801	-40.74165
583.5	0	0	0	-0.02117549	-0.5293874	-5.802085	-22.80601	-33.77491	-37.75591	-38.30647	-37.35357	-39.55582	-39.4923	-41.10163	-42.07571	-41.84278	-43.02861	-40.57225
583.6	0	0	0	-0.02117549	-0.5293874	-5.696208	-22.72131	-33.66904	-37.60768	-38.24294	-37.20535	-39.47112	-39.38642	-40.99576	-41.96983	-41.69455	-42.9439	-40.42402
583.7	0	0	0	-0.02117549	-0.5293874	-5.696208	-22.70013	-33.64786	-37.48063	-38.09472	-37.05711	-39.36525	-39.21701	-40.86871	-41.88513	-41.52515	-42.75332	-40.31814
583.8	0	0	0	-0.02117549	-0.5293874	-5.696208	-22.61543	-33.52081	-37.31122	-38.05236	-36.97241	-39.30172	-39.13231	-40.74165	-41.80043	-41.35574	-42.58392	-40.21227
583.9	0	0	0	-0.02117549	-0.5293874	-5.696208	-22.50955	-33.49963	-37.18417	-37.90414	-36.86654	-39.15349	-39.08996	-40.6146	-41.75808	-41.24986	-42.39334	-40.10639
584	0	0	0	-0.02117549	-0.5293874	-5.696208	-22.50955	-33.30905	-36.95124	-37.79826	-36.63361	-39.06879	-38.98409	-40.50872	-41.60985	-41.18634	-42.20276	-39.91581
584.1	0	0	0	-0.02117549	-0.5293874	-5.653857	-22.3825	-33.24553	-36.86654	-37.75591	-36.57008	-38.94173	-38.87821	-40.31814	-41.39809	-41.03811	-42.05453	-39.85228
584.2	0	0	0	-0.02117549	-0.5293874	-5.611506	-22.25545	-33.24553	-36.73948	-37.69238	-36.4642	-38.83586	-38.75116	-40.19109	-41.27104	-41.01693	-41.7369	-39.76758
584.3	0	0	0	-0.02117549	-0.5293874	-5.590331	-22.14957	-33.16082	-36.67596	-37.56533	-36.35833	-38.70881	-38.66645	-40.14874	-41.16516	-40.86871	-41.52515	-39.51347
584.4	0	0	0	-0.02117549	-0.5293874	-5.526804	-22.04369	-33.0973	-36.63361	-37.48063	-36.25245	-38.66645	-38.58175	-40.00051	-41.14399	-40.784	-41.50397	-39.38642
584.5	0	0	0	-0.02117549	-0.5293874	-5.463278	-21.98016	-33.03377	-36.52773	-37.37475	-36.06187	-38.60293	-38.4547	-39.89463	-41.01693	-40.59342	-41.46162	-39.21701
584.6	0	0	0	-0.02117549	-0.5293874	-5.442102	-21.93781	-32.94907	-36.42185	-37.29005	-35.87129	-38.47587	-38.26412	-39.80993	-40.784	-40.50872	-41.41927	-39.13231
584.7	0	0	0	-0.02117549	-0.5293874	-5.442102	-21.85311	-32.90672	-36.33715	-37.18417	-35.72306	-38.39117	-38.15824	-39.61935	-40.57225	-40.40284	-41.33456	-39.02644
584.8	0	0	0	-0.02117549	-0.5293874	-5.420927	-21.76841	-32.80084	-36.21009	-37.01476	-35.5113	-38.26412	-38.07354	-39.53465	-40.31814	-40.23344	-41.20751	-38.98409
584.9	0	0	0	-0.02117549	-0.5293874	-5.399751	-21.66253	-32.67379	-36.14657	-36.84536	-35.4266	-38.17942	-38.01001	-39.4076	-40.16991	-40.10639	-41.05928	-38.89938
585	0	0	0	-0.02117549	-0.5293874	-5.3574	-21.62018	-32.54673	-35.99834	-36.76066	-35.32072	-38.01001	-37.88296	-39.34407	-40.08521	-39.93698	-40.95341	-38.72998
585.1	0	0	0	-0.02117549	-0.5293874	-5.3574	-21.49313	-32.48321	-35.91364	-36.63361	-35.27837	-37.94649	-37.75591	-39.17466	-39.89463	-39.85228	-40.74165	-38.60293
585.2	0	0	0	-0.02117549	-0.5293874	-5.336225	-21.38725	-32.35616	-35.78659	-36.42185	-35.23602	-37.86179	-37.6712	-39.08996	-39.7464	-39.68288	-40.59342	-38.51822
585.3	0	0	0	-0.02117549	-0.5293874	-5.336225	-21.3449	-32.27145	-35.65953	-36.35833	-35.10897	-37.73473	-37.5865	-38.98409	-39.55582	-39.577	-40.50872	-38.41235
585.4	0	0	0	-0.02117549	-0.5082119	-5.315049	-21.2602	-32.18675	-35.5113	-36.2948	-35.00309	-37.62885	-37.48063	-38.85703	-39.53465	-39.44995	-40.38167	-38.20059
585.5	0	0	0	-0.02117549	-0.5082119	-5.272698	-21.21785	-31.99617	-35.36308	-36.12539	-34.91839	-37.56533	-37.31122	-38.75116	-39.38642	-39.3229	-40.14874	-38.15824
585.6	0	0	0	-0.02117549	-0.5082119	-5.251523	-21.15432	-31.86912	-35.27837	-35.95599	-34.83369	-37.48063	-37.12064	-38.5394	-39.19584	-39.19584	-40.02169	-38.03119
585.7	0	0	0	-0.02117549	-0.5082119	-5.251523	-21.11197	-31.72089	-35.15132	-35.87129	-34.68546	-37.22652	-36.99359	-38.43352	-39.13231	-39.04761	-39.97933	-37.96766
585.8	0	0	0	-0.02117549	-0.4870364	-5.187996	-21.02727	-31.65736	-35.06662	-35.72306	-34.64311	-37.01476	-36.97241	-38.24294	-38.96291	-38.92056	-39.76758	-37.92531
585.9	0	0	0	-0.02117549	-0.4870364	-5.187996	-20.96374	-31.59384	-34.87604	-35.57483	-34.60076	-36.90889	-36.71831	-38.15824	-38.85703	-38.83586	-39.70405	-37.86179
586	0	0	0	-0.02117549	-0.4870364	-5.187996	-20.83669	-31.46679	-34.85486	-35.4266	-34.43135	-36.86654	-36.59126	-38.07354	-38.75116	-38.64528	-39.59818	-37.77708
586.1	0	0	0	-0.02117549	-0.4870364	-5.187996	-20.81551	-31.36091	-34.77016	-35.3419	-34.32548	-36.73948	-36.50655	-37.94649	-38.56058	-38.60293	-39.4076	-37.65003
586.2	0	0	0	-0.02117549	-0.4870364	-5.166821	-20.75199	-31.25503	-34.53723	-35.2572	-34.26195	-36.63361	-36.23127	-37.84061	-38.30647	-38.43352	-39.36525	-37.43827
586.3	0	0	0	-0.02117549	-0.4870364	-5.145645	-20.64611	-31.21268	-34.34665	-35.13015	-34.17725	-36.44303	-36.06187	-37.71355	-38.20059	-38.30647	-39.21701	-37.29005
586.4	0	0	0	-0.02117549	-0.4870364	-5.145645	-20.56141	-31.06445	-34.24078	-34.96074	-34.07137	-36.33715	-35.95599	-37.62885	-38.05236	-38.17942	-39.15349	-37.09947
586.5	0	0	0	-0.02117549	-0.4870364	-5.145645	-20.49788	-30.97975	-34.1349	-34.87604	-34.02902	-36.12539	-35.91364	-37.39592	-37.96766	-38.05236	-39.06879	-36.95124
586.6	0	0	0	-0.02117549	-0.4870364	-5.145645	-20.45553	-30.95857	-33.92314	-34.70663	-33.98667	-35.99834	-35.76541	-37.37475	-37.88296	-37.96766	-38.98409	-36.80301
586.7	0	0	0	-0.02117549	-0.4870364	-5.12447	-20.37082	-30.83152	-33.73256	-34.62193	-33.85962	-35.93481	-35.70189	-37.3324	-37.79826	-37.90414	-38.92056	-36.69713
586.8	0	0	0	-0.02117549	-0.4870364	-5.12447	-20.3073	-30.74682	-33.64786	-34.51606	-33.81726	-35.80776	-35.596	-37.26887	-37.65003	-37.75591	-38.72998	-36.52773
586.9	0	0	0	-0.02117549	-0.4870364	-5.082119	-20.26495	-30.64094	-33.58434	-34.34665	-33.69021	-35.68071	-35.46895	-37.18417	-37.60768	-37.65003	-38.60293	-36.4642
587	0	0	0	-0.02117549	-0.4870364	-5.060943	-20.20142	-30.57741	-33.41493	-34.26195	-33.52081	-35.55365	-35.40543	-37.12064	-37.45945	-37.52298	-38.51822	-36.3795
587.1	0	0	0	-0.02117549	-0.4870364	-5.039768	-20.1379	-30.45036	-33.33023	-34.17725	-33.41493	-35.38425	-35.21485	-36.97241	-37.26887	-37.22652	-38.41235	-36.35833
587.2	0	0	0	-0.02117549	-0.4870364	-4.997416	-20.03202	-30.30213	-33.24553	-34.02902	-33.2667	-35.1725	-35.0878	-36.78183	-37.14182	-37.14182	-38.20059	-36.23127
587.3	0	0	0	-0.02117549	-0.4870364	-4.997416	-19.92614	-30.25978	-33.16082	-33.88079	-33.11847	-35.06662	-35.06662	-36.67596	-37.05711	-37.01476	-38.03119	-36.18892
587.4	0	0	0	-0.02117549	-0.4870364	-4.976241	-19.92614	-30.13273	-33.0973	-33.71139	-32.90672	-34.96074	-34.96074	-36.61243	-36.90889	-36.82418	-37.88296	-36.04069
587.5	0	0	0	-0.02117549	-0.4870364	-4.976241	-19.82026	-30.0692	-32.94907	-33.56316	-32.73732	-34.77016	-34.87604	-36.50655	-36.78183	-36.71831	-37.84061	-35.97717
587.6	0	0	0	-0.02117549	-0.4870364	-4.891539	-19.79909	-29.9845	-32.82202	-33.39375	-32.56791	-34.64311	-34.79134	-36.3795	-36.71831	-36.61243	-37.69238	-35.87129
587.7	0	0	0	-0.02117549	-0.4870364	-4.870364	-19.69321	-29.96333	-32.69497	-33.28788	-32.41968	-34.57958	-34.57958	-36.2948	-36.61243	-36.52773	-37.56533	-35.70189
587.8	0	0	0	-0.02117549	-0.4870364	-4.870364	-19.62968	-29.8998	-32.56791	-33.13965	-32.25028	-34.47371	-34.45253	-36.23127	-36.4642	-36.27362	-37.48063	-35.596
587.9	0	0	0	-0.02117549	-0.4870364	-4.849188	-19.52381	-29.79392	-32.54673	-33.05495	-32.1444	-34.3043	-34.36783	-36.14657	-36.2948	-36.16774	-37.35357	-35.36308
588	0	0	0	-0.02117549	-0.4658609	-4.828013	-19.46028	-29.62452	-32.41968	-32.88554	-31.975	-34.15607	-34.2196	-36.04069	-36.16774	-36.06187	-37.20535	-35.27837
588.1	0	0	0	-0.02117549	-0.4658609	-4.828013	-19.37558	-29.58217	-32.27145	-32.80084	-31.78442	-34.00784	-34.07137	-35.95599	-36.01952	-35.91364	-37.12064	-35.15132
588.2	0	0	0	-0.02117549	-0.4658609	-4.828013	-19.37558	-29.43394	-32.12323	-32.69497	-31.69971	-33.90197	-33.92314	-35.76541	-35.93481	-35.74424	-36.95124	-35.04544
588.3	0	0	0	-0.02117549	-0.4658609	-4.806837	-19.22735	-29.30688	-32.08088	-32.56791	-31.63619	-33.71139	-33.83844	-35.70189	-35.85011	-35.70189	-36.76066	-34.83369
588.4	0	0	0	-0.02117549	-0.4658609	-4.806837	-19.20617	-29.20101	-31.975	-32.50438	-31.46679	-33.62669	-33.71139	-35.53248	-35.72306	-35.57483	-36.61243	-34.68546
588.5	0	0	0	-0.02117549	-0.4658609	-4.806837	-19.12147	-29.1163	-31.8903	-32.41968	-31.38208	-33.43611	-33.56316	-35.4266	-35.55365	-35.53248	-36.3795	-34.55841
588.6	0	0	0	-0.02117549	-0.4658609	-4.806837	-19.03677	-29.07395	-31.76324	-32.25028	-31.25503	-33.30905	-33.47846	-35.32072	-35.32072	-35.49013	-36.12539	-34.51606
588.7	0	0	0	-0.02117549	-0.4658609	-4.764486	-19.01559	-28.96808	-31.67854	-32.18675	-31.06445	-33.20317	-33.39375	-35.19367	-35.1725	-35.4266	-36.01952	-34.389
588.8	0	0	0	-0.02117549	-0.4658609	-4.743311	-18.97324	-28.8622	-31.55149	-32.12323	-30.91622	-33.05495	-33.33023	-34.98192	-34.98192	-35.29955	-35.85011	-34.28313
588.9	0	0	0	-0.02117549	-0.4658609	-4.743311	-18.93089	-28.79867	-31.46679	-31.93265	-30.87387	-32.84319	-33.22435	-34.79134	-34.89722	-35.21485	-35.74424	-34.05019
589	0	0	0	-0.02117549	-0.4658609	-4.743311	-18.93089	-28.75632	-31.33973	-31.84794	-30.74682	-32.73732	-33.0973	-34.64311	-34.81251	-35.0878	-35.70189	-33.94432
589.1	0	0	0	-0.02117549	-0.4658609	-4.722135	-18.82501	-28.56574	-31.27621	-31.78442	-30.64094	-32.56791	-32.99142	-34.55841	-34.72781	-35.04544	-35.57483	-33.81726
589.2	0	0	0	-0.02117549	-0.4658609	-4.722135	-18.78266	-28.45987	-31.23385	-31.61501	-30.61976	-32.52556	-32.90672	-34.45253	-34.57958	-34.93957	-35.5113	-33.73256
589.3	0	0	0	-0.02117549	-0.4658609	-4.722135	-18.74031	-28.31164	-31.1068	-31.53031	-30.47154	-32.41968	-32.71614	-34.36783	-34.51606	-34.83369	-35.40543	-33.64786
589.4	0	0	0	-0.02117549	-0.4658609	-4.70096	-18.67679	-28.24811	-30.95857	-31.40326	-30.38684	-32.35616	-32.71614	-34.2196	-34.389	-34.70663	-35.23602	-33.47846
589.5	0	0	0	-0.02117549	-0.4658609	-4.70096	-18.61326	-28.20576	-30.8527	-31.21268	-30.34448	-32.20793	-32.63144	-34.1349	-34.19843	-34.64311	-35.0878	-33.33023
589.6	0	0	0	-0.02117549	-0.4658609	-4.70096	-18.52856	-28.12106	-30.74682	-31.12798	-30.28096	-32.16558	-32.48321	-34.07137	-34.15607	-34.49488	-34.98192	-33.2667
589.7	0	0	0	-0.02117549	-0.4658609	-4.679784	-18.46503	-27.97283	-30.68329	-31.06445	-30.21743	-32.01735	-32.41968	-34.00784	-34.11372	-34.43135	-34.89722	-33.182
589.8	0	0	0	-0.02117549	-0.4658609	-4.679784	-18.42268	-27.9093	-30.59859	-30.9374	-30.09038	-31.93265	-32.27145	-33.92314	-33.98667	-34.3043	-34.68546	-33.05495
589.9	0	0	0	-0.02117549	-0.4658609	-4.658609	-18.29563	-27.67637	-30.53506	-30.83152	-29.9845	-31.78442	-32.1444	-33.81726	-33.90197	-34.17725	-34.64311	-32.99142
590	0	0	0	-0.02117549	-0.4658609	-4.595082	-18.25328	-27.63402	-30.45036	-30.66212	-29.92097	-31.69971	-31.975	-33.77491	-33.83844	-34.00784	-34.47371	-32.94907
590.1	0	0	0	-0.02117549	-0.4658609	-4.573907	-18.16857	-27.52814	-30.30213	-30.59859	-29.79392	-31.65736	-31.91147	-33.69021	-33.73256	-33.88079	-34.34665	-32.75849
590.2	0	0	0	-0.02117549	-0.4658609	-4.573907	-18.1474	-27.42227	-30.13273	-30.45036	-29.75157	-31.63619	-31.86912	-33.60551	-33.56316	-33.81726	-34.19843	-32.75849
590.3	0	0	0	-0.02117549	-0.4658609	-4.552732	-18.0627	-27.31639	-30.02685	-30.40801	-29.73039	-31.55149	-31.76324	-33.41493	-33.43611	-33.73256	-34.11372	-32.73732
590.4	0	0	0	-0.02117549	-0.4446854	-4.531556	-18.0627	-27.29521	-29.94215	-30.21743	-29.68804	-31.44561	-31.72089	-33.2667	-33.30905	-33.58434	-34.00784	-32.71614
590.5	0	0	0	-0.02117549	-0.4446854	-4.531556	-18.02035	-27.23169	-29.85745	-30.09038	-29.62452	-31.38208	-31.57266	-33.07612	-33.24553	-33.41493	-33.85962	-32.63144
590.6	0	0	0	-0.02117549	-0.4446854	-4.51038	-17.93564	-27.12581	-29.75157	-29.85745	-29.58217	-31.25503	-31.53031	-33.03377	-33.182	-33.3514	-33.79609	-32.41968
590.7	0	0	0	-0.02117549	-0.4446854	-4.51038	-17.85094	-27.06228	-29.68804	-29.77275	-29.51864	-31.21268	-31.46679	-32.97025	-33.07612	-33.24553	-33.73256	-32.33498
590.8	0	0	0	-0.02117549	-0.4446854	-4.425678	-17.85094	-26.97758	-29.56099	-29.62452	-29.41276	-31.12798	-31.36091	-32.90672	-33.03377	-33.0973	-33.56316	-32.25028
590.9	0	0	0	-0.02117549	-0.4446854	-4.425678	-17.80859	-26.93523	-29.49746	-29.56099	-29.28571	-31.06445	-31.25503	-32.80084	-32.92789	-33.03377	-33.41493	-32.16558
591	0	0	0	-0.02117549	-0.4446854	-4.425678	-17.70271	-26.80818	-29.39159	-29.47629	-29.07395	-30.95857	-31.21268	-32.67379	-32.80084	-32.94907	-33.37258	-32.12323
591.1	0	0	0	-0.02117549	-0.4446854	-4.425678	-17.63919	-26.74465	-29.30688	-29.37041	-28.92573	-30.89505	-31.1068	-32.54673	-32.61026	-32.88554	-33.2667	-32.08088
591.2	0	0	0	-0.02117549	-0.4235099	-4.404503	-17.59684	-26.68112	-29.22218	-29.26453	-28.88338	-30.78917	-31.0221	-32.46203	-32.54673	-32.77967	-33.22435	-31.99617
591.3	0	0	0	-0.02117549	-0.4235099	-4.383327	-17.49096	-26.6176	-29.15866	-29.17983	-28.73515	-30.70447	-30.97975	-32.39851	-32.44086	-32.63144	-33.0973	-31.91147
591.4	0	0	0	-0.02117549	-0.4235099	-4.340976	-17.44861	-26.51172	-29.13748	-29.07395	-28.67162	-30.57741	-30.87387	-32.20793	-32.35616	-32.54673	-33.07612	-31.86912
591.5	0	0	0	-0.02117549	-0.4235099	-4.319801	-17.3639	-26.44819	-29.07395	-28.96808	-28.62927	-30.40801	-30.83152	-32.12323	-32.2291	-32.39851	-32.86437	-31.78442
591.6	0	0	0	-0.02117549	-0.4235099	-4.298625	-17.30038	-26.38467	-28.96808	-28.88338	-28.54457	-30.28096	-30.76799	-32.0597	-32.1444	-32.3138	-32.63144	-31.72089
591.7	0	0	0	-0.02117549	-0.4235099	-4.27745	-17.21568	-26.36349	-28.88338	-28.79867	-28.43869	-30.23861	-30.57741	-32.03852	-32.03852	-32.20793	-32.44086	-31.65736
591.8	0	0	0	-0.02117549	-0.4235099	-4.27745	-17.1945	-26.27879	-28.79867	-28.7775	-28.43869	-30.13273	-30.51389	-31.91147	-31.93265	-32.10205	-32.33498	-31.63619
591.9	0	0	0	-0.02117549	-0.4235099	-4.27745	-17.15215	-26.08821	-28.73515	-28.67162	-28.26929	-30.02685	-30.38684	-31.82677	-31.80559	-32.03852	-32.27145	-31.55149
592	0	0	0	-0.02117549	-0.4235099	-4.256274	-17.1098	-25.98233	-28.65044	-28.62927	-28.12106	-29.94215	-30.19625	-31.74207	-31.76324	-32.03852	-32.18675	-31.42443
592.1	0	0	0	-0.02117549	-0.4235099	-4.256274	-17.04627	-25.85528	-28.54457	-28.50222	-28.01518	-29.87862	-30.09038	-31.65736	-31.69971	-31.8903	-32.10205	-31.33973
592.2	0	0	0	-0.02117549	-0.4235099	-4.256274	-16.98275	-25.77058	-28.39634	-28.41751	-27.93048	-29.8151	-30.00568	-31.57266	-31.61501	-31.78442	-32.03852	-31.27621
592.3	0	0	0	-0.02117549	-0.4235099	-4.256274	-16.96157	-25.60117	-28.31164	-28.33281	-27.80342	-29.68804	-29.96333	-31.55149	-31.59384	-31.65736	-31.93265	-31.25503
592.4	0	0	0	-0.02117549	-0.4235099	-4.256274	-16.96157	-25.58	-28.18458	-28.18458	-27.7399	-29.56099	-29.8998	-31.44561	-31.48796	-31.57266	-31.84794	-31.21268
592.5	0	0	0	-0.02117549	-0.4235099	-4.256274	-16.9404	-25.53765	-28.09988	-28.12106	-27.63402	-29.47629	-29.79392	-31.40326	-31.42443	-31.55149	-31.72089	-31.08563
592.6	0	0	0	-0.02117549	-0.4235099	-4.213923	-16.87687	-25.41059	-27.97283	-28.09988	-27.52814	-29.37041	-29.70922	-31.29738	-31.27621	-31.40326	-31.61501	-30.91622
592.7	0	0	0	-0.02117549	-0.4235099	-4.192748	-16.87687	-25.30472	-27.84578	-28.01518	-27.42227	-29.32806	-29.64569	-31.1068	-31.21268	-31.31856	-31.50914	-30.83152
592.8	0	0	0	-0.02117549	-0.4235099	-4.150397	-16.74982	-25.22001	-27.8246	-27.93048	-27.33756	-29.26453	-29.53981	-31.06445	-31.00092	-31.1915	-31.42443	-30.76799
592.9	0	0	0	-0.02117549	-0.4235099	-4.150397	-16.68629	-25.11414	-27.69755	-27.86695	-27.27404	-29.1163	-29.51864	-31.04328	-30.91622	-31.12798	-31.31856	-30.66212
593	0	0	0	-0.02117549	-0.4235099	-4.150397	-16.66511	-25.09296	-27.59167	-27.8246	-27.14698	-29.09513	-29.45511	-30.9374	-30.8527	-31.06445	-31.23385	-30.51389
593.1	0	0	0	-0.02117549	-0.4235099	-4.108046	-16.51689	-25.07178	-27.54932	-27.76107	-27.04111	-28.92573	-29.34924	-30.83152	-30.76799	-31.00092	-31.17033	-30.51389
593.2	0	0	0	-0.02117549	-0.4235099	-4.108046	-16.41101	-25.00826	-27.46462	-27.69755	-26.9564	-28.84102	-29.24336	-30.68329	-30.59859	-30.9374	-31.12798	-30.32331
593.3	0	0	0	-0.02117549	-0.4235099	-4.108046	-16.36866	-24.94473	-27.33756	-27.54932	-26.85053	-28.7775	-29.17983	-30.59859	-30.47154	-30.81034	-31.06445	-30.1539
593.4	0	0	0	-0.02117549	-0.4235099	-4.108046	-16.26278	-24.83886	-27.18933	-27.44344	-26.76583	-28.65044	-29.0316	-30.45036	-30.40801	-30.70447	-31.06445	-30.09038
593.5	0	0	0	-0.02117549	-0.4235099	-4.086871	-16.22043	-24.7965	-27.14698	-27.37992	-26.7023	-28.45987	-28.96808	-30.34448	-30.32331	-30.57741	-30.87387	-30.04803
593.6	0	0	0	-0.02117549	-0.4235099	-4.065695	-16.17808	-24.66945	-27.10463	-27.31639	-26.65995	-28.37516	-28.88338	-30.32331	-30.19625	-30.47154	-30.81034	-29.96333
593.7	0	0	0	-0.02117549	-0.4235099	-4.065695	-16.17808	-24.64828	-27.04111	-27.21051	-26.59642	-28.31164	-28.84102	-30.25978	-30.17508	-30.38684	-30.68329	-29.79392
593.8	0	0	0	-0.02117549	-0.4235099	-4.023344	-16.1569	-24.43652	-26.91405	-27.12581	-26.53289	-28.24811	-28.79867	-30.04803	-30.1539	-30.28096	-30.47154	-29.77275
593.9	0	0	0	-0.02117549	-0.4235099	-4.023344	-16.0722	-24.39417	-26.787	-27.08346	-26.46937	-28.14223	-28.73515	-29.94215	-30.00568	-30.11155	-30.25978	-29.66687
594	0	0	0	-0.02117549	-0.4235099	-3.980993	-15.96632	-24.30947	-26.68112	-26.97758	-26.40584	-28.05753	-28.58692	-29.79392	-29.92097	-30.00568	-30.1539	-29.56099
594.1	0	0	0	-0.02117549	-0.4235099	-3.959817	-15.9028	-24.22477	-26.57524	-26.97758	-26.29996	-28.03635	-28.48104	-29.68804	-29.8151	-29.94215	-30.04803	-29.49746
594.2	0	0	0	-0.02117549	-0.4235099	-3.959817	-15.9028	-24.20359	-26.46937	-26.85053	-26.25761	-27.93048	-28.29046	-29.66687	-29.68804	-29.85745	-30.00568	-29.45511
594.3	0	0	0	-0.02117549	-0.4235099	-3.938642	-15.86045	-24.18242	-26.38467	-26.80818	-26.19409	-27.84578	-28.16341	-29.53981	-29.49746	-29.79392	-29.87862	-29.32806
594.4	0	0	0	-0.02117549	-0.4235099	-3.938642	-15.79692	-24.07654	-26.29996	-26.72347	-26.19409	-27.7399	-28.09988	-29.41276	-29.45511	-29.66687	-29.77275	-29.13748
594.5	0	0	0	-0.02117549	-0.4235099	-3.917466	-15.77574	-23.94948	-26.19409	-26.6176	-26.10938	-27.6552	-28.03635	-29.30688	-29.32806	-29.39159	-29.70922	-29.07395
594.6	0	0	0	-0.02117549	-0.4235099	-3.875115	-15.71222	-23.86478	-26.13056	-26.44819	-26.02468	-27.54932	-27.86695	-29.26453	-29.20101	-29.30688	-29.60334	-29.0316
594.7	0	0	0	-0.02117549	-0.4235099	-3.875115	-15.66987	-23.71655	-26.02468	-26.36349	-25.93998	-27.48579	-27.69755	-29.15866	-29.13748	-29.20101	-29.49746	-28.92573
594.8	0	0	0	-0.02117549	-0.4235099	-3.85394	-15.62751	-23.69538	-25.91881	-26.27879	-25.91881	-27.35874	-27.67637	-28.96808	-29.0316	-29.09513	-29.47629	-28.7775
594.9	0	0	0	-0.02117549	-0.4235099	-3.85394	-15.54281	-23.63185	-25.89763	-26.06703	-25.89763	-27.33756	-27.63402	-28.79867	-28.96808	-29.01043	-29.47629	-28.71397
595	0	0	0	-0.02117549	-0.4235099	-3.832765	-15.43694	-23.5895	-25.85528	-25.96116	-25.81293	-27.21051	-27.59167	-28.65044	-28.79867	-28.98925	-29.34924	-28.56574
595.1	0	0	0	-0.02117549	-0.4235099	-3.790414	-15.39458	-23.52597	-25.7494	-25.85528	-25.70705	-27.12581	-27.52814	-28.58692	-28.71397	-28.88338	-29.26453	-28.48104
595.2	0	0	0	-0.02117549	-0.4235099	-3.790414	-15.37341	-23.39892	-25.68587	-25.79175	-25.6647	-27.04111	-27.37992	-28.48104	-28.58692	-28.81985	-29.17983	-28.39634
595.3	0	0	0	-0.02117549	-0.4235099	-3.769238	-15.30988	-23.3354	-25.60117	-25.72823	-25.51647	-26.99876	-27.21051	-28.39634	-28.52339	-28.7775	-29.1163	-28.29046
595.4	0	0	0	-0.02117549	-0.4235099	-3.748063	-15.28871	-23.18717	-25.49529	-25.62235	-25.43177	-26.91405	-27.10463	-28.35399	-28.41751	-28.73515	-28.92573	-28.26929
595.5	0	0	0	-0.02117549	-0.4235099	-3.726887	-15.24636	-23.03894	-25.41059	-25.58	-25.36824	-26.80818	-27.06228	-28.31164	-28.33281	-28.67162	-28.7775	-28.12106
595.6	0	0	0	-0.02117549	-0.4235099	-3.684536	-15.22518	-23.01776	-25.30472	-25.45294	-25.28354	-26.65995	-26.9564	-28.22693	-28.31164	-28.54457	-28.67162	-28.0787
595.7	0	0	0	-0.02117549	-0.4235099	-3.684536	-15.18283	-22.95424	-25.17766	-25.41059	-25.13531	-26.53289	-26.787	-28.09988	-28.31164	-28.39634	-28.54457	-27.97283
595.8	0	0	0	-0.02117549	-0.4235099	-3.684536	-15.14048	-22.93306	-25.11414	-25.32589	-25.05061	-26.46937	-26.63877	-27.994	-28.20576	-28.24811	-28.43869	-27.86695
595.9	0	0	0	-0.02117549	-0.4023344	-3.684536	-15.1193	-22.84836	-25.02943	-25.30472	-24.96591	-26.42702	-26.59642	-27.97283	-28.05753	-28.14223	-28.35399	-27.7399
596	0	0	0	-0.02117549	-0.4023344	-3.684536	-15.09813	-22.72131	-24.96591	-25.24119	-24.83886	-26.21526	-26.51172	-27.9093	-27.994	-28.05753	-28.33281	-27.63402
596.1	0	0	0	-0.02117549	-0.4023344	-3.684536	-15.09813	-22.70013	-24.92356	-25.19884	-24.73298	-26.08821	-26.42702	-27.84578	-27.9093	-27.88813	-28.24811	-27.54932
596.2	0	0	0	-0.02117549	-0.4023344	-3.684536	-15.0346	-22.65778	-24.83886	-25.13531	-24.69063	-25.91881	-26.29996	-27.80342	-27.88813	-27.69755	-28.24811	-27.42227
596.3	0	0	0	-0.02117549	-0.4023344	-3.642185	-15.01343	-22.65778	-24.73298	-25.07178	-24.6271	-25.8341	-26.21526	-27.7399	-27.78225	-27.61284	-28.16341	-27.35874
596.4	0	0	0	-0.02117549	-0.4023344	-3.642185	-14.9499	-22.5519	-24.50005	-25.05061	-24.5424	-25.72823	-26.17291	-27.57049	-27.76107	-27.50697	-28.0787	-27.27404
596.5	0	0	0	-0.02117549	-0.4023344	-3.642185	-14.90755	-22.48837	-24.4577	-24.98708	-24.47887	-25.55882	-26.10938	-27.48579	-27.71872	-27.46462	-28.01518	-27.18933
596.6	0	0	0	-0.02117549	-0.4023344	-3.578659	-14.84402	-22.44602	-24.41534	-24.88121	-24.4577	-25.51647	-26.06703	-27.35874	-27.67637	-27.31639	-27.93048	-27.10463
596.7	0	0	0	-0.02117549	-0.4023344	-3.557483	-14.84402	-22.2978	-24.35182	-24.81768	-24.4577	-25.41059	-25.98233	-27.31639	-27.52814	-27.27404	-27.86695	-27.04111
596.8	0	0	0	-0.02117549	-0.4023344	-3.557483	-14.73814	-22.23427	-24.26712	-24.7965	-24.39417	-25.30472	-25.91881	-27.25286	-27.48579	-27.16816	-27.8246	-26.80818
596.9	0	0	0	-0.02117549	-0.4023344	-3.536308	-14.73814	-22.10722	-24.22477	-24.75415	-24.35182	-25.19884	-25.77058	-27.10463	-27.37992	-27.08346	-27.80342	-26.76583
597	0	0	0	-0.02117549	-0.4023344	-3.536308	-14.69579	-22.02251	-24.11889	-24.64828	-24.22477	-25.11414	-25.70705	-26.99876	-27.27404	-26.91405	-27.69755	-26.76583
597.1	0	0	0	-0.02117549	-0.4023344	-3.536308	-14.65344	-21.91664	-24.01301	-24.5424	-24.09771	-25.02943	-25.60117	-26.85053	-27.14698	-26.787	-27.63402	-26.57524
597.2	0	0	0	-0.02117549	-0.4023344	-3.493957	-14.65344	-21.89546	-23.82243	-24.43652	-24.07654	-24.94473	-25.49529	-26.72347	-27.08346	-26.7023	-27.59167	-26.51172
597.3	0	0	0	-0.02117549	-0.4023344	-3.493957	-14.54756	-21.83193	-23.73773	-24.39417	-24.01301	-24.86003	-25.41059	-26.65995	-27.06228	-26.59642	-27.54932	-26.32114
597.4	0	0	0	-0.02117549	-0.3811589	-3.493957	-14.48404	-21.78958	-23.69538	-24.30947	-23.92831	-24.77533	-25.34707	-26.53289	-26.89288	-26.55407	-27.52814	-26.23644
597.5	0	0	0	-0.02117549	-0.3811589	-3.451606	-14.37816	-21.66253	-23.61068	-24.24594	-23.82243	-24.66945	-25.28354	-26.49054	-26.787	-26.51172	-27.40109	-26.06703
597.6	0	0	0	-0.02117549	-0.3811589	-3.451606	-14.33581	-21.64136	-23.5895	-24.11889	-23.78008	-24.6271	-25.24119	-26.42702	-26.74465	-26.36349	-27.31639	-26.00351
597.7	0	0	0	-0.02117549	-0.3811589	-3.451606	-14.31463	-21.599	-23.54715	-24.03419	-23.69538	-24.56357	-25.13531	-26.27879	-26.72347	-26.27879	-27.21051	-25.91881
597.8	0	0	0	-0.02117549	-0.3811589	-3.43043	-14.31463	-21.4296	-23.5048	-23.97066	-23.6742	-24.50005	-25.02943	-26.21526	-26.7023	-26.13056	-27.16816	-25.87645
597.9	0	0	0	-0.02117549	-0.3811589	-3.409255	-14.29346	-21.3449	-23.44127	-23.92831	-23.65303	-24.37299	-24.94473	-26.10938	-26.59642	-25.98233	-27.06228	-25.7494
598	0	0	0	-0.02117549	-0.3811589	-3.366904	-14.25111	-21.32372	-23.4201	-23.84361	-23.5895	-24.26712	-24.81768	-26.02468	-26.51172	-25.98233	-26.9564	-25.64352
598.1	0	0	0	-0.02117549	-0.3811589	-3.345728	-14.18758	-21.32372	-23.35657	-23.84361	-23.52597	-24.22477	-24.7118	-26.00351	-26.38467	-25.85528	-26.89288	-25.58
598.2	0	0	0	-0.02117549	-0.3811589	-3.345728	-14.10288	-21.21785	-23.22952	-23.75891	-23.44127	-24.11889	-24.64828	-25.91881	-26.36349	-25.8341	-26.787	-25.45294
598.3	0	0	0	-0.02117549	-0.3811589	-3.324553	-14.03935	-21.13314	-23.14482	-23.6742	-23.37775	-24.07654	-24.56357	-25.87645	-26.29996	-25.79175	-26.65995	-25.34707
598.4	0	0	0	-0.02117549	-0.3811589	-3.324553	-14.03935	-21.02727	-22.99659	-23.5895	-23.25069	-24.01301	-24.41534	-25.79175	-26.17291	-25.64352	-26.6176	-25.22001
598.5	0	0	0	-0.02117549	-0.3811589	-3.324553	-13.997	-20.94256	-22.89071	-23.5048	-23.20834	-23.92831	-24.35182	-25.70705	-26.10938	-25.58	-26.53289	-25.17766
598.6	0	0	0	-0.02117549	-0.3811589	-3.324553	-13.9123	-20.87904	-22.80601	-23.44127	-23.03894	-23.82243	-24.26712	-25.60117	-26.04586	-25.55882	-26.46937	-25.05061
598.7	0	0	0	-0.02117549	-0.3811589	-3.324553	-13.86995	-20.77316	-22.76366	-23.39892	-22.97541	-23.73773	-24.24594	-25.51647	-25.91881	-25.51647	-26.42702	-24.96591
598.8	0	0	0	-0.02117549	-0.3811589	-3.282202	-13.8276	-20.68846	-22.67896	-23.27187	-22.91188	-23.69538	-24.14006	-25.36824	-25.85528	-25.41059	-26.40584	-24.90238
598.9	0	0	0	-0.02117549	-0.3811589	-3.261026	-13.76407	-20.58258	-22.65778	-23.12364	-22.84836	-23.61068	-24.05536	-25.28354	-25.7494	-25.34707	-26.36349	-24.90238
599	0	0	0	-0.02117549	-0.3811589	-3.261026	-13.67937	-20.49788	-22.57308	-23.03894	-22.74248	-23.5048	-23.99183	-25.19884	-25.64352	-25.28354	-26.32114	-24.86003
599.1	0	0	0	-0.02117549	-0.3811589	-3.218675	-13.57349	-20.34965	-22.53073	-22.95424	-22.61543	-23.4201	-23.92831	-25.15649	-25.62235	-25.24119	-26.23644	-24.7965
599.2	0	0	0	-0.02117549	-0.3811589	-3.218675	-13.53114	-20.34965	-22.4672	-22.91188	-22.57308	-23.37775	-23.82243	-25.07178	-25.55882	-25.11414	-26.17291	-24.77533
599.3	0	0	0	-0.02117549	-0.3811589	-3.1975	-13.48879	-20.26495	-22.40367	-22.82718	-22.4672	-23.35657	-23.80126	-24.94473	-25.47412	-25.07178	-26.06703	-24.73298
599.4	0	0	0	-0.02117549	-0.3811589	-3.155149	-13.44644	-20.20142	-22.2978	-22.82718	-22.36132	-23.25069	-23.69538	-24.90238	-25.36824	-25.05061	-25.96116	-24.58475
599.5	0	0	0	-0.02117549	-0.3811589	-3.133973	-13.38291	-20.11672	-22.27662	-22.72131	-22.36132	-23.16599	-23.63185	-24.86003	-25.26237	-24.98708	-25.79175	-24.5424
599.6	0	0	0	-0.02117549	-0.3811589	-3.133973	-13.31939	-20.07437	-22.19192	-22.70013	-22.31897	-23.06011	-23.61068	-24.7965	-25.13531	-24.94473	-25.79175	-24.43652
599.7	0	0	0	-0.02117549	-0.3811589	-3.112798	-13.31939	-19.94732	-22.10722	-22.59425	-22.19192	-22.95424	-23.54715	-24.73298	-25.00826	-24.92356	-25.72823	-24.39417
599.8	0	0	0	-0.02117549	-0.3811589	-3.112798	-13.21351	-19.88379	-22.06487	-22.5519	-22.12839	-22.80601	-23.4201	-24.6271	-24.98708	-24.81768	-25.6647	-24.20359
599.9	0	0	0	-0.02117549	-0.3599834	-3.112798	-13.17116	-19.79909	-22.00134	-22.48837	-22.06487	-22.76366	-23.27187	-24.52122	-24.98708	-24.75415	-25.55882	-24.16124
600	0	0	0	-0.02117549	-0.3388079	-3.091622	-13.10763	-19.73556	-21.93781	-22.34015	-21.98016	-22.67896	-23.18717	-24.33064	-24.94473	-24.7118	-25.53765	-24.14006
600.1	0	0	0	-0.02117549	-0.3388079	-3.070447	-13.0441	-19.71439	-21.87429	-22.25545	-21.91664	-22.6366	-23.14482	-24.24594	-24.88121	-24.66945	-25.43177	-24.07654
600.2	0	0	0	-0.02117549	-0.3388079	-3.049271	-12.9594	-19.65086	-21.83193	-22.23427	-21.85311	-22.6366	-23.03894	-24.18242	-24.81768	-24.58475	-25.32589	-24.01301
600.3	0	0	0	-0.02117549	-0.3388079	-3.049271	-12.93823	-19.50263	-21.72606	-22.21309	-21.78958	-22.59425	-22.97541	-24.16124	-24.81768	-24.4577	-25.26237	-23.97066
600.4	0	0	0	-0.02117549	-0.3388079	-3.049271	-12.89588	-19.48145	-21.66253	-22.17074	-21.72606	-22.50955	-22.93306	-24.09771	-24.7118	-24.4577	-25.26237	-23.80126
600.5	0	0	0	-0.02117549	-0.3388079	-3.00692	-12.8747	-19.39675	-21.64136	-22.04369	-21.68371	-22.42485	-22.82718	-24.01301	-24.66945	-24.39417	-25.22001	-23.78008
600.6	0	0	0	-0.02117549	-0.3388079	-3.00692	-12.85353	-19.29088	-21.57783	-21.95899	-21.62018	-22.3825	-22.72131	-23.86478	-24.56357	-24.30947	-25.15649	-23.73773
600.7	0	0	0	-0.02117549	-0.3388079	-3.00692	-12.81117	-19.24852	-21.5143	-21.87429	-21.5143	-22.31897	-22.6366	-23.75891	-24.47887	-24.24594	-25.11414	-23.65303
600.8	0	0	0	-0.02117549	-0.3176324	-2.985745	-12.74765	-19.185	-21.47195	-21.83193	-21.4296	-22.25545	-22.61543	-23.71655	-24.35182	-24.11889	-25.05061	-23.61068
600.9	0	0	0	-0.02117549	-0.3176324	-2.985745	-12.72647	-19.14265	-21.40842	-21.81076	-21.38725	-22.17074	-22.57308	-23.63185	-24.26712	-24.05536	-24.96591	-23.5048
601	0	0	0	-0.02117549	-0.3176324	-2.985745	-12.7053	-19.1003	-21.3449	-21.70488	-21.2602	-22.08604	-22.57308	-23.54715	-24.16124	-24.01301	-24.75415	-23.44127
601.1	0	0	0	-0.02117549	-0.3176324	-2.985745	-12.59942	-19.05795	-21.28137	-21.599	-21.21785	-21.98016	-22.5519	-23.44127	-24.11889	-23.94948	-24.64828	-23.39892
601.2	0	0	0	-0.02117549	-0.3176324	-2.985745	-12.53589	-19.01559	-21.19667	-21.599	-21.09079	-21.87429	-22.44602	-23.35657	-24.01301	-23.86478	-24.58475	-23.27187
601.3	0	0	0	-0.02117549	-0.3176324	-2.964569	-12.53589	-18.97324	-21.15432	-21.47195	-21.02727	-21.74723	-22.36132	-23.22952	-23.97066	-23.73773	-24.5424	-23.20834
601.4	0	0	0	-0.02117549	-0.3176324	-2.943394	-12.49354	-18.88854	-21.13314	-21.40842	-20.96374	-21.72606	-22.31897	-23.06011	-23.88596	-23.6742	-24.37299	-23.01776
601.5	0	0	0	-0.02117549	-0.3176324	-2.943394	-12.45119	-18.82501	-21.04844	-21.32372	-20.92139	-21.68371	-22.23427	-23.03894	-23.75891	-23.54715	-24.33064	-22.95424
601.6	0	0	0	-0.02117549	-0.3176324	-2.922218	-12.38766	-18.71914	-20.98491	-21.2602	-20.85786	-21.66253	-22.10722	-22.97541	-23.6742	-23.52597	-24.20359	-22.82718
601.7	0	0	0	-0.02117549	-0.3176324	-2.922218	-12.19708	-18.63444	-20.92139	-21.09079	-20.77316	-21.57783	-22.08604	-22.95424	-23.63185	-23.37775	-24.20359	-22.76366
601.8	0	0	0	-0.02117549	-0.3176324	-2.901043	-12.17591	-18.50738	-20.85786	-20.98491	-20.73081	-21.4296	-22.04369	-22.89071	-23.54715	-23.35657	-24.05536	-22.70013
601.9	0	0	0	-0.02117549	-0.2964569	-2.879867	-12.11238	-18.42268	-20.83669	-20.87904	-20.60376	-21.30255	-21.95899	-22.82718	-23.46245	-23.31422	-23.99183	-22.61543
602	0	0	0	-0.02117549	-0.2964569	-2.879867	-12.07003	-18.3168	-20.79434	-20.81551	-20.56141	-21.2602	-21.83193	-22.67896	-23.37775	-23.29304	-23.88596	-22.50955
602.1	0	0	0	-0.02117549	-0.2964569	-2.858692	-12.04886	-18.21093	-20.77316	-20.70963	-20.4767	-21.19667	-21.74723	-22.57308	-23.37775	-23.20834	-23.80126	-22.44602
602.2	0	0	0	-0.02117549	-0.2752814	-2.837516	-12.02768	-18.12622	-20.68846	-20.70963	-20.43435	-21.1755	-21.72606	-22.5519	-23.29304	-23.16599	-23.71655	-22.40367
602.3	0	0	0	-0.02117549	-0.2752814	-2.816341	-12.00651	-18.12622	-20.64611	-20.64611	-20.37082	-21.13314	-21.66253	-22.5519	-23.20834	-23.12364	-23.65303	-22.34015
602.4	0	0	0	-0.02117549	-0.2752814	-2.816341	-11.96415	-18.08387	-20.58258	-20.58258	-20.26495	-21.02727	-21.53548	-22.50955	-23.06011	-22.97541	-23.56833	-22.23427
602.5	0	0	0	-0.02117549	-0.2541059	-2.816341	-11.9218	-17.97799	-20.51905	-20.51905	-20.11672	-20.90021	-21.5143	-22.4672	-23.01776	-22.91188	-23.5048	-22.21309
602.6	0	0	0	-0.02117549	-0.2541059	-2.795165	-11.85828	-17.93564	-20.49788	-20.43435	-20.11672	-20.77316	-21.45078	-22.42485	-22.95424	-22.70013	-23.4201	-22.14957
602.7	0	0	0	-0.02117549	-0.2541059	-2.77399	-11.81593	-17.89329	-20.34965	-20.392	-20.07437	-20.70963	-21.36607	-22.34015	-22.89071	-22.70013	-23.35657	-22.08604
602.8	0	0	0	-0.02117549	-0.2541059	-2.77399	-11.68887	-17.89329	-20.2226	-20.34965	-19.96849	-20.62493	-21.32372	-22.31897	-22.80601	-22.57308	-23.29304	-21.95899
602.9	0	0	0	-0.02117549	-0.2541059	-2.77399	-11.68887	-17.87212	-20.20142	-20.3073	-19.90496	-20.60376	-21.2602	-22.2978	-22.76366	-22.4672	-23.14482	-21.91664
603	0	0	0	-0.02117549	-0.2541059	-2.77399	-11.64652	-17.80859	-20.11672	-20.24377	-19.88379	-20.51905	-21.23902	-22.21309	-22.67896	-22.40367	-23.08129	-21.87429
603.1	0	0	0	-0.02117549	-0.2541059	-2.77399	-11.60417	-17.76624	-20.03202	-20.18025	-19.82026	-20.49788	-21.15432	-22.17074	-22.65778	-22.31897	-23.06011	-21.78958
603.2	0	0	0	-0.02117549	-0.2541059	-2.752814	-11.60417	-17.70271	-20.01084	-20.1379	-19.73556	-20.4767	-21.09079	-22.10722	-22.61543	-22.21309	-23.06011	-21.76841
603.3	0	0	0	-0.02117549	-0.2541059	-2.752814	-11.583	-17.66036	-19.96849	-20.09554	-19.71439	-20.41318	-21.02727	-22.04369	-22.5519	-22.19192	-22.91188	-21.74723
603.4	0	0	0	-0.02117549	-0.2541059	-2.731639	-11.47712	-17.59684	-19.88379	-19.98967	-19.65086	-20.41318	-20.94256	-21.95899	-22.48837	-22.14957	-22.84836	-21.66253
603.5	0	0	0	-0.02117549	-0.2541059	-2.731639	-11.43477	-17.57566	-19.77791	-19.88379	-19.48145	-20.37082	-20.94256	-21.87429	-22.40367	-22.10722	-22.74248	-21.62018
603.6	0	0	0	-0.02117549	-0.2541059	-2.710463	-11.41359	-17.53331	-19.73556	-19.79909	-19.4391	-20.34965	-20.90021	-21.78958	-22.3825	-22.06487	-22.59425	-21.53548
603.7	0	0	0	-0.02117549	-0.2541059	-2.710463	-11.39242	-17.46978	-19.62968	-19.73556	-19.37558	-20.2226	-20.85786	-21.70488	-22.27662	-22.04369	-22.59425	-21.47195
603.8	0	0	0	-0.02117549	-0.2541059	-2.689288	-11.39242	-17.40626	-19.58733	-19.67204	-19.24852	-20.2226	-20.75199	-21.62018	-22.21309	-21.93781	-22.50955	-21.4296
603.9	0	0	0	-0.02117549	-0.2541059	-2.646937	-11.35007	-17.40626	-19.52381	-19.54498	-19.16382	-20.11672	-20.68846	-21.57783	-22.17074	-21.83193	-22.3825	-21.2602
604	0	0	0	-0.02117549	-0.2541059	-2.646937	-11.32889	-17.38508	-19.52381	-19.48145	-19.12147	-20.11672	-20.60376	-21.55665	-22.14957	-21.70488	-22.34015	-21.19667
604.1	0	0	0	-0.02117549	-0.2541059	-2.646937	-11.26536	-17.32155	-19.46028	-19.41793	-19.1003	-20.05319	-20.56141	-21.47195	-22.08604	-21.57783	-22.34015	-21.15432
604.2	0	0	0	-0.02117549	-0.2541059	-2.646937	-11.26536	-17.25803	-19.37558	-19.41793	-19.03677	-20.03202	-20.49788	-21.4296	-22.02251	-21.5143	-22.2978	-21.09079
604.3	0	0	0	-0.02117549	-0.2541059	-2.646937	-11.22301	-17.1945	-19.33323	-19.37558	-18.99442	-19.98967	-20.392	-21.3449	-21.95899	-21.47195	-22.23427	-20.98491
604.4	0	0	0	-0.02117549	-0.2541059	-2.646937	-11.20184	-17.1945	-19.20617	-19.31205	-18.97324	-19.96849	-20.28612	-21.30255	-21.85311	-21.45078	-22.21309	-20.94256
604.5	0	0	0	-0.02117549	-0.2541059	-2.646937	-11.18066	-17.15215	-19.01559	-19.20617	-18.90972	-19.82026	-20.2226	-21.19667	-21.81076	-21.38725	-22.10722	-20.90021
604.6	0	0	0	-0.02117549	-0.2541059	-2.604586	-11.13831	-17.06745	-18.97324	-19.185	-18.84619	-19.82026	-20.1379	-21.13314	-21.78958	-21.30255	-21.95899	-20.79434
604.7	0	0	0	-0.02117549	-0.2541059	-2.58341	-11.07478	-17.04627	-18.93089	-19.07912	-18.78266	-19.71439	-20.11672	-21.00609	-21.72606	-21.21785	-21.87429	-20.73081
604.8	0	0	0	-0.02117549	-0.2541059	-2.58341	-11.05361	-16.98275	-18.80384	-18.97324	-18.76149	-19.60851	-20.07437	-20.94256	-21.57783	-21.13314	-21.78958	-20.68846
604.9	0	0	0	-0.02117549	-0.2541059	-2.562235	-11.03243	-16.89804	-18.76149	-18.93089	-18.71914	-19.52381	-20.01084	-20.85786	-21.40842	-21.11197	-21.68371	-20.60376
605	0	0	0	-0.02117549	-0.2541059	-2.541059	-11.01126	-16.85569	-18.67679	-18.82501	-18.57091	-19.46028	-19.98967	-20.77316	-21.36607	-21.04844	-21.64136	-20.51905
605.1	0	0	0	-0.02117549	-0.2541059	-2.541059	-10.99008	-16.83452	-18.57091	-18.78266	-18.52856	-19.31205	-19.92614	-20.66728	-21.32372	-20.94256	-21.57783	-20.43435
605.2	0	0	0	-0.02117549	-0.2541059	-2.541059	-10.94773	-16.83452	-18.54973	-18.71914	-18.46503	-19.185	-19.84144	-20.64611	-21.2602	-20.90021	-21.49313	-20.392
605.3	0	0	0	-0.02117549	-0.2541059	-2.519884	-10.90538	-16.79217	-18.48621	-18.65561	-18.35915	-19.16382	-19.73556	-20.62493	-21.13314	-20.87904	-21.4296	-20.3073
605.4	0	0	0	-0.02117549	-0.2541059	-2.519884	-10.90538	-16.77099	-18.42268	-18.54973	-18.27445	-19.01559	-19.73556	-20.56141	-21.13314	-20.77316	-21.38725	-20.24377
605.5	0	0	0	-0.02117549	-0.2541059	-2.498708	-10.90538	-16.74982	-18.33798	-18.48621	-18.25328	-18.95207	-19.71439	-20.43435	-21.04844	-20.60376	-21.32372	-20.18025
605.6	0	0	0	-0.02117549	-0.2541059	-2.498708	-10.90538	-16.64394	-18.27445	-18.44386	-18.21093	-18.93089	-19.65086	-20.3073	-20.96374	-20.60376	-21.23902	-20.1379
605.7	0	0	0	-0.02117549	-0.2541059	-2.477533	-10.8842	-16.45336	-18.25328	-18.38033	-18.18975	-18.90972	-19.58733	-20.26495	-20.83669	-20.58258	-21.15432	-20.09554
605.8	0	0	0	-0.02117549	-0.2541059	-2.477533	-10.8842	-16.41101	-18.1474	-18.38033	-18.12622	-18.84619	-19.58733	-20.15907	-20.83669	-20.54023	-21.11197	-20.01084
605.9	0	0	0	-0.02117549	-0.2541059	-2.477533	-10.77833	-16.41101	-18.0627	-18.35915	-18.08387	-18.76149	-19.54498	-20.05319	-20.79434	-20.41318	-21.04844	-19.86261
606	0	0	0	-0.02117549	-0.2329304	-2.456357	-10.77833	-16.38983	-17.99917	-18.27445	-18.04152	-18.67679	-19.48145	-19.96849	-20.75199	-20.32847	-21.02727	-19.86261
606.1	0	0	0	-0.02117549	-0.2329304	-2.414006	-10.75715	-16.32631	-17.93564	-18.2321	-17.93564	-18.61326	-19.46028	-19.90496	-20.68846	-20.1379	-20.94256	-19.82026
606.2	0	0	0	-0.02117549	-0.2329304	-2.414006	-10.73598	-16.32631	-17.87212	-18.21093	-17.91447	-18.61326	-19.41793	-19.84144	-20.64611	-20.03202	-20.83669	-19.69321
606.3	0	0	0	-0.02117549	-0.2329304	-2.392831	-10.73598	-16.30513	-17.78741	-18.08387	-17.85094	-18.57091	-19.41793	-19.75674	-20.60376	-19.96849	-20.79434	-19.65086
606.4	0	0	0	-0.02117549	-0.2329304	-2.392831	-10.69362	-16.28395	-17.76624	-17.95682	-17.78741	-18.52856	-19.37558	-19.67204	-20.49788	-19.96849	-20.70963	-19.62968
606.5	0	0	0	-0.02117549	-0.2329304	-2.392831	-10.65127	-16.19925	-17.68154	-17.89329	-17.72389	-18.50738	-19.3544	-19.58733	-20.41318	-19.96849	-20.66728	-19.56616
606.6	0	0	0	-0.02117549	-0.2329304	-2.392831	-10.60892	-16.1569	-17.55449	-17.87212	-17.61801	-18.46503	-19.33323	-19.58733	-20.34965	-19.84144	-20.62493	-19.48145
606.7	0	0	0	-0.02117549	-0.2329304	-2.371655	-10.58775	-16.11455	-17.53331	-17.82977	-17.53331	-18.38033	-19.2697	-19.46028	-20.32847	-19.75674	-20.58258	-19.39675
606.8	0	0	0	-0.02117549	-0.2329304	-2.371655	-10.5454	-16.05103	-17.44861	-17.80859	-17.44861	-18.33798	-19.14265	-19.41793	-20.20142	-19.69321	-20.49788	-19.31205
606.9	0	0	0	-0.02117549	-0.2329304	-2.371655	-10.46069	-16.02985	-17.40626	-17.78741	-17.38508	-18.3168	-19.03677	-19.3544	-20.11672	-19.65086	-20.4767	-19.22735
607	0	0	0	-0.02117549	-0.2329304	-2.371655	-10.37599	-15.96632	-17.38508	-17.74506	-17.30038	-18.3168	-18.93089	-19.33323	-20.05319	-19.56616	-20.392	-19.185
607.1	0	0	0	-0.02117549	-0.2329304	-2.371655	-10.35482	-15.88162	-17.30038	-17.68154	-17.25803	-18.27445	-18.82501	-19.31205	-19.94732	-19.50263	-20.37082	-19.1003
607.2	0	0	0	-0.02117549	-0.2329304	-2.35048	-10.31247	-15.86045	-17.21568	-17.61801	-17.1945	-18.25328	-18.71914	-19.29088	-19.86261	-19.4391	-20.28612	-18.99442
607.3	0	0	0	-0.02117549	-0.2329304	-2.35048	-10.27011	-15.83927	-17.17333	-17.57566	-17.15215	-18.2321	-18.67679	-19.22735	-19.79909	-19.31205	-20.2226	-18.90972
607.4	0	0	0	-0.02117549	-0.2329304	-2.35048	-10.24894	-15.75457	-17.13098	-17.46978	-17.06745	-18.21093	-18.61326	-19.16382	-19.73556	-19.20617	-20.15907	-18.78266
607.5	0	0	0	-0.02117549	-0.2329304	-2.308129	-10.20659	-15.75457	-17.08862	-17.42743	-16.96157	-18.1474	-18.54973	-19.12147	-19.71439	-19.12147	-20.09554	-18.63444
607.6	0	0	0	-0.02117549	-0.2329304	-2.286953	-10.16424	-15.69104	-17.06745	-17.34273	-16.89804	-18.0627	-18.54973	-19.01559	-19.67204	-19.03677	-20.05319	-18.57091
607.7	0	0	0	-0.02117549	-0.2329304	-2.286953	-10.16424	-15.62751	-17.0251	-17.32155	-16.83452	-18.02035	-18.50738	-18.93089	-19.65086	-18.97324	-20.03202	-18.52856
607.8	0	0	0	-0.02117549	-0.2329304	-2.286953	-10.12189	-15.58516	-16.98275	-17.30038	-16.81334	-17.93564	-18.38033	-18.84619	-19.56616	-18.93089	-19.96849	-18.48621
607.9	0	0	0	-0.02117549	-0.2329304	-2.265778	-10.07954	-15.56399	-16.96157	-17.21568	-16.74982	-17.87212	-18.33798	-18.71914	-19.50263	-18.88854	-19.84144	-18.42268
608	0	0	0	-0.02117549	-0.2329304	-2.244602	-9.973658	-15.45811	-16.9404	-17.17333	-16.74982	-17.82977	-18.25328	-18.57091	-19.41793	-18.86736	-19.73556	-18.3168
608.1	0	0	0	-0.02117549	-0.2329304	-2.223427	-9.910131	-15.35223	-16.87687	-17.06745	-16.72864	-17.80859	-18.21093	-18.54973	-19.2697	-18.86736	-19.60851	-18.27445
608.2	0	0	0	-0.02117549	-0.2329304	-2.223427	-9.846605	-15.24636	-16.87687	-16.98275	-16.70747	-17.78741	-18.21093	-18.48621	-19.22735	-18.80384	-19.56616	-18.21093
608.3	0	0	0	-0.02117549	-0.2329304	-2.223427	-9.761903	-15.22518	-16.83452	-16.98275	-16.66511	-17.72389	-18.10505	-18.42268	-19.20617	-18.69796	-19.50263	-18.18975
608.4	0	0	0	-0.02117549	-0.2329304	-2.223427	-9.740727	-15.22518	-16.79217	-16.9404	-16.64394	-17.63919	-18.0627	-18.38033	-19.16382	-18.67679	-19.41793	-18.1474
608.5	0	0	0	-0.02117549	-0.2329304	-2.223427	-9.677201	-15.16165	-16.77099	-16.91922	-16.64394	-17.61801	-18.04152	-18.35915	-19.01559	-18.65561	-19.29088	-18.12622
608.6	0	0	0	-0.02117549	-0.2329304	-2.223427	-9.677201	-15.07695	-16.70747	-16.89804	-16.64394	-17.55449	-18.02035	-18.3168	-18.90972	-18.63444	-19.22735	-18.0627
608.7	0	0	0	-0.02117549	-0.2329304	-2.223427	-9.656026	-14.99225	-16.66511	-16.85569	-16.64394	-17.44861	-17.91447	-18.2321	-18.86736	-18.59208	-19.12147	-18.02035
608.8	0	0	0	-0.02117549	-0.2329304	-2.223427	-9.592499	-14.97108	-16.58041	-16.79217	-16.62276	-17.42743	-17.87212	-18.16857	-18.84619	-18.46503	-19.1003	-17.95682
608.9	0	0	0	-0.02117549	-0.2329304	-2.223427	-9.592499	-14.9499	-16.51689	-16.77099	-16.53806	-17.42743	-17.82977	-18.10505	-18.80384	-18.44386	-18.99442	-17.93564
609	0	0	0	-0.02117549	-0.2329304	-2.223427	-9.571323	-14.90755	-16.45336	-16.74982	-16.47453	-17.3639	-17.74506	-18.08387	-18.78266	-18.35915	-18.86736	-17.91447
609.1	0	0	0	-0.02117549	-0.2329304	-2.223427	-9.528973	-14.8652	-16.41101	-16.68629	-16.38983	-17.32155	-17.68154	-18.02035	-18.71914	-18.25328	-18.84619	-17.82977
609.2	0	0	0	-0.02117549	-0.2329304	-2.202251	-9.507797	-14.80167	-16.38983	-16.64394	-16.32631	-17.30038	-17.63919	-17.89329	-18.67679	-18.1474	-18.78266	-17.74506
609.3	0	0	0	-0.02117549	-0.2329304	-2.202251	-9.486622	-14.75932	-16.38983	-16.53806	-16.2416	-17.2792	-17.59684	-17.87212	-18.61326	-18.0627	-18.76149	-17.66036
609.4	0	0	0	-0.02117549	-0.2329304	-2.202251	-9.465446	-14.75932	-16.34748	-16.51689	-16.22043	-17.17333	-17.55449	-17.76624	-18.61326	-17.95682	-18.67679	-17.61801
609.5	0	0	0	-0.02117549	-0.2329304	-2.202251	-9.401919	-14.71697	-16.30513	-16.47453	-16.19925	-17.1098	-17.46978	-17.72389	-18.50738	-17.93564	-18.61326	-17.49096
609.6	0	0	0	-0.02117549	-0.2329304	-2.202251	-9.380744	-14.67462	-16.22043	-16.38983	-16.13573	-17.06745	-17.46978	-17.68154	-18.48621	-17.85094	-18.54973	-17.42743
609.7	0	0	0	-0.02117549	-0.2329304	-2.202251	-9.338393	-14.61109	-16.1569	-16.36866	-16.0722	-17.0251	-17.44861	-17.59684	-18.42268	-17.76624	-18.46503	-17.3639
609.8	0	0	0	-0.02117549	-0.2329304	-2.181076	-9.274867	-14.61109	-16.13573	-16.34748	-16.00867	-17.00392	-17.3639	-17.46978	-18.35915	-17.68154	-18.4015	-17.30038
609.9	0	0	0	-0.02117549	-0.2329304	-2.1599	-9.253691	-14.61109	-16.13573	-16.2416	-15.94515	-16.9404	-17.23685	-17.44861	-18.3168	-17.66036	-18.33798	-17.2792
610	0	0	0	-0.02117549	-0.2329304	-2.1599	-9.232515	-14.50521	-16.13573	-16.19925	-15.9028	-16.85569	-17.15215	-17.38508	-18.25328	-17.63919	-18.27445	-17.25803
610.1	0	0	0	-0.02117549	-0.2329304	-2.1599	-9.190165	-14.48404	-16.05103	-16.13573	-15.86045	-16.77099	-17.13098	-17.34273	-18.1474	-17.61801	-18.2321	-17.1945
610.2	0	0	0	-0.02117549	-0.2329304	-2.1599	-9.168989	-14.42051	-15.9875	-16.05103	-15.81809	-16.72864	-17.08862	-17.34273	-18.10505	-17.55449	-18.18975	-17.04627
610.3	0	0	0	-0.02117549	-0.2329304	-2.138725	-9.147814	-14.39934	-15.88162	-15.9875	-15.79692	-16.70747	-17.06745	-17.32155	-18.04152	-17.42743	-18.10505	-17.0251
610.4	0	0	0	-0.02117549	-0.2329304	-2.138725	-9.105463	-14.35699	-15.86045	-15.96632	-15.75457	-16.70747	-17.0251	-17.30038	-17.97799	-17.32155	-18.10505	-16.91922
610.5	0	0	0	-0.02117549	-0.2329304	-2.138725	-9.063111	-14.29346	-15.83927	-15.96632	-15.71222	-16.58041	-16.98275	-17.23685	-17.93564	-17.30038	-18.04152	-16.83452
610.6	0	0	0	-0.02117549	-0.2329304	-2.138725	-9.041936	-14.25111	-15.77574	-15.9028	-15.64869	-16.51689	-16.9404	-17.15215	-17.82977	-17.23685	-17.97799	-16.74982
610.7	0	0	0	-0.02117549	-0.2329304	-2.138725	-8.999585	-14.22993	-15.71222	-15.88162	-15.60634	-16.45336	-16.91922	-17.04627	-17.76624	-17.17333	-17.93564	-16.70747
610.8	0	0	0	-0.02117549	-0.2329304	-2.117549	-8.957234	-14.18758	-15.62751	-15.81809	-15.50046	-16.41101	-16.85569	-17.0251	-17.68154	-17.1098	-17.93564	-16.68629
610.9	0	0	0	-0.02117549	-0.2329304	-2.117549	-8.957234	-14.16641	-15.58516	-15.71222	-15.43694	-16.32631	-16.77099	-17.00392	-17.61801	-17.1098	-17.85094	-16.60159
611	0	0	0	-0.02117549	-0.2329304	-2.117549	-8.936059	-14.12405	-15.47929	-15.69104	-15.39458	-16.2416	-16.70747	-16.91922	-17.51213	-17.04627	-17.76624	-16.49571
611.1	0	0	0	-0.02117549	-0.2329304	-2.117549	-8.893707	-14.03935	-15.41576	-15.62751	-15.28871	-16.22043	-16.60159	-16.85569	-17.46978	-16.98275	-17.74506	-16.41101
611.2	0	0	0	-0.02117549	-0.2329304	-2.117549	-8.830181	-13.97583	-15.39458	-15.56399	-15.26753	-16.11455	-16.49571	-16.85569	-17.34273	-16.96157	-17.72389	-16.41101
611.3	0	0	0	-0.02117549	-0.2329304	-2.117549	-8.809006	-13.9123	-15.39458	-15.56399	-15.20401	-16.11455	-16.34748	-16.81334	-17.34273	-16.91922	-17.70271	-16.34748
611.4	0	0	0	-0.02117549	-0.2329304	-2.096374	-8.766655	-13.89112	-15.35223	-15.47929	-15.1193	-16.0722	-16.30513	-16.79217	-17.32155	-16.83452	-17.68154	-16.30513
611.5	0	0	0	-0.02117549	-0.2329304	-2.096374	-8.74548	-13.86995	-15.26753	-15.41576	-15.0346	-16.00867	-16.22043	-16.77099	-17.30038	-16.70747	-17.59684	-16.19925
611.6	0	0	0	-0.02117549	-0.2329304	-2.075198	-8.74548	-13.84877	-15.20401	-15.30988	-14.97108	-15.83927	-16.17808	-16.66511	-17.23685	-16.62276	-17.57566	-16.1569
611.7	0	0	0	-0.02117549	-0.2329304	-2.075198	-8.74548	-13.8276	-15.16165	-15.26753	-14.90755	-15.77574	-16.13573	-16.64394	-17.1098	-16.60159	-17.53331	-16.13573
611.8	0	0	0	-0.02117549	-0.2329304	-2.054023	-8.703128	-13.7429	-15.07695	-15.20401	-14.84402	-15.73339	-16.00867	-16.60159	-17.04627	-16.51689	-17.42743	-16.09338
611.9	0	0	0	-0.02117549	-0.2329304	-2.054023	-8.660777	-13.72172	-14.99225	-15.16165	-14.80167	-15.73339	-15.94515	-16.51689	-17.00392	-16.49571	-17.42743	-16.05103
612	0	0	0	-0.02117549	-0.2329304	-2.032847	-8.639602	-13.65819	-14.9499	-15.14048	-14.75932	-15.66987	-15.81809	-16.45336	-16.91922	-16.43218	-17.40626	-16.00867
612.1	0	0	0	-0.02117549	-0.2329304	-2.011672	-8.618426	-13.61584	-14.92872	-15.09813	-14.65344	-15.58516	-15.81809	-16.38983	-16.83452	-16.38983	-17.3639	-15.94515
612.2	0	0	0	-0.02117549	-0.2329304	-1.990497	-8.618426	-13.61584	-14.88637	-15.05578	-14.61109	-15.50046	-15.79692	-16.28395	-16.77099	-16.34748	-17.2792	-15.81809
612.3	0	0	0	-0.02117549	-0.2329304	-1.990497	-8.597251	-13.57349	-14.80167	-15.0346	-14.54756	-15.43694	-15.73339	-16.17808	-16.74982	-16.30513	-17.25803	-15.77574
612.4	0	0	0	-0.02117549	-0.2329304	-1.969321	-8.533724	-13.50997	-14.75932	-15.01343	-14.50521	-15.37341	-15.71222	-16.09338	-16.70747	-16.26278	-17.21568	-15.71222
612.5	0	0	0	-0.02117549	-0.2329304	-1.969321	-8.512548	-13.44644	-14.73814	-14.92872	-14.44169	-15.33106	-15.62751	-16.05103	-16.66511	-16.17808	-17.13098	-15.62751
612.6	0	0	0	-0.02117549	-0.2329304	-1.969321	-8.470198	-13.40409	-14.67462	-14.90755	-14.39934	-15.22518	-15.56399	-16.02985	-16.60159	-16.13573	-17.0251	-15.60634
612.7	0	0	0	-0.02117549	-0.2329304	-1.948146	-8.427847	-13.38291	-14.65344	-14.84402	-14.37816	-15.20401	-15.45811	-15.96632	-16.51689	-16.09338	-16.9404	-15.50046
612.8	0	0	0	-0.02117549	-0.2329304	-1.948146	-8.406672	-13.36174	-14.65344	-14.82285	-14.31463	-15.18283	-15.39458	-15.92397	-16.38983	-16.02985	-16.85569	-15.41576
612.9	0	0	0	-0.02117549	-0.2329304	-1.948146	-8.406672	-13.27703	-14.63227	-14.7805	-14.25111	-15.1193	-15.28871	-15.88162	-16.36866	-15.9875	-16.77099	-15.33106
613	0	0	0	-0.02117549	-0.2329304	-1.948146	-8.343144	-13.23468	-14.54756	-14.7805	-14.20876	-15.0346	-15.26753	-15.83927	-16.34748	-15.86045	-16.74982	-15.26753
613.1	0	0	0	-0.02117549	-0.2329304	-1.948146	-8.279618	-13.17116	-14.46286	-14.75932	-14.18758	-15.01343	-15.20401	-15.79692	-16.32631	-15.79692	-16.72864	-15.22518
613.2	0	0	0	-0.02117549	-0.2329304	-1.948146	-8.258443	-13.10763	-14.46286	-14.69579	-14.14523	-14.9499	-15.16165	-15.71222	-16.28395	-15.77574	-16.68629	-15.1193
613.3	0	0	0	-0.02117549	-0.2329304	-1.948146	-8.237267	-13.08646	-14.44169	-14.69579	-14.10288	-14.84402	-15.16165	-15.69104	-16.28395	-15.69104	-16.58041	-15.05578
613.4	0	0	0	-0.02117549	-0.2329304	-1.948146	-8.216092	-13.0441	-14.37816	-14.69579	-14.0817	-14.75932	-15.1193	-15.64869	-16.17808	-15.64869	-16.53806	-15.01343
613.5	0	0	0	-0.02117549	-0.2329304	-1.948146	-8.194917	-13.00175	-14.35699	-14.63227	-13.95465	-14.73814	-15.09813	-15.62751	-16.11455	-15.58516	-16.47453	-14.9499
613.6	0	0	0	-0.02117549	-0.2329304	-1.92697	-8.194917	-12.9594	-14.33581	-14.56874	-13.8276	-14.63227	-15.05578	-15.58516	-16.02985	-15.58516	-16.47453	-14.88637
613.7	0	0	0	-0.02117549	-0.2117549	-1.92697	-8.194917	-12.91705	-14.31463	-14.56874	-13.78525	-14.58992	-14.99225	-15.52164	-15.96632	-15.47929	-16.45336	-14.88637
613.8	0	0	0	-0.02117549	-0.2117549	-1.905795	-8.173741	-12.89588	-14.29346	-14.48404	-13.7429	-14.52639	-14.99225	-15.47929	-15.96632	-15.39458	-16.45336	-14.82285
613.9	0	0	0	-0.02117549	-0.1905794	-1.905795	-8.13139	-12.85353	-14.29346	-14.39934	-13.70055	-14.44169	-14.97108	-15.35223	-15.9028	-15.33106	-16.43218	-14.75932
614	0	0	0	-0.02117549	-0.1905794	-1.905795	-8.110214	-12.81117	-14.25111	-14.33581	-13.67937	-14.39934	-14.90755	-15.30988	-15.81809	-15.24636	-16.38983	-14.67462
614.1	0	0	0	-0.02117549	-0.1905794	-1.905795	-8.110214	-12.79	-14.14523	-14.18758	-13.65819	-14.31463	-14.82285	-15.26753	-15.77574	-15.18283	-16.34748	-14.61109
614.2	0	0	0	-0.02117549	-0.1905794	-1.905795	-8.067863	-12.72647	-14.0817	-14.16641	-13.61584	-14.29346	-14.71697	-15.16165	-15.73339	-15.09813	-16.26278	-14.52639
614.3	0	0	0	-0.02117549	-0.1905794	-1.884619	-8.067863	-12.7053	-14.03935	-14.10288	-13.59467	-14.29346	-14.63227	-15.14048	-15.69104	-15.05578	-16.2416	-14.50521
614.4	0	0	0	-0.02117549	-0.1905794	-1.863443	-8.046688	-12.68412	-13.95465	-14.10288	-13.53114	-14.18758	-14.61109	-15.05578	-15.66987	-14.99225	-16.19925	-14.48404
614.5	0	0	0	-0.02117549	-0.1905794	-1.863443	-8.046688	-12.64177	-13.93348	-14.10288	-13.50997	-14.12405	-14.58992	-15.0346	-15.60634	-14.92872	-16.17808	-14.44169
614.6	0	0	0	-0.02117549	-0.1905794	-1.863443	-8.025513	-12.55707	-13.9123	-14.03935	-13.40409	-14.06053	-14.52639	-14.99225	-15.58516	-14.8652	-16.17808	-14.31463
614.7	0	0	0	-0.02117549	-0.1905794	-1.863443	-8.004337	-12.53589	-13.84877	-13.997	-13.34056	-13.97583	-14.48404	-14.97108	-15.54281	-14.82285	-16.11455	-14.25111
614.8	0	0	0	-0.02117549	-0.1905794	-1.863443	-7.961986	-12.49354	-13.8276	-13.997	-13.31939	-13.9123	-14.44169	-14.8652	-15.43694	-14.75932	-16.0722	-14.22993
614.9	0	0	0	-0.02117549	-0.1905794	-1.842268	-7.919635	-12.49354	-13.78525	-13.997	-13.19233	-13.89112	-14.39934	-14.80167	-15.30988	-14.71697	-16.05103	-14.22993
615	0	0	0	-0.02117549	-0.1905794	-1.842268	-7.898459	-12.43002	-13.7429	-13.93348	-13.12881	-13.8276	-14.37816	-14.73814	-15.26753	-14.67462	-16.00867	-14.14523
615.1	0	0	0	-0.02117549	-0.1905794	-1.842268	-7.877284	-12.40884	-13.67937	-13.9123	-13.10763	-13.7429	-14.37816	-14.69579	-15.20401	-14.52639	-15.92397	-14.12405
615.2	0	0	0	-0.02117549	-0.1905794	-1.842268	-7.834933	-12.38766	-13.65819	-13.9123	-12.98058	-13.67937	-14.33581	-14.61109	-15.16165	-14.42051	-15.9028	-14.06053
615.3	0	0	0	-0.02117549	-0.1905794	-1.821092	-7.813757	-12.30296	-13.65819	-13.80642	-12.89588	-13.61584	-14.29346	-14.58992	-15.07695	-14.37816	-15.88162	-13.997
615.4	0	0	0	-0.02117549	-0.1905794	-1.821092	-7.813757	-12.30296	-13.61584	-13.76407	-12.81117	-13.57349	-14.29346	-14.58992	-15.0346	-14.31463	-15.88162	-13.95465
615.5	0	0	0	-0.02117549	-0.1905794	-1.821092	-7.792582	-12.28179	-13.59467	-13.67937	-12.76882	-13.53114	-14.20876	-14.56874	-15.01343	-14.27228	-15.86045	-13.8276
615.6	0	0	0	-0.02117549	-0.1905794	-1.821092	-7.750231	-12.26061	-13.55232	-13.63702	-12.68412	-13.46761	-14.12405	-14.52639	-14.9499	-14.20876	-15.86045	-13.78525
615.7	0	0	0	-0.02117549	-0.1905794	-1.799917	-7.729055	-12.21826	-13.53114	-13.57349	-12.66295	-13.40409	-14.03935	-14.46286	-14.92872	-14.16641	-15.79692	-13.72172
615.8	0	0	0	-0.02117549	-0.1905794	-1.778742	-7.686705	-12.21826	-13.48879	-13.55232	-12.64177	-13.34056	-13.997	-14.44169	-14.90755	-14.14523	-15.77574	-13.70055
615.9	0	0	0	-0.02117549	-0.1905794	-1.778742	-7.665529	-12.21826	-13.44644	-13.53114	-12.57824	-13.31939	-13.89112	-14.42051	-14.90755	-14.06053	-15.62751	-13.61584
616	0	0	0	-0.02117549	-0.1905794	-1.778742	-7.665529	-12.17591	-13.40409	-13.48879	-12.55707	-13.21351	-13.89112	-14.39934	-14.84402	-14.03935	-15.54281	-13.57349
616.1	0	0	0	-0.02117549	-0.1905794	-1.757566	-7.665529	-12.13356	-13.38291	-13.44644	-12.53589	-13.19233	-13.86995	-14.33581	-14.84402	-13.95465	-15.52164	-13.57349
616.2	0	0	0	-0.02117549	-0.1905794	-1.757566	-7.644353	-12.09121	-13.34056	-13.38291	-12.45119	-13.14998	-13.84877	-14.31463	-14.82285	-13.95465	-15.43694	-13.53114
616.3	0	0	0	-0.02117549	-0.1905794	-1.757566	-7.644353	-12.02768	-13.34056	-13.27703	-12.36649	-13.14998	-13.80642	-14.25111	-14.69579	-13.9123	-15.33106	-13.48879
616.4	0	0	0	-0.02117549	-0.1905794	-1.757566	-7.644353	-12.00651	-13.29821	-13.23468	-12.32414	-13.12881	-13.78525	-14.16641	-14.65344	-13.84877	-15.30988	-13.46761
616.5	0	0	0	-0.02117549	-0.1905794	-1.757566	-7.623178	-12.00651	-13.27703	-13.14998	-12.30296	-13.10763	-13.7429	-14.16641	-14.63227	-13.8276	-15.28871	-13.46761
616.6	0	0	0	-0.02117549	-0.1905794	-1.757566	-7.580827	-11.96415	-13.23468	-13.14998	-12.28179	-13.0441	-13.72172	-14.14523	-14.58992	-13.80642	-15.22518	-13.42526
616.7	0	0	0	-0.02117549	-0.1905794	-1.736391	-7.580827	-11.94298	-13.19233	-13.12881	-12.23944	-13.02293	-13.67937	-14.0817	-14.58992	-13.76407	-15.16165	-13.40409
616.8	0	0	0	-0.02117549	-0.1905794	-1.736391	-7.538476	-11.9218	-13.10763	-13.10763	-12.23944	-12.98058	-13.59467	-14.06053	-14.52639	-13.67937	-15.14048	-13.36174
616.9	0	0	0	-0.02117549	-0.1905794	-1.736391	-7.517301	-11.90063	-13.0441	-13.08646	-12.21826	-12.91705	-13.59467	-13.97583	-14.50521	-13.65819	-15.07695	-13.23468
617	0	0	0	-0.02117549	-0.1905794	-1.736391	-7.474949	-11.81593	-13.02293	-13.06528	-12.13356	-12.81117	-13.57349	-13.9123	-14.46286	-13.61584	-15.05578	-13.19233
617.1	0	0	0	-0.02117549	-0.1905794	-1.715215	-7.453774	-11.68887	-12.91705	-13.0441	-12.09121	-12.76882	-13.57349	-13.89112	-14.39934	-13.57349	-15.0346	-13.19233
617.2	0	0	0	-0.02117549	-0.1905794	-1.715215	-7.411423	-11.60417	-12.83235	-12.98058	-12.07003	-12.72647	-13.55232	-13.89112	-14.39934	-13.50997	-15.01343	-13.17116
617.3	0	0	0	-0.02117549	-0.1905794	-1.715215	-7.411423	-11.60417	-12.79	-12.9594	-12.07003	-12.7053	-13.53114	-13.86995	-14.37816	-13.46761	-14.97108	-13.10763
617.4	0	0	0	-0.02117549	-0.1905794	-1.69404	-7.390248	-11.583	-12.76882	-12.89588	-12.04886	-12.62059	-13.53114	-13.84877	-14.33581	-13.40409	-14.92872	-13.10763
617.5	0	0	0	-0.02117549	-0.1905794	-1.69404	-7.390248	-11.56182	-12.74765	-12.85353	-12.00651	-12.57824	-13.46761	-13.8276	-14.33581	-13.36174	-14.8652	-13.0441
617.6	0	0	0	-0.02117549	-0.1905794	-1.69404	-7.369072	-11.54064	-12.7053	-12.79	-11.98533	-12.53589	-13.44644	-13.8276	-14.29346	-13.27703	-14.80167	-12.98058
617.7	0	0	0	-0.02117549	-0.1905794	-1.69404	-7.326721	-11.45594	-12.68412	-12.74765	-11.96415	-12.49354	-13.38291	-13.8276	-14.22993	-13.27703	-14.80167	-12.98058
617.8	0	0	0	-0.02117549	-0.1905794	-1.69404	-7.305546	-11.39242	-12.62059	-12.72647	-11.9218	-12.47237	-13.31939	-13.78525	-14.20876	-13.27703	-14.7805	-12.93823
617.9	0	0	0	-0.02117549	-0.1905794	-1.672864	-7.305546	-11.35007	-12.59942	-12.7053	-11.90063	-12.43002	-13.29821	-13.70055	-14.14523	-13.21351	-14.7805	-12.89588
618	0	0	0	-0.02117549	-0.1905794	-1.672864	-7.263195	-11.35007	-12.57824	-12.68412	-11.85828	-12.43002	-13.27703	-13.63702	-14.10288	-13.12881	-14.7805	-12.85353
618.1	0	0	0	-0.02117549	-0.1905794	-1.672864	-7.242019	-11.32889	-12.55707	-12.66295	-11.7524	-12.38766	-13.19233	-13.59467	-14.0817	-13.10763	-14.7805	-12.85353
618.2	0	0	0	-0.02117549	-0.1905794	-1.672864	-7.220844	-11.30771	-12.51472	-12.55707	-11.6677	-12.36649	-13.14998	-13.50997	-14.06053	-13.02293	-14.75932	-12.85353
618.3	0	0	0	-0.02117549	-0.1905794	-1.672864	-7.199668	-11.28654	-12.51472	-12.53589	-11.62535	-12.28179	-13.12881	-13.36174	-14.01818	-13.00175	-14.73814	-12.83235
618.4	0	0	0	-0.02117549	-0.1905794	-1.672864	-7.178493	-11.20184	-12.45119	-12.51472	-11.56182	-12.26061	-13.08646	-13.29821	-13.997	-12.91705	-14.67462	-12.7053
618.5	0	0	0	-0.02117549	-0.1905794	-1.672864	-7.157317	-11.18066	-12.43002	-12.49354	-11.54064	-12.21826	-13.02293	-13.21351	-13.997	-12.83235	-14.65344	-12.68412
618.6	0	0	0	-0.02117549	-0.1905794	-1.672864	-7.157317	-11.18066	-12.43002	-12.43002	-11.47712	-12.19708	-13.00175	-13.17116	-13.93348	-12.83235	-14.58992	-12.66295
618.7	0	0	0	-0.02117549	-0.1905794	-1.672864	-7.093791	-11.15949	-12.40884	-12.36649	-11.43477	-12.15473	-12.9594	-13.14998	-13.86995	-12.81117	-14.56874	-12.57824
618.8	0	0	0	-0.02117549	-0.1905794	-1.672864	-7.093791	-11.11714	-12.36649	-12.32414	-11.39242	-12.09121	-12.8747	-13.12881	-13.8276	-12.74765	-14.54756	-12.53589
618.9	0	0	0	-0.02117549	-0.1905794	-1.672864	-7.072615	-11.05361	-12.32414	-12.21826	-11.32889	-12.02768	-12.83235	-13.00175	-13.80642	-12.72647	-14.50521	-12.49354
619	0	0	0	-0.02117549	-0.1905794	-1.672864	-7.05144	-10.99008	-12.30296	-12.21826	-11.30771	-11.96415	-12.76882	-12.9594	-13.70055	-12.72647	-14.48404	-12.43002
619.1	0	0	0	-0.02117549	-0.1905794	-1.672864	-7.009089	-10.94773	-12.26061	-12.21826	-11.26536	-11.96415	-12.74765	-12.93823	-13.57349	-12.66295	-14.39934	-12.38766
619.2	0	0	0	-0.02117549	-0.1905794	-1.672864	-7.009089	-10.8842	-12.23944	-12.19708	-11.20184	-11.94298	-12.72647	-12.91705	-13.46761	-12.59942	-14.39934	-12.38766
619.3	0	0	0	-0.02117549	-0.1905794	-1.672864	-6.987913	-10.8842	-12.15473	-12.17591	-11.15949	-11.90063	-12.66295	-12.85353	-13.44644	-12.55707	-14.33581	-12.38766
619.4	0	0	0	-0.02117549	-0.1905794	-1.672864	-6.966738	-10.8842	-12.13356	-12.15473	-11.09596	-11.87945	-12.59942	-12.7053	-13.44644	-12.53589	-14.31463	-12.32414
619.5	0	0	0	-0.02117549	-0.1905794	-1.672864	-6.945562	-10.86303	-12.07003	-12.09121	-11.05361	-11.85828	-12.57824	-12.7053	-13.42526	-12.53589	-14.25111	-12.30296
619.6	0	0	0	-0.02117549	-0.1905794	-1.672864	-6.924387	-10.84185	-11.96415	-12.04886	-11.01126	-11.8371	-12.51472	-12.68412	-13.42526	-12.53589	-14.22993	-12.26061
619.7	0	0	0	-0.02117549	-0.1905794	-1.672864	-6.903211	-10.82068	-11.9218	-11.98533	-10.99008	-11.79475	-12.49354	-12.62059	-13.34056	-12.53589	-14.22993	-12.23944
619.8	0	0	0	-0.02117549	-0.1905794	-1.672864	-6.839685	-10.7995	-11.90063	-11.98533	-10.90538	-11.73122	-12.47237	-12.57824	-13.29821	-12.51472	-14.20876	-12.17591
619.9	0	0	0	-0.02117549	-0.1905794	-1.672864	-6.797334	-10.7995	-11.85828	-11.87945	-10.84185	-11.73122	-12.45119	-12.53589	-13.25586	-12.43002	-14.20876	-12.13356
620	0	0	0	-0.02117549	-0.1905794	-1.672864	-6.754983	-10.7148	-11.81593	-11.85828	-10.7995	-11.68887	-12.45119	-12.53589	-13.25586	-12.38766	-14.16641	-12.13356
620.1	0	0	0	-0.02117549	-0.1905794	-1.672864	-6.712632	-10.67245	-11.81593	-11.81593	-10.7995	-11.60417	-12.36649	-12.53589	-13.19233	-12.34531	-14.06053	-12.07003
620.2	0	0	0	-0.02117549	-0.1905794	-1.651689	-6.712632	-10.6301	-11.79475	-11.64652	-10.77833	-11.51947	-12.36649	-12.49354	-13.19233	-12.28179	-14.03935	-11.98533
620.3	0	0	0	-0.02117549	-0.1905794	-1.651689	-6.712632	-10.56657	-11.68887	-11.56182	-10.73598	-11.43477	-12.32414	-12.47237	-13.12881	-12.23944	-13.97583	-11.98533
620.4	0	0	0	-0.02117549	-0.1905794	-1.651689	-6.712632	-10.56657	-11.60417	-11.54064	-10.67245	-11.41359	-12.28179	-12.36649	-13.10763	-12.23944	-13.89112	-11.94298
620.5	0	0	0	-0.02117549	-0.169404	-1.651689	-6.670281	-10.56657	-11.60417	-11.54064	-10.65127	-11.41359	-12.26061	-12.30296	-13.02293	-12.17591	-13.86995	-11.87945
620.6	0	0	0	-0.02117549	-0.169404	-1.651689	-6.670281	-10.5454	-11.51947	-11.45594	-10.65127	-11.41359	-12.21826	-12.28179	-13.00175	-12.15473	-13.8276	-11.87945
620.7	0	0	0	-0.02117549	-0.169404	-1.651689	-6.670281	-10.50305	-11.49829	-11.43477	-10.6301	-11.41359	-12.21826	-12.28179	-12.91705	-12.11238	-13.80642	-11.8371
620.8	0	0	0	-0.02117549	-0.169404	-1.651689	-6.62793	-10.48187	-11.45594	-11.43477	-10.6301	-11.37124	-12.19708	-12.23944	-12.83235	-12.02768	-13.76407	-11.79475
620.9	0	0	0	-0.02117549	-0.169404	-1.651689	-6.585579	-10.48187	-11.45594	-11.41359	-10.58775	-11.30771	-12.13356	-12.21826	-12.81117	-11.96415	-13.7429	-11.77357
621	0	0	0	-0.02117549	-0.169404	-1.651689	-6.564404	-10.48187	-11.39242	-11.35007	-10.5454	-11.30771	-12.09121	-12.13356	-12.76882	-11.94298	-13.72172	-11.7524
621.1	0	0	0	-0.02117549	-0.169404	-1.651689	-6.522052	-10.43952	-11.35007	-11.32889	-10.52422	-11.26536	-12.02768	-12.09121	-12.76882	-11.90063	-13.61584	-11.7524
621.2	0	0	0	-0.02117549	-0.169404	-1.651689	-6.500877	-10.35482	-11.30771	-11.32889	-10.50305	-11.20184	-12.00651	-12.00651	-12.76882	-11.90063	-13.55232	-11.71005
621.3	0	0	0	-0.02117549	-0.169404	-1.630513	-6.458526	-10.31247	-11.28654	-11.26536	-10.41834	-11.15949	-11.98533	-11.90063	-12.74765	-11.87945	-13.46761	-11.6677
621.4	0	0	0	-0.02117549	-0.169404	-1.630513	-6.416175	-10.22776	-11.26536	-11.26536	-10.33364	-11.07478	-11.94298	-11.90063	-12.66295	-11.81593	-13.36174	-11.64652
621.5	0	0	0	-0.02117549	-0.169404	-1.609338	-6.395	-10.18541	-11.26536	-11.24419	-10.27011	-11.03243	-11.9218	-11.87945	-12.57824	-11.73122	-13.29821	-11.62535
621.6	0	0	0	-0.02117549	-0.169404	-1.609338	-6.352648	-10.18541	-11.20184	-11.22301	-10.22776	-11.03243	-11.85828	-11.85828	-12.55707	-11.73122	-13.25586	-11.62535
621.7	0	0	0	-0.02117549	-0.169404	-1.609338	-6.352648	-10.16424	-11.13831	-11.20184	-10.18541	-10.96891	-11.85828	-11.73122	-12.51472	-11.68887	-13.21351	-11.583
621.8	0	0	0	-0.02117549	-0.169404	-1.609338	-6.352648	-10.14306	-11.09596	-11.18066	-10.16424	-10.94773	-11.8371	-11.64652	-12.49354	-11.64652	-13.19233	-11.54064
621.9	0	0	0	-0.02117549	-0.169404	-1.609338	-6.331473	-10.12189	-11.05361	-11.15949	-10.12189	-10.92656	-11.77357	-11.62535	-12.43002	-11.64652	-13.14998	-11.54064
622	0	0	0	-0.02117549	-0.169404	-1.609338	-6.331473	-10.12189	-11.01126	-11.13831	-10.10071	-10.86303	-11.77357	-11.583	-12.38766	-11.64652	-13.06528	-11.49829
622.1	0	0	0	-0.02117549	-0.169404	-1.609338	-6.331473	-10.10071	-10.99008	-11.11714	-10.10071	-10.84185	-11.77357	-11.54064	-12.30296	-11.60417	-13.02293	-11.43477
622.2	0	0	0	-0.02117549	-0.169404	-1.609338	-6.289122	-10.01601	-10.96891	-11.05361	-10.05836	-10.7995	-11.7524	-11.51947	-12.23944	-11.583	-13.02293	-11.37124
622.3	0	0	0	-0.02117549	-0.169404	-1.609338	-6.267946	-9.952482	-10.8842	-10.99008	-10.01601	-10.77833	-11.73122	-11.47712	-12.19708	-11.54064	-13.02293	-11.32889
622.4	0	0	0	-0.02117549	-0.169404	-1.609338	-6.246771	-9.931307	-10.84185	-10.90538	-10.01601	-10.75715	-11.68887	-11.47712	-12.13356	-11.51947	-12.98058	-11.30771
622.5	0	0	0	-0.02117549	-0.169404	-1.588162	-6.246771	-9.888956	-10.82068	-10.90538	-9.994833	-10.67245	-11.6677	-11.43477	-12.07003	-11.45594	-12.9594	-11.30771
622.6	0	0	0	-0.02117549	-0.169404	-1.566987	-6.225595	-9.846605	-10.75715	-10.8842	-9.994833	-10.58775	-11.64652	-11.39242	-12.04886	-11.37124	-12.91705	-11.28654
622.7	0	0	0	-0.02117549	-0.169404	-1.545811	-6.225595	-9.82543	-10.7148	-10.84185	-9.952482	-10.58775	-11.60417	-11.32889	-12.00651	-11.35007	-12.89588	-11.28654
622.8	0	0	0	-0.02117549	-0.169404	-1.524636	-6.20442	-9.783078	-10.67245	-10.75715	-9.931307	-10.56657	-11.56182	-11.22301	-12.00651	-11.32889	-12.8747	-11.28654
622.9	0	0	0	-0.02117549	-0.169404	-1.524636	-6.183244	-9.783078	-10.60892	-10.67245	-9.931307	-10.50305	-11.49829	-11.15949	-12.00651	-11.30771	-12.8747	-11.26536
623	0	0	0	-0.02117549	-0.169404	-1.524636	-6.183244	-9.761903	-10.5454	-10.65127	-9.867781	-10.50305	-11.45594	-11.13831	-11.94298	-11.28654	-12.85353	-11.22301
623.1	0	0	0	-0.02117549	-0.169404	-1.50346	-6.140893	-9.761903	-10.48187	-10.6301	-9.846605	-10.46069	-11.39242	-11.11714	-11.90063	-11.22301	-12.79	-11.20184
623.2	0	0	0	-0.02117549	-0.1482285	-1.482285	-6.140893	-9.698377	-10.46069	-10.58775	-9.804254	-10.46069	-11.35007	-11.07478	-11.90063	-11.18066	-12.72647	-11.15949
623.3	0	0	0	-0.02117549	-0.1482285	-1.482285	-6.119718	-9.656026	-10.46069	-10.56657	-9.783078	-10.41834	-11.28654	-11.03243	-11.85828	-11.09596	-12.7053	-11.15949
623.4	0	0	0	-0.02117549	-0.1482285	-1.482285	-6.119718	-9.63485	-10.43952	-10.52422	-9.740727	-10.39717	-11.26536	-11.01126	-11.85828	-11.09596	-12.68412	-11.13831
623.5	0	0	0	-0.02117549	-0.1482285	-1.482285	-6.098542	-9.571323	-10.39717	-10.46069	-9.719552	-10.35482	-11.22301	-10.99008	-11.8371	-11.07478	-12.66295	-11.09596
623.6	0	0	0	-0.02117549	-0.1482285	-1.482285	-6.056191	-9.550148	-10.37599	-10.43952	-9.719552	-10.24894	-11.22301	-10.96891	-11.73122	-11.07478	-12.53589	-11.07478
623.7	0	0	0	-0.02117549	-0.1482285	-1.482285	-6.035016	-9.507797	-10.31247	-10.43952	-9.698377	-10.20659	-11.18066	-10.94773	-11.71005	-11.03243	-12.49354	-11.03243
623.8	0	0	0	-0.02117549	-0.1482285	-1.482285	-5.971489	-9.507797	-10.27011	-10.43952	-9.677201	-10.16424	-11.15949	-10.94773	-11.71005	-10.92656	-12.47237	-11.01126
623.9	0	0	0	-0.02117549	-0.1482285	-1.482285	-5.971489	-9.465446	-10.20659	-10.43952	-9.613674	-10.16424	-11.09596	-10.86303	-11.68887	-10.90538	-12.43002	-10.96891
624	0	0	0	-0.02117549	-0.1482285	-1.461109	-5.929139	-9.423095	-10.18541	-10.43952	-9.613674	-10.10071	-11.07478	-10.86303	-11.583	-10.8842	-12.40884	-10.90538
624.1	0	0	0	-0.02117549	-0.1482285	-1.461109	-5.907963	-9.401919	-10.18541	-10.43952	-9.550148	-10.07954	-11.03243	-10.7995	-11.56182	-10.86303	-12.34531	-10.84185
624.2	0	0	0	-0.02117549	-0.1482285	-1.461109	-5.865612	-9.359569	-10.14306	-10.39717	-9.550148	-9.973658	-11.01126	-10.73598	-11.47712	-10.75715	-12.30296	-10.7995
624.3	0	0	0	-0.02117549	-0.1482285	-1.461109	-5.865612	-9.317218	-10.07954	-10.37599	-9.528973	-9.952482	-10.99008	-10.69362	-11.39242	-10.75715	-12.21826	-10.73598
624.4	0	0	0	-0.02117549	-0.1482285	-1.461109	-5.865612	-9.253691	-10.05836	-10.31247	-9.465446	-9.931307	-10.92656	-10.67245	-11.30771	-10.69362	-12.17591	-10.73598
624.5	0	0	0	-0.02117549	-0.1482285	-1.461109	-5.844437	-9.21134	-10.05836	-10.31247	-9.465446	-9.910131	-10.8842	-10.60892	-11.28654	-10.69362	-12.13356	-10.7148
624.6	0	0	0	-0.02117549	-0.1482285	-1.461109	-5.823261	-9.168989	-10.03718	-10.29129	-9.44427	-9.888956	-10.86303	-10.56657	-11.22301	-10.69362	-12.07003	-10.69362
624.7	0	0	0	-0.02117549	-0.1482285	-1.439934	-5.823261	-9.147814	-9.994833	-10.24894	-9.401919	-9.888956	-10.84185	-10.56657	-11.20184	-10.67245	-12.02768	-10.69362
624.8	0	0	0	-0.02117549	-0.1482285	-1.439934	-5.823261	-9.147814	-9.973658	-10.20659	-9.359569	-9.804254	-10.82068	-10.5454	-11.20184	-10.65127	-12.00651	-10.6301
624.9	0	0	0	-0.02117549	-0.1482285	-1.439934	-5.78091	-9.147814	-9.952482	-10.14306	-9.359569	-9.783078	-10.7995	-10.5454	-11.15949	-10.60892	-11.9218	-10.60892
625	0	0	0	-0.02117549	-0.1482285	-1.439934	-5.759735	-9.147814	-9.931307	-10.12189	-9.338393	-9.761903	-10.77833	-10.5454	-11.15949	-10.56657	-11.85828	-10.5454
625.1	0	0	0	-0.02117549	-0.1482285	-1.439934	-5.759735	-9.084287	-9.910131	-10.10071	-9.274867	-9.719552	-10.77833	-10.50305	-11.11714	-10.50305	-11.77357	-10.50305
625.2	0	0	0	-0.02117549	-0.1482285	-1.439934	-5.738559	-9.084287	-9.867781	-10.05836	-9.21134	-9.677201	-10.75715	-10.43952	-11.07478	-10.46069	-11.7524	-10.46069
625.3	0	0	0	-0.02117549	-0.1482285	-1.418758	-5.675033	-9.020761	-9.846605	-10.03718	-9.190165	-9.656026	-10.73598	-10.41834	-11.05361	-10.37599	-11.7524	-10.43952
625.4	0	0	0	-0.02117549	-0.1482285	-1.418758	-5.675033	-8.999585	-9.82543	-10.01601	-9.126638	-9.63485	-10.69362	-10.39717	-11.03243	-10.35482	-11.62535	-10.41834
625.5	0	0	0	-0.02117549	-0.1482285	-1.397583	-5.675033	-8.97841	-9.783078	-10.01601	-9.105463	-9.613674	-10.69362	-10.35482	-11.01126	-10.29129	-11.583	-10.39717
625.6	0	0	0	-0.02117549	-0.1482285	-1.397583	-5.653857	-8.914884	-9.761903	-9.994833	-9.105463	-9.613674	-10.6301	-10.33364	-10.96891	-10.24894	-11.56182	-10.35482
625.7	0	0	0	-0.02117549	-0.1482285	-1.397583	-5.653857	-8.872532	-9.719552	-9.910131	-9.105463	-9.592499	-10.58775	-10.33364	-10.92656	-10.16424	-11.56182	-10.33364
625.8	0	0	0	-0.02117549	-0.1482285	-1.397583	-5.632681	-8.74548	-9.677201	-9.867781	-9.063111	-9.592499	-10.52422	-10.29129	-10.92656	-10.16424	-11.51947	-10.22776
625.9	0	0	0	-0.02117549	-0.1482285	-1.397583	-5.590331	-8.703128	-9.677201	-9.82543	-9.041936	-9.571323	-10.52422	-10.29129	-10.86303	-10.14306	-11.49829	-10.14306
626	0	0	0	-0.02117549	-0.1482285	-1.397583	-5.590331	-8.703128	-9.656026	-9.82543	-9.020761	-9.528973	-10.46069	-10.29129	-10.86303	-10.05836	-11.45594	-10.07954
626.1	0	0	0	-0.02117549	-0.1482285	-1.376407	-5.590331	-8.703128	-9.592499	-9.761903	-8.97841	-9.528973	-10.46069	-10.29129	-10.82068	-10.05836	-11.43477	-10.01601
626.2	0	0	0	-0.02117549	-0.1482285	-1.376407	-5.590331	-8.660777	-9.528973	-9.740727	-8.957234	-9.507797	-10.46069	-10.24894	-10.7995	-10.03718	-11.39242	-9.994833
626.3	0	0	0	-0.02117549	-0.1482285	-1.376407	-5.569155	-8.660777	-9.486622	-9.719552	-8.914884	-9.465446	-10.43952	-10.20659	-10.7995	-10.01601	-11.30771	-9.973658
626.4	0	0	0	-0.02117549	-0.1482285	-1.355232	-5.547979	-8.660777	-9.423095	-9.698377	-8.893707	-9.401919	-10.39717	-10.10071	-10.75715	-9.952482	-11.26536	-9.973658
626.5	0	0	0	-0.02117549	-0.1482285	-1.355232	-5.505629	-8.597251	-9.401919	-9.63485	-8.851357	-9.380744	-10.37599	-10.07954	-10.7148	-9.952482	-11.26536	-9.931307
626.6	0	0	0	-0.02117549	-0.1482285	-1.334056	-5.420927	-8.5549	-9.401919	-9.613674	-8.830181	-9.338393	-10.37599	-10.07954	-10.65127	-9.931307	-11.26536	-9.931307
626.7	0	0	0	-0.02117549	-0.1482285	-1.334056	-5.399751	-8.512548	-9.401919	-9.592499	-8.830181	-9.317218	-10.37599	-9.994833	-10.6301	-9.910131	-11.22301	-9.888956
626.8	0	0	0	-0.02117549	-0.1482285	-1.334056	-5.399751	-8.512548	-9.380744	-9.486622	-8.809006	-9.274867	-10.37599	-9.952482	-10.60892	-9.888956	-11.18066	-9.888956
626.9	0	0	0	-0.02117549	-0.1482285	-1.334056	-5.315049	-8.470198	-9.380744	-9.423095	-8.74548	-9.232515	-10.37599	-9.888956	-10.56657	-9.846605	-11.11714	-9.888956
627	0	0	0	-0.02117549	-0.1482285	-1.334056	-5.315049	-8.427847	-9.338393	-9.401919	-8.74548	-9.232515	-10.31247	-9.82543	-10.5454	-9.82543	-11.11714	-9.82543
627.1	0	0	0	-0.02117549	-0.1482285	-1.334056	-5.293874	-8.406672	-9.296042	-9.401919	-8.74548	-9.190165	-10.29129	-9.761903	-10.52422	-9.804254	-11.05361	-9.783078
627.2	0	0	0	-0.02117549	-0.1482285	-1.334056	-5.272698	-8.385496	-9.253691	-9.401919	-8.703128	-9.190165	-10.24894	-9.740727	-10.46069	-9.804254	-10.99008	-9.761903
627.3	0	0	0	-0.02117549	-0.1482285	-1.334056	-5.230347	-8.343144	-9.253691	-9.359569	-8.681952	-9.190165	-10.22776	-9.740727	-10.43952	-9.783078	-10.96891	-9.698377
627.4	0	0	0	-0.02117549	-0.1482285	-1.334056	-5.209172	-8.300794	-9.21134	-9.317218	-8.660777	-9.168989	-10.22776	-9.740727	-10.41834	-9.761903	-10.94773	-9.698377
627.5	0	0	0	-0.02117549	-0.1482285	-1.312881	-5.166821	-8.300794	-9.168989	-9.274867	-8.660777	-9.168989	-10.20659	-9.63485	-10.37599	-9.740727	-10.94773	-9.677201
627.6	0	0	0	-0.02117549	-0.1482285	-1.312881	-5.12447	-8.258443	-9.168989	-9.190165	-8.639602	-9.168989	-10.16424	-9.63485	-10.33364	-9.719552	-10.92656	-9.613674
627.7	0	0	0	-0.02117549	-0.1482285	-1.27053	-5.12447	-8.173741	-9.168989	-9.147814	-8.5549	-9.126638	-10.10071	-9.63485	-10.29129	-9.698377	-10.92656	-9.592499
627.8	0	0	0	-0.02117549	-0.1482285	-1.27053	-5.12447	-8.173741	-9.168989	-9.147814	-8.533724	-9.105463	-10.05836	-9.613674	-10.29129	-9.698377	-10.8842	-9.571323
627.9	0	0	0	-0.02117549	-0.1482285	-1.27053	-5.12447	-8.152565	-9.147814	-9.126638	-8.533724	-9.084287	-10.01601	-9.613674	-10.27011	-9.656026	-10.8842	-9.571323
628	0	0	0	-0.02117549	-0.1482285	-1.249354	-5.12447	-8.152565	-9.126638	-9.084287	-8.512548	-8.97841	-9.973658	-9.613674	-10.24894	-9.613674	-10.8842	-9.550148
628.1	0	0	0	-0.02117549	-0.1482285	-1.249354	-5.082119	-8.110214	-9.105463	-9.063111	-8.512548	-8.97841	-9.973658	-9.592499	-10.22776	-9.528973	-10.8842	-9.486622
628.2	0	0	0	-0.02117549	-0.1482285	-1.249354	-5.060943	-8.110214	-9.105463	-9.041936	-8.470198	-8.957234	-9.952482	-9.592499	-10.22776	-9.528973	-10.84185	-9.465446
628.3	0	0	0	-0.02117549	-0.1482285	-1.249354	-5.060943	-8.046688	-9.084287	-9.041936	-8.449022	-8.936059	-9.888956	-9.528973	-10.22776	-9.528973	-10.82068	-9.44427
628.4	0	0	0	-0.02117549	-0.1482285	-1.228179	-5.060943	-8.046688	-9.041936	-9.041936	-8.427847	-8.914884	-9.888956	-9.528973	-10.20659	-9.507797	-10.82068	-9.380744
628.5	0	0	0	-0.02117549	-0.1482285	-1.228179	-5.060943	-8.046688	-9.041936	-8.999585	-8.406672	-8.851357	-9.867781	-9.44427	-10.16424	-9.465446	-10.7995	-9.359569
628.6	0	0	0	-0.02117549	-0.1482285	-1.228179	-5.060943	-8.025513	-8.97841	-8.936059	-8.364321	-8.851357	-9.82543	-9.380744	-10.10071	-9.465446	-10.75715	-9.296042
628.7	0	0	0	-0.02117549	-0.1482285	-1.228179	-5.018592	-7.983161	-8.97841	-8.914884	-8.343144	-8.851357	-9.804254	-9.296042	-10.05836	-9.465446	-10.69362	-9.274867
628.8	0	0	0	-0.02117549	-0.1482285	-1.228179	-5.018592	-7.983161	-8.97841	-8.914884	-8.343144	-8.830181	-9.740727	-9.253691	-10.05836	-9.465446	-10.69362	-9.274867
628.9	0	0	0	-0.02117549	-0.1482285	-1.185828	-5.018592	-7.961986	-8.914884	-8.872532	-8.321969	-8.830181	-9.719552	-9.232515	-10.03718	-9.44427	-10.6301	-9.232515
629	0	0	0	-0.02117549	-0.1482285	-1.185828	-4.997416	-7.961986	-8.893707	-8.830181	-8.321969	-8.830181	-9.656026	-9.21134	-9.994833	-9.380744	-10.58775	-9.232515
629.1	0	0	0	-0.02117549	-0.1482285	-1.185828	-4.976241	-7.940811	-8.872532	-8.809006	-8.300794	-8.809006	-9.656026	-9.21134	-9.952482	-9.380744	-10.56657	-9.190165
629.2	0	0	0	-0.02117549	-0.1482285	-1.185828	-4.976241	-7.940811	-8.851357	-8.809006	-8.258443	-8.78783	-9.656026	-9.21134	-9.888956	-9.359569	-10.52422	-9.126638
629.3	0	0	0	-0.02117549	-0.1482285	-1.185828	-4.93389	-7.877284	-8.851357	-8.74548	-8.237267	-8.74548	-9.63485	-9.21134	-9.846605	-9.338393	-10.48187	-9.084287
629.4	0	0	0	-0.02117549	-0.1482285	-1.185828	-4.93389	-7.877284	-8.830181	-8.724304	-8.237267	-8.724304	-9.592499	-9.147814	-9.82543	-9.296042	-10.39717	-9.084287
629.5	0	0	0	-0.02117549	-0.1482285	-1.185828	-4.912715	-7.877284	-8.766655	-8.681952	-8.237267	-8.724304	-9.571323	-9.126638	-9.761903	-9.296042	-10.31247	-9.063111
629.6	0	0	0	-0.02117549	-0.127053	-1.185828	-4.912715	-7.771407	-8.74548	-8.660777	-8.194917	-8.660777	-9.528973	-9.063111	-9.761903	-9.296042	-10.29129	-9.063111
629.7	0	0	0	-0.02117549	-0.127053	-1.185828	-4.891539	-7.771407	-8.724304	-8.618426	-8.173741	-8.660777	-9.44427	-9.041936	-9.761903	-9.253691	-10.24894	-9.020761
629.8	0	0	0	-0.02117549	-0.127053	-1.185828	-4.891539	-7.750231	-8.703128	-8.597251	-8.173741	-8.618426	-9.401919	-9.020761	-9.719552	-9.21134	-10.22776	-8.999585
629.9	0	0	0	-0.02117549	-0.127053	-1.164652	-4.870364	-7.729055	-8.681952	-8.576076	-8.13139	-8.597251	-9.401919	-8.936059	-9.719552	-9.190165	-10.20659	-8.936059
630	0	0	0	-0.02117549	-0.127053	-1.164652	-4.870364	-7.686705	-8.660777	-8.533724	-8.067863	-8.470198	-9.359569	-8.936059	-9.719552	-9.147814	-10.18541	-8.936059
630.1	0	0	0	-0.02117549	-0.127053	-1.164652	-4.870364	-7.686705	-8.597251	-8.512548	-8.067863	-8.470198	-9.274867	-8.936059	-9.719552	-9.126638	-10.16424	-8.936059
630.2	0	0	0	-0.02117549	-0.127053	-1.164652	-4.828013	-7.644353	-8.5549	-8.449022	-8.046688	-8.449022	-9.274867	-8.936059	-9.698377	-9.041936	-10.14306	-8.936059
630.3	0	0	0	-0.02117549	-0.127053	-1.164652	-4.828013	-7.623178	-8.512548	-8.449022	-8.025513	-8.385496	-9.253691	-8.893707	-9.698377	-9.041936	-10.12189	-8.936059
630.4	0	0	0	-0.02117549	-0.127053	-1.164652	-4.806837	-7.559651	-8.491373	-8.427847	-8.025513	-8.385496	-9.232515	-8.872532	-9.63485	-9.020761	-10.07954	-8.893707
630.5	0	0	0	-0.02117549	-0.127053	-1.164652	-4.806837	-7.538476	-8.491373	-8.406672	-7.983161	-8.343144	-9.21134	-8.830181	-9.613674	-9.020761	-10.05836	-8.809006
630.6	0	0	0	-0.02117549	-0.127053	-1.164652	-4.785662	-7.538476	-8.491373	-8.321969	-7.983161	-8.321969	-9.190165	-8.809006	-9.592499	-9.020761	-10.01601	-8.809006
630.7	0	0	0	-0.02117549	-0.1058775	-1.164652	-4.743311	-7.474949	-8.470198	-8.321969	-7.983161	-8.300794	-9.147814	-8.78783	-9.528973	-8.957234	-10.01601	-8.809006
630.8	0	0	0	-0.02117549	-0.1058775	-1.143477	-4.743311	-7.474949	-8.449022	-8.321969	-7.983161	-8.300794	-9.147814	-8.78783	-9.486622	-8.914884	-9.994833	-8.766655
630.9	0	0	0	-0.02117549	-0.1058775	-1.143477	-4.743311	-7.453774	-8.364321	-8.300794	-7.940811	-8.258443	-9.126638	-8.766655	-9.465446	-8.893707	-9.952482	-8.766655
631	0	0	0	-0.02117549	-0.1058775	-1.143477	-4.722135	-7.453774	-8.343144	-8.279618	-7.919635	-8.216092	-9.105463	-8.766655	-9.44427	-8.893707	-9.888956	-8.660777
631.1	0	0	0	-0.02117549	-0.1058775	-1.143477	-4.722135	-7.432599	-8.321969	-8.279618	-7.919635	-8.173741	-9.084287	-8.703128	-9.44427	-8.851357	-9.846605	-8.639602
631.2	0	0	0	-0.02117549	-0.1058775	-1.143477	-4.70096	-7.390248	-8.279618	-8.237267	-7.898459	-8.152565	-9.084287	-8.681952	-9.44427	-8.78783	-9.804254	-8.5549
631.3	0	0	0	-0.02117549	-0.1058775	-1.143477	-4.658609	-7.390248	-8.216092	-8.237267	-7.856109	-8.110214	-9.020761	-8.681952	-9.44427	-8.78783	-9.719552	-8.533724
631.4	0	0	0	-0.02117549	-0.1058775	-1.143477	-4.637434	-7.390248	-8.194917	-8.237267	-7.792582	-8.089039	-8.97841	-8.639602	-9.423095	-8.724304	-9.677201	-8.512548
631.5	0	0	0	-0.02117549	-0.1058775	-1.143477	-4.616258	-7.390248	-8.194917	-8.216092	-7.792582	-8.025513	-8.936059	-8.597251	-9.359569	-8.724304	-9.656026	-8.470198
631.6	0	0	0	-0.02117549	-0.1058775	-1.143477	-4.616258	-7.347897	-8.152565	-8.173741	-7.729055	-8.004337	-8.914884	-8.491373	-9.359569	-8.660777	-9.63485	-8.449022
631.7	0	0	0	-0.02117549	-0.1058775	-1.143477	-4.595082	-7.347897	-8.13139	-8.173741	-7.70788	-7.961986	-8.872532	-8.449022	-9.317218	-8.660777	-9.63485	-8.427847
631.8	0	0	0	-0.02117549	-0.1058775	-1.143477	-4.595082	-7.305546	-8.110214	-8.173741	-7.70788	-7.919635	-8.851357	-8.427847	-9.296042	-8.639602	-9.571323	-8.385496
631.9	0	0	0	-0.02117549	-0.1058775	-1.143477	-4.595082	-7.28437	-8.067863	-8.173741	-7.644353	-7.919635	-8.830181	-8.385496	-9.253691	-8.639602	-9.550148	-8.385496
632	0	0	0	-0.02117549	-0.1058775	-1.143477	-4.595082	-7.263195	-8.046688	-8.173741	-7.602003	-7.898459	-8.809006	-8.385496	-9.21134	-8.618426	-9.465446	-8.385496
632.1	0	0	0	-0.02117549	-0.1058775	-1.143477	-4.573907	-7.242019	-8.025513	-8.110214	-7.580827	-7.877284	-8.809006	-8.364321	-9.190165	-8.597251	-9.465446	-8.364321
632.2	0	0	0	-0.02117549	-0.1058775	-1.143477	-4.573907	-7.199668	-8.004337	-8.110214	-7.538476	-7.834933	-8.78783	-8.364321	-9.168989	-8.576076	-9.44427	-8.343144
632.3	0	0	0	-0.02117549	-0.1058775	-1.143477	-4.552732	-7.136142	-7.983161	-8.067863	-7.517301	-7.792582	-8.78783	-8.364321	-9.147814	-8.512548	-9.380744	-8.321969
632.4	0	0	0	-0.02117549	-0.1058775	-1.143477	-4.531556	-7.093791	-7.940811	-8.046688	-7.496125	-7.771407	-8.766655	-8.300794	-9.147814	-8.512548	-9.296042	-8.279618
632.5	0	0	0	-0.02117549	-0.1058775	-1.143477	-4.51038	-7.05144	-7.940811	-7.983161	-7.474949	-7.750231	-8.74548	-8.300794	-9.147814	-8.491373	-9.253691	-8.237267
632.6	0	0	0	-0.02117549	-0.1058775	-1.143477	-4.51038	-7.05144	-7.940811	-7.961986	-7.453774	-7.729055	-8.703128	-8.279618	-9.084287	-8.491373	-9.232515	-8.194917
632.7	0	0	0	-0.02117549	-0.1058775	-1.143477	-4.489205	-7.009089	-7.919635	-7.940811	-7.411423	-7.70788	-8.703128	-8.237267	-9.020761	-8.470198	-9.168989	-8.173741
632.8	0	0	0	-0.02117549	-0.1058775	-1.143477	-4.489205	-6.966738	-7.898459	-7.919635	-7.411423	-7.665529	-8.703128	-8.194917	-8.936059	-8.449022	-9.126638	-8.152565
632.9	0	0	0	-0.02117549	-0.1058775	-1.143477	-4.489205	-6.924387	-7.856109	-7.898459	-7.390248	-7.665529	-8.639602	-8.194917	-8.914884	-8.427847	-9.105463	-8.152565
633	0	0	0	-0.02117549	-0.1058775	-1.143477	-4.489205	-6.903211	-7.834933	-7.834933	-7.326721	-7.623178	-8.639602	-8.194917	-8.830181	-8.406672	-9.105463	-8.110214
633.1	0	0	0	-0.02117549	-0.1058775	-1.143477	-4.489205	-6.903211	-7.813757	-7.771407	-7.242019	-7.602003	-8.618426	-8.173741	-8.809006	-8.406672	-9.063111	-8.067863
633.2	0	0	0	-0.02117549	-0.1058775	-1.143477	-4.446854	-6.903211	-7.70788	-7.771407	-7.220844	-7.580827	-8.5549	-8.089039	-8.809006	-8.385496	-9.020761	-7.961986
633.3	0	0	0	-0.02117549	-0.1058775	-1.143477	-4.446854	-6.903211	-7.70788	-7.750231	-7.199668	-7.580827	-8.5549	-8.046688	-8.809006	-8.343144	-8.97841	-7.961986
633.4	0	0	0	-0.02117549	-0.1058775	-1.143477	-4.425678	-6.903211	-7.623178	-7.729055	-7.136142	-7.559651	-8.5549	-7.961986	-8.78783	-8.343144	-8.957234	-7.961986
633.5	0	0	0	-0.02117549	-0.1058775	-1.143477	-4.383327	-6.86086	-7.602003	-7.729055	-7.114966	-7.538476	-8.533724	-7.940811	-8.78783	-8.279618	-8.809006	-7.940811
633.6	0	0	0	-0.02117549	-0.1058775	-1.143477	-4.362152	-6.839685	-7.580827	-7.70788	-7.072615	-7.538476	-8.533724	-7.940811	-8.766655	-8.237267	-8.78783	-7.898459
633.7	0	0	0	-0.02117549	-0.1058775	-1.143477	-4.362152	-6.797334	-7.559651	-7.70788	-7.072615	-7.517301	-8.533724	-7.940811	-8.74548	-8.216092	-8.724304	-7.898459
633.8	0	0	0	-0.02117549	-0.1058775	-1.122301	-4.362152	-6.776158	-7.538476	-7.70788	-7.05144	-7.474949	-8.491373	-7.919635	-8.703128	-8.173741	-8.724304	-7.834933
633.9	0	0	0	-0.02117549	-0.1058775	-1.122301	-4.340976	-6.733807	-7.538476	-7.70788	-7.05144	-7.390248	-8.449022	-7.919635	-8.703128	-8.152565	-8.681952	-7.834933
634	0	0	0	-0.02117549	-0.1058775	-1.122301	-4.319801	-6.712632	-7.538476	-7.686705	-7.05144	-7.390248	-8.406672	-7.898459	-8.681952	-8.13139	-8.681952	-7.813757
634.1	0	0	0	-0.02117549	-0.1058775	-1.122301	-4.298625	-6.649105	-7.517301	-7.665529	-6.924387	-7.369072	-8.364321	-7.856109	-8.597251	-8.13139	-8.639602	-7.813757
634.2	0	0	0	-0.02117549	-0.1058775	-1.122301	-4.298625	-6.62793	-7.474949	-7.665529	-6.903211	-7.305546	-8.321969	-7.834933	-8.597251	-8.110214	-8.597251	-7.792582
634.3	0	0	0	-0.02117549	-0.1058775	-1.122301	-4.298625	-6.606754	-7.474949	-7.623178	-6.903211	-7.28437	-8.321969	-7.792582	-8.597251	-8.004337	-8.597251	-7.729055
634.4	0	0	0	-0.02117549	-0.1058775	-1.122301	-4.298625	-6.585579	-7.474949	-7.623178	-6.903211	-7.263195	-8.237267	-7.750231	-8.533724	-7.940811	-8.597251	-7.686705
634.5	0	0	0	-0.02117549	-0.1058775	-1.122301	-4.235099	-6.564404	-7.453774	-7.580827	-6.882036	-7.242019	-8.194917	-7.750231	-8.512548	-7.877284	-8.597251	-7.644353
634.6	0	0	0	-0.02117549	-0.1058775	-1.101126	-4.235099	-6.543228	-7.432599	-7.559651	-6.882036	-7.220844	-8.152565	-7.686705	-8.512548	-7.877284	-8.576076	-7.602003
634.7	0	0	0	-0.02117549	-0.1058775	-1.101126	-4.235099	-6.522052	-7.411423	-7.538476	-6.86086	-7.178493	-8.152565	-7.644353	-8.491373	-7.877284	-8.5549	-7.559651
634.8	0	0	0	-0.02117549	-0.1058775	-1.101126	-4.213923	-6.522052	-7.369072	-7.517301	-6.818509	-7.178493	-8.152565	-7.644353	-8.470198	-7.834933	-8.533724	-7.538476
634.9	0	0	0	-0.02117549	-0.1058775	-1.101126	-4.171572	-6.500877	-7.369072	-7.517301	-6.754983	-7.157317	-8.152565	-7.602003	-8.406672	-7.813757	-8.491373	-7.517301
635	0	0	0	-0.02117549	-0.1058775	-1.07995	-4.171572	-6.479702	-7.347897	-7.517301	-6.754983	-7.136142	-8.110214	-7.580827	-8.364321	-7.813757	-8.449022	-7.517301
635.1	0	0	0	-0.02117549	-0.1058775	-1.058775	-4.150397	-6.458526	-7.242019	-7.432599	-6.754983	-7.114966	-8.110214	-7.580827	-8.343144	-7.813757	-8.427847	-7.453774
635.2	0	0	0	-0.02117549	-0.1058775	-1.058775	-4.129221	-6.43735	-7.220844	-7.411423	-6.754983	-7.072615	-8.110214	-7.580827	-8.343144	-7.792582	-8.406672	-7.411423
635.3	0	0	0	-0.02117549	-0.1058775	-1.058775	-4.108046	-6.416175	-7.220844	-7.390248	-6.754983	-7.030264	-8.089039	-7.580827	-8.321969	-7.792582	-8.364321	-7.347897
635.4	0	0	0	-0.02117549	-0.1058775	-1.058775	-4.086871	-6.416175	-7.220844	-7.347897	-6.733807	-7.009089	-8.046688	-7.580827	-8.321969	-7.729055	-8.343144	-7.326721
635.5	0	0	0	-0.02117549	-0.1058775	-1.058775	-4.086871	-6.395	-7.199668	-7.28437	-6.712632	-7.009089	-8.046688	-7.517301	-8.300794	-7.729055	-8.300794	-7.28437
635.6	0	0	0	-0.02117549	-0.1058775	-1.058775	-4.086871	-6.373824	-7.157317	-7.263195	-6.691456	-6.987913	-8.025513	-7.517301	-8.279618	-7.686705	-8.300794	-7.28437
635.7	0	0	0	-0.02117549	-0.1058775	-1.058775	-4.065695	-6.352648	-7.114966	-7.220844	-6.670281	-6.987913	-8.004337	-7.496125	-8.279618	-7.665529	-8.258443	-7.242019
635.8	0	0	0	-0.02117549	-0.1058775	-1.058775	-4.065695	-6.267946	-7.072615	-7.220844	-6.62793	-6.987913	-8.004337	-7.474949	-8.258443	-7.665529	-8.258443	-7.242019
635.9	0	0	0	-0.02117549	-0.1058775	-1.058775	-4.065695	-6.225595	-7.05144	-7.199668	-6.606754	-6.966738	-7.983161	-7.474949	-8.237267	-7.665529	-8.258443	-7.220844
636	0	0	0	-0.02117549	-0.1058775	-1.058775	-4.065695	-6.225595	-7.030264	-7.199668	-6.606754	-6.945562	-7.961986	-7.432599	-8.194917	-7.644353	-8.216092	-7.220844
636.1	0	0	0	-0.02117549	-0.1058775	-1.037599	-4.065695	-6.183244	-7.030264	-7.178493	-6.543228	-6.945562	-7.940811	-7.432599	-8.110214	-7.644353	-8.152565	-7.199668
636.2	0	0	0	-0.02117549	-0.1058775	-1.037599	-4.065695	-6.162069	-7.009089	-7.178493	-6.522052	-6.945562	-7.919635	-7.432599	-8.110214	-7.644353	-8.152565	-7.199668
636.3	0	0	0	-0.02117549	-0.1058775	-1.037599	-4.065695	-6.140893	-6.987913	-7.157317	-6.479702	-6.924387	-7.877284	-7.432599	-8.110214	-7.559651	-8.110214	-7.178493
636.4	0	0	0	-0.02117549	-0.1058775	-1.037599	-4.065695	-6.119718	-6.987913	-7.157317	-6.479702	-6.924387	-7.856109	-7.305546	-8.089039	-7.517301	-8.089039	-7.178493
636.5	0	0	0	-0.02117549	-0.1058775	-1.037599	-4.065695	-6.098542	-6.987913	-7.114966	-6.458526	-6.903211	-7.834933	-7.305546	-8.046688	-7.496125	-8.089039	-7.178493
636.6	0	0	0	-0.02117549	-0.1058775	-1.037599	-4.044519	-6.098542	-6.945562	-7.093791	-6.458526	-6.903211	-7.834933	-7.305546	-8.025513	-7.453774	-8.046688	-7.114966
636.7	0	0	0	-0.02117549	-0.1058775	-1.037599	-4.044519	-6.035016	-6.924387	-7.030264	-6.43735	-6.903211	-7.813757	-7.263195	-8.025513	-7.453774	-8.025513	-7.05144
636.8	0	0	0	-0.02117549	-0.1058775	-1.037599	-4.044519	-5.992665	-6.903211	-6.987913	-6.43735	-6.882036	-7.771407	-7.242019	-8.004337	-7.432599	-7.983161	-6.987913
636.9	0	0	0	-0.02117549	-0.1058775	-1.037599	-4.002169	-5.929139	-6.86086	-6.903211	-6.395	-6.839685	-7.750231	-7.199668	-7.961986	-7.411423	-7.940811	-6.987913
637	0	0	0	-0.02117549	-0.1058775	-1.037599	-3.938642	-5.929139	-6.818509	-6.86086	-6.331473	-6.839685	-7.750231	-7.157317	-7.919635	-7.369072	-7.919635	-6.966738
637.1	0	0	0	-0.02117549	-0.1058775	-1.037599	-3.917466	-5.886787	-6.797334	-6.86086	-6.331473	-6.797334	-7.750231	-7.157317	-7.919635	-7.369072	-7.919635	-6.966738
637.2	0	0	0	-0.02117549	-0.1058775	-1.037599	-3.917466	-5.886787	-6.776158	-6.839685	-6.331473	-6.776158	-7.686705	-7.157317	-7.919635	-7.347897	-7.898459	-6.966738
637.3	0	0	0	-0.02117549	-0.1058775	-1.037599	-3.917466	-5.865612	-6.776158	-6.839685	-6.310297	-6.776158	-7.686705	-7.136142	-7.856109	-7.347897	-7.856109	-6.903211
637.4	0	0	0	-0.02117549	-0.1058775	-1.037599	-3.896291	-5.823261	-6.776158	-6.818509	-6.289122	-6.754983	-7.686705	-7.114966	-7.856109	-7.347897	-7.834933	-6.882036
637.5	0	0	0	-0.02117549	-0.1058775	-1.037599	-3.896291	-5.823261	-6.754983	-6.818509	-6.246771	-6.691456	-7.686705	-7.05144	-7.813757	-7.305546	-7.750231	-6.839685
637.6	0	0	0	-0.02117549	-0.1058775	-1.037599	-3.896291	-5.802085	-6.733807	-6.818509	-6.246771	-6.670281	-7.665529	-7.030264	-7.792582	-7.220844	-7.70788	-6.776158
637.7	0	0	0	-0.02117549	-0.1058775	-1.037599	-3.875115	-5.802085	-6.733807	-6.797334	-6.20442	-6.606754	-7.623178	-7.009089	-7.792582	-7.220844	-7.686705	-6.754983
637.8	0	0	0	-0.02117549	-0.1058775	-1.016424	-3.875115	-5.78091	-6.733807	-6.754983	-6.20442	-6.585579	-7.538476	-6.987913	-7.771407	-7.178493	-7.665529	-6.733807
637.9	0	0	0	-0.02117549	-0.1058775	-1.016424	-3.875115	-5.78091	-6.712632	-6.754983	-6.140893	-6.564404	-7.496125	-6.966738	-7.70788	-7.114966	-7.665529	-6.712632
638	0	0	0	-0.02117549	-0.1058775	-1.016424	-3.875115	-5.738559	-6.670281	-6.754983	-6.140893	-6.522052	-7.474949	-6.924387	-7.686705	-7.05144	-7.644353	-6.691456
638.1	0	0	0	-0.02117549	-0.1058775	-1.016424	-3.875115	-5.717383	-6.62793	-6.754983	-6.140893	-6.458526	-7.474949	-6.903211	-7.602003	-7.05144	-7.644353	-6.691456
638.2	0	0	0	-0.02117549	-0.1058775	-1.016424	-3.875115	-5.717383	-6.606754	-6.712632	-6.119718	-6.458526	-7.474949	-6.882036	-7.580827	-7.030264	-7.623178	-6.670281
638.3	0	0	0	-0.02117549	-0.1058775	-1.016424	-3.875115	-5.696208	-6.564404	-6.691456	-6.119718	-6.43735	-7.390248	-6.86086	-7.538476	-7.030264	-7.559651	-6.670281
638.4	0	0	0	-0.02117549	-0.1058775	-1.016424	-3.85394	-5.696208	-6.564404	-6.649105	-6.077367	-6.43735	-7.347897	-6.86086	-7.517301	-7.009089	-7.538476	-6.670281
638.5	0	0	0	-0.02117549	-0.1058775	-1.016424	-3.85394	-5.696208	-6.522052	-6.585579	-6.077367	-6.373824	-7.305546	-6.818509	-7.517301	-6.966738	-7.517301	-6.649105
638.6	0	0	0	-0.02117549	-0.1058775	-1.016424	-3.85394	-5.611506	-6.479702	-6.585579	-6.056191	-6.352648	-7.263195	-6.776158	-7.517301	-6.924387	-7.496125	-6.585579
638.7	0	0	0	-0.02117549	-0.1058775	-0.9952483	-3.85394	-5.590331	-6.458526	-6.585579	-6.035016	-6.331473	-7.242019	-6.712632	-7.474949	-6.924387	-7.453774	-6.585579
638.8	0	0	0	-0.02117549	-0.1058775	-0.9952483	-3.85394	-5.547979	-6.458526	-6.585579	-6.035016	-6.289122	-7.157317	-6.691456	-7.474949	-6.924387	-7.411423	-6.585579
638.9	0	0	0	-0.02117549	-0.1058775	-0.9952483	-3.811589	-5.526804	-6.43735	-6.500877	-6.035016	-6.267946	-7.093791	-6.670281	-7.474949	-6.924387	-7.411423	-6.522052
639	0	0	0	-0.02117549	-0.1058775	-0.9952483	-3.790414	-5.505629	-6.43735	-6.458526	-6.013841	-6.225595	-7.093791	-6.62793	-7.432599	-6.882036	-7.347897	-6.500877
639.1	0	0	0	-0.02117549	-0.1058775	-0.9952483	-3.790414	-5.463278	-6.416175	-6.373824	-6.013841	-6.20442	-7.072615	-6.62793	-7.411423	-6.86086	-7.326721	-6.500877
639.2	0	0	0	-0.02117549	-0.1058775	-0.9952483	-3.769238	-5.442102	-6.416175	-6.331473	-6.013841	-6.183244	-7.072615	-6.62793	-7.390248	-6.839685	-7.305546	-6.479702
639.3	0	0	0	-0.02117549	-0.1058775	-0.9952483	-3.726887	-5.442102	-6.352648	-6.310297	-5.971489	-6.162069	-7.05144	-6.62793	-7.390248	-6.818509	-7.28437	-6.458526
639.4	0	0	0	-0.02117549	-0.1058775	-0.9952483	-3.705712	-5.442102	-6.289122	-6.310297	-5.971489	-6.098542	-7.009089	-6.62793	-7.347897	-6.797334	-7.263195	-6.395
639.5	0	0	0	-0.02117549	-0.1058775	-0.9952483	-3.705712	-5.378576	-6.267946	-6.246771	-5.929139	-6.098542	-6.987913	-6.606754	-7.347897	-6.797334	-7.220844	-6.352648
639.6	0	0	0	-0.02117549	-0.1058775	-0.9952483	-3.705712	-5.315049	-6.246771	-6.225595	-5.929139	-6.077367	-6.987913	-6.606754	-7.326721	-6.776158	-7.220844	-6.352648
639.7	0	0	0	-0.02117549	-0.1058775	-0.9952483	-3.684536	-5.293874	-6.225595	-6.20442	-5.907963	-6.056191	-6.945562	-6.543228	-7.263195	-6.776158	-7.199668	-6.331473
639.8	0	0	0	-0.02117549	-0.1058775	-0.9952483	-3.684536	-5.293874	-6.225595	-6.183244	-5.886787	-6.035016	-6.924387	-6.543228	-7.220844	-6.754983	-7.178493	-6.289122
639.9	0	0	0	-0.02117549	-0.1058775	-0.9952483	-3.684536	-5.251523	-6.225595	-6.183244	-5.802085	-6.035016	-6.903211	-6.500877	-7.157317	-6.670281	-7.178493	-6.289122
640	0	0	0	-0.02117549	-0.1058775	-0.9952483	-3.684536	-5.230347	-6.20442	-6.183244	-5.802085	-6.035016	-6.882036	-6.479702	-7.114966	-6.649105	-7.157317	-6.246771
640.1	0	0	0	-0.02117549	-0.1058775	-0.9740728	-3.663361	-5.187996	-6.183244	-6.098542	-5.802085	-6.035016	-6.818509	-6.416175	-7.072615	-6.606754	-7.136142	-6.225595
640.2	0	0	0	-0.02117549	-0.1058775	-0.9740728	-3.663361	-5.166821	-6.162069	-6.098542	-5.78091	-5.992665	-6.754983	-6.416175	-7.009089	-6.606754	-7.093791	-6.225595
640.3	0	0	0	-0.02117549	-0.1058775	-0.9740728	-3.663361	-5.166821	-6.140893	-6.077367	-5.738559	-5.971489	-6.754983	-6.395	-6.987913	-6.585579	-7.093791	-6.183244
640.4	0	0	0	-0.02117549	-0.1058775	-0.9740728	-3.663361	-5.145645	-6.098542	-5.971489	-5.738559	-5.971489	-6.754983	-6.395	-6.987913	-6.500877	-7.093791	-6.140893
640.5	0	0	0	-0.02117549	-0.1058775	-0.9740728	-3.663361	-5.12447	-6.077367	-5.950314	-5.738559	-5.929139	-6.712632	-6.373824	-6.987913	-6.500877	-7.030264	-6.098542
640.6	0	0	0	-0.02117549	-0.1058775	-0.9740728	-3.642185	-5.12447	-5.992665	-5.929139	-5.738559	-5.907963	-6.670281	-6.352648	-6.966738	-6.500877	-6.987913	-6.077367
640.7	0	0	0	-0.02117549	-0.1058775	-0.9740728	-3.642185	-5.103294	-5.971489	-5.907963	-5.717383	-5.865612	-6.649105	-6.267946	-6.924387	-6.479702	-6.966738	-6.056191
640.8	0	0	0	-0.02117549	-0.1058775	-0.9740728	-3.642185	-5.103294	-5.950314	-5.907963	-5.717383	-5.844437	-6.62793	-6.246771	-6.924387	-6.416175	-6.924387	-6.035016
640.9	0	0	0	-0.02117549	-0.1058775	-0.9740728	-3.62101	-5.082119	-5.950314	-5.907963	-5.717383	-5.823261	-6.606754	-6.246771	-6.903211	-6.395	-6.882036	-6.013841
641	0	0	0	-0.02117549	-0.1058775	-0.9740728	-3.599834	-5.082119	-5.929139	-5.886787	-5.675033	-5.802085	-6.585579	-6.246771	-6.903211	-6.331473	-6.882036	-6.013841
641.1	0	0	0	-0.02117549	-0.1058775	-0.9740728	-3.599834	-5.060943	-5.929139	-5.865612	-5.675033	-5.78091	-6.543228	-6.225595	-6.882036	-6.310297	-6.839685	-5.992665
641.2	0	0	0	-0.02117549	-0.1058775	-0.9528973	-3.599834	-5.018592	-5.907963	-5.844437	-5.675033	-5.738559	-6.543228	-6.20442	-6.86086	-6.289122	-6.776158	-5.971489
641.3	0	0	0	-0.02117549	-0.1058775	-0.9528973	-3.599834	-5.018592	-5.886787	-5.844437	-5.675033	-5.717383	-6.500877	-6.140893	-6.839685	-6.289122	-6.776158	-5.950314
641.4	0	0	0	-0.02117549	-0.1058775	-0.9528973	-3.578659	-5.018592	-5.865612	-5.823261	-5.632681	-5.717383	-6.500877	-6.098542	-6.797334	-6.289122	-6.754983	-5.950314
641.5	0	0	0	-0.02117549	-0.1058775	-0.9528973	-3.578659	-5.018592	-5.844437	-5.802085	-5.590331	-5.696208	-6.458526	-6.098542	-6.754983	-6.267946	-6.670281	-5.950314
641.6	0	0	0	-0.02117549	-0.1058775	-0.9528973	-3.578659	-4.93389	-5.823261	-5.802085	-5.569155	-5.696208	-6.458526	-6.077367	-6.712632	-6.246771	-6.649105	-5.929139
641.7	0	0	0	-0.02117549	-0.1058775	-0.9528973	-3.578659	-4.93389	-5.78091	-5.78091	-5.569155	-5.696208	-6.395	-6.077367	-6.606754	-6.246771	-6.649105	-5.886787
641.8	0	0	0	-0.02117549	-0.1058775	-0.9528973	-3.557483	-4.912715	-5.78091	-5.78091	-5.547979	-5.696208	-6.373824	-6.077367	-6.606754	-6.225595	-6.606754	-5.865612
641.9	0	0	0	-0.02117549	-0.1058775	-0.9528973	-3.536308	-4.870364	-5.78091	-5.78091	-5.526804	-5.653857	-6.352648	-6.056191	-6.564404	-6.225595	-6.543228	-5.823261
642	0	0	0	-0.02117549	-0.1058775	-0.9528973	-3.536308	-4.870364	-5.738559	-5.78091	-5.505629	-5.569155	-6.352648	-6.035016	-6.543228	-6.20442	-6.522052	-5.78091
642.1	0	0	0	-0.02117549	-0.1058775	-0.8893708	-3.515132	-4.870364	-5.696208	-5.738559	-5.484453	-5.569155	-6.331473	-6.035016	-6.543228	-6.140893	-6.500877	-5.78091
642.2	0	0	0	-0.02117549	-0.1058775	-0.8893708	-3.515132	-4.849188	-5.675033	-5.675033	-5.399751	-5.547979	-6.331473	-6.013841	-6.522052	-6.140893	-6.458526	-5.78091
642.3	0	0	0	-0.02117549	-0.1058775	-0.8893708	-3.493957	-4.785662	-5.675033	-5.611506	-5.399751	-5.484453	-6.331473	-6.013841	-6.479702	-6.119718	-6.43735	-5.78091
642.4	0	0	0	-0.02117549	-0.1058775	-0.8681953	-3.493957	-4.785662	-5.632681	-5.611506	-5.3574	-5.484453	-6.310297	-6.013841	-6.458526	-6.056191	-6.43735	-5.78091
642.5	0	0	0	-0.02117549	-0.1058775	-0.8470198	-3.472781	-4.764486	-5.611506	-5.526804	-5.3574	-5.484453	-6.267946	-6.013841	-6.458526	-6.035016	-6.395	-5.759735
642.6	0	0	0	-0.02117549	-0.1058775	-0.8470198	-3.472781	-4.743311	-5.590331	-5.505629	-5.336225	-5.442102	-6.225595	-6.013841	-6.458526	-5.950314	-6.395	-5.759735
642.7	0	0	0	-0.02117549	-0.1058775	-0.8470198	-3.472781	-4.743311	-5.569155	-5.463278	-5.315049	-5.420927	-6.20442	-5.950314	-6.43735	-5.950314	-6.395	-5.717383
642.8	0	0	0	-0.02117549	-0.1058775	-0.8470198	-3.472781	-4.70096	-5.569155	-5.463278	-5.315049	-5.399751	-6.183244	-5.950314	-6.416175	-5.929139	-6.395	-5.696208
642.9	0	0	0	-0.02117549	-0.1058775	-0.8470198	-3.409255	-4.70096	-5.526804	-5.442102	-5.272698	-5.378576	-6.140893	-5.907963	-6.416175	-5.929139	-6.395	-5.653857
643	0	0	0	-0.02117549	-0.1058775	-0.8470198	-3.388079	-4.637434	-5.505629	-5.399751	-5.272698	-5.378576	-6.140893	-5.907963	-6.352648	-5.907963	-6.373824	-5.611506
643.1	0	0	0	-0.02117549	-0.1058775	-0.8258443	-3.388079	-4.637434	-5.484453	-5.378576	-5.272698	-5.378576	-6.098542	-5.907963	-6.289122	-5.886787	-6.373824	-5.611506
643.2	0	0	0	-0.02117549	-0.1058775	-0.8258443	-3.388079	-4.637434	-5.442102	-5.3574	-5.251523	-5.378576	-6.056191	-5.886787	-6.267946	-5.865612	-6.373824	-5.569155
643.3	0	0	0	-0.02117549	-0.1058775	-0.8046688	-3.345728	-4.616258	-5.442102	-5.336225	-5.209172	-5.378576	-6.056191	-5.886787	-6.246771	-5.844437	-6.331473	-5.526804
643.4	0	0	0	-0.02117549	-0.1058775	-0.8046688	-3.345728	-4.573907	-5.399751	-5.336225	-5.209172	-5.315049	-6.056191	-5.844437	-6.183244	-5.844437	-6.331473	-5.505629
643.5	0	0	0	-0.02117549	-0.1058775	-0.8046688	-3.345728	-4.531556	-5.3574	-5.315049	-5.209172	-5.293874	-6.035016	-5.78091	-6.183244	-5.844437	-6.246771	-5.463278
643.6	0	0	0	-0.02117549	-0.1058775	-0.8046688	-3.324553	-4.51038	-5.315049	-5.293874	-5.187996	-5.293874	-6.035016	-5.78091	-6.183244	-5.823261	-6.246771	-5.442102
643.7	0	0	0	-0.02117549	-0.1058775	-0.8046688	-3.282202	-4.468029	-5.293874	-5.293874	-5.145645	-5.293874	-6.035016	-5.738559	-6.183244	-5.823261	-6.20442	-5.442102
643.8	0	0	0	-0.02117549	-0.1058775	-0.7834933	-3.282202	-4.446854	-5.293874	-5.272698	-5.145645	-5.251523	-6.035016	-5.717383	-6.183244	-5.802085	-6.183244	-5.442102
643.9	0	0	0	-0.02117549	-0.1058775	-0.7834933	-3.282202	-4.446854	-5.230347	-5.272698	-5.145645	-5.251523	-6.035016	-5.696208	-6.162069	-5.802085	-6.183244	-5.442102
644	0	0	0	-0.02117549	-0.1058775	-0.7834933	-3.282202	-4.446854	-5.230347	-5.251523	-5.103294	-5.230347	-6.013841	-5.696208	-6.162069	-5.802085	-6.140893	-5.399751
644.1	0	0	0	-0.02117549	-0.1058775	-0.7834933	-3.239851	-4.425678	-5.166821	-5.251523	-5.103294	-5.230347	-6.013841	-5.675033	-6.162069	-5.802085	-6.098542	-5.293874
644.2	0	0	0	-0.02117549	-0.1058775	-0.7834933	-3.218675	-4.383327	-5.12447	-5.251523	-5.103294	-5.230347	-6.013841	-5.653857	-6.140893	-5.802085	-6.077367	-5.293874
644.3	0	0	0	-0.02117549	-0.1058775	-0.7623178	-3.218675	-4.383327	-5.12447	-5.230347	-5.060943	-5.209172	-5.907963	-5.632681	-6.119718	-5.759735	-6.077367	-5.272698
644.4	0	0	0	-0.02117549	-0.08470198	-0.7623178	-3.218675	-4.362152	-5.12447	-5.209172	-5.039768	-5.166821	-5.865612	-5.632681	-6.077367	-5.759735	-6.077367	-5.251523
644.5	0	0	0	-0.02117549	-0.08470198	-0.7623178	-3.218675	-4.319801	-5.12447	-5.187996	-5.039768	-5.145645	-5.865612	-5.611506	-6.077367	-5.675033	-6.077367	-5.251523
644.6	0	0	0	-0.02117549	-0.08470198	-0.7623178	-3.218675	-4.319801	-5.082119	-5.187996	-5.039768	-5.145645	-5.865612	-5.611506	-6.077367	-5.653857	-6.035016	-5.251523
644.7	0	0	0	-0.02117549	-0.08470198	-0.7199668	-3.1975	-4.256274	-5.082119	-5.166821	-4.997416	-5.145645	-5.865612	-5.611506	-6.056191	-5.632681	-6.013841	-5.251523
644.8	0	0	0	-0.02117549	-0.08470198	-0.7199668	-3.1975	-4.235099	-5.039768	-5.145645	-4.976241	-5.103294	-5.823261	-5.569155	-5.992665	-5.632681	-6.013841	-5.230347
644.9	0	0	0	-0.02117549	-0.08470198	-0.7199668	-3.1975	-4.235099	-4.93389	-5.12447	-4.976241	-5.103294	-5.802085	-5.547979	-5.992665	-5.632681	-5.992665	-5.230347
645	0	0	0	-0.02117549	-0.08470198	-0.7199668	-3.176324	-4.235099	-4.93389	-5.103294	-4.976241	-5.082119	-5.802085	-5.505629	-5.929139	-5.632681	-5.971489	-5.209172
645.1	0	0	0	-0.02117549	-0.08470198	-0.7199668	-3.176324	-4.213923	-4.912715	-5.082119	-4.976241	-5.060943	-5.802085	-5.442102	-5.907963	-5.547979	-5.929139	-5.209172
645.2	0	0	0	-0.02117549	-0.08470198	-0.7199668	-3.176324	-4.129221	-4.870364	-5.039768	-4.976241	-5.060943	-5.78091	-5.420927	-5.907963	-5.547979	-5.886787	-5.209172
645.3	0	0	0	-0.02117549	-0.08470198	-0.7199668	-3.176324	-4.129221	-4.806837	-5.039768	-4.976241	-5.018592	-5.759735	-5.420927	-5.886787	-5.547979	-5.865612	-5.187996
645.4	0	0	0	-0.02117549	-0.08470198	-0.7199668	-3.176324	-4.129221	-4.764486	-5.039768	-4.976241	-5.018592	-5.738559	-5.378576	-5.865612	-5.547979	-5.844437	-5.166821
645.5	0	0	0	-0.02117549	-0.08470198	-0.7199668	-3.176324	-4.108046	-4.743311	-4.976241	-4.976241	-5.018592	-5.738559	-5.378576	-5.802085	-5.463278	-5.823261	-5.145645
645.6	0	0	0	-0.02117549	-0.08470198	-0.7199668	-3.176324	-4.086871	-4.70096	-4.955066	-4.955066	-4.997416	-5.738559	-5.336225	-5.802085	-5.463278	-5.802085	-5.145645
645.7	0	0	0	-0.02117549	-0.08470198	-0.7199668	-3.176324	-4.023344	-4.70096	-4.93389	-4.912715	-4.976241	-5.717383	-5.293874	-5.78091	-5.442102	-5.759735	-5.103294
645.8	0	0	0	-0.02117549	-0.08470198	-0.7199668	-3.176324	-3.980993	-4.679784	-4.891539	-4.870364	-4.955066	-5.696208	-5.293874	-5.696208	-5.442102	-5.759735	-5.082119
645.9	0	0	0	-0.02117549	-0.08470198	-0.7199668	-3.133973	-3.959817	-4.679784	-4.828013	-4.828013	-4.912715	-5.653857	-5.293874	-5.632681	-5.420927	-5.696208	-5.082119
646	0	0	0	-0.02117549	-0.08470198	-0.6987913	-3.112798	-3.959817	-4.679784	-4.806837	-4.785662	-4.891539	-5.632681	-5.272698	-5.611506	-5.420927	-5.675033	-5.060943
646.1	0	0	0	-0.02117549	-0.08470198	-0.6987913	-3.112798	-3.959817	-4.679784	-4.785662	-4.764486	-4.891539	-5.632681	-5.230347	-5.569155	-5.420927	-5.653857	-5.018592
646.2	0	0	0	-0.02117549	-0.08470198	-0.6987913	-3.112798	-3.959817	-4.658609	-4.743311	-4.743311	-4.828013	-5.611506	-5.230347	-5.526804	-5.399751	-5.653857	-4.997416
646.3	0	0	0	-0.02117549	-0.08470198	-0.6987913	-3.112798	-3.959817	-4.658609	-4.743311	-4.722135	-4.828013	-5.590331	-5.187996	-5.484453	-5.399751	-5.632681	-4.997416
646.4	0	0	0	-0.02117549	-0.08470198	-0.6987913	-3.112798	-3.896291	-4.658609	-4.70096	-4.70096	-4.828013	-5.526804	-5.145645	-5.463278	-5.399751	-5.632681	-4.976241
646.5	0	0	0	-0.02117549	-0.08470198	-0.6987913	-3.091622	-3.85394	-4.616258	-4.70096	-4.70096	-4.806837	-5.484453	-5.103294	-5.442102	-5.399751	-5.590331	-4.976241
646.6	0	0	0	-0.02117549	-0.08470198	-0.6987913	-3.091622	-3.85394	-4.573907	-4.679784	-4.679784	-4.785662	-5.442102	-5.103294	-5.442102	-5.315049	-5.590331	-4.955066
646.7	0	0	0	-0.02117549	-0.08470198	-0.6987913	-3.070447	-3.85394	-4.552732	-4.679784	-4.658609	-4.743311	-5.442102	-5.103294	-5.442102	-5.315049	-5.547979	-4.955066
646.8	0	0	0	-0.02117549	-0.08470198	-0.6987913	-3.049271	-3.811589	-4.531556	-4.658609	-4.616258	-4.722135	-5.399751	-5.103294	-5.442102	-5.315049	-5.547979	-4.912715
646.9	0	0	0	-0.02117549	-0.08470198	-0.6987913	-3.028096	-3.790414	-4.531556	-4.616258	-4.616258	-4.658609	-5.336225	-5.082119	-5.399751	-5.251523	-5.463278	-4.912715
647	0	0	0	-0.02117549	-0.08470198	-0.6987913	-3.028096	-3.790414	-4.51038	-4.595082	-4.616258	-4.658609	-5.315049	-5.039768	-5.378576	-5.209172	-5.442102	-4.912715
647.1	0	0	0	-0.02117549	-0.08470198	-0.6776158	-3.028096	-3.748063	-4.51038	-4.573907	-4.573907	-4.637434	-5.315049	-4.997416	-5.3574	-5.209172	-5.442102	-4.870364
647.2	0	0	0	-0.02117549	-0.08470198	-0.6776158	-3.028096	-3.748063	-4.489205	-4.552732	-4.552732	-4.637434	-5.315049	-4.93389	-5.3574	-5.209172	-5.420927	-4.870364
647.3	0	0	0	-0.02117549	-0.08470198	-0.6776158	-3.028096	-3.748063	-4.446854	-4.552732	-4.552732	-4.637434	-5.293874	-4.891539	-5.336225	-5.209172	-5.399751	-4.870364
647.4	0	0	0	-0.02117549	-0.08470198	-0.6776158	-3.00692	-3.726887	-4.425678	-4.531556	-4.552732	-4.637434	-5.293874	-4.891539	-5.293874	-5.166821	-5.3574	-4.870364
647.5	0	0	0	-0.02117549	-0.08470198	-0.6776158	-3.00692	-3.705712	-4.404503	-4.489205	-4.552732	-4.637434	-5.293874	-4.891539	-5.251523	-5.145645	-5.272698	-4.870364
647.6	0	0	0	-0.02117549	-0.08470198	-0.6776158	-3.00692	-3.705712	-4.404503	-4.425678	-4.531556	-4.637434	-5.293874	-4.870364	-5.251523	-5.145645	-5.209172	-4.828013
647.7	0	0	0	-0.02117549	-0.08470198	-0.6776158	-2.985745	-3.705712	-4.404503	-4.404503	-4.51038	-4.616258	-5.251523	-4.849188	-5.230347	-5.145645	-5.209172	-4.806837
647.8	0	0	0	-0.02117549	-0.08470198	-0.6776158	-2.964569	-3.663361	-4.383327	-4.383327	-4.468029	-4.595082	-5.230347	-4.849188	-5.230347	-5.12447	-5.209172	-4.785662
647.9	0	0	0	-0.02117549	-0.08470198	-0.6776158	-2.964569	-3.642185	-4.319801	-4.362152	-4.404503	-4.595082	-5.230347	-4.849188	-5.209172	-5.103294	-5.187996	-4.764486
648	0	0	0	-0.02117549	-0.08470198	-0.6776158	-2.964569	-3.62101	-4.319801	-4.340976	-4.404503	-4.595082	-5.230347	-4.849188	-5.209172	-5.060943	-5.187996	-4.764486
648.1	0	0	0	-0.02117549	-0.08470198	-0.6776158	-2.964569	-3.62101	-4.298625	-4.340976	-4.383327	-4.595082	-5.209172	-4.849188	-5.187996	-5.018592	-5.187996	-4.722135
648.2	0	0	0	-0.02117549	-0.08470198	-0.6776158	-2.964569	-3.62101	-4.27745	-4.340976	-4.362152	-4.573907	-5.166821	-4.849188	-5.145645	-4.976241	-5.187996	-4.722135
648.3	0	0	0	-0.02117549	-0.08470198	-0.6776158	-2.964569	-3.599834	-4.27745	-4.340976	-4.340976	-4.531556	-5.103294	-4.828013	-5.103294	-4.976241	-5.187996	-4.70096
648.4	0	0	0	-0.02117549	-0.08470198	-0.6776158	-2.964569	-3.599834	-4.27745	-4.27745	-4.340976	-4.531556	-5.060943	-4.828013	-5.082119	-4.976241	-5.187996	-4.679784
648.5	0	0	0	-0.02117549	-0.08470198	-0.6776158	-2.943394	-3.599834	-4.27745	-4.256274	-4.340976	-4.531556	-5.018592	-4.764486	-5.060943	-4.976241	-5.187996	-4.679784
648.6	0	0	0	-0.02117549	-0.08470198	-0.6776158	-2.943394	-3.578659	-4.256274	-4.235099	-4.340976	-4.531556	-4.997416	-4.764486	-5.060943	-4.955066	-5.187996	-4.679784
648.7	0	0	0	-0.02117549	-0.08470198	-0.6776158	-2.901043	-3.578659	-4.213923	-4.213923	-4.340976	-4.51038	-4.997416	-4.764486	-5.060943	-4.93389	-5.187996	-4.658609
648.8	0	0	0	-0.02117549	-0.08470198	-0.6776158	-2.901043	-3.557483	-4.192748	-4.192748	-4.319801	-4.51038	-4.976241	-4.743311	-5.039768	-4.912715	-5.187996	-4.637434
648.9	0	0	0	-0.02117549	-0.08470198	-0.6776158	-2.901043	-3.536308	-4.192748	-4.192748	-4.319801	-4.489205	-4.976241	-4.743311	-5.039768	-4.891539	-5.187996	-4.637434
649	0	0	0	-0.02117549	-0.08470198	-0.6776158	-2.879867	-3.536308	-4.171572	-4.171572	-4.298625	-4.468029	-4.93389	-4.743311	-5.018592	-4.870364	-5.187996	-4.616258
649.1	0	0	0	-0.02117549	-0.08470198	-0.6776158	-2.879867	-3.536308	-4.171572	-4.171572	-4.27745	-4.404503	-4.912715	-4.722135	-4.997416	-4.828013	-5.166821	-4.616258
649.2	0	0	0	-0.02117549	-0.08470198	-0.6776158	-2.858692	-3.515132	-4.150397	-4.171572	-4.27745	-4.383327	-4.891539	-4.722135	-4.976241	-4.806837	-5.145645	-4.616258
649.3	0	0	0	-0.02117549	-0.08470198	-0.6776158	-2.858692	-3.515132	-4.129221	-4.171572	-4.27745	-4.383327	-4.849188	-4.679784	-4.955066	-4.806837	-5.12447	-4.616258
649.4	0	0	0	-0.02117549	-0.08470198	-0.6776158	-2.858692	-3.515132	-4.129221	-4.171572	-4.256274	-4.362152	-4.849188	-4.679784	-4.955066	-4.785662	-5.12447	-4.595082
649.5	0	0	0	-0.02117549	-0.08470198	-0.6776158	-2.837516	-3.493957	-4.108046	-4.171572	-4.256274	-4.362152	-4.828013	-4.637434	-4.955066	-4.764486	-5.103294	-4.552732
649.6	0	0	0	-0.02117549	-0.08470198	-0.6776158	-2.816341	-3.451606	-4.065695	-4.129221	-4.256274	-4.362152	-4.828013	-4.616258	-4.955066	-4.764486	-5.103294	-4.552732
649.7	0	0	0	-0.02117549	-0.08470198	-0.6776158	-2.795165	-3.451606	-4.065695	-4.108046	-4.256274	-4.362152	-4.806837	-4.595082	-4.955066	-4.743311	-5.103294	-4.552732
649.8	0	0	0	-0.02117549	-0.08470198	-0.6776158	-2.795165	-3.43043	-4.044519	-4.108046	-4.235099	-4.362152	-4.806837	-4.552732	-4.891539	-4.722135	-5.060943	-4.552732
649.9	0	0	0	-0.02117549	-0.08470198	-0.6776158	-2.795165	-3.409255	-4.002169	-4.108046	-4.213923	-4.362152	-4.785662	-4.552732	-4.870364	-4.679784	-5.060943	-4.552732
650	0	0	0	-0.02117549	-0.08470198	-0.6776158	-2.795165	-3.409255	-4.002169	-4.086871	-4.213923	-4.362152	-4.743311	-4.531556	-4.849188	-4.637434	-5.060943	-4.531556
