Time (ms)	Sweep 1	Sweep 2	Sweep 3	Sweep 4	Sweep 5	Sweep 6	Sweep 7	Sweep 8	Sweep 9	Sweep 10	Sweep 11	Sweep 12	Sweep 13	Sweep 14	Sweep 15	Sweep 16	Sweep 17	Sweep 18	Sweep 19	Sweep 20
0	0	0	0	0	0	0	0	0	0	0	0	0	0	0	0	0	0	0	0	0
0.65	0	0	0	0	0	0	0	0	0	0	0	0	0	0	0	0	0	0	0	0
1.3	0	0	0	0	0	0	0	0	0	0	0	0	0	0	0	0	0	0	0	0
1.95	0	0	0	0	0	0	0	0	0	0	0	0	0	0	0	0	0	0	0	0
2.6	0	0	0	0	0	0	0	0	0	0	0	0	0	0	0	0	0	0	0	0
3.25	0	0	0	0	0	0	0	0	0	0	0	0	0	0	0	0	0	0	0	0
3.9	0	0	0	0	0	0	0	0	0	0	0	0	0	0	0	0	0	0	0	0
4.55	0	0	0	0	0	0	0	0	0	0	0	0	0	0	0	0	0	0	0	0
5.2	0	0	0	0	0	0	0	0	0	0	0	0	0	0	0	0	0	0	0	0
5.85	0	0	0	0	0	0	0	0	0	0	0	0	0	0	0	0	0	0	0	0
6.5	0	0	0	0	0	0	0	0	0	0	0	0	0	0	0	0	0	0	0	0
7.15	0	0	0	0	0	0	0	0	0	0	0	0	0	0	0	0	0	0	0	0
7.8	0	0	0	0	0	0	0	0	0	0	0	0	0	0	0	0	0	0	0	0
8.45	0	0	0	0	0	0	0	0	0	0	0	0	0	0	0	0	0	0	0	0
9.1	0	0	0	0	0	0	0	0	0	0	0	0	0	0	0	0	0	0	0	0
9.75	0	0	0	0	0	0	0	0	0	0	0	0	0	0	0	0	0	0	0	0
10.4	0	0	0	0	0	0	0	0	0	0	0	0	0	0	0	0	0	0	0	0
11.05	0	0	0	0	0	0	0	0	0	0	0	0	0	0	0	0	0	0	0	0
11.7	0	0	0	0	0	0	0	0	0	0	0	0	0	0	0	0	0	0	0	0
12.35	0	0	0	0	0	0	0	0	0	0	0	0	0	0	0	0	0	0	0	0
13	0	0	0	0	0	0	0	0	0	0	0	0	0	0	0	0	0	0	0	0
13.65	0	0	0	0	0	0	0	0	0	0	0	0	0	0	0	0	0	0	0	0
14.3	0	0	0	0	0	0	0	0	0	0	0	0	0	0	0	0	0	0	0	0
14.95	0	0	0	0	0	0	0	0	0	0	0	0	0	0	0	0	0	0	0	0
15.6	0	0	0	0	0	0	0	0	0	0	0	0	0	0	0	0	0	0	0	0
16.25	0	0	0	0	0	0	0	0	0	0	0	0	0	0	0	0	0	0	0	0
16.9	0	0	0	0	0	0	0	0	0	0	0	0	0	0	0	0	0	0	0	0
17.55	0	0	0	0	0	0	0	0	0	0	0	0	0	0	0	0	0	0	0	0
18.2	0	0	0	0	0	0	0	0	0	0	0	0	0	0	0	0	0	0	0	0
18.85	0	0	0	0	0	0	0	0	0	0	0	0	0	0	0	0	0	0	0	0
19.5	0	0	0	0	0	0	0	0	0	0	0	0	0	0	0	0	0	0	0	0
20.15	0	0	0	0	0	0	0	0	0	0	0	0	0	0	0	0	0	0	0	0
20.8	0	0	0	0	0	0	0	0	0	0	0	0	0	0	0	0	0	0	0	0
21.45	0	0	0	0	0	0	0	0	0	0	0	0	0	0	0	0	0	0	0	0
22.1	0	0	0	0	0	0	0	0	0	0	0	0	0	0	0	0	0	0	0	0
22.75	0	0	0	0	0	0	0	0	0	0	0	0	0	0	0	0	0	0	0	0
23.4	0	0	0	0	0	0	0	0	0	0	0	0	0	0	0	0	0	0	0	0
24.05	0	0	0	0	0	0	0	0	0	0	0	0	0	0	0	0	0	0	0	0
24.7	0	0	0	0	0	0	0	0	0	0	0	0	0	0	0	0	0	0	0	0
25.35	0	0	0	0	0	0	0	0	0	0	0	0	0	0	0	0	0	0	0	0
26	0	0	0	0	0	0	0	0	0	0	0	0	0	0	0	0	0	0	0	0
26.65	0	0	0	0	0	0	0	0	0	0	0	0	0	0	0	0	0	0	0	0
27.3	0	0	0	0	0	0	0	0	0	0	0	0	0	0	0	0	0	0	0	0
27.95	0	0	0	0	0	0	0	0	0	0	0	0	0	0	0	0	0	0	0	0
28.6	0	0	0	0	0	0	0	0	0	0	0	0	0	0	0	0	0	0	0	0
29.25	0	0	0	0	0	0	0	0	0	0	0	0	0	0	0	0	0	0	0	0
29.9	0	0	0	0	0	0	0	0	0	0	0	0	0	0	0	0	0	0	0	0
30.55	0	0	0	0	0	0	0	0	0	0	0	0	0	0	0	0	0	0	0	0
31.2	0	0	0	0	0	0	0	0	0	0	0	0	0	0	0	0	0	0	0	0
31.85	0	0	0	0	0	0	0	0	0	0	0	0	0	0	0	0	0	0	0	0
32.5	0	0	0	0	0	0	0	0	0	0	0	0	0	0	0	0	0	0	0	0
33.15	0	0	0	0	0	0	0	0	0	0	0	0	0	0	0	0	0	0	0	0
33.8	0	0	0	0	0	0	0	0	0	0	0	0	0	0	0	0	0	0	0	0
34.45	0	0	0	0	0	0	0	0	0	0	0	0	0	0	0	0	0	0	0	0
35.1	0	0	0	0	0	0	0	0	0	0	0	0	0	0	0	0	0	0	0	0
35.75	0	0	0	0	0	0	0	0	0	0	0	0	0	0	0	0	0	0	0	0
36.4	0	0	0	0	0	0	0	0	0	0	0	0	0	0	0	0	0	0	0	0
37.05	0	0	0	0	0	0	0	0	0	0	0	0	0	0	0	0	0	0	0	0
37.7	0	0	0	0	0	0	0	0	0	0	0	0	0	0	0	0	0	0	0	0
38.35	0	0	0	0	0	0	0	0	0	0	0	0	0	0	0	0	0	0	0	0
39	0	0	0	0	0	0	0	0	0	0	0	0	0	0	0	0	0	0	0	0
39.65	0	0	0	0	0	0	0	0	0	0	0	0	0	0	0	0	0	0	0	0
40.3	0	0	0	0	0	0	0	0	0	0	0	0	0	0	0	0	0	0	0	0
40.95	0	0	0	0	0	0	0	0	0	0	0	0	0	0	0	0	0	0	0	0
41.6	0	0	0	0	0	0	0	0	0	0	0	0	0	0	0	0	0	0	0	0
42.25	0	0	0	0	0	0	0	0	0	0	0	0	0	0	0	0	0	0	0	0
42.9	0	0	0	0	0	0	0	0	0	0	0	0	0	0	0	0	0	0	0	0
43.55	0	0	0	0	0	0	0	0	0	0	0	0	0	0	0	0	0	0	0	0
44.2	0	0	0	0	0	0	0	0	0	0	0	0	0	0	0	0	0	0	0	0
44.85	0	0	0	0	0	0	0	0	0	0	0	0	0	0	0	0	0	0	0	0
45.5	0	0	0	0	0	0	0	0	0	0	0	0	0	0	0	0	0	0	0	0
46.15	0	0	0	0	0	0	0	0	0	0	0	0	0	0	0	0	0	0	0	0
46.8	0	0	0	0	0	0	0	0	0	0	0	0	0	0	0	0	0	0	0	0
47.45	0	0	0	0	0	0	0	0	0	0	0	0	0	0	0	0	0	0	0	0
48.1	0	0	0	0	0	0	0	0	0	0	0	0	0	0	0	0	0	0	0	0
48.75	0	0	0	0	0	0	0	0	0	0	0	0	0	0	0	0	0	0	0	0
49.4	0	0	0	0	0	0	0	0	0	0	0	0	0	0	0	0	0	0	0	0
50.05	0	0	0	0	0	0	0	0	0	0	0	0	0	0	0	0	0	0	0	0
50.7	0	0	0	0	0	0	0	0	0	0	0	0	0	0	0	0	0	0	0	0
51.35	0	0	0	0	0	0	0	0	0	0	0	0	0	0	0	0	0	0	0	0
52	0	0	0	0	0	0	0	0	0	0	0	0	0	0	0	0	0	0	0	0
52.65	0	0	0	0	0	0	0	0	0	0	0	0	0	0	0	0	0	0	0	0
53.3	0	0	0	0	0	0	0	0	0	0	0	0	0	0	0	0	0	0	0	0
53.95	0	0	0	0	0	0	0	0	0	0	0	0	0	0	0	0	0	0	0	0
54.6	0	0	0	0	0	0	0	0	0	0	0	0	0	0	0	0	0	0	0	0
55.25	0	0	0	0	0	0	0	0	0	0	0	0	0	0	0	0	0	0	0	0
55.9	0	0	0	0	0	0	0	0	0	0	0	0	0	0	0	0	0	0	0	0
56.55	0	0	0	0	0	0	0	0	0	0	0	0	0	0	0	0	0	0	0	0
57.2	0	0	0	0	0	0	0	0	0	0	0	0	0	0	0	0	0	0	0	0
57.85	0	0	0	0	0	0	0	0	0	0	0	0	0	0	0	0	0	0	0	0
58.5	0	0	0	0	0	0	0	0	0	0	0	0	0	0	0	0	0	0	0	0
59.15	0	0	0	0	0	0	0	0	0	0	0	0	0	0	0	0	0	0	0	0
59.8	0	0	0	0	0	0	0	0	0	0	0	0	0	0	0	0	0	0	0	0
60.45	0	0	0	0	0	0	0	0	0	0	0	0	0	0	0	0	0	0	0	0
61.1	0	0	0	0	0	0	0	0	0	0	0	0	0	0	0	0	0	0	0	0
61.75	0	0	0	0	0	0	0	0	0	0	0	0	0	0	0	0	0	0	0	0
62.4	0	0	0	0	0	0	0	0	0	0	0	0	0	0	0	0	0	0	0	0
63.05	0	0	0	0	0	0	0	0	0	0	0	0	0	0	0	0	0	0	0	0
63.7	0	0	0	0	0	0	0	0	0	0	0	0	0	0	0	0	0	0	0	0
64.35	0	0	0	0	0	0	0	0	0	0	0	0	0	0	0	0	0	0	0	0
65	0	0	0	0	0	0	0	0	0	0	0	0	0	0	0	0	0	0	0	0
65.65	0	0	0	0	0	0	0	0	0	0	0	0	0	0	0	0	0	0	0	0
66.3	0	0	0	0	0	0	0	0	0	0	0	0	0	0	0	0	0	0	0	0
66.95	0	0	0	0	0	0	0	0	0	0	0	0	0	0	0	0	0	0	0	0
67.6	0	0	0	0	0	0	0	0	0	0	0	0	0	0	0	0	0	0	0	0
68.25	0	0	0	0	0	0	0	0	0	0	0	0	0	0	0	0	0	0	0	0
68.9	0	0	0	0	0	0	0	0	0	0	0	0	0	0	0	0	0	0	0	0
69.55	0	0	0	0	0	0	0	0	0	0	0	0	0	0	0	0	0	0	0	0
70.2	0	0	0	0	0	0	0	0	0	0	0	0	0	0	0	0	0	0	0	0
70.85	0	0	0	0	0	0	0	0	0	0	0	0	0	0	0	0	0	0	0	0
71.5	0	0	0	0	0	0	0	0	0	0	0	0	0	0	0	0	0	0	0	0
72.15	0	0	0	0	0	0	0	0	0	0	0	0	0	0	0	0	0	0	0	0
72.8	0	0	0	0	0	0	0	0	0	0	0	0	0	0	0	0	0	0	0	0
73.45	0	0	0	0	0	0	0	0	0	0	0	0	0	0	0	0	0	0	0	0
74.1	0	0	0	0	0	0	0	0	0	0	0	0	0	0	0	0	0	0	0	0
74.75	0	0	0	0	0	0	0	0	0	0	0	0	0	0	0	0	0	0	0	0
75.4	0	0	0	0	0	0	0	0	0	0	0	0	0	0	0	0	0	0	0	0
76.05	0	0	0	0	0	0	0	0	0	0	0	0	0	0	0	0	0	0	0	0
76.7	0	0	0	0	0	0	0	0	0	0	0	0	0	0	0	0	0	0	0	0
77.35	0	0	0	0	0	0	0	0	0	0	0	0	0	0	0	0	0	0	0	0
78	0	0	0	0	0	0	0	0	0	0	0	0	0	0	0	0	0	0	0	0
78.65	0	0	0	0	0	0	0	0	0	0	0	0	0	0	0	0	0	0	0	0
79.3	0	0	0	0	0	0	0	0	0	0	0	0	0	0	0	0	0	0	0	0
79.95	0	0	0	0	0	0	0	0	0	0	0	0	0	0	0	0	0	0	0	0
80.6	0	0	0	0	0	0	0	0	0	0	0	0	0	0	0	0	0	0	0	0
81.25	0	0	0	0	0	0	0	0	0	0	0	0	0	0	0	0	0	0	0	0
81.9	0	0	0	0	0	0	0	0	0	0	0	0	0	0	0	0	0	0	0	0
82.55	0	0	0	0	0	0	0	0	0	0	0	0	0	0	0	0	0	0	0	0
83.2	0	0	0	0	0	0	0	0	0	0	0	0	0	0	0	0	0	0	0	0
83.85	0	0	0	0	0	0	0	0	0	0	0	0	0	0	0	0	0	0	0	0
84.5	0	0	0	0	0	0	0	0	0	0	0	0	0	0	0	0	0	0	0	0
85.15	0	0	0	0	0	0	0	0	0	0	0	0	0	0	0	0	0	0	0	0
85.8	0	0	0	0	0	0	0	0	0	0	0	0	0	0	0	0	0	0	0	0
86.45	0	0	0	0	0	0	0	0	0	0	0	0	0	0	0	0	0	0	0	0
87.1	0	0	0	0	0	0	0	0	0	0	0	0	0	0	0	0	0	0	0	0
87.75	0	0	0	0	0	0	0	0	0	0	0	0	0	0	0	0	0	0	0	0
88.4	0	0	0	0	0	0	0	0	0	0	0	0	0	0	0	0	0	0	0	0
89.05	0	0	0	0	0	0	0	0	0	0	0	0	0	0	0	0	0	0	0	0
89.7	0	0	0	0	0	0	0	0	0	0	0	0	0	0	0	0	0	0	0	0
90.35	0	0	0	0	0	0	0	0	0	0	0	0	0	0	0	0	0	0	0	0
91	0	0	0	0	0	0	0	0	0	0	0	0	0	0	0	0	0	0	0	0
91.65	0	0	0	0	0	0	0	0	0	0	0	0	0	0	0	0	0	0	0	0
92.3	0	0	0	0	0	0	0	0	0	0	0	0	0	0	0	0	0	0	0	0
92.95	0	0	0	0	0	0	0	0	0	0	0	0	0	0	0	0	0	0	0	0
93.6	0	0	0	0	0	0	0	0	0	0	0	0	0	0	0	0	0	0	0	0
94.25	0	0	0	0	0	0	0	0	0	0	0	0	0	0	0	0	0	0	0	0
94.9	0	0	0	0	0	0	0	0	0	0	0	0	0	0	0	0	0	0	0	0
95.55	0	0	0	0	0	0	0	0	0	0	0	0	0	0	0	0	0	0	0	0
96.2	0	0	0	0	0	0	0	0	0	0	0	0	0	0	0	0	0	0	0	0
96.85	0	0	0	0	0	0	0	0	0	0	0	0	0	0	0	0	0	0	0	0
97.5	0	0	0	0	0	0	0	0	0	0	0	0	0	0	0	0	0	0	0	0
98.15	0	0	0	0	0	0	0	0	0	0	0	0	0	0	0	0	0	0	0	0
98.8	0	0	0	0	0	0	0	0	0	0	0	0	0	0	0	0	0	0	0	0
99.45	0	0	0	0	0	0	0	0	0	0	0	0	0	0	0	0	0	0	0	0
100.1	0	0	0	0	0	0	0	0	0	0	0	0	0	0	0	0	0	0	0	0
100.75	0	0	0	0	0	0	0	0	0	0	0	0	0	0	0	0	0.5364735	2.265894	9.344751	27.56483
101.4	0	0	0	0	0	0	0	0	0	0	0.1188245	0	0	0.1488245	0.952947	2.194719	9.120049	29.45662	94.83929	236.5982
102.05	0	0	0	0	0	0	0	0	0	0	0.1188245	0	0.1388245	0.4464735	2.541192	12.15536	38.98374	101.3988	269.4072	551.2967
102.7	0	0	0	0	0	0	0	0	0	0	0	0.257649	0.4164735	2.232368	8.417699	31.23253	91.2005	224.3235	496.6636	872.4688
103.35	0	0	0	0	0	0	0	0	0	0	0	0.257649	1.804719	4.911209	22.87073	62.97154	166.8433	364.8089	726.7036	1102.176
104	0	0	0	0	0	0	0	0	0	0	0.1188245	0.515298	2.637666	10.56654	37.00611	105.3465	257.6861	524.3657	900.0786	1248.353
104.65	0	0	0	0	0	0	0	0	0	0.3264735	0.237649	1.15942	3.331788	18.00776	55.90623	153.7991	359.0796	666.9282	1046.413	1322.903
105.3	0	0	0	0	0	0	0	0	0	0.3264735	0.475298	1.674719	7.08005	29.61608	81.0005	217.2771	460.1154	794.7623	1144.036	1374.901
105.95	0	0	0	0	0	0	0	0	0	0.3264735	0.712947	2.705315	11.52243	41.07557	113.7183	276.1969	550.243	882.5657	1213.426	1388.265
106.6	0	0	0	0	0	0	0	0	0	0.435298	0.5941225	5.15298	17.21424	57.14861	146.2774	338.4931	641.2646	958.8508	1251.998	1404.554
107.25	0	0	0	0	0	0	0	0	0.09882451	0.3264735	1.188245	6.441225	22.48957	76.04932	188.6835	394.8805	720.8416	1025.695	1267.904	1436.504
107.9	0	0	0	0	0	0	0	0	0	0.435298	2.257666	9.14654	28.59785	95.39651	228.2308	463.5921	778.7807	1071.768	1303.692	1425.854
108.55	0	0	0	0	0	0	0	0	0	0.8705961	2.732964	10.43478	37.34379	114.2972	273.0193	522.1742	826.8845	1093.105	1314.429	1427.942
109.2	0	0	0	0	0	0	0	0	0.09882451	0.7617716	3.089437	15.07247	41.64735	140.0439	308.596	566.9127	886.0754	1129.737	1316.019	1415.83
109.85	0	0	0	0	0	0	0	0	0.09882451	0.9794205	4.634156	17.00484	52.05919	167.5764	351.6375	616.0406	936.5039	1166.558	1320.99	1417.71
110.5	0	0	0	0	0	0	0	0	0.395298	1.305894	5.703576	21.77134	65.52517	192.2813	396.5848	678.8433	969.4077	1167.88	1321.388	1399.542
111.15	0	0	0	0	0	0	0	0	0.2964735	1.850017	7.723593	26.66667	74.27111	218.4744	435.1791	717.5042	983.1771	1175.055	1317.014	1425.854
111.8	0	0	0	0	0	0	0	0	0.197649	2.502964	8.674189	31.04671	89.54181	245.4116	469.9617	761.5673	1026.274	1190.538	1312.242	1410.192
112.45	0	0	0	0	0	0	0	0	0.197649	2.829437	9.624784	36.71498	104.396	269.67	507.9208	793.9816	1048.984	1194.126	1319.399	1409.774
113.1	0	0	0	0	0	0	0	0	0.2964735	3.155911	11.76363	39.80677	116.6126	293.0355	543.021	817.6171	1047.196	1207.155	1321.984	1411.445
113.75	0	0	0	0	0	0	0	0	0.4941225	3.264735	14.85306	44.7021	136.7421	319.8239	568.1152	840.9149	1059.535	1199.224	1321.785	1405.598
114.4	0	0	0	0	0	0	0	0	0.6917716	3.808858	15.80366	52.0451	149.6528	344.0822	605.9155	867.2515	1066.152	1206.966	1308.066	1421.677
115.05	0	0	0	0	0	0	0	0	0.7905961	4.897103	18.53662	60.67634	160.8976	368.4895	630.851	888.861	1071.695	1204.134	1304.289	1413.951
115.7	0	0	0	0	0	0	0	0	0.8894206	5.985348	18.53662	66.73109	173.6694	390.8131	663.2512	907.7693	1083.498	1191.483	1307.669	1412.071
116.35	0	0	0	0	0	0	0	0.0888245	0.8894206	6.638295	21.38841	75.74881	192.1331	425.0428	693.5866	914.0159	1091.724	1194.504	1317.809	1390.354
117	0	0	0	0	0	0	0	0.2664735	1.383543	7.073593	22.22018	80.25767	206.1544	445.5806	705.9749	916.2106	1102.453	1206.589	1314.826	1402.465
117.65	0	0	0	0	0	0	0	0.2664735	1.482368	7.400066	25.78492	86.44125	216.8439	468.4995	719.475	925.8336	1096.373	1210.743	1323.376	1409.983
118.3	0	0	0	0	0	0	0.07882451	0.355298	1.778841	7.944189	29.112	95.07249	235.5852	482.489	737.581	948.1184	1099.95	1202.434	1312.441	1407.06
118.95	0	0	0	0	0	0	0.07882451	0.2664735	1.778841	8.270662	35.64735	99.06605	252.2441	502.878	752.0341	948.6249	1101.559	1200.735	1305.681	1411.445
119.6	0	0	0	0	0	0	0.07882451	0.0888245	1.877666	10.44715	38.14267	111.1755	270.0137	517.314	776.493	951.8326	1098.161	1198.847	1321.984	1410.818
120.25	0	0	0	0	0	0	0.07882451	0.0888245	2.075315	12.51482	40.75681	119.2915	290.0044	532.4941	786.6578	949.8066	1104.063	1198.091	1315.025	1403.092
120.9	0	0	0	0	0	0	0.07882451	0	2.470613	12.51482	46.10391	126.3768	296.668	540.3818	793.6461	969.728	1099.95	1201.679	1322.581	1409.774
121.55	0	0	0	0	0	0	0	0	2.075315	13.49424	49.31217	130.8857	313.4657	570.2955	803.8109	958.079	1100.844	1194.126	1325.364	1403.092
122.2	0	0	0	0	0	0	0	0.177649	2.272964	14.14719	51.45101	138.8728	324.4329	579.3738	813.3403	970.5721	1102.632	1185.629	1302.698	1397.662
122.85	0	0	0	0	0	0	0	0.177649	2.668262	14.69131	55.84752	152.1417	333.4565	597.0839	830.1757	978.338	1092.797	1203.756	1284.605	1407.477
123.5	0	0	0	0	0	0	0	0.0888245	2.767086	15.67073	61.55109	167.4719	345.3954	614.1987	837.4816	981.3768	1092.081	1188.839	1309.657	1390.562
124.15	0	0	0	0	0	0	0	0	2.964735	16.4325	61.43227	172.2384	359.4167	625.0629	847.3287	975.468	1086.538	1199.224	1310.85	1392.859
124.8	0	0	0	0	0	0	0	0.2664735	3.458858	16.65015	66.06642	180.7408	379.4074	640.3918	854.6346	972.4291	1093.87	1189.594	1320.394	1407.686
125.45	0	0	0	0	0	0	0	0.2664735	3.755331	16.75897	71.77	191.9485	396.7604	636.8201	861.1465	990.6622	1096.373	1193.749	1314.429	1399.124
126.1	0	0	0	0	0	0	0	0.0888245	3.755331	17.84722	74.62179	197.2303	403.1464	638.0107	858.2876	985.5975	1099.771	1188.65	1311.446	1397.245
126.75	0	0	0	0	0	0	0	0.177649	3.458858	19.15311	82.58303	200.4509	411.4758	653.3396	863.2112	981.0392	1088.326	1200.924	1295.342	1391.189
127.4	0	0	0	0	0	0	0	0.2664735	3.360033	21.87373	83.17715	214.8793	428.4124	666.8826	862.5759	984.5845	1103.168	1199.602	1287.786	1400.795
128.05	0	0	0	0	0	0	0	0.4441225	4.150629	23.0708	87.93014	220.0323	438.6854	687.5692	867.0229	995.2205	1106.03	1188.65	1294.944	1393.486
128.7	0	0	0	0	0	0	0	0.4441225	4.447103	25.90023	92.92076	230.3382	439.3795	687.718	887.6702	997.0775	1093.87	1183.363	1297.529	1394.948
129.35	0	0	0	0	0	0	0	0.4441225	4.545927	24.48551	96.60432	239.4848	453.4008	692.7781	894.4996	988.2986	1091.724	1189.217	1295.938	1385.551
130	0	0	0	0	0	0	0	0.532947	3.755331	28.4032	102.7832	242.963	461.4527	704.3864	881.9525	994.3763	1092.081	1184.496	1292.757	1394.112
130.65	0	0	0	0	0	0	0	0.2664735	4.249454	30.36204	103.7338	256.1031	471.8645	710.4882	888.3055	992.6881	1092.975	1190.538	1295.938	1388.057
131.3	0	0	0	0	0	0	0	0.6217715	5.632997	31.12381	104.5656	270.6603	483.6646	727.7518	899.582	974.6238	1093.333	1189.406	1274.465	1401.004
131.95	0	0	0	0	0	0	0	0.4441225	5.830646	33.08265	108.6056	274.2674	494.4929	727.3054	898.9467	977.3251	1087.253	1184.685	1291.365	1398.289
132.6	0	0	0	0	0	0	0	0.532947	5.632997	33.95325	113.0021	283.4139	504.2106	729.3889	888.1466	975.1304	1086.538	1189.783	1297.728	1388.892
133.25	0	0	0	0	0	0	0	0.4441225	5.830646	33.51795	120.9633	287.7939	508.3753	727.603	891.3231	970.4033	1091.545	1171.656	1286.991	1391.398
133.9	0	0	0	0	0	0	0	0.6217715	5.830646	36.34739	124.6469	289.7263	528.9214	732.9607	893.229	963.3126	1101.022	1182.985	1284.804	1377.406
134.55	0	0	0	0	0	0	0	0.888245	4.941225	38.30622	123.8151	303.897	533.7802	736.5325	910.0644	967.1956	1093.512	1197.525	1292.359	1382.209
135.2	0	0	0	0	0	0	0	0.888245	5.435348	39.39447	128.9246	313.8165	536.6956	747.2479	900.0585	969.8968	1081.173	1183.741	1290.769	1389.936
135.85	0	0	0	0	0	0	0	0.7994205	6.522418	42.55038	133.6776	320.6442	545.9968	743.2296	900.8526	979.351	1086.359	1194.126	1300.909	1385.551
136.5	0	0	0	0	0	0	0	0.9770696	6.028295	42.00626	136.8858	327.7296	555.1592	748.8849	892.2761	983.2339	1087.074	1174.111	1290.172	1378.659
137.15	0	0	0	0	0	0	0	0.9770696	6.423593	41.89743	141.1635	338.0355	553.3545	744.8666	889.4172	984.2469	1095.3	1180.908	1292.956	1375.945
137.8	0	0	0	0	0	0	0	0.7994205	6.12712	42.87685	145.3224	338.422	557.658	747.099	897.1996	983.9092	1085.107	1185.44	1284.406	1377.198
138.45	0	0	0	0	0	0	0	0.888245	6.028295	43.09451	151.2636	344.6056	568.2087	754.0938	894.9761	982.7274	1067.94	1179.587	1288.383	1378.659
139.1	0	0	0	0	0	0	0	0.6217715	6.621242	45.16217	155.6601	358.261	567.7922	759.005	888.9407	990.3245	1077.06	1174.488	1291.962	1381.165
139.75	0	0	0	0	0	0	0	0.6217715	7.115365	44.8357	155.4225	353.3656	570.2911	765.1068	888.3055	986.7792	1083.677	1181.664	1276.255	1377.824
140.4	0	0	0	0	0	0	0.07882451	0.6217715	6.917716	47.88278	162.4331	362.641	584.59	753.2008	899.7408	977.4939	1076.345	1174.677	1277.447	1375.945
141.05	0	0	0	0	0	0	0	0.4441225	7.01654	48.75338	166.3543	361.0951	585.2841	754.6891	897.6761	977.6627	1076.345	1165.991	1272.477	1373.23
141.7	0	0	0	0	0	0	0	0.7994205	7.609487	51.69164	163.859	371.4011	592.3641	767.1903	896.7231	976.6498	1084.928	1158.816	1276.851	1376.989
142.35	0	0	0	0	0	0	0	0.710596	7.905961	50.92987	171.8202	379.517	592.3641	779.5428	894.1819	977.6627	1083.14	1172.034	1283.015	1366.756
143	0	0	0	0	0	0	0	0.9770696	8.103609	54.84755	178.1179	382.9953	605.136	777.0128	877.9819	975.9745	1087.432	1167.88	1283.015	1367.592
143.65	0	0	0	0	0	0	0	1.065894	7.807136	55.71815	176.3356	390.9824	595.2795	776.1198	896.2467	966.1826	1084.749	1174.111	1282.219	1377.824
144.3	0	0	0	0	0	0	0	0.7994205	8.99303	56.91521	185.0098	390.3383	596.5289	779.2451	900.535	967.3644	1069.192	1167.313	1285.003	1371.142
144.95	0	0	0	0	0	0	0	0.6217715	8.99303	56.80639	192.4957	399.8713	597.7783	772.8456	912.288	967.1956	1077.954	1167.88	1285.202	1373.856
145.6	0	0	0	0	0	0	0.07882451	0.710596	8.99303	58.43876	192.971	400.9019	607.3572	780.8822	912.1292	966.0138	1078.669	1177.887	1283.412	1369.889
146.25	0	0	0	0	0	0	0	0.6217715	9.88245	61.2682	199.5063	407.2143	612.3549	784.7516	902.282	967.7021	1072.589	1167.502	1284.406	1375.527
146.9	0	0	0	0	0	0	0	0.888245	9.783626	63.55351	198.5558	416.1031	627.2091	778.7986	900.8526	973.6109	1074.378	1181.664	1279.833	1373.021
147.55	0	0	0	0	0	0	0	1.154719	10.0801	62.13879	202.3581	416.6184	631.5127	784.7516	890.8467	970.2344	1087.253	1171.467	1266.512	1359.03
148.2	0	0	0	0	0	0	0.07882451	1.154719	9.190679	63.77116	203.4276	416.8761	631.3738	778.501	876.7112	978.338	1070.443	1162.404	1274.266	1364.877
148.85	0	0	0	0	0	0	0.157649	1.065894	9.783626	60.8329	208.4182	427.4397	640.3975	781.7751	879.2524	967.5333	1061.86	1168.635	1280.629	1369.889
149.5	0	0	0	0	0	0	0.07882451	0.7994205	10.67305	59.74465	211.6264	431.5621	634.2892	781.4775	875.123	949.8066	1067.761	1160.138	1282.418	1364.042
150.15	0	0	0	0	0	0	0.07882451	0.532947	10.37657	61.81232	216.8547	427.0532	638.1763	785.0493	885.129	952.6767	1073.484	1163.348	1278.243	1364.459
150.8	0	0	0	0	0	0	0.07882451	0.4441225	11.56247	63.22704	215.6665	437.8745	626.7927	775.2269	890.529	964.832	1067.761	1167.691	1282.418	1355.48
151.45	0	0	0	0	0	0	0	0.6217715	11.56247	63.98881	219.4689	441.3528	636.6492	775.9709	885.9231	961.1179	1061.323	1177.51	1266.313	1364.877
152.1	0	0	0	0	0	0	0	0.710596	11.66129	66.60059	221.0136	448.5669	646.3669	781.3287	894.3408	963.1438	1073.305	1161.648	1257.764	1351.512
152.75	0	0	0	0	0	0	0	0.888245	11.06835	65.83883	223.8654	453.4622	645.1175	782.6681	909.9056	951.6638	1069.013	1164.481	1261.939	1355.48
153.4	0	0	0	0	0	0	0	0.355298	10.96952	68.34179	230.7572	459.517	642.6187	776.8639	904.3467	955.5467	1077.596	1165.236	1258.758	1367.383
154.05	0	0	0	0	0	0	0	0.4441225	11.56247	71.933	235.0349	451.0146	636.0939	784.3051	886.876	961.2867	1059.893	1175.055	1259.752	1364.25
154.7	0	0	0	0	0	0	0	0.4441225	12.74836	76.50362	230.4007	453.0758	640.2586	775.6733	880.9995	975.6368	1064.542	1160.515	1254.583	1356.942
155.35	0	0	0	0	0	0	0.07882451	0.532947	12.94601	73.78301	243.9467	457.4558	647.3387	781.1798	885.7643	964.4944	1071.695	1160.138	1260.547	1350.886
156	0	0	0	0	0	0	0.07882451	0.532947	14.03308	73.45654	241.3326	467.1176	642.341	788.7699	884.176	967.5333	1069.192	1151.641	1260.547	1361.327
156.65	0	0	0	0	0	0	0.07882451	0.6217715	14.1319	74.32714	240.5008	463.7682	647.061	779.5428	885.6055	950.8196	1075.451	1163.914	1249.413	1368.009
157.3	0	0	0	0	0	0	0	0.6217715	13.83543	76.28598	245.9667	473.9453	644.8398	776.5663	882.5878	956.7285	1070.622	1169.013	1257.167	1361.536
157.95	0	0	0	0	0	0	0	0.6217715	12.35306	74.65361	242.9961	473.9453	646.0892	774.0363	877.8231	965.0009	1070.265	1164.858	1263.132	1353.809
158.6	0	0	0	0	0	0	0	0.710596	12.94601	77.7007	248.8185	466.86	651.5034	768.5297	880.2054	969.2215	1069.192	1163.537	1257.764	1343.368
159.25	0	0	0	0	0	0	0	0.7994205	13.73661	80.63896	250.3632	470.2094	653.0305	773.441	868.1348	967.5333	1070.801	1144.276	1257.963	1335.641
159.9	0	0	0	0	0	0	0.07882451	0.888245	13.73661	79.44189	256.7798	472.2706	653.0305	765.8509	877.8231	964.1567	1059.535	1158.061	1262.138	1347.127
160.55	0	0	0	0	0	0	0.07882451	0.9770696	15.3178	80.20366	253.6903	485.7972	665.3859	779.0963	886.7172	952.8455	1051.488	1149.752	1255.577	1342.115
161.2	0	0	0	0	0	0	0.07882451	0.888245	15.12015	85.31841	257.0174	477.2948	667.0518	775.9709	884.8113	953.1832	1058.462	1140.311	1255.179	1355.48
161.85	0	0	0	0	0	0	0.07882451	1.421192	15.02133	83.4684	262.721	482.4478	656.6399	772.8456	886.876	948.4561	1070.622	1146.731	1265.518	1359.03
162.5	0	0	0	0	0	0	0.07882451	1.154719	15.12015	87.60373	261.8892	481.0307	673.16	770.4645	885.7643	947.7808	1065.079	1144.088	1264.126	1351.512
163.15	0	0	0	0	0	0	0.07882451	1.065894	15.12015	84.23016	263.4339	471.7553	663.5811	768.9762	888.6231	950.6508	1051.846	1149.564	1251.203	1334.389
163.8	0	0	0	0	0	0	0.07882451	1.598841	14.82368	90.54199	269.6128	481.546	663.3035	777.9057	890.6878	947.6119	1047.375	1133.514	1248.419	1322.277
164.45	0	0	0	0	0	0	0.07882451	1.154719	16.60252	86.40665	271.6328	485.6684	654.2799	774.7804	888.4643	946.599	1050.057	1150.697	1240.466	1343.577
165.1	0	0	0	0	0	0	0.157649	1.065894	16.00957	88.14785	279.4753	483.4784	668.5788	771.3574	868.9289	951.8326	1051.309	1150.885	1245.834	1336.477
165.75	0	0	0	0	0	0	0.157649	1.065894	16.89899	87.9302	279.7129	479.8713	665.1082	769.1251	877.1877	950.9885	1048.627	1152.774	1249.413	1335.224
166.4	0	0	0	0	0	0	0.157649	0.888245	16.30604	93.04495	278.4058	489.9196	657.7505	780.5845	878.776	942.2096	1047.554	1151.452	1246.828	1329.794
167.05	0	0	0	0	0	0	0.157649	1.154719	16.20722	92.28318	275.554	490.6925	654.974	769.4227	868.77	948.9625	1040.759	1147.109	1243.647	1326.662
167.7	0	0	0	0	0	0	0.157649	1.154719	16.80017	95.33027	273.0587	490.6925	652.0587	773.5898	868.9289	948.4561	1056.138	1152.018	1265.12	1336.895
168.35	0	0	0	0	0	0	0	1.243543	16.60252	92.60966	279.8317	496.8761	651.9199	770.9109	870.3583	939.0019	1067.225	1155.606	1259.553	1334.806
169	0	0	0	0	0	0	0	0.888245	15.81192	91.73906	277.574	493.5267	648.5881	773.1433	874.3289	945.9237	1055.78	1158.438	1255.974	1335.224
169.65	0	0	0	0	0	0	0.07882451	1.065894	16.60252	95.76556	280.0694	496.232	658.3058	768.0833	864.9583	939.5084	1049.342	1146.731	1246.431	1333.971
170.3	0	0	0	0	0	0	0.07882451	0.7994205	18.28253	95.22144	283.1588	499.0661	649.0046	756.6238	869.723	948.1184	1052.74	1146.92	1244.641	1319.144
170.95	0	0	0	0	0	0	0.157649	1.154719	17.49194	98.15971	282.4459	497.6491	655.2516	767.6368	872.5818	938.3266	1047.375	1143.521	1238.875	1337.521
171.6	0	0	0	0	0	0	0.07882451	1.154719	16.30604	101.6421	286.6047	498.8085	664.8306	765.4044	871.9465	932.4177	1042.726	1143.144	1249.811	1324.991
172.25	0	0	0	0	0	0	0.07882451	1.687666	17.19546	101.8597	290.8824	507.3109	663.4423	773.1433	872.423	947.9496	1040.58	1135.213	1251.401	1320.815
172.9	0	0	0	0	0	0	0.07882451	1.687666	17.09664	101.6421	293.853	504.2191	662.4705	766.7438	862.8936	945.4172	1051.13	1135.024	1251.203	1318.1
173.55	0	0	0	0	0	0	0.07882451	1.687666	15.21897	101.6421	299.9131	508.3415	659.5552	765.7021	877.1877	931.0671	1044.872	1136.157	1236.49	1325.618
174.2	0	0	0	0	0	0	0.07882451	1.510017	16.99781	105.9951	302.7648	507.955	652.4752	761.535	864.0053	946.2614	1044.514	1127.282	1234.104	1333.971
174.85	0	0	0	0	0	0	0	1.598841	17.98606	110.4569	297.893	511.8198	648.4493	762.4279	883.6995	952.5079	1038.97	1117.463	1247.425	1329.586
175.5	0	0	0	0	0	0	0.07882451	1.687666	17.59076	110.4569	294.5659	510.1451	653.5858	766.7438	867.6583	951.8326	1024.128	1139.178	1256.173	1330.839
176.15	0	0	0	0	0	0	0.157649	1.954139	17.88724	107.0833	301.9331	519.5493	647.7551	768.3809	869.0877	944.2355	1033.784	1127.471	1243.647	1343.995
176.8	0	0	0	0	0	0	0.07882451	1.865315	19.07313	107.1921	306.686	518.1321	649.8375	762.1303	870.1995	944.2355	1034.321	1135.213	1238.279	1315.177
177.45	0	0	0	0	0	0	0.07882451	1.598841	19.3696	109.8039	307.9931	511.0468	657.4728	759.7491	869.4053	948.2872	1049.342	1127.66	1240.068	1324.991
178.1	0	0	0	0	0	0	0.07882451	1.421192	20.75315	111.1098	306.0919	525.4752	659.1387	764.8091	872.8995	944.9108	1048.448	1128.982	1239.472	1322.486
178.75	0	0	0	0	0	0	0.07882451	1.332368	20.1602	111.7628	305.0225	526.6346	651.0869	758.7073	874.8054	938.3266	1047.196	1138.801	1235.694	1327.706
179.4	0	0	0	0	0	0	0.07882451	1.421192	19.3696	114.1569	310.9637	517.2304	645.9504	766.7438	865.5936	939.846	1041.116	1127.471	1234.302	1322.277
180.05	0	0	0	0	0	0	0.07882451	1.510017	17.88724	111.6539	305.6166	516.7151	647.7551	771.2086	854.4758	944.0667	1031.639	1138.612	1226.946	1312.253
180.7	0	0	0	0	0	0	0.07882451	2.042964	17.59076	111.7628	310.132	513.2368	650.1152	761.6838	858.4465	941.5342	1033.963	1129.926	1221.18	1314.759
181.35	0	0	0	0	0	0	0.07882451	1.865315	18.08488	110.2392	307.1613	518.5186	639.0092	757.0703	857.6523	929.8854	1030.387	1127.094	1232.115	1316.221
182	0	0	0	0	0	0	0.07882451	1.865315	16.70134	110.6745	311.0826	518.1321	647.1998	752.3079	859.2406	936.3007	1043.799	1130.492	1225.554	1307.45
182.65	0	0	0	0	0	0	0.07882451	1.687666	17.09664	111.4363	313.459	524.0581	657.0564	767.6368	859.717	929.8854	1036.824	1120.862	1229.73	1316.012
183.3	0	0	0	0	0	0	0.07882451	1.510017	17.49194	112.851	318.0932	520.451	653.0305	756.7726	858.4465	937.989	1034.679	1127.094	1232.314	1317.474
183.95	0	0	0	0	0	0	0	1.421192	17.19546	113.0687	322.252	530.3705	650.3928	749.3314	859.8759	942.8849	1038.434	1122.184	1224.958	1295.756
184.6	0	0	0	0	0	0	0	1.421192	15.61427	112.4157	315.8355	529.3399	656.5011	755.582	860.1935	938.8331	1028.777	1130.492	1212.432	1314.341
185.25	0	0	0	0	0	0	0	1.687666	15.7131	117.3128	310.6073	523.5428	650.1152	756.1773	857.6523	934.2748	1036.467	1125.016	1227.145	1326.871
185.9	0	0	0	0	0	0	0	1.598841	15.02133	116.3334	318.212	514.9116	654.1411	752.1591	857.4935	923.6389	1035.752	1128.982	1222.174	1320.188
186.55	0	0	0	0	0	0	0	1.77649	15.51545	114.5922	311.3202	509.1144	649.9763	750.3732	856.3817	923.1324	1036.646	1125.961	1232.712	1320.606
187.2	0	0	0	0	0	0	0	1.510017	17.39311	118.8364	318.212	516.1998	659.8329	759.4515	859.2406	925.8336	1043.799	1121.995	1220.584	1307.45
187.85	0	0	0	0	0	0	0	1.598841	17.29429	119.3805	318.3308	514.1386	658.9999	760.642	859.5582	927.8595	1040.58	1119.163	1224.361	1311
188.5	0	0	0	0	0	0	0	1.598841	16.99781	119.5981	323.7968	514.5251	655.1129	761.9814	861.3053	928.366	1032.712	1127.282	1213.625	1318.518
189.15	0	0	0	0	0	0	0	2.042964	16.40487	117.5305	323.0838	521.4816	649.2822	765.5533	859.717	934.9501	1031.817	1117.841	1212.034	1321.024
189.8	0	0	0	0	0	0	0	1.510017	16.20722	117.204	321.1826	517.1016	656.2234	760.642	858.9229	938.1578	1030.387	1111.988	1223.765	1318.518
190.45	0	0	0	0	0	0	0	1.598841	15.51545	122.2099	325.4603	526.2481	649.1434	753.4985	865.1171	933.9371	1036.109	1108.777	1202.093	1305.988
191.1	0	0	0	0	0	0	0.07882451	1.687666	16.10839	124.0599	323.2027	515.4268	649.6987	764.065	860.3524	927.6907	1022.161	1125.583	1213.028	1305.362
191.75	0	0	0	0	0	0	0.07882451	1.865315	17.09664	122.6452	330.0945	524.9598	657.6117	763.7673	864.6406	925.3271	1028.777	1119.163	1218.993	1306.406
192.4	0	0	0	0	0	0	0.07882451	1.77649	15.61427	123.2982	329.5004	523.1563	652.614	756.1773	840.3405	941.0278	1009.286	1111.232	1215.414	1298.471
193.05	0	0	0	0	0	0	0.07882451	1.421192	15.81192	123.2982	330.2133	527.5364	646.5057	757.6655	847.9641	934.7813	1015.008	1118.974	1217.402	1305.78
193.7	0	0	0	0	0	0	0.07882451	1.421192	17.98606	121.3393	324.6285	518.6475	654.0023	763.7673	852.4111	926.1713	1021.088	1113.12	1216.408	1303.9
194.35	0	0	0	0	0	0	0	1.598841	17.98606	120.7952	328.5497	519.678	658.7223	754.8379	854.317	933.093	1027.347	1114.631	1211.04	1303.691
195	0	0	0	0	0	0	0.07882451	2.042964	17.49194	120.7952	327.9556	520.0645	648.0328	763.1721	858.2876	927.5219	1024.128	1111.232	1206.268	1303.065
195.65	0	0	0	0	0	0	0.07882451	2.131788	17.09664	122.4276	331.4016	524.5734	655.9458	744.4202	855.7465	917.8989	1025.022	1111.799	1201.298	1311.209
196.3	0	0	0	0	0	0	0.07882451	1.687666	16.30604	127.76	331.4016	524.9598	652.3364	755.2844	850.5052	914.1847	1031.281	1109.533	1211.637	1303.691
196.95	0	0	0	0	0	0	0	1.598841	17.88724	126.9982	329.2627	519.1628	647.1998	747.9919	834.1463	921.7818	1016.617	1097.637	1208.058	1291.162
197.6	0	0	0	0	0	0	0	1.598841	17.59076	123.9511	329.0251	520.3222	647.061	746.3549	843.6758	916.717	1017.154	1112.932	1209.449	1290.535
198.25	0	0	0	0	0	0	0	1.598841	17.19546	125.0394	325.1039	516.7151	644.0069	743.9737	841.7699	910.8082	1010.537	1113.309	1221.18	1310.165
198.9	0	0	0	0	0	0	0	1.421192	17.59076	122.2099	329.5004	527.2787	644.2845	736.9789	847.1699	918.9118	1009.643	1123.883	1221.975	1300.35
199.55	0	0	0	0	0	0	0	1.065894	16.80017	124.6041	333.6592	527.2787	647.7551	737.5742	831.7639	912.1588	1009.107	1128.982	1209.847	1304.944
200.2	0	0	0	0	0	0	0	1.243543	17.19546	127.107	331.5204	516.3286	637.2045	738.1696	847.9641	915.3665	1019.836	1117.463	1206.865	1299.097
200.85	0	0	0	0	0	0	0	1.154719	15.81192	127.6511	329.2627	518.3898	637.8986	735.7883	841.2934	912.3276	1011.789	1121.051	1201.099	1284.062
201.5	0	0	0	0	0	0	0	1.154719	16.00957	126.9982	341.3828	522.5122	643.3127	746.3549	835.4169	919.4183	1008.391	1106.323	1212.829	1289.074
202.15	0	0	0	0	0	0	0	1.954139	16.60252	125.8011	337.3428	518.0034	636.788	750.2243	843.6758	915.0288	997.3043	1108.022	1217.402	1293.877
202.8	0	0	0	0	0	0	0	1.865315	17.68959	123.7335	326.5298	512.2062	640.2586	743.8249	849.3934	916.0417	1004.636	1105.001	1210.245	1299.724
203.45	0	0	0	0	0	0	0	2.131788	17.59076	123.2982	331.2827	516.9727	650.3928	742.039	839.5463	920.2624	1003.206	1104.435	1198.116	1291.788
204.1	0	0	0	0	0	0	0	1.598841	17.78841	123.9511	331.8768	519.5493	645.1175	746.5037	839.7051	902.367	1009.107	1101.98	1198.315	1297.635
204.75	0	0	0	0	0	0	0	1.510017	16.80017	125.8011	329.9756	520.451	646.0892	754.9867	837.7993	911.4835	1008.213	1108.589	1203.684	1291.371
205.4	0	0	0	0	0	0	0	1.687666	18.67783	129.5012	333.4216	523.5428	643.868	741.8901	832.0816	908.9511	1010.18	1110.477	1208.058	1294.712
206.05	0	0	0	0	0	0	0	1.77649	18.38136	126.3453	332.9463	530.2416	638.4539	744.4202	825.4109	906.0811	1027.526	1118.219	1199.906	1287.612
206.7	0	0	0	0	0	0	0	1.421192	18.87548	130.5894	335.6792	526.6346	632.6233	744.4202	832.8757	899.1593	1019.3	1094.238	1193.742	1284.479
207.35	0	0	0	0	0	0	0	1.77649	17.88724	129.61	329.1439	524.1869	634.428	743.3784	829.5404	904.2241	1013.935	1093.86	1199.111	1298.888
208	0	0	0	0	0	0	0	1.598841	18.18371	132.8747	334.0157	525.604	643.0351	743.2296	839.2287	902.367	1015.544	1086.119	1187.778	1280.721
208.65	0	0	0	0	0	0	0	1.77649	17.39311	137.1189	334.8474	525.9905	639.0092	736.9789	831.4463	900.1722	1006.424	1088.762	1192.152	1283.435
209.3	0	0	0	0	0	0	0	1.865315	19.27078	132.9836	339.3628	525.0887	638.3151	731.1748	839.5463	902.8735	1007.497	1100.658	1191.555	1292.206
209.95	0	0	0	0	0	0	0	1.598841	21.04962	134.5071	335.5604	524.4446	641.6469	730.8771	834.6228	898.3152	1005.173	1098.581	1192.549	1288.238
210.6	0	0	0	0	0	0	0	1.598841	21.04962	129.9365	332.1145	517.7457	641.2304	731.3236	840.4993	901.1852	1009.643	1106.512	1188.772	1282.391
211.25	0	0	0	0	0	0	0	1.243543	20.85197	133.2012	330.451	521.0952	636.2327	724.7753	831.4463	898.1464	1001.238	1079.321	1199.707	1283.435
211.9	0	0	0	0	0	0	0	1.598841	19.27078	132.6571	332.9463	515.0403	636.788	726.2636	833.6698	897.4711	1003.027	1095.937	1196.924	1283.853
212.55	0	0	0	0	0	0	0	1.332368	18.9743	128.957	340.3134	507.3109	641.0916	731.3236	836.5287	901.5229	1009.107	1083.664	1197.122	1279.259
213.2	0	0	0	0	0	0	0	1.243543	18.67783	130.3718	331.0451	517.6169	649.5599	739.509	840.817	907.7693	1005.888	1090.65	1183.006	1276.335
213.85	0	0	0	0	0	0	0	1.332368	18.87548	128.5217	332.5898	516.8439	633.3174	738.4672	840.3405	907.6005	1000.881	1088.951	1186.585	1279.885
214.5	0	0	0	0	0	0	0	1.065894	18.38136	127.2158	335.5604	518.7763	637.3433	740.1042	826.5227	913.3406	998.1984	1089.706	1191.754	1282.391
215.15	0	0	0	0	0	0	0	1.421192	21.14844	125.5835	338.6498	516.5862	634.9833	747.8431	834.6228	913.5094	1003.563	1093.672	1184.795	1283.644
215.8	0	0	0	0	0	0	0	1.421192	18.38136	129.0659	337.4616	521.3528	640.3975	748.7361	836.3699	910.1329	996.4102	1093.86	1193.941	1272.785
216.45	0	0	0	0	0	0	0	0.9770696	17.09664	130.2629	341.9769	522.1257	634.8445	741.8901	830.4933	907.7693	1002.311	1084.608	1190.959	1265.685
217.1	0	0	0	0	0	0	0	1.065894	18.18371	133.5277	333.0651	519.4204	625.5432	742.7831	834.3051	904.0552	994.6219	1092.35	1194.736	1277.588
217.75	0	0	0	0	0	0	0	1.065894	18.38136	129.9365	333.8969	518.0034	628.1809	748.8849	831.7639	907.2629	996.7678	1088.007	1193.742	1272.994
218.4	0	0	0	0	0	0	0	1.154719	17.39311	130.1541	331.5204	508.2127	633.1786	736.5325	836.5287	888.5234	998.7349	1084.419	1195.731	1270.279
219.05	0	0	0	0	0	0	0	1.332368	18.87548	130.6982	334.491	513.881	628.3197	733.2584	824.9345	885.3157	998.1984	1098.959	1190.561	1275.291
219.7	0	0	0	0	0	0	0	1.510017	19.46843	130.4806	337.8181	518.5186	625.1268	733.4072	829.6992	886.4975	998.9137	1080.831	1179.825	1275.918
220.35	0	0	0	0	0	0	0	1.421192	19.96255	134.5071	340.7887	521.868	629.7079	736.5325	822.8698	894.6011	997.3043	1074.789	1177.041	1273.621
221	0	0	0	0	0	0	0	1.421192	20.06137	129.61	341.6205	527.4075	633.1786	742.3366	816.1992	897.1334	992.2972	1068.369	1183.403	1262.971
221.65	0	0	0	0	0	0	0	1.154719	19.3696	130.9159	340.6699	526.7634	635.5386	738.9137	824.9345	893.5881	984.7866	1078.188	1178.632	1270.279
222.3	0	0	0	0	0	0	0	1.243543	19.46843	134.9424	334.7286	519.8069	627.2091	729.0912	837.4816	882.2769	998.556	1069.124	1190.561	1274.665
222.95	0	0	0	0	0	0	0	1.598841	19.56725	128.0864	331.6392	518.9051	626.9315	734.3001	824.458	887.1728	991.7607	1080.643	1196.327	1287.194
223.6	0	0	0	0	0	0	0	1.421192	19.7649	130.1541	340.4322	518.9051	631.7903	733.4072	808.8932	889.3675	1001.238	1081.398	1199.707	1280.512
224.25	0	0	0	0	0	0	0	1.598841	20.35785	130.9159	341.5016	515.5557	631.6515	733.556	823.6639	898.484	1003.027	1083.286	1200.502	1277.171
224.9	0	0	0	0	0	0	0	1.687666	19.17195	135.3777	339.1252	513.4945	625.9597	727.9006	818.7403	902.1982	993.3701	1083.664	1196.327	1279.677
225.55	0	0	0	0	0	0	0	1.510017	18.57901	131.7865	334.6098	511.1756	627.2091	728.7936	824.7756	892.9128	986.5748	1071.579	1189.567	1269.653
226.2	0	0	0	0	0	0	0	1.865315	16.70134	130.1541	335.3228	515.4268	622.0726	732.5142	825.2521	897.1334	990.8666	1066.292	1187.976	1257.541
226.85	0	0	0	0	0	0	0	1.065894	16.99781	131.1335	332.2333	516.7151	632.7621	734.0024	809.052	890.8869	991.4031	1069.691	1182.608	1261.718
227.5	0	0	0	0	0	0	0	1.243543	17.88724	131.2424	337.1051	517.1016	628.7362	732.5142	804.4461	889.5363	991.0454	1062.704	1178.234	1269.026
228.15	0	0	0	0	0	0	0	1.421192	20.06137	132.3306	332.8275	511.0468	633.0397	739.8066	807.7814	889.7051	998.1984	1082.531	1175.649	1265.059
228.8	0	0	0	0	0	0	0	0.9770696	20.35785	132.4394	339.0063	501.6426	622.4891	740.8484	815.7227	881.6016	990.3301	1071.013	1184.596	1262.135
229.45	0	0	0	0	0	0	0	1.243543	17.29429	130.5894	341.8581	514.3962	616.5197	746.2061	828.7463	871.3033	991.0454	1067.236	1181.813	1259.212
230.1	0	0	0	0	0	0	0	1.065894	18.18371	128.8482	343.5216	510.7892	619.2961	735.6395	830.1757	885.8222	983.5348	1082.909	1171.872	1266.521
230.75	0	0	0	0	0	0	0	1.065894	18.77666	131.0247	343.5216	508.5992	618.1855	721.65	808.7344	889.0298	984.0712	1081.209	1169.088	1249.606
231.4	0	0	0	0	0	0	0	0.9770696	18.38136	126.8894	346.8487	509.7586	629.9856	727.1566	813.9756	882.9521	983.8925	1068.369	1183.801	1255.453
232.05	0	0	0	0	0	0	0	1.065894	18.67783	134.0718	344.7099	514.5251	631.5127	736.8301	808.4167	886.3287	989.7936	1069.691	1194.736	1247.726
232.7	0	0	0	0	0	0	0	1.243543	19.56725	132.6571	346.8487	520.5798	625.5432	735.3419	816.9933	883.6274	988.1842	1073.09	1184.596	1254.826
233.35	0	0	0	0	0	0	0	0.888245	18.48018	129.8276	347.324	507.1821	622.9056	730.5795	812.705	883.6274	987.2901	1078.188	1176.246	1268.4
234	0	0	0	0	0	0	0	1.065894	20.5555	128.957	345.4229	504.3479	619.5738	730.2819	813.3403	879.9133	970.6594	1088.384	1179.626	1264.432
234.65	0	0	0	0	0	0	0	0.9770696	19.86373	131.7865	339.244	516.071	625.1268	721.9477	813.3403	882.108	973.6994	1072.146	1175.252	1265.477
235.3	0	0	0	0	0	0	0	0.7994205	20.75315	134.6159	332.3521	507.6974	626.0985	724.1801	804.6049	876.1992	975.13	1071.768	1180.819	1248.979
235.95	0	0	0	0	0	0	0	1.065894	20.25902	127.9776	340.0757	511.5621	626.3762	722.8406	806.8285	885.6534	964.7582	1058.928	1184.994	1245.638
236.6	0	0	0	0	0	0	0	0.9770696	20.45667	127.3247	336.2733	513.6233	625.1268	720.6083	803.1755	891.0557	966.1888	1049.298	1167.1	1246.056
237.25	0	0	0	0	0	0	0.07882451	1.332368	20.06137	132.0041	339.3628	511.6909	626.3762	727.7518	804.6049	877.7186	970.3018	1062.516	1156.165	1258.168
237.9	0	0	0	0	0	0	0.07882451	1.243543	19.7649	127.3247	339.8381	518.261	620.5455	723.8824	797.4578	879.9133	975.4877	1065.725	1155.966	1248.771
238.55	0	0	0	0	0	0	0	1.243543	21.34609	130.0453	344.1158	516.8439	625.8209	721.65	804.9226	880.4198	990.3301	1062.893	1161.334	1253.991
239.2	0	0	0	0	0	0	0	1.243543	20.35785	130.2629	333.6592	517.1016	617.9079	715.8459	817.4697	881.2639	982.4619	1067.425	1155.767	1248.771
239.85	0	0	0	0	0	0	0	0.9770696	20.85197	130.3718	330.9262	508.8568	622.9056	714.5065	815.5638	879.5757	981.3889	1069.502	1164.913	1242.297
240.5	0	0	0	0	0	0	0	1.065894	19.17195	133.2012	338.7687	503.575	621.3785	710.0417	814.9285	883.121	970.6594	1065.914	1154.574	1243.341
241.15	0	0	0	0	0	0	0	1.065894	20.35785	128.3041	334.0157	503.4462	618.0467	713.1671	812.8638	874.6797	983.7136	1066.292	1158.352	1243.341
241.8	0	0	0	0	0	0	0.07882451	0.7994205	21.24727	128.0864	335.6792	504.2191	625.6821	719.5665	805.8755	889.5363	992.1183	1059.872	1161.93	1244.176
242.45	0	0	0	0	0	0	0.07882451	0.9770696	19.86373	127.9776	334.0157	503.8326	619.2961	723.2871	807.4638	874.3421	986.2172	1057.984	1145.627	1249.815
243.1	0	0	0	0	0	0	0	1.065894	20.85197	127.8688	325.8168	507.0533	623.8773	714.06	813.0226	869.6151	988.7207	1057.228	1148.212	1250.023
243.75	0	0	0	0	0	0	0	1.421192	21.54374	125.5835	329.1439	504.7344	616.9361	707.2141	814.1344	867.2515	979.9583	1062.138	1140.855	1251.068
244.4	0	0	0	0	0	0	0.07882451	1.243543	21.54374	130.9159	330.9262	502.9309	621.5173	707.0652	811.5932	863.5374	977.9912	1047.787	1153.58	1241.044
245.05	0	0	0	0	0	0	0	1.332368	19.56725	130.8071	340.0757	509.1144	611.9384	713.3159	808.0991	869.2774	974.0571	1053.074	1160.539	1237.494
245.7	0	0	0	0	0	0	0	0.888245	19.66608	133.4188	338.6498	508.4703	614.4373	717.6318	806.0344	858.6414	982.6407	1044.766	1154.972	1241.462
246.35	0	0	0	0	0	0	0	1.243543	19.86373	133.6365	337.6992	517.2304	622.4891	712.8694	798.0931	869.6151	973.3418	1046.843	1147.217	1242.506
247	0	0	0	0	0	0	0.07882451	1.243543	20.1602	131.6777	338.531	506.7956	620.2679	724.3289	798.8873	871.3033	987.1113	1057.606	1148.212	1243.341
247.65	0	0	0	0	0	0	0.07882451	1.154719	18.38136	131.3512	337.5804	504.6056	613.882	726.4124	799.6814	879.0692	976.0242	1049.109	1147.615	1242.506
248.3	0	0	0	0	0	0	0.07882451	1.065894	17.98606	130.3718	335.9169	504.9921	619.7126	719.4177	793.9637	875.8615	967.4406	1048.542	1150.2	1230.812
248.95	0	0	0	0	0	0	0	1.243543	19.46843	133.7453	334.9663	508.0839	613.882	720.9059	795.7108	872.1474	964.4006	1043.067	1141.849	1237.703
249.6	0	0	0	0	0	0	0.07882451	1.332368	20.85197	135.2689	338.6498	504.0903	616.7973	723.4359	794.7578	879.5757	966.9041	1053.263	1160.34	1240.418
250.25	0	0	0	0	0	0	0	0.9770696	19.56725	134.3983	343.284	502.9309	612.9102	724.7753	788.246	872.6539	968.3347	1069.313	1147.217	1241.462
250.9	0	0	0	0	0	0	0.2364735	1.065894	19.46843	133.4188	344.5911	502.802	616.5197	724.0312	799.6814	877.5498	959.5723	1063.648	1145.229	1237.076
251.55	0	0	0	0	0	0	0.07882451	1.065894	20.45667	130.2629	345.0664	509.1144	624.7103	722.8406	790.3107	868.2644	964.0429	1048.731	1140.259	1241.462
252.2	0	0	0	0	0	0	0.07882451	0.532947	20.95079	135.3777	339.8381	505.6362	619.7126	717.7806	797.7755	866.5762	976.203	1045.71	1146.621	1227.262
252.85	0	0	0	0	0	0	0.07882451	0.6217715	20.85197	131.5688	334.6098	499.4526	617.4914	724.0312	800.3167	877.8875	975.13	1047.976	1154.375	1231.021
253.5	0	0	0	0	0	0	0.157649	1.154719	20.1602	130.6982	339.4816	503.575	616.3808	719.2689	799.0461	861.3427	965.6523	1042.5	1151.194	1248.144
254.15	0	0	0	0	0	0	0.157649	1.332368	19.3696	129.5012	331.758	499.1949	599.7219	716.1435	800.4755	858.1349	966.7253	1041.367	1149.404	1242.715
254.8	0	0	0	0	0	0	0	0.888245	20.5555	127.8688	331.2827	506.0226	609.9949	713.9111	793.4872	862.3556	961.7182	1045.899	1155.966	1240.418
255.45	0	0	0	0	0	0	0	1.154719	22.63081	129.61	334.0157	499.8391	613.049	720.6083	789.9931	861.1738	975.3088	1039.479	1140.457	1240.835
256.1	0	0	0	0	0	0	0	0.9770696	21.34609	128.8482	335.0851	498.9373	609.0231	714.3576	787.6107	868.6021	956.89	1032.115	1136.879	1231.438
256.75	0	0	0	0	0	0	0	0.6217715	22.23551	129.9365	339.7193	500.8697	613.7432	707.9582	804.9226	882.108	963.1488	1040.423	1139.264	1226.635
257.4	0	0	0	0	0	0	0	0.888245	21.14844	130.2629	327.1239	499.4526	613.6043	706.7676	800.6343	872.1474	960.1088	1040.234	1132.306	1226.844
258.05	0	0	0	0	0	0	0	0.7994205	21.04962	133.0924	337.6992	494.9438	618.0467	705.8746	799.8402	861.3427	954.5652	1039.857	1126.937	1231.021
258.7	0	0	0	0	0	0	0	1.332368	20.75315	134.7247	330.0945	498.0356	623.1832	705.4282	804.6049	860.4985	954.744	1041.367	1144.434	1228.515
259.35	0	0	0	0	0	0	0	1.243543	19.56725	134.0718	333.4216	501.1273	617.075	720.3106	791.4225	854.4208	952.2405	1046.843	1133.101	1221.206
260	0	0	0	0	0	0	0	1.510017	20.65432	135.7042	331.4016	499.5814	609.0231	718.6735	780.4636	859.992	957.9629	1050.997	1139.066	1221.832
260.65	0	0	0	0	0	0	0	1.510017	21.84022	136.1395	329.738	493.1402	611.6608	700.517	791.899	851.0443	953.1346	1045.521	1135.487	1216.403
261.3	0	0	0	0	0	0	0	1.598841	20.35785	134.7247	334.1345	493.7843	610.8278	701.7075	786.9754	863.5374	953.4922	1034.569	1143.639	1215.776
261.95	0	0	0	0	0	0	0	1.510017	21.24727	132.0041	328.9062	489.662	615.1314	707.8093	796.3461	863.875	949.3793	1034.947	1128.13	1210.138
262.6	0	0	0	0	0	0	0	1.510017	20.45667	127.9776	339.6004	493.7843	609.9949	701.8564	802.8578	857.122	951.704	1029.849	1134.89	1206.17
263.25	0	0	0	0	0	0	0	1.243543	18.9743	128.1953	338.1745	496.4897	607.2184	693.0757	799.2049	862.0179	944.3722	1039.479	1124.75	1227.47
263.9	0	0	0	0	0	0	0	1.243543	20.35785	132.0041	343.8781	498.0356	625.9597	708.107	791.7402	853.5767	941.1534	1037.024	1128.329	1216.82
264.55	0	0	0	0	0	0	0	1.510017	18.9743	130.0453	334.0157	497.2626	610.4114	704.684	788.8813	852.7326	956.89	1034.947	1126.341	1227.679
265.2	0	0	0	0	0	0	0	1.510017	19.3696	128.5217	336.9863	499.5814	611.522	698.5822	789.8343	854.7585	941.511	1025.128	1140.06	1223.294
265.85	0	0	0	0	0	0	0	1.687666	21.84022	129.5012	332.5898	503.1885	611.1055	707.2141	774.4283	851.0443	947.0546	1021.163	1135.686	1217.656
266.5	0	0	0	0	0	0	0	1.687666	21.74139	129.8276	331.0451	502.1579	604.3031	692.3316	776.493	862.6932	962.2546	1030.415	1132.902	1205.962
267.15	0	0	0	0	0	0	0	1.687666	19.56725	132.1129	335.5604	507.0533	602.776	699.1776	777.2871	853.4079	942.9416	1037.213	1129.323	1218.073
267.8	0	0	0	0	0	0	0	1.243543	19.56725	132.7659	333.778	506.0226	612.6326	701.261	773.4753	853.2391	947.5911	1036.835	1132.902	1219.744
268.45	0	0	0	0	0	0	0	1.421192	18.48018	131.5688	332.9463	486.9566	606.2466	703.3446	785.2283	842.6031	943.4781	1041.178	1117.791	1207.006
269.1	0	0	0	0	0	0	0	1.77649	18.57901	129.5012	331.758	492.6249	603.6089	704.684	786.1813	847.8367	937.7557	1042.878	1135.884	1216.194
269.75	0	0	0	0	0	0	0.07882451	1.687666	18.67783	128.8482	328.3121	490.6925	605.969	697.6893	779.0342	862.6932	937.9345	1037.591	1141.253	1210.973
270.4	0	0	0	0	0	0	0.07882451	2.042964	17.88724	131.7865	332.2333	483.0919	608.6066	691.8851	790.1519	861.5115	941.8687	1034.192	1124.75	1217.865
271.05	0	0	0	0	0	0	0.07882451	1.77649	18.48018	131.46	330.6886	489.1466	601.6654	698.5822	792.2166	850.369	938.1133	1028.905	1121.967	1209.094
271.7	0	0	0	0	0	0	0.07882451	1.865315	19.07313	136.1395	337.2239	489.0178	601.5266	706.4699	778.3989	855.7714	947.7699	1026.072	1123.16	1212.226
272.35	0	0	0	0	0	0	0.07882451	1.598841	19.7649	129.9365	331.4016	489.662	603.7478	700.3681	780.7813	858.4726	942.584	1034.381	1122.563	1216.403
273	0	0	0	0	0	0	0.07882451	1.332368	19.27078	130.3718	336.3922	490.5637	604.5807	704.2375	785.546	847.499	956.1746	1042.878	1126.54	1210.138
273.65	0	0	0	0	0	0	0.07882451	1.77649	19.66608	128.4129	333.6592	490.3061	606.9407	706.9164	783.0048	852.7326	950.2734	1028.716	1132.107	1224.547
274.3	0	0	0	0	0	0	0.07882451	1.77649	18.9743	128.1953	335.0851	485.926	611.9384	703.0469	779.0342	850.5378	947.7699	1030.604	1134.493	1223.503
274.95	0	0	0	0	0	0	0.07882451	1.954139	18.28253	132.0041	329.8568	492.7537	611.6608	696.0522	777.9224	849.5249	944.1934	1022.862	1129.323	1219.326
275.6	0	0	0	0	0	0	0	1.687666	20.1602	132.4394	336.6298	496.4897	602.0819	686.2298	771.2518	835.3436	939.9016	1027.205	1125.148	1216.612
276.25	0	0	0	0	0	0	0	1.865315	19.07313	129.9365	336.1545	491.3367	596.6677	692.9269	776.9695	843.9537	948.4852	1029.094	1115.604	1216.82
276.9	0	0	0	0	0	0	0	1.598841	19.86373	131.3512	341.0263	493.0114	608.0513	690.0992	782.2107	849.1873	950.2734	1030.793	1113.815	1199.906
277.55	0	0	0	0	0	0	0	1.510017	20.25902	131.2424	337.3428	487.3431	602.4984	687.1227	793.6461	842.6031	950.9887	1034.758	1116.002	1192.597
278.2	0	0	0	0	0	0	0	1.243543	18.9743	135.5953	333.778	496.232	604.9972	693.5222	779.9871	840.0707	943.1204	1030.038	1128.329	1201.785
278.85	0	0	0	0	0	0	0	1.243543	18.48018	133.8541	332.7086	498.9373	601.3878	709.7441	774.7459	853.7455	931.1392	1030.793	1121.569	1204.709
279.5	0	0	0	0	0	0	0	1.332368	18.38136	130.4806	333.1839	489.7908	603.7478	694.1175	768.7106	842.7719	927.5627	1023.429	1122.762	1208.676
280.15	0	0	0	0	0	0	0	1.510017	19.3696	129.61	335.2039	487.2143	594.4465	691.2899	764.2635	837.876	923.0921	1032.681	1104.073	1206.17
280.8	0	0	0	0	0	0	0	1.154719	19.07313	129.8276	337.1051	486.4413	595.4183	696.4987	768.7106	837.3696	924.5227	1025.128	1113.02	1204.082
281.45	0	0	0	0	0	0	0	1.421192	18.9743	126.8894	334.8474	490.9502	603.0536	685.7833	775.2224	846.6549	930.0662	1019.652	1117.593	1199.906
282.1	0	0	0	0	0	0	0	1.332368	18.38136	127.4335	338.7687	487.4719	600.2772	683.1045	771.2518	853.9144	925.0591	1012.288	1119.382	1204.082
282.75	0	0	0	0	0	0	0	1.421192	19.66608	132.1129	332.5898	489.4043	594.1689	685.4857	769.9812	833.6554	928.6357	1022.674	1105.663	1207.006
283.4	0	0	0	0	0	0	0	1.332368	20.35785	130.3718	337.3428	484.7666	597.7783	699.0287	776.6519	839.7331	933.2851	1028.527	1111.23	1205.544
284.05	0	0	0	0	0	0	0	1.243543	19.86373	132.0041	339.0063	478.1966	593.7524	699.7728	769.8224	837.7072	944.3722	1018.708	1102.681	1212.017
284.7	0	0	0	0	0	0	0	1.598841	21.44492	131.8953	336.8675	481.546	600.2772	686.3786	775.0636	826.9024	933.2851	1018.519	1114.411	1199.279
285.35	0	0	0	0	0	0	0	1.332368	20.75315	132.3306	331.2827	491.852	598.3336	685.188	781.0989	826.0583	936.1463	1019.275	1106.856	1199.906
286	0	0	0	0	0	0	0.07882451	1.243543	21.14844	134.7247	335.9169	483.736	596.6677	693.671	776.3342	830.6166	937.7557	1025.506	1108.844	1192.806
286.65	0	0	0	0	0	0	0.157649	1.243543	19.56725	131.8953	335.4416	484.2513	586.5335	702.0052	780.7813	850.369	934.0004	1017.009	1111.429	1189.464
287.3	0	0	0	0	0	0	0.07882451	1.687666	19.7649	135.813	341.264	484.509	588.1994	681.0209	777.1283	835.8501	932.391	1015.876	1113.02	1191.761
287.95	0	0	0	0	0	0	0.07882451	1.77649	21.34609	137.663	336.1545	487.4719	583.2017	689.8016	780.4636	837.7072	938.2922	1012.855	1106.26	1199.906
288.6	0	0	0	0	0	0	0	1.687666	20.06137	135.5953	333.8969	484.6378	587.783	676.2585	781.7342	830.7854	940.438	1012.288	1110.833	1198.444
289.25	0	0	0	0	0	0	0.07882451	1.77649	18.9743	135.0512	327.1239	487.7296	593.8912	685.3369	778.5577	829.9413	934.358	1004.169	1112.423	1201.576
289.9	0	0	0	0	0	0	0.07882451	1.865315	20.25902	136.4659	325.2227	485.4107	588.8936	686.8251	779.3519	826.2271	934.7157	1011.722	1099.301	1187.794
290.55	0	0	0	0	0	0	0.07882451	1.243543	20.65432	132.7659	321.4203	490.9502	593.0583	685.3369	766.0106	825.8895	921.4827	1006.057	1107.85	1197.609
291.2	0	0	0	0	0	0	0.07882451	1.243543	20.65432	134.2894	325.698	485.7972	598.7501	682.5092	770.4577	831.2919	922.7344	1011.155	1104.271	1185.914
291.85	0	0	0	0	0	0	0	1.243543	20.5555	130.9159	332.8275	487.8584	587.9218	681.0209	770.4577	830.6166	923.6286	1009.833	1101.289	1193.641
292.5	0	0	0	0	0	0	0	1.332368	20.65432	131.0247	330.451	484.7666	588.6159	682.0627	760.4517	820.3183	918.4427	1014.743	1098.108	1197.4
293.15	0	0	0	0	0	0	0	1.332368	20.06137	130.2629	330.8074	481.0307	587.9218	684.2951	761.5635	813.2277	926.8474	1016.253	1103.078	1194.894
293.8	0	0	0	0	0	0	0	1.243543	19.66608	130.8071	326.7674	478.7119	591.9477	686.9739	761.8812	813.903	926.8474	1017.953	1100.693	1189.464
294.45	0	0	0	0	0	0	0	0.888245	19.17195	128.4129	324.985	487.8584	587.783	690.0992	762.3576	815.9288	923.4498	1012.288	1101.289	1190.3
295.1	0	0	0	0	0	0	0	0.888245	19.86373	130.8071	327.718	476.9083	585.9782	678.0444	767.2812	825.8895	917.3697	999.0704	1094.131	1192.806
295.75	0	0	0	0	0	0	0	0.9770696	20.35785	131.6777	327.2427	479.4848	589.31	679.9792	761.2458	839.2266	909.6802	1003.036	1104.669	1189.256
296.4	0	0	0	0	0	0	0	1.154719	20.75315	132.8747	332.471	487.2143	593.4747	692.6293	759.34	835.6813	923.4498	993.0281	1094.728	1198.026
297.05	0	0	0	0	0	0	0	0.888245	21.24727	130.6982	328.0745	484.3801	589.31	682.658	759.34	837.5384	935.9675	994.5387	1096.716	1188.211
297.7	0	0	0	0	0	0	0	0.9770696	20.65432	131.3512	328.1933	486.5702	590.1429	688.1645	754.4164	813.3965	936.6827	1005.49	1109.64	1188.629
298.35	0	0	0	0	0	0	0	1.154719	21.64257	132.4394	329.1439	476.9083	600.416	684.5927	763.4694	820.3183	930.0662	1012.477	1097.114	1180.903
299	0	0	0	0	0	0	0	1.154719	21.04962	134.1806	330.6886	483.8648	596.3901	674.3239	754.7341	817.9547	925.4168	1006.435	1090.95	1187.376
299.65	0	0	0	0	0	0	0	1.421192	22.43316	134.5071	326.8862	477.9389	599.3054	685.188	759.0223	815.5912	926.8474	1013.421	1097.114	1184.035
300.3	0	0	0	0	0	0	0	1.332368	19.3696	133.4188	335.9169	482.7054	589.1712	682.658	763.6282	822.0065	917.1909	1003.225	1102.681	1187.794
300.95	0	0	0	0	0	0	0	1.598841	20.75315	134.7247	322.8462	481.0307	578.7593	681.7651	756.9576	823.8636	922.7344	1010.778	1098.505	1190.3
301.6	0	0	0	0	0	0	0	1.243543	19.96255	131.46	327.3615	479.4848	580.2864	681.4674	759.6576	823.8636	928.6357	1005.113	1093.336	1176.935
302.25	0	0	0	0	0	0	0	1.598841	19.66608	130.6982	318.4497	477.9389	583.4794	680.128	759.34	821.6689	923.6286	996.9934	1095.125	1171.297
302.9	0	0	0	0	0	0	0	1.598841	20.35785	129.1747	323.4403	474.7183	583.2017	678.3421	751.3987	824.3701	923.9862	1003.602	1089.558	1179.232
303.55	0	0	0	0	0	0	0	1.510017	20.45667	130.8071	321.5391	480.6442	602.3596	682.3604	754.8929	819.8118	922.7344	1003.413	1093.734	1174.429
304.2	0	0	0	0	0	0	0	1.510017	20.35785	132.6571	322.7274	483.6072	592.6418	680.5745	756.0046	818.63	913.2568	996.0493	1094.728	1181.111
304.85	0	0	0	0	0	0	0	1.065894	19.7649	133.7453	323.6779	486.0549	580.5641	689.2063	754.0988	816.9418	908.7861	999.6369	1091.547	1174.847
305.5	0	0	0	0	0	0	0	1.332368	20.95079	133.7453	324.6285	486.699	582.5076	693.0757	751.5576	830.1101	915.045	992.8392	1084.985	1169.417
306.15	0	0	0	0	0	0	0	1.243543	21.93904	133.2012	319.2814	484.509	590.1429	684.5927	756.3223	821.5001	912.1838	997.9375	1087.172	1170.879
306.8	0	0	0	0	0	0	0	1.421192	19.7649	135.813	325.8168	480.2578	587.5053	670.4544	750.6046	819.3053	913.7932	1011.533	1094.33	1183.826
307.45	0	0	0	0	0	0	0	1.421192	19.17195	135.3777	325.5791	480.3866	581.8135	661.6738	752.6693	819.3053	906.4614	1006.812	1096.716	1176.726
308.1	0	0	0	0	0	0	0	1.243543	18.77666	128.957	329.9756	486.0549	590.0042	672.538	759.8164	810.5264	906.8191	995.4828	1077.629	1177.979
308.75	0	0	0	0	0	0	0	1.243543	19.66608	128.957	326.1733	490.1772	591.3924	681.4674	756.0046	802.254	922.0192	994.5387	1087.57	1162.944
309.4	0	0	0	0	0	0	0	1.332368	18.08488	129.1747	332.5898	482.0613	586.95	681.0209	743.2987	813.3965	915.7603	991.8951	1099.5	1167.747
310.05	0	0	0	0	0	0	0	0.888245	18.18371	130.5894	329.3815	485.4107	582.9241	680.8721	749.6517	816.4353	918.2639	984.3422	1073.851	1165.658
310.7	0	0	0	0	0	0	0	1.510017	19.3696	130.1541	322.252	486.9566	588.4771	663.4597	759.1812	817.6171	914.5085	988.1187	1084.786	1176.935
311.35	0	0	0	0	0	0	0	1.687666	18.77666	128.957	326.8862	486.699	576.9547	674.175	752.1929	815.5912	907.1767	985.6639	1081.804	1168.164
312	0	0	0	0	0	0	0	1.598841	19.3696	130.6982	332.9463	482.9631	578.0652	672.9844	746.1575	824.3701	911.6473	986.0416	1084.389	1170.461
312.65	0	0	0	0	0	0	0	1.243543	19.27078	132.8747	327.005	482.9631	582.5076	674.3239	746.9517	823.3571	916.4756	988.4963	1070.073	1167.955
313.3	0	0	0	0	0	0	0	1.510017	17.78841	131.6777	326.7674	481.546	570.8464	670.1567	745.0458	819.4741	918.4427	987.9298	1077.231	1162.526
313.95	0	0	0	0	0	0	0	1.332368	19.46843	131.8953	326.0544	480.5154	567.5146	665.8408	749.1752	812.2147	905.3885	985.0975	1089.359	1159.603
314.6	0	0	0	0	0	0	0	1.421192	19.86373	134.8336	324.0344	478.9695	574.5946	660.4832	742.0281	797.527	897.8779	987.1745	1071.664	1167.538
315.25	0	0	0	0	0	0	0	0.9770696	19.96255	132.3306	327.5992	475.8777	562.9333	656.4649	750.9222	804.9553	913.0779	991.8951	1066.097	1172.132
315.9	0	0	0	0	0	0	0	1.154719	20.1602	129.61	328.0745	483.0919	573.0676	671.4962	750.4458	809.1758	902.5273	987.741	1049.793	1168.791
316.55	0	0	0	0	0	0	0	1.154719	20.06137	130.6982	325.698	490.8214	578.4817	674.7703	748.2222	815.76	912.005	988.1187	1059.933	1164.614
317.2	0	0	0	0	0	0	0	1.154719	20.65432	131.6777	320.5885	482.5766	579.037	667.3291	746.4752	803.6047	903.0638	989.6292	1066.693	1168.373
317.85	0	0	0	0	0	0	0	0.888245	20.65432	128.6306	321.6579	474.3318	574.5946	664.0549	745.0458	808.1629	908.4285	987.1745	1064.705	1166.076
318.5	0	0	0	0	0	0	0	0.710596	21.84022	128.3041	328.1933	473.0436	568.9028	666.1385	745.8399	806.4747	905.3885	984.7198	1079.021	1164.823
319.15	0	0	0	0	0	0	0	0.9770696	20.65432	128.0864	323.7968	481.4172	565.1545	662.5667	734.7222	806.6435	897.699	983.2092	1072.26	1156.052
319.8	0	0	0	0	0	0	0	1.154719	22.13669	122.2099	324.8662	479.356	567.931	673.7285	745.0458	818.4612	892.5131	985.4751	1072.26	1148.326
320.45	0	0	0	0	0	0	0	1.510017	22.13669	126.9982	322.4897	481.9325	568.9028	671.7938	738.8516	812.2147	889.4731	977.7333	1077.629	1149.161
321.1	0	0	0	0	0	0	0	1.243543	21.74139	126.1276	330.5698	480.1289	571.5405	661.8226	740.4398	812.89	906.2826	971.3132	1080.412	1151.458
321.75	0	0	0	0	0	0	0	1.243543	20.85197	127.5423	319.6379	474.8471	571.124	664.6503	749.4929	817.4482	901.812	983.2092	1060.928	1150.623
322.4	0	0	0	0	0	0	0	1.243543	19.56725	124.9305	322.3709	477.6813	575.5664	660.4832	748.381	808.1629	898.0566	981.6986	1064.308	1153.755
323.05	0	0	0	0	0	0	0	1.065894	20.25902	131.7865	327.5992	469.4365	570.5687	665.3943	743.6163	810.8641	888.4001	995.2939	1061.524	1164.197
323.7	0	0	0	0	0	0	0	0.888245	20.25902	130.8071	327.2427	469.6942	564.3216	665.0967	736.9457	802.5917	896.0896	989.8181	1061.723	1164.197
324.35	0	0	0	0	0	0	0	1.065894	19.86373	126.1276	323.4403	471.2401	578.7593	668.6685	738.3751	798.3711	902.7061	970.7468	1063.115	1159.394
325	0	0	0	0	0	0	0	1.065894	18.9743	124.7129	321.5391	467.1176	565.571	665.692	734.2457	801.7476	903.4214	975.2786	1058.939	1156.679
325.65	0	0	0	0	0	0	0	1.243543	18.87548	125.1482	324.0344	468.2771	566.9593	664.2038	740.9163	802.4229	898.772	976.978	1061.723	1144.567
326.3	0	0	0	0	0	0	0	1.332368	19.96255	128.1953	322.6085	473.1724	568.764	673.4309	740.281	812.7212	903.0638	978.111	1063.711	1147.282
326.95	0	0	0	0	0	0	0.07882451	1.598841	20.1602	130.4806	319.2814	475.1048	563.6275	664.5014	729.7986	800.7346	908.4285	964.8932	1057.15	1141.226
327.6	0	0	0	0	0	0	0.07882451	1.421192	19.66608	128.0864	321.1826	476.0066	572.7899	672.3891	735.5163	791.6181	889.8307	963.7603	1060.53	1157.514
328.25	0	0	0	0	0	0	0.07882451	1.510017	21.14844	129.1747	316.6673	469.6942	578.3429	664.6503	736.1516	791.9557	888.0425	979.8104	1051.98	1145.194
328.9	0	0	0	0	0	0	0	1.421192	21.64257	127.4335	318.4497	464.9276	574.0393	656.6137	739.1693	788.0728	894.8378	983.5869	1059.536	1152.294
329.55	0	0	0	0	0	0	0	1.421192	20.75315	125.91	317.6179	472.7859	573.3452	656.7625	742.3458	795.3323	900.0237	976.7892	1054.565	1150.832
330.2	0	0	0	0	0	0	0.07882451	1.687666	22.43316	130.1541	317.3802	466.3447	576.8158	659.5902	745.0458	788.9169	895.9108	977.5445	1049.396	1154.173
330.85	0	0	0	0	0	0	0.07882451	1.598841	20.95079	126.7805	318.0932	470.4671	580.8417	662.8643	743.7751	797.8646	890.1884	969.0474	1064.109	1151.876
331.5	0	0	0	0	0	0	0.07882451	1.687666	21.44492	127.9776	326.6486	470.9824	570.9852	666.7338	737.7398	796.8517	899.4872	979.0551	1045.22	1147.908
332.15	0	0	0	0	0	0	0.07882451	2.042964	21.93904	130.8071	322.3709	475.4912	573.3452	663.3108	732.6575	799.7217	881.7836	977.9221	1052.378	1151.041
332.8	0	0	0	0	0	0	0.07882451	2.131788	21.34609	131.0247	317.2614	479.6136	569.8746	663.7573	732.8163	798.2023	887.1484	962.4385	1065.5	1148.117
333.45	0	0	0	0	0	0	0.07882451	1.954139	19.07313	129.0659	321.8956	470.2094	563.7663	670.3056	721.2221	802.4229	887.1484	982.8315	1060.331	1141.017
334.1	0	0	0	0	0	0	0.07882451	1.77649	19.07313	128.7394	325.4603	462.3511	568.2087	661.5249	732.4986	796.0076	880.7107	971.8797	1049.197	1136.841
334.75	0	0	0	0	0	0	0.07882451	1.77649	20.45667	128.7394	326.8862	470.8536	565.1545	667.7756	724.8751	801.0723	886.433	972.8239	1045.618	1145.402
335.4	0	0	0	0	0	0	0.07882451	1.598841	21.74139	127.9776	326.5298	476.9083	560.7122	664.6503	727.0986	807.6564	892.1555	963.005	1044.027	1137.676
336.05	0	0	0	0	0	0	0.157649	1.687666	21.64257	130.5894	319.0438	469.5653	560.2957	664.2038	729.9574	798.2023	888.4001	957.3403	1053.372	1130.158
336.7	0	0	0	0	0	0	0.07882451	1.510017	20.85197	133.5277	322.7274	474.3318	573.0676	664.2038	730.4339	799.5529	880.8895	960.3615	1050.191	1132.873
337.35	0	0	0	0	0	0	0.07882451	1.154719	20.75315	129.8276	318.925	473.3012	573.2064	657.3578	738.5339	794.1505	890.7249	951.109	1050.589	1127.026
338	0	0	0	0	0	0	0.07882451	0.9770696	19.66608	126.4541	315.2414	469.1789	567.3757	658.9949	737.1046	782.8392	893.9437	969.6138	1059.536	1140.391
338.65	0	0	0	0	0	0	0.07882451	0.7994205	19.66608	130.3718	315.5979	471.6265	572.5123	660.1855	729.0045	797.0205	888.4001	963.9491	1046.413	1148.326
339.3	0	0	0	0	0	0	0.07882451	1.243543	18.9743	131.46	316.3108	470.5959	560.0181	655.8696	722.8103	794.3193	886.433	969.0474	1039.057	1139.138
339.95	0	0	0	0	0	0	0	1.332368	20.06137	127.76	319.4003	474.7183	562.7946	654.0837	719.6339	788.9169	890.546	958.0955	1044.425	1129.949
340.6	0	0	0	0	0	0	0	1.421192	21.84022	128.0864	319.8756	470.7247	553.3545	656.1672	725.3515	788.0728	895.5531	963.9491	1042.437	1139.347
341.25	0	0	0	0	0	0	0	1.421192	21.44492	125.91	315.1226	466.3447	558.0745	648.2795	728.8456	790.2675	888.0425	951.8643	1040.051	1133.082
341.9	0	0	0	0	0	0	0.07882451	0.9770696	22.33434	128.0864	320.3509	465.1853	561.4063	655.1255	730.1163	798.8776	892.8707	955.2632	1049.595	1140.808
342.55	0	0	0	0	0	0	0.07882451	1.421192	21.74139	129.2835	317.9744	471.4977	560.9898	653.4884	732.9751	790.9428	883.7507	955.8297	1039.057	1142.061
343.2	0	0	0	0	0	0	0	1.332368	20.35785	128.3041	316.905	468.9212	559.1851	659.4414	732.8163	792.631	880.7107	963.5715	1033.689	1148.117
343.85	0	0	0	0	0	0	0	1.687666	20.1602	126.0188	309.0625	464.7988	558.0745	651.1072	733.2927	797.1893	884.1083	949.5984	1037.267	1129.114
344.5	0	0	0	0	0	0	0	1.243543	19.7649	129.8276	308.5872	468.2771	555.1592	654.5302	721.0632	788.9169	883.9295	960.7391	1033.291	1134.126
345.15	0	0	0	0	0	0	0	1.065894	21.64257	126.1276	318.6873	472.013	560.9898	656.9114	711.5338	791.2805	877.4918	955.2632	1044.226	1137.258
345.8	0	0	0	0	0	0	0	0.6217715	21.44492	129.7188	317.7367	465.9582	561.8228	658.8461	717.0927	791.9557	867.8353	964.1379	1040.449	1129.323
346.45	0	0	0	0	0	0	0	0.7994205	21.93904	131.46	319.9944	460.2899	567.7922	663.9061	718.8397	790.774	879.1013	961.6832	1037.665	1140.808
347.1	0	0	0	0	0	0	0	0.888245	21.24727	131.5688	318.6873	462.3511	557.1027	667.6267	721.2221	788.2416	873.7365	959.6061	1035.279	1137.676
347.75	0	0	0	0	0	0	0	0.532947	20.35785	131.0247	317.7367	465.0565	557.9357	654.9766	737.1046	791.7869	883.3931	956.0185	1036.472	1149.161
348.4	0	0	0	0	0	0	0	0.7994205	21.34609	135.0512	311.5579	464.9276	557.3804	656.0184	723.7632	789.0858	881.9625	961.872	1038.858	1132.246
349.05	0	0	0	0	0	0	0	0.888245	22.13669	131.3512	314.6473	465.7006	556.2698	656.6137	729.1633	790.2675	875.8824	958.2844	1026.929	1127.443
349.7	0	0	0	0	0	0	0	1.065894	20.1602	128.5217	312.0331	468.0194	554.4651	652.5955	715.822	778.1121	876.5977	955.0743	1027.923	1131.202
350.35	0	0	0	0	0	0	0	1.243543	19.46843	128.1953	311.0826	465.9582	555.0204	642.4754	728.3692	786.5533	873.2001	944.5002	1042.039	1122.849
351	0	0	0	0	0	0	0	0.9770696	20.06137	130.6982	307.7555	472.9148	555.298	650.8096	722.6515	791.2805	867.4777	947.1437	1034.484	1110.32
351.65	0	0	0	0	0	0	0	0.710596	20.75315	126.9982	313.8155	470.8536	556.6863	645.0054	724.0809	796.6829	865.5106	956.585	1024.94	1127.443
352.3	0	0	0	0	0	0	0	0.4441225	20.95079	125.1482	312.3896	474.4607	557.5192	648.4283	707.2455	783.3457	856.5694	936.7584	1027.127	1134.544
352.95	0	0	0	0	0	0	0.07882451	0.710596	21.84022	125.5835	312.0331	468.2771	556.2698	652.8931	715.1868	790.4363	861.3976	940.9125	1032.098	1126.399
353.6	0	0	0	0	0	0	0.07882451	0.710596	19.86373	126.5629	317.0238	465.9582	565.0157	644.7078	720.7456	790.2675	872.4847	950.9202	1038.46	1125.146
354.25	0	0	0	0	0	0	0.07882451	0.710596	20.1602	129.0659	314.0532	463.6394	565.7098	640.8383	719.475	787.0598	878.7436	949.2208	1035.677	1127.861
354.9	0	0	0	0	0	0	0.07882451	0.7994205	19.27078	127.107	312.152	466.4735	563.6275	646.9401	714.8691	785.2028	863.5435	950.9202	1037.267	1124.102
355.55	0	0	0	0	0	0	0.07882451	0.7994205	19.66608	127.9776	315.1226	471.2401	556.5474	640.5406	707.8808	774.7357	871.233	934.6813	1028.917	1109.485
356.2	0	0	0	0	0	0	0.07882451	0.710596	18.38136	126.9982	310.9637	475.2336	565.1545	640.243	717.0927	772.0345	873.0212	935.4366	1039.057	1118.673
356.85	0	0	0	0	0	0	0.07882451	0.7994205	18.77666	129.5012	310.4884	462.9953	563.9052	642.6242	728.2103	770.0085	852.9929	937.5137	1036.472	1109.693
357.5	0	0	0	0	0	0	0.07882451	0.532947	19.96255	127.9776	305.6166	460.2899	559.6016	643.8148	715.5044	775.0733	859.6094	938.4578	1035.876	1122.849
358.15	0	0	0	0	0	0	0	0.7994205	19.7649	130.5894	306.9237	466.6024	562.2393	647.2378	713.7573	775.2421	868.0142	938.4578	1014.8	1104.891
358.8	0	0	0	0	0	0	0.07882451	1.065894	18.9743	133.2012	310.7261	468.0194	559.7404	650.8096	717.4103	778.9562	861.9341	935.4366	1024.94	1115.332
359.45	0	0	0	0	0	0	0.07882451	1.065894	19.66608	131.46	311.7955	470.3383	557.1027	641.136	703.1161	776.7615	869.4448	948.4655	1028.32	1118.046
360.1	0	0	0	0	0	0	0.07882451	1.421192	18.9743	123.9511	315.5979	466.3447	550.8557	636.2247	713.9161	775.2421	854.6023	950.3538	1028.32	1133.291
360.75	0	0	0	0	0	0	0.07882451	1.421192	17.78841	127.107	312.6273	463.3817	549.1898	635.4807	719.7927	776.7615	866.5836	941.2902	1023.549	1117.002
361.4	0	0	0	0	0	0	0.07882451	1.687666	17.19546	127.4335	313.3402	459.517	547.5239	632.8018	708.1985	772.0345	874.4518	938.6466	1017.584	1122.641
362.05	0	0	0	0	0	0	0.07882451	1.687666	18.08488	127.9776	312.9837	460.8053	549.3286	634.5877	717.4103	773.7227	860.3247	940.346	1025.139	1116.585
362.7	0	0	0	0	0	0	0.07882451	1.598841	18.57901	129.1747	316.6673	460.0323	551.9662	634.29	720.9044	779.8004	856.2117	938.269	1021.362	1130.994
363.35	0	0	0	0	0	0	0.07882451	1.598841	18.48018	130.0453	312.7461	460.2899	554.4651	634.29	716.1397	780.8134	869.6236	940.9125	1022.753	1115.541
364	0	0	0	0	0	0	0.07882451	1.598841	18.08488	130.5894	309.1814	456.554	544.4697	635.3318	715.9809	775.7486	855.4965	940.1572	1013.607	1120.344
364.65	0	0	0	0	0	0	0	1.421192	18.9743	127.4335	308.1119	462.48	550.3004	633.5459	717.5691	784.8651	857.6423	937.136	1026.73	1120.761
365.3	0	0	0	0	0	0	0.157649	1.687666	18.38136	128.6306	308.7061	462.3511	553.9098	634.1412	720.9044	778.9562	855.1388	940.5349	1024.145	1120.97
365.95	0	0	0	0	0	0	0.157649	1.865315	19.27078	125.4747	308.3496	465.0565	555.0204	638.1595	709.6279	776.2551	871.9483	948.6543	1010.227	1099.252
366.6	0	0	0	0	0	0	0.07882451	1.598841	17.09664	127.3247	305.6166	456.2964	539.0555	633.9924	714.7103	778.9562	861.7553	948.2767	1025.537	1115.958
367.25	0	0	0	0	0	0	0	1.243543	17.78841	127.4335	304.5472	454.6217	550.8557	638.0107	717.0927	778.7874	863.7224	938.4578	1016.59	1117.002
367.9	0	0	0	0	0	0	0.07882451	1.598841	16.99781	127.2158	312.7461	457.9711	549.1898	631.3135	730.1163	774.9045	860.5035	941.2902	1012.017	1123.058
368.55	0	0	0	0	0	0	0.157649	1.332368	19.27078	127.76	314.0532	465.5718	543.6368	634.8853	710.422	769.5021	858.7153	931.6601	1012.812	1117.211
369.2	0	0	0	0	0	0	0.2364735	1.154719	17.98606	129.2835	310.6073	459.9035	542.8038	642.4754	709.3102	773.2162	849.2375	938.0801	1007.444	1123.267
369.85	0	0	0	0	0	0	0.2364735	1.243543	16.99781	128.3041	313.459	458.2288	538.7779	638.4572	713.5985	762.7491	864.2589	936.5695	1022.952	1123.476
370.5	0	0	0	0	0	0	0.315298	1.154719	16.00957	129.9365	310.8449	463.1241	538.9167	632.3553	715.3456	767.1385	851.3835	930.1495	1016.789	1113.661
371.15	0	0	0	0	0	0	0.2364735	1.154719	16.80017	129.1747	313.6967	466.0871	543.2203	634.1412	709.6279	769.3333	851.5623	922.7853	1001.877	1108.858
371.8	0	0	0	0	0	0	0.07882451	1.065894	17.59076	128.6306	308.1119	476.393	543.3591	632.653	711.3749	767.1385	851.3835	916.5541	1016.789	1108.44
372.45	0	0	0	0	0	0	0.157649	0.9770696	18.18371	127.8688	307.1613	465.0565	554.1874	640.8383	714.7103	763.5933	853.3505	909.7565	1009.631	1115.332
373.1	0	0	0	0	0	0	0.07882451	0.888245	18.28253	124.0599	303.8343	464.1547	549.4674	633.5459	712.6456	766.1256	848.3434	923.9183	1013.011	1100.296
373.75	0	0	0	0	0	0	0.07882451	1.243543	18.18371	126.6717	302.2896	456.4252	546.8297	642.4754	710.7397	756.8403	851.9199	932.793	1011.023	1100.505
374.4	0	0	0	0	0	0	0.07882451	1.154719	16.10839	129.0659	297.2989	450.3705	538.6391	639.2012	713.9161	765.788	858.1788	932.9819	1007.046	1099.67
375.05	0	0	0	0	0	0	0.157649	1.154719	16.80017	126.5629	312.2708	454.4929	543.3591	624.3188	713.5985	756.8403	858	925.2401	1009.631	1106.77
375.7	0	0	0	0	0	0	0.157649	1.687666	18.48018	129.0659	309.6566	450.3705	545.1638	635.6295	711.8514	757.5156	855.8541	923.163	1013.21	1107.605
376.35	0	0	0	0	0	0	0.157649	2.042964	18.9743	128.957	312.3896	455.6523	538.7779	634.4388	709.4691	751.269	861.04	920.1418	1002.473	1100.923
377	0	0	0	0	0	0	0.07882451	1.598841	19.3696	126.6717	308.8249	458.744	539.472	631.1647	711.0573	743.8408	847.807	941.8566	1006.052	1107.814
377.65	0	0	0	0	0	0	0.07882451	1.598841	20.65432	121.9923	303.4778	445.8616	537.5285	632.2065	710.422	741.9837	853.5294	921.2748	1013.607	1109.693
378.3	0	0	0	0	0	0	0	1.065894	20.5555	126.9982	304.9037	452.174	545.4415	624.3188	705.4985	762.2426	846.5552	926.5618	1010.824	1096.537
378.95	0	0	0	0	0	0	0	1.065894	18.87548	126.9982	310.8449	462.2223	539.0555	625.2117	707.4044	760.3856	851.9199	925.8066	1015.993	1109.902
379.6	0	0	0	0	0	0	0	1.065894	19.96255	127.107	305.6166	455.7811	544.0532	626.4023	708.8337	762.2426	855.4965	921.0859	1024.741	1101.549
380.25	0	0	0	0	0	0	0	1.154719	18.08488	125.6923	307.7555	456.8117	545.1638	625.5094	705.022	762.0738	856.927	932.4154	1016.987	1103.011
380.9	0	0	0	0	0	0	0	1.065894	19.56725	125.8011	312.8649	443.4139	541.2767	625.6582	712.9632	770.8527	847.807	930.716	1008.637	1099.67
381.55	0	0	0	0	0	0	0	1.332368	18.67783	126.6717	312.9837	445.3463	540.8603	635.0342	706.1337	751.6067	846.0187	923.5406	1008.239	1096.329
382.2	0	0	0	0	0	0	0	1.332368	19.7649	127.6511	309.6566	445.8616	539.3332	629.8253	702.7985	756.6714	839.4022	934.1148	1010.029	1106.352
382.85	0	0	0	0	0	0	0	1.065894	19.86373	127.9776	308.7061	451.4011	541.4156	633.0994	705.4985	751.7755	851.3835	932.2266	1006.251	1114.496
383.5	0	0	0	0	0	0	0	1.065894	19.7649	125.4747	312.8649	450.2416	540.5826	631.0159	708.9926	753.8014	839.0446	914.6659	997.5026	1099.252
384.15	0	0	0	0	0	0	0	0.888245	19.07313	125.5835	306.9237	443.9293	538.9167	626.7	703.2749	759.035	848.1646	915.9877	1002.076	1106.979
384.8	0	0	0	0	0	0	0	0.888245	19.66608	123.8423	300.2695	447.5363	539.1944	615.3893	701.2102	762.918	838.1505	919.953	991.5378	1096.746
385.45	0	0	0	0	0	0	0	1.154719	19.66608	127.6511	305.2602	444.831	535.3073	630.123	699.9396	744.0096	843.694	913.3441	997.3037	1105.517
386.1	0	0	0	0	0	0	0	1.065894	19.3696	128.3041	308.7061	449.8552	535.7238	633.8436	703.9102	757.0091	839.7599	915.9877	1000.883	1104.682
386.75	0	0	0	0	0	0	0	1.243543	18.18371	128.3041	310.0131	454.7505	544.3309	626.4023	697.8749	754.4767	829.3881	912.5888	996.9061	1106.352
387.4	0	0	0	0	0	0	0	1.510017	18.77666	128.0864	307.6367	451.2722	545.7191	634.7365	693.7454	759.035	838.1505	901.637	1002.672	1100.923
388.05	0	0	0	0	0	0	0	1.332368	19.66608	128.8482	303.8343	452.5605	547.8015	629.23	707.0867	755.3209	845.3035	900.8817	982.1931	1094.658
388.7	0	0	0	0	0	0	0	1.065894	19.3696	131.5688	307.8743	446.2481	545.025	624.17	718.3632	748.399	831.8916	911.2671	995.9119	1095.285
389.35	0	0	0	0	0	0	0	1.065894	19.66608	130.3718	302.7648	451.4011	536.2791	626.4023	708.1985	751.9443	836.3622	915.61	996.1108	1081.293
390	0	0	0	0	0	0	0	1.065894	21.44492	129.7188	300.9825	460.0323	539.6108	627.7418	705.1808	756.165	836.7198	916.9318	998.8943	1086.932
390.65	0	0	0	0	0	0	0	0.888245	19.96255	128.8482	299.4377	449.7263	543.4979	629.23	708.3573	757.8532	838.8658	901.8259	983.7836	1095.493
391.3	0	0	0	0	0	0	0	1.243543	20.06137	130.2629	302.1707	442.641	537.112	626.4023	689.9337	749.2432	834.9316	915.61	980.006	1083.799
391.95	0	0	0	0	0	0	0	1.421192	20.25902	125.4747	300.3883	452.947	536.1403	628.7835	690.4101	758.022	832.4281	905.0358	993.7249	1086.305
392.6	0	0	0	0	0	0	0.07882451	1.243543	18.67783	128.6306	297.893	445.604	530.4484	623.5747	698.8278	747.3861	838.5081	897.1052	1005.058	1104.473
393.25	0	0	0	0	0	0	0.07882451	1.687666	19.07313	127.107	298.9625	444.3157	534.752	614.794	696.6043	755.152	836.0046	912.2112	988.5554	1099.67
393.9	0	0	0	0	0	0	0.07882451	1.421192	19.27078	126.9982	305.1413	444.7022	533.0861	615.9846	701.5278	756.6714	836.8987	909.9453	993.7249	1094.658
394.55	0	0	0	0	0	0	0.07882451	1.243543	18.57901	125.257	306.4484	441.7392	536.5567	616.8776	696.1278	746.0355	837.614	903.3364	992.7308	1091.943
395.2	0	0	0	0	0	0	0.157649	1.332368	19.96255	127.3247	306.3296	442.3834	534.1967	619.5564	693.4278	748.0614	837.2563	920.7083	992.5319	1100.714
395.85	0	0	0	0	0	0	0.07882451	1.154719	19.07313	128.6306	302.5272	447.2787	536.1403	618.3658	690.7278	750.4249	838.3293	912.7776	997.3037	1081.502
396.5	0	0	0	0	0	0	0	1.154719	18.38136	126.8894	303.1213	449.8552	527.9496	614.6452	693.4278	749.0743	836.1834	906.7353	996.5084	1068.973
397.15	0	0	0	0	0	0	0	0.9770696	18.67783	129.9365	304.5472	441.2239	540.9991	616.7288	696.1278	749.0743	831.1763	920.7083	993.3272	1094.24
397.8	0	0	0	0	0	0	0.157649	0.9770696	18.87548	128.8482	303.4778	442.3834	540.0273	622.2352	698.3514	743.5031	841.3693	912.4	988.9531	1089.229
398.45	0	0	0	0	0	0	0.157649	1.598841	20.5555	126.0188	302.646	445.3463	538.6391	614.3475	693.4278	734.2178	839.0446	921.8412	992.9296	1090.482
399.1	0	0	0	0	0	0	0.157649	1.510017	20.35785	127.107	307.8743	438.7763	533.2249	618.3658	692.9513	752.282	840.8328	922.2189	991.7366	1087.349
399.75	0	0	0	0	0	0	0.07882451	1.598841	20.85197	125.257	308.4684	434.3962	531.4202	607.5016	692.4749	745.1913	841.3693	895.217	987.5613	1068.764
400.4	0	0	0	0	0	0	0.07882451	1.332368	21.84022	127.76	298.4872	443.1563	537.2509	617.4729	695.3337	730.8413	831.1763	897.8605	990.5437	1057.696
401.05	0	0	0	0	0	0	0.07882451	1.421192	21.93904	131.3512	307.0425	442.8987	533.0861	620.3005	686.7571	735.5684	835.2892	901.8259	985.1754	1069.808
401.7	0	0	0	0	0	0	0.07882451	1.510017	21.14844	129.8276	305.2602	440.3222	532.5308	620.1517	691.8395	737.0878	828.3151	897.6717	986.9648	1084.217
402.35	0	0	0	0	0	0	0.07882451	1.954139	21.14844	126.9982	299.7942	437.488	534.1967	622.2352	687.869	745.3602	837.0775	897.1052	974.2401	1091.317
403	0	0	0	0	0	0	0	1.243543	19.7649	132.8747	302.7648	442.3834	527.8108	629.6765	691.5219	733.7113	831.5339	897.8605	975.2342	1080.04
403.65	0	0	0	0	0	0	0.07882451	1.598841	19.86373	132.7659	302.5272	447.6652	526.006	626.9976	693.9042	743.6719	824.2021	895.4058	979.4095	1077.326
404.3	0	0	0	0	0	0	0.07882451	1.243543	19.66608	134.9424	306.5672	448.1805	530.032	630.8671	695.969	750.0873	832.4281	899.3711	980.8013	1072.523
404.95	0	0	0	0	0	0	0	1.332368	18.67783	132.2218	300.1507	445.8616	539.0555	621.7888	683.8983	749.7496	833.3222	904.6582	983.5848	1062.499
405.6	0	0	0	0	0	0	0	1.332368	18.87548	125.5835	300.0319	448.5669	531.0037	613.157	680.2454	746.7108	824.5598	894.2729	989.5496	1057.905
406.25	0	0	0	0	0	0	0.07882451	1.510017	20.06137	125.257	298.4872	442.2545	531.0037	614.4964	682.6277	739.4514	824.0233	891.8181	983.5848	1063.752
406.9	0	0	0	0	0	0	0	1.598841	20.5555	127.4335	307.2802	443.5428	537.8062	613.157	684.6924	736.7501	821.8774	894.084	974.2401	1068.973
407.55	0	0	0	0	0	0	0.157649	1.154719	19.56725	130.3718	302.5272	436.7151	530.8649	600.8045	691.9984	743.6719	823.8445	885.9646	987.3625	1074.193
408.2	0	0	0	0	0	0	0.07882451	0.9770696	19.17195	128.957	308.3496	443.6716	520.1754	599.4651	681.5159	740.2955	824.2021	894.4617	982.9883	1079.414
408.85	0	0	0	0	0	0	0.07882451	1.243543	20.85197	129.0659	304.9037	440.9663	526.839	615.3893	672.6218	736.4125	821.3409	902.0146	976.2283	1068.137
409.5	0	0	0	0	0	0	0.157649	1.154719	20.1602	127.3247	305.8543	440.7086	532.2532	600.0604	672.6218	743.3343	817.5856	903.5253	974.6378	1053.52
410.15	0	0	0	0	0	0	0.157649	0.7994205	20.75315	130.2629	302.7648	439.678	534.0579	613.157	686.2807	734.3866	822.5927	906.7353	978.6142	1068.973
410.8	0	0	0	0	0	0	0.157649	1.243543	18.9743	125.1482	301.4578	439.9357	533.6414	614.0499	689.9337	744.1784	825.4539	911.2671	981.1989	1070.017
411.45	0	0	0	0	0	0	0.157649	1.510017	19.66608	126.4541	301.8142	433.108	527.8108	607.3528	683.5807	748.9055	820.0892	884.0764	978.2166	1073.776
412.1	0	0	0	0	0	0	0.07882451	1.510017	18.87548	129.5012	291.3577	436.5862	524.0625	606.6087	685.0101	738.4384	827.5998	891.4405	971.6553	1077.534
412.75	0	0	0	0	0	0	0.07882451	1.510017	18.87548	125.8011	295.3977	434.0098	525.1731	610.7758	693.4278	738.4384	820.6257	890.6852	974.4389	1080.458
413.4	0	0	0	0	0	0	0.2364735	1.154719	20.06137	125.8011	295.7542	440.451	524.479	613.4546	688.1866	732.5295	818.8374	887.664	971.4565	1071.27
414.05	0	0	0	0	0	0	0.315298	1.243543	20.45667	130.1541	298.1307	442.7698	529.6155	606.311	678.3395	742.9966	821.3409	874.6351	964.8953	1061.664
414.7	0	0	0	0	0	0	0.157649	1.510017	20.75315	129.0659	306.686	440.451	525.8672	601.6974	675.0042	740.2955	821.6986	874.4463	957.9365	1063.543
415.35	0	0	0	0	0	0	0.07882451	1.421192	20.1602	132.5482	303.8343	440.451	528.6437	609.8828	665.9512	747.7238	830.9975	886.3422	960.1235	1061.664
416	0	0	0	0	0	0	0.07882451	1.421192	19.3696	132.5482	305.379	446.1193	523.6461	613.6035	673.8924	735.5684	830.2822	892.3846	962.5095	1063.961
416.65	0	0	0	0	0	0	0.07882451	1.243543	20.25902	132.1129	302.646	450.757	522.9519	610.9246	673.0983	726.283	809.8962	895.5946	962.5095	1070.226
417.3	0	0	0	0	0	0	0.07882451	0.9770696	19.27078	132.7659	301.1013	443.1563	521.8413	615.5381	680.563	725.6077	824.0233	889.3634	965.293	1065.423
417.95	0	0	0	0	0	0	0	1.243543	20.06137	130.0453	301.339	440.3222	522.5355	617.1752	680.8807	723.9195	815.2609	886.5311	974.0413	1067.72
418.6	0	0	0	0	0	0	0	1.598841	19.07313	128.0864	298.0119	438.1321	529.3378	610.3293	681.3571	728.8154	819.3739	897.4828	965.4918	1059.993
419.25	0	0	0	0	0	0	0	1.332368	19.46843	126.7805	294.8036	438.6474	522.9519	603.9299	679.61	731.8542	813.2938	888.2305	966.8835	1059.784
419.9	0	0	0	0	0	0	0	1.332368	20.75315	130.4806	292.7836	439.5492	524.7567	605.1204	677.2277	729.6595	808.2867	887.8528	982.3919	1063.126
420.55	0	0	0	0	0	0	0	0.7994205	19.66608	129.7188	295.0413	438.261	528.7825	606.4598	689.7748	722.0624	816.5127	881.6216	971.6553	1062.081
421.2	0	0	0	0	0	0	0	0.9770696	17.59076	129.9365	293.6154	430.2738	526.839	603.0369	681.6748	723.5818	811.6844	881.8104	968.2753	1059.367
421.85	0	0	0	0	0	0	0	0.9770696	19.56725	129.7188	290.7635	436.8439	520.8696	603.0369	674.21	727.8024	811.8633	878.9781	966.2871	1052.893
422.5	0	0	0	0	0	0	0	0.532947	19.56725	131.1335	289.813	436.071	525.7284	598.2745	671.8276	734.3866	812.5786	889.3634	962.1118	1051.223
423.15	0	0	0	0	0	0	0	0.532947	18.48018	129.3923	300.1507	438.1321	529.3378	601.5486	664.3629	721.8936	810.2538	892.1958	966.2871	1047.464
423.8	0	0	0	0	0	0	0	0.4441225	19.46843	128.0864	299.0813	433.8809	517.6766	600.5069	687.869	715.6471	813.4727	891.4405	965.4918	1052.684
424.45	0	0	0	0	0	0	0	0.355298	19.3696	129.61	295.0413	436.3286	521.4249	599.9116	685.1689	723.5818	807.7503	897.4828	972.2518	1045.375
425.1	0	0	0	0	0	0	0	0.6217715	19.46843	129.8276	295.873	440.5798	517.1213	602.1439	669.6041	720.3741	807.3926	878.2228	968.2753	1039.32
425.75	0	0	0	0	0	0	0	0.7994205	19.7649	128.957	297.7742	442.1257	525.4507	602.5904	678.4983	726.7895	793.9808	879.3557	959.527	1048.508
426.4	0	0	0	0	0	0	0	0.6217715	19.07313	130.8071	297.1801	436.5862	520.0366	593.8098	680.4042	727.296	815.9762	873.1245	958.533	1055.399
427.05	0	0	0	0	0	0	0	0.6217715	19.17195	131.1335	294.5659	434.0098	515.4554	598.8698	679.2924	726.4518	801.3126	877.4675	956.9423	1053.729
427.7	0	0	0	0	0	0	0	0.710596	19.56725	131.1335	293.6154	433.108	517.2601	596.0421	674.5276	716.1536	801.1338	885.5869	950.7788	1056.652
428.35	0	0	0	0	0	0	0	0.9770696	19.17195	131.3512	299.9131	435.9421	514.206	594.4051	668.1747	720.543	802.5644	876.3345	953.1647	1061.873
429	0	0	0	0	0	0	0	0.6217715	20.75315	132.8747	300.1507	435.5557	511.5683	605.4181	667.5394	730.166	800.0609	886.5311	966.8835	1048.508
429.65	0	0	0	0	0	0	0	0.888245	21.74139	128.7394	300.5072	438.5186	506.0153	594.4051	672.3041	727.9713	805.2468	868.4039	958.7318	1034.099
430.3	0	0	0	0	0	0	0	1.243543	22.33434	130.0453	301.339	437.2304	508.3753	604.674	678.0218	728.8154	806.4985	879.1669	955.7494	1053.52
430.95	0	0	0	0	0	0	0	0.7994205	20.35785	129.8276	294.9224	428.9856	510.8742	603.1857	677.863	726.4518	812.3997	886.7198	950.58	1050.178
431.6	0	0	0	0	0	0	0	0.7994205	18.57901	127.2158	291.833	427.4397	508.5142	594.2562	670.2394	729.153	797.7361	883.321	949.1882	1053.102
432.25	0	0	0	0	0	0	0	1.065894	19.07313	130.8071	289.813	430.918	510.7354	595.298	660.2335	714.6342	797.1996	880.6775	949.5858	1040.781
432.9	0	0	0	0	0	0	0	0.710596	19.3696	128.0864	294.2095	430.6603	521.0084	595.4468	665.6335	715.9847	802.9221	868.0262	950.9776	1030.34
433.55	0	0	0	0	0	0	0	1.065894	19.56725	127.76	298.8436	427.5685	516.9825	604.3763	677.0688	723.7507	796.4844	874.2574	943.6211	1040.573
434.2	0	0	0	0	0	0	0	0.9770696	19.07313	128.4129	292.5459	424.3479	521.286	597.3816	678.8159	733.2048	796.1267	890.6852	955.9482	1045.584
434.85	0	0	0	0	0	0	0	0.9770696	20.1602	129.2835	289.5753	436.7151	508.653	594.4051	675.0042	715.3094	808.6444	875.3904	943.4223	1037.231
435.5	0	0	0	0	0	0	0	1.065894	19.56725	130.8071	292.0706	431.8197	508.2365	593.0657	676.1159	722.9066	799.1667	876.1457	948.5917	1030.34
436.15	0	0	0	0	0	0	0	0.7994205	20.65432	129.8276	292.5459	437.488	514.6224	597.3816	672.463	721.0494	799.1667	877.8452	949.387	1031.802
436.8	0	0	0	0	0	0	0	0.888245	18.9743	128.6306	295.3977	438.7763	514.0671	601.6974	665.157	728.4777	793.9808	876.901	961.1177	1042.034
437.45	0	0	0	0	0	0	0	1.332368	20.45667	129.2835	295.5165	431.5621	513.373	593.0657	671.3512	727.9713	794.3384	870.481	961.3165	1032.637
438.1	0	0	0	0	0	0	0	1.243543	21.54374	126.2364	300.0319	437.8745	514.9001	590.3868	669.9218	720.543	796.1267	881.0551	962.9071	1040.781
438.75	0	0	0	0	0	0	0	1.065894	19.96255	123.407	301.339	437.2304	507.4036	600.358	665.157	715.3094	788.0796	874.8239	950.7788	1053.937
439.4	0	0	0	0	0	0	0	1.065894	19.66608	122.1011	299.3189	431.5621	516.1495	604.0787	666.2688	708.7253	783.4302	874.0687	939.6446	1040.155
440.05	0	0	0	0	0	0	0	1.065894	21.04962	121.8834	297.7742	431.3044	509.9024	594.1074	666.4276	710.4135	795.5902	879.9222	933.0834	1038.902
440.7	0	0	0	0	0	0	0	0.7994205	18.77666	123.6246	293.853	430.7892	507.5424	586.9639	663.8864	714.2965	796.4844	878.9781	939.0482	1044.331
441.35	0	0	0	0	0	0	0	1.065894	20.75315	125.4747	295.0413	426.9244	509.0695	591.4286	655.3099	716.9977	797.9149	876.7122	944.814	1039.946
442	0	0	0	0	0	0	0	0.9770696	21.24727	129.7188	293.6154	429.2433	504.6271	588.7498	650.8628	715.8159	797.7361	876.1457	936.4634	1018.019
442.65	0	0	0	0	0	0	0	1.065894	21.54374	129.2835	292.5459	441.9969	508.653	591.5774	648.4805	718.5171	796.6631	870.481	940.2411	1026.581
443.3	0	0	0	0	0	0	0	0.888245	19.96255	129.3923	293.6154	436.5862	510.7354	595.0004	651.0217	710.0759	796.4844	879.5446	937.0599	1029.296
443.95	0	0	0	0	0	0	0	0.9770696	20.65432	128.7394	292.6648	435.298	519.0648	591.1309	662.2982	718.0106	806.6774	875.0128	941.0364	1035.77
444.6	0	0	0	0	0	0	0	0.9770696	20.5555	126.9982	294.3283	427.3109	507.82	587.4103	654.9922	710.5823	793.4443	867.6486	941.0364	1035.978
445.25	0	0	0	0	0	0	0	1.065894	20.5555	129.5012	291.9518	426.7956	515.5942	589.9404	658.6452	717.5042	784.3243	866.7045	932.0893	1028.252
445.9	0	0	0	0	0	0	0	1.421192	21.54374	131.5688	291.12	431.5621	513.7895	599.1675	670.2394	714.9718	783.4302	870.1033	936.6622	1034.099
446.55	0	0	0	0	0	0	0	1.154719	20.1602	126.6717	293.2589	429.5009	512.4012	595.4468	653.404	718.6859	795.5902	863.6833	941.8317	1037.022
447.2	0	0	0	0	0	0	0	1.065894	20.5555	127.6511	293.2589	426.7956	514.3448	590.9821	659.4393	719.6989	782.7148	851.9762	943.2234	1027.625
447.85	0	0	0	0	0	0	0	0.9770696	21.04962	130.0453	295.2789	429.5009	513.2342	581.6061	661.0276	706.0241	789.689	851.7874	933.4811	1032.637
448.5	0	0	0	0	0	0	0	1.065894	21.84022	128.4129	292.3083	427.955	504.7659	596.6375	660.71	708.5565	785.576	857.2632	919.961	1031.175
449.15	0	0	0	0	0	0	0	1.065894	21.14844	130.2629	293.7342	435.298	508.7918	599.1675	653.404	710.5823	785.7549	859.3403	939.6446	1028.252
449.8	0	0	0	0	0	0	0	0.888245	19.56725	130.9159	290.0506	435.6845	513.0954	597.2327	656.7393	708.3876	789.1525	857.0744	947.5976	1024.075
450.45	0	0	0	0	0	0	0	1.154719	19.7649	131.0247	295.6354	433.108	519.2037	586.2197	654.9922	708.7253	790.9408	857.8297	943.4223	1016.975
451.1	0	0	0	0	0	0	0	0.9770696	19.3696	133.6365	290.2883	434.3962	512.2625	586.2197	651.0217	707.2059	783.7878	864.8162	934.674	1016.349
451.75	0	0	0	0	0	0	0	1.243543	20.1602	126.9982	287.3177	434.7827	509.4859	580.8621	652.9276	701.1282	773.0583	860.8509	929.3057	1020.525
452.4	0	0	0	0	0	0	0	1.154719	19.96255	125.257	284.7035	428.2126	505.0435	583.2432	650.0687	705.8553	779.1384	855.375	931.8904	1024.075
453.05	0	0	0	0	0	0	0	0.710596	20.75315	124.3864	281.02	430.145	505.1824	573.5696	643.0804	709.2318	785.3972	853.6756	939.0482	1015.931
453.7	0	0	0	0	0	0	0	0.6217715	20.65432	127.6511	287.3177	430.0162	509.0695	582.3503	642.4451	708.05	792.0137	869.348	933.6799	1022.614
454.35	0	0	0	0	0	0	0	0.6217715	21.44492	125.91	288.5059	418.9373	510.7354	584.8803	652.1334	699.1023	784.5031	861.6062	931.294	1030.758
455	0	0	0	0	0	0	0	0.888245	20.95079	124.2776	292.4271	428.0838	510.7354	580.1179	642.2863	705.6865	780.9266	851.9762	915.388	1017.393
455.65	0	0	0	0	0	0	0	0.9770696	20.85197	125.8011	289.4565	420.8697	512.9565	587.1127	645.7805	706.3618	790.762	860.6621	929.3057	1021.778
456.3	0	0	0	0	0	0	0.07882451	0.888245	22.03786	126.5629	293.3777	431.9486	503.3777	593.5121	650.0687	691.674	778.7807	859.9068	915.5869	1011.755
456.95	0	0	0	0	0	0	0	0.710596	21.24727	128.1953	293.4965	431.6909	501.8506	597.9769	648.4805	692.5181	780.2113	852.9203	925.3292	1007.161
457.6	0	0	0	0	0	0	0	0.710596	20.25902	129.9365	286.7235	435.5557	513.0954	586.2197	650.3864	695.5569	778.6019	856.1303	934.674	1008.205
458.25	0	0	0	0	0	0	0.07882451	0.888245	18.67783	125.3658	285.4165	431.4333	512.1236	586.0709	648.6393	696.5699	789.8679	860.0956	931.6917	1015.722
458.9	0	0	0	0	0	0	0	0.9770696	19.3696	129.0659	292.0706	427.0532	504.3494	583.5409	648.9569	693.6999	788.6161	856.1303	928.1128	1012.172
459.55	0	0	0	0	0	0	0.07882451	0.9770696	20.65432	130.6982	291.12	420.612	504.0718	589.345	644.351	699.2711	783.4302	855.1862	922.5457	1009.249
460.2	0	0	0	0	0	0	0.07882451	1.154719	20.06137	130.0453	293.4965	421.6426	498.5188	585.7733	647.3687	693.8687	773.0583	847.0667	915.7856	999.2253
460.85	0	0	0	0	0	0	0.07882451	0.888245	19.3696	126.1276	294.5659	425.6362	499.2129	589.6427	647.3687	696.2322	781.2842	851.7874	921.7504	1005.281
461.5	0	0	0	0	0	0	0.07882451	0.9770696	20.25902	130.4806	298.2495	424.3479	490.3282	585.0291	646.2569	701.8035	774.489	858.3962	933.4811	1007.996
462.15	0	0	0	0	0	0	0	1.421192	20.06137	124.4952	296.9424	417.7779	494.6317	589.4939	647.051	701.4658	777.1713	851.4097	927.1187	1020.525
462.8	0	0	0	0	0	0	0	0.888245	18.57901	124.8217	291.9518	420.8697	492.6882	582.2015	642.4451	695.8946	791.8349	850.8432	927.3175	1011.964
463.45	0	0	0	0	0	0	0	0.7994205	20.95079	126.2364	293.14	420.8697	499.2129	585.178	650.704	696.2322	785.7549	848.0109	929.1069	1021.778
464.1	0	0	0	0	0	0	0	1.154719	21.34609	125.6923	288.2682	419.5814	508.7918	587.7079	643.5569	692.8558	782.3572	848.955	920.3586	1020.734
464.75	0	0	0	0	0	0	0	1.065894	22.72964	124.0599	289.6942	425.765	501.5729	578.0344	641.4922	691.8428	785.3972	856.6968	925.1304	1010.293
465.4	0	0	0	0	0	0	0	0.710596	21.04962	123.6246	288.8624	426.9244	499.3517	589.345	641.651	694.7128	783.609	845.9338	917.5751	1009.875
466.05	0	0	0	0	0	0	0	0.6217715	19.7649	126.7805	283.7529	427.4397	493.7988	581.4573	644.9863	691.3364	778.6019	840.4579	923.5399	995.0488
466.7	0	0	0	0	0	0	0	1.065894	20.06137	127.6511	285.4165	418.8085	493.9376	582.7968	647.5275	703.1541	770.7336	841.0244	909.6221	1004.864
467.35	0	0	0	0	0	0	0	1.154719	19.7649	122.2099	281.7329	421.3849	490.3282	585.7733	648.7981	692.0117	770.1971	839.1361	921.7504	1020.108
468	0	0	0	0	0	0	0	1.332368	19.7649	121.1217	281.2576	418.0355	489.7729	583.2432	639.4274	689.6481	768.9454	844.9897	920.5574	1002.984
468.65	0	0	0	0	0	0	0	1.332368	18.9743	125.6923	284.347	424.8632	488.5234	580.5644	638.7922	692.5181	769.6606	851.7874	916.1833	1006.534
469.3	0	0	0	0	0	0	0	1.154719	19.86373	127.3247	285.06	419.5814	487.8293	582.9456	648.3217	693.1934	771.6277	848.955	911.8092	1003.193
469.95	0	0	0	0	0	0	0	1.065894	19.07313	125.8011	290.4071	420.4832	491.7164	581.3085	648.004	692.5181	765.3689	835.1708	914.3939	994.0046
470.6	0	0	0	0	0	0	0	1.065894	19.07313	125.4747	290.6447	422.5444	493.3823	573.1232	640.3804	697.7517	772.8795	843.6679	906.8386	1001.94
471.25	0	0	0	0	0	0	0	0.888245	20.75315	121.7746	290.8824	420.3544	501.1565	575.0579	644.8275	695.8946	765.3689	853.4868	911.0139	1008.622
471.9	0	0	0	0	0	0	0	0.888245	19.17195	122.9717	291.4765	428.3415	498.6576	576.6949	647.8452	692.5181	777.3501	849.1438	922.9434	1006.952
472.55	0	0	0	0	0	0	0	1.065894	20.06137	127.107	290.5259	424.4767	489.9117	578.332	640.0627	693.6999	767.3359	847.0667	929.5046	999.0164
473.2	0	0	0	0	0	0	0	1.065894	20.75315	124.0599	287.7929	424.4767	482.8316	576.8438	650.3864	688.9728	775.7407	843.2902	904.8503	995.6752
473.85	0	0	0	0	0	0	0	1.243543	19.07313	126.6717	281.6141	421.5138	481.721	578.0344	656.5805	679.0121	766.9783	831.5831	907.2362	1015.722
474.5	0	0	0	0	0	0	0	1.065894	20.35785	124.4952	288.0306	421.9003	486.9964	580.8621	644.9863	679.3498	768.0513	837.059	898.0903	999.6429
475.15	0	0	0	0	0	0	0	0.888245	19.27078	125.5835	281.6141	415.459	483.1093	583.9874	640.8569	688.1287	774.3101	828.1843	912.4056	1008.205
475.8	0	0	0	0	0	0	0	1.421192	18.77666	122.754	284.7035	429.2433	486.4411	579.6714	641.1745	689.4793	770.0183	838.0032	922.1481	1016.14
476.45	0	0	0	0	0	0	0	1.065894	17.98606	123.8423	287.1988	419.7102	481.721	580.2667	636.0922	692.687	766.4418	838.5696	918.5692	1003.193
477.1	0	0	0	0	0	0	0	1.065894	18.08488	122.3187	285.6541	411.079	487.6905	575.802	633.0745	693.8687	764.6536	839.5137	921.5516	990.4547
477.75	0	0	0	0	0	0	0	0.888245	20.35785	121.9923	284.5847	414.5573	495.3258	573.4208	617.192	688.4663	768.5877	838.192	923.1422	999.4341
478.4	0	0	0	0	0	0	0	0.888245	21.14844	125.0394	286.3671	416.8761	497.1306	584.7315	643.7157	679.0121	767.8724	834.7932	913.0021	1001.313
479.05	0	0	0	0	0	0	0	0.710596	20.1602	125.91	289.813	420.9985	491.0223	581.6061	638.4745	686.7781	770.5548	834.7932	911.0139	988.3664
479.7	0	0	0	0	0	0	0	0.7994205	20.5555	127.9776	292.3083	418.1643	489.7729	578.332	642.4451	685.7651	770.376	847.4444	904.4527	1002.984
480.35	0	0	0	0	0	0	0	1.243543	21.34609	129.3923	294.5659	412.7537	490.3282	588.6009	646.5746	680.0251	765.9053	839.5137	906.8386	991.0811
481	0	0	0	0	0	0	0	0.888245	20.5555	129.7188	286.9612	415.0726	486.4411	576.6949	635.9333	678.3369	766.4418	838.3808	913.7974	997.3458
481.65	0	0	0	0	0	0	0	0.888245	21.34609	126.3453	292.4271	414.5573	488.5234	580.5644	637.6804	685.5963	770.376	831.2054	896.6985	988.5752
482.3	0	0	0	0	0	0	0	0.9770696	20.25902	125.4747	290.2883	412.4961	481.5822	576.8438	641.651	695.5569	763.0442	838.192	912.008	986.2781
482.95	0	0	0	0	0	0	0	0.9770696	20.5555	124.6041	292.4271	419.1949	492.4105	575.5043	639.9039	696.0634	757.1429	834.9819	912.4056	992.1252
483.6	0	0	0	0	0	0	0	1.332368	21.34609	124.8217	292.1895	413.0114	484.914	573.5696	639.2686	684.2457	759.11	837.059	911.4116	975.6281
484.25	0	0	0	0	0	0	0	0.888245	20.75315	122.1011	288.2682	416.232	481.721	571.9326	639.5863	685.934	756.6065	826.1072	895.1079	980.6399
484.9	0	0	0	0	0	0	0	0.888245	22.23551	122.9717	283.1588	421.2561	490.467	563.1519	642.9216	689.6481	763.223	834.7932	901.2715	991.2899
485.55	0	0	0	0	0	0	0	0.9770696	21.04962	121.6658	288.5059	422.2867	488.5234	564.789	648.9569	681.8822	767.3359	832.7161	903.2597	983.1458
486.2	0	0	0	0	0	0	0	1.154719	21.04962	123.0805	287.6741	416.4896	483.3869	567.9143	632.7568	679.5186	753.9241	831.3943	893.7161	986.2781
486.85	0	0	0	0	0	0	0	1.332368	20.45667	122.5364	292.6648	417.1338	485.3305	575.5043	636.251	683.2328	755.3547	831.5831	902.4644	984.1899
487.5	0	0	0	0	0	0	0	1.421192	22.33434	124.8217	291.7142	414.8149	496.1588	574.1649	631.9627	686.7781	755.8912	827.8066	909.8209	979.3869
488.15	0	0	0	0	0	0	0	0.888245	21.74139	124.3864	286.0106	412.1096	493.7988	581.0109	629.898	685.7651	762.5077	815.1554	895.5056	985.4429
488.8	0	0	0	0	0	0	0	1.065894	21.64257	121.7746	286.4859	425.2497	483.6646	582.4991	642.6039	671.415	764.8324	830.4502	903.6573	986.2781
489.45	0	0	0	0	0	0	0	1.065894	21.14844	126.1276	294.9224	421.1273	479.0834	573.4208	641.3334	674.1163	764.1171	826.6737	891.7279	972.9134
490.1	0	0	0	0	0	0	0	1.065894	20.45667	128.0864	289.1	418.0355	478.3893	574.3138	640.2216	665.1686	751.2418	819.876	888.9443	976.0457
490.75	0	0	0	0	0	0	0	0.7994205	20.25902	125.91	286.9612	416.3608	485.3305	564.6402	643.8746	673.7786	758.9312	826.6737	890.9326	986.4869
491.4	0	0	0	0	0	0	0	0.6217715	21.34609	127.76	288.3871	413.6555	481.8599	571.4861	635.6157	673.6098	766.7995	826.296	898.4879	988.3664
492.05	0	0	0	0	0	0	0	0.9770696	23.12494	127.3247	285.2976	422.802	488.6623	568.9561	637.8392	677.8304	753.2088	839.5137	901.868	980.0134
492.7	0	0	0	0	0	0	0	0.7994205	21.64257	123.9511	285.1788	416.4896	484.4975	569.5514	630.5333	676.9863	754.4606	832.3384	899.0844	984.3987
493.35	0	0	0	0	0	0	0	0.9770696	21.24727	123.1893	290.2883	415.2014	483.2481	573.8673	632.598	666.688	753.03	821.1978	902.4644	982.937
494	0	0	0	0	0	0	0	0.9770696	22.23551	127.3247	279.9505	415.459	489.2176	576.2485	640.8569	677.3239	741.2276	826.296	895.1079	982.1016
494.65	0	0	0	0	0	0	0	0.710596	22.23551	123.0805	279.5941	417.1338	492.1329	571.6349	637.5215	679.5186	740.5123	823.086	892.722	984.6075
495.3	0	0	0	0	0	0	0	0.6217715	21.04962	125.4747	285.1788	418.422	488.6623	567.0214	628.3098	676.311	743.1946	819.1207	890.535	986.2781
495.95	0	0	0	0	0	0	0	0.6217715	20.06137	125.5835	281.2576	417.2626	493.6599	570.2955	633.8686	673.2722	738.7241	811.3789	884.3714	978.5516
496.6	0	0	0	0	0	0	0	0.532947	21.34609	124.7129	281.6141	418.6797	490.1893	564.1937	626.7215	672.7656	744.9829	817.9877	885.1667	963.7251
497.25	0	0	0	0	0	0	0	0.4441225	21.44492	128.6306	280.1882	416.1031	483.8034	555.5619	626.5627	672.2592	748.9171	820.6313	892.1255	982.1016
497.9	0	0	0	0	0	0	0	0.532947	21.24727	127.6511	282.327	414.2996	479.9163	564.4913	632.1215	669.558	745.5193	818.1766	875.0267	980.431
498.55	0	0	0	0	0	0	0	0.710596	19.17195	130.1541	288.9812	407.4719	481.4434	565.8307	625.9274	675.1292	747.1288	815.9107	878.8043	982.5193
499.2	0	0	0	0	0	0	0	0.532947	19.7649	126.6717	287.6741	408.7602	481.1657	565.0867	620.2097	677.8304	736.0417	824.9742	885.962	985.4429
499.85	0	0	0	0	0	0	0	0.4441225	21.54374	126.5629	288.6247	417.1338	486.0246	563.0031	621.1627	663.8179	747.8441	823.2748	889.7397	978.7604
500.5	0	0	0	0	0	0	0	0.6217715	20.65432	123.0805	287.1988	408.889	485.0528	556.7525	624.6568	676.4798	744.0887	829.8837	882.9796	975.8369
501.15	0	0	0	0	0	0	0	0.6217715	20.06137	123.8423	291.2389	411.3366	483.9422	560.3243	636.0922	675.298	746.7711	821.9531	876.0208	970.4075
501.8	0	0	0	0	0	0	0	0.532947	20.5555	125.6923	287.7929	407.9872	488.5234	551.246	634.8215	672.9345	733.8958	814.0225	878.2078	973.5399
502.45	0	0	0	0	0	0	0	0.355298	20.95079	126.1276	289.1	413.3978	481.4434	569.9979	641.0157	683.2328	732.1075	817.9877	884.5703	974.584
503.1	0	0	0	0	0	0	0	0.355298	21.44492	127.107	291.3577	412.2384	483.5258	565.9796	627.5156	678.168	741.764	814.0225	881.389	969.5722
503.75	0	0	0	0	0	0	0	0.710596	20.85197	124.6041	293.0212	411.7231	481.4434	566.5749	624.6568	670.5709	749.4535	823.2748	898.8856	967.2751
504.4	0	0	0	0	0	0	0.07882451	0.888245	20.25902	123.6246	286.4859	415.459	483.6646	559.2825	633.551	665.675	739.797	825.1631	896.4997	966.4398
505.05	0	0	0	0	0	0	0	0.7994205	19.56725	120.7952	288.7436	411.7231	473.2527	548.2695	626.5627	667.8698	746.5923	814.9666	891.3303	966.0222
505.7	0	0	0	0	0	0	0.07882451	0.710596	19.17195	119.2717	286.4859	407.7296	478.6669	556.7525	623.3862	658.7532	733.7169	823.8413	893.5173	972.0781
506.35	0	0	0	0	0	0	0.07882451	1.065894	18.38136	118.8364	283.7529	410.8214	474.7798	561.2172	622.2744	662.1297	737.6511	814.7778	891.1314	975.6281
507	0	0	0	0	0	0	0.07882451	1.243543	19.07313	123.9511	286.6047	416.6184	476.4457	559.2825	631.9627	657.2338	743.5523	814.5889	881.7867	964.7692
507.65	0	0	0	0	0	0	0	0.888245	18.9743	122.9717	286.8423	408.116	480.8881	554.5201	627.8333	658.7532	739.4393	814.5889	887.3538	954.328
508.3	0	0	0	0	0	0	0	1.065894	19.7649	123.8423	286.4859	417.0049	480.7493	561.5148	619.7332	658.0779	743.1946	816.8548	886.3596	959.5486
508.95	0	0	0	0	0	0	0	1.154719	18.87548	123.407	283.8717	415.2014	473.2527	562.5566	620.0508	673.7786	749.8112	807.98	896.4997	963.3074
509.6	0	0	0	0	0	0	0	0.7994205	19.07313	120.4687	280.6635	409.7907	473.2527	554.6689	627.0391	670.2333	749.0958	796.6506	886.7573	965.3957
510.25	0	0	0	0	0	0	0	0.9770696	19.46843	119.4893	283.1588	404.6378	479.0834	559.8778	619.892	665.1686	739.2605	799.2941	887.5526	969.5722
510.9	0	0	0	0	0	0	0.07882451	0.9770696	19.66608	120.1423	277.6929	409.0178	480.7493	558.0919	615.4449	670.9086	744.2676	814.9666	881.1902	954.9545
511.55	0	0	0	0	0	0	0.07882451	0.888245	18.77666	120.0334	281.2576	412.3672	475.7516	556.1572	612.5861	667.7009	756.9641	823.086	880.7925	956.6251
512.2	0	0	0	0	0	0	0.07882451	0.9770696	20.75315	121.9923	279.5941	403.0919	468.8104	556.7525	625.2921	659.5974	756.9641	811.7565	881.1902	957.0427
512.85	0	0	0	0	0	0	0.07882451	0.9770696	21.44492	122.9717	281.4952	401.546	470.8927	552.5854	632.598	669.2203	739.9758	811.1901	876.4184	960.5927
513.5	0	0	0	0	0	0	0.07882451	1.332368	20.75315	124.9305	281.4952	405.7972	477.834	556.1572	636.0922	667.0256	740.5123	816.2883	875.6231	967.9016
514.15	0	0	0	0	0	0	0	1.154719	20.35785	123.407	287.4365	398.0677	471.5869	556.6036	624.3391	656.8962	747.3076	809.8683	881.5878	962.2633
514.8	0	0	0	0	0	0	0	0.9770696	20.65432	125.0394	284.1094	406.8278	470.4763	543.8047	619.7332	663.9868	738.1876	813.0783	875.822	962.681
515.45	0	0	0	0	0	0	0.07882451	0.888245	20.75315	125.6923	286.7235	409.9196	475.3351	544.8465	619.5744	663.3115	740.6911	812.5118	885.3655	959.131
516.1	0	0	0	0	0	0	0.07882451	0.9770696	18.9743	121.4482	283.04	407.8584	476.0292	549.4601	618.9391	662.4673	741.5852	799.6718	885.5643	958.7133
516.75	0	0	0	0	0	0	0.07882451	1.154719	19.46843	120.904	284.5847	403.8648	479.4998	542.763	609.2508	659.935	735.1475	811.5677	882.582	952.0309
517.4	0	0	0	0	0	0	0.07882451	1.065894	20.25902	119.9246	281.3764	403.4784	479.361	551.5436	626.245	671.5839	738.9028	813.2672	881.1902	962.681
518.05	0	0	0	0	0	0	0	0.9770696	20.5555	116.6599	284.8223	403.8648	487.8293	550.5018	627.198	662.1297	741.764	814.2112	874.8278	965.6045
518.7	0	0	0	0	0	0	0.07882451	0.888245	21.64257	122.6452	286.0106	403.9937	474.0857	544.9954	618.7803	655.7144	733.7169	812.7007	872.6407	964.5604
519.35	0	0	0	0	0	0	0.07882451	1.154719	18.77666	127.76	286.2482	406.699	470.4763	547.9718	628.3098	660.1038	748.9171	811.1901	873.0384	963.0986
520	0	0	0	0	0	0	0.07882451	1.154719	19.96255	126.0188	280.9011	410.1772	469.2268	542.9118	621.3215	663.1426	743.91	808.9242	868.4655	960.8016
520.65	0	0	0	0	0	0	0	1.598841	19.66608	125.1482	283.9906	400.3866	474.5022	546.9301	612.4273	660.7791	738.1876	812.7007	878.6055	951.1956
521.3	0	0	0	0	0	0	0	1.065894	21.34609	121.4482	286.1294	401.546	474.641	547.0789	610.3625	656.3896	742.1217	803.0706	868.4655	964.5604
521.95	0	0	0	0	0	0	0	1.421192	23.02611	121.0128	280.1882	415.2014	478.5281	542.1677	615.2861	664.1556	738.7241	802.5042	863.296	960.5927
522.6	0	0	0	0	0	0	0	1.332368	21.14844	121.3393	279.9505	406.4413	466.4503	543.8047	609.4096	657.9091	740.3334	789.8529	864.0913	957.0427
523.25	0	0	0	0	0	0	0	0.710596	22.33434	124.3864	286.3671	401.2883	473.6692	546.4836	618.145	653.5197	731.571	799.2941	854.5477	963.5163
523.9	0	0	0	0	0	0	0	0.7994205	22.63081	121.557	290.5259	403.0919	479.2222	548.2695	625.6097	657.7403	723.3452	795.5176	862.103	952.8662
524.55	0	0	0	0	0	0	0	0.9770696	22.43316	126.8894	291.3577	406.5701	481.721	544.1024	621.1627	659.2597	729.9616	804.9589	860.5125	948.8986
525.2	0	0	0	0	0	0	0	1.065894	22.13669	122.6452	289.1	397.4236	470.0598	551.3948	615.1273	660.4415	737.6511	799.6718	861.3077	943.8868
525.85	0	0	0	0	0	0	0	0.888245	20.45667	124.9305	286.1294	401.9325	473.6692	553.4783	620.2097	653.0132	723.1663	806.8471	865.4831	936.9955
526.5	0	0	0	0	0	0	0	0.710596	19.96255	121.557	283.9906	402.0613	481.721	553.3295	621.1627	655.5455	736.0417	798.7277	861.3077	960.3839
527.15	0	0	0	0	0	0	0	0.7994205	21.14844	126.5629	283.8717	398.9695	483.2481	550.5018	606.2332	658.4156	733.7169	799.8606	861.5066	949.9427
527.8	0	0	0	0	0	0	0	0.7994205	19.86373	129.61	287.1988	396.1353	477.1398	553.0319	605.439	671.5839	729.2463	795.7065	864.0913	944.722
528.45	0	0	0	0	0	0	0	1.065894	18.67783	124.1688	286.3671	398.583	470.6151	544.6977	611.1567	664.3244	730.3193	794.9512	873.6349	945.7662
529.1	0	0	0	0	0	0	0	0.888245	20.5555	124.9305	283.9906	400.5154	473.3916	545.293	604.3273	650.312	725.491	799.8606	865.2842	950.9868
529.75	0	0	0	0	0	0	0	1.154719	20.45667	126.3453	281.8517	399.8713	474.2245	540.6794	608.4567	664.3244	727.1005	814.0225	861.5066	952.2397
530.4	0	0	0	0	0	0	0	1.421192	21.74139	124.8217	282.6835	398.0677	471.1704	533.387	611.3156	657.2338	734.0746	795.8953	868.6642	928.6426
531.05	0	0	0	0	0	0	0	1.065894	21.04962	126.2364	278.7623	395.2336	469.7821	546.3348	607.5037	655.3767	730.6769	791.3635	850.1736	948.4809
531.7	0	0	0	0	0	0	0.07882451	1.243543	19.56725	125.1482	281.1388	397.8101	470.1986	542.763	604.9625	653.3508	735.684	800.0494	849.9747	940.9632
532.35	0	0	0	0	0	0	0	1.243543	19.66608	119.4893	283.8717	397.0371	468.6715	541.1259	607.8214	646.9355	721.1992	804.77	863.4948	948.8986
533	0	0	0	0	0	0	0	0.9770696	19.86373	121.6658	284.5847	397.9389	477.2787	544.1024	613.8567	652.8444	718.1592	806.0918	859.7172	935.7426
533.65	0	0	0	0	0	0	0	1.332368	19.3696	125.91	289.3377	403.3495	467.9774	548.2695	608.6155	650.1432	715.8345	804.9589	856.7348	939.5015
534.3	0	0	0	0	0	0	0	1.421192	21.34609	125.3658	285.7729	403.9937	463.1186	546.1859	608.7744	653.3508	728.7098	798.9165	856.1383	935.7426
534.95	0	0	0	0	0	0	0	1.243543	20.1602	126.2364	290.5259	406.5701	464.9233	536.6612	607.3449	656.5585	721.0204	788.5311	855.7407	930.9396
535.6	0	0	0	0	0	0	0.157649	1.510017	21.44492	125.0394	278.9999	397.6812	466.0339	540.3818	598.9272	658.0779	713.6886	786.6429	856.7348	934.4897
536.25	0	0	0	0	0	0	0.07882451	1.510017	21.93904	122.9717	274.8411	394.4606	466.8668	546.3348	592.2566	653.182	719.0533	803.0706	855.9395	946.1838
536.9	0	0	0	0	0	0	0	1.332368	22.13669	122.4276	280.0694	398.0677	464.6456	544.8465	592.0978	652.1691	728.3522	798.5388	854.5477	942.8427
537.55	0	0	0	0	0	0	0	1.154719	20.65432	126.0188	276.7423	401.9325	464.368	532.3453	605.5978	650.6497	718.8745	784.377	857.9277	933.6544
538.2	0	0	0	0	0	0	0.07882451	1.154719	19.96255	124.4952	275.9105	397.6812	467.5609	534.1312	608.4567	648.4549	723.5239	788.9088	855.7407	931.5661
538.85	0	0	0	0	0	0	0.07882451	0.888245	21.84022	121.7746	278.287	392.1418	467.5609	534.5776	607.6625	646.429	728.8887	793.0629	851.963	929.269
539.5	0	0	0	0	0	0	0.07882451	1.065894	21.54374	123.1893	277.0988	393.5589	467.2833	543.2095	607.0273	643.8967	720.4839	803.8259	854.3489	926.1367
540.15	0	0	0	0	0	0	0.07882451	1.154719	21.34609	121.7746	276.5046	398.8407	467.4221	538.8936	608.9332	647.2731	731.2134	793.6294	863.4948	936.1603
540.8	0	0	0	0	0	0	0	1.332368	20.95079	119.1628	273.6528	393.0436	469.2268	535.7682	602.5802	647.7796	724.7757	794.5735	861.5066	931.5661
541.45	0	0	0	0	0	0	0.07882451	1.243543	21.24727	119.707	276.267	397.0371	471.3092	539.6376	609.5685	637.4813	727.8157	779.0899	861.7054	927.8073
542.1	0	0	0	0	0	0	0.157649	1.154719	22.33434	118.9452	276.267	399.8713	458.6762	538.0006	606.0743	639.1696	711.7216	786.6429	867.2725	931.775
542.75	0	0	0	0	0	0	0.157649	1.332368	21.44492	118.8364	278.6435	398.0677	463.1186	544.2512	605.7567	649.6367	710.6486	786.0764	860.9101	930.7308
543.4	0	0	0	0	0	0	0.07882451	1.332368	19.7649	121.557	275.7917	400.1289	465.2009	536.0659	602.8978	642.0396	723.1663	784.7546	855.9395	926.7632
544.05	0	0	0	0	0	0	0.157649	1.421192	19.27078	118.6187	269.494	402.963	465.6174	541.4235	613.3802	642.3773	712.258	788.9088	845.0042	930.9396
544.7	0	0	0	0	0	0	0.157649	1.421192	21.74139	116.0069	269.494	391.6265	462.7021	537.8517	615.9214	645.5849	713.1521	788.1535	839.8347	925.0925
545.35	0	0	0	0	0	0	0.157649	1.421192	20.95079	117.7481	271.7516	398.1965	461.175	543.2095	607.6625	639.3384	714.2251	778.5234	833.2735	942.2162
546	0	0	0	0	0	0	0.157649	1.243543	22.03786	117.8569	271.6328	401.8036	458.815	536.0659	603.692	642.2084	717.9804	781.9223	834.2676	926.7632
546.65	0	0	0	0	0	0	0.157649	1.065894	22.53199	120.6864	273.8905	398.583	462.2856	539.7865	608.9332	647.442	713.1521	774.1805	832.677	930.7308
547.3	0	0	0	0	0	0	0.157649	1.332368	21.64257	115.7893	276.3858	399.8713	467.6998	538.7447	605.7567	640.3514	714.4039	777.2017	841.2265	933.8632
547.95	0	0	0	0	0	0	0.07882451	1.065894	20.45667	118.1834	281.6141	398.0677	459.6479	536.6612	613.6979	648.4549	705.8203	780.9781	840.4312	935.5338
548.6	0	0	0	0	0	0	0	1.154719	21.54374	120.2511	280.5446	393.3012	464.368	538.5959	603.0566	648.1172	701.3497	783.0552	848.583	933.6544
549.25	0	0	0	0	0	0	0	1.332368	22.82846	121.557	281.3764	389.823	458.3985	538.4471	605.2802	641.8708	699.3826	778.1458	853.5536	937.2044
549.9	0	0	0	0	0	0	0	1.243543	22.82846	122.6452	274.0093	397.0371	453.6785	526.8387	603.2155	634.7802	701.8862	773.8028	845.203	924.4661
550.55	0	0	0	0	0	0	0	-0.2117549	-3.472781	-16.62276	-34.49488	-45.48496	-48.47071	-53.19284	-57.19501	-55.43744	-58.25378	-60.20193	-63.44178	-65.45345
551.2	0	0	0	0	0	0	0	-0.1905794	-2.011672	-10.8842	-22.91188	-29.77275	-32.58908	-34.45253	-38.47587	-37.52298	-38.43352	-39.53465	-42.09688	-43.53682
551.85	0	0	0	0	0	0	0	-0.127053	-1.312881	-6.903211	-15.26753	-19.60851	-21.23902	-22.5519	-25.64352	-24.20359	-25.38942	-25.93998	-27.04111	-29.01043
552.5	0	0	0	0	0	0	0	-0.06352648	-0.9317217	-4.70096	-10.10071	-12.7053	-14.10288	-14.90755	-16.66511	-16.02985	-16.85569	-17.1945	-17.53331	-19.20617
553.15	0	0	0	0	0	0	0	-0.04235099	-0.5929139	-3.091622	-6.564404	-8.364321	-9.423095	-10.18541	-11.45594	-10.67245	-10.94773	-11.35007	-11.7524	-12.62059
553.8	0	0	0	0	0	0	0	-0.04235099	-0.3176324	-1.948146	-4.298625	-5.738559	-6.162069	-6.86086	-7.538476	-7.05144	-6.754983	-7.199668	-7.686705	-8.321969
554.45	0	0	0	0	0	0	0	-0.04235099	-0.2117549	-1.291705	-2.922218	-4.129221	-4.044519	-4.828013	-4.658609	-4.764486	-4.256274	-5.082119	-5.336225	-5.505629
555.1	0	0	0	0	0	0	0	-0.02117549	-0.1482285	-0.8893708	-1.92697	-2.837516	-2.562235	-3.282202	-3.091622	-3.282202	-2.858692	-3.282202	-3.472781	-3.663361
555.75	0	0	0	0	0	0	0	-0.02117549	-0.127053	-0.5505629	-1.249354	-2.075198	-1.842268	-2.096374	-2.117549	-2.371655	-1.821092	-2.138725	-2.223427	-2.689288
556.4	0	0	0	0	0	0	0	0	-0.08470198	-0.3811589	-0.8470198	-1.397583	-1.037599	-1.312881	-1.418758	-1.651689	-1.07995	-1.418758	-1.50346	-1.630513
557.05	0	0	0	0	0	0	0	0	-0.04235099	-0.2117549	-0.5505629	-0.9952483	-0.5717384	-0.8258443	-0.9528973	-1.016424	-0.6564403	-1.101126	-1.122301	-1.058775
557.7	0	0	0	0	0	0	0	0	0	-0.1482285	-0.3599834	-0.7411423	-0.4023344	-0.6140894	-0.7623178	-0.6140894	-0.4235099	-0.5929139	-0.7199668	-0.7411423
558.35	0	0	0	0	0	0	0	0	0	-0.1058775	-0.1905794	-0.5505629	-0.2329304	-0.4235099	-0.4446854	-0.4023344	-0.3176324	-0.4023344	-0.5082119	-0.5082119
559	0	0	0	0	0	0	0	0	0	-0.04235099	-0.06352648	-0.3388079	-0.1482285	-0.3599834	-0.3388079	-0.2964569	-0.2329304	-0.2329304	-0.3388079	-0.3599834
559.65	0	0	0	0	0	0	0	0	0	-0.02117549	-0.02117549	-0.1905794	-0.06352648	-0.2541059	-0.169404	-0.2329304	-0.169404	-0.1482285	-0.2329304	-0.2541059
560.3	0	0	0	0	0	0	0	0	0	-0.02117549	0	-0.06352648	-0.02117549	-0.169404	-0.08470198	-0.2117549	-0.169404	-0.1058775	-0.1905794	-0.1905794
560.95	0	0	0	0	0	0	0	0	0	-0.02117549	0	-0.04235099	-0.02117549	-0.1482285	-0.06352648	-0.127053	-0.127053	-0.08470198	-0.169404	-0.06352648
561.6	0	0	0	0	0	0	0	0	0	-0.02117549	0	-0.04235099	0	-0.08470198	-0.04235099	-0.08470198	-0.08470198	-0.04235099	-0.08470198	-0.04235099
562.25	0	0	0	0	0	0	0	0	0	-0.02117549	0	0	0	-0.04235099	0	-0.08470198	-0.08470198	-0.04235099	-0.04235099	-0.02117549
562.9	0	0	0	0	0	0	0	0	0	-0.02117549	0	0	0	-0.02117549	0	-0.04235099	-0.02117549	0	0	-0.02117549
563.55	0	0	0	0	0	0	0	0	0	-0.02117549	0	0	0	-0.02117549	0	0	-0.02117549	0	0	-0.02117549
564.2	0	0	0	0	0	0	0	0	0	0	0	0	0	0	0	0	0	0	0	0
564.85	0	0	0	0	0	0	0	0	0	0	0	0	0	0	0	0	0	0	0	0
565.5	0	0	0	0	0	0	0	0	0	0	0	0	0	0	0	0	0	0	0	0
566.15	0	0	0	0	0	0	0	0	0	0	0	0	0	0	0	0	0	0	0	0
566.8	0	0	0	0	0	0	0	0	0	0	0	0	0	0	0	0	0	0	0	0
567.45	0	0	0	0	0	0	0	0	0	0	0	0	0	0	0	0	0	0	0	0
568.1	0	0	0	0	0	0	0	0	0	0	0	0	0	0	0	0	0	0	0	0
568.75	0	0	0	0	0	0	0	0	0	0	0	0	0	0	0	0	0	0	0	0
569.4	0	0	0	0	0	0	0	0	0	0	0	0	0	0	0	0	0	0	0	0
570.05	0	0	0	0	0	0	0	0	0	0	0	0	0	0	0	0	0	0	0	0
570.7	0	0	0	0	0	0	0	0	0	0	0	0	0	0	0	0	0	0	0	0
571.35	0	0	0	0	0	0	0	0	0	0	0	0	0	0	0	0	0	0	0	0
572	0	0	0	0	0	0	0	0	0	0	0	0	0	0	0	0	0	0	0	0
572.65	0	0	0	0	0	0	0	0	0	0	0	0	0	0	0	0	0	0	0	0
573.3	0	0	0	0	0	0	0	0	0	0	0	0	0	0	0	0	0	0	0	0
573.95	0	0	0	0	0	0	0	0	0	0	0	0	0	0	0	0	0	0	0	0
574.6	0	0	0	0	0	0	0	0	0	0	0	0	0	0	0	0	0	0	0	0
575.25	0	0	0	0	0	0	0	0	0	0	0	0	0	0	0	0	0	0	0	0
575.9	0	0	0	0	0	0	0	0	0	0	0	0	0	0	0	0	0	0	0	0
576.55	0	0	0	0	0	0	0	0	0	0	0	0	0	0	0	0	0	0	0	0
577.2	0	0	0	0	0	0	0	0	0	0	0	0	0	0	0	0	0	0	0	0
577.85	0	0	0	0	0	0	0	0	0	0	0	0	0	0	0	0	0	0	0	0
578.5	0	0	0	0	0	0	0	0	0	0	0	0	0	0	0	0	0	0	0	0
579.15	0	0	0	0	0	0	0	0	0	0	0	0	0	0	0	0	0	0	0	0
579.8	0	0	0	0	0	0	0	0	0	0	0	0	0	0	0	0	0	0	0	0
580.45	0	0	0	0	0	0	0	0	0	0	0	0	0	0	0	0	0	0	0	0
581.1	0	0	0	0	0	0	0	0	0	0	0	0	0	0	0	0	0	0	0	0
581.75	0	0	0	0	0	0	0	0	0	0	0	0	0	0	0	0	0	0	0	0
582.4	0	0	0	0	0	0	0	0	0	0	0	0	0	0	0	0	0	0	0	0
583.05	0	0	0	0	0	0	0	0	0	0	0	0	0	0	0	0	0	0	0	0
583.7	0	0	0	0	0	0	0	0	0	0	0	0	0	0	0	0	0	0	0	0
584.35	0	0	0	0	0	0	0	0	0	0	0	0	0	0	0	0	0	0	0	0
585	0	0	0	0	0	0	0	0	0	0	0	0	0	0	0	0	0	0	0	0
585.65	0	0	0	0	0	0	0	0	0	0	0	0	0	0	0	0	0	0	0	0
586.3	0	0	0	0	0	0	0	0	0	0	0	0	0	0	0	0	0	0	0	0
586.95	0	0	0	0	0	0	0	0	0	0	0	0	0	0	0	0	0	0	0	0
587.6	0	0	0	0	0	0	0	0	0	0	0	0	0	0	0	0	0	0	0	0
588.25	0	0	0	0	0	0	0	0	0	0	0	0	0	0	0	0	0	0	0	0
588.9	0	0	0	0	0	0	0	0	0	0	0	0	0	0	0	0	0	0	0	0
589.55	0	0	0	0	0	0	0	0	0	0	0	0	0	0	0	0	0	0	0	0
590.2	0	0	0	0	0	0	0	0	0	0	0	0	0	0	0	0	0	0	0	0
590.85	0	0	0	0	0	0	0	0	0	0	0	0	0	0	0	0	0	0	0	0
591.5	0	0	0	0	0	0	0	0	0	0	0	0	0	0	0	0	0	0	0	0
592.15	0	0	0	0	0	0	0	0	0	0	0	0	0	0	0	0	0	0	0	0
592.8	0	0	0	0	0	0	0	0	0	0	0	0	0	0	0	0	0	0	0	0
593.45	0	0	0	0	0	0	0	0	0	0	0	0	0	0	0	0	0	0	0	0
594.1	0	0	0	0	0	0	0	0	0	0	0	0	0	0	0	0	0	0	0	0
594.75	0	0	0	0	0	0	0	0	0	0	0	0	0	0	0	0	0	0	0	0
595.4	0	0	0	0	0	0	0	0	0	0	0	0	0	0	0	0	0	0	0	0
596.05	0	0	0	0	0	0	0	0	0	0	0	0	0	0	0	0	0	0	0	0
596.7	0	0	0	0	0	0	0	0	0	0	0	0	0	0	0	0	0	0	0	0
597.35	0	0	0	0	0	0	0	0	0	0	0	0	0	0	0	0	0	0	0	0
598	0	0	0	0	0	0	0	0	0	0	0	0	0	0	0	0	0	0	0	0
598.65	0	0	0	0	0	0	0	0	0	0	0	0	0	0	0	0	0	0	0	0
599.3	0	0	0	0	0	0	0	0	0	0	0	0	0	0	0	0	0	0	0	0
599.95	0	0	0	0	0	0	0	0	0	0	0	0	0	0	0	0	0	0	0	0
600.6	0	0	0	0	0	0	0	0	0	0	0	0	0	0	0	0	0	0	0	0
601.25	0	0	0	0	0	0	0	0	0	0	0	0	0	0	0	0	0	0	0	0
601.9	0	0	0	0	0	0	0	0	0	0	0	0	0	0	0	0	0	0	0	0
602.55	0	0	0	0	0	0	0	0	0	0	0	0	0	0	0	0	0	0	0	0
603.2	0	0	0	0	0	0	0	0	0	0	0	0	0	0	0	0	0	0	0	0
603.85	0	0	0	0	0	0	0	0	0	0	0	0	0	0	0	0	0	0	0	0
604.5	0	0	0	0	0	0	0	0	0	0	0	0	0	0	0	0	0	0	0	0
605.15	0	0	0	0	0	0	0	0	0	0	0	0	0	0	0	0	0	0	0	0
605.8	0	0	0	0	0	0	0	0	0	0	0	0	0	0	0	0	0	0	0	0
606.45	0	0	0	0	0	0	0	0	0	0	0	0	0	0	0	0	0	0	0	0
607.1	0	0	0	0	0	0	0	0	0	0	0	0	0	0	0	0	0	0	0	0
607.75	0	0	0	0	0	0	0	0	0	0	0	0	0	0	0	0	0	0	0	0
608.4	0	0	0	0	0	0	0	0	0	0	0	0	0	0	0	0	0	0	0	0
609.05	0	0	0	0	0	0	0	0	0	0	0	0	0	0	0	0	0	0	0	0
609.7	0	0	0	0	0	0	0	0	0	0	0	0	0	0	0	0	0	0	0	0
610.35	0	0	0	0	0	0	0	0	0	0	0	0	0	0	0	0	0	0	0	0
611	0	0	0	0	0	0	0	0	0	0	0	0	0	0	0	0	0	0	0	0
611.65	0	0	0	0	0	0	0	0	0	0	0	0	0	0	0	0	0	0	0	0
612.3	0	0	0	0	0	0	0	0	0	0	0	0	0	0	0	0	0	0	0	0
612.95	0	0	0	0	0	0	0	0	0	0	0	0	0	0	0	0	0	0	0	0
613.6	0	0	0	0	0	0	0	0	0	0	0	0	0	0	0	0	0	0	0	0
614.25	0	0	0	0	0	0	0	0	0	0	0	0	0	0	0	0	0	0	0	0
614.9	0	0	0	0	0	0	0	0	0	0	0	0	0	0	0	0	0	0	0	0
615.55	0	0	0	0	0	0	0	0	0	0	0	0	0	0	0	0	0	0	0	0
616.2	0	0	0	0	0	0	0	0	0	0	0	0	0	0	0	0	0	0	0	0
616.85	0	0	0	0	0	0	0	0	0	0	0	0	0	0	0	0	0	0	0	0
617.5	0	0	0	0	0	0	0	0	0	0	0	0	0	0	0	0	0	0	0	0
618.15	0	0	0	0	0	0	0	0	0	0	0	0	0	0	0	0	0	0	0	0
618.8	0	0	0	0	0	0	0	0	0	0	0	0	0	0	0	0	0	0	0	0
619.45	0	0	0	0	0	0	0	0	0	0	0	0	0	0	0	0	0	0	0	0
620.1	0	0	0	0	0	0	0	0	0	0	0	0	0	0	0	0	0	0	0	0
620.75	0	0	0	0	0	0	0	0	0	0	0	0	0	0	0	0	0	0	0	0
621.4	0	0	0	0	0	0	0	0	0	0	0	0	0	0	0	0	0	0	0	0
622.05	0	0	0	0	0	0	0	0	0	0	0	0	0	0	0	0	0	0	0	0
622.7	0	0	0	0	0	0	0	0	0	0	0	0	0	0	0	0	0	0	0	0
623.35	0	0	0	0	0	0	0	0	0	0	0	0	0	0	0	0	0	0	0	0
624	0	0	0	0	0	0	0	0	0	0	0	0	0	0	0	0	0	0	0	0
624.65	0	0	0	0	0	0	0	0	0	0	0	0	0	0	0	0	0	0	0	0
625.3	0	0	0	0	0	0	0	0	0	0	0	0	0	0	0	0	0	0	0	0
625.95	0	0	0	0	0	0	0	0	0	0	0	0	0	0	0	0	0	0	0	0
626.6	0	0	0	0	0	0	0	0	0	0	0	0	0	0	0	0	0	0	0	0
627.25	0	0	0	0	0	0	0	0	0	0	0	0	0	0	0	0	0	0	0	0
627.9	0	0	0	0	0	0	0	0	0	0	0	0	0	0	0	0	0	0	0	0
628.55	0	0	0	0	0	0	0	0	0	0	0	0	0	0	0	0	0	0	0	0
629.2	0	0	0	0	0	0	0	0	0	0	0	0	0	0	0	0	0	0	0	0
629.85	0	0	0	0	0	0	0	0	0	0	0	0	0	0	0	0	0	0	0	0
630.5	0	0	0	0	0	0	0	0	0	0	0	0	0	0	0	0	0	0	0	0
631.15	0	0	0	0	0	0	0	0	0	0	0	0	0	0	0	0	0	0	0	0
631.8	0	0	0	0	0	0	0	0	0	0	0	0	0	0	0	0	0	0	0	0
632.45	0	0	0	0	0	0	0	0	0	0	0	0	0	0	0	0	0	0	0	0
633.1	0	0	0	0	0	0	0	0	0	0	0	0	0	0	0	0	0	0	0	0
633.75	0	0	0	0	0	0	0	0	0	0	0	0	0	0	0	0	0	0	0	0
634.4	0	0	0	0	0	0	0	0	0	0	0	0	0	0	0	0	0	0	0	0
635.05	0	0	0	0	0	0	0	0	0	0	0	0	0	0	0	0	0	0	0	0
635.7	0	0	0	0	0	0	0	0	0	0	0	0	0	0	0	0	0	0	0	0
636.35	0	0	0	0	0	0	0	0	0	0	0	0	0	0	0	0	0	0	0	0
637	0	0	0	0	0	0	0	0	0	0	0	0	0	0	0	0	0	0	0	0
637.65	0	0	0	0	0	0	0	0	0	0	0	0	0	0	0	0	0	0	0	0
638.3	0	0	0	0	0	0	0	0	0	0	0	0	0	0	0	0	0	0	0	0
638.95	0	0	0	0	0	0	0	0	0	0	0	0	0	0	0	0	0	0	0	0
639.6	0	0	0	0	0	0	0	0	0	0	0	0	0	0	0	0	0	0	0	0
640.25	0	0	0	0	0	0	0	0	0	0	0	0	0	0	0	0	0	0	0	0
640.9	0	0	0	0	0	0	0	0	0	0	0	0	0	0	0	0	0	0	0	0
641.55	0	0	0	0	0	0	0	0	0	0	0	0	0	0	0	0	0	0	0	0
642.2	0	0	0	0	0	0	0	0	0	0	0	0	0	0	0	0	0	0	0	0
642.85	0	0	0	0	0	0	0	0	0	0	0	0	0	0	0	0	0	0	0	0
643.5	0	0	0	0	0	0	0	0	0	0	0	0	0	0	0	0	0	0	0	0
644.15	0	0	0	0	0	0	0	0	0	0	0	0	0	0	0	0	0	0	0	0
644.8	0	0	0	0	0	0	0	0	0	0	0	0	0	0	0	0	0	0	0	0
645.45	0	0	0	0	0	0	0	0	0	0	0	0	0	0	0	0	0	0	0	0
646.1	0	0	0	0	0	0	0	0	0	0	0	0	0	0	0	0	0	0	0	0
646.75	0	0	0	0	0	0	0	0	0	0	0	0	0	0	0	0	0	0	0	0
647.4	0	0	0	0	0	0	0	0	0	0	0	0	0	0	0	0	0	0	0	0
648.05	0	0	0	0	0	0	0	0	0	0	0	0	0	0	0	0	0	0	0	0
648.7	0	0	0	0	0	0	0	0	0	0	0	0	0	0	0	0	0	0	0	0
649.35	0	0	0	0	0	0	0	0	0	0	0	0	0	0	0	0	0	0	0	0
650	0	0	0	0	0	0	0	0	0	0	0	0	0	0	0	0	0	0	0	0
