Time (ms)	Sweep 1	Sweep 2	Sweep 3	Sweep 4	Sweep 5	Sweep 6	Sweep 7	Sweep 8	Sweep 9	Sweep 10	Sweep 11	Sweep 12	Sweep 13	Sweep 14	Sweep 15	Sweep 16	Sweep 17	Sweep 18
0	0	0	0	0	0	0	0	0	0	0	0	0	0	0	0	0	0	0
0.65	0	0	0	0	0	0	0	0	0	0	0	0	0	0	0	0	0	0
1.3	0	0	0	0	0	0	0	0	0	0	0	0	0	0	0	0	0	0
1.95	0	0	0	0	0	0	0	0	0	0	0	0	0	0	0	0	0	0
2.6	0	0	0	0	0	0	0	0	0	0	0	0	0	0	0	0	0	0
3.25	0	0	0	0	0	0	0	0	0	0	0	0	0	0	0	0	0	0
3.9	0	0	0	0	0	0	0	0	0	0	0	0	0	0	0	0	0	0
4.55	0	0	0	0	0	0	0	0	0	0	0	0	0	0	0	0	0	0
5.2	0	0	0	0	0	0	0	0	0	0	0	0	0	0	0	0	0	0
5.85	0	0	0	0	0	0	0	0	0	0	0	0	0	0	0	0	0	0
6.5	0	0	0	0	0	0	0	0	0	0	0	0	0	0	0	0	0	0
7.15	0	0	0	0	0	0	0	0	0	0	0	0	0	0	0	0	0	0
7.8	0	0	0	0	0	0	0	0	0	0	0	0	0	0	0	0	0	0
8.45	0	0	0	0	0	0	0	0	0	0	0	0	0	0	0	0	0	0
9.1	0	0	0	0	0	0	0	0	0	0	0	0	0	0	0	0	0	0
9.75	0	0	0	0	0	0	0	0	0	0	0	0	0	0	0	0	0	0
10.4	0	0	0	0	0	0	0	0	0	0	0	0	0	0	0	0	0	0
11.05	0	0	0	0	0	0	0	0	0	0	0	0	0	0	0	0	0	0
11.7	0	0	0	0	0	0	0	0	0	0	0	0	0	0	0	0	0	0
12.35	0	0	0	0	0	0	0	0	0	0	0	0	0	0	0	0	0	0
13	0	0	0	0	0	0	0	0	0	0	0	0	0	0	0	0	0	0
13.65	0	0	0	0	0	0	0	0	0	0	0	0	0	0	0	0	0	0
14.3	0	0	0	0	0	0	0	0	0	0	0	0	0	0	0	0	0	0
14.95	0	0	0	0	0	0	0	0	0	0	0	0	0	0	0	0	0	0
15.6	0	0	0	0	0	0	0	0	0	0	0	0	0	0	0	0	0	0
16.25	0	0	0	0	0	0	0	0	0	0	0	0	0	0	0	0	0	0
16.9	0	0	0	0	0	0	0	0	0	0	0	0	0	0	0	0	0	0
17.55	0	0	0	0	0	0	0	0	0	0	0	0	0	0	0	0	0	0
18.2	0	0	0	0	0	0	0	0	0	0	0	0	0	0	0	0	0	0
18.85	0	0	0	0	0	0	0	0	0	0	0	0	0	0	0	0	0	0
19.5	0	0	0	0	0	0	0	0	0	0	0	0	0	0	0	0	0	0
20.15	0	0	0	0	0	0	0	0	0	0	0	0	0	0	0	0	0	0
20.8	0	0	0	0	0	0	0	0	0	0	0	0	0	0	0	0	0	0
21.45	0	0	0	0	0	0	0	0	0	0	0	0	0	0	0	0	0	0
22.1	0	0	0	0	0	0	0	0	0	0	0	0	0	0	0	0	0	0
22.75	0	0	0	0	0	0	0	0	0	0	0	0	0	0	0	0	0	0
23.4	0	0	0	0	0	0	0	0	0	0	0	0	0	0	0	0	0	0
24.05	0	0	0	0	0	0	0	0	0	0	0	0	0	0	0	0	0	0
24.7	0	0	0	0	0	0	0	0	0	0	0	0	0	0	0	0	0	0
25.35	0	0	0	0	0	0	0	0	0	0	0	0	0	0	0	0	0	0
26	0	0	0	0	0	0	0	0	0	0	0	0	0	0	0	0	0	0
26.65	0	0	0	0	0	0	0	0	0	0	0	0	0	0	0	0	0	0
27.3	0	0	0	0	0	0	0	0	0	0	0	0	0	0	0	0	0	0
27.95	0	0	0	0	0	0	0	0	0	0	0	0	0	0	0	0	0	0
28.6	0	0	0	0	0	0	0	0	0	0	0	0	0	0	0	0	0	0
29.25	0	0	0	0	0	0	0	0	0	0	0	0	0	0	0	0	0	0
29.9	0	0	0	0	0	0	0	0	0	0	0	0	0	0	0	0	0	0
30.55	0	0	0	0	0	0	0	0	0	0	0	0	0	0	0	0	0	0
31.2	0	0	0	0	0	0	0	0	0	0	0	0	0	0	0	0	0	0
31.85	0	0	0	0	0	0	0	0	0	0	0	0	0	0	0	0	0	0
32.5	0	0	0	0	0	0	0	0	0	0	0	0	0	0	0	0	0	0
33.15	0	0	0	0	0	0	0	0	0	0	0	0	0	0	0	0	0	0
33.8	0	0	0	0	0	0	0	0	0	0	0	0	0	0	0	0	0	0
34.45	0	0	0	0	0	0	0	0	0	0	0	0	0	0	0	0	0	0
35.1	0	0	0	0	0	0	0	0	0	0	0	0	0	0	0	0	0	0
35.75	0	0	0	0	0	0	0	0	0	0	0	0	0	0	0	0	0	0
36.4	0	0	0	0	0	0	0	0	0	0	0	0	0	0	0	0	0	0
37.05	0	0	0	0	0	0	0	0	0	0	0	0	0	0	0	0	0	0
37.7	0	0	0	0	0	0	0	0	0	0	0	0	0	0	0	0	0	0
38.35	0	0	0	0	0	0	0	0	0	0	0	0	0	0	0	0	0	0
39	0	0	0	0	0	0	0	0	0	0	0	0	0	0	0	0	0	0
39.65	0	0	0	0	0	0	0	0	0	0	0	0	0	0	0	0	0	0
40.3	0	0	0	0	0	0	0	0	0	0	0	0	0	0	0	0	0	0
40.95	0	0	0	0	0	0	0	0	0	0	0	0	0	0	0	0	0	0
41.6	0	0	0	0	0	0	0	0	0	0	0	0	0	0	0	0	0	0
42.25	0	0	0	0	0	0	0	0	0	0	0	0	0	0	0	0	0	0
42.9	0	0	0	0	0	0	0	0	0	0	0	0	0	0	0	0	0	0
43.55	0	0	0	0	0	0	0	0	0	0	0	0	0	0	0	0	0	0
44.2	0	0	0	0	0	0	0	0	0	0	0	0	0	0	0	0	0	0
44.85	0	0	0	0	0	0	0	0	0	0	0	0	0	0	0	0	0	0
45.5	0	0	0	0	0	0	0	0	0	0	0	0	0	0	0	0	0	0
46.15	0	0	0	0	0	0	0	0	0	0	0	0	0	0	0	0	0	0
46.8	0	0	0	0	0	0	0	0	0	0	0	0	0	0	0	0	0	0
47.45	0	0	0	0	0	0	0	0	0	0	0	0	0	0	0	0	0	0
48.1	0	0	0	0	0	0	0	0	0	0	0	0	0	0	0	0	0	0
48.75	0	0	0	0	0	0	0	0	0	0	0	0	0	0	0	0	0	0
49.4	0	0	0	0	0	0	0	0	0	0	0	0	0	0	0	0	0	0
50.05	0	0	0	0	0	0	0	0	0	0	0	0	0	0	0	0	0	0
50.7	0	0	0	0	0	0	0	0	0	0	0	0	0	0	0	0	0	0
51.35	0	0	0	0	0	0	0	0	0	0	0	0	0	0	0	0	0	0
52	0	0	0	0	0	0	0	0	0	0	0	0	0	0	0	0	0	0
52.65	0	0	0	0	0	0	0	0	0	0	0	0	0	0	0	0	0	0
53.3	0	0	0	0	0	0	0	0	0	0	0	0	0	0	0	0	0	0
53.95	0	0	0	0	0	0	0	0	0	0	0	0	0	0	0	0	0	0
54.6	0	0	0	0	0	0	0	0	0	0	0	0	0	0	0	0	0	0
55.25	0	0	0	0	0	0	0	0	0	0	0	0	0	0	0	0	0	0
55.9	0	0	0	0	0	0	0	0	0	0	0	0	0	0	0	0	0	0
56.55	0	0	0	0	0	0	0	0	0	0	0	0	0	0	0	0	0	0
57.2	0	0	0	0	0	0	0	0	0	0	0	0	0	0	0	0	0	0
57.85	0	0	0	0	0	0	0	0	0	0	0	0	0	0	0	0	0	0
58.5	0	0	0	0	0	0	0	0	0	0	0	0	0	0	0	0	0	0
59.15	0	0	0	0	0	0	0	0	0	0	0	0	0	0	0	0	0	0
59.8	0	0	0	0	0	0	0	0	0	0	0	0	0	0	0	0	0	0
60.45	0	0	0	0	0	0	0	0	0	0	0	0	0	0	0	0	0	0
61.1	0	0	0	0	0	0	0	0	0	0	0	0	0	0	0	0	0	0
61.75	0	0	0	0	0	0	0	0	0	0	0	0	0	0	0	0	0	0
62.4	0	0	0	0	0	0	0	0	0	0	0	0	0	0	0	0	0	0
63.05	0	0	0	0	0	0	0	0	0	0	0	0	0	0	0	0	0	0
63.7	0	0	0	0	0	0	0	0	0	0	0	0	0	0	0	0	0	0
64.35	0	0	0	0	0	0	0	0	0	0	0	0	0	0	0	0	0	0
65	0	0	0	0	0	0	0	0	0	0	0	0	0	0	0	0	0	0
65.65	0	0	0	0	0	0	0	0	0	0	0	0	0	0	0	0	0	0
66.3	0	0	0	0	0	0	0	0	0	0	0	0	0	0	0	0	0	0
66.95	0	0	0	0	0	0	0	0	0	0	0	0	0	0	0	0	0	0
67.6	0	0	0	0	0	0	0	0	0	0	0	0	0	0	0	0	0	0
68.25	0	0	0	0	0	0	0	0	0	0	0	0	0	0	0	0	0	0
68.9	0	0	0	0	0	0	0	0	0	0	0	0	0	0	0	0	0	0
69.55	0	0	0	0	0	0	0	0	0	0	0	0	0	0	0	0	0	0
70.2	0	0	0	0	0	0	0	0	0	0	0	0	0	0	0	0	0	0
70.85	0	0	0	0	0	0	0	0	0	0	0	0	0	0	0	0	0	0
71.5	0	0	0	0	0	0	0	0	0	0	0	0	0	0	0	0	0	0
72.15	0	0	0	0	0	0	0	0	0	0	0	0	0	0	0	0	0	0
72.8	0	0	0	0	0	0	0	0	0	0	0	0	0	0	0	0	0	0
73.45	0	0	0	0	0	0	0	0	0	0	0	0	0	0	0	0	0	0
74.1	0	0	0	0	0	0	0	0	0	0	0	0	0	0	0	0	0	0
74.75	0	0	0	0	0	0	0	0	0	0	0	0	0	0	0	0	0	0
75.4	0	0	0	0	0	0	0	0	0	0	0	0	0	0	0	0	0	0
76.05	0	0	0	0	0	0	0	0	0	0	0	0	0	0	0	0	0	0
76.7	0	0	0	0	0	0	0	0	0	0	0	0	0	0	0	0	0	0
77.35	0	0	0	0	0	0	0	0	0	0	0	0	0	0	0	0	0	0
78	0	0	0	0	0	0	0	0	0	0	0	0	0	0	0	0	0	0
78.65	0	0	0	0	0	0	0	0	0	0	0	0	0	0	0	0	0	0
79.3	0	0	0	0	0	0	0	0	0	0	0	0	0	0	0	0	0	0
79.95	0	0	0	0	0	0	0	0	0	0	0	0	0	0	0	0	0	0
80.6	0	0	0	0	0	0	0	0	0	0	0	0	0	0	0	0	0	0
81.25	0	0	0	0	0	0	0	0	0	0	0	0	0	0	0	0	0	0
81.9	0	0	0	0	0	0	0	0	0	0	0	0	0	0	0	0	0	0
82.55	0	0	0	0	0	0	0	0	0	0	0	0	0	0	0	0	0	0
83.2	0	0	0	0	0	0	0	0	0	0	0	0	0	0	0	0	0	0
83.85	0	0	0	0	0	0	0	0	0	0	0	0	0	0	0	0	0	0
84.5	0	0	0	0	0	0	0	0	0	0	0	0	0	0	0	0	0	0
85.15	0	0	0	0	0	0	0	0	0	0	0	0	0	0	0	0	0	0
85.8	0	0	0	0	0	0	0	0	0	0	0	0	0	0	0	0	0	0
86.45	0	0	0	0	0	0	0	0	0	0	0	0	0	0	0	0	0	0
87.1	0	0	0	0	0	0	0	0	0	0	0	0	0	0	0	0	0	0
87.75	0	0	0	0	0	0	0	0	0	0	0	0	0	0	0	0	0	0
88.4	0	0	0	0	0	0	0	0	0	0	0	0	0	0	0	0	0	0
89.05	0	0	0	0	0	0	0	0	0	0	0	0	0	0	0	0	0	0
89.7	0	0	0	0	0	0	0	0	0	0	0	0	0	0	0	0	0	0
90.35	0	0	0	0	0	0	0	0	0	0	0	0	0	0	0	0	0	0
91	0	0	0	0	0	0	0	0	0	0	0	0	0	0	0	0	0	0
91.65	0	0	0	0	0	0	0	0	0	0	0	0	0	0	0	0	0	0
92.3	0	0	0	0	0	0	0	0	0	0	0	0	0	0	0	0	0	0
92.95	0	0	0	0	0	0	0	0	0	0	0	0	0	0	0	0	0	0
93.6	0	0	0	0	0	0	0	0	0	0	0	0	0	0	0	0	0	0
94.25	0	0	0	0	0	0	0	0	0	0	0	0	0	0	0	0	0	0
94.9	0	0	0	0	0	0	0	0	0	0	0	0	0	0	0	0	0	0
95.55	0	0	0	0	0	0	0	0	0	0	0	0	0	0	0	0	0	0
96.2	0	0	0	0	0	0	0	0	0	0	0	0	0	0	0	0	0	0
96.85	0	0	0	0	0	0	0	0	0	0	0	0	0	0	0	0	0	0
97.5	0	0	0	0	0	0	0	0	0	0	0	0	0	0	0	0	0	0
98.15	0	0	0	0	0	0	0	0	0	0	0	0	0	0	0	0	0	0
98.8	0	0	0	0	0	0	0	0	0	0	0	0	0	0	0	0	0	0
99.45	0	0	0	0	0	0	0	0	0	0	0	0	0	0	0	0	0	0
100.1	0	0	0	0	0	0	0	0	0	0	0	0	0	0	0	0	0	0.1888245
100.75	0	0	0	0	0	0	0	0	0	0	0.1188245	0	1.110596	2.827666	11.11772	30.55724	90.84285	202.231
101.4	0	0	0	0	0	0	0	0	0.197649	0.3264735	0.5941225	1.674719	9.440066	32.44374	85.76524	222.6795	463.1555	760.0186
102.05	0	0	0	0	0	0	0	0	0.197649	0.9794205	3.208262	10.17714	38.73204	116.2319	264.6016	535.5114	869.2659	1187.706
102.7	0	0	0	0	0	0	0	0.0888245	0.395298	2.394139	9.030663	31.30436	95.92773	246.3046	497.4384	841.5901	1160.929	1408.442
103.35	0	0	0	0	0	0	0	0.355298	0.9882451	6.202997	20.31899	66.08698	181.5825	402.1238	713.5985	1054.478	1332.243	1519.093
104	0	0	0	0	0	0	0.07882451	0.710596	1.97649	12.73247	39.92503	112.5926	284.4514	556.306	899.7408	1197.135	1420.403	1567.432
104.65	0	0	0	0	0	0	0.315298	0.9770696	5.237699	20.67666	66.30408	168.3736	386.4874	700.517	1042.048	1285.936	1468.507	1593.301
105.3	0	0	0	0	0	0.2064735	0.3941225	1.332368	8.202434	29.27379	97.67374	235.8777	499.0741	826.7202	1141.948	1354.31	1497.655	1605.008
105.95	0	0	0	0	0	0.2064735	0.630596	2.575911	13.14366	42.87685	134.9846	305.0564	605.5525	932.6832	1208.655	1388.075	1508.385	1608.974
106.6	0	0	0	0	0	0.2064735	0.7882451	3.286507	18.38136	61.81232	174.9097	380.5476	698.7037	1018.853	1252.49	1395.503	1515.717	1611.617
107.25	0	0	0	0	0	0.2064735	1.261192	4.885348	24.6073	81.40073	219.9442	460.4188	787.5514	1077.638	1282.031	1408.165	1513.571	1611.995
107.9	0	0	0	0	0	0.06882451	1.497666	6.217715	32.61209	103.6009	268.3057	529.0822	862.7943	1125.56	1302.996	1416.1	1515.717	1612.184
108.55	0	0	0	0	0	0.06882451	1.655315	8.438328	41.60512	129.7188	315.2414	600.1934	917.63	1155.92	1313.479	1417.451	1514.286	1611.617
109.2	0	0	0	0	0	0.2064735	1.970613	10.30364	50.89462	155.2926	365.3853	664.2192	958.3055	1180.327	1320.467	1414.581	1513.571	1607.841
109.85	0	0	0	0	0	0.2064735	2.285911	13.67897	60.97472	180.2134	412.0834	719.7425	1004.534	1201.609	1325.391	1416.775	1512.14	1604.819
110.5	0	0	0	0	0	0.3441225	2.680033	16.34371	71.74659	208.7254	456.1673	766.5058	1036.603	1213.069	1328.567	1413.568	1509.994	1605.386
111.15	0	0	0	0	0	0.412947	3.231805	19.54139	82.22198	237.0198	498.2311	806.1838	1058.259	1221.403	1328.249	1416.1	1509.458	1605.386
111.8	0	0	0	0	0	0.4817715	3.862401	22.20613	94.87153	267.3818	543.3845	845.4752	1078.666	1224.974	1328.249	1415.087	1509.815	1602.931
112.45	0	0	0	0	0	0.412947	4.571821	26.29205	107.9164	298.288	584.2601	880.3867	1094.909	1227.653	1329.361	1412.386	1510.888	1603.498
113.1	0	0	0	0	0	0.4817715	5.044768	29.84503	119.7753	324.95	620.7392	906.2804	1108.652	1228.249	1329.679	1408.672	1511.604	1604.631
113.75	0	0	0	0	0	0.4817715	5.438891	32.77624	132.919	352.1561	651.9901	927.4076	1118.231	1230.332	1327.614	1407.659	1507.312	1601.987
114.4	0	0	0	0	0.05882451	0.6882451	5.911838	37.21747	149.225	375.9887	683.0032	947.2466	1124.062	1229.142	1328.09	1403.776	1508.385	1601.232
115.05	0	0	0	0	0.05882451	0.7570696	6.463609	42.19164	161.4792	400.9095	716.8682	965.6685	1131.697	1230.183	1328.726	1403.1	1503.199	1594.812
115.7	0	0	0	0	0.05882451	0.8258941	7.488328	47.52111	176.4017	426.0479	740.3955	980.9986	1134.89	1229.29	1324.596	1404.62	1504.093	1595.378
116.35	0	0	0	0	0.05882451	0.9635431	8.591871	52.40646	191.9172	452.2747	761.7839	993.2369	1137.806	1232.713	1326.026	1404.789	1503.914	1591.224
117	0	0	0	0	0.05882451	0.8947186	9.301291	56.31474	206.2467	476.216	780.4393	1004.187	1141.137	1230.779	1323.485	1403.776	1501.053	1595.189
117.65	0	0	0	0	0.05882451	0.9635431	9.774239	60.66714	220.0822	497.4368	798.263	1011.917	1141.832	1231.523	1324.914	1404.113	1502.126	1597.266
118.3	0	0	0	0	0.05882451	1.101192	10.24719	65.01954	232.4352	519.637	817.8691	1019.259	1142.387	1230.035	1323.961	1406.815	1500.338	1597.455
118.95	0	0	0	0	0	1.238841	10.95661	69.90488	247.2589	540.749	833.9104	1025.958	1140.304	1230.481	1322.373	1407.659	1498.013	1595.378
119.6	0	0	0	0	0.05882451	1.307666	12.37545	74.25729	259.019	561.3168	844.3669	1029.437	1140.443	1228.546	1323.167	1403.607	1499.98	1592.735
120.25	0	0	0	0	0.05882451	1.307666	13.32134	78.96499	275.2263	577.314	856.8435	1031.24	1141.415	1228.695	1319.196	1401.243	1497.119	1591.035
120.9	0	0	0	0	0.05882451	1.37649	13.87311	82.51797	285.9981	591.4612	871.5778	1036.393	1142.109	1228.844	1319.514	1398.205	1498.907	1588.958
121.55	0	0	0	0	0.05882451	1.445315	14.34606	87.93626	299.5371	608.1113	881.3214	1037.037	1143.081	1227.802	1317.449	1395.335	1495.509	1591.413
122.2	0	0	0	0	0.05882451	1.582964	14.97666	94.42045	314.6572	624.1085	889.2826	1040	1141.832	1227.505	1318.085	1397.867	1498.549	1589.902
122.85	0	0	0	0	0.1764735	1.582964	15.05548	98.86167	325.7256	638.7999	894.8674	1039.614	1144.747	1228.695	1317.29	1395.166	1495.688	1588.581
123.5	0	0	0	0	0.1764735	1.789437	15.68608	103.1253	336.8927	653.4911	903.898	1039.099	1142.803	1224.826	1316.338	1397.023	1496.225	1585.182
124.15	0	0	0	0	0.1764735	1.789437	16.86844	107.2112	349.147	666.1148	908.651	1042.19	1141.832	1225.867	1316.338	1397.698	1494.794	1585.182
124.8	0	0	0	0	0.1764735	1.927086	17.73551	112.7183	361.0059	676.562	913.0475	1044.896	1141.554	1223.04	1313.955	1393.984	1494.436	1580.839
125.45	0	0	0	0	0.117649	1.927086	18.52376	117.6925	371.4813	687.3356	917.6816	1047.859	1139.194	1222.742	1314.59	1396.348	1493.363	1583.482
126.1	0	0	0	0	0.1764735	1.927086	18.91788	121.7784	379.1896	695.9327	920.4146	1048.76	1139.333	1219.17	1311.414	1395.841	1493.721	1581.028
126.75	0	0	0	0	0.1764735	2.13356	20.02143	126.2196	389.9615	703.6592	923.7417	1047.987	1138.916	1217.682	1308.396	1395.503	1492.291	1581.783
127.4	0	0	0	0	0.1764735	2.202384	20.65202	130.8385	400.6346	711.6035	926.237	1046.957	1139.055	1218.426	1308.079	1390.607	1489.25	1581.028
128.05	0	0	0	0	0.1764735	2.271209	21.36144	136.5233	410.2205	722.2682	928.0194	1046.828	1139.333	1219.468	1306.808	1389.932	1486.926	1583.105
128.7	0	0	0	0	0.1764735	2.202384	22.07086	140.0762	419.8065	728.4713	936.9312	1045.926	1137.25	1218.277	1306.173	1390.439	1482.992	1581.405
129.35	0	0	0	0	0.1764735	2.202384	22.22851	144.6951	431.2701	735.3272	939.3077	1049.92	1135.723	1217.533	1312.049	1388.244	1482.455	1577.251
130	0	0	0	0	0.1764735	2.271209	22.62263	149.4916	439.4726	744.2508	942.0406	1049.276	1135.307	1218.724	1310.302	1390.607	1482.098	1581.594
130.65	0	0	0	0	0.1764735	2.340033	23.1744	152.4229	448.6633	751.5421	942.516	1046.957	1131.142	1216.789	1308.079	1383.854	1481.025	1577.251
131.3	0	0	0	0	0.1764735	2.340033	24.67207	156.6864	460.0281	759.0509	944.7736	1045.411	1132.947	1214.706	1309.349	1382.842	1476.733	1574.608
131.95	0	0	0	0	0.1764735	2.271209	25.69679	162.2824	468.8235	766.9951	945.8431	1043.607	1129.893	1213.217	1304.426	1381.997	1477.269	1574.041
132.6	0	0	0	0	0.1764735	2.340033	26.40621	167.4342	477.7177	773.9599	947.0313	1040.773	1130.17	1211.58	1304.584	1382.166	1480.13	1575.174
133.25	0	0	0	0	0.1764735	2.477682	27.50975	171.6089	487.6989	778.0952	948.3384	1039.871	1129.476	1211.134	1301.726	1379.634	1482.455	1571.964
133.9	0	0	0	0	0.1764735	2.546507	28.53447	174.3625	495.012	780.8159	946.6748	1041.546	1128.921	1208.009	1302.043	1378.959	1481.203	1568.754
134.55	0	0	0	0	0.1764735	2.615331	29.48037	178.8037	505.3885	786.2571	944.8925	1037.166	1125.034	1208.604	1303.473	1377.439	1478.163	1572.342
135.2	0	0	0	0	0.1764735	2.684156	29.71684	182.9785	511.9109	789.3041	947.1501	1038.97	1127.533	1208.009	1300.455	1380.984	1475.481	1568.376
135.85	0	0	0	0	0.117649	2.684156	30.34743	187.0644	518.9275	794.3101	951.0714	1040.129	1126.561	1207.116	1300.932	1376.764	1475.302	1569.132
136.5	0	0	0	0	0.117649	2.684156	30.66273	190.1733	523.1769	801.4925	952.6161	1041.031	1124.895	1204.734	1299.184	1379.127	1476.196	1566.488
137.15	0	0	0	0	0.117649	2.75298	31.5298	195.1474	531.2805	803.6689	949.6454	1038.454	1124.201	1203.246	1296.008	1377.946	1476.196	1568.565
137.8	0	0	0	0	0.117649	2.615331	31.8451	199.4998	537.21	807.4778	950.7148	1036.264	1124.756	1205.032	1294.42	1374.569	1474.587	1572.342
138.45	0	0	0	0	0.117649	2.408858	32.55452	203.4081	542.4477	809.219	951.7843	1035.878	1121.424	1202.056	1295.531	1372.206	1473.872	1569.887
139.1	0	0	0	0	0.117649	2.477682	33.34277	207.3164	551.1443	812.4838	953.6855	1037.81	1120.869	1203.693	1295.849	1371.699	1472.441	1569.887
139.75	0	0	0	0	0.117649	2.615331	33.34277	211.7576	558.1608	814.3338	950.5961	1039.356	1119.203	1204.883	1292.196	1370.18	1471.905	1565.355
140.4	0	0	0	0	0.1764735	2.684156	34.13101	215.3994	560.5326	817.5985	951.6655	1039.485	1121.98	1203.395	1290.608	1370.18	1471.189	1567.243
141.05	0	0	0	0	0.1764735	2.821805	34.68278	217.4424	565.968	819.3397	953.2102	1037.424	1122.674	1199.823	1292.037	1372.543	1470.832	1564.033
141.7	0	0	0	0	0.1764735	2.821805	35.7075	220.7289	573.8739	820.3191	951.0714	1037.037	1121.841	1201.014	1292.196	1373.894	1469.58	1563.278
142.35	0	0	0	0	0.1764735	3.028278	36.0228	224.3707	581.2858	821.4073	952.0219	1036.651	1119.62	1199.526	1291.243	1368.829	1470.474	1557.613
143	0	0	0	0	0.1764735	3.097103	36.0228	227.9237	586.1281	824.0192	950.5961	1037.037	1120.314	1197.144	1291.72	1370.011	1467.97	1553.082
143.65	0	0	0	0	0.1764735	3.028278	36.73222	230.2331	588.0058	826.6309	951.5466	1037.424	1117.676	1196.103	1290.449	1368.998	1465.646	1556.858
144.3	0	0	0	0	0.1764735	3.097103	37.67811	233.2532	594.1329	826.8486	952.6161	1036.007	1116.704	1196.251	1286.479	1366.634	1461.175	1559.124
144.95	0	0	0	0	0.1764735	3.028278	37.99341	236.895	599.0742	831.6368	954.0419	1035.363	1116.01	1196.549	1285.049	1366.803	1465.824	1557.991
145.6	0	0	0	0	0.1764735	3.028278	39.09695	239.7373	601.4459	831.2016	948.576	1034.718	1116.427	1196.698	1286.002	1362.751	1462.784	1555.347
146.25	0	0	0	0	0.1764735	3.165927	39.49108	242.0468	603.6201	830.9839	948.3384	1032.528	1116.566	1193.721	1283.778	1363.596	1459.566	1555.914
146.9	0	0	0	0	0.1764735	3.165927	40.35815	246.5768	606.1895	835.0104	947.3878	1031.627	1117.26	1190.447	1281.078	1360.388	1458.85	1553.648
147.55	0	0	0	0	0.1764735	3.165927	41.77699	248.7974	608.9566	834.3575	945.8431	1030.725	1113.373	1188.512	1281.237	1362.076	1458.493	1551.382
148.2	0	0	0	0	0.1764735	3.097103	42.80171	250.6628	614.7872	836.4252	944.7736	1032.013	1111.707	1188.215	1285.367	1363.427	1458.314	1548.361
148.85	0	0	0	0	0.1764735	2.959454	42.88053	253.9493	617.9496	838.8193	944.1795	1032.786	1109.069	1188.661	1281.714	1363.427	1457.599	1548.739
149.5	0	0	0	0	0.1764735	3.097103	43.4323	257.1469	623.9779	839.7987	945.8431	1033.559	1110.041	1190.001	1281.555	1360.894	1454.916	1545.151
150.15	0	0	0	0	0.1764735	3.165927	44.3782	260.8776	627.8321	840.0164	946.6748	1033.688	1113.234	1189.852	1278.696	1360.725	1453.128	1548.927
150.8	0	0	0	0	0.1764735	3.165927	45.00879	265.3188	631.5874	844.3693	944.1795	1029.694	1112.54	1186.875	1279.808	1360.219	1454.38	1549.872
151.45	0	0	0	0	0.1764735	3.028278	45.71821	267.9835	634.058	841.9752	949.5266	1026.86	1110.457	1188.959	1276.473	1359.037	1451.161	1550.438
152.1	0	0	0	0	0.1764735	3.097103	46.19116	271.2701	635.9357	841.1046	947.269	1025.443	1106.431	1190.298	1274.249	1358.531	1451.519	1551.193
152.75	0	0	0	0	0.235298	3.165927	46.42764	273.313	639.7899	837.4045	946.3184	1025.572	1102.544	1187.173	1278.537	1355.661	1452.413	1547.606
153.4	0	0	0	0	0.235298	3.165927	47.37353	275.9778	641.7664	839.7987	946.4372	1022.738	1100.601	1188.661	1276.155	1358.362	1451.519	1547.794
154.05	0	0	0	0	0.235298	3.303576	47.53118	278.9978	643.0511	839.2546	946.3184	1022.738	1100.045	1188.959	1273.614	1351.271	1450.982	1545.906
154.7	0	0	0	0	0.235298	3.372401	48.00412	281.1295	646.4111	840.234	945.4866	1023.64	1101.156	1183.899	1272.184	1351.103	1451.34	1541.186
155.35	0	0	0	0	0.235298	3.372401	48.79237	283.7055	647.9923	839.0369	943.3478	1020.419	1099.49	1185.685	1270.12	1352.453	1451.697	1542.319
156	0	0	0	0	0.235298	3.441225	49.18649	286.9032	651.4511	838.7104	942.8724	1020.677	1101.573	1184.643	1272.026	1352.622	1450.267	1541.186
156.65	0	0	0	0	0.235298	3.372401	49.89591	290.012	651.55	837.9487	942.8724	1022.48	1100.601	1183.304	1272.82	1354.817	1447.227	1535.143
157.3	0	0	0	0	0.235298	3.372401	50.13239	292.4991	652.637	836.534	942.2783	1023.511	1101.711	1180.327	1266.467	1354.648	1447.584	1531.556
157.95	0	0	0	0	0.235298	3.097103	50.76298	297.118	653.5264	837.2957	940.7336	1020.032	1099.907	1177.351	1268.531	1350.934	1444.008	1530.045
158.6	0	0	0	0	0.235298	3.028278	50.8418	299.4274	656.1947	835.4457	942.3972	1018.358	1099.907	1180.327	1265.037	1348.401	1444.902	1532.877
159.25	0	0	0	0	0.235298	3.028278	51.4724	301.0262	659.0606	835.5546	942.3972	1018.229	1096.158	1181.22	1267.737	1347.22	1446.69	1532.311
159.9	0	0	0	0	0.235298	3.303576	52.33947	304.8457	660.6418	835.6634	942.1595	1016.297	1098.241	1179.881	1266.943	1348.233	1439.001	1531.367
160.55	0	0	0	0	0.235298	3.097103	53.04889	306.2669	661.7289	833.8134	941.4465	1017.198	1095.742	1181.815	1266.625	1350.258	1440.253	1529.667
161.2	0	0	0	0	0.235298	3.165927	53.67949	310.9746	660.6418	835.1193	941.4465	1011.659	1092.965	1185.834	1265.355	1345.531	1442.577	1533.633
161.85	0	0	0	0	0.235298	3.234752	54.31009	312.9287	662.7172	835.7722	937.1689	1011.272	1095.325	1183.453	1265.831	1345.869	1442.756	1533.444
162.5	0	0	0	0	0.235298	3.234752	54.78303	313.0175	666.3737	835.7722	935.6241	1009.34	1096.714	1179.583	1262.02	1342.155	1441.683	1529.29
163.15	0	0	0	0	0.1764735	3.303576	55.25598	316.4817	667.3619	832.7251	936.8124	1014.235	1096.852	1177.053	1260.431	1340.467	1440.789	1531.744
163.8	0	0	0	0	0.1764735	3.303576	55.09833	317.1923	670.129	834.3575	933.6041	1012.432	1096.02	1175.267	1261.384	1338.272	1435.782	1531.933
164.45	0	0	0	0	0.1764735	3.372401	55.09833	320.7453	669.0419	837.731	934.5547	1010.113	1092.688	1175.416	1261.225	1339.116	1438.464	1527.213
165.1	0	0	0	0	0.1764735	3.51005	55.41363	324.1206	669.9313	838.384	937.5253	1010.371	1091.438	1175.118	1258.367	1340.804	1433.994	1524.38
165.75	0	0	0	0	0.1764735	3.441225	56.12305	325.5418	670.3266	838.0575	938.1194	1008.696	1092.827	1172.737	1260.431	1339.454	1436.497	1525.135
166.4	0	0	0	0	0.1764735	3.441225	56.35952	327.2295	671.6113	839.0369	938.8324	1010.757	1090.605	1173.332	1257.731	1341.817	1439.18	1522.303
167.05	0	0	0	0	0.1764735	3.51005	56.67482	327.9401	670.7219	837.4045	936.0994	1007.021	1086.996	1173.63	1257.731	1339.454	1436.497	1524.003
167.7	0	0	0	0	0.1764735	3.51005	57.46307	329.6277	672.1055	839.2546	934.4359	1008.696	1089.217	1173.779	1254.872	1338.272	1430.596	1520.793
168.35	0	0	0	0	0.1764735	3.578874	57.93601	332.2925	672.5996	837.2957	931.9406	1003.672	1088.106	1172.588	1256.302	1335.908	1430.417	1520.415
169	0	0	0	0	0.117649	3.578874	58.25131	333.8025	672.2043	835.5546	931.1088	1004.831	1085.469	1171.993	1253.443	1337.934	1432.921	1518.149
169.65	0	0	0	0	0.117649	3.51005	58.56661	335.6678	673.5878	836.9693	931.4653	1005.089	1086.718	1167.528	1255.984	1335.74	1427.377	1519.66
170.3	0	0	0	0	0.117649	3.578874	58.80308	338.5102	677.3431	838.4928	929.3265	1005.862	1087.412	1164.701	1252.808	1335.064	1425.947	1516.827
170.95	0	0	0	0	0.117649	3.51005	59.03955	341.4414	679.6161	838.2751	928.8511	1005.733	1085.885	1164.998	1252.014	1335.064	1425.41	1517.96
171.6	0	0	0	0	0.117649	3.51005	59.03955	344.1061	677.2443	836.2075	928.4947	1003.156	1083.664	1164.701	1253.919	1333.714	1428.271	1517.583
172.25	0	0	0	0	0.117649	3.372401	58.96073	344.2838	682.7785	833.4869	927.9006	1004.058	1084.913	1168.719	1253.284	1329.324	1429.165	1517.583
172.9	0	0	0	0	0.117649	3.578874	60.22192	345.3497	680.5056	835.6634	928.8511	1002.77	1083.803	1165.891	1252.49	1329.831	1427.02	1515.317
173.55	0	0	0	0	0.117649	3.578874	60.37957	345.8826	680.9997	836.2075	927.5441	1004.445	1078.944	1165.147	1250.425	1326.792	1420.224	1512.107
174.2	0	0	0	0	0.117649	3.578874	60.69487	347.3926	681.9879	836.534	926.1182	1005.733	1079.083	1163.361	1250.743	1326.961	1423.979	1515.128
174.85	0	0	0	0	0.117649	3.51005	60.61604	350.1462	680.3079	836.6428	926.237	1005.604	1075.335	1164.552	1250.266	1326.116	1420.045	1512.107
175.5	0	0	0	0	0.117649	3.578874	61.40429	350.9456	679.0232	836.8605	928.7324	1005.089	1073.807	1162.319	1246.296	1327.805	1422.907	1509.652
176.15	0	0	0	0	0.117649	3.578874	61.95606	351.9227	680.3079	833.9222	927.7817	1003.929	1075.057	1162.022	1245.184	1328.818	1419.509	1504.931
176.8	0	0	0	0	0.117649	3.647699	62.11371	352.9886	679.6161	832.2898	924.5735	999.807	1073.807	1161.873	1243.437	1327.129	1419.509	1506.82
177.45	0	0	0	0	0.117649	3.716523	62.7443	353.3439	681.9879	831.6368	925.4053	999.9358	1071.586	1159.492	1243.119	1325.61	1417.184	1511.918
178.1	0	0	0	0	0.117649	3.647699	63.3749	355.4757	681.395	832.0721	923.6229	999.5493	1074.224	1161.278	1240.896	1326.454	1414.502	1509.463
178.75	0	0	0	0	0.05882451	3.716523	63.76902	357.7851	681.8891	831.8545	922.9099	998.0034	1073.807	1160.236	1238.831	1324.091	1414.323	1509.274
179.4	0	0	0	0	0.05882451	3.716523	63.45373	358.5845	683.2726	830.4398	921.1276	998.6476	1069.643	1162.022	1236.608	1320.883	1412.714	1506.631
180.05	0	0	0	0	0.05882451	3.854172	63.45373	360.7163	684.2609	828.481	921.3652	997.2305	1073.113	1158.896	1233.113	1319.026	1414.859	1504.365
180.7	0	0	0	0	0.05882451	3.854172	63.92667	362.1375	684.8538	827.5015	919.5828	998.5187	1073.807	1158.45	1236.29	1318.182	1412.714	1502.288
181.35	0	0	0	0	0.05882451	3.854172	64.24197	362.4928	683.9644	829.3516	918.5134	995.5558	1070.753	1160.236	1238.355	1317.675	1413.071	1499.644
182	0	0	0	0	0.05882451	3.854172	64.24197	364.8911	685.4468	828.0457	914.7111	992.7216	1071.031	1161.873	1237.084	1315.818	1411.462	1501.344
182.65	0	0	0	0	0.05882451	3.647699	64.71492	365.1575	685.348	827.0662	915.8993	992.5928	1069.088	1158.896	1237.561	1311.26	1408.422	1501.91
183.3	0	0	0	0	0.05882451	3.647699	64.95139	366.4899	686.0397	826.0868	915.1863	994.654	1068.81	1157.408	1237.719	1314.299	1410.747	1506.064
183.95	0	0	0	0	0.05882451	3.647699	65.18787	368.977	687.3245	825.7604	916.4934	992.7216	1070.753	1158.301	1235.655	1310.247	1411.104	1502.477
184.6	0	0	0	0	0.05882451	3.785348	65.58199	371.8194	689.2021	824.2368	915.1863	992.5928	1070.198	1153.836	1232.637	1311.26	1408.958	1500.022
185.25	0	0	0	0	0.05882451	3.854172	66.37023	371.9082	688.6091	826.8486	915.3052	992.9793	1070.753	1153.241	1231.366	1308.221	1409.137	1498.511
185.9	0	0	0	0	0.05882451	3.991821	66.922	372.2635	688.9056	825.3251	915.1863	993.1081	1067.005	1150.711	1232.478	1307.208	1407.528	1498.323
186.55	0	0	0	0	0.05882451	3.991821	67.31612	373.9512	690.1904	824.7809	914.1169	993.6234	1064.09	1151.306	1232.478	1310.247	1404.13	1496.245
187.2	0	0	0	0	0.05882451	4.060646	66.922	377.3265	687.8185	824.3456	914.8299	994.0099	1064.645	1147.139	1236.131	1307.546	1403.236	1493.413
187.85	0	0	0	0	0.05882451	4.12947	67.47378	377.3265	688.708	822.6044	915.424	993.1081	1062.702	1148.33	1232.161	1308.728	1400.553	1491.902
188.5	0	0	0	0	0.05882451	4.267119	67.39495	377.1489	687.1268	820.7544	912.2157	991.5622	1065.756	1148.181	1233.272	1307.715	1400.375	1487.371
189.15	0	0	0	0	0.05882451	4.267119	68.34084	377.2377	686.6327	819.3397	908.8887	990.4028	1063.535	1146.99	1232.319	1307.208	1400.911	1491.525
189.8	0	0	0	0	0.05882451	4.267119	68.65614	379.0142	689.795	818.2515	906.3933	989.501	1065.895	1144.907	1228.825	1308.052	1401.984	1496.623
190.45	0	0	0	0	0.05882451	4.473593	69.12909	379.103	689.5974	815.8573	905.5616	987.8263	1061.73	1148.032	1228.349	1306.195	1399.123	1494.735
191.1	0	0	0	0	0.05882451	4.335944	69.91734	381.2348	690.8821	815.3132	908.4133	989.7587	1060.48	1145.056	1225.649	1303.156	1398.765	1492.28
191.75	0	0	0	0	0.05882451	4.542418	70.54794	381.8565	688.5103	817.5985	905.918	987.311	1056.871	1143.419	1222.155	1303.156	1396.441	1492.28
192.4	0	0	0	0	0.05882451	4.611242	70.78441	384.2548	688.3127	818.2515	905.0862	987.311	1057.982	1145.205	1220.725	1300.793	1391.612	1494.357
193.05	0	0	0	0	0.05882451	4.542418	71.33617	386.4754	688.5103	820.2103	903.7792	982.931	1057.426	1144.312	1222.949	1300.286	1390.718	1495.49
193.7	0	0	0	0	0.05882451	4.542418	72.0456	389.4066	688.0162	819.6662	904.3733	982.931	1058.12	1142.079	1220.884	1297.248	1384.996	1494.168
194.35	0	0	0	0	0.05882451	4.542418	72.75502	390.8278	691.3762	819.3397	902.3533	983.0598	1060.619	1140.74	1220.09	1295.39	1384.102	1489.636
195	0	0	0	0	0.05882451	4.542418	72.99149	390.5613	691.3762	817.8162	901.878	983.0598	1061.036	1142.377	1218.66	1295.053	1384.459	1485.294
195.65	0	0	0	0	0.05882451	4.542418	72.91267	391.6273	693.6492	819.3397	899.6204	981.5139	1059.647	1140.889	1220.725	1297.416	1386.248	1488.126
196.3	0	0	0	0	0.05882451	4.473593	72.83384	392.4267	692.6609	818.5779	898.1945	983.3174	1058.676	1138.954	1217.39	1292.183	1384.459	1485.482
196.95	0	0	0	0	0.05882451	4.542418	72.99149	393.4926	693.4515	819.3397	897.9568	982.2869	1062.007	1139.549	1215.166	1291.339	1383.029	1484.349
197.6	0	0	0	0	0.117649	4.473593	74.33151	394.2032	692.6609	816.1838	900.4521	980.8698	1059.509	1137.615	1215.484	1294.546	1383.029	1485.482
198.25	0	0	0	0	0.117649	4.473593	75.11975	394.4696	692.8586	814.3338	900.9274	979.3239	1060.064	1138.954	1213.896	1297.585	1386.963	1482.461
198.9	0	0	0	0	0.117649	4.611242	75.43505	395.0914	691.8704	812.5926	899.3827	977.3915	1055.205	1137.912	1216.755	1295.222	1386.605	1479.44
199.55	0	0	0	0	0.117649	4.542418	75.75035	396.6902	689.6962	811.069	898.6697	978.6797	1055.066	1135.233	1215.325	1292.352	1384.996	1480.384
200.2	0	0	0	0	0.117649	4.611242	77.01154	397.0455	691.0798	812.4838	895.5803	978.4221	1053.678	1136.573	1213.737	1288.975	1382.313	1481.895
200.85	0	0	0	0	0.117649	4.680067	77.24802	396.7791	691.6727	811.6132	894.6297	979.7104	1053.678	1139.252	1214.531	1289.313	1380.525	1481.706
201.5	0	0	0	0	0.117649	4.680067	77.64214	397.4897	690.2892	811.1779	897.0062	978.4221	1054.789	1137.168	1214.69	1291.001	1379.81	1478.685
202.15	0	0	0	0	0.117649	4.680067	77.95744	398.822	691.5739	810.4161	896.412	977.6492	1053.4	1135.531	1214.849	1286.443	1375.16	1477.741
202.8	0	0	0	0	0.117649	4.611242	78.50921	399.1773	692.7598	810.8514	894.5109	974.5574	1051.596	1138.359	1213.26	1285.43	1379.631	1479.629
203.45	0	0	0	0	0.117649	4.817715	78.27274	399.4438	693.748	807.2602	893.7979	973.0115	1047.57	1135.977	1214.372	1286.274	1378.916	1478.496
204.1	0	0	0	0	0.117649	4.955364	78.50921	399.8879	692.5621	809.0014	895.9368	973.2692	1048.819	1129.131	1211.513	1283.404	1378.2	1472.831
204.75	0	0	0	0	0.117649	4.88654	78.98215	399.8879	691.8704	807.1514	895.5803	969.1467	1047.153	1130.322	1210.402	1284.079	1376.412	1471.132
205.4	0	0	0	0	0.117649	4.817715	78.82451	400.332	692.2657	808.3484	892.1344	971.4656	1044.377	1131.661	1207.384	1280.365	1373.015	1470.376
206.05	0	0	0	0	0.117649	4.680067	79.1398	400.865	691.9692	811.9396	890.9462	971.4656	1042.989	1132.406	1208.019	1277.326	1375.876	1471.132
206.7	0	0	0	0	0.117649	4.611242	79.53393	401.2203	691.7715	809.5455	889.8767	967.8585	1043.683	1132.108	1207.384	1282.897	1372.657	1468.866
207.35	0	0	0	0	0.117649	4.611242	79.53393	400.5985	691.1786	809.6543	890.8273	968.3738	1042.433	1131.959	1207.543	1286.443	1370.69	1466.978
208	0	0	0	0	0.05882451	4.680067	80.55865	399.7991	691.475	809.0014	887.3814	969.7909	1040.351	1128.685	1204.684	1282.729	1371.763	1466.789
208.65	0	0	0	0	0.05882451	4.748891	79.92805	401.4868	689.5974	809.3278	888.6885	970.0485	1044.377	1129.876	1208.337	1282.053	1369.617	1464.523
209.3	0	0	0	0	0.05882451	4.680067	80.32217	401.1315	688.5103	809.0014	891.7779	969.662	1044.377	1129.28	1206.907	1283.066	1369.259	1463.39
209.95	0	0	0	0	0.05882451	4.817715	80.63747	402.1974	689.2021	806.4984	892.2532	967.8585	1043.683	1125.56	1207.543	1281.378	1367.292	1463.012
210.6	0	0	0	0	0.05882451	5.024189	80.71629	403.4409	688.5103	808.8926	889.4014	969.5332	1043.821	1123.923	1209.29	1278.001	1365.683	1465.089
211.25	0	0	0	0	0.05882451	4.955364	80.47982	404.5068	689.0045	808.022	890.2332	969.2756	1042.433	1123.774	1207.543	1277.833	1365.504	1462.068
211.9	0	0	0	0	0.05882451	5.161838	81.74101	405.5727	689.3998	806.6072	890.1144	967.472	1041.323	1124.518	1202.46	1275.131	1367.65	1459.613
212.55	0	0	0	0	0.05882451	5.161838	81.81984	403.9738	687.8185	805.0837	887.6191	965.0244	1040.351	1121.69	1199.76	1275.807	1369.974	1458.48
213.2	0	0	0	0	0.05882451	5.230662	81.58337	404.3292	688.5103	802.3631	884.7673	965.1532	1038.963	1119.756	1198.807	1275.3	1370.69	1457.159
213.85	0	0	0	0	0.05882451	5.230662	82.21396	404.6844	688.708	803.4513	886.1932	965.4108	1040.212	1117.97	1197.696	1279.183	1364.967	1458.292
214.5	0	0	0	0	0	5.299487	82.45043	406.7274	688.4115	802.5807	885.7178	962.7055	1038.685	1118.714	1199.125	1275.3	1362.285	1456.592
215.15	0	0	0	0	0	5.368311	82.3716	405.928	686.2374	802.7984	887.1437	962.4479	1038.546	1122.137	1198.966	1272.43	1361.212	1460.935
215.8	0	0	0	0	0.05882451	5.50596	83.23868	405.8392	686.3362	802.0366	883.6979	962.1902	1036.186	1121.393	1198.172	1271.924	1361.927	1460.746
216.45	0	0	0	0	0.05882451	5.574785	83.15985	406.6386	687.028	799.6425	883.579	963.9938	1034.659	1121.542	1197.696	1273.106	1358.709	1456.97
217.1	0	0	0	0	0.05882451	5.50596	82.84456	406.6386	687.9174	800.4042	883.3414	962.9632	1034.381	1120.053	1197.537	1273.95	1358.351	1454.704
217.75	0	0	0	0	0.05882451	5.574785	84.18457	406.8162	685.2491	798.663	882.8661	961.4173	1035.214	1118.565	1198.172	1270.404	1357.278	1454.704
218.4	0	0	0	0	0.05882451	5.781259	84.89399	406.9051	684.755	798.1189	883.3414	962.9632	1037.991	1116.333	1194.837	1268.547	1355.847	1451.116
219.05	0	0	0	0	0.05882451	5.850083	84.02692	409.3033	687.1268	797.0307	884.292	961.4173	1036.741	1114.249	1195.472	1269.56	1354.059	1449.417
219.7	0	0	0	0	0.05882451	5.850083	84.2634	409.1257	687.6209	798.4454	883.4602	960.5155	1033.132	1117.374	1191.819	1268.885	1355.132	1450.55
220.35	0	0	0	0	0.05882451	5.712434	84.2634	411.3463	685.4468	800.7307	881.7966	959.6138	1033.271	1115.291	1188.484	1267.028	1352.807	1449.606
221	0	0	0	0	0.05882451	5.574785	83.79045	412.501	686.2374	801.3837	884.6484	958.712	1031.327	1115.291	1188.643	1267.197	1354.774	1449.606
221.65	0	0	0	0	0.05882451	5.574785	84.42104	413.8334	687.3245	798.0101	885.2426	959.8714	1029.245	1116.481	1190.072	1265.677	1354.596	1448.85
222.3	0	0	0	0	0.05882451	5.781259	85.28812	414.3663	683.6679	797.466	885.0049	954.9761	1029.106	1116.333	1187.213	1269.391	1356.384	1447.34
222.95	0	0	0	0	0.05882451	5.850083	85.83989	415.1657	682.1855	796.2689	885.0049	957.5526	1027.995	1113.207	1189.596	1266.184	1354.596	1448.284
223.6	0	0	0	0	0.05882451	5.781259	86.15518	414.3663	681.8891	796.0513	880.9649	957.8102	1026.607	1112.612	1187.849	1264.327	1352.45	1448.473
224.25	0	0	0	0	0.05882451	5.987732	85.28812	412.501	681.6915	795.1807	880.3708	960.129	1025.635	1113.058	1184.99	1263.314	1350.661	1448.85
224.9	0	0	0	0	0.05882451	6.056557	85.28812	414.0999	683.1738	794.0924	879.1825	960.129	1024.664	1108.891	1182.607	1265.002	1349.589	1446.773
225.55	0	0	0	0	0.05882451	5.918908	85.83989	413.9222	682.8773	792.8953	876.2119	959.8714	1025.08	1109.933	1184.196	1263.145	1349.946	1443.375
226.2	0	0	0	0	0.05882451	5.781259	86.23401	415.2546	681.2961	792.5688	875.1425	957.8102	1022.998	1110.082	1183.719	1259.768	1346.549	1444.696
226.85	0	0	0	0	0.05882451	5.712434	86.39165	415.3434	679.5173	793.113	873.9542	954.4608	1024.525	1109.635	1184.354	1259.6	1344.76	1443.752
227.5	0	0	0	0	0.05882451	5.781259	86.70695	415.4322	678.5291	792.5688	875.6178	953.1725	1024.247	1109.487	1184.513	1257.236	1343.687	1440.731
228.15	0	0	0	0	0.05882451	5.918908	86.54931	414.9881	677.2443	792.2424	875.1425	952.9149	1022.165	1109.04	1181.495	1255.548	1341.541	1439.22
228.8	0	0	0	0	0.05882451	5.712434	87.41637	415.2546	677.9361	792.1335	874.5483	951.6266	1022.859	1109.784	1185.943	1255.885	1345.833	1439.787
229.45	0	0	0	0	0.05882451	5.437136	87.02225	414.8105	676.6514	791.263	874.1919	950.9825	1021.748	1109.487	1184.513	1257.911	1346.37	1437.521
230.1	0	0	0	0	0.05882451	5.64361	86.78578	414.2775	675.3667	788.3247	873.3601	951.7554	1018.833	1107.701	1184.037	1255.717	1344.045	1438.465
230.75	0	0	0	0	0.05882451	5.50596	87.4952	414.7216	675.8608	788.76	872.766	952.0131	1018.833	1107.85	1182.766	1255.717	1342.793	1435.633
231.4	0	0	0	0	0.05882451	5.50596	87.1799	416.054	677.9361	789.413	873.9542	952.1419	1021.748	1108.891	1180.86	1254.704	1336.892	1432.989
232.05	0	0	0	0	0.05882451	5.437136	88.12579	416.5869	675.8608	790.2836	872.8848	949.179	1018.694	1105.915	1179.272	1254.535	1337.965	1431.667
232.7	0	0	0	0	0.05882451	5.299487	88.67757	417.9193	675.2678	789.3041	870.1519	950.2095	1015.64	1105.915	1180.225	1255.21	1336.892	1432.234
233.35	0	0	0	0	0.05882451	5.161838	88.51992	418.1858	676.1573	789.0865	868.013	949.5654	1014.113	1108.594	1178.16	1254.704	1337.607	1429.779
234	0	0	0	0	0.05882451	5.437136	88.67757	419.1628	673.9832	788.3247	868.2507	947.7619	1012.864	1106.064	1175.619	1247.782	1336.713	1433.367
234.65	0	0	0	0	0.05882451	5.299487	89.38699	419.607	670.6231	788.5424	872.6472	948.0195	1013.835	1103.98	1175.301	1246.262	1338.501	1430.912
235.3	0	0	0	0	0.05882451	5.368311	90.09641	421.7387	673.9832	784.7335	869.6766	946.216	1015.362	1103.087	1171.807	1250.146	1335.104	1426.947
235.95	0	0	0	0	0.05882451	5.299487	89.46581	421.3835	672.9949	784.1894	867.0624	942.3513	1017.306	1103.682	1173.554	1247.444	1330.812	1431.29
236.6	0	0	0	0	0.05882451	5.299487	89.78111	422.1829	673.5878	783.5364	870.033	942.0936	1015.362	1102.194	1170.854	1243.73	1334.388	1427.891
237.25	0	0	0	0	0.05882451	5.299487	89.93876	423.9594	671.9078	782.8835	867.7754	941.8359	1015.224	1101.748	1169.901	1247.951	1334.388	1423.926
237.9	0	0	0	0	0	5.299487	88.99287	424.0482	672.4019	785.6041	868.013	942.0936	1014.252	1098.474	1171.331	1245.081	1332.6	1427.136
238.55	0	0	0	0	0	5.299487	89.38699	423.7817	671.3149	782.7747	867.6566	942.7377	1014.391	1096.688	1167.678	1246.938	1331.885	1425.814
239.2	0	0	0	0	0	5.161838	89.46581	423.5152	669.4372	785.6041	866.9436	942.2224	1013.974	1098.027	1168.313	1243.055	1333.494	1425.247
239.85	0	0	0	0	0	5.161838	90.64818	423.8705	669.8325	784.7335	867.7754	940.6765	1009.671	1098.027	1166.884	1238.834	1331.17	1422.604
240.5	0	0	0	0	0	5.093013	91.43642	423.6041	670.0302	784.407	866.8248	939.9036	1012.864	1096.093	1168.472	1237.484	1326.878	1420.904
241.15	0	0	0	0	0	5.093013	92.22467	422.3605	672.6984	783.21	864.5671	936.0389	1010.92	1093.116	1170.06	1238.665	1326.699	1422.415
241.8	0	0	0	0	0	5.161838	92.22467	423.5152	673.2914	782.4482	865.993	932.8182	1009.948	1096.837	1169.266	1238.328	1326.878	1422.226
242.45	0	0	0	0	0.05882451	5.161838	92.93409	424.3147	670.5243	781.0334	866.8248	931.6588	1008.282	1095.795	1168.79	1237.652	1327.235	1421.282
243.1	0	0	0	0	0.05882451	5.368311	93.24939	425.3806	669.6348	779.5099	864.8047	934.2353	1008.421	1093.116	1167.519	1235.12	1330.991	1419.205
243.75	0	0	0	0	0.05882451	5.368311	92.77644	425.3806	671.0184	780.3806	863.3788	933.8488	1010.504	1093.563	1169.107	1234.276	1328.487	1417.128
244.4	0	0	0	0	0.05882451	5.368311	93.40704	425.3806	670.129	778.7482	862.3094	932.3029	1009.809	1093.563	1168.154	1233.094	1325.447	1419.583
245.05	0	0	0	0	0.05882451	5.230662	94.27411	424.9364	668.9431	778.3129	862.3094	932.9471	1007.311	1089.395	1164.184	1235.964	1322.407	1415.24
245.7	0	0	0	0	0.05882451	5.368311	95.29883	424.9364	667.5595	775.8099	860.4083	931.2723	1005.506	1091.628	1164.66	1235.12	1322.944	1415.995
246.35	0	0	0	0	0.05882451	5.50596	95.69295	424.2258	666.2748	774.8305	859.8141	930.2418	1003.424	1089.544	1163.548	1237.484	1324.017	1416.75
247	0	0	0	0	0.05882451	5.50596	95.5353	426.0023	665.4842	777.2246	859.9329	931.2723	1001.064	1091.777	1162.754	1235.12	1322.586	1414.296
247.65	0	0	0	0	0.05882451	5.50596	95.8506	425.7358	664.496	772.4363	858.7447	934.7506	1003.84	1088.354	1163.072	1231.406	1319.367	1416.561
248.3	0	0	0	0	0.05882451	5.437136	95.8506	427.157	665.5831	771.7834	859.8141	934.6218	1002.313	1088.651	1162.278	1232.419	1315.969	1412.596
248.95	0	0	0	0	0.05882451	5.299487	95.5353	427.9565	665.3854	774.8305	858.8635	932.0453	999.12	1093.265	1162.913	1232.588	1317.221	1411.841
249.6	0	0	0	0	0.05882451	5.50596	96.40237	427.69	665.7807	774.9393	859.22	930.6282	1002.868	1091.628	1162.119	1229.718	1315.433	1412.974
250.25	0	0	0	0	0.05882451	5.299487	97.34827	426.7129	667.6584	775.2657	856.2494	928.6959	1006.2	1093.116	1160.213	1228.029	1314.36	1407.687
250.9	0	0	0	0	0.05882451	5.299487	97.34827	426.8018	666.2748	771.5657	857.7941	926.8923	1002.868	1093.414	1157.195	1230.731	1315.791	1405.232
251.55	0	0	0	0	0.05882451	5.299487	97.11179	424.4923	665.3854	771.7834	857.2	927.4076	1000.508	1089.098	1159.737	1229.886	1315.969	1404.099
252.2	0	0	0	0	0.05882451	5.161838	97.11179	426.3576	667.2631	772.8716	852.6846	927.5364	999.8141	1087.758	1157.672	1228.705	1310.605	1398.623
252.85	0	0	0	0	0.05882451	5.230662	97.11179	426.8018	666.176	772.7628	851.4964	924.187	998.5647	1085.377	1156.242	1227.861	1310.426	1402.966
253.5	0	0	0	0	0.05882451	5.230662	97.19061	426.0023	664.2983	773.3069	850.3082	925.2176	998.9811	1079.573	1156.719	1227.861	1310.784	1405.798
254.15	0	0	0	0	0.05882451	5.299487	97.26944	426.4464	664.5948	771.7834	853.0411	925.0887	998.4258	1080.764	1155.607	1226.341	1307.386	1404.477
254.8	0	0	0	0	0.05882451	5.299487	97.90003	426.4464	667.1642	771.7834	854.1105	925.9905	999.5364	1077.787	1157.036	1225.835	1306.313	1400.7
255.45	0	0	0	0	0.05882451	5.299487	97.66356	425.2029	664.1006	768.954	852.5659	927.2788	997.3152	1079.424	1157.036	1222.289	1307.386	1400.511
256.1	0	0	0	0	0.05882451	5.230662	97.90003	426.0912	665.0889	768.5187	854.2294	925.3464	996.6212	1078.531	1152.907	1221.952	1303.809	1398.057
256.75	0	0	0	0	0.05882451	5.299487	97.90003	426.5353	664.7924	767.7569	852.0905	924.3159	994.6776	1078.382	1153.384	1220.77	1305.24	1398.434
257.4	0	0	0	0	0	5.368311	98.29416	426.8906	663.4089	768.7363	850.427	925.8617	995.6494	1077.787	1149.572	1219.588	1305.061	1397.868
258.05	0	0	0	0	0	5.574785	97.82121	427.5124	661.6301	767.1039	851.0211	924.8311	990.9293	1081.359	1147.507	1218.913	1306.313	1397.868
258.7	0	0	0	0	0	5.50596	97.90003	429.4665	659.0606	768.1922	850.9023	923.8005	989.5411	1081.061	1147.666	1218.406	1307.565	1396.924
259.35	0	0	0	0	0	5.299487	97.74239	430.3547	660.8395	767.6481	851.7341	922.5123	992.0399	1079.275	1146.395	1216.381	1304.882	1393.525
260	0	0	0	0	0	5.437136	98.53063	430.9765	659.9501	767.8657	850.5458	919.1628	988.4305	1077.489	1145.601	1214.523	1304.167	1391.637
260.65	0	0	0	0	0	5.50596	98.84593	431.1541	659.5547	767.8657	850.3082	918.5187	989.5411	1075.406	1144.331	1217.225	1301.306	1391.448
261.3	0	0	0	0	0	5.368311	98.68828	430.5324	659.6536	764.8186	848.1693	919.9358	989.2634	1069.155	1143.695	1217.394	1296.656	1393.525
261.95	0	0	0	0	0	5.368311	99.00358	429.2888	659.4559	763.948	845.674	919.4205	989.5411	1071.983	1144.489	1218.069	1295.941	1389.56
262.6	0	0	0	0	0	5.368311	98.60946	429.0224	660.0489	764.7098	846.6246	919.6782	988.014	1072.132	1144.489	1217.225	1295.405	1392.014
263.25	0	0	0	0	0	5.368311	98.92475	430.0883	660.7407	763.8392	843.654	917.8746	987.8752	1069.602	1141.472	1214.861	1299.518	1389.56
263.9	0	0	0	0	0	5.368311	98.76711	429.5553	660.2465	764.0568	845.0799	917.6169	985.3763	1067.667	1140.836	1214.017	1301.485	1387.86
264.55	0	0	0	0	0	5.437136	98.68828	432.9306	661.7289	762.6422	842.5846	914.1387	982.7386	1069.304	1141.313	1210.303	1295.047	1384.65
265.2	0	0	0	0	0	5.368311	98.53063	431.5983	657.5782	759.595	843.2975	914.1387	978.8516	1069.006	1140.678	1207.939	1291.649	1386.349
265.85	0	0	0	0	0	5.437136	98.60946	429.9106	656.0959	760.1392	842.1093	913.2369	980.7951	1069.155	1138.454	1208.615	1291.113	1388.427
266.5	0	0	0	0	0	5.437136	99.79182	428.7559	654.8112	759.3774	842.8222	911.691	982.8775	1067.221	1138.136	1210.134	1291.828	1388.238
267.15	0	0	0	0	0	5.437136	99.47652	429.9106	656.6888	758.5068	842.5846	911.8198	983.4328	1066.923	1137.501	1210.134	1289.325	1387.294
267.8	0	0	0	0	0	5.437136	98.45181	427.9565	656.6888	757.9627	843.1787	909.1146	981.9057	1065.881	1136.072	1207.095	1288.073	1384.65
268.45	0	0	0	0	0	5.50596	98.76711	428.9335	655.5029	757.7451	840.3269	908.3416	980.2398	1061.863	1134.801	1204.732	1286.285	1382.195
269.1	0	0	0	0	0	5.50596	98.05769	430.0883	655.7994	755.4597	837.1187	907.8263	980.7951	1064.244	1134.483	1204.901	1288.431	1381.818
269.75	0	0	0	0	0	5.368311	98.21533	430.4435	655.7006	754.2626	838.4257	910.7892	981.0728	1061.416	1134.96	1206.589	1288.788	1380.874
270.4	0	0	0	0	0	5.368311	98.45181	429.9994	656.7877	756.9833	835.6927	908.3416	980.7951	1064.542	1136.389	1206.082	1287.179	1379.552
271.05	0	0	0	0	0	5.437136	98.29416	430.3547	657.0841	758.7244	835.9304	906.0228	977.0469	1063.946	1132.736	1203.55	1287.358	1381.44
271.7	0	0	0	0	0	5.437136	99.31888	429.0224	655.9971	758.3979	835.4551	903.8327	975.381	1063.649	1134.166	1204.394	1287.894	1381.629
272.35	0	0	0	0	0	5.50596	99.08241	427.8676	653.8229	756.3303	835.9304	903.5751	974.9645	1064.691	1136.072	1205.238	1283.423	1377.286
273	0	0	0	0	0	5.368311	99.00358	428.2229	652.637	754.8068	834.5045	903.9615	975.6586	1063.5	1133.054	1205.913	1283.96	1377.286
273.65	0	0	0	0	0	5.574785	98.92475	429.0224	653.4276	752.5215	834.6234	904.0904	975.6586	1061.714	1130.83	1206.758	1285.391	1377.475
274.3	0	0	0	0	0	5.712434	98.68828	431.243	654.7123	752.7391	833.7916	904.0904	973.7151	1061.119	1128.925	1203.381	1283.602	1373.509
274.95	0	0	0	0	0	5.712434	99.39771	431.6871	653.1312	751.6509	833.4351	904.2192	973.5762	1060.523	1130.83	1200.173	1284.318	1375.587
275.6	0	0	0	0	0	5.850083	99.24005	430.8877	651.6488	751.2156	832.3657	903.0598	973.5762	1059.482	1130.036	1200.173	1281.635	1371.81
276.25	0	0	0	0	0	5.781259	98.84593	430.4435	652.2418	753.2832	831.0586	900.6121	973.2986	1058.886	1129.242	1195.615	1280.383	1372.943
276.9	0	0	0	0	0	5.712434	98.21533	430.1771	650.6605	751.9774	831.8904	901.1274	973.5762	1059.482	1127.654	1196.966	1276.986	1372.565
277.55	0	0	0	0	0	5.712434	97.50591	430.3547	651.8464	750.345	834.6234	902.6733	972.6045	1058.738	1128.766	1194.096	1279.847	1370.488
278.2	0	0	0	0	0	5.781259	96.95414	430.9765	653.3288	748.4949	835.5739	900.3545	972.188	1058.291	1128.13	1193.252	1280.383	1367.845
278.85	0	0	0	0	0	5.574785	96.79649	428.7559	652.1429	748.6038	834.6234	897.2627	972.8821	1057.398	1127.019	1194.433	1278.416	1367.656
279.5	0	0	0	0	0.05882451	5.368311	97.42709	428.8447	655.7006	749.3655	829.7515	895.2015	972.6045	1057.993	1126.383	1199.498	1276.628	1365.39
280.15	0	0	0	0	0.05882451	5.437136	97.26944	427.7788	654.8112	749.3655	829.0386	897.778	969.9668	1058.291	1125.907	1197.472	1273.052	1366.901
280.8	0	0	0	0	0.05882451	5.437136	96.95414	427.8676	655.4041	748.8214	828.6821	899.0662	967.3292	1058.291	1122.413	1195.953	1267.508	1365.201
281.45	0	0	0	0	0.05882451	5.368311	97.42709	428.0453	653.6253	747.842	826.4244	896.4897	967.6068	1057.993	1120.666	1193.083	1270.548	1362.935
282.1	0	0	0	0	0.05882451	5.368311	97.58474	427.0682	650.6605	745.3391	825.5927	894.1709	965.6633	1056.208	1119.395	1193.927	1270.19	1361.425
282.75	0	0	0	0	0.05882451	5.299487	97.50591	428.6671	650.957	744.142	826.5433	893.7844	967.8845	1055.166	1121.46	1193.589	1268.939	1363.879
283.4	0	0	0	0	0.05882451	5.299487	97.58474	429.733	649.4747	742.0743	826.0679	893.0115	968.5786	1051.892	1118.283	1188.525	1268.045	1360.292
284.05	0	0	0	0	0.05882451	5.299487	96.87532	430.4435	649.3759	740.8773	827.6127	894.0421	968.3009	1052.338	1121.936	1188.018	1266.972	1358.97
284.7	0	0	0	0	0.05882451	5.299487	97.19061	428.5782	646.0158	741.7478	825.8303	894.6862	965.9409	1051.594	1122.889	1188.693	1268.939	1358.215
285.35	0	0	0	0	0.05882451	5.230662	97.34827	428.0453	644.5334	742.8361	823.9291	895.4592	965.6633	1050.552	1123.842	1188.525	1269.296	1356.704
286	0	0	0	0	0.05882451	5.161838	97.34827	429.6441	644.1381	743.2714	822.3844	896.8762	962.7479	1052.189	1115.583	1183.629	1266.614	1354.816
286.65	0	0	0	0	0.05882451	5.161838	97.11179	429.3777	643.5452	739.5714	820.8397	898.2933	961.915	1046.385	1116.06	1185.317	1263.395	1353.116
287.3	0	0	0	0	0.117649	5.161838	97.19061	428.7559	642.2604	741.0949	821.7903	898.6797	960.3879	1049.957	1114.63	1187.849	1262.501	1353.872
287.95	0	0	0	0	0.1764735	5.299487	97.19061	428.2229	644.4346	740.5508	820.9585	897.6492	960.6656	1048.915	1113.995	1185.992	1262.501	1354.061
288.6	0	0	0	0	0.1764735	5.230662	97.50591	428.4894	645.2252	742.4008	821.9091	896.1033	961.2209	1050.701	1116.695	1183.122	1261.964	1349.34
289.25	0	0	0	0	0.1764735	5.161838	98.21533	427.157	645.0275	742.2919	817.9879	895.3303	960.5267	1050.403	1114.948	1181.603	1259.461	1350.85
289.9	0	0	0	0	0.117649	5.299487	97.97886	426.0023	644.0393	740.6596	819.5326	892.8826	960.6656	1051.147	1116.854	1181.265	1258.388	1353.683
290.55	0	0	0	0	0.117649	5.024189	98.13651	425.7358	644.0393	739.4625	818.8196	889.4044	957.4726	1045.492	1115.583	1180.421	1258.209	1352.172
291.2	0	0	0	0	0.117649	5.093013	99.00358	425.3806	644.1381	739.136	820.0079	887.6008	958.1667	1044.748	1116.854	1180.252	1255.706	1349.151
291.85	0	0	0	0	0.117649	5.161838	98.60946	427.157	644.4346	737.0684	818.9385	886.6991	958.722	1042.664	1114.948	1179.408	1256.421	1347.263
292.5	0	0	0	0	0.117649	4.955364	98.53063	427.5124	642.9522	734.4566	818.2255	883.6073	956.0844	1041.771	1111.295	1178.901	1250.52	1343.675
293.15	0	0	0	0	0.117649	4.88654	98.13651	426.8018	643.5452	734.7831	816.3243	883.4785	955.6679	1039.39	1110.819	1176.707	1256.779	1345.186
293.8	0	0	0	0	0.117649	4.817715	98.29416	426.7129	641.964	735.5449	813.9479	886.0549	957.4726	1040.581	1107.483	1177.213	1254.275	1343.109
294.45	0	0	0	0	0.117649	4.748891	98.37299	426.7129	642.6558	735.9801	814.7797	885.5397	954.835	1040.432	1105.577	1176.031	1253.917	1342.731
295.1	0	0	0	0	0.117649	4.611242	97.58474	424.8476	640.8769	735.2184	817.8691	882.0614	950.1149	1042.367	1104.783	1175.019	1253.739	1344.808
295.75	0	0	0	0	0.117649	4.955364	97.11179	425.9135	641.0746	734.1301	817.8691	882.319	952.4749	1041.474	1103.672	1173.837	1249.626	1339.143
296.4	0	0	0	0	0.117649	4.680067	97.26944	426.7129	639.1969	733.9125	817.0373	882.319	951.9196	1041.771	1104.307	1171.473	1246.943	1338.955
297.05	0	0	0	0	0.05882451	4.817715	97.03297	426.18	640.1851	733.9125	818.2255	882.8344	951.5032	1041.325	1106.848	1170.798	1248.732	1339.899
297.7	0	0	0	0	0.05882451	4.748891	97.97886	426.0023	640.6793	733.9125	815.9679	881.9326	953.7244	1037.902	1104.624	1171.473	1246.586	1338.199
298.35	0	0	0	0	0.05882451	4.680067	98.53063	425.2917	640.6793	735.436	817.275	881.4172	949.9761	1037.009	1103.513	1171.642	1247.659	1334.8
299	0	0	0	0	0.05882451	4.680067	98.53063	426.3576	639.691	734.239	813.829	881.5461	946.9219	1037.604	1104.624	1169.954	1248.195	1335.745
299.65	0	0	0	0	0.05882451	4.748891	98.68828	426.3576	639.2957	734.5654	812.4031	880.2579	946.089	1038.349	1103.036	1169.447	1244.797	1337.822
300.3	0	0	0	0	0.05882451	4.817715	99.31888	426.5353	639.3945	735.1096	811.4526	883.2208	945.1172	1037.158	1102.083	1170.123	1243.367	1335.367
300.95	0	0	0	0	0.05882451	4.817715	98.53063	426.3576	637.9122	736.7419	809.076	882.5767	946.3666	1033.437	1102.083	1167.084	1244.261	1336.689
301.6	0	0	0	0	0	4.680067	98.29416	427.157	640.6793	736.0889	809.6702	881.8037	948.0325	1032.396	1101.448	1170.123	1243.009	1336.689
302.25	0	0	0	0	0	4.542418	97.42709	426.5353	641.6675	734.5654	809.9078	881.8037	945.5337	1030.759	1103.195	1169.11	1244.261	1334.612
302.9	0	0	0	0	0	4.542418	97.66356	426.8018	640.7781	735.0007	808.8384	879.3561	943.1737	1031.354	1100.654	1167.084	1240.684	1335.556
303.55	0	0	0	0	0	4.267119	98.29416	426.5353	639.1969	733.9125	810.502	877.4237	942.8961	1030.312	1099.383	1164.214	1241.042	1334.234
304.2	0	0	0	0	0	4.267119	98.68828	425.2917	638.9993	734.1301	809.9078	875.8778	943.0349	1028.08	1097.795	1163.201	1239.611	1332.723
304.85	0	0	0	0	0	4.198295	99.16122	424.7588	639.7899	731.9536	809.4326	876.7796	941.369	1026.591	1094.46	1158.643	1240.506	1333.101
305.5	0	0	0	0	0	4.060646	98.60946	423.2488	637.0228	730.1036	806.1055	877.4237	940.536	1027.633	1091.918	1159.318	1238.002	1327.625
306.15	0	0	0	0	0	3.991821	98.13651	424.3147	636.2322	730.4301	804.2042	877.6813	941.7855	1028.229	1092.395	1159.656	1237.466	1328.192
306.8	0	0	0	0	0	4.198295	98.45181	424.3147	636.1334	728.7977	804.9172	875.749	941.6466	1027.484	1094.142	1159.487	1236.75	1329.136
307.45	0	0	0	0	0	4.335944	98.21533	426.0023	636.7263	728.1448	805.2737	873.4302	941.7855	1026.443	1093.03	1163.201	1236.929	1327.814
308.1	0	0	0	0	0	4.335944	97.58474	425.2917	638.3075	730.7565	805.036	874.3319	944.1454	1022.276	1091.442	1158.305	1236.035	1327.059
308.75	0	0	0	0	0	4.267119	96.87532	423.9594	637.9122	729.7772	803.4913	872.0131	941.0913	1024.21	1093.983	1157.798	1233.531	1323.849
309.4	0	0	0	0	0	4.198295	96.95414	422.7158	635.2439	727.8183	803.1348	872.5284	938.0372	1023.764	1092.713	1157.461	1230.313	1320.827
310.05	0	0	0	0	0	4.335944	96.63885	422.8935	634.8486	725.6418	806.2242	871.8843	938.7313	1020.936	1090.013	1158.136	1231.564	1324.604
310.7	0	0	0	0	0	4.335944	97.50591	422.0052	631.0933	724.9888	804.6796	869.5654	935.816	1020.787	1090.33	1157.63	1231.564	1324.037
311.35	0	0	0	0	0.05882451	4.473593	97.97886	422.0052	629.7098	725.7506	803.3725	866.3448	934.5666	1019.597	1088.424	1156.786	1231.564	1321.771
312	0	0	0	0	0.05882451	4.473593	97.74239	422.5382	630.8956	725.9683	804.3231	869.3077	931.2348	1021.978	1086.836	1155.604	1229.776	1322.905
312.65	0	0	0	0	0.05882451	4.542418	98.21533	423.2488	630.0062	727.8183	800.8772	870.3384	934.7054	1023.913	1084.295	1156.11	1227.988	1319.694
313.3	0	0	0	0	0.05882451	4.404768	97.58474	424.5811	629.6109	725.2065	800.283	871.7554	935.1219	1025.252	1086.518	1152.396	1229.061	1322.338
313.95	0	0	0	0	0.05882451	4.611242	96.95414	422.8047	630.0062	723.9006	799.2136	868.406	934.8442	1022.424	1089.695	1152.734	1226.557	1320.45
314.6	0	0	0	0	0.05882451	4.542418	96.95414	422.0941	628.8203	724.7712	795.8865	864.5413	933.8724	1021.978	1085.248	1151.046	1227.451	1322.149
315.25	0	0	0	0	0.05882451	4.611242	96.87532	422.1829	629.3145	721.6153	797.1936	863.5107	933.8724	1018.555	1086.518	1150.539	1227.094	1319.506
315.9	0	0	0	0	0.05882451	4.611242	96.56002	423.6041	627.5356	724.3359	794.223	864.7989	933.3171	1014.239	1083.501	1151.046	1223.339	1318.373
316.55	0	0	0	0	0.05882451	4.611242	96.48119	424.5811	626.4485	724.5535	796.1242	865.1854	935.816	1011.858	1082.865	1150.37	1224.948	1315.918
317.2	0	0	0	0	0.05882451	4.611242	96.71767	423.8705	625.1638	722.4859	794.3418	863.8972	932.9007	1012.9	1083.024	1148.175	1222.266	1318.75
317.85	0	0	0	0	0.05882451	4.542418	97.66356	424.3147	626.9427	720.6359	796.243	864.1548	934.2889	1012.602	1083.818	1149.02	1222.266	1316.107
318.5	0	0	0	0	0.05882451	4.611242	97.90003	423.0711	626.0532	715.7388	797.5501	860.9341	934.4277	1015.281	1083.501	1149.695	1221.908	1314.407
319.15	0	0	0	0	0.05882451	4.542418	98.53063	420.4064	626.5474	716.9359	797.9066	861.4495	932.7618	1013.495	1080.007	1147.162	1221.371	1313.841
319.8	0	0	0	0	0.05882451	4.542418	99.63418	420.584	624.9662	717.9153	799.5701	863.5107	930.5406	1014.983	1078.418	1143.111	1221.193	1313.086
320.45	0	0	0	0	0.05882451	4.473593	99.63418	418.6299	623.5826	719.4388	796.9559	860.1612	928.1807	1014.834	1076.512	1145.305	1218.153	1312.897
321.1	0	0	0	0	0.05882451	4.404768	100.1859	418.1858	622.0015	717.9153	796.1242	861.3206	927.6254	1011.858	1076.671	1146.318	1217.258	1308.932
321.75	0	0	0	0	0.05882451	4.267119	99.87065	419.6958	621.0132	718.1329	794.1042	860.8054	929.4301	1012.453	1076.512	1144.968	1217.795	1309.12
322.4	0	0	0	0	0.05882451	4.335944	98.92475	419.074	623.2861	717.0447	794.223	858.4865	927.4865	1008.435	1080.324	1141.929	1218.51	1307.61
323.05	0	0	0	0	0.05882451	4.473593	99.47652	420.4064	622.4955	715.0858	795.5301	857.8424	926.3759	1008.732	1077.624	1140.578	1221.55	1307.232
323.7	0	0	0	0	0.05882451	4.404768	98.45181	421.7387	622.7921	713.6711	793.2724	860.1612	924.2936	1010.816	1077.307	1140.747	1219.762	1310.631
324.35	0	0	0	0	0.05882451	4.404768	98.05769	418.4522	620.1238	713.6711	792.5594	860.1612	924.4324	1007.393	1074.289	1141.76	1220.656	1311.386
325	0	0	0	0	0.05882451	4.335944	98.13651	419.7846	619.8273	715.4123	790.8959	856.4253	925.8206	1005.458	1074.448	1142.098	1218.331	1308.743
325.65	0	0	0	0	0.05882451	4.335944	97.66356	420.0511	619.6296	715.9564	790.4206	855.2659	924.71	1007.095	1076.83	1137.033	1218.868	1308.932
326.3	0	0	0	0	0.05882451	4.473593	97.74239	420.4952	618.2461	716.2829	788.8759	857.3271	923.5994	1007.542	1071.43	1143.111	1221.908	1305.344
326.95	0	0	0	0	0.05882451	4.473593	98.05769	419.7846	618.9379	715.7388	791.6088	856.9406	923.5994	1007.393	1071.589	1137.877	1216.185	1308.554
327.6	0	0	0	0	0.05882451	4.267119	97.34827	418.1858	621.6061	718.6771	790.3018	856.5541	923.0441	1006.649	1070.954	1135.851	1213.682	1305.91
328.25	0	0	0	0	0.05882451	4.267119	97.11179	418.097	620.3214	716.3917	793.8665	857.9712	921.3782	1007.393	1071.748	1133.488	1210.463	1303.833
328.9	0	0	0	0	0.05882451	4.267119	97.50591	418.097	619.2344	713.9976	793.3912	858.6154	922.0724	1008.881	1073.813	1139.565	1212.788	1302.7
329.55	0	0	0	0	0.05882451	4.267119	97.90003	419.7846	619.432	711.6035	793.0347	858.7441	921.3782	1006.351	1074.289	1136.02	1213.503	1301.567
330.2	0	0	0	0	0.05882451	4.060646	97.34827	419.8734	619.432	711.1682	793.1536	855.6523	919.99	1002.928	1072.224	1135.345	1209.927	1300.057
330.85	0	0	0	0	0.05882451	4.12947	97.90003	419.1628	616.8625	710.7328	791.9653	854.2353	918.0464	1003.375	1068.73	1135.007	1208.675	1296.847
331.5	0	0	0	0	0.05882451	4.335944	97.26944	417.8305	614.6884	711.8211	791.1335	852.5605	915.8253	1002.482	1067.142	1132.475	1209.39	1296.658
332.15	0	0	0	0	0.05882451	4.335944	97.34827	416.7646	616.7637	709.5358	791.1335	851.4012	914.5759	1004.565	1062.695	1134.67	1206.887	1294.203
332.8	0	0	0	0	0.05882451	4.335944	97.19061	416.4093	615.7755	710.2975	786.6182	853.3335	915.8253	1000.398	1064.76	1133.319	1207.602	1294.014
333.45	0	0	0	0	0.05882451	4.473593	97.66356	417.4752	615.479	711.277	787.8065	852.1741	913.6041	1000.101	1063.648	1133.656	1206.887	1293.07
334.1	0	0	0	0	0.05882451	4.473593	97.82121	418.097	616.5661	709.3181	786.3806	852.3029	915.6865	1001.142	1066.189	1130.618	1205.098	1292.126
334.75	0	0	0	0	0.05882451	4.542418	97.82121	418.0081	614.6884	708.5563	783.6476	850.757	912.077	998.4636	1064.76	1128.761	1205.098	1290.238
335.4	0	0	0	0	0.05882451	4.473593	98.13651	418.5411	614.6884	707.2505	784.1229	851.9164	912.2158	999.2077	1064.442	1127.41	1202.416	1289.671
336.05	0	0	0	0	0.05882451	4.611242	97.74239	417.3864	613.4037	708.5563	784.8359	852.1741	910.6888	997.1242	1059.995	1125.047	1203.31	1291.937
336.7	0	0	0	0	0.05882451	4.473593	97.42709	416.3205	613.2061	710.8417	784.3605	852.4318	909.0229	997.273	1061.107	1125.384	1202.058	1290.049
337.35	0	0	0	0	0.05882451	4.680067	97.19061	417.4752	611.6249	711.7123	783.2911	850.3705	907.6346	996.6777	1059.201	1124.202	1200.807	1283.629
338	0	0	0	0	0.05882451	4.680067	96.95414	415.8763	614.1943	709.8622	782.8159	850.1129	908.884	992.5106	1059.836	1124.034	1202.595	1285.895
338.65	0	0	0	0	0.05882451	4.611242	97.19061	415.2546	614.1943	706.8152	784.2418	847.9229	910.5499	993.1059	1059.836	1124.202	1200.985	1283.251
339.3	0	0	0	0	0.05882451	4.611242	97.19061	415.521	613.0084	707.9034	785.1923	846.2482	909.8558	993.85	1059.359	1123.527	1203.31	1285.14
339.95	0	0	0	0	0.05882451	4.611242	97.50591	415.8763	613.5025	707.1417	786.7371	843.5428	909.8558	993.5524	1060.63	1122.177	1199.555	1285.14
340.6	0	0	0	0	0.05882451	4.680067	97.34827	413.3004	613.6014	705.9446	781.6276	843.4141	908.0511	995.9336	1057.771	1124.371	1199.734	1285.706
341.25	0	0	0	0	0.05882451	4.680067	98.13651	413.1228	613.4037	707.4681	779.6076	841.4817	909.3005	995.6359	1057.93	1125.891	1198.482	1285.328
341.9	0	0	0	0	0.05882451	4.611242	96.71767	412.2345	613.799	706.0534	780.0829	842.8987	909.1617	992.8083	1057.295	1123.021	1198.482	1283.629
342.55	0	0	0	0	0.05882451	4.680067	97.34827	413.9222	612.9096	704.0945	779.1323	841.7393	908.1899	993.1059	1055.707	1124.202	1196.157	1282.685
343.2	0	0	0	0	0.05882451	4.611242	97.90003	412.8563	613.0084	702.6798	780.677	841.3528	906.3852	991.9153	1053.006	1121.839	1196.157	1280.041
343.85	0	0	0	0	0.05882451	4.542418	98.68828	414.1887	610.8343	701.8093	780.7958	839.9358	905.8299	993.1059	1054.118	1121.839	1199.734	1280.608
344.5	0	0	0	0	0.05882451	4.473593	98.05769	415.1657	608.0672	703.6592	779.9641	838.7764	903.6087	992.3618	1051.259	1119.982	1196.336	1283.063
345.15	0	0	0	0	0.05882451	4.611242	98.45181	415.4322	607.7707	704.6387	776.1617	838.0034	903.6087	991.6177	1048.401	1116.605	1194.19	1280.797
345.8	0	0	0	0	0.05882451	4.611242	98.05769	415.8763	606.7825	703.1151	776.637	841.7393	902.4981	990.2783	1052.053	1115.086	1192.759	1275.698
346.45	0	0	0	0	0.05882451	4.680067	97.66356	415.3434	607.6719	704.3122	776.1617	840.7087	903.4699	991.6177	1049.989	1115.761	1192.759	1276.076
347.1	0	0	0	0	0.05882451	4.680067	97.74239	416.4093	606.3871	706.3799	776.5181	838.3899	903.6087	990.7247	1050.148	1114.073	1193.654	1274.565
347.75	0	0	0	0	0.05882451	4.748891	98.21533	415.8763	606.5848	705.6181	776.2805	839.034	903.8864	990.2783	1049.671	1116.099	1194.369	1273.81
348.4	0	0	0	0	0.05882451	4.748891	98.13651	416.054	605.7942	705.9446	776.637	837.7458	900.9711	986.26	1048.083	1117.112	1193.475	1274.377
349.05	0	0	0	0	0.05882451	4.680067	98.05769	416.4981	608.2648	705.074	776.637	839.1628	901.6652	986.4088	1049.989	1117.112	1190.077	1273.055
349.7	0	0	0	0	0.05882451	4.611242	98.13651	415.9651	605.9919	703.5504	777.4688	839.9358	902.9146	985.8135	1045.859	1114.748	1190.435	1271.167
350.35	0	0	0	0	0.05882451	4.611242	97.90003	415.7875	606.9801	703.7681	775.3299	840.1934	900.9711	984.3253	1044.43	1112.047	1187.752	1272.488
351	0	0	0	0	0.05882451	4.680067	97.26944	414.7216	606.3871	702.2445	773.7852	840.9664	899.9993	987.3018	1043.159	1112.553	1183.997	1271.167
351.65	0	0	0	0	0.05882451	4.748891	97.11179	415.2546	605.6954	700.1769	773.904	838.3899	901.3875	985.0694	1043.159	1112.385	1187.216	1268.712
352.3	0	0	0	0	0.05882451	4.88654	96.48119	417.0311	608.5613	701.5916	772.5969	836.844	896.9451	981.9441	1042.842	1112.722	1183.997	1270.978
352.95	0	0	0	0	0.05882451	4.88654	96.24472	415.8763	606.5848	702.0269	774.0228	837.3593	897.2228	981.6464	1041.73	1110.021	1183.461	1268.712
353.6	0	0	0	0	0.05882451	4.817715	96.24472	416.6758	609.2531	701.9181	776.0428	838.1322	899.0275	980.7535	1039.03	1109.852	1185.249	1267.012
354.25	0	0	0	0	0.05882451	5.024189	96.63885	417.2975	608.3636	698.9798	774.4981	834.5251	899.0275	981.9441	1040.618	1109.177	1186.679	1264.18
354.9	0	0	0	0	0.05882451	4.955364	96.24472	417.1199	607.4742	702.2445	772.7158	830.9181	895.4181	982.6882	1037.6	1108.502	1185.606	1265.502
355.55	0	0	0	0	0.05882451	4.955364	96.16589	418.1858	606.2883	701.4828	771.4087	833.4946	893.6133	982.0929	1036.33	1107.826	1180.421	1266.068
356.2	0	0	0	0	0.05882451	4.955364	97.42709	417.0311	605.8931	703.3328	771.4087	832.2063	893.891	982.5394	1038.553	1103.268	1179.169	1267.201
356.85	0	0	0	0	0.05882451	5.093013	97.90003	417.3864	605.0036	701.2651	774.4981	830.2739	893.3357	980.9023	1040.618	1103.099	1179.169	1267.957
357.5	0	0	0	0	0.05882451	5.093013	97.58474	417.0311	603.8177	698.4357	772.3593	831.4333	892.7804	979.1164	1036.33	1106.307	1177.023	1264.935
358.15	0	0	0	0	0.05882451	5.024189	97.74239	418.1858	604.6083	698.4357	770.9334	830.7892	894.0298	974.8005	1035.218	1107.32	1178.632	1263.047
358.8	0	0	0	0	0.05882451	4.955364	97.26944	417.7416	605.1024	699.1974	769.864	827.9551	893.4745	975.9911	1034.106	1105.294	1175.235	1261.725
359.45	0	0	0	0	0.05882451	5.024189	97.42709	417.1199	602.2365	698.3268	767.131	828.4704	891.3922	975.3958	1034.901	1102.424	1177.38	1260.215
360.1	0	0	0	0	0.05882451	4.955364	96.87532	416.5869	602.0389	696.368	766.4181	826.9245	891.9474	973.3123	1035.377	1103.606	1177.023	1262.103
360.75	0	0	0	0	0.05882451	5.024189	96.63885	416.6758	603.2248	693.3209	767.131	828.9857	891.2533	975.0981	1033.63	1100.905	1173.268	1258.515
361.4	0	0	0	0	0.05882451	4.88654	95.92942	418.097	601.0507	692.1238	767.4875	826.6669	890.2816	974.9493	1032.359	1096.515	1175.413	1261.725
362.05	0	0	0	0	0.05882451	4.88654	96.08707	417.564	600.7542	691.4709	765.9427	826.538	890.1427	972.4193	1032.518	1095.165	1172.195	1260.026
362.7	0	0	0	0	0.05882451	4.817715	96.87532	416.7646	600.4577	689.7297	765.8239	826.0227	890.5592	973.7587	1033.948	1096.853	1171.658	1258.704
363.35	0	0	0	0	0.05882451	4.817715	96.32355	417.6528	598.0859	690.4915	763.4474	824.348	890.5592	972.717	1028.23	1098.71	1169.691	1257.005
364	0	0	0	0	0.05882451	4.817715	96.56002	418.6299	598.7776	690.7091	763.4474	825.121	889.5874	974.9493	1028.706	1096.177	1170.228	1254.739
364.65	0	0	0	0	0.05882451	4.680067	96.87532	417.9193	598.8765	688.5327	762.1404	822.931	887.5051	974.3541	1027.436	1096.177	1169.155	1253.984
365.3	0	0	0	0	0.05882451	4.748891	96.00825	414.7216	596.8012	690.7091	761.1898	822.931	887.0886	975.247	1026.324	1096.515	1169.333	1254.928
365.95	0	0	0	0	0.05882451	4.748891	96.48119	415.7875	597.0977	690.9268	758.8133	821.9003	884.0344	975.0981	1025.053	1097.359	1164.684	1256.627
366.6	0	0	0	0	0.05882451	4.748891	96.71767	415.6987	596.4059	691.9062	757.3874	819.968	884.4509	970.4846	1022.989	1095.165	1165.757	1252.284
367.25	0	0	0	0	0.05882451	4.88654	97.26944	415.9651	595.5165	693.3209	758.338	820.4833	886.1168	970.6334	1023.147	1095.333	1161.823	1252.473
367.9	0	0	0	0	0.05882451	4.955364	97.74239	417.2975	597.5918	695.0621	758.8133	821.9003	884.1733	971.9728	1023.147	1094.489	1165.757	1250.018
368.55	0	0	0	0	0.117649	5.024189	96.95414	414.4551	597.0977	693.8651	759.4074	820.3544	883.7568	967.5081	1024.1	1094.32	1166.472	1253.606
369.2	0	0	0	0	0.117649	5.024189	96.56002	414.8993	596.1094	691.6885	760.5956	820.0968	885.145	967.5081	1022.036	1090.606	1167.009	1251.529
369.85	0	0	0	0	0.117649	5.024189	96.48119	412.2345	594.5282	691.0356	759.8827	819.7103	887.0886	964.5316	1019.336	1091.788	1165.578	1252.851
370.5	0	0	0	0	0.117649	5.024189	95.92942	413.6557	594.4294	690.4915	758.9321	818.4221	883.7568	964.6804	1015.683	1088.749	1162.002	1251.529
371.15	0	0	0	0	0.117649	5.093013	96.16589	411.8792	594.4294	690.0562	756.9121	818.9374	882.3685	964.3828	1017.747	1088.074	1159.319	1252.284
371.8	0	0	0	0	0.117649	5.093013	95.22	413.6557	596.8012	690.2739	755.4862	819.8392	878.3427	964.9781	1019.018	1091.113	1157.889	1250.774
372.45	0	0	0	0	0.117649	5.024189	94.9047	414.7216	593.9353	686.2473	754.4168	817.6491	876.9544	965.2758	1020.289	1093.139	1158.962	1250.396
373.1	0	0	0	0	0.1764735	4.955364	95.06236	414.7216	595.5165	686.2473	751.565	818.1644	878.3427	965.2758	1019.971	1089.425	1158.246	1248.885
373.75	0	0	0	0	0.1764735	5.024189	95.22	412.3234	595.3188	687.3356	753.1097	818.1644	881.8132	962.2993	1016.794	1089.931	1154.849	1245.486
374.4	0	0	0	0	0.1764735	4.88654	95.45647	411.2574	595.8129	688.5327	753.7039	816.1033	882.9238	960.0669	1014.094	1092.801	1153.955	1243.598
375.05	0	0	0	0	0.1764735	4.955364	95.8506	411.3463	596.6035	688.315	754.298	814.6862	882.6462	958.1321	1012.189	1090.775	1156.1	1240.577
375.7	0	0	0	0	0.1764735	5.093013	96.71767	412.1457	595.4177	688.5327	755.1298	815.588	880.1473	959.4716	1012.506	1085.373	1156.458	1242.843
376.35	0	0	0	0	0.1764735	5.093013	96.87532	411.8792	594.8247	687.8797	751.6838	814.815	877.0932	960.2157	1013.459	1084.36	1155.385	1248.508
377	0	0	0	0	0.1764735	5.093013	96.40237	410.8133	594.7259	688.968	750.2579	815.8456	875.4273	957.8345	1010.283	1082.334	1153.418	1242.088
377.65	0	0	0	0	0.1764735	5.093013	96.16589	412.3234	593.3423	689.2944	749.6638	816.6185	873.7614	958.8763	1012.506	1083.853	1153.955	1243.976
378.3	0	0	0	0	0.1764735	4.955364	96.79649	410.8133	592.1564	686.465	748.9509	813.5267	877.3708	957.3881	1011.712	1085.542	1152.345	1243.976
378.95	0	0	0	0	0.1764735	4.817715	96.95414	411.5239	589.1917	683.5267	751.565	813.0115	875.9826	956.0486	1011.553	1082.165	1152.345	1245.486
379.6	0	0	0	0	0.1764735	4.817715	96.87532	411.0798	590.3776	685.5944	752.1591	813.6556	873.4838	955.8998	1011.712	1080.139	1147.517	1244.165
380.25	0	0	0	0	0.1764735	4.817715	96.63885	411.5239	589.1917	686.2473	749.1885	813.1403	873.0673	955.1557	1009.806	1078.957	1150.915	1241.71
380.9	0	0	0	0	0.235298	4.680067	95.77177	412.501	588.0058	683.7444	749.9014	810.6926	870.8461	952.7745	1009.012	1080.646	1148.769	1241.143
381.55	0	0	0	0	0.235298	4.88654	95.77177	413.2116	586.8199	686.1385	748.1191	812.2385	872.9285	951.1374	1008.377	1079.464	1146.444	1243.221
382.2	0	0	0	0	0.235298	4.955364	96.63885	413.1228	588.7964	685.5944	749.0697	813.2691	873.0673	952.6257	1006.63	1078.957	1144.477	1239.444
382.85	0	0	0	0	0.1764735	4.955364	97.03297	410.5469	586.5234	683.2003	750.4956	809.4044	871.1238	954.858	1008.377	1080.646	1145.907	1238.122
383.5	0	0	0	0	0.1764735	4.955364	96.40237	410.1028	587.2152	682.6561	749.4261	810.8214	872.9285	952.6257	1007.583	1075.243	1143.046	1240.955
384.15	0	0	0	0	0.117649	4.88654	96.79649	410.6357	585.9305	680.3708	748.0002	810.0485	870.7073	952.9233	1006.312	1076.594	1142.867	1236.045
384.8	0	0	0	0	0.117649	4.955364	96.79649	408.7704	585.3375	680.9149	746.2179	809.662	871.6791	952.9233	1005.994	1079.97	1142.689	1233.402
385.45	0	0	0	0	0.117649	4.88654	97.42709	408.7704	582.7681	679.3914	747.8814	809.9197	869.1802	952.9233	1003.136	1080.308	1142.152	1234.723
386.1	0	0	0	0	0.117649	4.817715	97.42709	406.8162	585.3375	679.5002	746.812	810.6926	867.2367	948.3098	1003.453	1076.932	1141.794	1236.801
386.75	0	0	0	0	0.117649	4.88654	97.19061	407.7933	584.4481	677.6502	747.7626	806.0549	867.0978	947.4168	1005.2	1076.425	1144.656	1233.213
387.4	0	0	0	0	0.117649	4.88654	96.87532	406.6386	584.8434	677.3237	744.792	806.9567	865.8484	946.8215	1004.406	1075.919	1138.218	1232.458
388.05	0	0	0	0	0.117649	4.88654	96.63885	406.3721	583.6575	676.8884	742.772	805.5396	865.4319	946.9703	1003.294	1073.893	1137.145	1228.681
388.7	0	0	0	0	0.117649	5.093013	97.34827	408.4151	582.6693	673.5149	743.9602	806.0549	864.3214	947.268	1000.277	1069.841	1137.324	1230.38
389.35	0	0	0	0	0.117649	4.817715	96.79649	407.7045	581.0881	676.2355	742.6531	805.0244	866.2649	945.4821	1000.277	1066.464	1138.218	1230.947
390	0	0	0	0	0.117649	5.024189	96.71767	408.6815	580.3963	675.0384	745.2673	801.9326	864.7379	946.8215	1001.23	1067.815	1140.006	1225.471
390.65	0	0	0	0	0.117649	4.955364	97.97886	407.1715	580.001	674.1678	742.6531	800.0002	864.0437	945.9285	997.5767	1068.997	1138.218	1227.17
391.3	0	0	0	0	0.117649	4.955364	97.26944	405.928	579.6057	673.5149	744.1979	801.9326	860.5731	943.6962	997.1002	1070.516	1137.86	1224.149
391.95	0	0	0	0	0.117649	4.817715	96.87532	406.4609	581.681	674.1678	743.3661	801.6749	863.4884	943.6962	998.212	1071.529	1138.218	1224.716
392.6	0	0	0	0	0.117649	5.024189	95.92942	407.8821	580.2975	675.256	743.6038	803.3496	860.4343	944.2915	997.1002	1068.997	1137.682	1224.527
393.25	0	0	0	0	0.117649	5.161838	96.16589	408.7704	578.6175	673.0796	742.1779	801.5461	859.3237	942.0591	994.7179	1069.166	1134.999	1224.716
393.9	0	0	0	0	0.117649	5.161838	95.61413	408.6815	579.4081	671.8825	742.2967	801.2885	856.8248	941.7615	993.1296	1067.14	1134.641	1224.338
394.55	0	0	0	0	0.117649	5.230662	96.08707	409.3922	579.3093	671.8825	739.4449	802.0614	857.6578	945.7797	992.9708	1066.802	1134.105	1221.128
395.2	0	0	0	0	0.117649	5.299487	96.56002	410.0139	579.0128	671.4472	740.1578	799.0984	855.7142	945.1844	994.4002	1065.451	1134.999	1220.373
395.85	0	0	0	0	0.1764735	5.368311	96.63885	410.0139	579.2104	673.4061	740.3955	801.6749	856.5472	944.4403	993.765	1063.426	1133.747	1216.596
396.5	0	0	0	0	0.1764735	5.50596	96.00825	408.8592	576.8386	672.8619	736.9496	802.8343	857.7966	943.3986	994.0826	1064.438	1134.463	1218.107
397.15	0	0	0	0	0.1764735	5.437136	95.5353	407.3492	578.6175	673.1884	735.999	797.5525	857.3801	942.6544	992.9708	1062.075	1130.529	1219.806
397.8	0	0	0	0	0.1764735	5.574785	95.5353	407.1715	579.0128	672.5355	734.2166	795.749	857.1025	941.1662	992.4943	1061.568	1129.456	1219.995
398.45	0	0	0	0	0.1764735	5.50596	95.37766	408.0598	576.4434	671.2296	735.4048	796.2643	855.5754	940.8685	991.7002	1064.607	1130.529	1221.317
399.1	0	0	0	0	0.1764735	5.437136	95.61413	407.2603	578.1234	668.9442	735.8802	797.939	852.5213	942.8032	989.6355	1064.776	1130.529	1219.24
399.75	0	0	0	0	0.1764735	5.437136	96.16589	408.3263	577.4316	667.6384	733.2661	798.7119	852.799	939.6779	988.3649	1065.114	1128.74	1220.373
400.4	0	0	0	0	0.117649	5.574785	96.08707	408.1486	574.1703	669.706	734.6919	797.8102	854.7425	938.0408	986.1414	1065.114	1130.35	1216.596
401.05	0	0	0	0	0.117649	5.64361	95.22	407.9709	575.6528	668.5089	734.5731	798.4543	850.3001	935.8085	987.8884	1063.088	1128.383	1217.352
401.7	0	0	0	0	0.117649	5.64361	95.29883	406.1057	575.8504	668.5089	733.9789	797.8102	851.1331	935.6597	985.1884	1061.906	1126.416	1219.051
402.35	0	0	0	0	0.117649	5.64361	95.22	405.6615	575.7516	667.5295	733.7413	797.5525	848.9119	938.1897	989.0002	1062.413	1130.529	1215.463
403	0	0	0	0	0.117649	5.712434	95.77177	407.1715	573.5775	666.1148	734.8107	797.8102	845.7189	935.5109	990.1119	1061.568	1131.065	1215.275
403.65	0	0	0	0	0.117649	5.64361	95.92942	407.5268	572.688	666.2236	733.2661	794.2031	850.5778	933.4273	987.0943	1062.75	1125.343	1216.03
404.3	0	0	0	0	0.117649	5.712434	96.71767	407.2603	571.6998	667.5295	733.2661	792.5284	850.8554	934.9155	989.159	1062.581	1125.7	1215.463
404.95	0	0	0	0	0.117649	5.574785	96.63885	405.928	573.5775	665.7883	734.2166	792.9149	847.3848	937.5944	988.5237	1062.75	1123.733	1213.386
405.6	0	0	0	0	0.117649	5.574785	96.00825	406.7274	572.7868	665.0266	735.7614	792.786	847.8013	936.8503	988.8414	1059.374	1124.985	1211.687
406.25	0	0	0	0	0.117649	5.64361	96.24472	405.8392	572.9845	665.0266	731.8401	793.8166	847.9401	935.5109	986.7767	1056.841	1125.521	1210.932
406.9	0	0	0	0	0.117649	5.850083	95.06236	406.1945	572.4904	666.1148	731.4836	791.4977	844.8859	936.5526	983.1237	1056.841	1124.091	1212.064
407.55	0	0	0	0	0.117649	5.781259	95.22	406.5498	573.8739	665.1354	729.8201	789.5654	844.6083	935.5109	984.3943	1057.01	1124.806	1212.253
408.2	0	0	0	0	0.117649	5.64361	95.61413	407.9709	574.368	666.4413	728.7507	791.4977	844.3306	935.5109	985.3472	1055.828	1127.131	1209.61
408.85	0	0	0	0	0.117649	5.781259	96.08707	406.9939	572.8857	665.5707	727.4436	790.9825	844.8859	933.2785	983.759	1056.166	1123.554	1209.043
409.5	0	0	0	0	0.1764735	5.850083	96.16589	406.7274	573.9727	663.9383	728.5131	788.2772	842.2483	933.4273	982.1707	1056.166	1121.587	1205.267
410.15	0	0	0	0	0.1764735	5.850083	96.16589	406.1057	574.0715	664.9177	728.6319	786.9889	843.4977	934.1714	979.4707	1053.971	1118.19	1205.456
410.8	0	0	0	0	0.235298	5.850083	96.56002	406.0168	570.5139	662.306	729.5825	786.4736	843.0812	933.5761	978.0413	1051.945	1121.23	1205.078
411.45	0	0	0	0	0.235298	5.781259	96.08707	405.928	570.6127	661.9795	728.3942	784.5413	844.8859	932.6832	977.2472	1050.764	1119.084	1205.456
412.1	0	0	0	0	0.235298	5.781259	96.87532	405.6615	570.7115	662.4148	727.9189	785.3142	844.053	928.9626	976.4531	1050.426	1118.547	1202.434
412.75	0	0	0	0	0.235298	5.64361	97.11179	404.1515	571.5021	663.1765	726.6119	786.2159	842.1094	927.772	979.4707	1049.92	1119.62	1201.113
413.4	0	0	0	0	0.235298	5.712434	97.03297	400.2432	571.3044	663.9383	725.7801	786.3448	840.5824	927.6232	978.8354	1049.244	1119.263	1199.98
414.05	0	0	0	0	0.235298	5.712434	96.48119	400.4209	569.328	664.7001	725.186	784.0259	841.693	928.8137	976.7707	1049.582	1117.117	1201.302
414.7	0	0	0	0	0.235298	5.781259	96.00825	400.1544	567.7468	663.3942	725.7801	785.1854	840.86	926.879	976.4531	1048.231	1113.361	1199.602
415.35	0	0	0	0	0.235298	5.850083	95.92942	400.865	570.2174	664.4824	726.1365	784.7989	838.6389	926.7302	973.5942	1047.218	1116.223	1199.036
416	0	0	0	0	0.2941225	5.850083	96.71767	400.1544	568.8339	664.4824	724.9483	783.8971	840.4435	924.2002	972.4824	1048.231	1119.62	1194.693
416.65	0	0	0	0	0.2941225	5.781259	96.63885	399.8879	567.8456	663.0677	726.1365	784.1548	839.3329	923.1584	974.2295	1047.894	1111.931	1196.581
417.3	0	0	0	0	0.2941225	5.781259	96.32355	401.1315	567.5491	664.0471	723.8789	784.4124	839.1942	922.1166	973.2766	1046.712	1110.679	1196.581
417.95	0	0	0	0	0.2941225	5.781259	97.03297	400.9538	566.7585	662.9589	723.8789	783.5106	839.6106	922.1166	972.4824	1043.673	1109.248	1194.693
418.6	0	0	0	0	0.2941225	5.712434	97.11179	400.5985	568.2409	664.7001	721.6212	784.5413	838.5	924.0513	969.7824	1046.712	1109.964	1194.315
419.25	0	0	0	0	0.2941225	5.781259	97.26944	401.9309	566.9562	662.0883	722.0965	783.6395	839.7495	922.4143	972.006	1042.829	1106.924	1193.182
419.9	0	0	0	0	0.2941225	5.781259	97.11179	402.7303	568.1421	661.8707	722.2153	780.4189	836.14	922.7119	974.706	1040.972	1104.957	1190.727
420.55	0	0	0	0	0.352947	5.712434	97.82121	400.332	567.8456	661.2177	722.9283	779.6459	832.3917	924.4978	971.3707	1039.115	1104.957	1192.238
421.2	0	0	0	0	0.352947	5.781259	97.66356	400.0656	567.6479	659.0412	720.1953	779.9036	831.1423	924.349	970.1001	1039.79	1107.639	1193.371
421.85	0	0	0	0	0.352947	5.850083	96.40237	401.7532	568.2409	659.803	719.6012	778.1	832.2529	923.6049	971.6884	1041.816	1109.427	1193.749
422.5	0	0	0	0	0.2941225	5.781259	96.95414	401.6644	567.5491	658.7147	720.0765	779.7747	831.42	917.8007	969.4648	1037.933	1107.997	1193.749
423.15	0	0	0	0	0.2941225	5.781259	97.42709	400.6873	565.7703	656.5383	720.433	776.6829	832.947	918.8425	968.5118	1037.427	1104.42	1193.56
423.8	0	0	0	0	0.352947	5.781259	97.82121	398.2891	562.4103	654.3618	719.4824	774.3641	831.8364	917.8007	964.5412	1035.907	1104.957	1190.161
424.45	0	0	0	0	0.352947	5.712434	99.16122	397.7561	562.2126	653.4911	716.2741	774.1064	831.9753	914.2289	964.8589	1034.557	1103.526	1188.273
425.1	0	0	0	0	0.352947	5.850083	98.37299	397.7561	561.7185	653.6	719.1259	774.7505	831.0035	913.6337	963.5883	1035.569	1103.347	1187.14
425.75	0	0	0	0	0.352947	5.987732	97.90003	396.6014	560.829	655.7765	717.2247	775.7812	830.7258	914.5266	963.7471	1035.907	1100.307	1187.517
426.4	0	0	0	0	0.352947	5.987732	97.66356	396.6902	560.5326	652.947	716.7494	774.3641	829.3376	916.0148	962.7941	1035.063	1104.957	1186.007
427.05	0	0	0	0	0.352947	5.987732	98.45181	396.2461	558.9514	651.3146	716.2741	772.8182	828.5046	914.3777	962.6353	1034.388	1101.917	1186.384
427.7	0	0	0	0	0.352947	6.125381	98.68828	395.8908	559.8408	651.4235	715.4423	775.3947	828.7823	915.866	960.4118	1034.388	1102.632	1187.328
428.35	0	0	0	0	0.352947	6.194205	98.21533	396.2461	560.2361	649.9	715.7988	775.3947	828.3658	914.9731	961.8412	1036.076	1101.38	1185.818
429	0	0	0	0	0.352947	6.26303	98.13651	395.5355	558.5561	651.097	715.7988	773.4623	829.4764	917.3542	961.8412	1034.894	1098.698	1186.196
429.65	0	0	0	0	0.4117715	6.194205	98.45181	394.292	560.4338	649.7911	713.7788	773.9776	828.227	914.8242	962.6353	1032.193	1098.698	1186.762
430.3	0	0	0	0	0.4117715	6.26303	99.00358	393.759	560.5326	648.9205	714.7294	772.5605	826.4223	915.5684	960.5706	1030.505	1095.121	1184.119
430.95	0	0	0	0	0.4117715	6.194205	99.24005	393.1373	557.2714	649.247	712.4717	772.1741	825.7281	911.8477	958.8235	1030.674	1100.486	1183.363
431.6	0	0	0	0	0.4117715	6.26303	98.76711	394.3808	558.2596	651.3146	713.0659	771.2723	825.867	911.5501	956.6	1028.985	1097.982	1184.685
432.25	0	0	0	0	0.4117715	6.056557	97.74239	396.4238	555.4926	650.8794	714.3729	768.6958	826.1447	912.7407	958.5059	1027.972	1096.015	1182.797
432.9	0	0	0	0	0.4117715	5.987732	97.34827	396.7791	556.0855	649.9	711.9965	767.4076	824.0623	910.0618	959.1412	1027.128	1097.625	1179.964
433.55	0	0	0	0	0.4117715	6.125381	97.42709	395.4467	556.8761	648.7029	710.927	768.6958	822.1187	906.1924	956.7589	1028.648	1095.837	1177.321
434.2	0	0	0	0	0.4117715	6.056557	98.21533	395.6244	555.9867	649.4647	709.8576	769.34	821.5634	906.1924	957.2353	1029.661	1097.267	1182.797
434.85	0	0	0	0	0.4117715	6.056557	98.37299	395.4467	555.5914	648.5941	709.2635	767.6652	822.8129	903.96	956.6	1028.31	1098.34	1178.643
435.5	0	0	0	0	0.4117715	6.194205	97.34827	395.5355	554.5043	648.8117	709.1447	765.3464	824.0623	907.0854	954.5353	1025.947	1097.625	1177.321
436.15	0	0	0	0	0.4117715	6.26303	97.90003	394.3808	553.9114	649.6823	709.0258	767.0211	823.0905	907.383	956.2823	1026.622	1093.154	1174.866
436.8	0	0	0	0	0.4117715	6.194205	97.50591	394.3808	554.0102	649.6823	709.6199	765.8617	822.674	905.8948	955.0118	1026.115	1091.902	1174.677
437.45	0	0	0	0	0.4117715	6.331854	98.05769	394.8249	552.9231	647.9411	708.907	766.2482	819.2034	903.8112	954.5353	1026.284	1089.578	1173.355
438.1	0	0	0	0	0.4117715	6.331854	97.90003	395.1802	554.0102	648.0499	710.0952	766.7634	821.4246	903.96	957.0765	1026.284	1085.822	1173.922
438.75	0	0	0	0	0.4117715	6.469503	97.42709	396.3349	554.8996	648.5941	707.0058	767.9229	822.3964	905.1506	955.3294	1023.921	1088.147	1172.6
439.4	0	0	0	0	0.4117715	6.331854	96.95414	396.4238	552.9231	650.5529	708.0753	767.4076	821.4246	905.8948	954.8529	1024.089	1088.147	1169.579
440.05	0	0	0	0	0.4117715	6.26303	96.56002	396.7791	554.702	646.6352	707.0058	765.9905	820.7305	902.323	952.6294	1023.245	1090.293	1170.523
440.7	0	0	0	0	0.470596	6.194205	97.03297	396.7791	553.2196	646.0911	704.9858	763.5428	819.6199	901.4301	950.7235	1020.713	1088.505	1169.013
441.35	0	0	0	0	0.470596	6.125381	96.87532	395.3579	553.9114	645.3293	704.3917	761.8681	817.5375	903.2159	946.9117	1020.713	1084.928	1168.635
442	0	0	0	0	0.4117715	6.469503	97.74239	395.1802	553.0219	646.1999	703.3223	763.414	815.1775	902.1741	949.1353	1020.038	1084.928	1170.334
442.65	0	0	0	0	0.4117715	6.538328	97.90003	395.8908	554.9984	646.5264	706.174	766.377	816.8434	901.8765	953.1058	1022.401	1083.319	1169.013
443.3	0	0	0	0	0.352947	6.331854	98.05769	394.1143	555.3937	642.2822	704.5105	765.8617	816.1493	899.3465	952.947	1018.349	1083.319	1167.691
443.95	0	0	0	0	0.352947	6.607152	98.84593	394.6473	557.6667	642.2822	704.2728	764.3158	817.5375	899.0488	954.2177	1019.531	1079.385	1167.691
444.6	0	0	0	0	0.352947	6.607152	98.76711	392.782	555.5914	643.9146	701.0646	761.224	816.5657	899.0488	950.8823	1015.648	1080.279	1167.88
445.25	0	0	0	0	0.352947	6.607152	98.05769	392.9596	557.1725	642.9352	701.0646	761.224	815.594	897.7094	948.8176	1018.181	1080.636	1165.614
445.9	0	0	0	0	0.352947	6.813626	98.76711	393.5814	556.7773	641.6293	699.9952	762.7699	817.5375	895.1794	946.5941	1017.505	1082.067	1166.747
446.55	0	0	0	0	0.352947	6.744802	99.08241	393.4926	556.7773	641.194	700.114	761.6105	815.3163	897.2629	950.247	1019.194	1080.994	1165.614
447.2	0	0	0	0	0.352947	6.813626	97.82121	394.3808	558.4573	640.541	700.5893	764.187	814.2057	893.84	949.6117	1016.999	1083.677	1165.991
447.85	0	0	0	0	0.352947	6.675977	97.58474	394.7361	557.4691	640.7587	700.4705	762.8987	813.0952	894.8818	948.0235	1018.518	1079.564	1167.88
448.5	0	0	0	0	0.352947	6.744802	96.79649	394.4696	556.2831	641.7381	699.7575	761.4816	812.6786	895.0306	945.6411	1016.492	1076.524	1163.537
449.15	0	0	0	0	0.2941225	6.675977	95.92942	395.5355	557.1725	642.1734	701.8964	759.9357	812.1234	893.2447	943.7352	1016.83	1074.378	1164.481
449.8	0	0	0	0	0.2941225	6.813626	96.71767	395.0914	555.9867	640.3234	700.9457	758.6475	810.3187	892.6494	942.7823	1017.505	1072.232	1160.515
450.45	0	0	0	0	0.235298	6.744802	96.71767	394.1143	555.789	639.7793	701.5399	758.261	810.4575	895.7747	944.6882	1016.83	1077.06	1159.76
451.1	0	0	0	0	0.235298	6.675977	96.95414	392.6931	554.6031	637.0587	698.5693	756.9728	809.4857	893.6912	944.847	1015.817	1074.02	1159.949
451.75	0	0	0	0	0.235298	6.538328	97.19061	391.8937	552.6266	639.6705	696.1927	759.1628	811.2904	890.417	943.2587	1015.479	1075.808	1158.816
452.4	0	0	0	0	0.235298	6.607152	96.71767	392.0714	549.8596	638.691	695.4799	755.6846	810.041	889.524	943.0999	1014.298	1074.735	1160.138
453.05	0	0	0	0	0.235298	6.607152	96.87532	392.6931	549.3654	635.2086	695.9551	757.2305	809.4857	887.887	941.9882	1014.804	1076.881	1158.061
453.7	0	0	0	0	0.235298	6.400679	96.48119	392.5155	549.8596	635.2086	694.2916	756.1998	807.2645	887.4406	941.0352	1013.453	1073.126	1158.627
454.35	0	0	0	0	0.235298	6.26303	96.32355	391.8937	548.3772	636.188	695.1234	755.9422	804.3492	890.1194	937.2234	1014.466	1070.443	1158.061
455	0	0	0	0	0.235298	6.194205	96.24472	391.6273	547.5866	634.338	693.341	756.1998	802.8221	890.1194	936.5881	1009.739	1071.159	1156.739
455.65	0	0	0	0	0.235298	6.194205	96.56002	391.0943	547.7842	634.0116	696.7869	755.4269	803.6551	889.0776	939.2881	1009.233	1067.403	1156.55
456.3	0	0	0	0	0.235298	6.056557	96.48119	391.2719	549.069	631.9439	695.1234	757.2305	804.0715	889.524	940.3999	1005.519	1067.582	1152.207
456.95	0	0	0	0	0.235298	5.987732	96.63885	392.6931	546.3019	633.0322	694.4104	756.7151	805.0433	890.8635	938.0175	1004.168	1068.476	1152.774
457.6	0	0	0	0	0.235298	6.056557	96.63885	392.3378	546.796	631.9439	693.6974	756.071	805.321	887.887	938.3352	1003.999	1068.834	1152.962
458.25	0	0	0	0	0.1764735	6.125381	96.08707	393.0484	548.5748	632.7057	693.6974	755.2981	803.7939	885.5058	940.0823	1006.701	1067.582	1156.55
458.9	0	0	0	0	0.1764735	6.26303	96.40237	393.1373	548.476	634.5557	696.074	753.4945	799.6292	886.6964	935.4763	1006.025	1070.265	1152.585
459.55	0	0	0	0	0.1764735	6.194205	95.61413	394.0255	546.2031	633.7939	696.3116	752.2063	797.8245	883.7199	935.3175	1002.986	1065.973	1149.375
460.2	0	0	0	0	0.1764735	6.194205	96.56002	393.759	545.4125	632.9233	694.2916	750.918	796.575	887.887	935.9528	1002.818	1065.258	1150.697
460.85	0	0	0	0	0.1764735	6.125381	96.32355	394.2032	546.6971	630.7468	692.2715	751.8198	795.0479	887.1429	933.5704	1002.649	1065.794	1151.263
461.5	0	0	0	0	0.1764735	6.26303	95.29883	394.292	546.1042	631.0733	694.2916	751.9486	796.1586	886.1011	929.1234	1001.636	1066.867	1151.641
462.15	0	0	0	0	0.1764735	6.194205	94.9047	394.3808	547.6854	631.0733	691.321	751.3045	795.7421	884.1664	928.3292	999.7787	1065.258	1150.508
462.8	0	0	0	0	0.1764735	6.26303	95.37766	395.269	546.1042	628.6791	692.3904	748.3416	793.7985	883.2734	927.3763	1001.805	1069.013	1148.808
463.45	0	0	0	0	0.1764735	6.125381	95.77177	394.9138	542.843	628.1351	690.4892	749.1145	795.0479	882.2317	928.0116	1002.818	1064.9	1149.375
464.1	0	0	0	0	0.1764735	6.056557	96.32355	392.6931	543.3372	629.3321	689.1821	749.2433	798.6574	881.3387	931.188	1002.649	1065.258	1149.375
464.75	0	0	0	0	0.1764735	6.125381	97.42709	392.6931	542.7442	629.7674	689.7762	747.4398	797.9633	881.6364	930.394	1001.973	1063.291	1145.598
465.4	0	0	0	0	0.235298	6.056557	97.50591	392.6043	544.0289	629.3321	688.588	745.5074	796.0197	882.3805	931.3469	995.8958	1064.9	1146.354
466.05	0	0	0	0	0.1764735	6.125381	97.50591	391.6273	541.5583	630.2027	690.3704	748.0839	795.4644	882.6782	929.1234	993.8699	1065.436	1144.843
466.7	0	0	0	0	0.1764735	6.125381	96.63885	392.8708	541.9536	630.2027	684.7856	748.2127	795.1868	882.6782	929.7587	994.2075	1061.323	1146.92
467.35	0	0	0	0	0.1764735	6.26303	97.11179	392.8708	542.1512	626.7203	684.6668	747.5686	796.2974	880.7434	927.2175	995.5581	1060.608	1145.409
468	0	0	0	0	0.1764735	6.331854	96.48119	393.1373	541.0641	627.0468	684.3103	747.9551	795.4644	881.0411	928.0116	995.5581	1058.462	1142.199
468.65	0	0	0	0.0488245	0.1764735	6.331854	96.40237	391.7161	541.9536	623.8909	683.3597	745.7651	792.4103	880.7434	926.5822	993.8699	1058.999	1140.122
469.3	0	0	0	0.0488245	0.1764735	6.056557	96.40237	392.0714	540.6689	624.3262	684.0727	745.2498	791.1608	879.8505	928.0116	991.1687	1058.462	1140.5
469.95	0	0	0	0.0488245	0.1764735	6.056557	96.56002	390.8278	540.1747	622.4762	681.5774	743.1886	790.4667	880.5946	923.5645	993.8699	1059.177	1136.157
470.6	0	0	0	0.0488245	0.1764735	5.987732	96.24472	389.8508	539.0877	623.0203	683.4786	744.348	791.2997	876.1299	923.2468	991.3375	1059.714	1136.535
471.25	0	0	0	0.0488245	0.117649	5.987732	96.56002	389.229	538.5936	623.5644	681.815	744.0903	793.5209	874.6416	924.3586	990.6622	1057.21	1140.311
471.9	0	0	0	0.0488245	0.117649	5.850083	96.95414	387.186	536.0241	621.6056	683.1221	743.0598	790.1891	875.6834	923.4057	988.6363	1056.495	1140.311
472.55	0	0	0	0.0488245	0.117649	5.918908	96.48119	387.9854	537.7042	621.7144	684.3103	742.6733	790.4667	873.7487	925.3116	989.1428	1053.276	1138.423
473.2	0	0	0	0.0488245	0.1764735	5.712434	96.71767	389.229	538.2971	622.3674	684.6668	743.7039	789.4949	874.344	927.0587	987.6234	1052.919	1137.479
473.85	0	0	0	0.0488245	0.1764735	5.437136	95.92942	388.1631	537.1112	621.9321	685.2609	742.0292	790.0502	874.0463	927.3763	988.1298	1053.813	1137.29
474.5	0	0	0	0.0488245	0.117649	5.230662	94.82588	387.3637	537.4077	622.585	684.0727	741.385	790.1891	872.2604	923.7233	989.3116	1052.025	1136.912
475.15	0	0	0	0.0488245	0.117649	5.368311	94.74706	387.0972	537.3088	623.782	683.5974	739.0662	788.9396	870.6234	922.9292	986.9481	1052.919	1135.779
475.8	0	0	0	0.0488245	0.117649	5.299487	94.74706	388.3407	537.0124	623.2379	682.528	739.7103	789.0785	870.4745	923.5645	985.4286	1052.025	1136.346
476.45	0	0	0	0.0488245	0.05882451	5.50596	95.37766	387.719	534.1464	622.2585	681.4586	739.4526	787.4126	871.2186	925.3116	986.7792	1051.309	1135.968
477.1	0	0	0	0.0488245	0.05882451	5.368311	95.92942	388.696	533.7512	621.4968	679.795	741.385	786.0244	870.921	924.9939	986.2728	1050.415	1135.024
477.75	0	0	0	0.0488245	0.1764735	5.50596	95.77177	387.719	533.85	618.7761	678.3691	739.3239	787.5514	872.8557	921.4998	986.1039	1048.09	1132.381
478.4	0	0	0	0.0488245	0.1764735	5.64361	96.00825	386.5642	533.5535	619.9732	680.2703	736.8762	784.7749	871.9628	920.7057	984.2469	1046.481	1129.548
479.05	0	0	0	0.0488245	0.1764735	5.64361	96.48119	386.0313	533.4547	619.7556	682.2903	737.005	783.5255	871.5163	919.7527	981.208	1048.09	1130.303
479.7	0	0	0	0.0488245	0.1764735	5.712434	96.16589	385.9425	532.6641	619.4291	682.6468	737.005	783.942	866.9028	919.4351	980.7015	1047.733	1129.548
480.35	0	0	0	0.0488245	0.1764735	5.50596	96.79649	385.4095	531.3794	619.9732	681.6962	736.1032	781.0267	867.3492	919.7527	981.0392	1045.229	1130.87
481	0	0	0	0.0488245	0.1764735	5.50596	96.48119	386.0313	532.2688	619.4291	679.5574	736.2321	780.749	866.0098	918.9586	980.3639	1048.269	1130.87
481.65	0	0	0	0	0.1764735	5.230662	97.26944	385.8536	531.3794	620.9526	679.3197	738.9374	780.749	867.498	917.0527	982.2209	1044.156	1129.548
482.3	0	0	0	0	0.1764735	5.024189	96.95414	384.9654	530.4899	621.6056	676.5867	736.1032	776.5843	866.7539	917.5292	982.3898	1042.547	1128.226
482.95	0	0	0	0	0.1764735	5.024189	96.40237	385.5872	532.17	622.2585	677.775	737.005	777.0007	867.2004	916.735	983.9092	1043.799	1127.66
483.6	0	0	0	0	0.117649	5.024189	96.40237	385.9425	530.4899	620.6262	679.5574	735.588	778.9443	867.7957	917.688	979.1821	1043.083	1125.961
484.25	0	0	0	0	0.117649	4.955364	96.32355	384.3436	531.2805	622.0409	676.2303	731.9808	778.6666	864.968	915.4645	979.351	1041.474	1122.373
484.9	0	0	0	0	0.1764735	5.093013	97.19061	384.9654	530.7864	621.2791	676.3491	736.3609	779.2219	866.6051	914.1938	976.6498	1038.076	1124.072
485.55	0	0	0	0	0.1764735	5.093013	96.87532	385.2319	529.4029	617.4702	674.2103	736.8762	781.1655	865.1168	915.6233	975.468	1040.401	1125.205
486.2	0	0	0	0	0.1764735	5.024189	97.42709	385.4095	527.9205	618.0143	673.2596	734.2997	780.749	867.0516	916.0997	974.7927	1039.149	1126.905
486.85	0	0	0	0	0.1764735	5.161838	97.19061	384.0771	526.8334	618.1232	674.4479	733.5267	776.5843	863.6286	914.035	975.468	1039.507	1120.673
487.5	0	0	0	0	0.1764735	5.161838	97.11179	384.6101	526.0428	617.9055	674.6855	734.6862	775.4737	864.3727	911.6526	978.338	1038.434	1118.974
488.15	0	0	0	0	0.1764735	5.093013	97.42709	384.8766	526.7346	616.0555	674.329	735.588	777.556	863.4798	909.4291	979.5198	1037.361	1119.729
488.8	0	0	0	0	0.1764735	5.093013	97.90003	384.166	526.2405	615.7291	673.8538	736.1032	775.3348	859.908	907.9997	979.8574	1033.963	1120.862
489.45	0	0	0	0	0.1764735	5.093013	97.66356	384.3436	525.0546	613.5526	672.0714	734.815	775.0572	861.545	905.2997	974.2862	1035.394	1120.107
490.1	0	0	0	0	0.1764735	5.161838	97.03297	385.1431	523.5722	613.1172	671.9526	731.5944	776.5843	859.908	904.9821	975.2992	1036.109	1120.862
490.75	0	0	0	0	0.1764735	5.024189	97.11179	385.3207	526.537	614.532	670.2891	729.2755	773.1136	858.1221	907.0468	974.7927	1034.142	1119.352
491.4	0	0	0	0	0.1764735	4.88654	96.71767	385.676	528.0193	615.2938	671.5961	726.4414	774.9184	857.2291	904.0291	975.468	1032.354	1119.541
492.05	0	0	0	0	0.1764735	4.817715	97.26944	384.6101	527.8217	614.0967	669.4573	725.7972	773.5302	854.2527	907.5233	972.0915	1035.215	1119.541
492.7	0	0	0	0	0.1764735	4.88654	96.63885	384.166	527.7228	615.6202	668.6255	724.3802	775.0572	851.1273	907.0468	972.7668	1031.817	1119.918
493.35	0	0	0	0	0.1764735	4.955364	95.37766	383.1889	527.5252	615.2938	670.6455	725.282	773.5302	850.532	906.2526	973.4421	1030.923	1115.953
494	0	0	0	0	0.1764735	5.093013	94.98353	381.8565	525.944	615.0761	669.9326	725.6685	769.9207	853.6573	906.8879	971.0786	1032.712	1114.631
494.65	0	0	0	0	0.1764735	5.024189	96.40237	381.3236	526.1417	614.3143	667.7937	725.282	768.2548	851.1273	907.6821	972.9356	1034.142	1114.065
495.3	0	0	0	0	0.1764735	5.161838	96.00825	381.146	525.3511	610.0702	665.8925	726.8279	771.4478	850.8297	904.5056	971.585	1030.029	1112.554
495.95	0	0	0	0	0.1764735	5.093013	95.8506	380.3465	523.7699	610.5055	665.7737	727.3431	770.476	854.6992	902.5997	969.8968	1026.989	1110.477
496.6	0	0	0	0	0.235298	4.817715	95.29883	381.3236	523.2758	609.7437	665.6549	726.8279	771.7254	854.1038	901.1702	968.715	1029.672	1109.722
497.25	0	0	0	0	0.235298	4.680067	94.19528	381.7677	524.7581	608.2202	667.1996	726.3126	771.8643	852.0203	902.282	968.3774	1024.843	1109.533
497.9	0	0	0	0	0.235298	4.748891	94.51058	384.166	527.0311	608.8731	665.7737	725.9261	769.0878	849.6391	899.1055	967.5333	1024.128	1110.288
498.55	0	0	0	0	0.1764735	4.817715	94.35294	382.5671	526.537	609.3084	665.4172	726.0549	767.0054	850.0856	898.3114	967.5333	1024.307	1114.253
499.2	0	0	0	0	0.1764735	4.680067	94.66823	381.4124	527.5252	608.1113	663.1595	725.6685	769.3654	850.0856	897.1996	966.1826	1025.38	1111.232
499.85	0	0	0	0	0.1764735	4.748891	95.22	381.5013	526.8334	607.7849	661.1395	722.5767	766.0336	849.7879	898.1526	965.3385	1025.737	1112.176
500.5	0	0	0	0	0.1764735	4.611242	94.74706	381.5901	526.537	607.1319	662.9219	721.9326	768.3936	848.7462	898.629	963.8191	1024.486	1110.855
501.15	0	0	0	0	0.1764735	4.611242	94.19528	382.3007	526.7346	607.5672	662.4466	719.4849	767.5607	847.4067	898.1526	962.2997	1025.737	1107.456
501.8	0	0	0	0	0.1764735	4.611242	94.03764	383.0113	526.9323	607.3495	661.7336	718.7119	767.5607	849.4903	897.6761	961.4556	1025.916	1105.001
502.45	0	0	0	0	0.1764735	4.680067	94.35294	384.6989	524.9557	607.2407	664.229	721.1596	765.3395	850.3832	896.882	960.4426	1025.38	1106.134
503.1	0	0	0	0	0.1764735	4.748891	93.64351	381.7677	525.944	607.0231	660.5454	718.0678	766.5889	849.4903	897.9938	958.4167	1020.909	1104.246
503.75	0	0	0	0	0.1764735	4.680067	93.80116	382.8336	525.3511	608.6555	658.7631	720.0002	764.7842	847.8532	897.6761	958.7544	1016.617	1101.413
504.4	0	0	0	0	0.1764735	4.817715	93.56469	382.656	524.3629	605.0643	660.4266	722.5767	762.7018	847.7044	894.8173	956.3908	1019.657	1100.658
505.05	0	0	0	0	0.1764735	4.817715	93.72234	381.5901	524.7581	604.8466	659.0007	721.0308	761.0359	846.5138	894.0231	954.3649	1022.34	1102.169
505.7	0	0	0	0	0.1764735	4.817715	93.95881	381.6789	524.1652	602.7789	659.0007	722.319	762.563	844.4302	893.7055	955.3779	1021.267	1100.658
506.35	0	0	0	0	0.1764735	4.817715	93.32822	381.146	525.0546	602.2348	659.9513	723.3496	763.1183	845.1744	893.229	956.7285	1016.796	1098.959
507	0	0	0	0	0.1764735	4.88654	92.6188	382.0342	524.3629	602.2348	658.6442	720.2578	763.5348	845.0255	894.6584	953.5208	1018.584	1101.602
507.65	0	0	0	0	0.1764735	4.817715	92.53997	381.3236	525.2523	601.473	654.6042	718.0678	764.6454	841.9002	893.0702	953.5208	1019.121	1100.469
508.3	0	0	0	0	0.1764735	4.88654	92.69762	380.4354	524.264	602.126	656.5054	719.0984	763.8124	840.8585	893.0702	955.5467	1019.121	1099.525
508.95	0	0	0	0	0.1764735	4.88654	92.46114	378.7477	523.3746	603.4319	657.6937	718.8408	761.4524	840.1143	892.1172	955.7155	1016.617	1096.315
509.6	0	0	0	0	0.117649	4.955364	93.24939	378.3924	522.1887	601.2554	658.5254	717.0372	760.8971	837.882	888.4643	952.8455	1013.935	1094.616
510.25	0	0	0	0	0.117649	4.955364	93.80116	377.5042	520.2122	599.9495	658.0501	717.0372	760.3418	837.1378	888.1466	953.1832	1019.3	1091.972
510.9	0	0	0	0	0.117649	4.88654	93.95881	377.06	518.4333	600.9289	655.9113	716.0066	763.1183	837.1378	888.7819	950.6508	1016.438	1093.294
511.55	0	0	0	0	0.117649	4.955364	93.32822	376.8824	518.4333	601.1465	654.0101	714.976	761.3136	837.1378	887.5114	952.1702	1015.366	1090.839
512.2	0	0	0	0	0.117649	4.955364	93.17056	375.55	515.3698	601.0377	652.9407	715.3625	759.2312	836.0961	889.7349	952.8455	1016.081	1089.895
512.85	0	0	0	0	0.117649	4.955364	94.03764	376.5271	516.2592	599.2966	650.3265	716.2642	757.5653	837.5843	885.9231	949.6378	1015.902	1089.517
513.5	0	0	0	0	0.117649	5.024189	93.40704	376.2606	517.4451	598.6436	651.2771	714.7184	759.5089	837.2867	885.9231	949.469	1012.862	1086.119
514.15	0	0	0	0	0.117649	5.093013	93.64351	375.7277	517.0498	598.5348	649.7324	713.3013	759.6477	836.0961	886.0819	949.6378	1014.65	1084.986
514.8	0	0	0	0	0.117649	5.024189	92.53997	376.1718	517.0498	597.773	649.8512	711.7554	759.0924	834.0125	885.6055	948.2872	1014.114	1086.119
515.45	0	0	0	0	0.117649	4.955364	92.14584	375.9941	517.0498	597.9907	649.7324	712.786	757.5653	832.9708	882.9054	947.7808	1009.107	1087.063
516.1	0	0	0	0	0.117649	4.817715	91.90937	375.8165	518.0381	596.0318	650.3265	712.1418	756.4547	832.822	881.7936	949.469	1009.643	1085.552
516.75	0	0	0	0	0.117649	4.817715	90.88465	375.7277	516.6545	595.4877	649.0195	711.8842	755.483	834.3102	882.429	947.6119	1010.895	1088.196
517.4	0	0	0	0	0.117649	4.88654	91.27878	374.5729	517.9392	594.726	646.5241	711.2401	756.3159	835.6496	880.0466	947.7808	1010.895	1085.174
518.05	0	0	0	0	0.117649	4.955364	90.80583	373.6847	518.8287	595.0524	647.7124	712.9148	753.6782	834.0125	879.8878	947.9496	1007.497	1085.363
518.7	0	0	0	0	0.117649	4.817715	90.80583	373.3294	516.951	594.1818	645.0983	709.4365	751.457	835.9473	880.6819	946.0925	1005.888	1084.23
519.35	0	0	0	0	0.117649	4.955364	91.6729	373.507	518.4333	593.8553	645.0983	709.05	749.7911	834.7567	880.6819	941.5342	1006.424	1082.342
520	0	0	0	0	0.117649	4.542418	91.59408	373.4182	518.631	592.3318	645.3359	709.05	749.7911	834.6078	879.4113	943.8978	1005.173	1082.153
520.65	0	0	0	0	0.117649	4.611242	91.0423	372.2635	517.7416	593.9642	645.0983	709.6942	752.0123	834.3102	879.5701	942.8849	1004.457	1081.398
521.3	0	0	0	0	0.117649	4.817715	91.12113	372.1747	518.4333	592.5494	645.217	709.4365	752.7065	831.036	878.4583	938.6642	1004.457	1081.964
521.95	0	0	0	0	0.117649	4.680067	90.72701	370.7535	518.7299	591.57	645.217	707.633	750.7629	831.3337	879.2524	941.1966	1004.994	1078.188
522.6	0	0	0	0	0.117649	4.680067	90.41171	370.487	517.7416	589.72	644.6229	707.2465	749.5135	831.3337	878.4583	941.7031	1005.53	1081.587
523.25	0	0	0	0	0.117649	4.817715	89.62347	371.7306	517.5439	589.6111	645.6924	710.0807	751.0406	828.3572	876.7112	938.3266	1002.311	1078.188
523.9	0	0	0	0	0.117649	4.748891	90.09641	371.02	517.3463	590.2641	648.7818	709.5654	750.3464	827.0178	875.4407	938.3266	1001.596	1079.51
524.55	0	0	0	0	0.117649	4.748891	90.96348	371.2864	515.6663	591.57	646.0488	709.6942	748.1252	829.9943	873.2171	937.1448	1000.344	1080.643
525.2	0	0	0	0	0.117649	4.680067	90.64818	370.9311	513.7886	591.3524	647.1183	704.2836	745.0711	829.399	871.7877	939.3395	996.2313	1081.02
525.85	0	0	0	0	0.117649	4.542418	90.80583	371.1976	514.2827	590.6994	646.8806	703.1241	743.8217	828.0596	871.1524	939.846	995.8737	1076.111
526.5	0	0	0	0	0.117649	4.542418	90.80583	372.7076	512.998	587.3259	645.8112	703.6395	747.5699	826.869	874.3289	937.6513	996.0525	1075.733
527.15	0	0	0	0	0.117649	4.542418	91.12113	372.9741	514.7769	587.217	646.0488	703.253	745.0711	827.7619	869.4053	939.846	994.4431	1074.6
527.8	0	0	0	0	0.117649	4.473593	90.80583	372.9741	515.0733	586.5641	646.8806	701.063	743.9605	826.4225	872.2642	934.9501	996.2313	1075.922
528.45	0	0	0	0	0.117649	4.542418	90.41171	373.1517	515.6663	588.1965	645.5735	698.8729	742.7111	826.869	871.7877	937.1448	994.0854	1076.489
529.1	0	0	0	0	0.117649	4.404768	90.64818	372.8853	513.3933	585.2582	645.5735	700.8053	741.8782	826.7202	872.8995	934.4437	996.7678	1076.677
529.75	0	0	0	0	0.05882451	4.473593	90.49053	372.7964	514.0851	584.6052	645.3359	704.2836	741.184	825.2319	872.7407	933.2618	998.1984	1077.433
530.4	0	0	0	0	0.117649	4.542418	90.56936	371.997	512.8992	583.8434	644.2665	704.67	743.4052	825.6783	871.47	932.2489	996.2313	1078.377
531.05	0	0	0	0	0.117649	4.611242	91.43642	372.7076	514.7769	585.1494	642.7217	702.48	741.6005	824.7854	868.4524	933.9371	997.1254	1076.489
531.7	0	0	0	0	0.117649	4.611242	91.19995	372.3523	517.6428	584.2787	641.89	701.5782	742.7111	823.1483	869.8818	933.5995	995.1584	1073.845
532.35	0	0	0	0	0.117649	4.473593	91.90937	372.1747	519.4216	586.8906	640.1076	699.0018	744.7935	821.3624	867.8171	931.5736	995.6948	1076.3
533	0	0	0	0	0.117649	4.473593	92.22467	372.0858	517.2474	586.3464	642.1276	699.2594	746.8759	817.1954	868.9289	932.9242	993.3701	1073.09
533.65	0	0	0	0	0.117649	4.542418	92.38232	372.4412	515.1721	585.5847	644.7418	696.9406	742.5723	819.2789	868.6112	931.7424	991.5819	1071.579
534.3	0	0	0	0	0.117649	4.680067	93.09174	371.02	512.8992	584.0611	643.91	697.5847	739.7958	820.7672	867.1818	931.9113	991.5819	1070.446
534.95	0	0	0	0	0.117649	4.748891	92.93409	370.3982	513.8875	585.6935	642.3653	698.3577	739.9346	821.0648	866.5465	932.2489	988.363	1069.502
535.6	0	0	0	0	0.117649	4.542418	93.01292	372.1747	513.5909	584.2787	640.1076	700.29	740.4899	822.2554	867.8171	931.9113	987.2901	1073.09
536.25	0	0	0	0	0.117649	4.680067	92.38232	372.6188	513.2945	581.5582	638.6817	698.6153	739.5181	823.7437	863.8465	929.3789	987.1113	1071.201
536.9	0	0	0	0	0.117649	4.473593	91.59408	371.6417	512.4051	582.7552	639.5135	699.2594	738.4075	819.5765	862.4171	930.223	985.8595	1067.991
537.55	0	0	0	0	0.117649	4.542418	91.59408	370.8423	511.1203	580.5787	640.2264	700.4188	737.4358	817.9395	861.9406	929.0413	984.9654	1065.725
538.2	0	0	0	0	0.117649	4.680067	91.83055	371.2864	510.4286	582.2111	639.9888	697.327	737.8522	819.4277	861.6229	928.7036	985.8595	1062.516
538.85	0	0	0	0	0.117649	4.473593	92.14584	372.53	511.318	582.2111	640.4641	696.4253	740.0734	817.7906	861.4641	929.5477	984.4289	1066.858
539.5	0	0	0	0	0.117649	4.542418	91.9882	370.9311	509.638	581.9935	641.4147	697.9712	740.4899	816.4512	862.2582	927.5219	988.8995	1063.837
540.15	0	0	0	0	0.117649	4.611242	92.46114	370.1317	508.8474	582.2111	643.3159	695.91	738.4075	817.3442	863.0524	925.6647	987.4689	1063.082
540.8	0	0	0	0	0.117649	4.611242	92.46114	370.0429	508.8474	580.1434	643.3159	695.2659	738.9628	815.5583	864.3229	927.0154	987.4689	1061.949
541.45	0	0	0	0	0.117649	4.748891	92.6188	372.7076	509.638	578.9464	639.9888	693.2047	738.824	815.2606	861.6229	925.1583	983.7136	1064.97
542.1	0	0	0	0	0.117649	4.611242	91.9882	371.5529	508.7486	579.0552	638.3253	691.0146	738.4075	812.7307	859.5582	924.3141	981.0313	1066.67
542.75	0	0	0	0	0.117649	4.335944	93.01292	371.3752	509.8356	578.2934	636.8994	692.5605	737.2969	812.7307	858.7641	926.1713	981.3889	1061.194
543.4	0	0	0	0	0.117649	4.267119	93.01292	370.8423	508.5509	576.9875	638.4441	695.7811	736.6028	811.0936	859.0817	922.9636	982.283	1060.816
544.05	0	0	0	0	0.117649	4.267119	93.56469	371.997	509.638	576.8787	636.7805	693.8488	734.5204	810.9447	859.717	926.5089	980.3159	1060.25
544.7	0	0	0	0	0.117649	4.198295	93.95881	370.6647	509.2427	573.9404	637.0182	691.1435	733.4099	810.3494	857.97	923.47	980.1371	1060.816
545.35	0	0	0	0	0.117649	4.267119	93.56469	370.1317	511.0215	575.6816	636.5428	691.7876	734.3817	810.9447	857.017	921.2753	981.2101	1062.138
546	0	0	0	0	0.117649	4.198295	94.03764	371.9082	507.9579	575.7905	635.2358	691.7876	732.2993	811.2424	857.8112	921.4442	979.9583	1061.949
546.65	0	0	0	0	0.117649	4.267119	93.87999	370.487	506.1791	573.9404	634.4041	689.4688	733.5487	814.5165	857.6523	922.6259	978.17	1061.383
547.3	0	0	0	0	0.117649	4.267119	95.22	368.4441	508.4521	578.1846	635.5923	688.3093	732.7158	813.9212	857.6523	918.9118	977.0971	1060.438
547.95	0	0	0	0	0.117649	4.335944	95.45647	367.9111	506.8709	577.7493	634.6417	687.5364	731.6052	812.5818	856.2229	916.0417	978.17	1057.228
548.6	0	0	0	0	0.117649	4.267119	95.45647	368.977	505.3885	575.0287	632.7405	687.5364	729.6616	810.3494	854.9523	918.4053	976.203	1057.04
549.25	0	0	0	0	0.117649	4.12947	94.74706	367.9111	505.5862	574.4846	633.6911	686.6346	731.0499	808.1171	854.9523	919.0806	977.9912	1058.361
549.9	0	0	0	0	0.117649	4.060646	95.06236	366.2234	506.5744	575.1375	632.9781	686.2482	731.1887	806.9265	856.0641	920.6	976.9183	1053.452
550.55	0	0	0	0	-0.04235099	-1.228179	-24.98708	-85.65488	-106.7245	-109.8373	-110.7902	-110.9596	-109.562	-112.9289	-112.2725	-113.4371	-113.0983	-116.1476
551.2	0	0	0	0	-0.04235099	-1.207003	-24.47887	-83.79144	-104.1834	-107.508	-108.7997	-108.7785	-107.2962	-110.1549	-110.1761	-111.0443	-110.7902	-113.9877
551.85	0	0	0	0	-0.04235099	-1.207003	-23.94948	-82.05504	-101.6212	-105.221	-106.3857	-106.5339	-104.9246	-107.9738	-107.9103	-108.6938	-108.4397	-111.3196
552.5	0	0	0	0	-0.04235099	-1.207003	-23.5048	-80.1069	-99.33424	-102.807	-103.9505	-104.4164	-102.7435	-105.3269	-106.0257	-106.3857	-106.2586	-109.202
553.15	0	0	0	0	-0.04235099	-1.185828	-23.10246	-78.60344	-97.34375	-100.8801	-102.0024	-102.5317	-100.5836	-102.8282	-103.8234	-104.1834	-104.1199	-106.3857
553.8	0	0	0	0	-0.04235099	-1.164652	-22.5519	-76.76117	-95.54383	-98.69898	-99.65188	-100.6683	-98.5084	-100.4142	-101.3671	-102.447	-101.7271	-104.374
554.45	0	0	0	0	-0.04235099	-1.164652	-22.06487	-74.68597	-93.44746	-96.51791	-97.80961	-98.16959	-96.22145	-98.44488	-99.24954	-99.82128	-99.6307	-101.6424
555.1	0	0	0	0	-0.02117549	-1.143477	-21.599	-73.11898	-91.62637	-94.31565	-95.79794	-96.39085	-94.12508	-96.39085	-96.83553	-97.93666	-97.40727	-99.69423
555.75	0	0	0	0	-0.02117549	-1.101126	-21.15432	-71.74258	-89.55116	-92.40986	-93.63804	-94.46388	-92.13457	-94.33683	-94.78152	-95.73441	-95.26855	-97.80961
556.4	0	0	0	0	-0.02117549	-1.101126	-20.68846	-70.26029	-87.37009	-90.27113	-91.71107	-92.40986	-90.18643	-92.00752	-92.76984	-93.76509	-93.21452	-95.60736
557.05	0	0	0	0	-0.02117549	-1.07995	-20.4767	-68.88388	-85.37959	-88.23829	-89.82645	-90.60994	-88.47121	-89.82645	-90.84287	-91.49931	-91.32991	-93.97684
557.7	0	0	0	0	-0.02117549	-1.07995	-19.94732	-67.25337	-83.6432	-85.67605	-88.02653	-88.8312	-86.60777	-87.68772	-89.25471	-89.29706	-89.0853	-91.83812
558.35	0	0	0	0	-0.02117549	-1.058775	-19.4391	-65.77109	-82.18209	-83.98201	-86.31132	-86.92541	-84.38435	-85.8878	-87.41245	-87.28539	-87.24303	-89.84763
559	0	0	0	0	-0.02117549	-1.058775	-19.01559	-64.45821	-80.55158	-82.28797	-84.15141	-85.16784	-82.33032	-84.08789	-85.69723	-85.33724	-85.67605	-87.8783
559.65	0	0	0	0	-0.02117549	-1.016424	-18.76149	-63.12415	-78.53991	-80.23395	-82.47855	-83.51615	-80.25513	-82.47855	-83.81261	-83.74908	-84.00319	-85.99368
560.3	0	0	0	0	-0.02117549	-0.9952483	-18.35915	-61.76892	-77.05762	-78.58226	-80.86922	-82.2668	-78.70931	-80.78452	-81.75858	-81.86446	-82.16092	-84.23611
560.95	0	0	0	0	-0.02117549	-0.9952483	-17.97799	-60.26546	-75.21535	-77.01527	-79.17517	-80.48805	-76.84587	-79.3234	-80.02219	-80.2763	-80.12807	-82.41502
561.6	0	0	0	0	-0.02117549	-0.9740728	-17.44861	-59.22786	-73.75425	-75.46946	-77.73524	-78.79401	-75.21535	-78.01052	-78.56108	-78.53991	-78.17992	-80.99627
562.25	0	0	0	0	-0.02117549	-0.9317217	-16.91922	-58.10556	-72.16608	-73.7966	-76.18943	-77.01527	-73.52132	-76.31648	-76.97292	-76.82469	-76.27413	-79.4081
562.9	0	0	0	0	-0.02117549	-0.9105462	-16.60159	-56.94091	-70.78968	-72.14491	-74.66479	-75.49064	-72.20844	-75.0883	-75.15183	-75.55416	-74.55891	-77.8623
563.55	0	0	0	0	-0.02117549	-0.8893708	-16.17808	-55.5645	-69.41327	-70.6838	-73.20368	-73.81777	-70.74733	-73.47897	-73.60602	-73.8813	-73.09781	-76.02003
564.2	0	0	0	0	-0.02117549	-0.8893708	-15.77574	-54.59042	-68.16392	-69.32857	-71.50964	-72.52607	-69.24387	-72.03903	-72.01786	-72.39902	-71.65788	-74.24129
564.85	0	0	0	0	-0.02117549	-0.8470198	-15.52164	-53.3199	-66.97809	-67.63453	-69.87914	-71.10731	-67.76158	-70.53558	-70.57793	-70.91673	-70.13324	-72.71665
565.5	0	0	0	0	-0.02117549	-0.8470198	-15.20401	-52.34582	-65.51698	-65.89814	-68.07922	-69.4768	-66.76633	-69.15916	-69.11681	-69.54032	-68.84153	-71.34024
566.15	0	0	0	0	-0.02117549	-0.8258443	-14.8652	-51.22352	-64.33115	-64.90289	-66.7028	-68.05804	-65.34757	-67.78276	-67.59218	-68.26979	-67.18984	-69.81561
566.8	0	0	0	0	-0.02117549	-0.8258443	-14.48404	-49.80476	-63.01827	-63.44178	-65.26287	-66.5334	-64.0347	-66.40635	-66.32165	-66.68163	-65.81344	-68.31215
567.45	0	0	0	0	-0.02117549	-0.7411423	-14.16641	-48.93657	-61.47246	-62.29831	-63.99234	-65.2417	-62.48888	-64.83936	-65.02995	-65.3264	-64.64879	-66.87222
568.1	0	0	0	0	-0.02117549	-0.7199668	-13.93348	-47.89897	-60.03253	-60.98542	-62.53123	-63.82294	-61.11248	-63.69589	-63.78059	-63.90764	-63.39943	-65.38993
568.75	0	0	0	0	-0.02117549	-0.7199668	-13.72172	-46.94607	-58.88905	-59.969	-60.96425	-62.38301	-59.84195	-62.53123	-62.0442	-62.42536	-62.2136	-64.07705
569.4	0	0	0	0	-0.02117549	-0.7199668	-13.40409	-45.95082	-57.70322	-58.80435	-59.43961	-61.2607	-58.46554	-61.15483	-60.96425	-61.176	-60.85837	-62.89122
570.05	0	0	0	0	-0.02117549	-0.6987913	-13.21351	-44.87087	-56.24212	-57.59734	-58.27496	-59.90548	-57.34324	-59.8843	-59.82077	-59.86312	-59.65137	-61.68422
570.7	0	0	0	0	-0.02117549	-0.6776158	-12.98058	-43.8968	-54.88688	-56.39034	-56.6868	-58.61377	-56.30564	-58.63494	-58.46554	-58.35966	-58.48672	-60.43486
571.35	0	0	0	0	-0.02117549	-0.6564403	-12.85353	-42.98626	-53.27755	-54.99276	-55.75508	-57.51264	-54.78101	-57.32206	-57.02561	-57.04678	-57.08913	-59.33374
572	0	0	0	0	-0.02117549	-0.6564403	-12.59942	-42.26629	-52.17642	-54.10339	-54.48455	-56.26329	-53.59518	-56.32682	-55.7339	-55.7339	-56.03036	-58.25378
572.65	0	0	0	0	-0.02117549	-0.6564403	-12.45119	-41.50397	-51.16	-52.95991	-53.25637	-55.28922	-52.38817	-55.05629	-54.48455	-54.42102	-55.20451	-56.81385
573.3	0	0	0	0	-0.02117549	-0.6352648	-12.34531	-40.784	-50.03769	-51.85879	-51.81644	-54.31514	-51.3294	-53.82811	-53.15049	-53.08696	-53.93398	-55.5645
573.95	0	0	0	0	-0.02117549	-0.6140894	-11.98533	-39.95816	-49.21185	-50.92706	-50.96941	-52.98109	-50.22827	-52.83286	-51.87996	-52.07054	-52.66346	-54.46337
574.6	0	0	0	0	-0.02117549	-0.6140894	-11.79475	-39.13231	-48.2166	-49.97417	-49.82594	-51.94349	-49.36008	-51.87996	-51.05412	-51.05412	-51.62585	-53.36225
575.25	0	0	0	0	-0.02117549	-0.6140894	-11.49829	-38.28529	-47.05195	-48.80951	-48.83069	-50.84236	-48.44953	-50.73648	-49.97417	-49.76241	-50.71531	-52.4517
575.9	0	0	0	0	-0.02117549	-0.5929139	-11.18066	-37.48063	-46.1414	-47.79309	-47.68721	-49.93182	-47.20018	-49.31773	-48.59776	-48.87304	-49.69889	-51.16
576.55	0	0	0	0	-0.02117549	-0.5717384	-10.96891	-36.76066	-45.0191	-47.11547	-46.77667	-48.68246	-46.43786	-48.3013	-47.70839	-47.85662	-48.70364	-50.27062
577.2	0	0	0	0	-0.02117549	-0.5717384	-10.7995	-36.18892	-44.0662	-46.37433	-45.88729	-47.75074	-45.04028	-47.22135	-46.96725	-46.84019	-47.56016	-49.19067
577.85	0	0	0	0	-0.02117549	-0.5505629	-10.39717	-35.46895	-43.13448	-45.44261	-45.0191	-46.73432	-44.23561	-46.28963	-45.84494	-45.80259	-46.62844	-48.1319
578.5	0	0	0	0	-0.02117549	-0.5505629	-10.18541	-34.55841	-42.07571	-44.48972	-44.10855	-45.88729	-43.13448	-45.29438	-44.70147	-44.82852	-45.48496	-46.9249
579.15	0	0	0	0	-0.02117549	-0.5505629	-9.994833	-33.79609	-41.24986	-43.45211	-43.36741	-45.12498	-42.32981	-44.40501	-43.93915	-43.70622	-44.40501	-45.99318
579.8	0	0	0	0	-0.02117549	-0.5293874	-9.82543	-33.05495	-40.42402	-42.52039	-42.37217	-44.44736	-41.52515	-43.68504	-42.9439	-42.81685	-43.53682	-44.8497
580.45	0	0	0	0	-0.02117549	-0.5293874	-9.486622	-32.3138	-39.68288	-41.48279	-41.46162	-43.51564	-40.6993	-42.58392	-42.20276	-41.58867	-42.45687	-43.8968
581.1	0	0	0	0	-0.02117549	-0.5293874	-9.380744	-31.67854	-38.85703	-40.59342	-40.6146	-42.26629	-39.6617	-41.77925	-41.27104	-40.59342	-41.37691	-42.83802
581.75	0	0	0	0	-0.02117549	-0.5293874	-9.253691	-30.9374	-37.92531	-39.59818	-39.6617	-41.44044	-38.79351	-40.95341	-40.46637	-39.6617	-40.57225	-41.991
582.4	0	0	0	0	-0.02117549	-0.5082119	-8.999585	-30.25978	-37.26887	-38.72998	-38.66645	-40.5299	-37.84061	-40.14874	-39.59818	-38.89938	-39.61935	-41.22869
583.05	0	0	0	0	-0.02117549	-0.5082119	-8.766655	-29.62452	-36.57008	-37.65003	-37.94649	-39.72523	-36.97241	-39.21701	-38.85703	-38.03119	-38.92056	-40.50872
583.7	0	0	0	0	-0.02117549	-0.5082119	-8.533724	-28.84102	-35.87129	-36.90889	-37.20535	-38.75116	-36.01952	-38.05236	-38.28529	-37.35357	-37.94649	-39.64053
584.35	0	0	0	0	-0.02117549	-0.5082119	-8.279618	-28.16341	-35.21485	-36.14657	-36.40068	-37.81944	-35.21485	-37.37475	-37.35357	-36.69713	-37.18417	-38.98409
585	0	0	0	0	-0.02117549	-0.4870364	-8.173741	-27.71872	-34.389	-35.5113	-35.68071	-37.03594	-34.55841	-36.63361	-36.48538	-35.93481	-36.4642	-38.13707
585.65	0	0	0	0	-0.02117549	-0.4235099	-8.004337	-27.08346	-33.62669	-34.70663	-35.0878	-36.33715	-33.56316	-36.01952	-35.74424	-35.13015	-35.596	-37.37475
586.3	0	0	0	0	-0.02117549	-0.4235099	-7.856109	-26.59642	-32.67379	-33.85962	-34.26195	-35.63836	-32.73732	-35.3419	-34.87604	-34.53723	-34.91839	-36.63361
586.95	0	0	0	0	-0.02117549	-0.4235099	-7.644353	-26.02468	-31.8903	-33.05495	-33.66904	-34.89722	-32.0597	-34.72781	-34.15607	-33.92314	-34.19843	-35.78659
587.6	0	0	0	0	-0.02117549	-0.4235099	-7.453774	-25.43177	-31.31856	-32.27145	-32.80084	-34.05019	-31.36091	-34.2196	-33.47846	-33.0126	-33.41493	-35.00309
588.25	0	0	0	0	-0.02117549	-0.4023344	-7.263195	-24.7965	-30.47154	-31.69971	-32.2291	-33.39375	-30.95857	-33.62669	-32.82202	-32.20793	-32.92789	-34.34665
588.9	0	0	0	0	-0.02117549	-0.4023344	-7.178493	-24.30947	-29.85745	-31.27621	-31.67854	-32.61026	-30.11155	-33.182	-32.18675	-31.44561	-32.27145	-33.62669
589.55	0	0	0	0	-0.02117549	-0.4023344	-6.945562	-23.92831	-29.13748	-30.45036	-30.9374	-31.93265	-29.64569	-32.50438	-31.72089	-30.64094	-31.59384	-32.88554
590.2	0	0	0	0	-0.02117549	-0.4023344	-6.839685	-23.37775	-28.35399	-29.8998	-30.40801	-31.1068	-28.98925	-32.01735	-30.97975	-29.8151	-31.04328	-32.08088
590.85	0	0	0	0	-0.02117549	-0.3811589	-6.733807	-22.86953	-27.9093	-29.05278	-29.77275	-30.40801	-28.41751	-31.36091	-30.42919	-29.15866	-30.34448	-31.40326
591.5	0	0	0	0	-0.02117549	-0.3599834	-6.670281	-22.42485	-27.35874	-28.60809	-29.30688	-29.77275	-27.97283	-30.91622	-29.68804	-28.41751	-29.62452	-30.83152
592.15	0	0	0	0	-0.02117549	-0.3599834	-6.585579	-21.98016	-26.42702	-28.09988	-28.71397	-29.09513	-27.33756	-30.30213	-28.79867	-27.88813	-29.09513	-30.38684
592.8	0	0	0	0	-0.02117549	-0.3599834	-6.43735	-21.45078	-25.8341	-27.44344	-28.05753	-28.56574	-27.10463	-29.73039	-27.994	-27.29521	-28.52339	-29.66687
593.45	0	0	0	0	-0.02117549	-0.3599834	-6.395	-21.09079	-25.43177	-27.04111	-27.42227	-28.12106	-26.42702	-29.15866	-27.54932	-26.7023	-27.93048	-29.15866
594.1	0	0	0	0	-0.02117549	-0.3388079	-6.289122	-20.58258	-24.92356	-26.55407	-27.01993	-27.44344	-25.64352	-28.62927	-26.80818	-25.96116	-27.44344	-28.56574
594.75	0	0	0	0	-0.02117549	-0.3388079	-6.162069	-20.18025	-24.4577	-25.89763	-26.51172	-26.89288	-25.19884	-27.88813	-26.32114	-25.41059	-26.85053	-27.93048
595.4	0	0	0	0	-0.02117549	-0.2964569	-6.098542	-19.82026	-24.01301	-25.30472	-26.06703	-26.32114	-24.7118	-27.27404	-25.77058	-24.98708	-26.13056	-27.31639
596.05	0	0	0	0	-0.02117549	-0.2964569	-5.992665	-19.33323	-23.5048	-24.7118	-25.55882	-25.8341	-24.33064	-26.76583	-25.09296	-24.33064	-25.60117	-26.76583
596.7	0	0	0	0	-0.02117549	-0.2752814	-5.844437	-19.07912	-23.12364	-24.24594	-24.94473	-25.28354	-23.65303	-26.27879	-24.33064	-23.73773	-25.19884	-26.02468
597.35	0	0	0	0	-0.02117549	-0.2752814	-5.717383	-18.65561	-22.5519	-23.71655	-24.33064	-24.69063	-23.03894	-25.68587	-24.01301	-23.20834	-24.56357	-25.51647
598	0	0	0	0	-0.02117549	-0.2541059	-5.547979	-18.16857	-22.10722	-23.20834	-23.84361	-24.09771	-22.70013	-25.13531	-23.63185	-22.67896	-24.14006	-24.77533
598.65	0	0	0	0	-0.02117549	-0.2541059	-5.378576	-17.91447	-21.66253	-22.76366	-23.25069	-23.4201	-22.14957	-24.66945	-23.25069	-22.17074	-23.5895	-24.14006
599.3	0	0	0	0	-0.02117549	-0.2541059	-5.293874	-17.53331	-21.15432	-22.19192	-22.72131	-22.93306	-21.78958	-24.03419	-22.86953	-21.81076	-23.14482	-23.82243
599.95	0	0	0	0	-0.02117549	-0.2541059	-5.166821	-17.17333	-20.64611	-21.66253	-22.27662	-22.44602	-21.21785	-23.25069	-22.48837	-21.38725	-22.65778	-23.16599
600.6	0	0	0	0	-0.02117549	-0.2541059	-5.082119	-16.72864	-20.09554	-21.02727	-21.85311	-21.87429	-20.77316	-22.89071	-21.89546	-20.96374	-22.08604	-22.59425
601.25	0	0	0	0	-0.02117549	-0.2117549	-5.018592	-16.38983	-19.73556	-20.58258	-21.5143	-21.32372	-20.41318	-22.53073	-21.3449	-20.75199	-21.55665	-22.17074
601.9	0	0	0	0	-0.02117549	-0.2117549	-4.912715	-16.19925	-19.31205	-20.18025	-21.02727	-20.94256	-20.01084	-22.06487	-20.87904	-20.32847	-21.11197	-21.76841
602.55	0	0	0	0	-0.02117549	-0.1905794	-4.785662	-15.92397	-19.03677	-19.86261	-20.70963	-20.51905	-19.50263	-21.599	-20.37082	-19.98967	-20.77316	-21.36607
603.2	0	0	0	0	-0.02117549	-0.1905794	-4.70096	-15.41576	-18.57091	-19.52381	-20.37082	-20.07437	-19.22735	-21.04844	-19.92614	-19.62968	-20.392	-21.02727
603.85	0	0	0	0	-0.02117549	-0.1905794	-4.595082	-15.07695	-18.3168	-19.1003	-20.03202	-19.62968	-18.76149	-20.4767	-19.50263	-19.07912	-20.05319	-20.4767
604.5	0	0	0	0	-0.02117549	-0.1905794	-4.446854	-14.82285	-17.95682	-18.84619	-19.73556	-19.185	-18.35915	-20.28612	-18.99442	-18.59208	-19.77791	-20.07437
605.15	0	0	0	0	-0.02117549	-0.1905794	-4.362152	-14.52639	-17.57566	-18.52856	-19.37558	-18.84619	-18.10505	-20.01084	-18.67679	-18.18975	-19.31205	-19.65086
605.8	0	0	0	0	-0.02117549	-0.1905794	-4.235099	-14.44169	-17.30038	-18.0627	-18.95207	-18.48621	-17.61801	-19.65086	-18.4015	-17.91447	-19.12147	-19.33323
606.45	0	0	0	0	-0.02117549	-0.1905794	-4.108046	-14.0817	-16.98275	-17.61801	-18.63444	-18.1474	-17.32155	-19.2697	-18.12622	-17.44861	-18.82501	-18.88854
607.1	0	0	0	0	-0.02117549	-0.1905794	-4.044519	-13.86995	-16.55924	-17.23685	-18.27445	-17.89329	-17.00392	-18.76149	-17.76624	-17.0251	-18.42268	-18.52856
607.75	0	0	0	0	-0.02117549	-0.1905794	-3.980993	-13.53114	-16.32631	-16.77099	-18.04152	-17.3639	-16.49571	-18.25328	-17.46978	-16.55924	-18.16857	-18.16857
608.4	0	0	0	0	-0.02117549	-0.169404	-3.959817	-13.17116	-15.92397	-16.28395	-17.74506	-17.04627	-16.05103	-17.80859	-17.0251	-16.34748	-17.89329	-17.74506
609.05	0	0	0	0	-0.02117549	-0.1482285	-3.85394	-12.83235	-15.52164	-15.83927	-17.34273	-16.62276	-15.75457	-17.53331	-16.79217	-15.88162	-17.51213	-17.42743
609.7	0	0	0	0	-0.02117549	-0.1482285	-3.811589	-12.64177	-15.18283	-15.37341	-16.89804	-16.19925	-15.41576	-17.08862	-16.49571	-15.60634	-17.1098	-17.08862
610.35	0	0	0	0	-0.02117549	-0.1482285	-3.62101	-12.49354	-14.92872	-14.97108	-16.51689	-15.81809	-15.18283	-16.77099	-16.19925	-15.35223	-16.66511	-16.66511
611	0	0	0	0	-0.02117549	-0.1482285	-3.578659	-12.32414	-14.46286	-14.69579	-16.09338	-15.45811	-14.99225	-16.41101	-15.77574	-15.14048	-16.28395	-16.30513
611.65	0	0	0	0	-0.02117549	-0.1482285	-3.557483	-12.15473	-14.16641	-14.39934	-15.58516	-15.1193	-14.65344	-16.09338	-15.56399	-14.84402	-15.9028	-15.83927
612.3	0	0	0	0	-0.02117549	-0.1482285	-3.536308	-11.96415	-13.95465	-14.12405	-15.16165	-14.84402	-14.22993	-15.73339	-15.18283	-14.46286	-15.45811	-15.54281
612.95	0	0	0	0	-0.02117549	-0.1482285	-3.515132	-11.79475	-13.63702	-13.8276	-14.88637	-14.56874	-13.997	-15.24636	-14.80167	-14.31463	-15.26753	-15.22518
613.6	0	0	0	0	-0.02117549	-0.1482285	-3.388079	-11.45594	-13.40409	-13.57349	-14.52639	-14.31463	-13.7429	-14.82285	-14.44169	-14.06053	-15.09813	-14.99225
614.25	0	0	0	0	-0.02117549	-0.127053	-3.388079	-11.26536	-13.14998	-13.36174	-14.0817	-13.997	-13.55232	-14.58992	-14.06053	-13.7429	-14.80167	-14.61109
614.9	0	0	0	0	-0.02117549	-0.1058775	-3.303377	-10.96891	-12.76882	-13.02293	-13.70055	-13.57349	-13.23468	-14.20876	-13.8276	-13.48879	-14.42051	-14.37816
615.55	0	0	0	0	-0.02117549	-0.1058775	-3.239851	-10.7148	-12.45119	-12.8747	-13.44644	-13.31939	-13.02293	-13.9123	-13.61584	-13.12881	-14.0817	-14.10288
616.2	0	0	0	0	-0.02117549	-0.1058775	-3.176324	-10.52422	-12.17591	-12.66295	-13.17116	-13.00175	-12.72647	-13.63702	-13.31939	-12.76882	-13.84877	-13.89112
616.85	0	0	0	0	-0.02117549	-0.1058775	-3.091622	-10.24894	-11.9218	-12.38766	-12.9594	-12.68412	-12.49354	-13.44644	-13.06528	-12.55707	-13.34056	-13.70055
617.5	0	0	0	0	-0.02117549	-0.1058775	-2.985745	-10.07954	-11.81593	-12.07003	-12.7053	-12.53589	-12.28179	-13.25586	-12.8747	-12.32414	-13.10763	-13.40409
618.15	0	0	0	0	-0.02117549	-0.1058775	-2.943394	-9.783078	-11.60417	-11.64652	-12.38766	-12.28179	-11.98533	-12.79	-12.7053	-12.07003	-12.91705	-13.10763
618.8	0	0	0	0	-0.02117549	-0.1058775	-2.879867	-9.677201	-11.35007	-11.45594	-12.19708	-12.09121	-11.73122	-12.53589	-12.49354	-11.9218	-12.59942	-12.98058
619.45	0	0	0	0	-0.02117549	-0.1058775	-2.837516	-9.44427	-11.26536	-11.20184	-11.98533	-11.94298	-11.47712	-12.38766	-12.15473	-11.62535	-12.21826	-12.74765
620.1	0	0	0	0	-0.02117549	-0.1058775	-2.795165	-9.147814	-10.92656	-11.03243	-11.7524	-11.77357	-11.15949	-12.23944	-11.94298	-11.39242	-11.90063	-12.47237
620.75	0	0	0	0	-0.02117549	-0.1058775	-2.689288	-8.872532	-10.69362	-10.82068	-11.47712	-11.43477	-10.8842	-12.00651	-11.71005	-11.13831	-11.583	-12.07003
621.4	0	0	0	0	-0.02117549	-0.1058775	-2.625761	-8.74548	-10.35482	-10.52422	-11.39242	-11.20184	-10.7148	-11.81593	-11.47712	-10.90538	-11.35007	-11.7524
622.05	0	0	0	0	-0.02117549	-0.1058775	-2.58341	-8.618426	-9.931307	-10.35482	-11.07478	-11.05361	-10.41834	-11.47712	-11.30771	-10.73598	-11.13831	-11.41359
622.7	0	0	0	0	-0.02117549	-0.1058775	-2.562235	-8.512548	-9.63485	-9.952482	-10.94773	-10.67245	-10.18541	-11.07478	-10.92656	-10.56657	-10.84185	-11.07478
623.35	0	0	0	0	-0.02117549	-0.08470198	-2.562235	-8.385496	-9.380744	-9.804254	-10.75715	-10.48187	-9.910131	-10.82068	-10.75715	-10.35482	-10.60892	-10.73598
624	0	0	0	0	-0.02117549	-0.04235099	-2.498708	-8.258443	-9.105463	-9.698377	-10.50305	-10.29129	-9.698377	-10.60892	-10.50305	-10.10071	-10.35482	-10.48187
624.65	0	0	0	0	-0.02117549	-0.04235099	-2.392831	-8.025513	-8.957234	-9.465446	-10.29129	-10.01601	-9.465446	-10.20659	-10.39717	-9.931307	-10.03718	-10.27011
625.3	0	0	0	0	-0.02117549	-0.02117549	-2.35048	-7.834933	-8.830181	-9.317218	-10.05836	-9.783078	-9.317218	-9.952482	-10.12189	-9.761903	-9.719552	-10.05836
625.95	0	0	0	0	-0.02117549	-0.02117549	-2.244602	-7.729055	-8.681952	-9.126638	-9.910131	-9.592499	-9.041936	-9.698377	-9.952482	-9.507797	-9.592499	-9.740727
626.6	0	0	0	0	-0.02117549	-0.02117549	-2.1599	-7.538476	-8.491373	-8.872532	-9.719552	-9.296042	-8.893707	-9.486622	-9.867781	-9.317218	-9.296042	-9.592499
627.25	0	0	0	0	-0.02117549	-0.02117549	-2.117549	-7.411423	-8.194917	-8.639602	-9.592499	-9.126638	-8.681952	-9.401919	-9.613674	-9.084287	-9.147814	-9.401919
627.9	0	0	0	0	-0.02117549	-0.02117549	-2.096374	-7.242019	-7.940811	-8.470198	-9.401919	-8.893707	-8.491373	-9.063111	-9.274867	-8.914884	-8.936059	-9.063111
628.55	0	0	0	0	-0.02117549	-0.02117549	-2.075198	-7.178493	-7.750231	-8.321969	-9.317218	-8.660777	-8.364321	-8.851357	-9.126638	-8.660777	-8.74548	-8.914884
629.2	0	0	0	0	-0.02117549	-0.02117549	-1.990497	-7.05144	-7.665529	-8.194917	-9.105463	-8.406672	-8.173741	-8.618426	-9.020761	-8.406672	-8.533724	-8.681952
629.85	0	0	0	0	-0.02117549	-0.02117549	-1.990497	-6.945562	-7.538476	-8.025513	-8.957234	-8.194917	-8.025513	-8.5549	-8.809006	-8.237267	-8.427847	-8.5549
630.5	0	0	0	0	-0.02117549	-0.02117549	-1.92697	-6.882036	-7.347897	-7.898459	-8.74548	-8.004337	-7.877284	-8.343144	-8.618426	-8.089039	-8.279618	-8.343144
631.15	0	0	0	0	-0.02117549	-0.02117549	-1.905795	-6.670281	-7.136142	-7.856109	-8.597251	-7.813757	-7.771407	-8.237267	-8.406672	-7.877284	-8.110214	-8.173741
631.8	0	0	0	0	-0.02117549	-0.02117549	-1.905795	-6.479702	-7.072615	-7.686705	-8.364321	-7.517301	-7.665529	-8.13139	-8.152565	-7.686705	-7.919635	-7.983161
632.45	0	0	0	0	-0.02117549	-0.02117549	-1.905795	-6.373824	-6.924387	-7.644353	-8.216092	-7.347897	-7.453774	-7.834933	-7.919635	-7.580827	-7.70788	-7.813757
633.1	0	0	0	0	-0.02117549	-0.02117549	-1.821092	-6.20442	-6.839685	-7.474949	-8.046688	-7.220844	-7.199668	-7.665529	-7.813757	-7.369072	-7.411423	-7.644353
633.75	0	0	0	0	-0.02117549	-0.02117549	-1.799917	-6.035016	-6.754983	-7.326721	-7.834933	-7.05144	-7.030264	-7.602003	-7.580827	-7.263195	-7.199668	-7.432599
634.4	0	0	0	0	-0.02117549	-0.02117549	-1.757566	-5.907963	-6.543228	-7.242019	-7.623178	-6.903211	-6.86086	-7.517301	-7.411423	-7.072615	-7.114966	-7.263195
635.05	0	0	0	0	-0.02117549	-0.02117549	-1.736391	-5.78091	-6.373824	-7.030264	-7.474949	-6.754983	-6.691456	-7.28437	-7.263195	-6.86086	-6.966738	-7.178493
635.7	0	0	0	0	-0.02117549	-0.02117549	-1.69404	-5.653857	-6.225595	-6.818509	-7.263195	-6.606754	-6.522052	-7.157317	-7.05144	-6.86086	-6.797334	-6.903211
636.35	0	0	0	0	-0.02117549	-0.02117549	-1.672864	-5.590331	-6.119718	-6.776158	-6.987913	-6.479702	-6.352648	-7.009089	-6.903211	-6.712632	-6.691456	-6.818509
637	0	0	0	0	-0.02117549	-0.02117549	-1.609338	-5.547979	-6.056191	-6.649105	-6.903211	-6.331473	-6.20442	-6.839685	-6.776158	-6.670281	-6.564404	-6.691456
637.65	0	0	0	0	-0.02117549	-0.02117549	-1.609338	-5.378576	-5.865612	-6.500877	-6.733807	-6.183244	-6.035016	-6.712632	-6.606754	-6.543228	-6.43735	-6.564404
638.3	0	0	0	0	-0.02117549	-0.02117549	-1.609338	-5.315049	-5.738559	-6.373824	-6.564404	-6.077367	-5.886787	-6.458526	-6.479702	-6.352648	-6.310297	-6.458526
638.95	0	0	0	0	-0.02117549	-0.02117549	-1.524636	-5.187996	-5.675033	-6.246771	-6.416175	-5.992665	-5.717383	-6.20442	-6.373824	-6.310297	-6.20442	-6.310297
639.6	0	0	0	0	-0.02117549	-0.02117549	-1.461109	-5.103294	-5.611506	-6.035016	-6.310297	-5.907963	-5.632681	-6.140893	-6.246771	-6.225595	-6.077367	-6.225595
640.25	0	0	0	0	-0.02117549	-0.02117549	-1.439934	-4.997416	-5.442102	-5.971489	-6.225595	-5.759735	-5.505629	-6.098542	-6.119718	-6.119718	-5.907963	-6.119718
640.9	0	0	0	0	-0.02117549	-0.02117549	-1.397583	-4.93389	-5.378576	-5.78091	-6.140893	-5.653857	-5.420927	-5.950314	-5.971489	-6.056191	-5.78091	-5.929139
641.55	0	0	0	0	-0.02117549	-0.02117549	-1.334056	-4.891539	-5.272698	-5.696208	-6.035016	-5.590331	-5.293874	-5.907963	-5.844437	-6.013841	-5.675033	-5.802085
642.2	0	0	0	0	-0.02117549	-0.02117549	-1.312881	-4.828013	-5.145645	-5.632681	-5.886787	-5.484453	-5.082119	-5.78091	-5.675033	-5.865612	-5.547979	-5.653857
642.85	0	0	0	0	-0.02117549	-0.02117549	-1.291705	-4.785662	-4.976241	-5.526804	-5.717383	-5.378576	-4.955066	-5.611506	-5.590331	-5.759735	-5.420927	-5.547979
643.5	0	0	0	0	-0.02117549	-0.02117549	-1.228179	-4.743311	-4.912715	-5.399751	-5.569155	-5.315049	-4.849188	-5.484453	-5.463278	-5.675033	-5.315049	-5.420927
644.15	0	0	0	0	-0.02117549	-0.02117549	-1.207003	-4.679784	-4.806837	-5.378576	-5.420927	-5.209172	-4.764486	-5.315049	-5.251523	-5.505629	-5.187996	-5.315049
644.8	0	0	0	0	-0.02117549	-0.02117549	-1.164652	-4.658609	-4.764486	-5.251523	-5.272698	-5.082119	-4.70096	-5.251523	-5.018592	-5.442102	-5.103294	-5.230347
645.45	0	0	0	0	-0.02117549	-0.02117549	-1.164652	-4.595082	-4.679784	-5.166821	-5.230347	-4.93389	-4.51038	-5.145645	-4.955066	-5.399751	-4.849188	-5.103294
646.1	0	0	0	0	-0.02117549	-0.02117549	-1.101126	-4.383327	-4.616258	-5.060943	-5.12447	-4.870364	-4.383327	-5.082119	-4.849188	-5.272698	-4.828013	-4.976241
646.75	0	0	0	0	-0.02117549	-0.02117549	-1.07995	-4.150397	-4.489205	-4.93389	-4.997416	-4.806837	-4.298625	-4.976241	-4.658609	-5.145645	-4.785662	-4.870364
647.4	0	0	0	0	-0.02117549	-0.02117549	-1.058775	-3.980993	-4.425678	-4.806837	-4.828013	-4.722135	-4.192748	-4.806837	-4.595082	-5.018592	-4.722135	-4.764486
648.05	0	0	0	0	-0.02117549	-0.02117549	-1.058775	-3.896291	-4.27745	-4.658609	-4.70096	-4.573907	-4.044519	-4.70096	-4.489205	-4.976241	-4.637434	-4.658609
648.7	0	0	0	0	0	-0.02117549	-1.016424	-3.832765	-4.171572	-4.531556	-4.51038	-4.468029	-3.938642	-4.573907	-4.425678	-4.849188	-4.616258	-4.573907
649.35	0	0	0	0	0	-0.02117549	-1.016424	-3.705712	-4.086871	-4.340976	-4.383327	-4.404503	-3.875115	-4.468029	-4.298625	-4.637434	-4.552732	-4.468029
650	0	0	0	0	0	-0.02117549	-0.9952483	-3.663361	-3.980993	-4.108046	-4.319801	-4.319801	-3.748063	-4.383327	-4.256274	-4.425678	-4.489205	-4.383327
